metodo,dataset,alpha,seed,round,client_id,H_k,E_k,lr_k,update_norm,update_norm_per_step,cos_sim,n_samples,minibatch_updates
FedAVG,CIFAR10,1.0,42,1,3,0.1982970635096232,5,0.01,13.168425515847803,0.006894463620862724,0.7529105729897789,12251,1910
FedAVG,CIFAR10,1.0,42,1,0,0.2885255614916484,5,0.01,10.917429807901245,0.007882620799928696,0.5474696863245024,8864,1385
FedAVG,CIFAR10,1.0,42,1,2,0.24543740351994833,5,0.01,10.36373084897372,0.007564767043046511,0.5506226553213954,8785,1370
FedAVG,CIFAR10,1.0,42,1,4,0.2907194495201111,5,0.01,9.799054862844352,0.00928820366146384,0.4609031826656904,6765,1055
FedAVG,CIFAR10,1.0,42,1,1,0.3516513506571452,5,0.01,9.234654899356194,0.007103580691812457,0.49593318088860255,8337,1300
FedAVG,CIFAR10,1.0,42,2,3,0.1982970635096232,5,0.01,12.255252946990169,0.006416362799471292,0.8127474744696964,12251,1910
FedAVG,CIFAR10,1.0,42,2,1,0.3516513506571452,5,0.01,9.73995139071621,0.00749227030055093,0.61605776135297,8337,1300
FedAVG,CIFAR10,1.0,42,2,0,0.2885255614916484,5,0.01,10.354900174550883,0.007476462219892334,0.6594695771310396,8864,1385
FedAVG,CIFAR10,1.0,42,2,2,0.24543740351994833,5,0.01,9.956412508769175,0.007267454385962901,0.6306127192124729,8785,1370
FedAVG,CIFAR10,1.0,42,2,4,0.2907194495201111,5,0.01,9.056432982089715,0.008584296665487882,0.6041821317884518,6765,1055
FedAVG,CIFAR10,1.0,42,3,1,0.3516513506571452,5,0.01,9.066824826054834,0.006974480635426795,0.5452901698120468,8337,1300
FedAVG,CIFAR10,1.0,42,3,3,0.1982970635096232,5,0.01,10.712208446642654,0.005608486097718667,0.76050455353662,12251,1910
FedAVG,CIFAR10,1.0,42,3,2,0.24543740351994833,5,0.01,9.294360959601264,0.006784205080000922,0.5769431341233268,8785,1370
FedAVG,CIFAR10,1.0,42,3,0,0.2885255614916484,5,0.01,9.311983052764436,0.006723453467699954,0.5866261124744305,8864,1385
FedAVG,CIFAR10,1.0,42,3,4,0.2907194495201111,5,0.01,7.907778017135823,0.0074955241868586,0.4895092373958714,6765,1055
FedAVG,CIFAR10,1.0,42,4,4,0.2907194495201111,5,0.01,7.744649374739806,0.007340899881269959,0.404600793059791,6765,1055
FedAVG,CIFAR10,1.0,42,4,3,0.1982970635096232,5,0.01,10.29877376234861,0.005392028147826498,0.7126486198244565,12251,1910
FedAVG,CIFAR10,1.0,42,4,0,0.2885255614916484,5,0.01,8.973853384077497,0.006479316522799637,0.5113649198372634,8864,1385
FedAVG,CIFAR10,1.0,42,4,1,0.3516513506571452,5,0.01,9.026125255131726,0.00694317327317825,0.4907765406031922,8337,1300
FedAVG,CIFAR10,1.0,42,4,2,0.24543740351994833,5,0.01,9.193999373808547,0.006710948448035436,0.5160848514730558,8785,1370
FedAVG,CIFAR10,1.0,42,5,0,0.2885255614916484,5,0.01,8.985774724620153,0.006487923988895417,0.4639653507822119,8864,1385
FedAVG,CIFAR10,1.0,42,5,2,0.24543740351994833,5,0.01,9.294102712571396,0.0067840165785192676,0.47277375941287203,8785,1370
FedAVG,CIFAR10,1.0,42,5,4,0.2907194495201111,5,0.01,7.764993621001276,0.007360183527015427,0.34612627082139436,6765,1055
FedAVG,CIFAR10,1.0,42,5,3,0.1982970635096232,5,0.01,10.279067698565173,0.005381710836945117,0.683200499647749,12251,1910
FedAVG,CIFAR10,1.0,42,5,1,0.3516513506571452,5,0.01,9.177145646611034,0.007059342805085411,0.4564723589592086,8337,1300
FedAVG,CIFAR10,1.0,42,6,1,0.3516513506571452,5,0.01,9.383973341154782,0.007218441031657525,0.43303585952024387,8337,1300
FedAVG,CIFAR10,1.0,42,6,0,0.2885255614916484,5,0.01,9.086845330652238,0.0065608991557055876,0.4347977691883785,8864,1385
FedAVG,CIFAR10,1.0,42,6,4,0.2907194495201111,5,0.01,7.832714596947028,0.0074243740255422064,0.30846144031525946,6765,1055
FedAVG,CIFAR10,1.0,42,6,2,0.24543740351994833,5,0.01,9.496635160562533,0.006931850482162433,0.4508600997239766,8785,1370
FedAVG,CIFAR10,1.0,42,6,3,0.1982970635096232,5,0.01,10.451027101137088,0.005471741937768108,0.6660023479473688,12251,1910
FedAVG,CIFAR10,1.0,42,7,4,0.2907194495201111,5,0.01,7.924350223619639,0.0075112324394498945,0.30066442733008636,6765,1055
FedAVG,CIFAR10,1.0,42,7,2,0.24543740351994833,5,0.01,9.57233991268074,0.006987109425314409,0.43815045365978855,8785,1370
FedAVG,CIFAR10,1.0,42,7,1,0.3516513506571452,5,0.01,9.337643151683721,0.007182802424372093,0.41121694225852723,8337,1300
FedAVG,CIFAR10,1.0,42,7,3,0.1982970635096232,5,0.01,10.365646957353649,0.005427040291808193,0.6512171070720506,12251,1910
FedAVG,CIFAR10,1.0,42,7,0,0.2885255614916484,5,0.01,9.083673034386985,0.006558608689088076,0.4126075033597559,8864,1385
FedAVG,CIFAR10,1.0,42,8,3,0.1982970635096232,5,0.01,10.237168161630057,0.005359773906612596,0.6417905892549199,12251,1910
FedAVG,CIFAR10,1.0,42,8,4,0.2907194495201111,5,0.01,8.083986299230398,0.00766254625519469,0.2829137343588633,6765,1055
FedAVG,CIFAR10,1.0,42,8,0,0.2885255614916484,5,0.01,9.025237681812268,0.006516417098781421,0.4019315336342624,8864,1385
FedAVG,CIFAR10,1.0,42,8,2,0.24543740351994833,5,0.01,9.523262521275358,0.006951286511879823,0.42307129669008975,8785,1370
FedAVG,CIFAR10,1.0,42,8,1,0.3516513506571452,5,0.01,9.39454039224773,0.007226569532498254,0.4036889627546609,8337,1300
FedAVG,CIFAR10,1.0,42,9,4,0.2907194495201111,5,0.01,8.0327614582827,0.007613991903585497,0.2838114156634552,6765,1055
FedAVG,CIFAR10,1.0,42,9,3,0.1982970635096232,5,0.01,10.09700844602883,0.005286391856559597,0.6283691208376718,12251,1910
FedAVG,CIFAR10,1.0,42,9,0,0.2885255614916484,5,0.01,9.233507437710866,0.00666679237379846,0.40939923562536523,8864,1385
FedAVG,CIFAR10,1.0,42,9,2,0.24543740351994833,5,0.01,9.469938909137692,0.00691236416725379,0.4202481448025686,8785,1370
FedAVG,CIFAR10,1.0,42,9,1,0.3516513506571452,5,0.01,9.291569699105727,0.007147361307004405,0.39343524835856686,8337,1300
FedAVG,CIFAR10,1.0,42,10,1,0.3516513506571452,5,0.01,9.441674855231115,0.007262826811716243,0.40409095485733326,8337,1300
FedAVG,CIFAR10,1.0,42,10,4,0.2907194495201111,5,0.01,7.86594660502736,0.00745587355926764,0.27119293216344403,6765,1055
FedAVG,CIFAR10,1.0,42,10,0,0.2885255614916484,5,0.01,8.894329974439355,0.00642189889851217,0.3934544166560554,8864,1385
FedAVG,CIFAR10,1.0,42,10,2,0.24543740351994833,5,0.01,9.625263516195577,0.0070257397928434875,0.42822444275712557,8785,1370
FedAVG,CIFAR10,1.0,42,10,3,0.1982970635096232,5,0.01,9.770254516055127,0.005115316500552422,0.6152112605186891,12251,1910
FedAVG,CIFAR10,1.0,43,1,0,0.25546268622080487,5,0.01,11.292413022169873,0.008272830052871702,0.5355675829712717,8759,1365
FedAVG,CIFAR10,1.0,43,1,1,0.19748709599177042,5,0.01,11.519891414120343,0.006545392848932013,0.6307078734188886,11286,1760
FedAVG,CIFAR10,1.0,43,1,4,0.25146202246348065,5,0.01,12.775621982371309,0.0060120574034688515,0.7450168430019991,13614,2125
FedAVG,CIFAR10,1.0,43,1,3,0.3142630457878113,5,0.01,7.654123132129455,0.011092932075549934,0.32253471241259996,4440,690
FedAVG,CIFAR10,1.0,43,1,2,0.3133892814318339,5,0.01,9.564163975323812,0.008896896721231453,0.4328616916102699,6903,1075
FedAVG,CIFAR10,1.0,43,2,2,0.3133892814318339,5,0.01,8.641344997564103,0.008038460462850328,0.5735276034568105,6903,1075
FedAVG,CIFAR10,1.0,43,2,3,0.3142630457878113,5,0.01,7.300080402626118,0.010579826670472635,0.4664592063117164,4440,690
FedAVG,CIFAR10,1.0,43,2,0,0.25546268622080487,5,0.01,9.984490404024521,0.007314644984633349,0.6071651249032556,8759,1365
FedAVG,CIFAR10,1.0,43,2,1,0.19748709599177042,5,0.01,11.801821909199708,0.006705580630227107,0.7497212794465354,11286,1760
FedAVG,CIFAR10,1.0,43,2,4,0.25146202246348065,5,0.01,12.135369443263931,0.005710762090947732,0.7951854556109372,13614,2125
FedAVG,CIFAR10,1.0,43,3,1,0.19748709599177042,5,0.01,11.04740400835405,0.00627693409565571,0.7086543938424975,11286,1760
FedAVG,CIFAR10,1.0,43,3,2,0.3133892814318339,5,0.01,7.870115612229096,0.007321037778817764,0.4830767878675451,6903,1075
FedAVG,CIFAR10,1.0,43,3,4,0.25146202246348065,5,0.01,11.184147794746323,0.00526312837399827,0.7607651834319983,13614,2125
FedAVG,CIFAR10,1.0,43,3,3,0.3142630457878113,5,0.01,6.75652862785006,0.009792070475145015,0.3808177702645965,4440,690
FedAVG,CIFAR10,1.0,43,3,0,0.25546268622080487,5,0.01,9.101443833713919,0.006667724420303237,0.5619792685254487,8759,1365
FedAVG,CIFAR10,1.0,43,4,0,0.25546268622080487,5,0.01,8.813391185132089,0.006456696838924607,0.4713463437170133,8759,1365
FedAVG,CIFAR10,1.0,43,4,3,0.3142630457878113,5,0.01,6.5121590229511845,0.009437911627465484,0.2759030211147837,4440,690
FedAVG,CIFAR10,1.0,43,4,2,0.3133892814318339,5,0.01,7.831220202592095,0.007284856002411251,0.3893521175232667,6903,1075
FedAVG,CIFAR10,1.0,43,4,4,0.25146202246348065,5,0.01,10.781075871972359,0.005073447469163463,0.7219513425922968,13614,2125
FedAVG,CIFAR10,1.0,43,4,1,0.19748709599177042,5,0.01,10.541076412536166,0.005989247961668276,0.6453119246931941,11286,1760
FedAVG,CIFAR10,1.0,43,5,4,0.25146202246348065,5,0.01,10.879734854857377,0.005119875225815237,0.7055801607704728,13614,2125
FedAVG,CIFAR10,1.0,43,5,2,0.3133892814318339,5,0.01,8.024191663774737,0.007464364338395104,0.33887903607939734,6903,1075
FedAVG,CIFAR10,1.0,43,5,3,0.3142630457878113,5,0.01,6.571442266549238,0.00952382937181049,0.2253032557606706,4440,690
FedAVG,CIFAR10,1.0,43,5,0,0.25546268622080487,5,0.01,8.886272602877163,0.006510089818957628,0.4263999138694184,8759,1365
FedAVG,CIFAR10,1.0,43,5,1,0.19748709599177042,5,0.01,10.453450683275019,0.005939460615497169,0.5999772464761076,11286,1760
FedAVG,CIFAR10,1.0,43,6,2,0.3133892814318339,5,0.01,8.067570383425915,0.007504716635745037,0.30651442823536873,6903,1075
FedAVG,CIFAR10,1.0,43,6,4,0.25146202246348065,5,0.01,10.931529686746813,0.005144249264351442,0.6960001716873986,13614,2125
FedAVG,CIFAR10,1.0,43,6,1,0.19748709599177042,5,0.01,10.351344604000149,0.005881445797727357,0.5725661886968612,11286,1760
FedAVG,CIFAR10,1.0,43,6,3,0.3142630457878113,5,0.01,6.640993102205089,0.009624627684355201,0.19440664018179324,4440,690
FedAVG,CIFAR10,1.0,43,6,0,0.25546268622080487,5,0.01,8.861340558743379,0.006491824585159985,0.39300766946440147,8759,1365
FedAVG,CIFAR10,1.0,43,7,2,0.3133892814318339,5,0.01,8.290353401519553,0.007711956652576329,0.292788157494388,6903,1075
FedAVG,CIFAR10,1.0,43,7,0,0.25546268622080487,5,0.01,9.000433935180183,0.006593724494637497,0.37950387307900657,8759,1365
FedAVG,CIFAR10,1.0,43,7,3,0.3142630457878113,5,0.01,6.723763359595251,0.009744584579123552,0.17297802334684828,4440,690
FedAVG,CIFAR10,1.0,43,7,4,0.25146202246348065,5,0.01,10.949475972901686,0.005152694575483147,0.6861859410232751,13614,2125
FedAVG,CIFAR10,1.0,43,7,1,0.19748709599177042,5,0.01,10.29958673344947,0.005852037916732653,0.5496123683612322,11286,1760
FedAVG,CIFAR10,1.0,43,8,3,0.3142630457878113,5,0.01,6.858809294430939,0.009940303325262231,0.16574110105214215,4440,690
FedAVG,CIFAR10,1.0,43,8,0,0.25546268622080487,5,0.01,8.906308427657946,0.00652476807887029,0.37145559410846624,8759,1365
FedAVG,CIFAR10,1.0,43,8,4,0.25146202246348065,5,0.01,10.578613846813733,0.004978171222029992,0.6729676260008763,13614,2125
FedAVG,CIFAR10,1.0,43,8,1,0.19748709599177042,5,0.01,10.147782653873042,0.0057657855987915015,0.5401028649603354,11286,1760
FedAVG,CIFAR10,1.0,43,8,2,0.3133892814318339,5,0.01,8.424524804565111,0.007836767260060568,0.2920249719882584,6903,1075
FedAVG,CIFAR10,1.0,43,9,4,0.25146202246348065,5,0.01,10.521809655352296,0.004951439837812845,0.6678066879405121,13614,2125
FedAVG,CIFAR10,1.0,43,9,0,0.25546268622080487,5,0.01,8.960688743427612,0.006564607138042207,0.3655839483015915,8759,1365
FedAVG,CIFAR10,1.0,43,9,2,0.3133892814318339,5,0.01,8.470393008416236,0.007879435356666267,0.28041153333852564,6903,1075
FedAVG,CIFAR10,1.0,43,9,3,0.3142630457878113,5,0.01,6.833088422425527,0.00990302669916743,0.15987835777759665,4440,690
FedAVG,CIFAR10,1.0,43,9,1,0.19748709599177042,5,0.01,10.006811380671458,0.005685688284472419,0.5326773938293806,11286,1760
FedAVG,CIFAR10,1.0,43,10,2,0.3133892814318339,5,0.01,8.414850452646418,0.0078277678629269,0.2763709810676807,6903,1075
FedAVG,CIFAR10,1.0,43,10,4,0.25146202246348065,5,0.01,10.2654083109265,0.004830780381612471,0.6603020178232605,13614,2125
FedAVG,CIFAR10,1.0,43,10,0,0.25546268622080487,5,0.01,8.788024662032958,0.006438113305518651,0.3592979156409565,8759,1365
FedAVG,CIFAR10,1.0,43,10,1,0.19748709599177042,5,0.01,10.067144354363865,0.005719968383161287,0.5363149811519684,11286,1760
FedAVG,CIFAR10,1.0,43,10,3,0.3142630457878113,5,0.01,6.884103292829141,0.009976961293955276,0.1546161253454209,4440,690
FedAVG,CIFAR10,1.0,44,1,3,0.21622896194458008,5,0.01,11.051822382520285,0.008156326481564787,0.5497871472859935,8678,1355
FedAVG,CIFAR10,1.0,44,1,0,0.19266271591186523,5,0.01,12.957525772857753,0.005708161133417512,0.8004464826066353,14546,2270
FedAVG,CIFAR10,1.0,44,1,4,0.3967623710632324,5,0.01,9.47253899761319,0.00906463061972554,0.42313783719093734,6711,1045
FedAVG,CIFAR10,1.0,44,1,2,0.20605415105819702,5,0.01,10.385553405157074,0.008082142727748695,0.5210024358859333,8225,1285
FedAVG,CIFAR10,1.0,44,1,1,0.30242931842803955,5,0.01,9.177325416352726,0.00861720696371148,0.4321549321999585,6842,1065
FedAVG,CIFAR10,1.0,44,2,0,0.19266271591186523,5,0.01,13.180509082397334,0.005806391666254332,0.8601250043115275,14546,2270
FedAVG,CIFAR10,1.0,44,2,1,0.30242931842803955,5,0.01,8.719920574820724,0.008187718849596924,0.5844593072890779,6842,1065
FedAVG,CIFAR10,1.0,44,2,2,0.20605415105819702,5,0.01,10.30766179137209,0.008021526685892677,0.6773478706899925,8225,1285
FedAVG,CIFAR10,1.0,44,2,4,0.3967623710632324,5,0.01,8.218730630265167,0.007864814000253748,0.5352041871221829,6711,1045
FedAVG,CIFAR10,1.0,44,2,3,0.21622896194458008,5,0.01,10.647675344519286,0.007858062984885082,0.6928780420895799,8678,1355
FedAVG,CIFAR10,1.0,44,3,4,0.3967623710632324,5,0.01,7.137378283391101,0.0068300270654460295,0.4207541158746623,6711,1045
FedAVG,CIFAR10,1.0,44,3,3,0.21622896194458008,5,0.01,9.27458435037412,0.006844711697693078,0.5784868428799053,8678,1355
FedAVG,CIFAR10,1.0,44,3,2,0.20605415105819702,5,0.01,9.035799162589885,0.007031750321081623,0.5736558927836399,8225,1285
FedAVG,CIFAR10,1.0,44,3,1,0.30242931842803955,5,0.01,8.099179084008197,0.007604862989679059,0.4809207004360086,6842,1065
FedAVG,CIFAR10,1.0,44,3,0,0.19266271591186523,5,0.01,12.141142116865414,0.005348520756328376,0.8387017648798646,14546,2270
FedAVG,CIFAR10,1.0,44,4,0,0.19266271591186523,5,0.01,12.12067591443062,0.005339504808119216,0.8274561929260534,14546,2270
FedAVG,CIFAR10,1.0,44,4,1,0.30242931842803955,5,0.01,8.212402889985832,0.007711176422521907,0.39209229189037087,6842,1065
FedAVG,CIFAR10,1.0,44,4,3,0.21622896194458008,5,0.01,8.977922329351802,0.006625772936790998,0.4845243467327651,8678,1355
FedAVG,CIFAR10,1.0,44,4,4,0.3967623710632324,5,0.01,6.815488847300483,0.006521998896938262,0.3203083163592126,6711,1045
FedAVG,CIFAR10,1.0,44,4,2,0.20605415105819702,5,0.01,8.740638649277683,0.006802053423562399,0.4706578377148042,8225,1285
FedAVG,CIFAR10,1.0,44,5,2,0.20605415105819702,5,0.01,8.921449606211175,0.006942762339463949,0.41346239848585453,8225,1285
FedAVG,CIFAR10,1.0,44,5,3,0.21622896194458008,5,0.01,9.22961280349062,0.006811522364199719,0.4345327418333877,8678,1355
FedAVG,CIFAR10,1.0,44,5,1,0.30242931842803955,5,0.01,8.517302906934045,0.00799746751824793,0.3492083740167064,6842,1065
FedAVG,CIFAR10,1.0,44,5,0,0.19266271591186523,5,0.01,12.25089764120433,0.005396871207579,0.8109741005629993,14546,2270
FedAVG,CIFAR10,1.0,44,5,4,0.3967623710632324,5,0.01,6.912015138185905,0.006614368553287947,0.27111031438971284,6711,1045
FedAVG,CIFAR10,1.0,44,6,0,0.19266271591186523,5,0.01,12.123179175269554,0.005340607566198041,0.8005974440573285,14546,2270
FedAVG,CIFAR10,1.0,44,6,3,0.21622896194458008,5,0.01,9.106834971572168,0.006720911418134441,0.3981915515740177,8678,1355
FedAVG,CIFAR10,1.0,44,6,1,0.30242931842803955,5,0.01,8.784788368615393,0.008248627576164689,0.3243343652801504,6842,1065
FedAVG,CIFAR10,1.0,44,6,2,0.20605415105819702,5,0.01,9.05698552474381,0.007048237762446545,0.38482958357396874,8225,1285
FedAVG,CIFAR10,1.0,44,6,4,0.3967623710632324,5,0.01,6.954629048155946,0.006655147414503297,0.23541172411661782,6711,1045
FedAVG,CIFAR10,1.0,44,7,1,0.30242931842803955,5,0.01,8.79789956075485,0.00826093855469939,0.3039387619553698,6842,1065
FedAVG,CIFAR10,1.0,44,7,2,0.20605415105819702,5,0.01,9.12007891509957,0.007097337677120288,0.3670944360983454,8225,1285
FedAVG,CIFAR10,1.0,44,7,3,0.21622896194458008,5,0.01,9.162756178761493,0.006762181681742799,0.3801633537646255,8678,1355
FedAVG,CIFAR10,1.0,44,7,0,0.19266271591186523,5,0.01,11.849904316131138,0.005220222165696536,0.7878704400275841,14546,2270
FedAVG,CIFAR10,1.0,44,7,4,0.3967623710632324,5,0.01,7.003782062270416,0.0067021837916463305,0.22967291649504035,6711,1045
FedAVG,CIFAR10,1.0,44,8,0,0.19266271591186523,5,0.01,11.812615963819445,0.005203795578775086,0.7829627534306015,14546,2270
FedAVG,CIFAR10,1.0,44,8,2,0.20605415105819702,5,0.01,9.105821418264984,0.007086242348844345,0.3527249386379643,8225,1285
FedAVG,CIFAR10,1.0,44,8,1,0.30242931842803955,5,0.01,8.858440598977001,0.008317784599978405,0.28827112575665637,6842,1065
FedAVG,CIFAR10,1.0,44,8,3,0.21622896194458008,5,0.01,9.24431453917462,0.006822372353634407,0.3713546590066122,8678,1355
FedAVG,CIFAR10,1.0,44,8,4,0.3967623710632324,5,0.01,6.965573043476836,0.006665620137298408,0.21550900471309242,6711,1045
FedAVG,CIFAR10,1.0,44,9,4,0.3967623710632324,5,0.01,7.079417528839197,0.006774562228554255,0.22196472085771238,6711,1045
FedAVG,CIFAR10,1.0,44,9,0,0.19266271591186523,5,0.01,11.325604030689998,0.004989252876955947,0.7645004252424753,14546,2270
FedAVG,CIFAR10,1.0,44,9,1,0.30242931842803955,5,0.01,9.086738026629439,0.00853214838181168,0.2946249684634683,6842,1065
FedAVG,CIFAR10,1.0,44,9,2,0.20605415105819702,5,0.01,9.276999136620416,0.007219454581027561,0.353019743371457,8225,1285
FedAVG,CIFAR10,1.0,44,9,3,0.21622896194458008,5,0.01,9.072525401936845,0.0066955907025364175,0.3612651114297706,8678,1355
FedAVG,CIFAR10,1.0,44,10,4,0.3967623710632324,5,0.01,7.077904230610749,0.006773114096278229,0.21950768325018435,6711,1045
FedAVG,CIFAR10,1.0,44,10,1,0.30242931842803955,5,0.01,8.870152696078856,0.008328781874252447,0.2815699617645923,6842,1065
FedAVG,CIFAR10,1.0,44,10,3,0.21622896194458008,5,0.01,9.099380714687353,0.0067154101215404815,0.36767732220890503,8678,1355
FedAVG,CIFAR10,1.0,44,10,2,0.20605415105819702,5,0.01,9.078873022869498,0.007065270834917897,0.3436329274826344,8225,1285
FedAVG,CIFAR10,1.0,44,10,0,0.19266271591186523,5,0.01,11.137144923343818,0.004906231243763797,0.7622789981693984,14546,2270
FedAVG,CIFAR10,1.0,45,1,1,0.3036993145942688,5,0.01,10.223688139628127,0.007629618014647856,0.5189829425779496,8604,1340
FedAVG,CIFAR10,1.0,45,1,0,0.2084338665008545,5,0.01,12.277692478503667,0.006123537395762427,0.7444403586877922,12852,2005
FedAVG,CIFAR10,1.0,45,1,2,0.279504915078481,5,0.01,10.994880605816961,0.007825537797734492,0.5544503427855862,9017,1405
FedAVG,CIFAR10,1.0,45,1,4,0.36910732587178546,5,0.01,8.808395392049782,0.008808395392049782,0.42867707793293464,6416,1000
FedAVG,CIFAR10,1.0,45,1,3,0.2747526963551839,5,0.01,10.076107434840665,0.007965302320032147,0.5318018973878201,8113,1265
FedAVG,CIFAR10,1.0,45,2,1,0.3036993145942688,5,0.01,9.798424772981956,0.0073122572932701165,0.6453307395644207,8604,1340
FedAVG,CIFAR10,1.0,45,2,4,0.36910732587178546,5,0.01,7.711161788973022,0.007711161788973022,0.5293110304160379,6416,1000
FedAVG,CIFAR10,1.0,45,2,2,0.279504915078481,5,0.01,10.050359027486856,0.007153280446609862,0.6491987689156674,9017,1405
FedAVG,CIFAR10,1.0,45,2,3,0.2747526963551839,5,0.01,9.301078249437454,0.007352631027223284,0.6356952432155342,8113,1265
FedAVG,CIFAR10,1.0,45,2,0,0.2084338665008545,5,0.01,12.467967070066395,0.006218437441429623,0.8078185116905001,12852,2005
FedAVG,CIFAR10,1.0,45,3,3,0.2747526963551839,5,0.01,8.764333848704448,0.0069283271531260454,0.5770704912622522,8113,1265
FedAVG,CIFAR10,1.0,45,3,2,0.279504915078481,5,0.01,9.3124583475203,0.006628084233110534,0.6131432313337698,9017,1405
FedAVG,CIFAR10,1.0,45,3,0,0.2084338665008545,5,0.01,11.536659759474816,0.005753945017194422,0.7971094302183014,12852,2005
FedAVG,CIFAR10,1.0,45,3,1,0.3036993145942688,5,0.01,9.006717312836667,0.006721430830475125,0.5659810239370549,8604,1340
FedAVG,CIFAR10,1.0,45,3,4,0.36910732587178546,5,0.01,7.188905780585183,0.007188905780585183,0.48115173039585957,6416,1000
FedAVG,CIFAR10,1.0,45,4,2,0.279504915078481,5,0.01,9.083974068753855,0.006465461970643314,0.5394143825808956,9017,1405
FedAVG,CIFAR10,1.0,45,4,0,0.2084338665008545,5,0.01,10.754352783654516,0.00536376697439128,0.7485102943429888,12852,2005
FedAVG,CIFAR10,1.0,45,4,3,0.2747526963551839,5,0.01,8.52591080174411,0.006739850436161352,0.49065239687668594,8113,1265
FedAVG,CIFAR10,1.0,45,4,4,0.36910732587178546,5,0.01,7.069245990891862,0.0070692459908918625,0.3907136818914593,6416,1000
FedAVG,CIFAR10,1.0,45,4,1,0.3036993145942688,5,0.01,8.961437740532942,0.00668764010487533,0.5017980861724421,8604,1340
FedAVG,CIFAR10,1.0,45,5,3,0.2747526963551839,5,0.01,8.656238969600192,0.006842876655810429,0.4334779406475058,8113,1265
FedAVG,CIFAR10,1.0,45,5,1,0.3036993145942688,5,0.01,9.309301347353673,0.006947239811457964,0.47130936870583306,8604,1340
FedAVG,CIFAR10,1.0,45,5,0,0.2084338665008545,5,0.01,10.703494596750003,0.005338401295137159,0.7200724548843581,12852,2005
FedAVG,CIFAR10,1.0,45,5,2,0.279504915078481,5,0.01,9.126247581132787,0.006495549879809813,0.487979831855225,9017,1405
FedAVG,CIFAR10,1.0,45,5,4,0.36910732587178546,5,0.01,7.159096708855143,0.007159096708855143,0.33473678781938754,6416,1000
FedAVG,CIFAR10,1.0,45,6,2,0.279504915078481,5,0.01,9.22884667724515,0.006568574147505444,0.45976555630092014,9017,1405
FedAVG,CIFAR10,1.0,45,6,0,0.2084338665008545,5,0.01,10.599579402726743,0.005286573268192889,0.6959609192492968,12852,2005
FedAVG,CIFAR10,1.0,45,6,4,0.36910732587178546,5,0.01,7.319666326424621,0.0073196663264246216,0.29449036694924186,6416,1000
FedAVG,CIFAR10,1.0,45,6,1,0.3036993145942688,5,0.01,9.586962054055123,0.007154449294070987,0.4544108960266157,8604,1340
FedAVG,CIFAR10,1.0,45,6,3,0.2747526963551839,5,0.01,8.90753400848908,0.007041528860465675,0.41499416433465286,8113,1265
FedAVG,CIFAR10,1.0,45,7,4,0.36910732587178546,5,0.01,7.297252677455748,0.0072972526774557475,0.2669781873213249,6416,1000
FedAVG,CIFAR10,1.0,45,7,2,0.279504915078481,5,0.01,9.369110975335339,0.006668406388139031,0.4422079221014621,9017,1405
FedAVG,CIFAR10,1.0,45,7,1,0.3036993145942688,5,0.01,9.723996145437662,0.007256713541371389,0.43985242992650797,8604,1340
FedAVG,CIFAR10,1.0,45,7,0,0.2084338665008545,5,0.01,10.425912670265863,0.005199956444022874,0.6756791469044974,12852,2005
FedAVG,CIFAR10,1.0,45,7,3,0.2747526963551839,5,0.01,9.02048921883914,0.007130821516868885,0.3925105788419732,8113,1265
FedAVG,CIFAR10,1.0,45,8,2,0.279504915078481,5,0.01,9.535504430005371,0.006786835893242257,0.43668641237085254,9017,1405
FedAVG,CIFAR10,1.0,45,8,3,0.2747526963551839,5,0.01,9.015037051226736,0.007126511502946037,0.3812681386619216,8113,1265
FedAVG,CIFAR10,1.0,45,8,4,0.36910732587178546,5,0.01,7.303616661729455,0.007303616661729455,0.2484604250792938,6416,1000
FedAVG,CIFAR10,1.0,45,8,1,0.3036993145942688,5,0.01,9.810198852040278,0.007321043919433044,0.4281688720075108,8604,1340
FedAVG,CIFAR10,1.0,45,8,0,0.2084338665008545,5,0.01,10.349145514600336,0.005161668585835579,0.661982678449664,12852,2005
FedAVG,CIFAR10,1.0,45,9,1,0.3036993145942688,5,0.01,9.963162560517809,0.007435195940684932,0.4284797638055697,8604,1340
FedAVG,CIFAR10,1.0,45,9,0,0.2084338665008545,5,0.01,10.318208782389396,0.005146238794209175,0.6558061601283015,12852,2005
FedAVG,CIFAR10,1.0,45,9,2,0.279504915078481,5,0.01,9.269629110660821,0.006597600790505922,0.4156291176210796,9017,1405
FedAVG,CIFAR10,1.0,45,9,3,0.2747526963551839,5,0.01,9.03965828073274,0.007145974925480426,0.3683647706327145,8113,1265
FedAVG,CIFAR10,1.0,45,9,4,0.36910732587178546,5,0.01,7.1795629396177905,0.00717956293961779,0.24120671608828947,6416,1000
FedAVG,CIFAR10,1.0,45,10,4,0.36910732587178546,5,0.01,7.441765488752241,0.00744176548875224,0.24747436120148678,6416,1000
FedAVG,CIFAR10,1.0,45,10,1,0.3036993145942688,5,0.01,9.963249453753328,0.00743526078638308,0.43202070962837347,8604,1340
FedAVG,CIFAR10,1.0,45,10,2,0.279504915078481,5,0.01,9.255111717479183,0.006587268126319703,0.4210996755944744,9017,1405
FedAVG,CIFAR10,1.0,45,10,3,0.2747526963551839,5,0.01,8.938748532798888,0.007066204373754062,0.3636298976387192,8113,1265
FedAVG,CIFAR10,1.0,45,10,0,0.2084338665008545,5,0.01,9.824820549651294,0.004900159875137803,0.6375784108066713,12852,2005
FedAVG,CIFAR10,1.0,46,1,0,0.3143047293027242,5,0.01,11.610531048032787,0.007325256181724155,0.5876903144526691,10148,1585
FedAVG,CIFAR10,1.0,46,1,3,0.2132678230603536,5,0.01,13.050871642021368,0.006658607980623147,0.7200210427746431,12565,1960
FedAVG,CIFAR10,1.0,46,1,2,0.38303478558858234,5,0.01,7.5144101901186104,0.010223687333494708,0.35540219637446135,4712,735
FedAVG,CIFAR10,1.0,46,1,1,0.4105516274770101,5,0.01,8.623541615167854,0.008454452563890052,0.38873639962958006,6538,1020
FedAVG,CIFAR10,1.0,46,1,4,0.23337401946385702,5,0.01,11.646224593720822,0.006771060810302804,0.6249001732784716,11039,1720
FedAVG,CIFAR10,1.0,46,2,1,0.4105516274770101,5,0.01,8.367753388143969,0.008203679792298009,0.5038104809535039,6538,1020
FedAVG,CIFAR10,1.0,46,2,3,0.2132678230603536,5,0.01,12.551287745428787,0.006403718237463667,0.7715360817133508,12565,1960
FedAVG,CIFAR10,1.0,46,2,0,0.3143047293027242,5,0.01,10.47601044259241,0.0066094703107838545,0.6305585439032337,10148,1585
FedAVG,CIFAR10,1.0,46,2,2,0.38303478558858234,5,0.01,7.216439919445096,0.009818285604687206,0.4877744510347529,4712,735
FedAVG,CIFAR10,1.0,46,2,4,0.23337401946385702,5,0.01,11.42412179622304,0.006641931276873861,0.7150239474684507,11039,1720
FedAVG,CIFAR10,1.0,46,3,2,0.38303478558858234,5,0.01,6.892422942120732,0.009377446179756098,0.4003296854503661,4712,735
FedAVG,CIFAR10,1.0,46,3,0,0.3143047293027242,5,0.01,9.456199555115239,0.005966056501649993,0.5788720964765232,10148,1585
FedAVG,CIFAR10,1.0,46,3,4,0.23337401946385702,5,0.01,10.847538935697983,0.006306708683545339,0.6898307455167337,11039,1720
FedAVG,CIFAR10,1.0,46,3,1,0.4105516274770101,5,0.01,7.661908468966547,0.0075116749695750456,0.44338607795616597,6538,1020
FedAVG,CIFAR10,1.0,46,3,3,0.2132678230603536,5,0.01,11.415109264446336,0.005824035339003233,0.7507293922645858,12565,1960
FedAVG,CIFAR10,1.0,46,4,3,0.2132678230603536,5,0.01,11.01428522970718,0.005619533280462847,0.7056894846539444,12565,1960
FedAVG,CIFAR10,1.0,46,4,2,0.38303478558858234,5,0.01,6.862060068618756,0.00933613614778062,0.2998364255210043,4712,735
FedAVG,CIFAR10,1.0,46,4,1,0.4105516274770101,5,0.01,7.309285516211697,0.007165966192364409,0.3436388557397848,6538,1020
FedAVG,CIFAR10,1.0,46,4,4,0.23337401946385702,5,0.01,10.58215927024827,0.0061524181803769016,0.6359333824870689,11039,1720
FedAVG,CIFAR10,1.0,46,4,0,0.3143047293027242,5,0.01,9.174997382216514,0.005788641881524614,0.5149386444256245,10148,1585
FedAVG,CIFAR10,1.0,46,5,1,0.4105516274770101,5,0.01,7.170946988886963,0.007030340185183297,0.2904515050183359,6538,1020
FedAVG,CIFAR10,1.0,46,5,4,0.23337401946385702,5,0.01,10.63861414644001,0.00618524078281396,0.6049590183143096,11039,1720
FedAVG,CIFAR10,1.0,46,5,3,0.2132678230603536,5,0.01,10.878929356016657,0.0055504741612329885,0.673404157455229,12565,1960
FedAVG,CIFAR10,1.0,46,5,2,0.38303478558858234,5,0.01,7.046282856651848,0.009586779396805235,0.2565121904508881,4712,735
FedAVG,CIFAR10,1.0,46,5,0,0.3143047293027242,5,0.01,9.262022399570245,0.005843547255249366,0.4862753127948291,10148,1585
FedAVG,CIFAR10,1.0,46,6,1,0.4105516274770101,5,0.01,7.234464567338624,0.00709261232092022,0.2631824870758591,6538,1020
FedAVG,CIFAR10,1.0,46,6,2,0.38303478558858234,5,0.01,7.137612740773134,0.009711037742548482,0.22256443213398444,4712,735
FedAVG,CIFAR10,1.0,46,6,3,0.2132678230603536,5,0.01,10.64499979121931,0.005431122342458832,0.6474669391056124,12565,1960
FedAVG,CIFAR10,1.0,46,6,0,0.3143047293027242,5,0.01,9.200222543979407,0.005804556810081645,0.46146924875856327,10148,1585
FedAVG,CIFAR10,1.0,46,6,4,0.23337401946385702,5,0.01,10.72218547077443,0.006233828762078157,0.5860244323168172,11039,1720
FedAVG,CIFAR10,1.0,46,7,3,0.2132678230603536,5,0.01,10.419505679682175,0.005316074326368456,0.6281565906252954,12565,1960
FedAVG,CIFAR10,1.0,46,7,2,0.38303478558858234,5,0.01,7.147621743842885,0.009724655433799844,0.1971842997563423,4712,735
FedAVG,CIFAR10,1.0,46,7,4,0.23337401946385702,5,0.01,10.584691791183856,0.006153890576269683,0.5698788931239119,11039,1720
FedAVG,CIFAR10,1.0,46,7,0,0.3143047293027242,5,0.01,9.383272708879623,0.005920045873110172,0.45777981627509373,10148,1585
FedAVG,CIFAR10,1.0,46,7,1,0.4105516274770101,5,0.01,7.309780297443402,0.0071664512720033356,0.24781570871584818,6538,1020
FedAVG,CIFAR10,1.0,46,8,1,0.4105516274770101,5,0.01,7.370903393410898,0.007226375875893037,0.2328804064273724,6538,1020
FedAVG,CIFAR10,1.0,46,8,0,0.3143047293027242,5,0.01,9.263475239597724,0.005844463873563233,0.44105276381838115,10148,1585
FedAVG,CIFAR10,1.0,46,8,3,0.2132678230603536,5,0.01,10.51349021577513,0.0053640256202934335,0.6238321244425125,12565,1960
FedAVG,CIFAR10,1.0,46,8,2,0.38303478558858234,5,0.01,7.386091229343889,0.010049103713393046,0.1867435307859833,4712,735
FedAVG,CIFAR10,1.0,46,8,4,0.23337401946385702,5,0.01,10.644040729620286,0.00618839577303505,0.5607053485438347,11039,1720
FedAVG,CIFAR10,1.0,46,9,3,0.2132678230603536,5,0.01,10.29144194464304,0.005250735686042367,0.618151673681608,12565,1960
FedAVG,CIFAR10,1.0,46,9,1,0.4105516274770101,5,0.01,7.460167108445055,0.007313889322004956,0.23551118890219058,6538,1020
FedAVG,CIFAR10,1.0,46,9,2,0.38303478558858234,5,0.01,7.3954589002951,0.010061848843938912,0.18375348059401886,4712,735
FedAVG,CIFAR10,1.0,46,9,0,0.3143047293027242,5,0.01,9.119470159842216,0.005753608933654395,0.42703926709075973,10148,1585
FedAVG,CIFAR10,1.0,46,9,4,0.23337401946385702,5,0.01,10.492054045168336,0.006100031421609498,0.5549729637939725,11039,1720
FedAVG,CIFAR10,1.0,46,10,1,0.4105516274770101,5,0.01,7.381391871268167,0.0072366586973217325,0.23273339861182474,6538,1020
FedAVG,CIFAR10,1.0,46,10,3,0.2132678230603536,5,0.01,10.035812512527245,0.0051203125063914515,0.609425110822332,12565,1960
FedAVG,CIFAR10,1.0,46,10,2,0.38303478558858234,5,0.01,7.39949882690023,0.010067345342721402,0.17512833490892432,4712,735
FedAVG,CIFAR10,1.0,46,10,0,0.3143047293027242,5,0.01,9.080070983479759,0.005728751409135494,0.4354803249320428,10148,1585
FedAVG,CIFAR10,1.0,46,10,4,0.23337401946385702,5,0.01,10.231808745835952,0.005948726015020903,0.5473622856646732,11039,1720
FedAVG,CIFAR10,1.0,47,1,3,0.29459049304326373,5,0.01,10.0823364971315,0.00912428642274344,0.4722597066054516,7089,1105
FedAVG,CIFAR10,1.0,47,1,0,0.21534421046574911,5,0.01,12.362641219624853,0.007044240011182252,0.6928924444974247,11248,1755
FedAVG,CIFAR10,1.0,47,1,1,0.3090296188990275,5,0.01,9.899375486066814,0.008878363664633914,0.4614416444206691,7155,1115
FedAVG,CIFAR10,1.0,47,1,2,0.31242897113164264,5,0.01,11.169980034947704,0.006310723183586274,0.6462039052309988,11346,1770
FedAVG,CIFAR10,1.0,47,1,4,0.2781045238176982,5,0.01,10.185717626653815,0.007988798138552012,0.5179375157744789,8165,1275
FedAVG,CIFAR10,1.0,47,2,1,0.3090296188990275,5,0.01,9.568777712753784,0.00858186341951012,0.6012211135743989,7155,1115
FedAVG,CIFAR10,1.0,47,2,3,0.29459049304326373,5,0.01,8.818469677379909,0.007980515545140189,0.5735776614284794,7089,1105
FedAVG,CIFAR10,1.0,47,2,0,0.21534421046574911,5,0.01,11.721968491941007,0.006679184325892312,0.7438112810176203,11248,1755
FedAVG,CIFAR10,1.0,47,2,4,0.2781045238176982,5,0.01,9.923265447073382,0.00778295329182226,0.6140096899754444,8165,1275
FedAVG,CIFAR10,1.0,47,2,2,0.31242897113164264,5,0.01,10.781826821205977,0.006091427582602247,0.6784859452378827,11346,1770
FedAVG,CIFAR10,1.0,47,3,2,0.31242897113164264,5,0.01,10.503574282169215,0.005934222758287692,0.6805163905551606,11346,1770
FedAVG,CIFAR10,1.0,47,3,0,0.21534421046574911,5,0.01,10.84900166281635,0.006181767329240086,0.7186675003011646,11248,1755
FedAVG,CIFAR10,1.0,47,3,4,0.2781045238176982,5,0.01,9.788391682512698,0.007677169947068783,0.5930379195699873,8165,1275
FedAVG,CIFAR10,1.0,47,3,3,0.29459049304326373,5,0.01,8.356327645915435,0.0075622874623669095,0.5082853653491831,7089,1105
FedAVG,CIFAR10,1.0,47,3,1,0.3090296188990275,5,0.01,8.618452516366863,0.007729553826337994,0.5382914214435701,7155,1115
FedAVG,CIFAR10,1.0,47,4,1,0.3090296188990275,5,0.01,7.942597236666752,0.0071234055934230964,0.41497713975394274,7155,1115
FedAVG,CIFAR10,1.0,47,4,3,0.29459049304326373,5,0.01,7.9906242634660964,0.007231334175082441,0.40649201944120844,7089,1105
FedAVG,CIFAR10,1.0,47,4,0,0.21534421046574911,5,0.01,10.265790160911374,0.0058494530831403845,0.6587243670554881,11248,1755
FedAVG,CIFAR10,1.0,47,4,2,0.31242897113164264,5,0.01,10.259411477027442,0.005796277670636973,0.6343510751734484,11346,1770
FedAVG,CIFAR10,1.0,47,4,4,0.2781045238176982,5,0.01,9.66589268789335,0.007581092304230079,0.514114720267723,8165,1275
FedAVG,CIFAR10,1.0,47,5,2,0.31242897113164264,5,0.01,10.303794687578542,0.005821352930835334,0.6154221179668897,11346,1770
FedAVG,CIFAR10,1.0,47,5,1,0.3090296188990275,5,0.01,7.757328016179679,0.006957244857560251,0.3594754977859599,7155,1115
FedAVG,CIFAR10,1.0,47,5,3,0.29459049304326373,5,0.01,7.971473113977396,0.007214002818079091,0.35926221727040847,7089,1105
FedAVG,CIFAR10,1.0,47,5,4,0.2781045238176982,5,0.01,9.617209599106356,0.007542909489495182,0.4713207444170835,8165,1275
FedAVG,CIFAR10,1.0,47,5,0,0.21534421046574911,5,0.01,10.048919424520507,0.0057258800139717994,0.6139877923480257,11248,1755
FedAVG,CIFAR10,1.0,47,6,3,0.29459049304326373,5,0.01,8.094667606340856,0.007325491046462313,0.3332492448433484,7089,1105
FedAVG,CIFAR10,1.0,47,6,4,0.2781045238176982,5,0.01,9.724151300976455,0.00762678533409918,0.4388345014295084,8165,1275
FedAVG,CIFAR10,1.0,47,6,1,0.3090296188990275,5,0.01,7.779630710368699,0.006977247273873273,0.3232953190172279,7155,1115
FedAVG,CIFAR10,1.0,47,6,0,0.21534421046574911,5,0.01,10.110450984860059,0.0057609407321139935,0.594331823883118,11248,1755
FedAVG,CIFAR10,1.0,47,6,2,0.31242897113164264,5,0.01,10.256702957516918,0.005794747433625377,0.5885304720911883,11346,1770
FedAVG,CIFAR10,1.0,47,7,2,0.31242897113164264,5,0.01,10.270298053446641,0.005802428278783413,0.5804032802684134,11346,1770
FedAVG,CIFAR10,1.0,47,7,1,0.3090296188990275,5,0.01,7.851060123196229,0.00704130952753025,0.3039789218304612,7155,1115
FedAVG,CIFAR10,1.0,47,7,3,0.29459049304326373,5,0.01,8.076894540308357,0.0073094068238084686,0.30900463248925597,7089,1105
FedAVG,CIFAR10,1.0,47,7,4,0.2781045238176982,5,0.01,9.801154360607535,0.007687179890672577,0.42534533357351695,8165,1275
FedAVG,CIFAR10,1.0,47,7,0,0.21534421046574911,5,0.01,9.970461391584879,0.005681174582099646,0.5713012204401927,11248,1755
FedAVG,CIFAR10,1.0,47,8,4,0.2781045238176982,5,0.01,9.832756174298673,0.00771196562690092,0.41394144251478376,8165,1275
FedAVG,CIFAR10,1.0,47,8,2,0.31242897113164264,5,0.01,10.13813715013367,0.005727761101770435,0.568752230647898,11346,1770
FedAVG,CIFAR10,1.0,47,8,1,0.3090296188990275,5,0.01,7.793800520549872,0.006989955623811544,0.2894319647002171,7155,1115
FedAVG,CIFAR10,1.0,47,8,3,0.29459049304326373,5,0.01,8.28658933513446,0.0074991758688999635,0.3082060997447354,7089,1105
FedAVG,CIFAR10,1.0,47,8,0,0.21534421046574911,5,0.01,9.83691369817183,0.005605079030297339,0.5634322055440061,11248,1755
FedAVG,CIFAR10,1.0,47,9,0,0.21534421046574911,5,0.01,9.928519255473953,0.0056572759290449874,0.558073651593382,11248,1755
FedAVG,CIFAR10,1.0,47,9,1,0.3090296188990275,5,0.01,7.963799049132412,0.007142420671867634,0.29120914989376456,7155,1115
FedAVG,CIFAR10,1.0,47,9,2,0.31242897113164264,5,0.01,10.179211413104476,0.005750966900059025,0.563668645282879,11346,1770
FedAVG,CIFAR10,1.0,47,9,4,0.2781045238176982,5,0.01,9.664027545339142,0.007579629447324817,0.39699354151826916,8165,1275
FedAVG,CIFAR10,1.0,47,9,3,0.29459049304326373,5,0.01,8.22597420299584,0.007444320545697592,0.2997448632217479,7089,1105
FedAVG,CIFAR10,1.0,47,10,2,0.31242897113164264,5,0.01,9.917144830326729,0.005602906683800412,0.5598137314896916,11346,1770
FedAVG,CIFAR10,1.0,47,10,1,0.3090296188990275,5,0.01,7.909669712303845,0.007093874181438426,0.29304161933850337,7155,1115
FedAVG,CIFAR10,1.0,47,10,0,0.21534421046574911,5,0.01,9.573620400785842,0.005455054359422132,0.5454268077343862,11248,1755
FedAVG,CIFAR10,1.0,47,10,4,0.2781045238176982,5,0.01,9.78107855460788,0.007671434160476769,0.40683564034510644,8165,1275
FedAVG,CIFAR10,1.0,47,10,3,0.29459049304326373,5,0.01,7.956080873360448,0.0072000731885614915,0.2885075950279078,7089,1105
FedAVG,CIFAR10,1.0,48,1,3,0.22022720177968344,5,0.01,10.687660656499855,0.006873093669774826,0.6098575312501084,9957,1555
FedAVG,CIFAR10,1.0,48,1,0,0.25561201572418213,5,0.01,9.416940402413871,0.009809312919181115,0.46402456879404513,6169,960
FedAVG,CIFAR10,1.0,48,1,4,0.2503192226092021,5,0.01,11.548986851392083,0.006734103120345238,0.6754871611256362,11003,1715
FedAVG,CIFAR10,1.0,48,1,1,0.28708189725875854,5,0.01,10.880356455464616,0.007799538677752413,0.5730065893980945,8936,1395
FedAVG,CIFAR10,1.0,48,1,2,0.19299550851186117,5,0.01,10.671581207165575,0.007649879001552383,0.5928585840904552,8937,1395
FedAVG,CIFAR10,1.0,48,2,3,0.22022720177968344,5,0.01,10.590678177731299,0.006810725516225915,0.7101014726746692,9957,1555
FedAVG,CIFAR10,1.0,48,2,2,0.19299550851186117,5,0.01,9.96268272801404,0.007141708048755584,0.6935557653498041,8937,1395
FedAVG,CIFAR10,1.0,48,2,4,0.2503192226092021,5,0.01,10.823216099717667,0.0063109131776779405,0.7094224041045062,11003,1715
FedAVG,CIFAR10,1.0,48,2,0,0.25561201572418213,5,0.01,7.964755552560467,0.008296620367250486,0.5681480773134786,6169,960
FedAVG,CIFAR10,1.0,48,2,1,0.28708189725875854,5,0.01,9.54933415898175,0.006845400830811291,0.6147620789193162,8936,1395
FedAVG,CIFAR10,1.0,48,3,4,0.2503192226092021,5,0.01,10.790828342988377,0.0062920281883314146,0.7015288833487383,11003,1715
FedAVG,CIFAR10,1.0,48,3,3,0.22022720177968344,5,0.01,10.170526934053344,0.006540531790388002,0.6758572857711421,9957,1555
FedAVG,CIFAR10,1.0,48,3,1,0.28708189725875854,5,0.01,8.769469230505514,0.006286357871330118,0.5773848933540013,8936,1395
FedAVG,CIFAR10,1.0,48,3,0,0.25561201572418213,5,0.01,8.018936199238704,0.00835305854087365,0.5050525748601293,6169,960
FedAVG,CIFAR10,1.0,48,3,2,0.19299550851186117,5,0.01,9.430484708144427,0.006760204091859804,0.6419856095816061,8937,1395
FedAVG,CIFAR10,1.0,48,4,1,0.28708189725875854,5,0.01,8.309648854523827,0.0059567375301246075,0.4943391005829832,8936,1395
FedAVG,CIFAR10,1.0,48,4,3,0.22022720177968344,5,0.01,9.703098537538986,0.00623993475082893,0.6006833213826308,9957,1555
FedAVG,CIFAR10,1.0,48,4,2,0.19299550851186117,5,0.01,9.039685111146495,0.006480061011574548,0.5620602358965204,8937,1395
FedAVG,CIFAR10,1.0,48,4,4,0.2503192226092021,5,0.01,10.385205278241465,0.0060555132817734485,0.6594081365468469,11003,1715
FedAVG,CIFAR10,1.0,48,4,0,0.25561201572418213,5,0.01,7.991299836348058,0.00832427066286256,0.41384387220812885,6169,960
FedAVG,CIFAR10,1.0,48,5,0,0.25561201572418213,5,0.01,8.133694439913512,0.008472598374909908,0.3538516537580367,6169,960
FedAVG,CIFAR10,1.0,48,5,4,0.2503192226092021,5,0.01,10.332102865563341,0.006024549775838683,0.6230745506298828,11003,1715
FedAVG,CIFAR10,1.0,48,5,1,0.28708189725875854,5,0.01,8.436580560794486,0.006047728000569524,0.451733494581962,8936,1395
FedAVG,CIFAR10,1.0,48,5,2,0.19299550851186117,5,0.01,9.238499962285745,0.006622580618125982,0.5119947876823329,8937,1395
FedAVG,CIFAR10,1.0,48,5,3,0.22022720177968344,5,0.01,9.775696618167308,0.006286621619400198,0.5607985247390276,9957,1555
FedAVG,CIFAR10,1.0,48,6,1,0.28708189725875854,5,0.01,8.577273271250732,0.006148582990143894,0.42854001969605143,8936,1395
FedAVG,CIFAR10,1.0,48,6,2,0.19299550851186117,5,0.01,9.301236031616211,0.006667552710835994,0.47423900421752674,8937,1395
FedAVG,CIFAR10,1.0,48,6,3,0.22022720177968344,5,0.01,9.784094439614528,0.006292022147662076,0.5324730266060557,9957,1555
FedAVG,CIFAR10,1.0,48,6,0,0.25561201572418213,5,0.01,8.300507537085686,0.00864636201779759,0.3217557218233784,6169,960
FedAVG,CIFAR10,1.0,48,6,4,0.2503192226092021,5,0.01,10.342576024862378,0.006030656574263778,0.6010019271237462,11003,1715
FedAVG,CIFAR10,1.0,48,7,0,0.25561201572418213,5,0.01,8.571642595306546,0.008928794370110986,0.3105453244914265,6169,960
FedAVG,CIFAR10,1.0,48,7,2,0.19299550851186117,5,0.01,9.519395873463594,0.006823939694239136,0.461011621644261,8937,1395
FedAVG,CIFAR10,1.0,48,7,3,0.22022720177968344,5,0.01,9.915145577244193,0.006376299406587905,0.5110319270910927,9957,1555
FedAVG,CIFAR10,1.0,48,7,1,0.28708189725875854,5,0.01,8.504058518913606,0.006096099296712262,0.4008812255827738,8936,1395
FedAVG,CIFAR10,1.0,48,7,4,0.2503192226092021,5,0.01,10.480325614663883,0.006110977034789436,0.5853807399523492,11003,1715
FedAVG,CIFAR10,1.0,48,8,3,0.22022720177968344,5,0.01,9.791140157502959,0.0062965531559504555,0.5033281309971114,9957,1555
FedAVG,CIFAR10,1.0,48,8,1,0.28708189725875854,5,0.01,8.555163516630591,0.006132733703677843,0.3922147795768839,8936,1395
FedAVG,CIFAR10,1.0,48,8,0,0.25561201572418213,5,0.01,8.650262339942177,0.009010689937439769,0.2969366091740288,6169,960
FedAVG,CIFAR10,1.0,48,8,2,0.19299550851186117,5,0.01,9.50981774632196,0.006817073653277391,0.4458418170755375,8937,1395
FedAVG,CIFAR10,1.0,48,8,4,0.2503192226092021,5,0.01,10.242011037310132,0.005972018097556928,0.5694951695396725,11003,1715
FedAVG,CIFAR10,1.0,48,9,3,0.22022720177968344,5,0.01,9.680551920151489,0.006225435318425395,0.4885609436860485,9957,1555
FedAVG,CIFAR10,1.0,48,9,2,0.19299550851186117,5,0.01,9.52722379336851,0.006829551106357355,0.43659392703746813,8937,1395
FedAVG,CIFAR10,1.0,48,9,0,0.25561201572418213,5,0.01,8.899773285095769,0.00927059717197476,0.28872867221131887,6169,960
FedAVG,CIFAR10,1.0,48,9,1,0.28708189725875854,5,0.01,8.523607992612906,0.006110113256353337,0.3848273156792906,8936,1395
FedAVG,CIFAR10,1.0,48,9,4,0.2503192226092021,5,0.01,10.143857619425427,0.0059147857839215315,0.5545671301580698,11003,1715
FedAVG,CIFAR10,1.0,48,10,4,0.2503192226092021,5,0.01,10.104892986471981,0.00589206588132477,0.5540060812645325,11003,1715
FedAVG,CIFAR10,1.0,48,10,1,0.28708189725875854,5,0.01,8.542291974642716,0.006123506791858578,0.38109734854572697,8936,1395
FedAVG,CIFAR10,1.0,48,10,2,0.19299550851186117,5,0.01,9.267513911717424,0.006643379148184534,0.4153694600611855,8937,1395
FedAVG,CIFAR10,1.0,48,10,3,0.22022720177968344,5,0.01,9.925240984122427,0.006382791629660724,0.5017646096084678,9957,1555
FedAVG,CIFAR10,1.0,48,10,0,0.25561201572418213,5,0.01,8.77746559426295,0.00914319332735724,0.28021518664706163,6169,960
FedAVG,CIFAR10,1.0,49,1,0,0.21312912305196127,5,0.01,10.582318781219525,0.007986655683939265,0.5540352543952098,8483,1325
FedAVG,CIFAR10,1.0,49,1,2,0.2265722950299581,5,0.01,11.031585341386641,0.007555880370812768,0.5881528391848799,9362,1460
FedAVG,CIFAR10,1.0,49,1,1,0.28165485461552936,5,0.01,11.747004147526436,0.006281820399746757,0.6850619848952756,11999,1870
FedAVG,CIFAR10,1.0,49,1,3,0.1574380894502004,5,0.01,9.946551730589741,0.008220290686437802,0.5377683570493123,7774,1210
FedAVG,CIFAR10,1.0,49,1,4,0.31873313585917157,5,0.01,9.943693386073393,0.008646689900933386,0.48671990192649006,7384,1150
FedAVG,CIFAR10,1.0,49,2,1,0.28165485461552936,5,0.01,11.702608633551083,0.0062580794831823975,0.7518319378379176,11999,1870
FedAVG,CIFAR10,1.0,49,2,0,0.21312912305196127,5,0.01,9.941013558669992,0.007502651742392447,0.6615139653163267,8483,1325
FedAVG,CIFAR10,1.0,49,2,2,0.2265722950299581,5,0.01,10.888237413832789,0.007457696858789581,0.6992785363888769,9362,1460
FedAVG,CIFAR10,1.0,49,2,4,0.31873313585917157,5,0.01,8.709365214084594,0.007573361055725734,0.5817549921213161,7384,1150
FedAVG,CIFAR10,1.0,49,2,3,0.1574380894502004,5,0.01,9.947561713905353,0.008221125383392853,0.6616328582575242,7774,1210
FedAVG,CIFAR10,1.0,49,3,1,0.28165485461552936,5,0.01,11.337515734756165,0.00606284263890704,0.7344599241274341,11999,1870
FedAVG,CIFAR10,1.0,49,3,2,0.2265722950299581,5,0.01,9.866976639118864,0.006758203177478674,0.6357269617028274,9362,1460
FedAVG,CIFAR10,1.0,49,3,4,0.31873313585917157,5,0.01,8.288139314753765,0.007207077665003274,0.5012432751140828,7384,1150
FedAVG,CIFAR10,1.0,49,3,0,0.21312912305196127,5,0.01,9.322583256018923,0.007035911891335037,0.6097026131228374,8483,1325
FedAVG,CIFAR10,1.0,49,3,3,0.1574380894502004,5,0.01,9.211526832310398,0.007612832092818511,0.5932298420296261,7774,1210
FedAVG,CIFAR10,1.0,49,4,4,0.31873313585917157,5,0.01,8.124950519280086,0.007065174364591379,0.42615507831271493,7384,1150
FedAVG,CIFAR10,1.0,49,4,2,0.2265722950299581,5,0.01,9.415571550337678,0.006449021609820327,0.5508711237673295,9362,1460
FedAVG,CIFAR10,1.0,49,4,1,0.28165485461552936,5,0.01,11.219143447916407,0.005999541950757437,0.7126143783858444,11999,1870
FedAVG,CIFAR10,1.0,49,4,3,0.1574380894502004,5,0.01,8.976870361503675,0.0074189011252096485,0.5070162539064356,7774,1210
FedAVG,CIFAR10,1.0,49,4,0,0.21312912305196127,5,0.01,8.911829389738584,0.00672590897338761,0.5235065051047599,8483,1325
FedAVG,CIFAR10,1.0,49,5,4,0.31873313585917157,5,0.01,8.110120765328213,0.007052278926372359,0.37187329596373464,7384,1150
FedAVG,CIFAR10,1.0,49,5,0,0.21312912305196127,5,0.01,8.995981640902592,0.006789420106341579,0.465012326021084,8483,1325
FedAVG,CIFAR10,1.0,49,5,3,0.1574380894502004,5,0.01,9.028625019665949,0.007461673569971858,0.4462880272242416,7774,1210
FedAVG,CIFAR10,1.0,49,5,2,0.2265722950299581,5,0.01,9.285373743095162,0.006359845029517234,0.5005022620152162,9362,1460
FedAVG,CIFAR10,1.0,49,5,1,0.28165485461552936,5,0.01,11.297821045560246,0.006041615532385159,0.6882076033823465,11999,1870
FedAVG,CIFAR10,1.0,49,6,3,0.1574380894502004,5,0.01,9.064703919498145,0.00749149084256045,0.41275407854166773,7774,1210
FedAVG,CIFAR10,1.0,49,6,2,0.2265722950299581,5,0.01,9.275117300002742,0.0063528200684950294,0.4617356997084875,9362,1460
FedAVG,CIFAR10,1.0,49,6,4,0.31873313585917157,5,0.01,8.172563743659305,0.007106577168399395,0.33794057230405206,7384,1150
FedAVG,CIFAR10,1.0,49,6,0,0.21312912305196127,5,0.01,9.02266217376252,0.0068095563575566185,0.4258988596516561,8483,1325
FedAVG,CIFAR10,1.0,49,6,1,0.28165485461552936,5,0.01,11.39418080040077,0.00609314481304854,0.6785084491406419,11999,1870
FedAVG,CIFAR10,1.0,49,7,0,0.21312912305196127,5,0.01,9.05684885830171,0.00683535762890695,0.40762094281171835,8483,1325
FedAVG,CIFAR10,1.0,49,7,2,0.2265722950299581,5,0.01,9.247615562987553,0.0063339832623202415,0.4437873349238908,9362,1460
FedAVG,CIFAR10,1.0,49,7,1,0.28165485461552936,5,0.01,11.285543037686207,0.006035049752773373,0.6671248714215917,11999,1870
FedAVG,CIFAR10,1.0,49,7,4,0.31873313585917157,5,0.01,8.041261477104163,0.006992401284438402,0.30970840089387824,7384,1150
FedAVG,CIFAR10,1.0,49,7,3,0.1574380894502004,5,0.01,9.161371576237183,0.007571381467964614,0.38968398858849934,7774,1210
FedAVG,CIFAR10,1.0,49,8,2,0.2265722950299581,5,0.01,9.285409912163665,0.006359869802851826,0.4342564360708305,9362,1460
FedAVG,CIFAR10,1.0,49,8,1,0.28165485461552936,5,0.01,11.116599096355213,0.005944705399120434,0.6585111322477873,11999,1870
FedAVG,CIFAR10,1.0,49,8,4,0.31873313585917157,5,0.01,8.119978777048564,0.007060851110477012,0.31167392787574855,7384,1150
FedAVG,CIFAR10,1.0,49,8,0,0.21312912305196127,5,0.01,9.032536702876326,0.0068170088323594915,0.3928299339793146,8483,1325
FedAVG,CIFAR10,1.0,49,8,3,0.1574380894502004,5,0.01,8.863760985539177,0.007325422302098493,0.3613635763456363,7774,1210
FedAVG,CIFAR10,1.0,49,9,3,0.1574380894502004,5,0.01,9.169081109663692,0.007577752983193134,0.36906375433604,7774,1210
FedAVG,CIFAR10,1.0,49,9,0,0.21312912305196127,5,0.01,9.012315517432008,0.006801747560326044,0.3807627509326216,8483,1325
FedAVG,CIFAR10,1.0,49,9,2,0.2265722950299581,5,0.01,9.050734018111523,0.0061991328891174815,0.41887947796248326,9362,1460
FedAVG,CIFAR10,1.0,49,9,4,0.31873313585917157,5,0.01,8.129492020163356,0.007069123495794223,0.2991163369396784,7384,1150
FedAVG,CIFAR10,1.0,49,9,1,0.28165485461552936,5,0.01,11.097809263063843,0.005934657359927188,0.6520321957138822,11999,1870
FedAVG,CIFAR10,1.0,49,10,2,0.2265722950299581,5,0.01,9.26685263928248,0.006347159341974301,0.4270422510848674,9362,1460
FedAVG,CIFAR10,1.0,49,10,1,0.28165485461552936,5,0.01,10.704356694759234,0.005724254916983548,0.6330933115499262,11999,1870
FedAVG,CIFAR10,1.0,49,10,3,0.1574380894502004,5,0.01,9.000288193841744,0.007438254705654334,0.35641610490418363,7774,1210
FedAVG,CIFAR10,1.0,49,10,0,0.21312912305196127,5,0.01,8.892514188704304,0.00671133146317306,0.376802179952688,8483,1325
FedAVG,CIFAR10,1.0,49,10,4,0.31873313585917157,5,0.01,8.40598965886505,0.007309556225100043,0.31249581102596696,7384,1150
FedAVG,CIFAR10,1.0,50,1,4,0.28788671890894574,5,0.01,11.42309863448699,0.006680174640050871,0.6367759944216492,10967,1710
FedAVG,CIFAR10,1.0,50,1,3,0.22560898462931314,5,0.01,10.680607718030364,0.007192328429650077,0.5830657465397759,9512,1485
FedAVG,CIFAR10,1.0,50,1,1,0.1801112691561381,5,0.01,10.073463515510879,0.009732814990831767,0.4787692266354894,6647,1035
FedAVG,CIFAR10,1.0,50,1,0,0.2513208786646525,5,0.01,11.438601316277818,0.007676913635085784,0.6039517531778364,9554,1490
FedAVG,CIFAR10,1.0,50,1,2,0.2665809790293376,5,0.01,10.579598641473495,0.008138152801133457,0.5420905398222658,8323,1300
FedAVG,CIFAR10,1.0,50,2,1,0.1801112691561381,5,0.01,9.300121092271278,0.008985624243740364,0.6508674529730776,6647,1035
FedAVG,CIFAR10,1.0,50,2,3,0.22560898462931314,5,0.01,10.435020462614029,0.0070269498064740935,0.6884262051130581,9512,1485
FedAVG,CIFAR10,1.0,50,2,4,0.28788671890894574,5,0.01,11.010654871838463,0.006438979457215476,0.705035088916553,10967,1710
FedAVG,CIFAR10,1.0,50,2,0,0.2513208786646525,5,0.01,11.03136874768718,0.007403603186367235,0.6837915514406567,9554,1490
FedAVG,CIFAR10,1.0,50,2,2,0.2665809790293376,5,0.01,10.200643057119912,0.007846648505476856,0.648689018320148,8323,1300
FedAVG,CIFAR10,1.0,50,3,2,0.2665809790293376,5,0.01,9.42110725991202,0.007247005584547708,0.5986331261246323,8323,1300
FedAVG,CIFAR10,1.0,50,3,0,0.2513208786646525,5,0.01,9.88725252345472,0.0066357399486273285,0.6504800100796901,9554,1490
FedAVG,CIFAR10,1.0,50,3,4,0.28788671890894574,5,0.01,10.295570461305864,0.006020801439360154,0.6881471430678989,10967,1710
FedAVG,CIFAR10,1.0,50,3,1,0.1801112691561381,5,0.01,8.351265918403739,0.008068855959810375,0.5638185657051397,6647,1035
FedAVG,CIFAR10,1.0,50,3,3,0.22560898462931314,5,0.01,10.166609368639833,0.006846201595043658,0.6698889474718545,9512,1485
FedAVG,CIFAR10,1.0,50,4,0,0.2513208786646525,5,0.01,9.248518702866015,0.0062070595321248425,0.5646376532252628,9554,1490
FedAVG,CIFAR10,1.0,50,4,4,0.28788671890894574,5,0.01,10.218523108688723,0.005975744508005101,0.6424159720131928,10967,1710
FedAVG,CIFAR10,1.0,50,4,3,0.22560898462931314,5,0.01,9.923444832866895,0.006682454432907,0.6049431519748173,9512,1485
FedAVG,CIFAR10,1.0,50,4,1,0.1801112691561381,5,0.01,7.979779065383265,0.00770993146413842,0.4470192898648732,6647,1035
FedAVG,CIFAR10,1.0,50,4,2,0.2665809790293376,5,0.01,9.034172287627683,0.006949363298175141,0.5141736909828103,8323,1300
FedAVG,CIFAR10,1.0,50,5,1,0.1801112691561381,5,0.01,7.876797503584651,0.00761043237061319,0.3768081266998166,6647,1035
FedAVG,CIFAR10,1.0,50,5,0,0.2513208786646525,5,0.01,9.10852529162302,0.006113104222565785,0.5149295564691188,9554,1490
FedAVG,CIFAR10,1.0,50,5,2,0.2665809790293376,5,0.01,8.981721373095548,0.006909016440842729,0.45744327706965815,8323,1300
FedAVG,CIFAR10,1.0,50,5,3,0.22560898462931314,5,0.01,9.819977482791213,0.006612779449691053,0.5561712973993901,9512,1485
FedAVG,CIFAR10,1.0,50,5,4,0.28788671890894574,5,0.01,10.303376610028462,0.006025366438613135,0.6178964602153673,10967,1710
FedAVG,CIFAR10,1.0,50,6,3,0.22560898462931314,5,0.01,9.913798030118967,0.0066759582694403815,0.524406530653852,9512,1485
FedAVG,CIFAR10,1.0,50,6,1,0.1801112691561381,5,0.01,8.01569569198819,0.00774463351882917,0.33982498664334804,6647,1035
FedAVG,CIFAR10,1.0,50,6,0,0.2513208786646525,5,0.01,9.07642440043202,0.006091560000289946,0.47452758426365543,9554,1490
FedAVG,CIFAR10,1.0,50,6,2,0.2665809790293376,5,0.01,9.032039106358477,0.006947722389506521,0.4169670020244362,8323,1300
FedAVG,CIFAR10,1.0,50,6,4,0.28788671890894574,5,0.01,10.526221684631789,0.006155685195691105,0.6041651811750078,10967,1710
FedAVG,CIFAR10,1.0,50,7,0,0.2513208786646525,5,0.01,9.004544325266885,0.006043318339105291,0.45421785541865306,9554,1490
FedAVG,CIFAR10,1.0,50,7,1,0.1801112691561381,5,0.01,8.107554030967604,0.007833385537166768,0.31541189863784974,6647,1035
FedAVG,CIFAR10,1.0,50,7,4,0.28788671890894574,5,0.01,10.539459350084506,0.006163426520517255,0.5905717754731169,10967,1710
FedAVG,CIFAR10,1.0,50,7,3,0.22560898462931314,5,0.01,9.885650187195967,0.0066570034930612575,0.501470772847097,9512,1485
FedAVG,CIFAR10,1.0,50,7,2,0.2665809790293376,5,0.01,9.12038779270069,0.0070156829174620695,0.40868068492518556,8323,1300
FedAVG,CIFAR10,1.0,50,8,2,0.2665809790293376,5,0.01,8.986857033619678,0.006912966948938214,0.3900235146631388,8323,1300
FedAVG,CIFAR10,1.0,50,8,0,0.2513208786646525,5,0.01,9.004468618332572,0.006043267529082263,0.443817540411049,9554,1490
FedAVG,CIFAR10,1.0,50,8,3,0.22560898462931314,5,0.01,10.002553306324167,0.006735726132204826,0.49369869050269743,9512,1485
FedAVG,CIFAR10,1.0,50,8,4,0.28788671890894574,5,0.01,10.37778864781083,0.006068882250181771,0.5746971636382392,10967,1710
FedAVG,CIFAR10,1.0,50,8,1,0.1801112691561381,5,0.01,8.167136844881941,0.007890953473315886,0.30475911122655513,6647,1035
FedAVG,CIFAR10,1.0,50,9,2,0.2665809790293376,5,0.01,9.19832054089634,0.007075631185304877,0.39302487969539457,8323,1300
FedAVG,CIFAR10,1.0,50,9,3,0.22560898462931314,5,0.01,9.798495644834635,0.0065983135655452085,0.47631577214858706,9512,1485
FedAVG,CIFAR10,1.0,50,9,0,0.2513208786646525,5,0.01,8.790373759663582,0.005899579704472203,0.4221972067977828,9554,1490
FedAVG,CIFAR10,1.0,50,9,4,0.28788671890894574,5,0.01,10.513459636401397,0.00614822200959146,0.5765290813831672,10967,1710
FedAVG,CIFAR10,1.0,50,9,1,0.1801112691561381,5,0.01,8.237542658387557,0.007958978413901021,0.29577112174785664,6647,1035
FedAVG,CIFAR10,1.0,50,10,4,0.28788671890894574,5,0.01,10.316386225366175,0.006032974400798933,0.5734470268702881,10967,1710
FedAVG,CIFAR10,1.0,50,10,3,0.22560898462931314,5,0.01,9.589388267838206,0.0064575005170627656,0.47021077819864865,9512,1485
FedAVG,CIFAR10,1.0,50,10,1,0.1801112691561381,5,0.01,8.145826351951236,0.007870363625073658,0.2863464326941809,6647,1035
FedAVG,CIFAR10,1.0,50,10,0,0.2513208786646525,5,0.01,8.769987049272085,0.005885897348504756,0.42151637929119673,9554,1490
FedAVG,CIFAR10,1.0,50,10,2,0.2665809790293376,5,0.01,9.098942256101733,0.006999186350847487,0.3881577828696288,8323,1300
FedAVG,CIFAR10,1.0,51,1,3,0.22216339906056723,5,0.01,9.712300518020406,0.00767770791938372,0.5171029838294416,8096,1265
FedAVG,CIFAR10,1.0,51,1,1,0.24692352612813315,5,0.01,9.243498802441122,0.008144051808318169,0.4743238277671899,7281,1135
FedAVG,CIFAR10,1.0,51,1,4,0.248135507106781,5,0.01,9.264630954876937,0.009752243110396776,0.4353506378342622,6080,950
FedAVG,CIFAR10,1.0,51,1,2,0.194806178410848,5,0.01,11.935362571450915,0.00672414792757798,0.6706835320879976,11388,1775
FedAVG,CIFAR10,1.0,51,1,0,0.23744279146194458,5,0.01,12.898992333172558,0.006806856112492115,0.7118278662953118,12157,1895
FedAVG,CIFAR10,1.0,51,2,3,0.22216339906056723,5,0.01,9.665736496968654,0.007640898416576011,0.6471564816193303,8096,1265
FedAVG,CIFAR10,1.0,51,2,0,0.23744279146194458,5,0.01,11.977838390213206,0.006320759044967391,0.7433818954125905,12157,1895
FedAVG,CIFAR10,1.0,51,2,2,0.194806178410848,5,0.01,11.696609762491034,0.006589639302811851,0.7290738628680229,11388,1775
FedAVG,CIFAR10,1.0,51,2,4,0.248135507106781,5,0.01,8.67833000590285,0.009135084216739843,0.5662637154497921,6080,950
FedAVG,CIFAR10,1.0,51,2,1,0.24692352612813315,5,0.01,8.914418934996664,0.007854113599116004,0.5912809067577519,7281,1135
FedAVG,CIFAR10,1.0,51,3,4,0.248135507106781,5,0.01,8.228601574658661,0.008661685868061748,0.4966971638823268,6080,950
FedAVG,CIFAR10,1.0,51,3,3,0.22216339906056723,5,0.01,9.479113349019963,0.007493370236379418,0.5903626826689871,8096,1265
FedAVG,CIFAR10,1.0,51,3,2,0.194806178410848,5,0.01,11.089710703148485,0.006247724339801964,0.7199156659341128,11388,1775
FedAVG,CIFAR10,1.0,51,3,0,0.23744279146194458,5,0.01,10.695289592477247,0.005643952291544721,0.7046914880857804,12157,1895
FedAVG,CIFAR10,1.0,51,3,1,0.24692352612813315,5,0.01,8.634283292947915,0.007607298055460718,0.5202131640927432,7281,1135
FedAVG,CIFAR10,1.0,51,4,1,0.24692352612813315,5,0.01,8.375798928037252,0.007379558526905068,0.4252959281491197,7281,1135
FedAVG,CIFAR10,1.0,51,4,4,0.248135507106781,5,0.01,7.921124031163431,0.008338025295961506,0.3985060533452283,6080,950
FedAVG,CIFAR10,1.0,51,4,2,0.194806178410848,5,0.01,10.765011718441757,0.006064795334333384,0.6745261454009223,11388,1775
FedAVG,CIFAR10,1.0,51,4,3,0.22216339906056723,5,0.01,9.219576672105159,0.007288202902849928,0.5024880953977938,8096,1265
FedAVG,CIFAR10,1.0,51,4,0,0.23744279146194458,5,0.01,10.182130305402062,0.005373155833985257,0.6544615233471439,12157,1895
FedAVG,CIFAR10,1.0,51,5,1,0.24692352612813315,5,0.01,8.525970074716042,0.007511867907238803,0.3774525016324387,7281,1135
FedAVG,CIFAR10,1.0,51,5,4,0.248135507106781,5,0.01,7.982797326852218,0.008402944554581283,0.3296433796976663,6080,950
FedAVG,CIFAR10,1.0,51,5,0,0.23744279146194458,5,0.01,10.0056305635971,0.005280016128547282,0.6163248104093431,12157,1895
FedAVG,CIFAR10,1.0,51,5,3,0.22216339906056723,5,0.01,9.260060734613354,0.0073202061143188574,0.44720507471809334,8096,1265
FedAVG,CIFAR10,1.0,51,5,2,0.194806178410848,5,0.01,10.722041517966314,0.006040586770685247,0.6385323382676078,11388,1775
FedAVG,CIFAR10,1.0,51,6,2,0.194806178410848,5,0.01,10.847112130503577,0.006111049087607649,0.623900462641597,11388,1775
FedAVG,CIFAR10,1.0,51,6,3,0.22216339906056723,5,0.01,9.349885344125287,0.0073912137107709774,0.4141228854590256,8096,1265
FedAVG,CIFAR10,1.0,51,6,0,0.23744279146194458,5,0.01,9.92045966675893,0.005235071064252733,0.5906820690663303,12157,1895
FedAVG,CIFAR10,1.0,51,6,1,0.24692352612813315,5,0.01,8.669698649235828,0.00763850101254258,0.35046341944867354,7281,1135
FedAVG,CIFAR10,1.0,51,6,4,0.248135507106781,5,0.01,7.910461763275295,0.008326801856079258,0.28827273767907546,6080,950
FedAVG,CIFAR10,1.0,51,7,2,0.194806178410848,5,0.01,10.762062562930502,0.0060631338382707055,0.6089011876405535,11388,1775
FedAVG,CIFAR10,1.0,51,7,0,0.23744279146194458,5,0.01,9.646787312448291,0.0050906529353289135,0.5713255915258182,12157,1895
FedAVG,CIFAR10,1.0,51,7,3,0.22216339906056723,5,0.01,9.51484098164969,0.007521613424229004,0.3982082520289794,8096,1265
FedAVG,CIFAR10,1.0,51,7,4,0.248135507106781,5,0.01,7.894045242808331,0.008309521308219296,0.26903139153491423,6080,950
FedAVG,CIFAR10,1.0,51,7,1,0.24692352612813315,5,0.01,8.721181683319447,0.007683860513937838,0.3378762814623818,7281,1135
FedAVG,CIFAR10,1.0,51,8,2,0.194806178410848,5,0.01,10.732228475983126,0.006046325901962324,0.6015387742959887,11388,1775
FedAVG,CIFAR10,1.0,51,8,1,0.24692352612813315,5,0.01,8.755150668338143,0.007713789135099685,0.3239162970248258,7281,1135
FedAVG,CIFAR10,1.0,51,8,0,0.23744279146194458,5,0.01,9.544822338622186,0.005036845561278198,0.5566037340505916,12157,1895
FedAVG,CIFAR10,1.0,51,8,4,0.248135507106781,5,0.01,8.051745504174331,0.008475521583341401,0.266719457642105,6080,950
FedAVG,CIFAR10,1.0,51,8,3,0.22216339906056723,5,0.01,9.45397783921929,0.007473500268157541,0.38769726807552257,8096,1265
FedAVG,CIFAR10,1.0,51,9,2,0.194806178410848,5,0.01,10.642515757304277,0.005995783525241847,0.6011087692454641,11388,1775
FedAVG,CIFAR10,1.0,51,9,4,0.248135507106781,5,0.01,7.919681394352825,0.008336506730897711,0.25255278998142766,6080,950
FedAVG,CIFAR10,1.0,51,9,3,0.22216339906056723,5,0.01,9.250147280373817,0.007312369391599855,0.37103201669143215,8096,1265
FedAVG,CIFAR10,1.0,51,9,0,0.23744279146194458,5,0.01,9.386741694569583,0.004953425696342788,0.5511947681095922,12157,1895
FedAVG,CIFAR10,1.0,51,9,1,0.24692352612813315,5,0.01,8.786256319622748,0.0077411949952623325,0.3158856381417491,7281,1135
FedAVG,CIFAR10,1.0,51,10,0,0.23744279146194458,5,0.01,9.270941590921808,0.004892317462227867,0.5399022031268683,12157,1895
FedAVG,CIFAR10,1.0,51,10,4,0.248135507106781,5,0.01,8.205610044063908,0.008637484256909377,0.2552882784440412,6080,950
FedAVG,CIFAR10,1.0,51,10,3,0.22216339906056723,5,0.01,9.451829551730599,0.007471802017178339,0.37918291432195916,8096,1265
FedAVG,CIFAR10,1.0,51,10,1,0.24692352612813315,5,0.01,8.666902158954743,0.007636037144453518,0.31000725330637013,7281,1135
FedAVG,CIFAR10,1.0,51,10,2,0.194806178410848,5,0.01,10.674649301499857,0.006013886930422455,0.5988424283385334,11388,1775
FedAVG,CIFAR10,0.1,42,1,3,0.8152069250742594,5,0.01,4.082053130374619,0.011663008943927482,0.157513836678423,2252,350
FedAVG,CIFAR10,0.1,42,1,0,0.4210306803385417,5,0.01,10.518913460103914,0.007304801013961051,0.4620314068595218,9233,1440
FedAVG,CIFAR10,0.1,42,1,4,0.5125571886698405,5,0.01,9.546893607791889,0.006561438905698893,0.4239455057697187,9333,1455
FedAVG,CIFAR10,0.1,42,1,1,0.3789838949839274,5,0.01,13.994654802761481,0.005434817399130672,0.8427681974963861,16505,2575
FedAVG,CIFAR10,0.1,42,1,2,0.6061197916666666,5,0.01,8.34199302504281,0.006951660854202341,0.3475685394111955,7680,1200
FedAVG,CIFAR10,0.1,42,2,4,0.5125571886698405,5,0.01,9.109067468854514,0.0062605274700031025,0.4783676221113461,9333,1455
FedAVG,CIFAR10,0.1,42,2,1,0.3789838949839274,5,0.01,11.398529335839108,0.00442661333430645,0.819031689913604,16505,2575
FedAVG,CIFAR10,0.1,42,2,2,0.6061197916666666,5,0.01,7.431548464021646,0.006192957053351372,0.40936372709462704,7680,1200
FedAVG,CIFAR10,0.1,42,2,3,0.8152069250742594,5,0.01,3.7277770170170497,0.01065079147719157,0.15490772362303235,2252,350
FedAVG,CIFAR10,0.1,42,2,0,0.4210306803385417,5,0.01,9.762340835664828,0.006779403358100575,0.5371234608336206,9233,1440
FedAVG,CIFAR10,0.1,42,3,1,0.3789838949839274,5,0.01,9.779087108709954,0.003797703731537846,0.7748832075767637,16505,2575
FedAVG,CIFAR10,0.1,42,3,2,0.6061197916666666,5,0.01,6.725598108751146,0.005604665090625955,0.3432196654406403,7680,1200
FedAVG,CIFAR10,0.1,42,3,3,0.8152069250742594,5,0.01,3.1973957088008795,0.009135416310859656,0.123233415147245,2252,350
FedAVG,CIFAR10,0.1,42,3,0,0.4210306803385417,5,0.01,8.789295307323375,0.006103677296752343,0.48669107899702857,9233,1440
FedAVG,CIFAR10,0.1,42,3,4,0.5125571886698405,5,0.01,8.747275766239804,0.006011873378858972,0.4612375597834094,9333,1455
FedAVG,CIFAR10,0.1,42,4,1,0.3789838949839274,5,0.01,9.051164688887921,0.0035150154131603577,0.7503274402482092,16505,2575
FedAVG,CIFAR10,0.1,42,4,4,0.5125571886698405,5,0.01,8.600364193854864,0.005910903226017088,0.44557622068602154,9333,1455
FedAVG,CIFAR10,0.1,42,4,2,0.6061197916666666,5,0.01,6.423234176262146,0.0053526951468851214,0.2981501528317082,7680,1200
FedAVG,CIFAR10,0.1,42,4,0,0.4210306803385417,5,0.01,8.591948355607359,0.005966630802505111,0.4605448837428027,9233,1440
FedAVG,CIFAR10,0.1,42,4,3,0.8152069250742594,5,0.01,2.829103605329342,0.008083153158083835,0.08191236651438731,2252,350
FedAVG,CIFAR10,0.1,42,5,0,0.4210306803385417,5,0.01,8.382456093238067,0.005821150064748658,0.44851683045083757,9233,1440
FedAVG,CIFAR10,0.1,42,5,1,0.3789838949839274,5,0.01,8.474267312246168,0.003290977596988803,0.7271776985229481,16505,2575
FedAVG,CIFAR10,0.1,42,5,2,0.6061197916666666,5,0.01,6.316951296775388,0.0052641260806461565,0.28626467034651853,7680,1200
FedAVG,CIFAR10,0.1,42,5,4,0.5125571886698405,5,0.01,8.38737788659548,0.005764520884258062,0.43537147681631744,9333,1455
FedAVG,CIFAR10,0.1,42,5,3,0.8152069250742594,5,0.01,2.8017136286366378,0.008004896081818966,0.06934018236616048,2252,350
FedAVG,CIFAR10,0.1,42,6,2,0.6061197916666666,5,0.01,5.998418758190642,0.004998682298492201,0.26072750559590707,7680,1200
FedAVG,CIFAR10,0.1,42,6,4,0.5125571886698405,5,0.01,8.313275845270082,0.005713591646233734,0.4335457850232309,9333,1455
FedAVG,CIFAR10,0.1,42,6,3,0.8152069250742594,5,0.01,2.8243392076088183,0.008069540593168053,0.05880918038418495,2252,350
FedAVG,CIFAR10,0.1,42,6,0,0.4210306803385417,5,0.01,8.241749724840854,0.00572343730891726,0.4380245888942609,9233,1440
FedAVG,CIFAR10,0.1,42,6,1,0.3789838949839274,5,0.01,7.925341849814955,0.0030778026601223124,0.7044272011248802,16505,2575
FedAVG,CIFAR10,0.1,42,7,3,0.8152069250742594,5,0.01,2.573782915700659,0.007353665473430454,0.0474815171727945,2252,350
FedAVG,CIFAR10,0.1,42,7,2,0.6061197916666666,5,0.01,5.932102749426613,0.004943418957855511,0.25888672463663415,7680,1200
FedAVG,CIFAR10,0.1,42,7,0,0.4210306803385417,5,0.01,8.063269134894691,0.00559949245478798,0.4235907365341759,9233,1440
FedAVG,CIFAR10,0.1,42,7,4,0.5125571886698405,5,0.01,8.105405410922108,0.005570725368331346,0.41925082417484266,9333,1455
FedAVG,CIFAR10,0.1,42,7,1,0.3789838949839274,5,0.01,7.622132930855591,0.0029600516236332392,0.6958643899257062,16505,2575
FedAVG,CIFAR10,0.1,42,8,1,0.3789838949839274,5,0.01,6.997654760849994,0.0027175358294563084,0.6674110182450735,16505,2575
FedAVG,CIFAR10,0.1,42,8,3,0.8152069250742594,5,0.01,2.765357612316813,0.007901021749476609,0.05023646050062851,2252,350
FedAVG,CIFAR10,0.1,42,8,2,0.6061197916666666,5,0.01,5.890823452151577,0.004909019543459648,0.2667019275459729,7680,1200
FedAVG,CIFAR10,0.1,42,8,4,0.5125571886698405,5,0.01,8.031426792528299,0.005519880957064123,0.4323090245752773,9333,1455
FedAVG,CIFAR10,0.1,42,8,0,0.4210306803385417,5,0.01,7.861519497165847,0.0054593885396985046,0.436358271523298,9233,1440
FedAVG,CIFAR10,0.1,42,9,3,0.8152069250742594,5,0.01,2.785813651836733,0.00795946757667638,0.046830970970146484,2252,350
FedAVG,CIFAR10,0.1,42,9,2,0.6061197916666666,5,0.01,5.739074059716286,0.004782561716430238,0.25279189552782383,7680,1200
FedAVG,CIFAR10,0.1,42,9,0,0.4210306803385417,5,0.01,8.06832812724462,0.005603005643919874,0.45362265047604333,9233,1440
FedAVG,CIFAR10,0.1,42,9,4,0.5125571886698405,5,0.01,7.77600582108411,0.005344333897652309,0.4208823977007454,9333,1455
FedAVG,CIFAR10,0.1,42,9,1,0.3789838949839274,5,0.01,6.796745249705726,0.002639512718332321,0.6633197142856716,16505,2575
FedAVG,CIFAR10,0.1,42,10,3,0.8152069250742594,5,0.01,2.8508253178042153,0.00814521519372633,0.045553175657068415,2252,350
FedAVG,CIFAR10,0.1,42,10,1,0.3789838949839274,5,0.01,6.3543328474741205,0.002467702076688979,0.6517035947784293,16505,2575
FedAVG,CIFAR10,0.1,42,10,4,0.5125571886698405,5,0.01,7.557340705595247,0.005194048594910823,0.43132877704489225,9333,1455
FedAVG,CIFAR10,0.1,42,10,0,0.4210306803385417,5,0.01,7.626206735028176,0.005295976899325122,0.4477220941397944,9233,1440
FedAVG,CIFAR10,0.1,42,10,2,0.6061197916666666,5,0.01,5.618270412993567,0.004681892010827973,0.25940422150978243,7680,1200
FedAVG,CIFAR10,0.1,43,1,4,0.906083345413208,5,0.01,4.0181076800535,0.005740153828647857,0.14987603560358345,4496,700
FedAVG,CIFAR10,0.1,43,1,3,0.53021772702535,5,0.01,10.79891888510036,0.0071516019106624895,0.5032737563445285,9666,1510
FedAVG,CIFAR10,0.1,43,1,1,0.6151390870412191,5,0.01,6.778443087139365,0.00996829865755789,0.27660537074290825,4362,680
FedAVG,CIFAR10,0.1,43,1,0,0.4843653440475464,5,0.01,11.676043419501486,0.006194187490451717,0.5963416427303869,12077,1885
FedAVG,CIFAR10,0.1,43,1,2,0.40859516461690265,5,0.01,12.754618028959785,0.005668719123982127,0.7488044876972064,14401,2250
FedAVG,CIFAR10,0.1,43,2,3,0.53021772702535,5,0.01,9.66244772802481,0.006398972005314444,0.5039653033779774,9666,1510
FedAVG,CIFAR10,0.1,43,2,0,0.4843653440475464,5,0.01,10.98984746402443,0.005830157805848504,0.6081946821719426,12077,1885
FedAVG,CIFAR10,0.1,43,2,1,0.6151390870412191,5,0.01,6.706901709690324,0.009863090749544593,0.332845053953003,4362,680
FedAVG,CIFAR10,0.1,43,2,4,0.906083345413208,5,0.01,4.267663657538114,0.006096662367911592,0.15296955822112,4496,700
FedAVG,CIFAR10,0.1,43,2,2,0.40859516461690265,5,0.01,10.923952644358312,0.00485509006415925,0.7244006354397795,14401,2250
FedAVG,CIFAR10,0.1,43,3,3,0.53021772702535,5,0.01,8.997055235293683,0.005958314725360055,0.47255217785676207,9666,1510
FedAVG,CIFAR10,0.1,43,3,2,0.40859516461690265,5,0.01,9.953842894739047,0.0044239301754395765,0.6909718685823989,14401,2250
FedAVG,CIFAR10,0.1,43,3,1,0.6151390870412191,5,0.01,6.371475613143877,0.009369817078152761,0.2782808843882921,4362,680
FedAVG,CIFAR10,0.1,43,3,0,0.4843653440475464,5,0.01,10.720501181224162,0.005687268531153401,0.6225902049008152,12077,1885
FedAVG,CIFAR10,0.1,43,3,4,0.906083345413208,5,0.01,3.997503693483453,0.005710719562119219,0.15215824120605514,4496,700
FedAVG,CIFAR10,0.1,43,4,3,0.53021772702535,5,0.01,8.683586780533524,0.005750719722207632,0.4407573373882113,9666,1510
FedAVG,CIFAR10,0.1,43,4,2,0.40859516461690265,5,0.01,9.63475662894406,0.004282114057308471,0.6715298011820229,14401,2250
FedAVG,CIFAR10,0.1,43,4,4,0.906083345413208,5,0.01,3.5402513914577414,0.005057501987796773,0.09958698715738051,4496,700
FedAVG,CIFAR10,0.1,43,4,0,0.4843653440475464,5,0.01,10.57575786226399,0.00561048162454323,0.6148002567784593,12077,1885
FedAVG,CIFAR10,0.1,43,4,1,0.6151390870412191,5,0.01,6.180830787118362,0.009089457039879944,0.228286585589731,4362,680
FedAVG,CIFAR10,0.1,43,5,2,0.40859516461690265,5,0.01,9.431479092426358,0.004191768485522825,0.6591671897460519,14401,2250
FedAVG,CIFAR10,0.1,43,5,3,0.53021772702535,5,0.01,8.464438234009869,0.0056055882344436215,0.4104136025171855,9666,1510
FedAVG,CIFAR10,0.1,43,5,1,0.6151390870412191,5,0.01,5.9950386209523865,0.00881623326610645,0.1964626379469691,4362,680
FedAVG,CIFAR10,0.1,43,5,4,0.906083345413208,5,0.01,3.581448725120372,0.005116355321600531,0.08428275734725936,4496,700
FedAVG,CIFAR10,0.1,43,5,0,0.4843653440475464,5,0.01,10.374767875115328,0.005503855636665956,0.5996225942052645,12077,1885
FedAVG,CIFAR10,0.1,43,6,4,0.906083345413208,5,0.01,3.4277974181301296,0.004896853454471614,0.06777625832407569,4496,700
FedAVG,CIFAR10,0.1,43,6,3,0.53021772702535,5,0.01,8.306636130712327,0.0055010835302730645,0.39294059482916993,9666,1510
FedAVG,CIFAR10,0.1,43,6,2,0.40859516461690265,5,0.01,9.350849518426681,0.004155933119300747,0.6567913829785799,14401,2250
FedAVG,CIFAR10,0.1,43,6,1,0.6151390870412191,5,0.01,5.889208959108944,0.00866060141045433,0.1611450582616516,4362,680
FedAVG,CIFAR10,0.1,43,6,0,0.4843653440475464,5,0.01,10.150689868053991,0.00538498136236286,0.5843376891394989,12077,1885
FedAVG,CIFAR10,0.1,43,7,4,0.906083345413208,5,0.01,3.4532981313880255,0.004933283044840036,0.07239924115935999,4496,700
FedAVG,CIFAR10,0.1,43,7,3,0.53021772702535,5,0.01,8.029981009527104,0.00531786821822987,0.3804410951851103,9666,1510
FedAVG,CIFAR10,0.1,43,7,0,0.4843653440475464,5,0.01,9.638998304245934,0.005113526951854607,0.5663535578517837,12077,1885
FedAVG,CIFAR10,0.1,43,7,2,0.40859516461690265,5,0.01,9.032492322807434,0.004014441032358859,0.6545079436295562,14401,2250
FedAVG,CIFAR10,0.1,43,7,1,0.6151390870412191,5,0.01,5.767827354375611,0.00848209905055237,0.144786886427771,4362,680
FedAVG,CIFAR10,0.1,43,8,2,0.40859516461690265,5,0.01,8.869980870130654,0.003942213720058069,0.6435987618474384,14401,2250
FedAVG,CIFAR10,0.1,43,8,3,0.53021772702535,5,0.01,7.952791613631499,0.005266749413000993,0.3742017523210843,9666,1510
FedAVG,CIFAR10,0.1,43,8,1,0.6151390870412191,5,0.01,6.0239808543892,0.008858795374101764,0.1545455253748884,4362,680
FedAVG,CIFAR10,0.1,43,8,0,0.4843653440475464,5,0.01,9.499289903713462,0.005039411089503163,0.5609512379310526,12077,1885
FedAVG,CIFAR10,0.1,43,8,4,0.906083345413208,5,0.01,3.472502565729079,0.004960717951041541,0.06752294307976522,4496,700
FedAVG,CIFAR10,0.1,43,9,1,0.6151390870412191,5,0.01,6.043754263853587,0.008887873917431746,0.1417506508719806,4362,680
FedAVG,CIFAR10,0.1,43,9,2,0.40859516461690265,5,0.01,8.598214737134311,0.003821428772059694,0.6396605941732318,14401,2250
FedAVG,CIFAR10,0.1,43,9,0,0.4843653440475464,5,0.01,9.235368097362466,0.004899399521147197,0.5607597713038569,12077,1885
FedAVG,CIFAR10,0.1,43,9,4,0.906083345413208,5,0.01,3.3094794554843063,0.004727827793549009,0.059250202942428824,4496,700
FedAVG,CIFAR10,0.1,43,9,3,0.53021772702535,5,0.01,7.865311747007047,0.005208815726494733,0.37502374488632123,9666,1510
FedAVG,CIFAR10,0.1,43,10,0,0.4843653440475464,5,0.01,9.11611890376711,0.004836137349478573,0.5719424473904337,12077,1885
FedAVG,CIFAR10,0.1,43,10,1,0.6151390870412191,5,0.01,6.18259912619442,0.009092057538521206,0.15708078635227798,4362,680
FedAVG,CIFAR10,0.1,43,10,3,0.53021772702535,5,0.01,7.5926766177408975,0.005028262660755561,0.36970346005124366,9666,1510
FedAVG,CIFAR10,0.1,43,10,4,0.906083345413208,5,0.01,3.492734777784197,0.004989621111120282,0.07081640168973667,4496,700
FedAVG,CIFAR10,0.1,43,10,2,0.40859516461690265,5,0.01,8.221556651789689,0.003654025178573195,0.6228562573543139,14401,2250
FedAVG,CIFAR10,0.1,44,1,1,0.6713229815165201,5,0.01,4.377454196913666,0.017166487046720257,0.17249016215893082,1633,255
FedAVG,CIFAR10,0.1,44,1,3,0.6337862809499105,5,0.01,6.862317265404577,0.004972693670583027,0.36020061802974923,8840,1380
FedAVG,CIFAR10,0.1,44,1,0,0.4293450514475505,5,0.01,10.498232548090764,0.0070222291291577015,0.5146003913082892,9574,1495
FedAVG,CIFAR10,0.1,44,1,4,0.41526222229003906,5,0.01,11.926927480564444,0.005433679945587446,0.7426229454297469,14058,2195
FedAVG,CIFAR10,0.1,44,1,2,0.5179399251937866,5,0.01,10.38199227843318,0.006107054281431283,0.5502497317524739,10898,1700
FedAVG,CIFAR10,0.1,44,2,3,0.6337862809499105,5,0.01,6.008391984308291,0.004353907235006008,0.3429962457052029,8840,1380
FedAVG,CIFAR10,0.1,44,2,1,0.6713229815165201,5,0.01,3.839231623722503,0.015055810289107855,0.14951755351353718,1633,255
FedAVG,CIFAR10,0.1,44,2,0,0.4293450514475505,5,0.01,10.4608320473591,0.006997212071812107,0.5915316517006618,9574,1495
FedAVG,CIFAR10,0.1,44,2,2,0.5179399251937866,5,0.01,9.227433375364095,0.005427901985508291,0.526123745077159,10898,1700
FedAVG,CIFAR10,0.1,44,2,4,0.41526222229003906,5,0.01,10.935659667668867,0.004982077297343447,0.7454359573389009,14058,2195
FedAVG,CIFAR10,0.1,44,3,0,0.4293450514475505,5,0.01,9.730359270329776,0.006508601518615235,0.5513600977926448,9574,1495
FedAVG,CIFAR10,0.1,44,3,4,0.41526222229003906,5,0.01,10.450695419728437,0.004761136865479926,0.7428444956765083,14058,2195
FedAVG,CIFAR10,0.1,44,3,3,0.6337862809499105,5,0.01,6.04056905905017,0.004377223955833456,0.31578346580624467,8840,1380
FedAVG,CIFAR10,0.1,44,3,2,0.5179399251937866,5,0.01,7.945836010755877,0.004674021182797574,0.4668517123516887,10898,1700
FedAVG,CIFAR10,0.1,44,3,1,0.6713229815165201,5,0.01,3.94133385594861,0.01545621119979847,0.12542523801765038,1633,255
FedAVG,CIFAR10,0.1,44,4,0,0.4293450514475505,5,0.01,9.427505022228384,0.006306023426239722,0.5056545380242328,9574,1495
FedAVG,CIFAR10,0.1,44,4,4,0.41526222229003906,5,0.01,10.487656087838234,0.004777975438650676,0.7490180248048918,14058,2195
FedAVG,CIFAR10,0.1,44,4,1,0.6713229815165201,5,0.01,3.8814787531782993,0.015221485306581566,0.0880626908773029,1633,255
FedAVG,CIFAR10,0.1,44,4,3,0.6337862809499105,5,0.01,5.789775951190824,0.004195489819703496,0.2717376654263562,8840,1380
FedAVG,CIFAR10,0.1,44,4,2,0.5179399251937866,5,0.01,7.446573315373535,0.004380337244337374,0.4219023802693257,10898,1700
FedAVG,CIFAR10,0.1,44,5,3,0.6337862809499105,5,0.01,5.7350158166006375,0.004155808562754085,0.24863218342513868,8840,1380
FedAVG,CIFAR10,0.1,44,5,4,0.41526222229003906,5,0.01,10.66790500348267,0.004860093395664086,0.7540327401896657,14058,2195
FedAVG,CIFAR10,0.1,44,5,2,0.5179399251937866,5,0.01,7.054827094506619,0.0041498982908862465,0.3747781285410449,10898,1700
FedAVG,CIFAR10,0.1,44,5,0,0.4293450514475505,5,0.01,9.302639050414937,0.006222501037066848,0.47272719241241756,9574,1495
FedAVG,CIFAR10,0.1,44,5,1,0.6713229815165201,5,0.01,3.788068523119938,0.014855170678901717,0.0806791525416908,1633,255
FedAVG,CIFAR10,0.1,44,6,2,0.5179399251937866,5,0.01,6.908976967217805,0.004064104098363415,0.3537385663392009,10898,1700
FedAVG,CIFAR10,0.1,44,6,3,0.6337862809499105,5,0.01,5.486209372247868,0.003975514037860774,0.22606167980402642,8840,1380
FedAVG,CIFAR10,0.1,44,6,1,0.6713229815165201,5,0.01,3.8366544362628043,0.015045703671618841,0.05554994557527251,1633,255
FedAVG,CIFAR10,0.1,44,6,4,0.41526222229003906,5,0.01,10.636214538820482,0.004845655826341905,0.7527145077674064,14058,2195
FedAVG,CIFAR10,0.1,44,6,0,0.4293450514475505,5,0.01,9.313596232215945,0.006229830255662839,0.46119843686771617,9574,1495
FedAVG,CIFAR10,0.1,44,7,4,0.41526222229003906,5,0.01,10.24434439073364,0.004667127285072273,0.7451484193801337,14058,2195
FedAVG,CIFAR10,0.1,44,7,2,0.5179399251937866,5,0.01,6.622144070568532,0.003895378865040313,0.3372230107894816,10898,1700
FedAVG,CIFAR10,0.1,44,7,0,0.4293450514475505,5,0.01,9.118740539049409,0.0060994919993641525,0.450004061831311,9574,1495
FedAVG,CIFAR10,0.1,44,7,1,0.6713229815165201,5,0.01,3.806703305433035,0.014928248256600137,0.05490712781421996,1633,255
FedAVG,CIFAR10,0.1,44,7,3,0.6337862809499105,5,0.01,5.537384609795181,0.004012597543329841,0.2311155455676552,8840,1380
FedAVG,CIFAR10,0.1,44,8,4,0.41526222229003906,5,0.01,10.216930404572684,0.004654637997527419,0.7487395650652701,14058,2195
FedAVG,CIFAR10,0.1,44,8,1,0.6713229815165201,5,0.01,3.855075644809581,0.015117943705135611,0.05291290535264528,1633,255
FedAVG,CIFAR10,0.1,44,8,2,0.5179399251937866,5,0.01,6.522557549559921,0.0038367985585646596,0.3311314130015995,10898,1700
FedAVG,CIFAR10,0.1,44,8,3,0.6337862809499105,5,0.01,5.430599084432755,0.003935216727849822,0.21628852551644853,8840,1380
FedAVG,CIFAR10,0.1,44,8,0,0.4293450514475505,5,0.01,8.851274561292826,0.005920584990831321,0.4304011752893206,9574,1495
FedAVG,CIFAR10,0.1,44,9,1,0.6713229815165201,5,0.01,3.9791814731191777,0.015604633227918344,0.043801742667756174,1633,255
FedAVG,CIFAR10,0.1,44,9,4,0.41526222229003906,5,0.01,9.643047895036393,0.0043931881070780835,0.7290451008182142,14058,2195
FedAVG,CIFAR10,0.1,44,9,0,0.4293450514475505,5,0.01,8.75639366567195,0.005857119508810669,0.43431542527748684,9574,1495
FedAVG,CIFAR10,0.1,44,9,2,0.5179399251937866,5,0.01,6.64307067299934,0.003907688631176082,0.35807490238429807,10898,1700
FedAVG,CIFAR10,0.1,44,9,3,0.6337862809499105,5,0.01,5.188527947133651,0.0037598028602417763,0.21611318389547865,8840,1380
FedAVG,CIFAR10,0.1,44,10,2,0.5179399251937866,5,0.01,6.1810383788311505,0.003635904928724206,0.3324057392978117,10898,1700
FedAVG,CIFAR10,0.1,44,10,3,0.6337862809499105,5,0.01,5.309052216059598,0.0038471392869997086,0.230477550774587,8840,1380
FedAVG,CIFAR10,0.1,44,10,0,0.4293450514475505,5,0.01,8.574146537386895,0.00573521507517518,0.4386208367710416,9574,1495
FedAVG,CIFAR10,0.1,44,10,1,0.6713229815165201,5,0.01,4.003188014186738,0.0156987765262225,0.03870292684529194,1633,255
FedAVG,CIFAR10,0.1,44,10,4,0.41526222229003906,5,0.01,9.396978746011223,0.004281083711166844,0.7296418768930397,14058,2195
FedAVG,CIFAR10,0.1,45,1,4,0.4281807740529378,5,0.01,12.206776117305099,0.005401228370488982,0.6734134861998065,14480,2260
FedAVG,CIFAR10,0.1,45,1,3,0.38468722502390545,5,0.01,12.758268634791635,0.004954667430987043,0.7628731690077588,16509,2575
FedAVG,CIFAR10,0.1,45,1,2,0.6406408150990804,5,0.01,7.431381893459043,0.008691674729191863,0.26039085504477905,5477,855
FedAVG,CIFAR10,0.1,45,1,1,0.6388693650563558,5,0.01,7.677582477778753,0.0061667329138785166,0.34034671488445223,7986,1245
FedAVG,CIFAR10,0.1,45,1,0,0.7482235431671143,5,0.01,2.9351845963901497,0.034531583486942935,0.14191473824549267,550,85
FedAVG,CIFAR10,0.1,45,2,2,0.6406408150990804,5,0.01,6.836052367088727,0.007995382885483892,0.300251595097126,5477,855
FedAVG,CIFAR10,0.1,45,2,0,0.7482235431671143,5,0.01,2.459613087727695,0.028936624561502294,0.055994063862607184,550,85
FedAVG,CIFAR10,0.1,45,2,3,0.38468722502390545,5,0.01,11.842703307987303,0.004599108080771768,0.7578492029120263,16509,2575
FedAVG,CIFAR10,0.1,45,2,1,0.6388693650563558,5,0.01,6.67544051835488,0.00536179961313645,0.3269058675752508,7986,1245
FedAVG,CIFAR10,0.1,45,2,4,0.4281807740529378,5,0.01,11.238911775411669,0.004972969812129057,0.6529755649683155,14480,2260
FedAVG,CIFAR10,0.1,45,3,2,0.6406408150990804,5,0.01,6.889062880481081,0.008057383485942786,0.2545511838250586,5477,855
FedAVG,CIFAR10,0.1,45,3,4,0.4281807740529378,5,0.01,10.429917372511945,0.004615007686952188,0.6187377263592096,14480,2260
FedAVG,CIFAR10,0.1,45,3,3,0.38468722502390545,5,0.01,11.283569443672011,0.004381968715989131,0.7510389519765396,16509,2575
FedAVG,CIFAR10,0.1,45,3,0,0.7482235431671143,5,0.01,2.3400008788858044,0.027529422104538875,0.06935617271829335,550,85
FedAVG,CIFAR10,0.1,45,3,1,0.6388693650563558,5,0.01,5.918541586323934,0.004753848663714003,0.2510692111869042,7986,1245
FedAVG,CIFAR10,0.1,45,4,3,0.38468722502390545,5,0.01,11.182005362765487,0.0043425263544720335,0.7511536753627028,16509,2575
FedAVG,CIFAR10,0.1,45,4,2,0.6406408150990804,5,0.01,7.015068760068786,0.008204758783706183,0.23486889828417187,5477,855
FedAVG,CIFAR10,0.1,45,4,4,0.4281807740529378,5,0.01,9.944164834245889,0.004400072935507031,0.5801080165232048,14480,2260
FedAVG,CIFAR10,0.1,45,4,1,0.6388693650563558,5,0.01,5.611020652412011,0.004506843897519688,0.22049736486149796,7986,1245
FedAVG,CIFAR10,0.1,45,4,0,0.7482235431671143,5,0.01,2.1975605227853503,0.025853653209239415,0.04566037339885257,550,85
FedAVG,CIFAR10,0.1,45,5,2,0.6406408150990804,5,0.01,7.024323008347407,0.0082155824659034,0.2074732708516257,5477,855
FedAVG,CIFAR10,0.1,45,5,1,0.6388693650563558,5,0.01,5.51871569217005,0.00443270336720486,0.19213791922777199,7986,1245
FedAVG,CIFAR10,0.1,45,5,4,0.4281807740529378,5,0.01,9.582234981764403,0.004239926983081594,0.5458825789831668,14480,2260
FedAVG,CIFAR10,0.1,45,5,3,0.38468722502390545,5,0.01,11.256064095263229,0.004371287027286691,0.7581493369619714,16509,2575
FedAVG,CIFAR10,0.1,45,5,0,0.7482235431671143,5,0.01,2.284269456460701,0.026873758311302363,0.030874471198440574,550,85
FedAVG,CIFAR10,0.1,45,6,0,0.7482235431671143,5,0.01,2.436206344916059,0.02866125111665952,0.022856259979963645,550,85
FedAVG,CIFAR10,0.1,45,6,2,0.6406408150990804,5,0.01,7.112295176589252,0.008318473890747663,0.1909225706757152,5477,855
FedAVG,CIFAR10,0.1,45,6,3,0.38468722502390545,5,0.01,11.135767133082398,0.0043245697604203485,0.7633422132987872,16509,2575
FedAVG,CIFAR10,0.1,45,6,4,0.4281807740529378,5,0.01,9.17972144150644,0.004061823646684265,0.5240454112992189,14480,2260
FedAVG,CIFAR10,0.1,45,6,1,0.6388693650563558,5,0.01,5.27921575468128,0.004240333939503036,0.16929544940961538,7986,1245
FedAVG,CIFAR10,0.1,45,7,2,0.6406408150990804,5,0.01,7.070849024808692,0.00826999885942537,0.18850072334174833,5477,855
FedAVG,CIFAR10,0.1,45,7,4,0.4281807740529378,5,0.01,8.792709599441528,0.003890579468779437,0.5082643405705723,14480,2260
FedAVG,CIFAR10,0.1,45,7,1,0.6388693650563558,5,0.01,5.23524570245093,0.004205016628474643,0.1737958649495755,7986,1245
FedAVG,CIFAR10,0.1,45,7,0,0.7482235431671143,5,0.01,2.3695384099423697,0.02787692246991023,0.022490149808201496,550,85
FedAVG,CIFAR10,0.1,45,7,3,0.38468722502390545,5,0.01,10.739488091406646,0.004170674986954037,0.7582664004954816,16509,2575
FedAVG,CIFAR10,0.1,45,8,4,0.4281807740529378,5,0.01,8.776682790024458,0.003883487960187813,0.5110722154884275,14480,2260
FedAVG,CIFAR10,0.1,45,8,3,0.38468722502390545,5,0.01,10.578458056816062,0.004108139051190704,0.7551828220860355,16509,2575
FedAVG,CIFAR10,0.1,45,8,2,0.6406408150990804,5,0.01,7.11271764275565,0.008318968003222982,0.17593442854047617,5477,855
FedAVG,CIFAR10,0.1,45,8,1,0.6388693650563558,5,0.01,5.178195921498838,0.0041591935112440465,0.16634787423003553,7986,1245
FedAVG,CIFAR10,0.1,45,8,0,0.7482235431671143,5,0.01,2.5773933179069153,0.03032227432831665,0.018995895106171647,550,85
FedAVG,CIFAR10,0.1,45,9,1,0.6388693650563558,5,0.01,5.214906335245217,0.004188679787345556,0.17404375375237796,7986,1245
FedAVG,CIFAR10,0.1,45,9,3,0.38468722502390545,5,0.01,10.179111454745069,0.003953052992134007,0.7543089087440611,16509,2575
FedAVG,CIFAR10,0.1,45,9,4,0.4281807740529378,5,0.01,8.363910954916296,0.0037008455552726975,0.5036298123304055,14480,2260
FedAVG,CIFAR10,0.1,45,9,2,0.6406408150990804,5,0.01,6.957471879922097,0.008137394011604791,0.1744438493955293,5477,855
FedAVG,CIFAR10,0.1,45,9,0,0.7482235431671143,5,0.01,2.6601624790552862,0.03129602916535631,0.01441333285207657,550,85
FedAVG,CIFAR10,0.1,45,10,1,0.6388693650563558,5,0.01,4.990228009786141,0.0040082152689045305,0.16041885693287447,7986,1245
FedAVG,CIFAR10,0.1,45,10,2,0.6406408150990804,5,0.01,7.155064886071249,0.00836849694277339,0.18211593574000606,5477,855
FedAVG,CIFAR10,0.1,45,10,0,0.7482235431671143,5,0.01,2.748431429001987,0.03233448740002338,0.01585305295596294,550,85
FedAVG,CIFAR10,0.1,45,10,4,0.4281807740529378,5,0.01,8.1487162582105,0.0036056266629250003,0.501097858305192,14480,2260
FedAVG,CIFAR10,0.1,45,10,3,0.38468722502390545,5,0.01,10.036609901600194,0.0038977125831457064,0.7589472387220139,16509,2575
FedAVG,CIFAR10,0.1,46,1,4,0.5920425653457642,5,0.01,8.007323474659316,0.006728843256016232,0.3476725569138274,7616,1190
FedAVG,CIFAR10,0.1,46,1,1,0.7370179494222006,5,0.01,6.266968266925331,0.009216129804301957,0.22572990409017937,4383,680
FedAVG,CIFAR10,0.1,46,1,0,0.8199063936869303,5,0.01,5.431938622421589,0.007597116954435788,0.1836531562476042,4602,715
FedAVG,CIFAR10,0.1,46,1,2,0.37105921904246014,5,0.01,13.539202823984507,0.0051874340321779715,0.848162563136976,16711,2610
FedAVG,CIFAR10,0.1,46,1,3,0.5223642985026041,5,0.01,11.236751685198437,0.006157124211067636,0.5474960860804717,11691,1825
FedAVG,CIFAR10,0.1,46,2,0,0.8199063936869303,5,0.01,5.790045750435856,0.008097966084525673,0.17815287247681827,4602,715
FedAVG,CIFAR10,0.1,46,2,3,0.5223642985026041,5,0.01,10.66398117715465,0.005843277357345014,0.584961184240061,11691,1825
FedAVG,CIFAR10,0.1,46,2,2,0.37105921904246014,5,0.01,11.939548103613046,0.004574539503300018,0.8404556145262989,16711,2610
FedAVG,CIFAR10,0.1,46,2,1,0.7370179494222006,5,0.01,5.483308109353353,0.008063688396107872,0.2873191343766452,4383,680
FedAVG,CIFAR10,0.1,46,2,4,0.5920425653457642,5,0.01,7.404870968390518,0.0062225806457063175,0.3570564752596903,7616,1190
FedAVG,CIFAR10,0.1,46,3,4,0.5920425653457642,5,0.01,7.307922223748662,0.006141111112393833,0.3278154273174021,7616,1190
FedAVG,CIFAR10,0.1,46,3,1,0.7370179494222006,5,0.01,4.666326695439959,0.006862245140352881,0.17970814317009787,4383,680
FedAVG,CIFAR10,0.1,46,3,3,0.5223642985026041,5,0.01,9.915214809589443,0.005432994416213394,0.5466638372588591,11691,1825
FedAVG,CIFAR10,0.1,46,3,0,0.8199063936869303,5,0.01,5.256705054053804,0.007352035040634692,0.16640646948232238,4602,715
FedAVG,CIFAR10,0.1,46,3,2,0.37105921904246014,5,0.01,10.753238674740263,0.0041200148179081466,0.8151903989309335,16711,2610
FedAVG,CIFAR10,0.1,46,4,2,0.37105921904246014,5,0.01,10.576586604542296,0.0040523320323916845,0.8069260032043413,16711,2610
FedAVG,CIFAR10,0.1,46,4,1,0.7370179494222006,5,0.01,4.078249597399686,0.00599742587852895,0.12598450525219543,4383,680
FedAVG,CIFAR10,0.1,46,4,0,0.8199063936869303,5,0.01,5.196285868894521,0.007267532683768561,0.14999091747335358,4602,715
FedAVG,CIFAR10,0.1,46,4,4,0.5920425653457642,5,0.01,7.158860755283717,0.006015849374187998,0.2968852692317005,7616,1190
FedAVG,CIFAR10,0.1,46,4,3,0.5223642985026041,5,0.01,9.581873724530949,0.005250341766866273,0.5021521765141471,11691,1825
FedAVG,CIFAR10,0.1,46,5,1,0.7370179494222006,5,0.01,4.153573487257948,0.006108196304791101,0.10776820454981896,4383,680
FedAVG,CIFAR10,0.1,46,5,0,0.8199063936869303,5,0.01,4.994600563194949,0.006985455333139788,0.12738954166140168,4602,715
FedAVG,CIFAR10,0.1,46,5,2,0.37105921904246014,5,0.01,10.522275098161623,0.004031523026115564,0.8069330062204625,16711,2610
FedAVG,CIFAR10,0.1,46,5,3,0.5223642985026041,5,0.01,9.268334282877952,0.005078539333083809,0.4683694760613571,11691,1825
FedAVG,CIFAR10,0.1,46,5,4,0.5920425653457642,5,0.01,7.230503811076226,0.006076053622753132,0.2708171409570571,7616,1190
FedAVG,CIFAR10,0.1,46,6,1,0.7370179494222006,5,0.01,3.941428811288768,0.005796218840130541,0.08762638399469486,4383,680
FedAVG,CIFAR10,0.1,46,6,0,0.8199063936869303,5,0.01,4.913022331596652,0.006871359904330982,0.11414219420106898,4602,715
FedAVG,CIFAR10,0.1,46,6,4,0.5920425653457642,5,0.01,7.136457733683633,0.005997023305616498,0.26361569692960707,7616,1190
FedAVG,CIFAR10,0.1,46,6,2,0.37105921904246014,5,0.01,10.235206580581453,0.003921535088345384,0.8008054211366284,16711,2610
FedAVG,CIFAR10,0.1,46,6,3,0.5223642985026041,5,0.01,9.065009320298808,0.004967128394684279,0.45859331158344824,11691,1825
FedAVG,CIFAR10,0.1,46,7,2,0.37105921904246014,5,0.01,9.915445452496385,0.0037990212461671974,0.7977393639727952,16711,2610
FedAVG,CIFAR10,0.1,46,7,1,0.7370179494222006,5,0.01,4.040093051945529,0.005941313311684602,0.09773384883506082,4383,680
FedAVG,CIFAR10,0.1,46,7,4,0.5920425653457642,5,0.01,7.058597020042757,0.005931594134489711,0.2508803683780948,7616,1190
FedAVG,CIFAR10,0.1,46,7,0,0.8199063936869303,5,0.01,4.730703255351996,0.0066163681893034905,0.11080520757410844,4602,715
FedAVG,CIFAR10,0.1,46,7,3,0.5223642985026041,5,0.01,8.644181204427316,0.004736537646261542,0.4358176889194191,11691,1825
FedAVG,CIFAR10,0.1,46,8,0,0.8199063936869303,5,0.01,4.761961803406252,0.006660086438330422,0.10568387238131978,4602,715
FedAVG,CIFAR10,0.1,46,8,2,0.37105921904246014,5,0.01,9.6415004047434,0.003694061457756092,0.786900573906453,16711,2610
FedAVG,CIFAR10,0.1,46,8,4,0.5920425653457642,5,0.01,7.035422203107266,0.005912119498409467,0.24132287466863706,7616,1190
FedAVG,CIFAR10,0.1,46,8,3,0.5223642985026041,5,0.01,8.753109883930325,0.004796224593934424,0.4530671073325307,11691,1825
FedAVG,CIFAR10,0.1,46,8,1,0.7370179494222006,5,0.01,4.0143403513278795,0.005903441693129234,0.08744651041181035,4383,680
FedAVG,CIFAR10,0.1,46,9,1,0.7370179494222006,5,0.01,3.888574333357235,0.005718491666701816,0.08629043658840845,4383,680
FedAVG,CIFAR10,0.1,46,9,3,0.5223642985026041,5,0.01,8.724461830800353,0.004780527030575536,0.46013527465219395,11691,1825
FedAVG,CIFAR10,0.1,46,9,4,0.5920425653457642,5,0.01,6.949117617105009,0.005839594636222697,0.24871845340521864,7616,1190
FedAVG,CIFAR10,0.1,46,9,0,0.8199063936869303,5,0.01,4.779729389236152,0.006684936208721891,0.1079774906764209,4602,715
FedAVG,CIFAR10,0.1,46,9,2,0.37105921904246014,5,0.01,9.327840401191564,0.003573885211184507,0.7786480051412304,16711,2610
FedAVG,CIFAR10,0.1,46,10,2,0.37105921904246014,5,0.01,8.749473943785375,0.0033522888673507183,0.7659840726108917,16711,2610
FedAVG,CIFAR10,0.1,46,10,3,0.5223642985026041,5,0.01,8.417419192917514,0.004612284489269871,0.47187703089168087,11691,1825
FedAVG,CIFAR10,0.1,46,10,1,0.7370179494222006,5,0.01,3.8781788326071096,0.005703204165598691,0.07994158175288238,4383,680
FedAVG,CIFAR10,0.1,46,10,4,0.5920425653457642,5,0.01,6.751332127997977,0.005673388342855443,0.2561864791257556,7616,1190
FedAVG,CIFAR10,0.1,46,10,0,0.8199063936869303,5,0.01,4.630817955772311,0.0064766684696116236,0.1075076422754807,4602,715
FedAVG,CIFAR10,0.1,47,1,4,0.39731669425964355,5,0.01,13.225635344003107,0.006122979325927365,0.6985979588263693,13841,2160
FedAVG,CIFAR10,0.1,47,1,1,0.39552489916483563,5,0.01,12.017804976441266,0.00706929704496545,0.5641230435237414,10911,1700
FedAVG,CIFAR10,0.1,47,1,2,0.41136876742045086,5,0.01,12.289974415344908,0.006270395109869851,0.6354791602716899,12554,1960
FedAVG,CIFAR10,0.1,47,1,3,0.583410382270813,5,0.01,4.454856052354592,0.02072026070862601,0.1681353045220184,1390,215
FedAVG,CIFAR10,0.1,47,1,0,0.6497961282730103,5,0.01,7.587609877582886,0.007703157236124757,0.28331974729631093,6307,985
FedAVG,CIFAR10,0.1,47,2,0,0.6497961282730103,5,0.01,6.959059202970548,0.007065034723827968,0.3180448864827411,6307,985
FedAVG,CIFAR10,0.1,47,2,4,0.39731669425964355,5,0.01,12.327667920074864,0.005707253666701326,0.6981805668795115,13841,2160
FedAVG,CIFAR10,0.1,47,2,3,0.583410382270813,5,0.01,3.4522483016881957,0.016056968845061376,0.1764078507080598,1390,215
FedAVG,CIFAR10,0.1,47,2,1,0.39552489916483563,5,0.01,10.944678674875286,0.006438046279338403,0.5779010651531546,10911,1700
FedAVG,CIFAR10,0.1,47,2,2,0.41136876742045086,5,0.01,11.11879825697201,0.005672856253557148,0.6326007709107734,12554,1960
FedAVG,CIFAR10,0.1,47,3,0,0.6497961282730103,5,0.01,6.492134254948738,0.00659099924360278,0.2599393692337087,6307,985
FedAVG,CIFAR10,0.1,47,3,3,0.583410382270813,5,0.01,3.48850305678627,0.016225595612959394,0.13252626807715207,1390,215
FedAVG,CIFAR10,0.1,47,3,1,0.39552489916483563,5,0.01,10.077660916962238,0.005928035833507199,0.546270249291292,10911,1700
FedAVG,CIFAR10,0.1,47,3,2,0.41136876742045086,5,0.01,9.863398313334251,0.0050323460782317605,0.5806471158373361,12554,1960
FedAVG,CIFAR10,0.1,47,3,4,0.39731669425964355,5,0.01,11.500571241660024,0.005324338537805567,0.6945728623517659,13841,2160
FedAVG,CIFAR10,0.1,47,4,3,0.583410382270813,5,0.01,3.3757905118191256,0.015701351217763376,0.09536472780228307,1390,215
FedAVG,CIFAR10,0.1,47,4,0,0.6497961282730103,5,0.01,6.327496994440764,0.006423854816691131,0.21892316163819692,6307,985
FedAVG,CIFAR10,0.1,47,4,1,0.39552489916483563,5,0.01,9.754174410213697,0.00573774965306688,0.5205482956725157,10911,1700
FedAVG,CIFAR10,0.1,47,4,2,0.41136876742045086,5,0.01,9.25036142426944,0.0047195721552395105,0.5395161133576337,12554,1960
FedAVG,CIFAR10,0.1,47,4,4,0.39731669425964355,5,0.01,10.995721407466041,0.00509061176271576,0.6827045281066166,13841,2160
FedAVG,CIFAR10,0.1,47,5,4,0.39731669425964355,5,0.01,10.752304877629257,0.004977918924828359,0.6781810249220009,13841,2160
FedAVG,CIFAR10,0.1,47,5,2,0.41136876742045086,5,0.01,8.834805067834996,0.004507553606038263,0.5039447477368607,12554,1960
FedAVG,CIFAR10,0.1,47,5,1,0.39552489916483563,5,0.01,9.414316062728535,0.005537832978075609,0.48731869842357334,10911,1700
FedAVG,CIFAR10,0.1,47,5,3,0.583410382270813,5,0.01,3.2800579231717637,0.015256083363589598,0.06975800004999722,1390,215
FedAVG,CIFAR10,0.1,47,5,0,0.6497961282730103,5,0.01,6.336413851243056,0.0064329074631909195,0.19989420867086335,6307,985
FedAVG,CIFAR10,0.1,47,6,4,0.39731669425964355,5,0.01,10.3925186093935,0.004811351208052547,0.6668800060749583,13841,2160
FedAVG,CIFAR10,0.1,47,6,1,0.39552489916483563,5,0.01,9.190143510853108,0.005405966771090063,0.47483980624004435,10911,1700
FedAVG,CIFAR10,0.1,47,6,3,0.583410382270813,5,0.01,3.100589093894983,0.014421344622767363,0.04984544397608105,1390,215
FedAVG,CIFAR10,0.1,47,6,0,0.6497961282730103,5,0.01,6.134361475703972,0.006227778147922814,0.1830049620216546,6307,985
FedAVG,CIFAR10,0.1,47,6,2,0.41136876742045086,5,0.01,8.448300913257373,0.0043103576088047825,0.4826269823084906,12554,1960
FedAVG,CIFAR10,0.1,47,7,4,0.39731669425964355,5,0.01,10.234353392185305,0.004738126570456159,0.6700702200574514,13841,2160
FedAVG,CIFAR10,0.1,47,7,3,0.583410382270813,5,0.01,3.4962930716363223,0.01626182824016894,0.04067965447717182,1390,215
FedAVG,CIFAR10,0.1,47,7,2,0.41136876742045086,5,0.01,8.163791353346449,0.0041651996700747184,0.4695741969669217,12554,1960
FedAVG,CIFAR10,0.1,47,7,0,0.6497961282730103,5,0.01,6.117072626582,0.006210226016834517,0.18189398798184694,6307,985
FedAVG,CIFAR10,0.1,47,7,1,0.39552489916483563,5,0.01,8.982583835708043,0.005283872844534143,0.4611193461081168,10911,1700
FedAVG,CIFAR10,0.1,47,8,1,0.39552489916483563,5,0.01,8.950115568977669,0.005264773864104511,0.47032544517641756,10911,1700
FedAVG,CIFAR10,0.1,47,8,3,0.583410382270813,5,0.01,3.3201980661206116,0.015442781702886566,0.027379642623692326,1390,215
FedAVG,CIFAR10,0.1,47,8,0,0.6497961282730103,5,0.01,6.18751895493223,0.006281745131910894,0.18196410021082451,6307,985
FedAVG,CIFAR10,0.1,47,8,4,0.39731669425964355,5,0.01,9.71253669185961,0.004496544764749819,0.6508633517361448,13841,2160
FedAVG,CIFAR10,0.1,47,8,2,0.41136876742045086,5,0.01,7.90342315759551,0.004032358753875261,0.4605400896249528,12554,1960
FedAVG,CIFAR10,0.1,47,9,4,0.39731669425964355,5,0.01,9.682893787629391,0.00448282119797657,0.6615687238324041,13841,2160
FedAVG,CIFAR10,0.1,47,9,0,0.6497961282730103,5,0.01,6.269141249684983,0.006364610405771557,0.1860509248873383,6307,985
FedAVG,CIFAR10,0.1,47,9,2,0.41136876742045086,5,0.01,7.838704732724622,0.003999339149349297,0.46574433012395067,12554,1960
FedAVG,CIFAR10,0.1,47,9,1,0.39552489916483563,5,0.01,8.47859146812902,0.004987406745958247,0.4433056137134142,10911,1700
FedAVG,CIFAR10,0.1,47,9,3,0.583410382270813,5,0.01,3.7581359954308353,0.017479702304329468,0.03501601189345084,1390,215
FedAVG,CIFAR10,0.1,47,10,3,0.583410382270813,5,0.01,3.891422430262035,0.01809963921052109,0.033862177357645434,1390,215
FedAVG,CIFAR10,0.1,47,10,4,0.39731669425964355,5,0.01,9.23802896487231,0.0042768652615149585,0.6499874710101431,13841,2160
FedAVG,CIFAR10,0.1,47,10,0,0.6497961282730103,5,0.01,6.093030759758677,0.006185818030211855,0.18347064267447127,6307,985
FedAVG,CIFAR10,0.1,47,10,1,0.39552489916483563,5,0.01,8.488110686785433,0.004993006286344372,0.4640807411909302,10911,1700
FedAVG,CIFAR10,0.1,47,10,2,0.41136876742045086,5,0.01,7.576344933754173,0.0038654821090582515,0.4616535017063328,12554,1960
FedAVG,CIFAR10,0.1,48,1,1,0.5489862362543741,5,0.01,9.579660370322266,0.005841256323367235,0.43326961237983447,10507,1640
FedAVG,CIFAR10,0.1,48,1,0,0.8781611919403076,5,0.01,5.081346765015697,0.006473053203841652,0.1877255839913688,5024,785
FedAVG,CIFAR10,0.1,48,1,3,0.31404151519139606,5,0.01,14.831297868926317,0.005482919729732465,0.8894918626671496,17316,2705
FedAVG,CIFAR10,0.1,48,1,4,0.7846288681030273,5,0.01,5.256224883749145,0.01051244976749829,0.16561226614166824,3222,500
FedAVG,CIFAR10,0.1,48,1,2,0.4325987497965495,5,0.01,10.100369471484749,0.007240408223286558,0.4555409456007683,8933,1395
FedAVG,CIFAR10,0.1,48,2,2,0.4325987497965495,5,0.01,9.06269641268026,0.006496556568229578,0.5579486960624362,8933,1395
FedAVG,CIFAR10,0.1,48,2,3,0.31404151519139606,5,0.01,12.71444688315306,0.004700350049224792,0.8981128421104247,17316,2705
FedAVG,CIFAR10,0.1,48,2,1,0.5489862362543741,5,0.01,8.097262586217344,0.00493735523549838,0.44395959952192976,10507,1640
FedAVG,CIFAR10,0.1,48,2,0,0.8781611919403076,5,0.01,4.989760933688474,0.006356383355017164,0.1889904367287673,5024,785
FedAVG,CIFAR10,0.1,48,2,4,0.7846288681030273,5,0.01,4.675469340563978,0.009350938681127956,0.23066719816348077,3222,500
FedAVG,CIFAR10,0.1,48,3,1,0.5489862362543741,5,0.01,6.675298147135948,0.0040703037482536265,0.33129101133346794,10507,1640
FedAVG,CIFAR10,0.1,48,3,4,0.7846288681030273,5,0.01,4.644507870374141,0.009289015740748282,0.15340991503018378,3222,500
FedAVG,CIFAR10,0.1,48,3,2,0.4325987497965495,5,0.01,8.055135658905128,0.00577429079491407,0.46457772654036333,8933,1395
FedAVG,CIFAR10,0.1,48,3,3,0.31404151519139606,5,0.01,11.525019811710614,0.004260635789911502,0.8980013258306698,17316,2705
FedAVG,CIFAR10,0.1,48,3,0,0.8781611919403076,5,0.01,4.577028327493907,0.005830609334387143,0.13299983405368712,5024,785
FedAVG,CIFAR10,0.1,48,4,2,0.4325987497965495,5,0.01,7.650974405075477,0.005484569466003926,0.40794730526454964,8933,1395
FedAVG,CIFAR10,0.1,48,4,1,0.5489862362543741,5,0.01,6.067109079350453,0.0036994567557014956,0.2762150731535555,10507,1640
FedAVG,CIFAR10,0.1,48,4,3,0.31404151519139606,5,0.01,11.039029330121743,0.00408097202592301,0.8978146763954635,17316,2705
FedAVG,CIFAR10,0.1,48,4,0,0.8781611919403076,5,0.01,4.494023085371954,0.005724870172448349,0.10633963974390337,5024,785
FedAVG,CIFAR10,0.1,48,4,4,0.7846288681030273,5,0.01,4.566269425744068,0.009132538851488136,0.13047245688935738,3222,500
FedAVG,CIFAR10,0.1,48,5,2,0.4325987497965495,5,0.01,7.344185209833953,0.005264648895938318,0.3666806565925303,8933,1395
FedAVG,CIFAR10,0.1,48,5,0,0.8781611919403076,5,0.01,4.623071967512542,0.005889263652882218,0.09510578009132836,5024,785
FedAVG,CIFAR10,0.1,48,5,3,0.31404151519139606,5,0.01,10.578826948573374,0.00391084175547999,0.8947310404992246,17316,2705
FedAVG,CIFAR10,0.1,48,5,1,0.5489862362543741,5,0.01,5.749089283367056,0.003505542245955522,0.23894138469623816,10507,1640
FedAVG,CIFAR10,0.1,48,5,4,0.7846288681030273,5,0.01,4.392220489237479,0.008784440978474958,0.09593749567795944,3222,500
FedAVG,CIFAR10,0.1,48,6,0,0.8781611919403076,5,0.01,4.528462624460457,0.005768742196764913,0.10115196929624362,5024,785
FedAVG,CIFAR10,0.1,48,6,1,0.5489862362543741,5,0.01,5.5959362651946405,0.0034121562592650248,0.2387799877090043,10507,1640
FedAVG,CIFAR10,0.1,48,6,2,0.4325987497965495,5,0.01,7.109298265714077,0.005096271158217976,0.3411572140766784,8933,1395
FedAVG,CIFAR10,0.1,48,6,4,0.7846288681030273,5,0.01,4.501857988955318,0.009003715977910635,0.10647200172098248,3222,500
FedAVG,CIFAR10,0.1,48,6,3,0.31404151519139606,5,0.01,9.902782008297041,0.003660917563141235,0.8843093858214756,17316,2705
FedAVG,CIFAR10,0.1,48,7,0,0.8781611919403076,5,0.01,4.430790529252984,0.005644319145545202,0.08648849296191594,5024,785
FedAVG,CIFAR10,0.1,48,7,4,0.7846288681030273,5,0.01,4.4647284087211885,0.008929456817442376,0.09126819441635896,3222,500
FedAVG,CIFAR10,0.1,48,7,3,0.31404151519139606,5,0.01,9.702216168118813,0.0035867712266612986,0.8885240887874815,17316,2705
FedAVG,CIFAR10,0.1,48,7,2,0.4325987497965495,5,0.01,6.959788426879844,0.004989095646508849,0.3244543318693964,8933,1395
FedAVG,CIFAR10,0.1,48,7,1,0.5489862362543741,5,0.01,5.130777698808141,0.003128522987078135,0.21152273733963822,10507,1640
FedAVG,CIFAR10,0.1,48,8,4,0.7846288681030273,5,0.01,4.471244503473359,0.008942489006946719,0.08959558128951504,3222,500
FedAVG,CIFAR10,0.1,48,8,1,0.5489862362543741,5,0.01,5.123978238272475,0.003124376974556387,0.22816508145399236,10507,1640
FedAVG,CIFAR10,0.1,48,8,0,0.8781611919403076,5,0.01,4.447172278511184,0.005665187615937814,0.09566589881990153,5024,785
FedAVG,CIFAR10,0.1,48,8,2,0.4325987497965495,5,0.01,7.074281606540372,0.005071169610423205,0.3371347715311953,8933,1395
FedAVG,CIFAR10,0.1,48,8,3,0.31404151519139606,5,0.01,9.049412111956523,0.003345438858394278,0.8715075207298693,17316,2705
FedAVG,CIFAR10,0.1,48,9,1,0.5489862362543741,5,0.01,4.920087400594922,0.0030000532930456844,0.23546320361338388,10507,1640
FedAVG,CIFAR10,0.1,48,9,4,0.7846288681030273,5,0.01,4.44750585166121,0.008895011703322419,0.09511457906333223,3222,500
FedAVG,CIFAR10,0.1,48,9,3,0.31404151519139606,5,0.01,8.236344672771217,0.003044859398436679,0.8579281556258739,17316,2705
FedAVG,CIFAR10,0.1,48,9,2,0.4325987497965495,5,0.01,6.802804442392563,0.004876562324295744,0.35001196394938355,8933,1395
FedAVG,CIFAR10,0.1,48,9,0,0.8781611919403076,5,0.01,4.611794684684568,0.005874897687496265,0.10197225791613512,5024,785
FedAVG,CIFAR10,0.1,48,10,4,0.7846288681030273,5,0.01,4.554592867371377,0.009109185734742753,0.09932680062647836,3222,500
FedAVG,CIFAR10,0.1,48,10,3,0.31404151519139606,5,0.01,7.870682229215908,0.0029096791974920176,0.8412476324645477,17316,2705
FedAVG,CIFAR10,0.1,48,10,1,0.5489862362543741,5,0.01,5.1690646374904246,0.0031518686813966005,0.2693393705730516,10507,1640
FedAVG,CIFAR10,0.1,48,10,0,0.8781611919403076,5,0.01,4.515372407894889,0.00575206676164954,0.11479754941650601,5024,785
FedAVG,CIFAR10,0.1,48,10,2,0.4325987497965495,5,0.01,6.801344202633682,0.0048755155574435,0.3491049086299341,8933,1395
FedAVG,CIFAR10,0.1,49,1,2,0.6027893622716268,5,0.01,8.840257654119815,0.007928482201004318,0.3647802176237674,7151,1115
FedAVG,CIFAR10,0.1,49,1,4,0.39460790157318115,5,0.01,12.9231395389151,0.005941673351225333,0.7451664144581188,13951,2175
FedAVG,CIFAR10,0.1,49,1,3,0.4758329788843791,5,0.01,10.757279239268279,0.008118701312655305,0.46833480781632064,8503,1325
FedAVG,CIFAR10,0.1,49,1,0,0.5155852635701498,5,0.01,6.149231755179415,0.014468780600422153,0.22572434030085176,2726,425
FedAVG,CIFAR10,0.1,49,1,1,0.4779949188232422,5,0.01,10.961710771819893,0.005536217561525198,0.6036453007972306,12672,1980
FedAVG,CIFAR10,0.1,49,2,2,0.6027893622716268,5,0.01,8.034670801614869,0.007205982781717371,0.3970819771515319,7151,1115
FedAVG,CIFAR10,0.1,49,2,1,0.4779949188232422,5,0.01,10.344046586272427,0.0052242659526628415,0.6048343033115686,12672,1980
FedAVG,CIFAR10,0.1,49,2,0,0.5155852635701498,5,0.01,5.312338184784963,0.01249961925831756,0.25705737165288334,2726,425
FedAVG,CIFAR10,0.1,49,2,3,0.4758329788843791,5,0.01,9.756173514135316,0.007363149821988918,0.4791911607492377,8503,1325
FedAVG,CIFAR10,0.1,49,2,4,0.39460790157318115,5,0.01,11.43678836688634,0.005258293502016708,0.7347832236825538,13951,2175
FedAVG,CIFAR10,0.1,49,3,3,0.4758329788843791,5,0.01,8.636912486946022,0.006518424518449827,0.4407134624965122,8503,1325
FedAVG,CIFAR10,0.1,49,3,4,0.39460790157318115,5,0.01,10.230256657196373,0.004703566279170746,0.6999786139140155,13951,2175
FedAVG,CIFAR10,0.1,49,3,1,0.4779949188232422,5,0.01,9.81951162801306,0.004959349307077304,0.596499493685147,12672,1980
FedAVG,CIFAR10,0.1,49,3,0,0.5155852635701498,5,0.01,5.533017717777008,0.013018865218298842,0.250248814069469,2726,425
FedAVG,CIFAR10,0.1,49,3,2,0.6027893622716268,5,0.01,7.914699223801967,0.0070983849540824815,0.3842694379910064,7151,1115
FedAVG,CIFAR10,0.1,49,4,2,0.6027893622716268,5,0.01,7.794549342251985,0.006990627212782049,0.3450158883662942,7151,1115
FedAVG,CIFAR10,0.1,49,4,4,0.39460790157318115,5,0.01,9.512751096537112,0.004373678665074534,0.6604331321549424,13951,2175
FedAVG,CIFAR10,0.1,49,4,3,0.4758329788843791,5,0.01,7.809981280643235,0.005894325494825083,0.37850351104043756,8503,1325
FedAVG,CIFAR10,0.1,49,4,1,0.4779949188232422,5,0.01,9.722832052316996,0.004910521238543937,0.6009525960015719,12672,1980
FedAVG,CIFAR10,0.1,49,4,0,0.5155852635701498,5,0.01,5.333284902490174,0.012548905652918057,0.1913941174362724,2726,425
FedAVG,CIFAR10,0.1,49,5,3,0.4758329788843791,5,0.01,7.449277837243262,0.005622096480938311,0.3518501593937308,8503,1325
FedAVG,CIFAR10,0.1,49,5,0,0.5155852635701498,5,0.01,5.124943329300866,0.012058690186590273,0.15345133933047483,2726,425
FedAVG,CIFAR10,0.1,49,5,2,0.6027893622716268,5,0.01,7.673091808565617,0.006881696689296517,0.31958086548190795,7151,1115
FedAVG,CIFAR10,0.1,49,5,1,0.4779949188232422,5,0.01,9.47286127575364,0.004784273371592747,0.5972807486958568,12672,1980
FedAVG,CIFAR10,0.1,49,5,4,0.39460790157318115,5,0.01,8.776603829435095,0.004035220151464411,0.625432485875486,13951,2175
FedAVG,CIFAR10,0.1,49,6,2,0.6027893622716268,5,0.01,7.624324325990097,0.006837959036762419,0.3033897672066765,7151,1115
FedAVG,CIFAR10,0.1,49,6,4,0.39460790157318115,5,0.01,8.480267756981746,0.0038989736813709176,0.6139915653222471,13951,2175
FedAVG,CIFAR10,0.1,49,6,1,0.4779949188232422,5,0.01,9.366601152338673,0.0047306066425952895,0.6004008972141451,12672,1980
FedAVG,CIFAR10,0.1,49,6,0,0.5155852635701498,5,0.01,5.034191597590293,0.011845156700212453,0.1268914044426779,2726,425
FedAVG,CIFAR10,0.1,49,6,3,0.4758329788843791,5,0.01,6.9087080601240745,0.005214119290659679,0.3133282024100399,8503,1325
FedAVG,CIFAR10,0.1,49,7,0,0.5155852635701498,5,0.01,5.097329090926574,0.011993715508062526,0.11783401514431767,2726,425
FedAVG,CIFAR10,0.1,49,7,4,0.39460790157318115,5,0.01,8.183947130923935,0.003762734313068476,0.60084465506955,13951,2175
FedAVG,CIFAR10,0.1,49,7,3,0.4758329788843791,5,0.01,6.803762125861136,0.005134914811970669,0.30171783416156356,8503,1325
FedAVG,CIFAR10,0.1,49,7,2,0.6027893622716268,5,0.01,7.394957389431449,0.0066322487797591465,0.289033590252702,7151,1115
FedAVG,CIFAR10,0.1,49,7,1,0.4779949188232422,5,0.01,9.130550640104872,0.004611389212174178,0.5997980786877641,12672,1980
FedAVG,CIFAR10,0.1,49,8,3,0.4758329788843791,5,0.01,6.572423867398576,0.004960319899923454,0.2973464123094143,8503,1325
FedAVG,CIFAR10,0.1,49,8,1,0.4779949188232422,5,0.01,8.992599316525808,0.0045417168265281865,0.5959184612993453,12672,1980
FedAVG,CIFAR10,0.1,49,8,2,0.6027893622716268,5,0.01,7.384638697299062,0.006622994347353419,0.29034584970557964,7151,1115
FedAVG,CIFAR10,0.1,49,8,0,0.5155852635701498,5,0.01,5.09849143275151,0.011996450430003554,0.11453706494679933,2726,425
FedAVG,CIFAR10,0.1,49,8,4,0.39460790157318115,5,0.01,7.957169082702326,0.0036584685437711846,0.5924750065075322,13951,2175
FedAVG,CIFAR10,0.1,49,9,0,0.5155852635701498,5,0.01,4.945955069665054,0.011637541340388361,0.10901498484619827,2726,425
FedAVG,CIFAR10,0.1,49,9,3,0.4758329788843791,5,0.01,6.44814108610277,0.004866521574417185,0.29680857533982197,8503,1325
FedAVG,CIFAR10,0.1,49,9,1,0.4779949188232422,5,0.01,8.600834363102797,0.004343855738940807,0.5928778889931922,12672,1980
FedAVG,CIFAR10,0.1,49,9,2,0.6027893622716268,5,0.01,7.221900741818323,0.006477041024052307,0.287145959954616,7151,1115
FedAVG,CIFAR10,0.1,49,9,4,0.39460790157318115,5,0.01,7.588412095797711,0.003488925101516189,0.5850645227752611,13951,2175
FedAVG,CIFAR10,0.1,49,10,3,0.4758329788843791,5,0.01,6.312973622110181,0.004764508394045419,0.29005033191700186,8503,1325
FedAVG,CIFAR10,0.1,49,10,1,0.4779949188232422,5,0.01,8.519533250874908,0.004302794571148943,0.5909194091798282,12672,1980
FedAVG,CIFAR10,0.1,49,10,4,0.39460790157318115,5,0.01,7.606170402868645,0.003497089840399377,0.5915702073720158,13951,2175
FedAVG,CIFAR10,0.1,49,10,2,0.6027893622716268,5,0.01,7.2634221953326366,0.006514279995814024,0.2851113621322063,7151,1115
FedAVG,CIFAR10,0.1,49,10,0,0.5155852635701498,5,0.01,5.1813927764594885,0.012191512415198797,0.1034512219050704,2726,425
FedAVG,CIFAR10,0.1,50,1,1,0.863502581914266,5,0.01,4.643642026544453,0.0059917961632831645,0.15124215240728417,4976,775
FedAVG,CIFAR10,0.1,50,1,0,0.80733855565389,5,0.01,4.985977557474088,0.011731711899939032,0.14328915865256894,2726,425
FedAVG,CIFAR10,0.1,50,1,2,0.2607847849527995,5,0.01,16.139648866271774,0.004935672436168738,0.9239693637037539,20953,3270
FedAVG,CIFAR10,0.1,50,1,4,0.4568888346354167,5,0.01,11.512547308419073,0.005888771001748887,0.4991826772134985,12514,1955
FedAVG,CIFAR10,0.1,50,1,3,0.7249987920125326,5,0.01,5.6273895936388625,0.009457797636367836,0.19546363036039127,3834,595
FedAVG,CIFAR10,0.1,50,2,4,0.4568888346354167,5,0.01,10.151683969979796,0.0051926772224960595,0.5563420922455593,12514,1955
FedAVG,CIFAR10,0.1,50,2,0,0.80733855565389,5,0.01,4.497694213324126,0.010582809913703825,0.2128087597987967,2726,425
FedAVG,CIFAR10,0.1,50,2,2,0.2607847849527995,5,0.01,13.774114794050751,0.004212267521116438,0.9257902103833991,20953,3270
FedAVG,CIFAR10,0.1,50,2,3,0.7249987920125326,5,0.01,4.4893018581040804,0.007545045139670723,0.2413313876082899,3834,595
FedAVG,CIFAR10,0.1,50,2,1,0.863502581914266,5,0.01,5.21038828483458,0.006723081657851071,0.20316294663066536,4976,775
FedAVG,CIFAR10,0.1,50,3,3,0.7249987920125326,5,0.01,4.110244632656169,0.006907974172531376,0.15296403770418243,3834,595
FedAVG,CIFAR10,0.1,50,3,4,0.4568888346354167,5,0.01,9.000428989501271,0.004603799994629806,0.45127786711554646,12514,1955
FedAVG,CIFAR10,0.1,50,3,1,0.863502581914266,5,0.01,5.251606351898835,0.006776266260514626,0.14033409579557912,4976,775
FedAVG,CIFAR10,0.1,50,3,2,0.2607847849527995,5,0.01,12.467710276761379,0.0038127554363184646,0.9172243912879273,20953,3270
FedAVG,CIFAR10,0.1,50,3,0,0.80733855565389,5,0.01,4.219867727859728,0.009929100536140536,0.1276229182349177,2726,425
FedAVG,CIFAR10,0.1,50,4,1,0.863502581914266,5,0.01,5.226210793699951,0.006743497798322518,0.12605407171205846,4976,775
FedAVG,CIFAR10,0.1,50,4,0,0.80733855565389,5,0.01,4.1386929528227805,0.009738101065465367,0.08211873646557245,2726,425
FedAVG,CIFAR10,0.1,50,4,3,0.7249987920125326,5,0.01,3.936925453931967,0.006616681435179777,0.10095738205973434,3834,595
FedAVG,CIFAR10,0.1,50,4,4,0.4568888346354167,5,0.01,8.450272067442274,0.004322389804318299,0.3893777834250347,12514,1955
FedAVG,CIFAR10,0.1,50,4,2,0.2607847849527995,5,0.01,12.234024007843809,0.0037412917455179845,0.9191884317097946,20953,3270
FedAVG,CIFAR10,0.1,50,5,0,0.80733855565389,5,0.01,4.092624223631981,0.00962970405560466,0.07189145313863404,2726,425
FedAVG,CIFAR10,0.1,50,5,4,0.4568888346354167,5,0.01,8.13427717068781,0.00416075558602957,0.348583632734116,12514,1955
FedAVG,CIFAR10,0.1,50,5,2,0.2607847849527995,5,0.01,11.86656599212557,0.0036289192636469636,0.9172019925574304,20953,3270
FedAVG,CIFAR10,0.1,50,5,3,0.7249987920125326,5,0.01,4.0032761330609725,0.00672819518161508,0.08235277711932175,3834,595
FedAVG,CIFAR10,0.1,50,5,1,0.863502581914266,5,0.01,5.27470224715145,0.00680606741567929,0.10776645875538288,4976,775
FedAVG,CIFAR10,0.1,50,6,2,0.2607847849527995,5,0.01,11.538101727175931,0.0035284714762005907,0.9159357297969486,20953,3270
FedAVG,CIFAR10,0.1,50,6,0,0.80733855565389,5,0.01,4.080580583870038,0.009601366079694206,0.056584171845784306,2726,425
FedAVG,CIFAR10,0.1,50,6,3,0.7249987920125326,5,0.01,3.966457905414336,0.0066663158074190525,0.06993739256305861,3834,595
FedAVG,CIFAR10,0.1,50,6,1,0.863502581914266,5,0.01,5.29216648058422,0.006828601910431252,0.09852904304247058,4976,775
FedAVG,CIFAR10,0.1,50,6,4,0.4568888346354167,5,0.01,7.934528082361209,0.004058582139315196,0.33828653485255533,12514,1955
FedAVG,CIFAR10,0.1,50,7,1,0.863502581914266,5,0.01,5.387190897816179,0.006951214061698296,0.09728633624581648,4976,775
FedAVG,CIFAR10,0.1,50,7,2,0.2607847849527995,5,0.01,11.18977590085604,0.0034219498167755475,0.9108721453479565,20953,3270
FedAVG,CIFAR10,0.1,50,7,0,0.80733855565389,5,0.01,4.4194820537517945,0.010398781302945399,0.05450092089146866,2726,425
FedAVG,CIFAR10,0.1,50,7,3,0.7249987920125326,5,0.01,4.108035713984602,0.006904261704175802,0.072964461259603,3834,595
FedAVG,CIFAR10,0.1,50,7,4,0.4568888346354167,5,0.01,7.891757081851471,0.004036704389693847,0.33995906439173557,12514,1955
FedAVG,CIFAR10,0.1,50,8,0,0.80733855565389,5,0.01,4.293608228931002,0.01010260759748471,0.0529449928173793,2726,425
FedAVG,CIFAR10,0.1,50,8,1,0.863502581914266,5,0.01,5.451939610125815,0.0070347607872591165,0.10115506759209851,4976,775
FedAVG,CIFAR10,0.1,50,8,3,0.7249987920125326,5,0.01,4.116982411083928,0.006919298169888954,0.0632229910049485,3834,595
FedAVG,CIFAR10,0.1,50,8,4,0.4568888346354167,5,0.01,7.63042046994173,0.0039030283733717287,0.33447007058034206,12514,1955
FedAVG,CIFAR10,0.1,50,8,2,0.2607847849527995,5,0.01,10.716976385559501,0.003277362809039603,0.9078647631935256,20953,3270
FedAVG,CIFAR10,0.1,50,9,2,0.2607847849527995,5,0.01,9.644161515660649,0.0029492848671745105,0.8953754186825515,20953,3270
FedAVG,CIFAR10,0.1,50,9,0,0.80733855565389,5,0.01,4.568342495452727,0.010749041165771123,0.05655567793741815,2726,425
FedAVG,CIFAR10,0.1,50,9,4,0.4568888346354167,5,0.01,7.364241915618071,0.003766875660162696,0.35597416038233776,12514,1955
FedAVG,CIFAR10,0.1,50,9,1,0.863502581914266,5,0.01,5.602164142961933,0.00722859889414443,0.10172653307601691,4976,775
FedAVG,CIFAR10,0.1,50,9,3,0.7249987920125326,5,0.01,4.268179044321012,0.007173410158522709,0.07604657888831469,3834,595
FedAVG,CIFAR10,0.1,50,10,4,0.4568888346354167,5,0.01,7.1085777989289065,0.0036361011759227144,0.3473399813109853,12514,1955
FedAVG,CIFAR10,0.1,50,10,1,0.863502581914266,5,0.01,5.601193648181099,0.007227346642814322,0.11454169891202269,4976,775
FedAVG,CIFAR10,0.1,50,10,2,0.2607847849527995,5,0.01,9.594255110882893,0.002934022969688958,0.8993518061993176,20953,3270
FedAVG,CIFAR10,0.1,50,10,0,0.80733855565389,5,0.01,4.607896983458967,0.010842110549315217,0.05659915677250686,2726,425
FedAVG,CIFAR10,0.1,50,10,3,0.7249987920125326,5,0.01,4.116069968097194,0.006917764652264191,0.07059814268968262,3834,595
FedAVG,CIFAR10,0.1,51,1,4,0.45677439371744794,5,0.01,11.25646325442416,0.005572506561596119,0.578145292956828,12948,2020
FedAVG,CIFAR10,0.1,51,1,1,0.39560731252034503,5,0.01,12.879755547919123,0.004675047385814563,0.813129128579539,17657,2755
FedAVG,CIFAR10,0.1,51,1,2,0.8305829366048177,5,0.01,3.406382793962026,0.021289892462262663,0.1415245124113672,1052,160
FedAVG,CIFAR10,0.1,51,1,0,0.5471198956171671,5,0.01,9.426886085198403,0.006242970917349935,0.42688018624143387,9686,1510
FedAVG,CIFAR10,0.1,51,1,3,0.7245081265767416,5,0.01,5.545348081476637,0.009728680844695853,0.18008206379519057,3660,570
FedAVG,CIFAR10,0.1,51,2,0,0.5471198956171671,5,0.01,8.346725894022251,0.005527633042398842,0.41228312780725845,9686,1510
FedAVG,CIFAR10,0.1,51,2,2,0.8305829366048177,5,0.01,2.6072789691149465,0.016295493556968417,0.10536748011182323,1052,160
FedAVG,CIFAR10,0.1,51,2,1,0.39560731252034503,5,0.01,11.741601301953752,0.004261924247533123,0.8197031265229613,17657,2755
FedAVG,CIFAR10,0.1,51,2,3,0.7245081265767416,5,0.01,5.1551323376732,0.009044091820479298,0.22152120464116695,3660,570
FedAVG,CIFAR10,0.1,51,2,4,0.45677439371744794,5,0.01,9.7964496438289,0.00484972754644995,0.556993509702025,12948,2020
FedAVG,CIFAR10,0.1,51,3,1,0.39560731252034503,5,0.01,11.281818217664966,0.004095033835813055,0.8186986164075797,17657,2755
FedAVG,CIFAR10,0.1,51,3,0,0.5471198956171671,5,0.01,8.110961458223999,0.005371497654452979,0.3783388241626695,9686,1510
FedAVG,CIFAR10,0.1,51,3,3,0.7245081265767416,5,0.01,5.223739270817286,0.009164454861082957,0.18596261842116268,3660,570
FedAVG,CIFAR10,0.1,51,3,4,0.45677439371744794,5,0.01,8.90869430729435,0.004410244706581362,0.4943262606910272,12948,2020
FedAVG,CIFAR10,0.1,51,3,2,0.8305829366048177,5,0.01,2.3765156747794043,0.014853222967371276,0.084001961612879,1052,160
FedAVG,CIFAR10,0.1,51,4,4,0.45677439371744794,5,0.01,8.493882693245284,0.004204892422398656,0.44843479892414023,12948,2020
FedAVG,CIFAR10,0.1,51,4,3,0.7245081265767416,5,0.01,5.304661675232167,0.009306423991635381,0.14671246382966557,3660,570
FedAVG,CIFAR10,0.1,51,4,1,0.39560731252034503,5,0.01,11.256590926358914,0.004085876924268208,0.8215895253924506,17657,2755
FedAVG,CIFAR10,0.1,51,4,0,0.5471198956171671,5,0.01,8.050045699965782,0.005331156092692571,0.350282827903578,9686,1510
FedAVG,CIFAR10,0.1,51,4,2,0.8305829366048177,5,0.01,2.383657506429081,0.014897859415181755,0.06791731833797701,1052,160
FedAVG,CIFAR10,0.1,51,5,2,0.8305829366048177,5,0.01,2.303971002056558,0.014399818762853487,0.0361769174595432,1052,160
FedAVG,CIFAR10,0.1,51,5,4,0.45677439371744794,5,0.01,8.047477937690491,0.003983899969153709,0.40659283449362876,12948,2020
FedAVG,CIFAR10,0.1,51,5,3,0.7245081265767416,5,0.01,5.31835860452845,0.009330453692155176,0.1265295938152044,3660,570
FedAVG,CIFAR10,0.1,51,5,1,0.39560731252034503,5,0.01,11.299007150007526,0.004101273012706906,0.8294784825458937,17657,2755
FedAVG,CIFAR10,0.1,51,5,0,0.5471198956171671,5,0.01,7.844379762193128,0.0051949534848961115,0.3144248243095669,9686,1510
FedAVG,CIFAR10,0.1,51,6,3,0.7245081265767416,5,0.01,5.234467859573414,0.009183276946620024,0.10678155642963158,3660,570
FedAVG,CIFAR10,0.1,51,6,0,0.5471198956171671,5,0.01,7.595205658795965,0.005029937522381434,0.29784350603738297,9686,1510
FedAVG,CIFAR10,0.1,51,6,2,0.8305829366048177,5,0.01,2.3015565067029335,0.014384728166893335,0.028949874409196448,1052,160
FedAVG,CIFAR10,0.1,51,6,1,0.39560731252034503,5,0.01,11.00289892319329,0.003993792712592846,0.8278904495595231,17657,2755
FedAVG,CIFAR10,0.1,51,6,4,0.45677439371744794,5,0.01,7.71780082442793,0.0038206934774395692,0.38457729789532746,12948,2020
FedAVG,CIFAR10,0.1,51,7,0,0.5471198956171671,5,0.01,7.632850387333571,0.005054867806181172,0.3008107538363029,9686,1510
FedAVG,CIFAR10,0.1,51,7,3,0.7245081265767416,5,0.01,5.251597505515206,0.009213328957044221,0.10470701419190005,3660,570
FedAVG,CIFAR10,0.1,51,7,2,0.8305829366048177,5,0.01,2.454927712451715,0.015343298202823218,0.024833077690530458,1052,160
FedAVG,CIFAR10,0.1,51,7,4,0.45677439371744794,5,0.01,7.388057216924645,0.0036574540677844778,0.3657303926471175,12948,2020
FedAVG,CIFAR10,0.1,51,7,1,0.39560731252034503,5,0.01,10.7218585618692,0.00389178169214853,0.8280114968939039,17657,2755
FedAVG,CIFAR10,0.1,51,8,3,0.7245081265767416,5,0.01,5.304126249050151,0.009305484647456405,0.092628926228853,3660,570
FedAVG,CIFAR10,0.1,51,8,1,0.39560731252034503,5,0.01,10.351858479023496,0.0037574803916600712,0.8249449039999054,17657,2755
FedAVG,CIFAR10,0.1,51,8,2,0.8305829366048177,5,0.01,2.4206252066806284,0.015128907541753927,0.013401594249410523,1052,160
FedAVG,CIFAR10,0.1,51,8,0,0.5471198956171671,5,0.01,7.291855295849657,0.004829043242284541,0.2837855339763428,9686,1510
FedAVG,CIFAR10,0.1,51,8,4,0.45677439371744794,5,0.01,7.27301665997231,0.003600503297015995,0.36847820414340415,12948,2020
FedAVG,CIFAR10,0.1,51,9,1,0.39560731252034503,5,0.01,9.701095575784212,0.003521268811536919,0.8098923838267466,17657,2755
FedAVG,CIFAR10,0.1,51,9,3,0.7245081265767416,5,0.01,5.4028710643399585,0.0094787211655087,0.10413260920729314,3660,570
FedAVG,CIFAR10,0.1,51,9,4,0.45677439371744794,5,0.01,7.070102497715884,0.003500050741443507,0.38221326106189574,12948,2020
FedAVG,CIFAR10,0.1,51,9,2,0.8305829366048177,5,0.01,2.6360767110899994,0.016475479444312498,0.019769670380855007,1052,160
FedAVG,CIFAR10,0.1,51,9,0,0.5471198956171671,5,0.01,7.25398156115837,0.004803961298780378,0.3004895339896424,9686,1510
FedAVG,CIFAR10,0.1,51,10,0,0.5471198956171671,5,0.01,7.131734428109763,0.004723002932523022,0.30927802388827713,9686,1510
FedAVG,CIFAR10,0.1,51,10,1,0.39560731252034503,5,0.01,9.142517911728996,0.003318518298268238,0.8012435670738031,17657,2755
FedAVG,CIFAR10,0.1,51,10,4,0.45677439371744794,5,0.01,6.860004643029432,0.003396041902489818,0.38704722707910877,12948,2020
FedAVG,CIFAR10,0.1,51,10,2,0.8305829366048177,5,0.01,2.69717453487863,0.016857340842991436,0.026509060135929654,1052,160
FedAVG,CIFAR10,0.1,51,10,3,0.7245081265767416,5,0.01,5.521940064115233,0.009687614147570585,0.10864909565362561,3660,570
FedAVG,CIFAR10,0.01,42,1,2,0.671928326288859,5,0.01,6.778274072320965,0.005401015197068498,0.33973731475267416,8059,1255
FedAVG,CIFAR10,0.01,42,1,1,0.45727765560150146,5,0.01,11.836685298679896,0.005180168620866475,0.7786617526578782,14626,2285
FedAVG,CIFAR10,0.01,42,1,0,0.5140166680018107,5,0.01,11.038183782301521,0.0062539284885561024,0.597512569975463,11304,1765
FedAVG,CIFAR10,0.01,42,1,3,0.9994733333587646,5,0.01,2.523758411820059,0.007765410497907873,0.0038983873612335918,2109,325
FedAVG,CIFAR10,0.01,42,1,4,0.6506414413452148,5,0.01,6.922524718454515,0.004980233610398932,0.36076934724533405,8903,1390
FedAVG,CIFAR10,0.01,42,2,3,0.9994733333587646,5,0.01,2.330553783730084,0.007170934719169489,0.01400435845329364,2109,325
FedAVG,CIFAR10,0.01,42,2,1,0.45727765560150146,5,0.01,10.215934691605678,0.004470868574006861,0.7654714973814771,14626,2285
FedAVG,CIFAR10,0.01,42,2,2,0.671928326288859,5,0.01,5.418124356089301,0.004317230562620957,0.3321748143679204,8059,1255
FedAVG,CIFAR10,0.01,42,2,4,0.6506414413452148,5,0.01,5.90970372983768,0.00425158541714941,0.3426094541691812,8903,1390
FedAVG,CIFAR10,0.01,42,2,0,0.5140166680018107,5,0.01,10.322276798836276,0.005848315466762763,0.6133513015043298,11304,1765
FedAVG,CIFAR10,0.01,42,3,3,0.9994733333587646,5,0.01,2.3085799520277037,0.007103322929316012,0.018471899660449688,2109,325
FedAVG,CIFAR10,0.01,42,3,1,0.45727765560150146,5,0.01,9.03311554044922,0.003953223431268805,0.7265253395796192,14626,2285
FedAVG,CIFAR10,0.01,42,3,0,0.5140166680018107,5,0.01,9.753828112042267,0.005526248222120265,0.6184703202671602,11304,1765
FedAVG,CIFAR10,0.01,42,3,4,0.6506414413452148,5,0.01,5.522964604327874,0.003973355830451708,0.3131531943939048,8903,1390
FedAVG,CIFAR10,0.01,42,3,2,0.671928326288859,5,0.01,4.775694376823932,0.0038053341647999455,0.2700473451093173,8059,1255
FedAVG,CIFAR10,0.01,42,4,0,0.5140166680018107,5,0.01,9.390085531095545,0.00532016177399181,0.6150784342859736,11304,1765
FedAVG,CIFAR10,0.01,42,4,3,0.9994733333587646,5,0.01,2.2214782052873865,0.00683531755473042,0.01778011523510144,2109,325
FedAVG,CIFAR10,0.01,42,4,2,0.671928326288859,5,0.01,4.590135672630971,0.0036574786236103357,0.2190684670306299,8059,1255
FedAVG,CIFAR10,0.01,42,4,1,0.45727765560150146,5,0.01,8.340541409097938,0.0036501275313338896,0.6982405312551127,14626,2285
FedAVG,CIFAR10,0.01,42,4,4,0.6506414413452148,5,0.01,5.416852690747389,0.003897016324278697,0.29581889457075217,8903,1390
FedAVG,CIFAR10,0.01,42,5,1,0.45727765560150146,5,0.01,7.887017734382846,0.0034516488990734557,0.6721246297150932,14626,2285
FedAVG,CIFAR10,0.01,42,5,3,0.9994733333587646,5,0.01,2.1609148974551213,0.006648968915246527,0.014371272074982141,2109,325
FedAVG,CIFAR10,0.01,42,5,4,0.6506414413452148,5,0.01,5.295689561171435,0.0038098486051593057,0.2772787042824141,8903,1390
FedAVG,CIFAR10,0.01,42,5,0,0.5140166680018107,5,0.01,9.245805088388478,0.005238416480673359,0.6196956137504186,11304,1765
FedAVG,CIFAR10,0.01,42,5,2,0.671928326288859,5,0.01,4.4333240423810745,0.003532529117435119,0.20183889749037212,8059,1255
FedAVG,CIFAR10,0.01,42,6,3,0.9994733333587646,5,0.01,2.1562885715095583,0.0066347340661832566,0.022335459400965325,2109,325
FedAVG,CIFAR10,0.01,42,6,0,0.5140166680018107,5,0.01,9.141057578677913,0.005179069449675871,0.6254214291332876,11304,1765
FedAVG,CIFAR10,0.01,42,6,4,0.6506414413452148,5,0.01,5.146993579376514,0.0037028730786881395,0.2646149071535978,8903,1390
FedAVG,CIFAR10,0.01,42,6,2,0.671928326288859,5,0.01,4.324921409297439,0.0034461525173684776,0.18913323829573447,8059,1255
FedAVG,CIFAR10,0.01,42,6,1,0.45727765560150146,5,0.01,7.460724030296247,0.003265087102974288,0.6456277342931809,14626,2285
FedAVG,CIFAR10,0.01,42,7,3,0.9994733333587646,5,0.01,2.04843106034329,0.006302864801056276,0.01459374908361522,2109,325
FedAVG,CIFAR10,0.01,42,7,4,0.6506414413452148,5,0.01,5.010233195098274,0.003604484313020341,0.26140995066751943,8903,1390
FedAVG,CIFAR10,0.01,42,7,0,0.5140166680018107,5,0.01,8.841750024499014,0.005009490098866296,0.6360007211044199,11304,1765
FedAVG,CIFAR10,0.01,42,7,1,0.45727765560150146,5,0.01,6.841804826998191,0.0029942253072202146,0.6193499296036421,14626,2285
FedAVG,CIFAR10,0.01,42,7,2,0.671928326288859,5,0.01,4.242341116150832,0.0033803514869727744,0.18354331183424613,8059,1255
FedAVG,CIFAR10,0.01,42,8,4,0.6506414413452148,5,0.01,5.045027163371274,0.00362951594487142,0.2781406071816168,8903,1390
FedAVG,CIFAR10,0.01,42,8,3,0.9994733333587646,5,0.01,2.111751996744418,0.006497698451521286,0.017470956222462534,2109,325
FedAVG,CIFAR10,0.01,42,8,1,0.45727765560150146,5,0.01,6.319658370740875,0.0027657148230813455,0.5812317631373143,14626,2285
FedAVG,CIFAR10,0.01,42,8,2,0.671928326288859,5,0.01,4.160936965754915,0.00331548762211547,0.19294065981075237,8059,1255
FedAVG,CIFAR10,0.01,42,8,0,0.5140166680018107,5,0.01,8.60536546177968,0.004875561168147128,0.6439921411040211,11304,1765
FedAVG,CIFAR10,0.01,42,9,1,0.45727765560150146,5,0.01,6.006961777658766,0.0026288672987565716,0.5821011154226433,14626,2285
FedAVG,CIFAR10,0.01,42,9,2,0.671928326288859,5,0.01,3.8708577060423677,0.0030843487697548746,0.17548352056814456,8059,1255
FedAVG,CIFAR10,0.01,42,9,0,0.5140166680018107,5,0.01,8.310405144427696,0.004708444841035522,0.6470390253809436,11304,1765
FedAVG,CIFAR10,0.01,42,9,3,0.9994733333587646,5,0.01,1.9112670263936764,0.005880821619672851,0.0017337942763900561,2109,325
FedAVG,CIFAR10,0.01,42,9,4,0.6506414413452148,5,0.01,4.80499152244035,0.0034568284334103236,0.2606731488768923,8903,1390
FedAVG,CIFAR10,0.01,42,10,3,0.9994733333587646,5,0.01,2.06796232240863,0.006362960992026554,0.03333986701873938,2109,325
FedAVG,CIFAR10,0.01,42,10,2,0.671928326288859,5,0.01,4.0822833181191145,0.0032528153929235974,0.20599025938665072,8059,1255
FedAVG,CIFAR10,0.01,42,10,4,0.6506414413452148,5,0.01,4.647904001659118,0.0033438158285317393,0.26467875400258706,8903,1390
FedAVG,CIFAR10,0.01,42,10,0,0.5140166680018107,5,0.01,8.084219055738094,0.004580294082571158,0.6578491688242709,11304,1765
FedAVG,CIFAR10,0.01,42,10,1,0.45727765560150146,5,0.01,5.647918167274178,0.002471736615874914,0.5454099569768761,14626,2285
FedAVG,CIFAR10,0.01,43,1,1,0.9992596308390299,5,0.01,2.575890194476781,0.00367984313496683,0.024183298940413024,4502,700
FedAVG,CIFAR10,0.01,43,1,4,0.9907287756601969,5,0.01,3.077782926740491,0.004365649541475874,0.080063428519086,4537,705
FedAVG,CIFAR10,0.01,43,1,0,0.4122955799102783,5,0.01,13.003501679511919,0.004916257723823031,0.907294548429336,16940,2645
FedAVG,CIFAR10,0.01,43,1,3,0.6656469504038492,5,0.01,7.290607497406533,0.00520757678386181,0.34062040849133046,8976,1400
FedAVG,CIFAR10,0.01,43,1,2,0.5878098011016846,5,0.01,8.004019179644223,0.005114389252168832,0.4283838333919984,10046,1565
FedAVG,CIFAR10,0.01,43,2,0,0.4122955799102783,5,0.01,11.931703529141762,0.00451104103181163,0.9165668370057819,16940,2645
FedAVG,CIFAR10,0.01,43,2,3,0.6656469504038492,5,0.01,5.9517250142921245,0.004251232153065803,0.32055316967489067,8976,1400
FedAVG,CIFAR10,0.01,43,2,2,0.5878098011016846,5,0.01,7.335838893875839,0.00468743699289191,0.46752415796809055,10046,1565
FedAVG,CIFAR10,0.01,43,2,1,0.9992596308390299,5,0.01,2.629435907620408,0.0037563370108862973,0.039080472034982765,4502,700
FedAVG,CIFAR10,0.01,43,2,4,0.9907287756601969,5,0.01,2.8480625899486474,0.004039805092125741,0.06659773000136957,4537,705
FedAVG,CIFAR10,0.01,43,3,2,0.5878098011016846,5,0.01,6.767472692870288,0.004324263701514561,0.40208376129244666,10046,1565
FedAVG,CIFAR10,0.01,43,3,0,0.4122955799102783,5,0.01,10.649873524359606,0.004026417211478112,0.9053610052143463,16940,2645
FedAVG,CIFAR10,0.01,43,3,4,0.9907287756601969,5,0.01,3.3163979147640683,0.0047041105173958415,0.05840084536026166,4537,705
FedAVG,CIFAR10,0.01,43,3,1,0.9992596308390299,5,0.01,2.5893184910231826,0.0036990264157474037,0.034922812877006666,4502,700
FedAVG,CIFAR10,0.01,43,3,3,0.6656469504038492,5,0.01,5.488040089496219,0.0039200286353544425,0.28912059006992175,8976,1400
FedAVG,CIFAR10,0.01,43,4,3,0.6656469504038492,5,0.01,5.188977683324342,0.0037064126309459587,0.24748015191154657,8976,1400
FedAVG,CIFAR10,0.01,43,4,1,0.9992596308390299,5,0.01,2.632868504828957,0.003761240721184224,0.027367064194511372,4502,700
FedAVG,CIFAR10,0.01,43,4,4,0.9907287756601969,5,0.01,2.8785990864545434,0.004083119271566728,0.0477918063793656,4537,705
FedAVG,CIFAR10,0.01,43,4,2,0.5878098011016846,5,0.01,6.659322127010061,0.0042551579086326265,0.36475901549258155,10046,1565
FedAVG,CIFAR10,0.01,43,4,0,0.4122955799102783,5,0.01,10.099629533396861,0.003818385456860817,0.9002810499012408,16940,2645
FedAVG,CIFAR10,0.01,43,5,2,0.5878098011016846,5,0.01,6.651006404468781,0.0042498443479033745,0.3573599647705057,10046,1565
FedAVG,CIFAR10,0.01,43,5,0,0.4122955799102783,5,0.01,9.665180602588068,0.0036541325529633527,0.8931077555788017,16940,2645
FedAVG,CIFAR10,0.01,43,5,1,0.9992596308390299,5,0.01,2.6359905677680304,0.0037657008110971862,0.02433569009309047,4502,700
FedAVG,CIFAR10,0.01,43,5,3,0.6656469504038492,5,0.01,4.904563361191919,0.0035032595437085134,0.210859876837183,8976,1400
FedAVG,CIFAR10,0.01,43,5,4,0.9907287756601969,5,0.01,2.9418322809618456,0.004172811746045171,0.04146534732411775,4537,705
FedAVG,CIFAR10,0.01,43,6,1,0.9992596308390299,5,0.01,2.8375432798563653,0.004053633256937665,0.02821728817251477,4502,700
FedAVG,CIFAR10,0.01,43,6,2,0.5878098011016846,5,0.01,6.493528617786053,0.004149219564080545,0.3378519303400012,10046,1565
FedAVG,CIFAR10,0.01,43,6,4,0.9907287756601969,5,0.01,2.8135052524692368,0.003990787592154946,0.041211633449519516,4537,705
FedAVG,CIFAR10,0.01,43,6,3,0.6656469504038492,5,0.01,4.933885033429051,0.0035242035953064648,0.22379274437193858,8976,1400
FedAVG,CIFAR10,0.01,43,6,0,0.4122955799102783,5,0.01,9.16398490906299,0.0034646445780956484,0.8846886987996447,16940,2645
FedAVG,CIFAR10,0.01,43,7,3,0.6656469504038492,5,0.01,4.735937513367784,0.0033828125095484167,0.20691197778157958,8976,1400
FedAVG,CIFAR10,0.01,43,7,2,0.5878098011016846,5,0.01,6.9365606108655875,0.004432307099594625,0.38284568622687476,10046,1565
FedAVG,CIFAR10,0.01,43,7,4,0.9907287756601969,5,0.01,2.9558311708160274,0.0041926683273986205,0.05871760301874948,4537,705
FedAVG,CIFAR10,0.01,43,7,1,0.9992596308390299,5,0.01,2.704385899898993,0.0038634084284271328,0.03811926780539293,4502,700
FedAVG,CIFAR10,0.01,43,7,0,0.4122955799102783,5,0.01,8.655681737625745,0.0032724694660210755,0.8560531932412216,16940,2645
FedAVG,CIFAR10,0.01,43,8,2,0.5878098011016846,5,0.01,6.200762637111444,0.003962148649911465,0.32379435692424413,10046,1565
FedAVG,CIFAR10,0.01,43,8,4,0.9907287756601969,5,0.01,2.8398573456029297,0.00402816644766373,0.0495176502925589,4537,705
FedAVG,CIFAR10,0.01,43,8,3,0.6656469504038492,5,0.01,4.426244113728757,0.003161602938377683,0.19636866554089452,8976,1400
FedAVG,CIFAR10,0.01,43,8,0,0.4122955799102783,5,0.01,8.41751411024542,0.003182424994421709,0.8794145512039782,16940,2645
FedAVG,CIFAR10,0.01,43,8,1,0.9992596308390299,5,0.01,2.685599728112923,0.0038365710401613187,0.038746594564146954,4502,700
FedAVG,CIFAR10,0.01,43,9,4,0.9907287756601969,5,0.01,2.957912246098466,0.004195620207231867,0.09493767744065938,4537,705
FedAVG,CIFAR10,0.01,43,9,0,0.4122955799102783,5,0.01,7.619975059379556,0.0028808979430546525,0.8339992919589213,16940,2645
FedAVG,CIFAR10,0.01,43,9,1,0.9992596308390299,5,0.01,2.8016013537265585,0.0040022876481807974,0.053870878221223065,4502,700
FedAVG,CIFAR10,0.01,43,9,2,0.5878098011016846,5,0.01,6.581293894919846,0.0042052996133673136,0.40248746690932957,10046,1565
FedAVG,CIFAR10,0.01,43,9,3,0.6656469504038492,5,0.01,4.39216820639652,0.003137263004568943,0.21054478791326808,8976,1400
FedAVG,CIFAR10,0.01,43,10,2,0.5878098011016846,5,0.01,5.950857721746868,0.0038024649979213213,0.35362948719367443,10046,1565
FedAVG,CIFAR10,0.01,43,10,1,0.9992596308390299,5,0.01,2.70091996850278,0.003858457097861114,0.027577252600829858,4502,700
FedAVG,CIFAR10,0.01,43,10,0,0.4122955799102783,5,0.01,7.419208375290015,0.0028049937146654123,0.8607901140405565,16940,2645
FedAVG,CIFAR10,0.01,43,10,3,0.6656469504038492,5,0.01,4.199855662640913,0.0029998969018863665,0.19969320130845422,8976,1400
FedAVG,CIFAR10,0.01,43,10,4,0.9907287756601969,5,0.01,2.6941662316359936,0.0038215123852992816,0.04112679170961534,4537,705
FedAVG,CIFAR10,0.01,44,1,4,0.4309428930282593,5,0.01,13.338792550440187,0.005466718258377126,0.7897055555281505,15627,2440
FedAVG,CIFAR10,0.01,44,1,2,0.8221529324849447,5,0.01,4.730641385925032,0.005565460454029449,0.17480582100993267,5468,850
FedAVG,CIFAR10,0.01,44,1,1,1.0,5,0.01,2.3444471123773494,0.006423142773636574,-0.001344246214841066,2367,365
FedAVG,CIFAR10,0.01,44,1,0,0.5108823776245117,5,0.01,11.807272338598239,0.00587426484507375,0.6105241060561681,12866,2010
FedAVG,CIFAR10,0.01,44,1,3,0.6154587268829346,5,0.01,8.364830578713857,0.0061733067001578275,0.3531406118372406,8675,1355
FedAVG,CIFAR10,0.01,44,2,3,0.6154587268829346,5,0.01,8.54952428464264,0.00630961201818645,0.4331619973280381,8675,1355
FedAVG,CIFAR10,0.01,44,2,1,1.0,5,0.01,2.3889641532208437,0.006545107269098202,0.017449171477676148,2367,365
FedAVG,CIFAR10,0.01,44,2,4,0.4309428930282593,5,0.01,11.0618328943531,0.004533538071456189,0.7577981026293847,15627,2440
FedAVG,CIFAR10,0.01,44,2,2,0.8221529324849447,5,0.01,4.9485875288877725,0.005821867681044438,0.15643849837438098,5468,850
FedAVG,CIFAR10,0.01,44,2,0,0.5108823776245117,5,0.01,10.072413652614228,0.005011151070952353,0.5946031491095397,12866,2010
FedAVG,CIFAR10,0.01,44,3,3,0.6154587268829346,5,0.01,7.8072885011363855,0.005761836532203975,0.3869418306413554,8675,1355
FedAVG,CIFAR10,0.01,44,3,1,1.0,5,0.01,2.0628213386049534,0.005651565311246448,-0.003824687585590532,2367,365
FedAVG,CIFAR10,0.01,44,3,2,0.8221529324849447,5,0.01,5.355236714871478,0.006300278488084092,0.16758097333219307,5468,850
FedAVG,CIFAR10,0.01,44,3,0,0.5108823776245117,5,0.01,8.654325783352828,0.004305634718085984,0.5531916163692757,12866,2010
FedAVG,CIFAR10,0.01,44,3,4,0.4309428930282593,5,0.01,9.71190592827332,0.003980289314866115,0.7411129666897334,15627,2440
FedAVG,CIFAR10,0.01,44,4,2,0.8221529324849447,5,0.01,5.546087421299458,0.006524808730940539,0.17995135302151197,5468,850
FedAVG,CIFAR10,0.01,44,4,4,0.4309428930282593,5,0.01,9.05802453301535,0.003712305136481701,0.7324181480861771,15627,2440
FedAVG,CIFAR10,0.01,44,4,1,1.0,5,0.01,2.038570225545411,0.005585123905603865,0.024980083056349217,2367,365
FedAVG,CIFAR10,0.01,44,4,0,0.5108823776245117,5,0.01,7.913002106991573,0.003936816968652524,0.5178797170238603,12866,2010
FedAVG,CIFAR10,0.01,44,4,3,0.6154587268829346,5,0.01,7.66571803614059,0.0056573564842365975,0.3670150469454171,8675,1355
FedAVG,CIFAR10,0.01,44,5,0,0.5108823776245117,5,0.01,7.540123522005506,0.00375130523482861,0.5027657915287532,12866,2010
FedAVG,CIFAR10,0.01,44,5,4,0.4309428930282593,5,0.01,8.473156426277328,0.0034726050927366098,0.7100025983652949,15627,2440
FedAVG,CIFAR10,0.01,44,5,3,0.6154587268829346,5,0.01,7.532451246942404,0.005559004610289598,0.3652518204143464,8675,1355
FedAVG,CIFAR10,0.01,44,5,1,1.0,5,0.01,1.7908842308296544,0.004906532139259327,-0.005623805693908211,2367,365
FedAVG,CIFAR10,0.01,44,5,2,0.8221529324849447,5,0.01,5.913182109920702,0.0069566848352008255,0.1849223733586709,5468,850
FedAVG,CIFAR10,0.01,44,6,4,0.4309428930282593,5,0.01,8.027084088304361,0.003289788560780476,0.7051851674820309,15627,2440
FedAVG,CIFAR10,0.01,44,6,0,0.5108823776245117,5,0.01,7.031418536164578,0.0034982181771963075,0.4733484091084079,12866,2010
FedAVG,CIFAR10,0.01,44,6,1,1.0,5,0.01,2.041986667853649,0.005594484021516847,0.01985259381616702,2367,365
FedAVG,CIFAR10,0.01,44,6,2,0.8221529324849447,5,0.01,6.133373905025296,0.007215734005912113,0.19620040873148278,5468,850
FedAVG,CIFAR10,0.01,44,6,3,0.6154587268829346,5,0.01,7.455359724683683,0.0055021104979215375,0.36329292999196994,8675,1355
FedAVG,CIFAR10,0.01,44,7,4,0.4309428930282593,5,0.01,7.470416552670759,0.0030616461281437538,0.6762907968085361,15627,2440
FedAVG,CIFAR10,0.01,44,7,0,0.5108823776245117,5,0.01,6.833552272223414,0.0033997772498623948,0.47923313681035,12866,2010
FedAVG,CIFAR10,0.01,44,7,1,1.0,5,0.01,1.9065679755504255,0.005223473905617604,0.0018638899021055093,2367,365
FedAVG,CIFAR10,0.01,44,7,3,0.6154587268829346,5,0.01,7.380315433213095,0.005446727256983834,0.3618741935340092,8675,1355
FedAVG,CIFAR10,0.01,44,7,2,0.8221529324849447,5,0.01,6.306842754005501,0.007419815004712354,0.20620023109027166,5468,850
FedAVG,CIFAR10,0.01,44,8,1,1.0,5,0.01,1.9874938739650314,0.005445188695794607,0.022615177697573534,2367,365
FedAVG,CIFAR10,0.01,44,8,4,0.4309428930282593,5,0.01,7.041295895577691,0.0028857770063842997,0.6563894040158175,15627,2440
FedAVG,CIFAR10,0.01,44,8,0,0.5108823776245117,5,0.01,6.746331335952221,0.0033563837492299607,0.4910303548829611,12866,2010
FedAVG,CIFAR10,0.01,44,8,2,0.8221529324849447,5,0.01,6.315525859854873,0.007430030423358673,0.19979029587247532,5468,850
FedAVG,CIFAR10,0.01,44,8,3,0.6154587268829346,5,0.01,7.380855314325771,0.005447125693229351,0.38147235493229575,8675,1355
FedAVG,CIFAR10,0.01,44,9,3,0.6154587268829346,5,0.01,7.206869300182226,0.00531872273076179,0.3706028664933876,8675,1355
FedAVG,CIFAR10,0.01,44,9,4,0.4309428930282593,5,0.01,6.92384232463915,0.002837640296983258,0.6589954893586832,15627,2440
FedAVG,CIFAR10,0.01,44,9,0,0.5108823776245117,5,0.01,6.408630736257172,0.0031883735006254586,0.47632322556570694,12866,2010
FedAVG,CIFAR10,0.01,44,9,2,0.8221529324849447,5,0.01,6.5577440122181105,0.007714992955550718,0.22671837403307107,5468,850
FedAVG,CIFAR10,0.01,44,9,1,1.0,5,0.01,2.0229143813995627,0.00554223118191661,-0.005093332512651603,2367,365
FedAVG,CIFAR10,0.01,44,10,1,1.0,5,0.01,2.3121137829509038,0.006334558309454531,0.03224066093427693,2367,365
FedAVG,CIFAR10,0.01,44,10,3,0.6154587268829346,5,0.01,7.051504286975124,0.005204062204409686,0.3797799107170453,8675,1355
FedAVG,CIFAR10,0.01,44,10,0,0.5108823776245117,5,0.01,6.078216193220991,0.0030239881558313387,0.4651703137206043,12866,2010
FedAVG,CIFAR10,0.01,44,10,4,0.4309428930282593,5,0.01,6.580428958891488,0.0026968971142997903,0.6591212325952581,15627,2440
FedAVG,CIFAR10,0.01,44,10,2,0.8221529324849447,5,0.01,6.462110058695507,0.007602482421994714,0.21767085903831496,5468,850
FedAVG,CIFAR10,0.01,45,1,3,0.46871312459309894,5,0.01,12.229211097856211,0.00545946924011438,0.777461986214418,14342,2240
FedAVG,CIFAR10,0.01,45,1,4,0.6666663487752279,5,0.01,7.651399418258143,0.005524476114265807,0.37355391675238453,8878,1385
FedAVG,CIFAR10,0.01,45,1,0,1.0,5,0.01,2.3668781444926212,0.003381254492132316,-0.009617559481280876,4500,700
FedAVG,CIFAR10,0.01,45,1,2,0.5090245405832926,5,0.01,10.082526669085631,0.004801203175755062,0.6287643930633677,13469,2100
FedAVG,CIFAR10,0.01,45,1,1,0.961184581120809,5,0.01,3.371561874773229,0.00566649054583736,0.13663818276006298,3813,595
FedAVG,CIFAR10,0.01,45,2,4,0.6666663487752279,5,0.01,7.551461546384266,0.005452318806053622,0.3967066501295297,8878,1385
FedAVG,CIFAR10,0.01,45,2,0,1.0,5,0.01,2.630118993897524,0.003757312848425034,-0.002995325740455684,4500,700
FedAVG,CIFAR10,0.01,45,2,1,0.961184581120809,5,0.01,2.857362152949484,0.004802289332688208,0.12732026228773013,3813,595
FedAVG,CIFAR10,0.01,45,2,2,0.5090245405832926,5,0.01,8.969367769288812,0.0042711275091851485,0.6079754310729208,13469,2100
FedAVG,CIFAR10,0.01,45,2,3,0.46871312459309894,5,0.01,10.751730785828546,0.004799879815102029,0.7664243164714407,14342,2240
FedAVG,CIFAR10,0.01,45,3,4,0.6666663487752279,5,0.01,7.346311052918728,0.005304195706078504,0.3906748435061839,8878,1385
FedAVG,CIFAR10,0.01,45,3,0,1.0,5,0.01,2.898166146695814,0.004140237352422592,0.010895908977537214,4500,700
FedAVG,CIFAR10,0.01,45,3,1,0.961184581120809,5,0.01,2.6686926356941174,0.0044851977070489366,0.11372596929623599,3813,595
FedAVG,CIFAR10,0.01,45,3,2,0.5090245405832926,5,0.01,8.449739324609794,0.00402368539267133,0.5959936306942033,13469,2100
FedAVG,CIFAR10,0.01,45,3,3,0.46871312459309894,5,0.01,9.69742514436611,0.00432920765373487,0.7378523250119466,14342,2240
FedAVG,CIFAR10,0.01,45,4,4,0.6666663487752279,5,0.01,7.401383861221881,0.005343959466586196,0.37249317546271793,8878,1385
FedAVG,CIFAR10,0.01,45,4,3,0.46871312459309894,5,0.01,9.037241512955312,0.004034482818283621,0.7069944356318196,14342,2240
FedAVG,CIFAR10,0.01,45,4,0,1.0,5,0.01,2.9562600139232207,0.004223228591318887,0.02792015194222484,4500,700
FedAVG,CIFAR10,0.01,45,4,2,0.5090245405832926,5,0.01,8.165946557634442,0.0038885459798259246,0.5915326819235697,13469,2100
FedAVG,CIFAR10,0.01,45,4,1,0.961184581120809,5,0.01,2.352136921373629,0.003953171296426267,0.08050000563373545,3813,595
FedAVG,CIFAR10,0.01,45,5,4,0.6666663487752279,5,0.01,7.3454637573983295,0.0053035839403598045,0.368211310044437,8878,1385
FedAVG,CIFAR10,0.01,45,5,1,0.961184581120809,5,0.01,2.4099971191909804,0.004050415326371396,0.07646447146330308,3813,595
FedAVG,CIFAR10,0.01,45,5,2,0.5090245405832926,5,0.01,7.780893713915585,0.0037051874828169453,0.5747755469560675,13469,2100
FedAVG,CIFAR10,0.01,45,5,0,1.0,5,0.01,3.039684120162337,0.0043424058859461954,0.009798737545789938,4500,700
FedAVG,CIFAR10,0.01,45,5,3,0.46871312459309894,5,0.01,8.333879670614166,0.003720481995809896,0.6797495611761668,14342,2240
FedAVG,CIFAR10,0.01,45,6,1,0.961184581120809,5,0.01,2.2659347278593263,0.0038082936602677753,0.06124403576530519,3813,595
FedAVG,CIFAR10,0.01,45,6,3,0.46871312459309894,5,0.01,7.95294606232438,0.0035504223492519556,0.6645938707572656,14342,2240
FedAVG,CIFAR10,0.01,45,6,0,1.0,5,0.01,2.925345152360158,0.004179064503371654,0.013151101114365456,4500,700
FedAVG,CIFAR10,0.01,45,6,4,0.6666663487752279,5,0.01,7.239856949343478,0.005227333537432114,0.36052146906428845,8878,1385
FedAVG,CIFAR10,0.01,45,6,2,0.5090245405832926,5,0.01,7.520149051612466,0.003581023357910698,0.5710965293537386,13469,2100
FedAVG,CIFAR10,0.01,45,7,1,0.961184581120809,5,0.01,2.256565374230741,0.003792546847446624,0.05581867136061322,3813,595
FedAVG,CIFAR10,0.01,45,7,3,0.46871312459309894,5,0.01,7.594421492194627,0.003390366737586887,0.6483143669878294,14342,2240
FedAVG,CIFAR10,0.01,45,7,2,0.5090245405832926,5,0.01,7.229783340774495,0.0034427539717973785,0.5576006260572578,13469,2100
FedAVG,CIFAR10,0.01,45,7,4,0.6666663487752279,5,0.01,7.297519932534028,0.005268967460313378,0.36865924163037517,8878,1385
FedAVG,CIFAR10,0.01,45,7,0,1.0,5,0.01,2.989124922570867,0.004270178460815524,0.029306119607379076,4500,700
FedAVG,CIFAR10,0.01,45,8,1,0.961184581120809,5,0.01,2.0689398259771496,0.0034772097915582345,0.03382646163486875,3813,595
FedAVG,CIFAR10,0.01,45,8,2,0.5090245405832926,5,0.01,6.9139750167713325,0.0032923690556053964,0.5510864054847893,13469,2100
FedAVG,CIFAR10,0.01,45,8,3,0.46871312459309894,5,0.01,7.16258965720743,0.003197584668396174,0.6370768538117996,14342,2240
FedAVG,CIFAR10,0.01,45,8,4,0.6666663487752279,5,0.01,7.146309233020764,0.00515979005994279,0.3739008930049473,8878,1385
FedAVG,CIFAR10,0.01,45,8,0,1.0,5,0.01,3.04234878039265,0.004346212543418071,0.029439776490083315,4500,700
FedAVG,CIFAR10,0.01,45,9,3,0.46871312459309894,5,0.01,6.8780570785914215,0.0030705611957997417,0.6263577894217868,14342,2240
FedAVG,CIFAR10,0.01,45,9,4,0.6666663487752279,5,0.01,7.063678236392154,0.005100128690535851,0.37819934397112714,8878,1385
FedAVG,CIFAR10,0.01,45,9,2,0.5090245405832926,5,0.01,6.778999756624445,0.0032280951222021163,0.5631752520082035,13469,2100
FedAVG,CIFAR10,0.01,45,9,1,0.961184581120809,5,0.01,2.430771978631193,0.004085331056523013,0.07185609728854152,3813,595
FedAVG,CIFAR10,0.01,45,9,0,1.0,5,0.01,2.8165908199808967,0.004023701171401281,0.023097633029598236,4500,700
FedAVG,CIFAR10,0.01,45,10,1,0.961184581120809,5,0.01,2.1083938936921345,0.003543519149062411,0.032170528330589816,3813,595
FedAVG,CIFAR10,0.01,45,10,4,0.6666663487752279,5,0.01,6.751819949025809,0.004874960252004195,0.38204384202366537,8878,1385
FedAVG,CIFAR10,0.01,45,10,3,0.46871312459309894,5,0.01,6.356056437633456,0.002837525195372079,0.612074482459575,14342,2240
FedAVG,CIFAR10,0.01,45,10,0,1.0,5,0.01,2.9865963644169824,0.004266566234881404,0.03649710134482028,4500,700
FedAVG,CIFAR10,0.01,45,10,2,0.5090245405832926,5,0.01,6.352891665525481,0.003025186507393086,0.55739163589764,13469,2100
FedAVG,CIFAR10,0.01,46,1,2,1.0,5,0.01,2.3697975275639376,0.0033854250393770538,-0.020563347615867627,4501,700
FedAVG,CIFAR10,0.01,46,1,4,0.5091838041941324,5,0.01,11.43584679337136,0.005432706315140788,0.4606922379675396,13498,2105
FedAVG,CIFAR10,0.01,46,1,0,0.9997531572977701,5,0.01,2.59075238676296,0.0037010748382328,0.006725062706654527,4500,700
FedAVG,CIFAR10,0.01,46,1,3,0.33330706755320233,5,0.01,16.367351714750534,0.004656430075320209,0.927834812654514,22501,3515
FedAVG,CIFAR10,0.01,46,1,1,0.0,5,0.01,0.0,0.0,0.0,0,0
FedAVG,CIFAR10,0.01,46,2,0,0.9997531572977701,5,0.01,3.190600624502829,0.0045580008921468984,0.04657202248293902,4500,700
FedAVG,CIFAR10,0.01,46,2,1,0.0,5,0.01,0.0,0.0,0.0,0,0
FedAVG,CIFAR10,0.01,46,2,2,1.0,5,0.01,3.70896695301472,0.005298524218592457,0.042715833304917225,4501,700
FedAVG,CIFAR10,0.01,46,2,4,0.5091838041941324,5,0.01,9.844110915015426,0.0046765372517888005,0.46667825969568294,13498,2105
FedAVG,CIFAR10,0.01,46,2,3,0.33330706755320233,5,0.01,13.79101893737909,0.003923476226850381,0.9204580584427982,22501,3515
FedAVG,CIFAR10,0.01,46,3,1,0.0,5,0.01,0.0,0.0,0.0,0,0
FedAVG,CIFAR10,0.01,46,3,3,0.33330706755320233,5,0.01,12.471134157190544,0.0035479755781480924,0.9223425632158485,22501,3515
FedAVG,CIFAR10,0.01,46,3,0,0.9997531572977701,5,0.01,2.9582889569861726,0.004226127081408818,0.0013147951913900888,4500,700
FedAVG,CIFAR10,0.01,46,3,4,0.5091838041941324,5,0.01,8.619204226206238,0.004094633836677548,0.3890060486650456,13498,2105
FedAVG,CIFAR10,0.01,46,3,2,1.0,5,0.01,2.931598386430836,0.0041879976949011945,-0.006202353153993442,4501,700
FedAVG,CIFAR10,0.01,46,4,3,0.33330706755320233,5,0.01,11.993545198101428,0.003412103897041658,0.9194356368560309,22501,3515
FedAVG,CIFAR10,0.01,46,4,1,0.0,5,0.01,0.0,0.0,0.0,0,0
FedAVG,CIFAR10,0.01,46,4,0,0.9997531572977701,5,0.01,3.1839432441041273,0.004548490348720182,0.01410125199520348,4500,700
FedAVG,CIFAR10,0.01,46,4,2,1.0,5,0.01,3.30802588235779,0.0047257512605111286,0.013231492515016893,4501,700
FedAVG,CIFAR10,0.01,46,4,4,0.5091838041941324,5,0.01,8.15684280689654,0.003874984706364152,0.3438546777204359,13498,2105
FedAVG,CIFAR10,0.01,46,5,3,0.33330706755320233,5,0.01,11.136972064532397,0.0031684131051301274,0.9179376008574683,22501,3515
FedAVG,CIFAR10,0.01,46,5,0,0.9997531572977701,5,0.01,3.171356479526319,0.00453050925646617,0.012923675538132683,4500,700
FedAVG,CIFAR10,0.01,46,5,4,0.5091838041941324,5,0.01,7.63129680746456,0.003625319148439221,0.32033100900678585,13498,2105
FedAVG,CIFAR10,0.01,46,5,2,1.0,5,0.01,3.164550358927385,0.004520786227039122,0.0031512109179888726,4501,700
FedAVG,CIFAR10,0.01,46,5,1,0.0,5,0.01,0.0,0.0,0.0,0,0
FedAVG,CIFAR10,0.01,46,6,4,0.5091838041941324,5,0.01,7.431138798938454,0.0035302322085218308,0.32642571311634166,13498,2105
FedAVG,CIFAR10,0.01,46,6,1,0.0,5,0.01,0.0,0.0,0.0,0,0
FedAVG,CIFAR10,0.01,46,6,3,0.33330706755320233,5,0.01,10.401380274856901,0.002959140903230982,0.9091226392359769,22501,3515
FedAVG,CIFAR10,0.01,46,6,0,0.9997531572977701,5,0.01,3.0842632697353958,0.00440609038533628,0.017190538031181736,4500,700
FedAVG,CIFAR10,0.01,46,6,2,1.0,5,0.01,3.4413064475996524,0.004916152067999504,0.022086135594677706,4501,700
FedAVG,CIFAR10,0.01,46,7,1,0.0,5,0.01,0.0,0.0,0.0,0,0
FedAVG,CIFAR10,0.01,46,7,2,1.0,5,0.01,3.2819698020057086,0.004688528288579584,0.015538046463658578,4501,700
FedAVG,CIFAR10,0.01,46,7,0,0.9997531572977701,5,0.01,3.150898598682959,0.004501283712404227,0.016387034662652348,4500,700
FedAVG,CIFAR10,0.01,46,7,3,0.33330706755320233,5,0.01,9.649942696434707,0.0027453606533242407,0.9035067634887181,22501,3515
FedAVG,CIFAR10,0.01,46,7,4,0.5091838041941324,5,0.01,7.124562743345343,0.0033845903768861484,0.33279085352441096,13498,2105
FedAVG,CIFAR10,0.01,46,8,2,1.0,5,0.01,3.0758497417678585,0.0043940710596683695,0.017937941452070227,4501,700
FedAVG,CIFAR10,0.01,46,8,1,0.0,5,0.01,0.0,0.0,0.0,0,0
FedAVG,CIFAR10,0.01,46,8,0,0.9997531572977701,5,0.01,3.2747929067548536,0.0046782755810783625,0.021715190265430704,4500,700
FedAVG,CIFAR10,0.01,46,8,4,0.5091838041941324,5,0.01,6.882763929909886,0.0032697215819049337,0.33792823457021115,13498,2105
FedAVG,CIFAR10,0.01,46,8,3,0.33330706755320233,5,0.01,8.994546834456479,0.0025589037935864803,0.8965675514256024,22501,3515
FedAVG,CIFAR10,0.01,46,9,1,0.0,5,0.01,0.0,0.0,0.0,0,0
FedAVG,CIFAR10,0.01,46,9,2,1.0,5,0.01,3.1710404351181882,0.004530057764454555,0.018801135339187525,4501,700
FedAVG,CIFAR10,0.01,46,9,3,0.33330706755320233,5,0.01,8.576910171840701,0.0024400882423444383,0.8898791824724978,22501,3515
FedAVG,CIFAR10,0.01,46,9,4,0.5091838041941324,5,0.01,6.787360390201166,0.0032243992352499603,0.36064275278251395,13498,2105
FedAVG,CIFAR10,0.01,46,9,0,0.9997531572977701,5,0.01,3.238549544517254,0.004626499349310363,0.02064891195794913,4500,700
FedAVG,CIFAR10,0.01,46,10,1,0.0,5,0.01,0.0,0.0,0.0,0,0
FedAVG,CIFAR10,0.01,46,10,2,1.0,5,0.01,3.063194113669152,0.004375991590955932,0.021481975637413445,4501,700
FedAVG,CIFAR10,0.01,46,10,4,0.5091838041941324,5,0.01,6.597605647967613,0.0031342544645926902,0.36148723502673497,13498,2105
FedAVG,CIFAR10,0.01,46,10,3,0.33330706755320233,5,0.01,8.155347218169036,0.0023201556808446757,0.8857039464073772,22501,3515
FedAVG,CIFAR10,0.01,46,10,0,0.9997531572977701,5,0.01,3.0625774829805414,0.004375110689972202,0.028065363162579737,4500,700
FedAVG,CIFAR10,0.01,47,1,3,0.7613141536712646,5,0.01,5.769919805681753,0.006171037225328078,0.2563347027605719,6009,935
FedAVG,CIFAR10,0.01,47,1,4,0.6640845537185669,5,0.01,6.558453109474714,0.005488245279895158,0.3041213656030788,7666,1195
FedAVG,CIFAR10,0.01,47,1,2,0.9486202398935953,5,0.01,4.554675119027513,0.006196836896636072,0.1567651767636103,4721,735
FedAVG,CIFAR10,0.01,47,1,0,0.40790923436482746,5,0.01,13.80175083060687,0.004911655099860096,0.9397222173562169,17998,2810
FedAVG,CIFAR10,0.01,47,1,1,0.6674157778422037,5,0.01,6.313597004582875,0.004694124166976115,0.29873402931253623,8609,1345
FedAVG,CIFAR10,0.01,47,2,0,0.40790923436482746,5,0.01,12.663317105101935,0.004506518542740902,0.9410618145708013,17998,2810
FedAVG,CIFAR10,0.01,47,2,4,0.6640845537185669,5,0.01,5.735725441939337,0.0047997702443007,0.30837937258265735,7666,1195
FedAVG,CIFAR10,0.01,47,2,1,0.6674157778422037,5,0.01,5.7075491933332865,0.004243530998760808,0.2986355468332203,8609,1345
FedAVG,CIFAR10,0.01,47,2,2,0.9486202398935953,5,0.01,3.829333447356449,0.005209977479396529,0.12546165374839074,4721,735
FedAVG,CIFAR10,0.01,47,2,3,0.7613141536712646,5,0.01,5.153314956171783,0.0055115667980446875,0.24576647507087288,6009,935
FedAVG,CIFAR10,0.01,47,3,3,0.7613141536712646,5,0.01,4.516840240879248,0.00483084517741096,0.18111450250731384,6009,935
FedAVG,CIFAR10,0.01,47,3,2,0.9486202398935953,5,0.01,3.8134853872169945,0.005188415492812237,0.10261346591459322,4721,735
FedAVG,CIFAR10,0.01,47,3,0,0.40790923436482746,5,0.01,11.340818220621014,0.004035878370327763,0.9399138719389055,17998,2810
FedAVG,CIFAR10,0.01,47,3,4,0.6640845537185669,5,0.01,5.0732825668521375,0.0042454247421356795,0.24163079025184306,7666,1195
FedAVG,CIFAR10,0.01,47,3,1,0.6674157778422037,5,0.01,4.894559311597177,0.0036390775550908376,0.22085506925888074,8609,1345
FedAVG,CIFAR10,0.01,47,4,0,0.40790923436482746,5,0.01,10.40889859341277,0.0037042343748799893,0.9425560134006961,17998,2810
FedAVG,CIFAR10,0.01,47,4,1,0.6674157778422037,5,0.01,4.587867588939129,0.0034110539694714712,0.20210426467112144,8609,1345
FedAVG,CIFAR10,0.01,47,4,2,0.9486202398935953,5,0.01,3.440699573306481,0.004681223909260518,0.08414563093923773,4721,735
FedAVG,CIFAR10,0.01,47,4,3,0.7613141536712646,5,0.01,4.2580457881866485,0.004554059666509784,0.1473343085090057,6009,935
FedAVG,CIFAR10,0.01,47,4,4,0.6640845537185669,5,0.01,4.633874639275332,0.0038777193634103196,0.19867055096618016,7666,1195
FedAVG,CIFAR10,0.01,47,5,0,0.40790923436482746,5,0.01,9.91020562909589,0.0035267635690732703,0.9352563820947505,17998,2810
FedAVG,CIFAR10,0.01,47,5,2,0.9486202398935953,5,0.01,3.6759989605357237,0.005001359129980576,0.08782200842969105,4721,735
FedAVG,CIFAR10,0.01,47,5,4,0.6640845537185669,5,0.01,4.745464251721007,0.003971099792235152,0.19002853354991173,7666,1195
FedAVG,CIFAR10,0.01,47,5,3,0.7613141536712646,5,0.01,4.3156265474293,0.004615643366234545,0.13409398049732846,6009,935
FedAVG,CIFAR10,0.01,47,5,1,0.6674157778422037,5,0.01,4.301692434888473,0.003198284338207043,0.17067656520030394,8609,1345
FedAVG,CIFAR10,0.01,47,6,4,0.6640845537185669,5,0.01,4.386766003751492,0.003670933894352713,0.16170002959212973,7666,1195
FedAVG,CIFAR10,0.01,47,6,3,0.7613141536712646,5,0.01,4.052140630634254,0.004333840246667651,0.1175559204488318,6009,935
FedAVG,CIFAR10,0.01,47,6,0,0.40790923436482746,5,0.01,9.255143879923189,0.003293645508869462,0.9394097662606791,17998,2810
FedAVG,CIFAR10,0.01,47,6,1,0.6674157778422037,5,0.01,4.100334336999366,0.0030485757152411645,0.15562432544313648,8609,1345
FedAVG,CIFAR10,0.01,47,6,2,0.9486202398935953,5,0.01,3.2740435376197703,0.0044544810035643135,0.062199398620316274,4721,735
FedAVG,CIFAR10,0.01,47,7,4,0.6640845537185669,5,0.01,4.459049313812895,0.003731422019927109,0.1788687775329926,7666,1195
FedAVG,CIFAR10,0.01,47,7,1,0.6674157778422037,5,0.01,4.16250627713092,0.0030948002060452932,0.17733698048579,8609,1345
FedAVG,CIFAR10,0.01,47,7,2,0.9486202398935953,5,0.01,3.5477610345531203,0.004826885761296762,0.07284006723972061,4721,735
FedAVG,CIFAR10,0.01,47,7,3,0.7613141536712646,5,0.01,3.9752807554295635,0.004251637171582421,0.11931807481948428,6009,935
FedAVG,CIFAR10,0.01,47,7,0,0.40790923436482746,5,0.01,8.414079450902305,0.002994334324164521,0.9229373451976958,17998,2810
FedAVG,CIFAR10,0.01,47,8,3,0.7613141536712646,5,0.01,3.9683441753542184,0.0042442183693628,0.09987738605700802,6009,935
FedAVG,CIFAR10,0.01,47,8,2,0.9486202398935953,5,0.01,3.3136027039386677,0.004508302998556011,0.07333228183997219,4721,735
FedAVG,CIFAR10,0.01,47,8,4,0.6640845537185669,5,0.01,3.9912713417544023,0.003339976018204521,0.15302017460248948,7666,1195
FedAVG,CIFAR10,0.01,47,8,1,0.6674157778422037,5,0.01,3.8457622811475782,0.00285930281126214,0.15255831625670208,8609,1345
FedAVG,CIFAR10,0.01,47,8,0,0.40790923436482746,5,0.01,7.927460426303907,0.00282116029405833,0.9302852906716951,17998,2810
FedAVG,CIFAR10,0.01,47,9,2,0.9486202398935953,5,0.01,3.3742187606810043,0.004590773824055788,0.06950381921556195,4721,735
FedAVG,CIFAR10,0.01,47,9,0,0.40790923436482746,5,0.01,7.792127492330104,0.0027729991075907843,0.9245447825007699,17998,2810
FedAVG,CIFAR10,0.01,47,9,1,0.6674157778422037,5,0.01,3.934277501426771,0.0029251133839604247,0.17355652054383933,8609,1345
FedAVG,CIFAR10,0.01,47,9,4,0.6640845537185669,5,0.01,4.012817175796086,0.0033580060048502814,0.16282265236583915,7666,1195
FedAVG,CIFAR10,0.01,47,9,3,0.7613141536712646,5,0.01,3.70220335525815,0.0039595757810247595,0.11020875693066534,6009,935
FedAVG,CIFAR10,0.01,47,10,3,0.7613141536712646,5,0.01,3.688964055705954,0.003945416102359309,0.11628336177569473,6009,935
FedAVG,CIFAR10,0.01,47,10,4,0.6640845537185669,5,0.01,3.800088648681568,0.0031799905009887598,0.1689811177801196,7666,1195
FedAVG,CIFAR10,0.01,47,10,2,0.9486202398935953,5,0.01,3.181341272629339,0.004328355472965087,0.06866219455530849,4721,735
FedAVG,CIFAR10,0.01,47,10,1,0.6674157778422037,5,0.01,3.7167327873257197,0.002763370102100907,0.1673325367262822,8609,1345
FedAVG,CIFAR10,0.01,47,10,0,0.40790923436482746,5,0.01,6.703928439206384,0.0023857396580805636,0.9138963866432972,17998,2810
FedAVG,CIFAR10,0.01,48,1,0,0.666482170422872,5,0.01,7.590060640151707,0.005402178391567051,0.3617943651919641,9001,1405
FedAVG,CIFAR10,0.01,48,1,1,0.5010895729064941,5,0.01,11.586941096590957,0.0054398784491037355,0.6952273900537945,13653,2130
FedAVG,CIFAR10,0.01,48,1,2,0.6665039459864298,5,0.01,6.340198492455119,0.00459434673366313,0.3247124120860226,8847,1380
FedAVG,CIFAR10,0.01,48,1,4,0.0,5,0.01,0.0,0.0,0.0,0,0
FedAVG,CIFAR10,0.01,48,1,3,0.5090165535608927,5,0.01,11.478539247055767,0.0054529877658222176,0.6885213887246164,13500,2105
FedAVG,CIFAR10,0.01,48,2,3,0.5090165535608927,5,0.01,10.0725443364026,0.00478505669187772,0.6650998447088964,13500,2105
FedAVG,CIFAR10,0.01,48,2,1,0.5010895729064941,5,0.01,10.1102555726052,0.004746598860378028,0.691206838889717,13653,2130
FedAVG,CIFAR10,0.01,48,2,2,0.6665039459864298,5,0.01,5.380659855016311,0.003899028880446602,0.32603474229805285,8847,1380
FedAVG,CIFAR10,0.01,48,2,0,0.666482170422872,5,0.01,7.209828710269456,0.005131550683465804,0.3652088380784445,9001,1405
FedAVG,CIFAR10,0.01,48,2,4,0.0,5,0.01,0.0,0.0,0.0,0,0
FedAVG,CIFAR10,0.01,48,3,3,0.5090165535608927,5,0.01,9.195328069116046,0.004368326873689333,0.6517573004907876,13500,2105
FedAVG,CIFAR10,0.01,48,3,2,0.6665039459864298,5,0.01,4.402510730314878,0.003190225166894839,0.24319589270706155,8847,1380
FedAVG,CIFAR10,0.01,48,3,4,0.0,5,0.01,0.0,0.0,0.0,0,0
FedAVG,CIFAR10,0.01,48,3,0,0.666482170422872,5,0.01,7.069833307870295,0.0050319098276656905,0.3710496951426354,9001,1405
FedAVG,CIFAR10,0.01,48,3,1,0.5010895729064941,5,0.01,8.966613264459502,0.004209677588948123,0.659739852672665,13653,2130
FedAVG,CIFAR10,0.01,48,4,1,0.5010895729064941,5,0.01,8.328362451762889,0.003910029320076474,0.6267632471298541,13653,2130
FedAVG,CIFAR10,0.01,48,4,4,0.0,5,0.01,0.0,0.0,0.0,0,0
FedAVG,CIFAR10,0.01,48,4,3,0.5090165535608927,5,0.01,8.71067468605531,0.0041380877368433775,0.6419899732447241,13500,2105
FedAVG,CIFAR10,0.01,48,4,2,0.6665039459864298,5,0.01,4.103469464019921,0.0029735285971158845,0.20386027662387626,8847,1380
FedAVG,CIFAR10,0.01,48,4,0,0.666482170422872,5,0.01,6.989487864854099,0.004974724458970889,0.36054039660606496,9001,1405
FedAVG,CIFAR10,0.01,48,5,0,0.666482170422872,5,0.01,6.925544848390961,0.004929213415224884,0.352194445669478,9001,1405
FedAVG,CIFAR10,0.01,48,5,3,0.5090165535608927,5,0.01,8.421139928826024,0.004000541533884097,0.6306157138270985,13500,2105
FedAVG,CIFAR10,0.01,48,5,4,0.0,5,0.01,0.0,0.0,0.0,0,0
FedAVG,CIFAR10,0.01,48,5,1,0.5010895729064941,5,0.01,7.976983686345005,0.003745062763542256,0.6098786542889635,13653,2130
FedAVG,CIFAR10,0.01,48,5,2,0.6665039459864298,5,0.01,3.802315803508414,0.002755301306890155,0.170622048284638,8847,1380
FedAVG,CIFAR10,0.01,48,6,3,0.5090165535608927,5,0.01,7.9676321726704895,0.0037850984193208976,0.6183656594890369,13500,2105
FedAVG,CIFAR10,0.01,48,6,2,0.6665039459864298,5,0.01,3.4898184840227486,0.002528853973929528,0.14410352817666228,8847,1380
FedAVG,CIFAR10,0.01,48,6,1,0.5010895729064941,5,0.01,7.506670604054041,0.0035242584995558877,0.5948089157117779,13653,2130
FedAVG,CIFAR10,0.01,48,6,0,0.666482170422872,5,0.01,6.7759211781158,0.004822719699726548,0.34834593067085,9001,1405
FedAVG,CIFAR10,0.01,48,6,4,0.0,5,0.01,0.0,0.0,0.0,0,0
FedAVG,CIFAR10,0.01,48,7,4,0.0,5,0.01,0.0,0.0,0.0,0,0
FedAVG,CIFAR10,0.01,48,7,0,0.666482170422872,5,0.01,6.765543526697228,0.004815333470958881,0.3544711203225322,9001,1405
FedAVG,CIFAR10,0.01,48,7,1,0.5010895729064941,5,0.01,7.071994773281943,0.0033201853395689873,0.5647420683665558,13653,2130
FedAVG,CIFAR10,0.01,48,7,2,0.6665039459864298,5,0.01,3.5174637741001633,0.0025488867928262055,0.1538391950597921,8847,1380
FedAVG,CIFAR10,0.01,48,7,3,0.5090165535608927,5,0.01,7.78575836161902,0.0036986975589639046,0.6244895936624654,13500,2105
FedAVG,CIFAR10,0.01,48,8,0,0.666482170422872,5,0.01,6.659577227952127,0.004739912617759521,0.349189558417357,9001,1405
FedAVG,CIFAR10,0.01,48,8,4,0.0,5,0.01,0.0,0.0,0.0,0,0
FedAVG,CIFAR10,0.01,48,8,3,0.5090165535608927,5,0.01,7.432438614825785,0.0035308496982545297,0.6169969338296069,13500,2105
FedAVG,CIFAR10,0.01,48,8,2,0.6665039459864298,5,0.01,3.6373885673531046,0.0026357888169225396,0.16719377366697974,8847,1380
FedAVG,CIFAR10,0.01,48,8,1,0.5010895729064941,5,0.01,6.653711905252927,0.0031238084062220318,0.5523280896079387,13653,2130
FedAVG,CIFAR10,0.01,48,9,4,0.0,5,0.01,0.0,0.0,0.0,0,0
FedAVG,CIFAR10,0.01,48,9,0,0.666482170422872,5,0.01,6.531119737103966,0.00464848379865051,0.35304555958214834,9001,1405
FedAVG,CIFAR10,0.01,48,9,3,0.5090165535608927,5,0.01,7.333102198855602,0.00348365900183164,0.6209007604420648,13500,2105
FedAVG,CIFAR10,0.01,48,9,1,0.5010895729064941,5,0.01,6.550879854056983,0.0030755304479140764,0.5496016646930382,13653,2130
FedAVG,CIFAR10,0.01,48,9,2,0.6665039459864298,5,0.01,3.4732136018568727,0.0025168214506209223,0.14832577744851758,8847,1380
FedAVG,CIFAR10,0.01,48,10,2,0.6665039459864298,5,0.01,3.4102244821394514,0.002471177160970617,0.1520154870055103,8847,1380
FedAVG,CIFAR10,0.01,48,10,3,0.5090165535608927,5,0.01,7.104575587890981,0.003375095291159611,0.6228562606214607,13500,2105
FedAVG,CIFAR10,0.01,48,10,0,0.666482170422872,5,0.01,6.382555165580582,0.004542743890092941,0.3516308392059609,9001,1405
FedAVG,CIFAR10,0.01,48,10,1,0.5010895729064941,5,0.01,6.217325419399411,0.002918932121783761,0.5364019624798412,13653,2130
FedAVG,CIFAR10,0.01,48,10,4,0.0,5,0.01,0.0,0.0,0.0,0,0
FedAVG,CIFAR10,0.01,49,1,2,0.6665743589401245,5,0.01,6.996548942965158,0.00497975013734175,0.35872487247668305,9000,1405
FedAVG,CIFAR10,0.01,49,1,4,0.9034558137257894,5,0.01,4.194315507907713,0.007557325239473356,0.1584084557005534,3564,555
FedAVG,CIFAR10,0.01,49,1,1,0.45475200812021893,5,0.01,12.22469145819155,0.005338293213184083,0.7658919435183407,14666,2290
FedAVG,CIFAR10,0.01,49,1,3,0.8478803634643555,5,0.01,4.719262332808438,0.005755197966839559,0.20949455685995474,5276,820
FedAVG,CIFAR10,0.01,49,1,0,0.5108360449473063,5,0.01,11.497162381664978,0.005895980708546143,0.6354281237935209,12497,1950
FedAVG,CIFAR10,0.01,49,2,3,0.8478803634643555,5,0.01,4.672814333122115,0.005698554064783067,0.17818063601324644,5276,820
FedAVG,CIFAR10,0.01,49,2,2,0.6665743589401245,5,0.01,5.8297936094244065,0.00414931929496399,0.3051128883800259,9000,1405
FedAVG,CIFAR10,0.01,49,2,4,0.9034558137257894,5,0.01,4.071668129626207,0.007336338972299473,0.1501255178547583,3564,555
FedAVG,CIFAR10,0.01,49,2,0,0.5108360449473063,5,0.01,10.623933141474598,0.005448170841781845,0.6341416850637437,12497,1950
FedAVG,CIFAR10,0.01,49,2,1,0.45475200812021893,5,0.01,11.026504286349894,0.004815067373951919,0.7588797511834026,14666,2290
FedAVG,CIFAR10,0.01,49,3,1,0.45475200812021893,5,0.01,10.18221031037755,0.004446380048199804,0.7361293946717401,14666,2290
FedAVG,CIFAR10,0.01,49,3,3,0.8478803634643555,5,0.01,4.538182794280957,0.00553436926131824,0.1635277711752845,5276,820
FedAVG,CIFAR10,0.01,49,3,2,0.6665743589401245,5,0.01,5.395700616736735,0.0038403563108446513,0.27469184973299543,9000,1405
FedAVG,CIFAR10,0.01,49,3,4,0.9034558137257894,5,0.01,3.9489196466119543,0.0071151705344359535,0.1154398732462119,3564,555
FedAVG,CIFAR10,0.01,49,3,0,0.5108360449473063,5,0.01,9.94356268620947,0.005099262916004856,0.6163826243312842,12497,1950
FedAVG,CIFAR10,0.01,49,4,3,0.8478803634643555,5,0.01,4.107652521815813,0.005009332343677821,0.12826177939103747,5276,820
FedAVG,CIFAR10,0.01,49,4,0,0.5108360449473063,5,0.01,9.43771736390144,0.0048398550584109945,0.597879334222428,12497,1950
FedAVG,CIFAR10,0.01,49,4,1,0.45475200812021893,5,0.01,9.770081647142753,0.004266411199625657,0.7330811797673642,14666,2290
FedAVG,CIFAR10,0.01,49,4,4,0.9034558137257894,5,0.01,3.738544483394425,0.006736116186296262,0.10215750774682444,3564,555
FedAVG,CIFAR10,0.01,49,4,2,0.6665743589401245,5,0.01,4.9803743131557034,0.0035447504008225645,0.22499810396921327,9000,1405
FedAVG,CIFAR10,0.01,49,5,1,0.45475200812021893,5,0.01,9.499771055142153,0.004148371639800067,0.7189142535485972,14666,2290
FedAVG,CIFAR10,0.01,49,5,4,0.9034558137257894,5,0.01,3.6045728493469547,0.006494725854679198,0.08244816295734737,3564,555
FedAVG,CIFAR10,0.01,49,5,2,0.6665743589401245,5,0.01,4.9002462040209185,0.0034877197181643546,0.20039805895666787,9000,1405
FedAVG,CIFAR10,0.01,49,5,0,0.5108360449473063,5,0.01,9.35425397716354,0.004797053321622328,0.5922256254520996,12497,1950
FedAVG,CIFAR10,0.01,49,5,3,0.8478803634643555,5,0.01,4.093288428805125,0.004991815157079421,0.11902378262751788,5276,820
FedAVG,CIFAR10,0.01,49,6,1,0.45475200812021893,5,0.01,9.126705849092117,0.00398546106947254,0.7062125717252785,14666,2290
FedAVG,CIFAR10,0.01,49,6,0,0.5108360449473063,5,0.01,9.103882207669608,0.0046686575423946705,0.5817178325631583,12497,1950
FedAVG,CIFAR10,0.01,49,6,4,0.9034558137257894,5,0.01,3.750330767818542,0.006757352734808184,0.09149115535518591,3564,555
FedAVG,CIFAR10,0.01,49,6,3,0.8478803634643555,5,0.01,4.048369015420083,0.004937035384658638,0.10633720624429151,5276,820
FedAVG,CIFAR10,0.01,49,6,2,0.6665743589401245,5,0.01,4.790661350527252,0.003409723381158186,0.18836812546286477,9000,1405
FedAVG,CIFAR10,0.01,49,7,1,0.45475200812021893,5,0.01,8.835205036415266,0.0038581681381726052,0.6992036219454174,14666,2290
FedAVG,CIFAR10,0.01,49,7,0,0.5108360449473063,5,0.01,8.949676038854477,0.004589577455822808,0.5861759991418299,12497,1950
FedAVG,CIFAR10,0.01,49,7,3,0.8478803634643555,5,0.01,3.845634499475678,0.00468979817009229,0.09413286604256108,5276,820
FedAVG,CIFAR10,0.01,49,7,2,0.6665743589401245,5,0.01,4.59882056038505,0.0032731818935124914,0.17760910203346358,9000,1405
FedAVG,CIFAR10,0.01,49,7,4,0.9034558137257894,5,0.01,3.572553538883879,0.006437033403394376,0.0685086729328508,3564,555
FedAVG,CIFAR10,0.01,49,8,0,0.5108360449473063,5,0.01,8.744399259385919,0.004484307312505599,0.5871031412944164,12497,1950
FedAVG,CIFAR10,0.01,49,8,1,0.45475200812021893,5,0.01,8.551732803122922,0.0037343811367349005,0.6915629507640648,14666,2290
FedAVG,CIFAR10,0.01,49,8,3,0.8478803634643555,5,0.01,3.8046898173213997,0.0046398656308797555,0.09297332679564335,5276,820
FedAVG,CIFAR10,0.01,49,8,2,0.6665743589401245,5,0.01,4.433156489632923,0.003155271522870408,0.16538546233951384,9000,1405
FedAVG,CIFAR10,0.01,49,8,4,0.9034558137257894,5,0.01,3.5913598116253533,0.006470918579505141,0.07451485436184183,3564,555
FedAVG,CIFAR10,0.01,49,9,4,0.9034558137257894,5,0.01,3.506397591708353,0.00631783349857361,0.06299623358912576,3564,555
FedAVG,CIFAR10,0.01,49,9,2,0.6665743589401245,5,0.01,4.422791753991247,0.0031478944868265106,0.18240206520500346,9000,1405
FedAVG,CIFAR10,0.01,49,9,1,0.45475200812021893,5,0.01,8.154566835408916,0.003560946216335771,0.6911714021965928,14666,2290
FedAVG,CIFAR10,0.01,49,9,0,0.5108360449473063,5,0.01,8.3102397704583,0.004261661420747846,0.5762877042814705,12497,1950
FedAVG,CIFAR10,0.01,49,9,3,0.8478803634643555,5,0.01,3.642641422895652,0.004442245637677624,0.08629639840359059,5276,820
FedAVG,CIFAR10,0.01,49,10,4,0.9034558137257894,5,0.01,3.7766022531251027,0.006804688744369554,0.08756356153439247,3564,555
FedAVG,CIFAR10,0.01,49,10,3,0.8478803634643555,5,0.01,3.6549248456392474,0.004457225421511278,0.09113461883855319,5276,820
FedAVG,CIFAR10,0.01,49,10,1,0.45475200812021893,5,0.01,7.9427342534519845,0.003468442905437548,0.6804528864659515,14666,2290
FedAVG,CIFAR10,0.01,49,10,0,0.5108360449473063,5,0.01,8.134922081503614,0.004171754913591597,0.5813294414163199,12497,1950
FedAVG,CIFAR10,0.01,49,10,2,0.6665743589401245,5,0.01,4.53648862528216,0.003228817526891217,0.18826620029197005,9000,1405
FedAVG,CIFAR10,0.01,50,1,4,0.5385045607884725,5,0.01,9.829356997454928,0.0056653354452189785,0.3843621799884462,11128,1735
FedAVG,CIFAR10,0.01,50,1,0,0.9988981882731119,5,0.01,2.3043161542193786,0.004902800328126337,0.04414351631109875,3025,470
FedAVG,CIFAR10,0.01,50,1,2,0.3075296680132548,5,0.01,16.120638356969952,0.0047274599287301915,0.9573735820878421,21852,3410
FedAVG,CIFAR10,0.01,50,1,3,0.9997528394063314,5,0.01,2.4596157891562305,0.0035137368416517578,0.014105007074241435,4496,700
FedAVG,CIFAR10,0.01,50,1,1,0.9997531572977701,5,0.01,2.782659823962033,0.003975228319945762,0.015617659999585691,4501,700
FedAVG,CIFAR10,0.01,50,2,4,0.5385045607884725,5,0.01,8.699283141192616,0.005013996046796897,0.444650839704185,11128,1735
FedAVG,CIFAR10,0.01,50,2,1,0.9997531572977701,5,0.01,3.0687245250718522,0.004383892178674075,0.031559394295262035,4501,700
FedAVG,CIFAR10,0.01,50,2,2,0.3075296680132548,5,0.01,13.28009484612144,0.0038944559666045275,0.9515334570640859,21852,3410
FedAVG,CIFAR10,0.01,50,2,3,0.9997528394063314,5,0.01,2.7893305046391124,0.003984757863770161,0.032468144559418724,4496,700
FedAVG,CIFAR10,0.01,50,2,0,0.9988981882731119,5,0.01,1.7688100488420193,0.0037634256358340837,0.03351488262423346,3025,470
FedAVG,CIFAR10,0.01,50,3,4,0.5385045607884725,5,0.01,7.592118828862634,0.0043758609964626135,0.3598772309740236,11128,1735
FedAVG,CIFAR10,0.01,50,3,2,0.3075296680132548,5,0.01,11.778583522917174,0.0034541300653716054,0.9500953114003532,21852,3410
FedAVG,CIFAR10,0.01,50,3,0,0.9988981882731119,5,0.01,2.0040915087429068,0.004264024486687035,0.029371872700996105,3025,470
FedAVG,CIFAR10,0.01,50,3,1,0.9997531572977701,5,0.01,2.965864661221032,0.004236949516030045,0.006623438452540858,4501,700
FedAVG,CIFAR10,0.01,50,3,3,0.9997528394063314,5,0.01,2.74413921486153,0.003920198878373614,0.00593896050811146,4496,700
FedAVG,CIFAR10,0.01,50,4,2,0.3075296680132548,5,0.01,11.173331386811343,0.003276636770325907,0.9465970954917896,21852,3410
FedAVG,CIFAR10,0.01,50,4,0,0.9988981882731119,5,0.01,1.9842028992352139,0.004221708296245136,0.017789603658775688,3025,470
FedAVG,CIFAR10,0.01,50,4,3,0.9997528394063314,5,0.01,2.9807574230494467,0.004258224890070638,0.020457263476367758,4496,700
FedAVG,CIFAR10,0.01,50,4,4,0.5385045607884725,5,0.01,7.154886904133693,0.004123854123419996,0.301318560471295,11128,1735
FedAVG,CIFAR10,0.01,50,4,1,0.9997531572977701,5,0.01,3.535607349975708,0.00505086764282244,0.02661913339362332,4501,700
FedAVG,CIFAR10,0.01,50,5,3,0.9997528394063314,5,0.01,2.931183287962801,0.004187404697089715,0.011991803450394663,4496,700
FedAVG,CIFAR10,0.01,50,5,1,0.9997531572977701,5,0.01,3.131683538877154,0.0044738336269673626,0.014169935457889544,4501,700
FedAVG,CIFAR10,0.01,50,5,0,0.9988981882731119,5,0.01,1.840722283958018,0.0039164303914000385,0.004194575678308528,3025,470
FedAVG,CIFAR10,0.01,50,5,2,0.3075296680132548,5,0.01,10.478841655751005,0.0030729740925956026,0.9468358832469473,21852,3410
FedAVG,CIFAR10,0.01,50,5,4,0.5385045607884725,5,0.01,6.722589836880337,0.0038746915486341997,0.2731443152843354,11128,1735
FedAVG,CIFAR10,0.01,50,6,4,0.5385045607884725,5,0.01,6.497212008277565,0.0037447907828689134,0.2636576700010757,11128,1735
FedAVG,CIFAR10,0.01,50,6,2,0.3075296680132548,5,0.01,10.008184824947685,0.0029349515615682362,0.9439975095808024,21852,3410
FedAVG,CIFAR10,0.01,50,6,0,0.9988981882731119,5,0.01,2.2956091025435112,0.00488427468626279,0.017643667264701738,3025,470
FedAVG,CIFAR10,0.01,50,6,1,0.9997531572977701,5,0.01,3.2498400383730823,0.004642628626247261,0.011772207438970781,4501,700
FedAVG,CIFAR10,0.01,50,6,3,0.9997528394063314,5,0.01,2.8904075559746767,0.004129153651392395,0.011805587578206423,4496,700
FedAVG,CIFAR10,0.01,50,7,3,0.9997528394063314,5,0.01,3.096054799443909,0.004422935427777013,0.026131621642029517,4496,700
FedAVG,CIFAR10,0.01,50,7,1,0.9997531572977701,5,0.01,3.4061685219528957,0.00486595503136128,0.02722657154246868,4501,700
FedAVG,CIFAR10,0.01,50,7,2,0.3075296680132548,5,0.01,9.55882935126517,0.0028031757628343605,0.9434091050255959,21852,3410
FedAVG,CIFAR10,0.01,50,7,4,0.5385045607884725,5,0.01,6.185348763951034,0.003565042515245553,0.25588112931338364,11128,1735
FedAVG,CIFAR10,0.01,50,7,0,0.9988981882731119,5,0.01,2.2795382674702345,0.004850081420149435,0.012075431648861653,3025,470
FedAVG,CIFAR10,0.01,50,8,1,0.9997531572977701,5,0.01,3.471001644079062,0.004958573777255803,0.03180766194760656,4501,700
FedAVG,CIFAR10,0.01,50,8,4,0.5385045607884725,5,0.01,6.041993984894344,0.0034824172823598523,0.2731849326775575,11128,1735
FedAVG,CIFAR10,0.01,50,8,3,0.9997528394063314,5,0.01,2.8174872857954307,0.004024981836850615,0.02663464650526341,4496,700
FedAVG,CIFAR10,0.01,50,8,2,0.3075296680132548,5,0.01,8.686110655235918,0.002547246526462146,0.934434124132263,21852,3410
FedAVG,CIFAR10,0.01,50,8,0,0.9988981882731119,5,0.01,2.022339645388604,0.004302850309337455,0.0018362820535142322,3025,470
FedAVG,CIFAR10,0.01,50,9,2,0.3075296680132548,5,0.01,7.874699564901745,0.002309296060088488,0.9206803187786423,21852,3410
FedAVG,CIFAR10,0.01,50,9,1,0.9997531572977701,5,0.01,3.307134980902755,0.0047244785441467926,0.028290472884496223,4501,700
FedAVG,CIFAR10,0.01,50,9,0,0.9988981882731119,5,0.01,2.403064811315208,0.005112903853862144,0.005532327925132264,3025,470
FedAVG,CIFAR10,0.01,50,9,4,0.5385045607884725,5,0.01,6.101725269766172,0.0035168445358882837,0.3104339468864599,11128,1735
FedAVG,CIFAR10,0.01,50,9,3,0.9997528394063314,5,0.01,2.9342774082515177,0.004191824868930739,0.02439979862196094,4496,700
FedAVG,CIFAR10,0.01,50,10,4,0.5385045607884725,5,0.01,5.611790502369569,0.0032344613846510485,0.3200769074592135,11128,1735
FedAVG,CIFAR10,0.01,50,10,1,0.9997531572977701,5,0.01,3.5700912165754133,0.005100130309393448,0.05256402876120059,4501,700
FedAVG,CIFAR10,0.01,50,10,3,0.9997528394063314,5,0.01,2.932920448904452,0.004189886355577789,0.04305852766804725,4496,700
FedAVG,CIFAR10,0.01,50,10,2,0.3075296680132548,5,0.01,6.989137539176564,0.0020496004513714263,0.9127963570911506,21852,3410
FedAVG,CIFAR10,0.01,50,10,0,0.9988981882731119,5,0.01,2.892641417962699,0.006154556208431274,0.043729521012044595,3025,470
FedAVG,CIFAR10,0.01,51,1,3,0.6664099295934042,5,0.01,6.951578264776011,0.004965413046268579,0.31494688760134787,8974,1400
FedAVG,CIFAR10,0.01,51,1,0,0.5077271858851115,5,0.01,11.4279318643482,0.005416081452297725,0.5942371934830526,13526,2110
FedAVG,CIFAR10,0.01,51,1,4,0.9997531572977701,5,0.01,2.764763378185633,0.003949661968836619,0.026866318755906435,4501,700
FedAVG,CIFAR10,0.01,51,1,1,0.408211350440979,5,0.01,13.273656673259762,0.004723721236035502,0.8379464106707577,18000,2810
FedAVG,CIFAR10,0.01,51,1,2,0.0,5,0.01,0.0,0.0,0.0,0,0
FedAVG,CIFAR10,0.01,51,2,3,0.6664099295934042,5,0.01,5.731420071903465,0.004093871479931047,0.2879535101724856,8974,1400
FedAVG,CIFAR10,0.01,51,2,4,0.9997531572977701,5,0.01,3.3417787824563048,0.0047739696892232925,0.026122825222035424,4501,700
FedAVG,CIFAR10,0.01,51,2,0,0.5077271858851115,5,0.01,9.337493711046301,0.00442535246969019,0.5408399620304768,13526,2110
FedAVG,CIFAR10,0.01,51,2,2,0.0,5,0.01,0.0,0.0,0.0,0,0
FedAVG,CIFAR10,0.01,51,2,1,0.408211350440979,5,0.01,11.69432440523198,0.004161681283000704,0.8492664617171969,18000,2810
FedAVG,CIFAR10,0.01,51,3,4,0.9997531572977701,5,0.01,3.026313330957007,0.00432330475851001,0.020675017798217985,4501,700
FedAVG,CIFAR10,0.01,51,3,3,0.6664099295934042,5,0.01,4.9671032330407385,0.003547930880743385,0.2246081150582704,8974,1400
FedAVG,CIFAR10,0.01,51,3,0,0.5077271858851115,5,0.01,8.348853939165497,0.003956802814770378,0.4897953662306132,13526,2110
FedAVG,CIFAR10,0.01,51,3,2,0.0,5,0.01,0.0,0.0,0.0,0,0
FedAVG,CIFAR10,0.01,51,3,1,0.408211350440979,5,0.01,10.930370571387815,0.0038898115912412152,0.8492092286043303,18000,2810
FedAVG,CIFAR10,0.01,51,4,1,0.408211350440979,5,0.01,10.879243531773337,0.003871616915221828,0.8621126150841618,18000,2810
FedAVG,CIFAR10,0.01,51,4,4,0.9997531572977701,5,0.01,2.9373612972049874,0.004196230424578553,0.004899407957259856,4501,700
FedAVG,CIFAR10,0.01,51,4,2,0.0,5,0.01,0.0,0.0,0.0,0,0
FedAVG,CIFAR10,0.01,51,4,3,0.6664099295934042,5,0.01,4.581130676450092,0.0032722361974643517,0.1757055141847345,8974,1400
FedAVG,CIFAR10,0.01,51,4,0,0.5077271858851115,5,0.01,7.764319160476576,0.0036797721139699415,0.43179201497913056,13526,2110
FedAVG,CIFAR10,0.01,51,5,2,0.0,5,0.01,0.0,0.0,0.0,0,0
FedAVG,CIFAR10,0.01,51,5,0,0.5077271858851115,5,0.01,7.409607559795038,0.003511662350613762,0.40486880832539274,13526,2110
FedAVG,CIFAR10,0.01,51,5,3,0.6664099295934042,5,0.01,4.513904433003037,0.0032242174521450264,0.16367593397678806,8974,1400
FedAVG,CIFAR10,0.01,51,5,1,0.408211350440979,5,0.01,10.63820493702998,0.0037858380558825552,0.8589367356091394,18000,2810
FedAVG,CIFAR10,0.01,51,5,4,0.9997531572977701,5,0.01,3.152665233876851,0.00450380747696693,0.025885899356457645,4501,700
FedAVG,CIFAR10,0.01,51,6,2,0.0,5,0.01,0.0,0.0,0.0,0,0
FedAVG,CIFAR10,0.01,51,6,1,0.408211350440979,5,0.01,10.472916064393269,0.0037270163930225157,0.8654300416048866,18000,2810
FedAVG,CIFAR10,0.01,51,6,4,0.9997531572977701,5,0.01,2.964592722519288,0.0042351324607418405,0.011971094159898936,4501,700
FedAVG,CIFAR10,0.01,51,6,0,0.5077271858851115,5,0.01,7.220738097820963,0.00342215075726112,0.3885825906859406,13526,2110
FedAVG,CIFAR10,0.01,51,6,3,0.6664099295934042,5,0.01,4.166963619723707,0.0029764025855169335,0.12409933687074708,8974,1400
FedAVG,CIFAR10,0.01,51,7,1,0.408211350440979,5,0.01,9.949251765268746,0.003540658991198842,0.8552932093709399,18000,2810
FedAVG,CIFAR10,0.01,51,7,4,0.9997531572977701,5,0.01,2.934854777637326,0.004192649682339037,0.032753988015681364,4501,700
FedAVG,CIFAR10,0.01,51,7,2,0.0,5,0.01,0.0,0.0,0.0,0,0
FedAVG,CIFAR10,0.01,51,7,3,0.6664099295934042,5,0.01,4.417254499134241,0.0031551817850958867,0.15712461517506204,8974,1400
FedAVG,CIFAR10,0.01,51,7,0,0.5077271858851115,5,0.01,6.886109724196434,0.0032635591109935703,0.3845367813137141,13526,2110
FedAVG,CIFAR10,0.01,51,8,2,0.0,5,0.01,0.0,0.0,0.0,0,0
FedAVG,CIFAR10,0.01,51,8,0,0.5077271858851115,5,0.01,6.545599671067833,0.0031021799388947073,0.3692851129345719,13526,2110
FedAVG,CIFAR10,0.01,51,8,3,0.6664099295934042,5,0.01,4.098021771130008,0.002927158407950006,0.12381800428765662,8974,1400
FedAVG,CIFAR10,0.01,51,8,4,0.9997531572977701,5,0.01,2.805701356206998,0.004008144794581426,0.008705818922960575,4501,700
FedAVG,CIFAR10,0.01,51,8,1,0.408211350440979,5,0.01,9.58125952482821,0.0034097008985153774,0.8609751798646353,18000,2810
FedAVG,CIFAR10,0.01,51,9,1,0.408211350440979,5,0.01,9.204379002550306,0.0032755797162100733,0.8636054797801545,18000,2810
FedAVG,CIFAR10,0.01,51,9,0,0.5077271858851115,5,0.01,6.055523708350087,0.0028699164494550176,0.3601408517480798,13526,2110
FedAVG,CIFAR10,0.01,51,9,3,0.6664099295934042,5,0.01,4.12074866587478,0.0029433919041962713,0.15267246220526884,8974,1400
FedAVG,CIFAR10,0.01,51,9,4,0.9997531572977701,5,0.01,3.0151919956795012,0.004307417136685002,0.03803988791100934,4501,700
FedAVG,CIFAR10,0.01,51,9,2,0.0,5,0.01,0.0,0.0,0.0,0,0
FedAVG,CIFAR10,0.01,51,10,2,0.0,5,0.01,0.0,0.0,0.0,0,0
FedAVG,CIFAR10,0.01,51,10,4,0.9997531572977701,5,0.01,2.877744193205352,0.004111063133150503,0.027757105592246,4501,700
FedAVG,CIFAR10,0.01,51,10,0,0.5077271858851115,5,0.01,6.265343514184366,0.0029693571157271875,0.38526941350273763,13526,2110
FedAVG,CIFAR10,0.01,51,10,3,0.6664099295934042,5,0.01,4.020637241417722,0.0028718837438698017,0.14430916454153223,8974,1400
FedAVG,CIFAR10,0.01,51,10,1,0.408211350440979,5,0.01,8.789030482794841,0.003127768855087132,0.8500822536417686,18000,2810
FedAvgM,CIFAR10,1.0,42,1,3,0.1982970635096232,5,0.01,13.186633891050873,0.006903996801597315,0.7471930066205954,12251,1910
FedAvgM,CIFAR10,1.0,42,1,0,0.2885255614916484,5,0.01,10.8776857645185,0.007853924739724549,0.5478344095088866,8864,1385
FedAvgM,CIFAR10,1.0,42,1,2,0.24543740351994833,5,0.01,9.866632394096378,0.0072019214555448016,0.532769654029125,8785,1370
FedAvgM,CIFAR10,1.0,42,1,4,0.2907194495201111,5,0.01,9.794485740401216,0.009283872739716792,0.45826144385140494,6765,1055
FedAvgM,CIFAR10,1.0,42,1,1,0.3516513506571452,5,0.01,8.72094715503245,0.0067084208884865,0.46599143091434986,8337,1300
FedAvgM,CIFAR10,1.0,42,2,4,0.2907194495201111,5,0.01,9.156768999329456,0.00867940189509901,0.6190613362362077,6765,1055
FedAvgM,CIFAR10,1.0,42,2,3,0.1982970635096232,5,0.01,12.393354275502544,0.006488667159948976,0.8159802424646269,12251,1910
FedAvgM,CIFAR10,1.0,42,2,1,0.3516513506571452,5,0.01,9.731687029318262,0.007485913099475587,0.6246476434789217,8337,1300
FedAvgM,CIFAR10,1.0,42,2,2,0.24543740351994833,5,0.01,9.941529560329283,0.007256590919948382,0.643385211425043,8785,1370
FedAvgM,CIFAR10,1.0,42,2,0,0.2885255614916484,5,0.01,10.423110396964642,0.00752571147795281,0.6702523187422935,8864,1385
FedAvgM,CIFAR10,1.0,42,3,3,0.1982970635096232,5,0.01,9.941971088055466,0.005205220464950506,0.753365474662393,12251,1910
FedAvgM,CIFAR10,1.0,42,3,2,0.24543740351994833,5,0.01,8.634105138699738,0.006302266524598349,0.5730216820120623,8785,1370
FedAvgM,CIFAR10,1.0,42,3,4,0.2907194495201111,5,0.01,7.47460949649288,0.007084937911367659,0.5008801958725024,6765,1055
FedAvgM,CIFAR10,1.0,42,3,1,0.3516513506571452,5,0.01,8.513391705700581,0.006548762850538908,0.5471040808662119,8337,1300
FedAvgM,CIFAR10,1.0,42,3,0,0.2885255614916484,5,0.01,8.579814554723328,0.006194811952868829,0.5755553056066918,8864,1385
FedAvgM,CIFAR10,1.0,42,4,0,0.2885255614916484,5,0.01,8.192554494805968,0.005915201801303948,0.5349150454132428,8864,1385
FedAvgM,CIFAR10,1.0,42,4,3,0.1982970635096232,5,0.01,9.541060270922271,0.00499531951357187,0.7244326062283541,12251,1910
FedAvgM,CIFAR10,1.0,42,4,2,0.24543740351994833,5,0.01,8.420356163301427,0.006146245374672575,0.5538312010380618,8785,1370
FedAvgM,CIFAR10,1.0,42,4,1,0.3516513506571452,5,0.01,8.478684023032582,0.006522064633101986,0.5353710908973917,8337,1300
FedAvgM,CIFAR10,1.0,42,4,4,0.2907194495201111,5,0.01,7.385574889505242,0.007000544918962314,0.47316276897792864,6765,1055
FedAvgM,CIFAR10,1.0,42,5,2,0.24543740351994833,5,0.01,8.799490547734605,0.006422985801266135,0.5076595482281058,8785,1370
FedAvgM,CIFAR10,1.0,42,5,3,0.1982970635096232,5,0.01,10.016266998610746,0.005244118847440181,0.7024759230518913,12251,1910
FedAvgM,CIFAR10,1.0,42,5,1,0.3516513506571452,5,0.01,8.91420298665543,0.006857079220504178,0.5022528842249248,8337,1300
FedAvgM,CIFAR10,1.0,42,5,4,0.2907194495201111,5,0.01,7.931892960086573,0.0075183819526886955,0.44308127146604737,6765,1055
FedAvgM,CIFAR10,1.0,42,5,0,0.2885255614916484,5,0.01,8.797981210957365,0.0063523330043013465,0.5161888633830556,8864,1385
FedAvgM,CIFAR10,1.0,42,6,2,0.24543740351994833,5,0.01,9.20754259880872,0.006720834013728993,0.44944790955542285,8785,1370
FedAvgM,CIFAR10,1.0,42,6,4,0.2907194495201111,5,0.01,8.305065088295672,0.007872099609758931,0.368655010520377,6765,1055
FedAvgM,CIFAR10,1.0,42,6,3,0.1982970635096232,5,0.01,10.248877139521104,0.005365904261529374,0.6604653956832325,12251,1910
FedAvgM,CIFAR10,1.0,42,6,1,0.3516513506571452,5,0.01,9.417079016857357,0.007243906936044121,0.44291041756011756,8337,1300
FedAvgM,CIFAR10,1.0,42,6,0,0.2885255614916484,5,0.01,9.387266047087449,0.006777809420279747,0.46824979325584365,8864,1385
FedAvgM,CIFAR10,1.0,42,7,2,0.24543740351994833,5,0.01,10.11853316705191,0.0073857906328846055,0.44805515103138177,8785,1370
FedAvgM,CIFAR10,1.0,42,7,4,0.2907194495201111,5,0.01,9.189420840358336,0.00871035150744866,0.3652764906058763,6765,1055
FedAvgM,CIFAR10,1.0,42,7,1,0.3516513506571452,5,0.01,10.271095449720065,0.00790084265363082,0.4341919581906674,8337,1300
FedAvgM,CIFAR10,1.0,42,7,0,0.2885255614916484,5,0.01,10.230105570932325,0.0073863578129475275,0.4683792591081394,8864,1385
FedAvgM,CIFAR10,1.0,42,7,3,0.1982970635096232,5,0.01,10.963447173620763,0.0057400246982307656,0.6400107273176388,12251,1910
FedAvgM,CIFAR10,1.0,42,8,2,0.24543740351994833,5,0.01,10.352303543438678,0.007556425944115823,0.4535393478235013,8785,1370
FedAvgM,CIFAR10,1.0,42,8,1,0.3516513506571452,5,0.01,10.604904492768496,0.00815761884059115,0.4478025486784356,8337,1300
FedAvgM,CIFAR10,1.0,42,8,0,0.2885255614916484,5,0.01,10.525336950902375,0.00759952126418944,0.46583207956832035,8864,1385
FedAvgM,CIFAR10,1.0,42,8,4,0.2907194495201111,5,0.01,9.425825063838692,0.008934431340131463,0.3605686452812692,6765,1055
FedAvgM,CIFAR10,1.0,42,8,3,0.1982970635096232,5,0.01,11.049997887910447,0.005785339208330077,0.6298057275861378,12251,1910
FedAvgM,CIFAR10,1.0,42,9,3,0.1982970635096232,5,0.01,10.318029266705283,0.005402109563720043,0.620447265684478,12251,1910
FedAvgM,CIFAR10,1.0,42,9,0,0.2885255614916484,5,0.01,10.080741790155429,0.007278513927910057,0.4568606370271582,8864,1385
FedAvgM,CIFAR10,1.0,42,9,1,0.3516513506571452,5,0.01,10.133545721893553,0.0077950351706873484,0.44211835270735855,8337,1300
FedAvgM,CIFAR10,1.0,42,9,2,0.24543740351994833,5,0.01,9.809852433037612,0.007160476228494608,0.4409575370190872,8785,1370
FedAvgM,CIFAR10,1.0,42,9,4,0.2907194495201111,5,0.01,8.943373161484173,0.008477130958752771,0.33561915755017824,6765,1055
FedAvgM,CIFAR10,1.0,42,10,4,0.2907194495201111,5,0.01,8.56699443402264,0.008120373871111506,0.3396109476540076,6765,1055
FedAvgM,CIFAR10,1.0,42,10,0,0.2885255614916484,5,0.01,9.041030708933963,0.006527820006450515,0.43196600572953625,8864,1385
FedAvgM,CIFAR10,1.0,42,10,2,0.24543740351994833,5,0.01,9.284858003335415,0.006777268615573296,0.4458370857594914,8785,1370
FedAvgM,CIFAR10,1.0,42,10,3,0.1982970635096232,5,0.01,9.872474982916186,0.005168835069589627,0.6360065971013352,12251,1910
FedAvgM,CIFAR10,1.0,42,10,1,0.3516513506571452,5,0.01,9.492743167527658,0.007302110128867429,0.4252275513051774,8337,1300
FedAvgM,CIFAR10,1.0,43,1,2,0.3133892814318339,5,0.01,9.258519438055524,0.008612576221447,0.4239032256826326,6903,1075
FedAvgM,CIFAR10,1.0,43,1,1,0.19748709599177042,5,0.01,12.064328244680318,0.006854731957204726,0.649713214789343,11286,1760
FedAvgM,CIFAR10,1.0,43,1,4,0.25146202246348065,5,0.01,13.268680979389481,0.006244085166771521,0.7537873585465907,13614,2125
FedAvgM,CIFAR10,1.0,43,1,0,0.25546268622080487,5,0.01,10.988188282816097,0.008049954785945859,0.5120608815146079,8759,1365
FedAvgM,CIFAR10,1.0,43,1,3,0.3142630457878113,5,0.01,7.561919947158603,0.010959304271244351,0.33440699879898994,4440,690
FedAvgM,CIFAR10,1.0,43,2,0,0.25546268622080487,5,0.01,10.158168973590556,0.007441882031934473,0.610194313203489,8759,1365
FedAvgM,CIFAR10,1.0,43,2,3,0.3142630457878113,5,0.01,7.618764307192466,0.011041687401728211,0.4847249322450231,4440,690
FedAvgM,CIFAR10,1.0,43,2,2,0.3133892814318339,5,0.01,8.817895590015473,0.008202693572107417,0.5860061182960152,6903,1075
FedAvgM,CIFAR10,1.0,43,2,4,0.25146202246348065,5,0.01,12.215105346591367,0.005748284868984172,0.7763344574090225,13614,2125
FedAvgM,CIFAR10,1.0,43,2,1,0.19748709599177042,5,0.01,12.11858621928344,0.006885560351865591,0.7454622803355584,11286,1760
FedAvgM,CIFAR10,1.0,43,3,2,0.3133892814318339,5,0.01,7.532756768559133,0.007007215598659658,0.48932992055258046,6903,1075
FedAvgM,CIFAR10,1.0,43,3,3,0.3142630457878113,5,0.01,6.448065346593816,0.009345022241440312,0.3992785083228476,4440,690
FedAvgM,CIFAR10,1.0,43,3,0,0.25546268622080487,5,0.01,8.609597669213128,0.006307397559863098,0.5499641537291883,8759,1365
FedAvgM,CIFAR10,1.0,43,3,4,0.25146202246348065,5,0.01,10.498719168782163,0.004940573726485723,0.7455996334469194,13614,2125
FedAvgM,CIFAR10,1.0,43,3,1,0.19748709599177042,5,0.01,10.406902560572346,0.005913012818507015,0.6949307116868869,11286,1760
FedAvgM,CIFAR10,1.0,43,4,1,0.19748709599177042,5,0.01,10.04443701830567,0.005707066487673676,0.6582092634757449,11286,1760
FedAvgM,CIFAR10,1.0,43,4,2,0.3133892814318339,5,0.01,7.503941258981946,0.006980410473471578,0.4478399127298902,6903,1075
FedAvgM,CIFAR10,1.0,43,4,0,0.25546268622080487,5,0.01,8.447956884253333,0.006188979402383395,0.5258638644942579,8759,1365
FedAvgM,CIFAR10,1.0,43,4,4,0.25146202246348065,5,0.01,10.269475825500995,0.0048326945061181155,0.7284939149311319,13614,2125
FedAvgM,CIFAR10,1.0,43,4,3,0.3142630457878113,5,0.01,6.414160839648934,0.009295885274853527,0.3711518542167247,4440,690
FedAvgM,CIFAR10,1.0,43,5,2,0.3133892814318339,5,0.01,8.059629402001452,0.00749732967628042,0.40530804169239637,6903,1075
FedAvgM,CIFAR10,1.0,43,5,1,0.19748709599177042,5,0.01,10.492934824205088,0.005961894786480164,0.627439527393091,11286,1760
FedAvgM,CIFAR10,1.0,43,5,0,0.25546268622080487,5,0.01,8.996242574661123,0.006590653900850639,0.48884774401124886,8759,1365
FedAvgM,CIFAR10,1.0,43,5,3,0.3142630457878113,5,0.01,6.917327721288706,0.01002511263954885,0.3223190577159202,4440,690
FedAvgM,CIFAR10,1.0,43,5,4,0.25146202246348065,5,0.01,10.674851656844622,0.005023459603220998,0.7098544121686291,13614,2125
FedAvgM,CIFAR10,1.0,43,6,2,0.3133892814318339,5,0.01,8.601843319846731,0.008001714716136494,0.34049497315377486,6903,1075
FedAvgM,CIFAR10,1.0,43,6,0,0.25546268622080487,5,0.01,9.272005751587425,0.006792678206291154,0.4197327351770778,8759,1365
FedAvgM,CIFAR10,1.0,43,6,1,0.19748709599177042,5,0.01,10.86280346020617,0.006172047420571688,0.5836817808085646,11286,1760
FedAvgM,CIFAR10,1.0,43,6,4,0.25146202246348065,5,0.01,10.94924527875061,0.005152586013529699,0.683772950343279,13614,2125
FedAvgM,CIFAR10,1.0,43,6,3,0.3142630457878113,5,0.01,7.588417695585299,0.010997706805196086,0.23868586221565713,4440,690
FedAvgM,CIFAR10,1.0,43,7,1,0.19748709599177042,5,0.01,11.568930212940646,0.006573255802807185,0.5732740175972246,11286,1760
FedAvgM,CIFAR10,1.0,43,7,4,0.25146202246348065,5,0.01,11.565006850952722,0.0054423561651542225,0.666138687697194,13614,2125
FedAvgM,CIFAR10,1.0,43,7,2,0.3133892814318339,5,0.01,9.501683351051394,0.008838775210280366,0.3505582003106201,6903,1075
FedAvgM,CIFAR10,1.0,43,7,3,0.3142630457878113,5,0.01,8.821461400492938,0.012784726667381069,0.26291252440953283,4440,690
FedAvgM,CIFAR10,1.0,43,7,0,0.25546268622080487,5,0.01,10.142563887113615,0.007430449734149169,0.4155804912068991,8759,1365
FedAvgM,CIFAR10,1.0,43,8,2,0.3133892814318339,5,0.01,9.449281838943445,0.00879002961762181,0.3435416144918804,6903,1075
FedAvgM,CIFAR10,1.0,43,8,1,0.19748709599177042,5,0.01,11.570693640241526,0.006574257750137231,0.5858399390701795,11286,1760
FedAvgM,CIFAR10,1.0,43,8,3,0.3142630457878113,5,0.01,8.877082219614039,0.012865336550165274,0.2424112260008748,4440,690
FedAvgM,CIFAR10,1.0,43,8,0,0.25546268622080487,5,0.01,10.258541418528077,0.007515414958628628,0.43069051697563915,8759,1365
FedAvgM,CIFAR10,1.0,43,8,4,0.25146202246348065,5,0.01,11.266267484465494,0.005301772933866115,0.6595290970633565,13614,2125
FedAvgM,CIFAR10,1.0,43,9,2,0.3133892814318339,5,0.01,8.743422639674975,0.008133416408999977,0.323294605871163,6903,1075
FedAvgM,CIFAR10,1.0,43,9,1,0.19748709599177042,5,0.01,11.045727600442865,0.006275981591160718,0.5937212797940274,11286,1760
FedAvgM,CIFAR10,1.0,43,9,0,0.25546268622080487,5,0.01,9.284510479282279,0.006801839178961377,0.40305427689874407,8759,1365
FedAvgM,CIFAR10,1.0,43,9,4,0.25146202246348065,5,0.01,10.402545818515106,0.004895315679301226,0.6516726428379633,13614,2125
FedAvgM,CIFAR10,1.0,43,9,3,0.3142630457878113,5,0.01,8.124750413641053,0.011775000599479786,0.21293166326547572,4440,690
FedAvgM,CIFAR10,1.0,43,10,0,0.25546268622080487,5,0.01,8.81800209262162,0.006460074793129393,0.41142303699795535,8759,1365
FedAvgM,CIFAR10,1.0,43,10,1,0.19748709599177042,5,0.01,9.956445232944978,0.005657071155082374,0.5731089322878431,11286,1760
FedAvgM,CIFAR10,1.0,43,10,2,0.3133892814318339,5,0.01,8.42215316513822,0.007834561083849506,0.3187311616641478,6903,1075
FedAvgM,CIFAR10,1.0,43,10,4,0.25146202246348065,5,0.01,9.684638400570506,0.00455747689438612,0.6602861172260498,13614,2125
FedAvgM,CIFAR10,1.0,43,10,3,0.3142630457878113,5,0.01,7.957886627693918,0.01153316902564336,0.20055942019932727,4440,690
FedAvgM,CIFAR10,1.0,44,1,0,0.19266271591186523,5,0.01,12.878478795291223,0.0056733386763397455,0.7985880073786868,14546,2270
FedAvgM,CIFAR10,1.0,44,1,1,0.30242931842803955,5,0.01,9.133587344030364,0.008576138351202219,0.4361712724632757,6842,1065
FedAvgM,CIFAR10,1.0,44,1,2,0.20605415105819702,5,0.01,10.390650327443586,0.008086109204236254,0.5184515471072288,8225,1285
FedAvgM,CIFAR10,1.0,44,1,3,0.21622896194458008,5,0.01,10.977311661671688,0.008101337019683902,0.5418599858460429,8678,1355
FedAvgM,CIFAR10,1.0,44,1,4,0.3967623710632324,5,0.01,9.220331261001956,0.008823283503351154,0.4183476984972144,6711,1045
FedAvgM,CIFAR10,1.0,44,2,4,0.3967623710632324,5,0.01,8.147734005321611,0.007796874646240777,0.5214752105939883,6711,1045
FedAvgM,CIFAR10,1.0,44,2,3,0.21622896194458008,5,0.01,10.672948426292757,0.007876714705751112,0.6851580906503794,8678,1355
FedAvgM,CIFAR10,1.0,44,2,2,0.20605415105819702,5,0.01,10.316154747643687,0.008028135990384192,0.6737853667554338,8225,1285
FedAvgM,CIFAR10,1.0,44,2,1,0.30242931842803955,5,0.01,8.693077979761156,0.008162514534987002,0.5719141138239078,6842,1065
FedAvgM,CIFAR10,1.0,44,2,0,0.19266271591186523,5,0.01,13.359541398859209,0.00588526052813181,0.8587573137222979,14546,2270
FedAvgM,CIFAR10,1.0,44,3,1,0.30242931842803955,5,0.01,7.463550960328364,0.0070080290707308585,0.47462344993761363,6842,1065
FedAvgM,CIFAR10,1.0,44,3,3,0.21622896194458008,5,0.01,8.73394985536331,0.006445719450452627,0.5752210651937952,8678,1355
FedAvgM,CIFAR10,1.0,44,3,2,0.20605415105819702,5,0.01,8.370564705030867,0.006514058136210791,0.5659606632816275,8225,1285
FedAvgM,CIFAR10,1.0,44,3,0,0.19266271591186523,5,0.01,11.469461563781739,0.005052626239551427,0.8342509673900523,14546,2270
FedAvgM,CIFAR10,1.0,44,3,4,0.3967623710632324,5,0.01,6.771028217771331,0.006479452839972566,0.4400845819589536,6711,1045
FedAvgM,CIFAR10,1.0,44,4,0,0.19266271591186523,5,0.01,11.227690960271426,0.004946119365758337,0.8109874280210263,14546,2270
FedAvgM,CIFAR10,1.0,44,4,3,0.21622896194458008,5,0.01,8.64823257617445,0.0063824594658114025,0.5355213535839752,8678,1355
FedAvgM,CIFAR10,1.0,44,4,2,0.20605415105819702,5,0.01,8.333121159088078,0.006484919189951812,0.5182714389342752,8225,1285
FedAvgM,CIFAR10,1.0,44,4,1,0.30242931842803955,5,0.01,7.63565088284692,0.007169625242109784,0.4572776407096712,6842,1065
FedAvgM,CIFAR10,1.0,44,4,4,0.3967623710632324,5,0.01,6.8909577552328924,0.006594217947591284,0.42266772358140925,6711,1045
FedAvgM,CIFAR10,1.0,44,5,0,0.19266271591186523,5,0.01,11.592536688973688,0.005106844356376074,0.7951451252133808,14546,2270
FedAvgM,CIFAR10,1.0,44,5,3,0.21622896194458008,5,0.01,9.179043113274307,0.006774201559612035,0.4898074324618272,8678,1355
FedAvgM,CIFAR10,1.0,44,5,4,0.3967623710632324,5,0.01,7.300334297479151,0.006985965834908278,0.38667406434560164,6711,1045
FedAvgM,CIFAR10,1.0,44,5,1,0.30242931842803955,5,0.01,8.304856568811674,0.007797987388555563,0.41917739973379864,6842,1065
FedAvgM,CIFAR10,1.0,44,5,2,0.20605415105819702,5,0.01,8.949575076485221,0.006964649864969043,0.48168917423641083,8225,1285
FedAvgM,CIFAR10,1.0,44,6,0,0.19266271591186523,5,0.01,11.852757090327863,0.005221478894417561,0.7708071423915287,14546,2270
FedAvgM,CIFAR10,1.0,44,6,2,0.20605415105819702,5,0.01,9.649897150681923,0.007509647588079317,0.42193944794568106,8225,1285
FedAvgM,CIFAR10,1.0,44,6,4,0.3967623710632324,5,0.01,7.9308119714384855,0.007589293752572714,0.317086158508779,6711,1045
FedAvgM,CIFAR10,1.0,44,6,1,0.30242931842803955,5,0.01,8.862731027890568,0.008321813171728233,0.34759829415112453,6842,1065
FedAvgM,CIFAR10,1.0,44,6,3,0.21622896194458008,5,0.01,9.823332807120423,0.0072496921085759575,0.43625358162654954,8678,1355
FedAvgM,CIFAR10,1.0,44,7,2,0.20605415105819702,5,0.01,10.596461537022284,0.008246273569667147,0.4248679619110979,8225,1285
FedAvgM,CIFAR10,1.0,44,7,3,0.21622896194458008,5,0.01,10.73542846260981,0.007922825433660376,0.4291089913987692,8678,1355
FedAvgM,CIFAR10,1.0,44,7,1,0.30242931842803955,5,0.01,9.701268712500157,0.009109172500000148,0.34338999154521777,6842,1065
FedAvgM,CIFAR10,1.0,44,7,0,0.19266271591186523,5,0.01,12.422267766442554,0.005472364654820508,0.7544970710598062,14546,2270
FedAvgM,CIFAR10,1.0,44,7,4,0.3967623710632324,5,0.01,8.45121253393078,0.008087284721464862,0.29651538464056054,6711,1045
FedAvgM,CIFAR10,1.0,44,8,0,0.19266271591186523,5,0.01,12.396577561364113,0.0054610473838608425,0.7446445692516409,14546,2270
FedAvgM,CIFAR10,1.0,44,8,2,0.20605415105819702,5,0.01,10.797683671567285,0.008402866670480378,0.42788332996367856,8225,1285
FedAvgM,CIFAR10,1.0,44,8,4,0.3967623710632324,5,0.01,8.816023999048548,0.008436386601960333,0.3154396832184182,6711,1045
FedAvgM,CIFAR10,1.0,44,8,1,0.30242931842803955,5,0.01,10.120335437087116,0.009502662382241423,0.348484955960245,6842,1065
FedAvgM,CIFAR10,1.0,44,8,3,0.21622896194458008,5,0.01,10.802529831594036,0.00797234673918379,0.444280252345428,8678,1355
FedAvgM,CIFAR10,1.0,44,9,2,0.20605415105819702,5,0.01,9.771190874383795,0.007604039590960151,0.4027702546993235,8225,1285
FedAvgM,CIFAR10,1.0,44,9,1,0.30242931842803955,5,0.01,9.370873847708049,0.008798942580007558,0.3224895308622537,6842,1065
FedAvgM,CIFAR10,1.0,44,9,4,0.3967623710632324,5,0.01,8.117708844599806,0.007768142435023737,0.2823861373905416,6711,1045
FedAvgM,CIFAR10,1.0,44,9,0,0.19266271591186523,5,0.01,11.571111579516245,0.0050974059821657465,0.7508381175009642,14546,2270
FedAvgM,CIFAR10,1.0,44,9,3,0.21622896194458008,5,0.01,10.0660137542625,0.00742879243857011,0.43474181484478464,8678,1355
FedAvgM,CIFAR10,1.0,44,10,0,0.19266271591186523,5,0.01,10.689634280305903,0.0047090899913241864,0.7509377464843153,14546,2270
FedAvgM,CIFAR10,1.0,44,10,2,0.20605415105819702,5,0.01,9.3187025273919,0.007251908581627938,0.40672321066971967,8225,1285
FedAvgM,CIFAR10,1.0,44,10,4,0.3967623710632324,5,0.01,7.500126272597888,0.007177154327844869,0.2792898023473364,6711,1045
FedAvgM,CIFAR10,1.0,44,10,3,0.21622896194458008,5,0.01,9.091384122835409,0.006709508577738309,0.41245063965814543,8678,1355
FedAvgM,CIFAR10,1.0,44,10,1,0.30242931842803955,5,0.01,8.882894595661904,0.008340746099213056,0.3287620492166923,6842,1065
FedAvgM,CIFAR10,1.0,45,1,1,0.3036993145942688,5,0.01,9.991022320643307,0.007455986806450229,0.5274028488077145,8604,1340
FedAvgM,CIFAR10,1.0,45,1,4,0.36910732587178546,5,0.01,9.33683716159541,0.00933683716159541,0.4034278756492584,6416,1000
FedAvgM,CIFAR10,1.0,45,1,0,0.2084338665008545,5,0.01,12.77643829517375,0.0063722884265205735,0.752234056515714,12852,2005
FedAvgM,CIFAR10,1.0,45,1,2,0.279504915078481,5,0.01,11.116316917765523,0.007911969336487917,0.5521466043688003,9017,1405
FedAvgM,CIFAR10,1.0,45,1,3,0.2747526963551839,5,0.01,10.171497290808166,0.008040709320796969,0.5127018167666071,8113,1265
FedAvgM,CIFAR10,1.0,45,2,2,0.279504915078481,5,0.01,10.025403422838817,0.007135518450419087,0.6547443486224399,9017,1405
FedAvgM,CIFAR10,1.0,45,2,4,0.36910732587178546,5,0.01,7.717148110698909,0.0077171481106989084,0.5535072658523267,6416,1000
FedAvgM,CIFAR10,1.0,45,2,0,0.2084338665008545,5,0.01,12.37150328733809,0.006170325829096305,0.8163479135963974,12852,2005
FedAvgM,CIFAR10,1.0,45,2,3,0.2747526963551839,5,0.01,9.325924609952834,0.007372272418935046,0.619789143645086,8113,1265
FedAvgM,CIFAR10,1.0,45,2,1,0.3036993145942688,5,0.01,9.509438420118542,0.00709659583590936,0.59925130068278,8604,1340
FedAvgM,CIFAR10,1.0,45,3,4,0.36910732587178546,5,0.01,6.79278657128146,0.00679278657128146,0.4887170743257257,6416,1000
FedAvgM,CIFAR10,1.0,45,3,3,0.2747526963551839,5,0.01,8.316604338272821,0.006574390781243337,0.5713313711495294,8113,1265
FedAvgM,CIFAR10,1.0,45,3,0,0.2084338665008545,5,0.01,10.744481781127146,0.005358843781110796,0.7856318143477024,12852,2005
FedAvgM,CIFAR10,1.0,45,3,1,0.3036993145942688,5,0.01,8.457745941008476,0.0063117507022451315,0.5627692457757879,8604,1340
FedAvgM,CIFAR10,1.0,45,3,2,0.279504915078481,5,0.01,8.831736712885844,0.006285933603477469,0.6073178300349367,9017,1405
FedAvgM,CIFAR10,1.0,45,4,3,0.2747526963551839,5,0.01,8.126102304223473,0.006423796287923693,0.5265414997666508,8113,1265
FedAvgM,CIFAR10,1.0,45,4,4,0.36910732587178546,5,0.01,6.877749636210339,0.0068777496362103395,0.461254499378922,6416,1000
FedAvgM,CIFAR10,1.0,45,4,1,0.3036993145942688,5,0.01,8.437243560347184,0.00629645041816954,0.5303773564794471,8604,1340
FedAvgM,CIFAR10,1.0,45,4,2,0.279504915078481,5,0.01,8.70421958353764,0.006195174080809708,0.5674776335037749,9017,1405
FedAvgM,CIFAR10,1.0,45,4,0,0.2084338665008545,5,0.01,10.149584570488042,0.005062136942886803,0.7501453649001746,12852,2005
FedAvgM,CIFAR10,1.0,45,5,4,0.36910732587178546,5,0.01,7.5659646596081185,0.007565964659608119,0.4188069276147924,6416,1000
FedAvgM,CIFAR10,1.0,45,5,2,0.279504915078481,5,0.01,9.360352971357115,0.006662172933350259,0.5295818384751829,9017,1405
FedAvgM,CIFAR10,1.0,45,5,3,0.2747526963551839,5,0.01,8.550795664681186,0.006759522264570108,0.4905484867279478,8113,1265
FedAvgM,CIFAR10,1.0,45,5,0,0.2084338665008545,5,0.01,10.622591016621655,0.005298050382354941,0.7265873048688516,12852,2005
FedAvgM,CIFAR10,1.0,45,5,1,0.3036993145942688,5,0.01,8.955004659682698,0.006682839298270671,0.5048801033139434,8604,1340
FedAvgM,CIFAR10,1.0,45,6,0,0.2084338665008545,5,0.01,10.923474042113943,0.005448116729233887,0.6983057048862231,12852,2005
FedAvgM,CIFAR10,1.0,45,6,2,0.279504915078481,5,0.01,9.831051677222865,0.006997189805852573,0.486304852459294,9017,1405
FedAvgM,CIFAR10,1.0,45,6,1,0.3036993145942688,5,0.01,9.536231120221824,0.007116590388225242,0.4536462362805296,8604,1340
FedAvgM,CIFAR10,1.0,45,6,3,0.2747526963551839,5,0.01,9.203899997529861,0.007275810274727163,0.42917178824352886,8113,1265
FedAvgM,CIFAR10,1.0,45,6,4,0.36910732587178546,5,0.01,7.855083755611715,0.007855083755611714,0.3403211964569425,6416,1000
FedAvgM,CIFAR10,1.0,45,7,2,0.279504915078481,5,0.01,10.654865645980127,0.007583534267601514,0.4716736005244642,9017,1405
FedAvgM,CIFAR10,1.0,45,7,4,0.36910732587178546,5,0.01,8.82112033955367,0.00882112033955367,0.31678824322896104,6416,1000
FedAvgM,CIFAR10,1.0,45,7,3,0.2747526963551839,5,0.01,9.985642198826929,0.007893788299467928,0.4109888789637296,8113,1265
FedAvgM,CIFAR10,1.0,45,7,1,0.3036993145942688,5,0.01,10.46041629277688,0.007806280815505134,0.4453125048758795,8604,1340
FedAvgM,CIFAR10,1.0,45,7,0,0.2084338665008545,5,0.01,11.54442679663157,0.005757818851187815,0.6710769708728594,12852,2005
FedAvgM,CIFAR10,1.0,45,8,0,0.2084338665008545,5,0.01,11.530108490476776,0.005750677551359988,0.6621543442155539,12852,2005
FedAvgM,CIFAR10,1.0,45,8,4,0.36910732587178546,5,0.01,9.056370044005796,0.009056370044005795,0.3264384032163826,6416,1000
FedAvgM,CIFAR10,1.0,45,8,2,0.279504915078481,5,0.01,10.897140018860316,0.007755971543672823,0.48060994062300005,9017,1405
FedAvgM,CIFAR10,1.0,45,8,3,0.2747526963551839,5,0.01,10.329854338874624,0.008165892758003656,0.4245530280928326,8113,1265
FedAvgM,CIFAR10,1.0,45,8,1,0.3036993145942688,5,0.01,10.588405653892606,0.00790179526409896,0.4428764303620061,8604,1340
FedAvgM,CIFAR10,1.0,45,9,1,0.3036993145942688,5,0.01,9.876785542998668,0.007370735479849753,0.4333545642452003,8604,1340
FedAvgM,CIFAR10,1.0,45,9,0,0.2084338665008545,5,0.01,10.633069342180715,0.005303276479890631,0.6574307878431248,12852,2005
FedAvgM,CIFAR10,1.0,45,9,2,0.279504915078481,5,0.01,10.09138793208025,0.0071824825139361215,0.46181324205115426,9017,1405
FedAvgM,CIFAR10,1.0,45,9,3,0.2747526963551839,5,0.01,9.83181750987984,0.007772187754845724,0.427880993016459,8113,1265
FedAvgM,CIFAR10,1.0,45,9,4,0.36910732587178546,5,0.01,8.26842880045386,0.008268428800453859,0.3105487128780996,6416,1000
FedAvgM,CIFAR10,1.0,45,10,3,0.2747526963551839,5,0.01,9.106804522019896,0.007199054958118495,0.4154194332447311,8113,1265
FedAvgM,CIFAR10,1.0,45,10,0,0.2084338665008545,5,0.01,9.505813762556738,0.004741054245664208,0.6501439256030004,12852,2005
FedAvgM,CIFAR10,1.0,45,10,4,0.36910732587178546,5,0.01,7.7379959541598895,0.007737995954159889,0.30292498563987047,6416,1000
FedAvgM,CIFAR10,1.0,45,10,2,0.279504915078481,5,0.01,9.17085375636364,0.006527298047233907,0.45227289591640973,9017,1405
FedAvgM,CIFAR10,1.0,45,10,1,0.3036993145942688,5,0.01,9.41207353163435,0.007023935471368918,0.4335879446287567,8604,1340
FedAvgM,CIFAR10,1.0,46,1,2,0.38303478558858234,5,0.01,7.538575309770527,0.01025656504730684,0.35969352971293866,4712,735
FedAvgM,CIFAR10,1.0,46,1,0,0.3143047293027242,5,0.01,11.4384595122113,0.007216693698556026,0.583684976790616,10148,1585
FedAvgM,CIFAR10,1.0,46,1,4,0.23337401946385702,5,0.01,11.600282889070028,0.0067443505169011795,0.6279069240724579,11039,1720
FedAvgM,CIFAR10,1.0,46,1,1,0.4105516274770101,5,0.01,8.862899746057737,0.00868911739809582,0.42072683615830064,6538,1020
FedAvgM,CIFAR10,1.0,46,1,3,0.2132678230603536,5,0.01,12.577331073840675,0.006417005649918712,0.7132705179620866,12565,1960
FedAvgM,CIFAR10,1.0,46,2,3,0.2132678230603536,5,0.01,12.456012563703853,0.006355108450869312,0.7773525436075879,12565,1960
FedAvgM,CIFAR10,1.0,46,2,2,0.38303478558858234,5,0.01,7.013306128122909,0.00954191309948695,0.4844893653973208,4712,735
FedAvgM,CIFAR10,1.0,46,2,1,0.4105516274770101,5,0.01,8.260702304460928,0.008098727749471497,0.5073598740926758,6538,1020
FedAvgM,CIFAR10,1.0,46,2,0,0.3143047293027242,5,0.01,10.323164919560826,0.006513037804139322,0.6445728564011365,10148,1585
FedAvgM,CIFAR10,1.0,46,2,4,0.23337401946385702,5,0.01,11.279893105569297,0.006558077386958894,0.7156602667503482,11039,1720
FedAvgM,CIFAR10,1.0,46,3,2,0.38303478558858234,5,0.01,6.220747034022868,0.008463601406833835,0.4261724195798768,4712,735
FedAvgM,CIFAR10,1.0,46,3,0,0.3143047293027242,5,0.01,8.922138096206245,0.0056291092089629305,0.5844541028546365,10148,1585
FedAvgM,CIFAR10,1.0,46,3,4,0.23337401946385702,5,0.01,10.205393700983878,0.00593336843080458,0.6918487115704028,11039,1720
FedAvgM,CIFAR10,1.0,46,3,3,0.2132678230603536,5,0.01,10.665827596793958,0.005441748773874469,0.7432323139326042,12565,1960
FedAvgM,CIFAR10,1.0,46,3,1,0.4105516274770101,5,0.01,7.227353589831161,0.007085640774344275,0.45109176951960356,6538,1020
FedAvgM,CIFAR10,1.0,46,4,4,0.23337401946385702,5,0.01,9.912856796690042,0.005763288835284908,0.6519547553527695,11039,1720
FedAvgM,CIFAR10,1.0,46,4,0,0.3143047293027242,5,0.01,8.73086219954723,0.005508430409808978,0.5572295193280941,10148,1585
FedAvgM,CIFAR10,1.0,46,4,1,0.4105516274770101,5,0.01,7.172275120264076,0.007031642274768702,0.4180029369141747,6538,1020
FedAvgM,CIFAR10,1.0,46,4,3,0.2132678230603536,5,0.01,10.342749973533724,0.005276913251802921,0.7146188393191496,12565,1960
FedAvgM,CIFAR10,1.0,46,4,2,0.38303478558858234,5,0.01,6.378641559673992,0.008678423890712914,0.3894404452908024,4712,735
FedAvgM,CIFAR10,1.0,46,5,2,0.38303478558858234,5,0.01,6.979303354647495,0.009495650822649653,0.35376978603792736,4712,735
FedAvgM,CIFAR10,1.0,46,5,0,0.3143047293027242,5,0.01,9.199136424678192,0.005803871561311162,0.5444052235794987,10148,1585
FedAvgM,CIFAR10,1.0,46,5,1,0.4105516274770101,5,0.01,7.579906883992231,0.007431281258815913,0.387239119883907,6538,1020
FedAvgM,CIFAR10,1.0,46,5,4,0.23337401946385702,5,0.01,10.347608062289137,0.006016051199005312,0.6274531065334916,11039,1720
FedAvgM,CIFAR10,1.0,46,5,3,0.2132678230603536,5,0.01,10.720762208304238,0.0054697766368899175,0.6903578901401651,12565,1960
FedAvgM,CIFAR10,1.0,46,6,2,0.38303478558858234,5,0.01,7.597097263351469,0.010336186752859142,0.27043030644831406,4712,735
FedAvgM,CIFAR10,1.0,46,6,1,0.4105516274770101,5,0.01,8.18551810790322,0.008025017752846295,0.31668885811530684,6538,1020
FedAvgM,CIFAR10,1.0,46,6,4,0.23337401946385702,5,0.01,10.645383991195386,0.006189176739067085,0.5801108426187589,11039,1720
FedAvgM,CIFAR10,1.0,46,6,0,0.3143047293027242,5,0.01,9.730307626940112,0.0061389953482272,0.4921711855481539,10148,1585
FedAvgM,CIFAR10,1.0,46,6,3,0.2132678230603536,5,0.01,11.171537019896798,0.005699763785661631,0.6592978013678947,12565,1960
FedAvgM,CIFAR10,1.0,46,7,3,0.2132678230603536,5,0.01,11.513955552711387,0.005874467118730299,0.6333640096620045,12565,1960
FedAvgM,CIFAR10,1.0,46,7,2,0.38303478558858234,5,0.01,8.638396735998946,0.011752920729250266,0.27307717130228654,4712,735
FedAvgM,CIFAR10,1.0,46,7,1,0.4105516274770101,5,0.01,9.504877698128382,0.009318507547184688,0.3396075637426638,6538,1020
FedAvgM,CIFAR10,1.0,46,7,0,0.3143047293027242,5,0.01,10.365399285954204,0.006539684092084671,0.4804905299683747,10148,1585
FedAvgM,CIFAR10,1.0,46,7,4,0.23337401946385702,5,0.01,11.411092726292855,0.006634356236216776,0.5672082291196252,11039,1720
FedAvgM,CIFAR10,1.0,46,8,0,0.3143047293027242,5,0.01,10.2340300823886,0.006456801313809842,0.4710742048368625,10148,1585
FedAvgM,CIFAR10,1.0,46,8,3,0.2132678230603536,5,0.01,11.72166720433633,0.005980442451192005,0.6387383729003606,12565,1960
FedAvgM,CIFAR10,1.0,46,8,4,0.23337401946385702,5,0.01,11.621095768145828,0.006756451027991761,0.5672702939069686,11039,1720
FedAvgM,CIFAR10,1.0,46,8,2,0.38303478558858234,5,0.01,8.984663480911994,0.01222403194681904,0.2617888469078655,4712,735
FedAvgM,CIFAR10,1.0,46,8,1,0.4105516274770101,5,0.01,9.258243384832616,0.00907670920081629,0.3261128967872448,6538,1020
FedAvgM,CIFAR10,1.0,46,9,3,0.2132678230603536,5,0.01,10.878269131379756,0.005550137311928447,0.6280399815741468,12565,1960
FedAvgM,CIFAR10,1.0,46,9,2,0.38303478558858234,5,0.01,8.144834992444686,0.011081408152985967,0.2183685371028619,4712,735
FedAvgM,CIFAR10,1.0,46,9,4,0.23337401946385702,5,0.01,11.0157231760791,0.006404490218650639,0.5693741696087758,11039,1720
FedAvgM,CIFAR10,1.0,46,9,0,0.3143047293027242,5,0.01,9.805723169423743,0.006186576132128544,0.4723858522286043,10148,1585
FedAvgM,CIFAR10,1.0,46,9,1,0.4105516274770101,5,0.01,8.768928447556576,0.008596988674075073,0.30719021595851975,6538,1020
FedAvgM,CIFAR10,1.0,46,10,0,0.3143047293027242,5,0.01,9.28447626947505,0.005857713734684574,0.46820613351297075,10148,1585
FedAvgM,CIFAR10,1.0,46,10,3,0.2132678230603536,5,0.01,10.166868767652911,0.005187177942680057,0.6313250042163745,12565,1960
FedAvgM,CIFAR10,1.0,46,10,2,0.38303478558858234,5,0.01,8.034450728717498,0.010931225481248297,0.23534020453449447,4712,735
FedAvgM,CIFAR10,1.0,46,10,4,0.23337401946385702,5,0.01,10.164623130631067,0.005909664610832016,0.5587682141044293,11039,1720
FedAvgM,CIFAR10,1.0,46,10,1,0.4105516274770101,5,0.01,8.350356949870688,0.008186624460657538,0.2950301067334305,6538,1020
FedAvgM,CIFAR10,1.0,47,1,2,0.31242897113164264,5,0.01,11.122442631467933,0.0062838658934847086,0.6363062797994438,11346,1770
FedAvgM,CIFAR10,1.0,47,1,1,0.3090296188990275,5,0.01,10.135417316078147,0.009090060373164257,0.4741072257291581,7155,1115
FedAvgM,CIFAR10,1.0,47,1,4,0.2781045238176982,5,0.01,9.783044776771364,0.007672976295506952,0.5086168097289017,8165,1275
FedAvgM,CIFAR10,1.0,47,1,0,0.21534421046574911,5,0.01,12.287191273179644,0.00700124858870635,0.6855120372129716,11248,1755
FedAvgM,CIFAR10,1.0,47,1,3,0.29459049304326373,5,0.01,9.871244461416907,0.008933252906259645,0.48115355719945696,7089,1105
FedAvgM,CIFAR10,1.0,47,2,4,0.2781045238176982,5,0.01,9.86778650898246,0.0077394403992019295,0.6305505272770441,8165,1275
FedAvgM,CIFAR10,1.0,47,2,3,0.29459049304326373,5,0.01,8.845239698347848,0.008004741808459592,0.5944879507209538,7089,1105
FedAvgM,CIFAR10,1.0,47,2,0,0.21534421046574911,5,0.01,11.669288685433017,0.006649167342127075,0.75490734064846,11248,1755
FedAvgM,CIFAR10,1.0,47,2,1,0.3090296188990275,5,0.01,9.600511917690719,0.008610324589857147,0.6125109802110965,7155,1115
FedAvgM,CIFAR10,1.0,47,2,2,0.31242897113164264,5,0.01,10.74899787031342,0.006072880152719447,0.6842725899539874,11346,1770
FedAvgM,CIFAR10,1.0,47,3,4,0.2781045238176982,5,0.01,9.255635698917452,0.007259322116798001,0.5946881109037608,8165,1275
FedAvgM,CIFAR10,1.0,47,3,3,0.29459049304326373,5,0.01,7.649158954825555,0.006922315796222222,0.5085769153533878,7089,1105
FedAvgM,CIFAR10,1.0,47,3,1,0.3090296188990275,5,0.01,7.957337868806775,0.007136625891306525,0.5366609828172474,7155,1115
FedAvgM,CIFAR10,1.0,47,3,0,0.21534421046574911,5,0.01,9.954268948442184,0.005671948118770476,0.709715793346534,11248,1755
FedAvgM,CIFAR10,1.0,47,3,2,0.31242897113164264,5,0.01,9.672170165261589,0.0054645029182268864,0.6670474893879955,11346,1770
FedAvgM,CIFAR10,1.0,47,4,3,0.29459049304326373,5,0.01,7.576654950171139,0.0068567013123720716,0.473300588569817,7089,1105
FedAvgM,CIFAR10,1.0,47,4,4,0.2781045238176982,5,0.01,8.999161322612137,0.007058165743225205,0.5589582090759286,8165,1275
FedAvgM,CIFAR10,1.0,47,4,0,0.21534421046574911,5,0.01,9.509639470641602,0.005418597988969574,0.6740339662424465,11248,1755
FedAvgM,CIFAR10,1.0,47,4,2,0.31242897113164264,5,0.01,9.36597956293497,0.00529151387736439,0.6378038746135192,11346,1770
FedAvgM,CIFAR10,1.0,47,4,1,0.3090296188990275,5,0.01,7.437550495515355,0.006670448874901664,0.48492161517747817,7155,1115
FedAvgM,CIFAR10,1.0,47,5,2,0.31242897113164264,5,0.01,9.785345319411034,0.00552844368328307,0.6198818706364884,11346,1770
FedAvgM,CIFAR10,1.0,47,5,0,0.21534421046574911,5,0.01,9.959287805534618,0.005674807866401492,0.6581658075090222,11248,1755
FedAvgM,CIFAR10,1.0,47,5,4,0.2781045238176982,5,0.01,9.402343959707622,0.007374387419378527,0.5185812082923198,8165,1275
FedAvgM,CIFAR10,1.0,47,5,3,0.29459049304326373,5,0.01,8.034082770628375,0.007270663140840158,0.45884921100886317,7089,1105
FedAvgM,CIFAR10,1.0,47,5,1,0.3090296188990275,5,0.01,7.904253913925496,0.00708901696316188,0.4593715821330268,7155,1115
FedAvgM,CIFAR10,1.0,47,6,3,0.29459049304326373,5,0.01,8.558523072119284,0.007745269748524239,0.38783676795005595,7089,1105
FedAvgM,CIFAR10,1.0,47,6,4,0.2781045238176982,5,0.01,9.836847029759541,0.007715174140987875,0.46770076361682406,8165,1275
FedAvgM,CIFAR10,1.0,47,6,1,0.3090296188990275,5,0.01,8.433929969044476,0.007564062752506256,0.391518893977229,7155,1115
FedAvgM,CIFAR10,1.0,47,6,2,0.31242897113164264,5,0.01,10.035023410544037,0.005669504751719795,0.5826157854065522,11346,1770
FedAvgM,CIFAR10,1.0,47,6,0,0.21534421046574911,5,0.01,10.179787084311513,0.005800448481089181,0.6098177968173408,11248,1755
FedAvgM,CIFAR10,1.0,47,7,0,0.21534421046574911,5,0.01,10.959851513367427,0.006244929637246397,0.5944110975542585,11248,1755
FedAvgM,CIFAR10,1.0,47,7,4,0.2781045238176982,5,0.01,10.4842763977337,0.00822296188057545,0.4529357661145454,8165,1275
FedAvgM,CIFAR10,1.0,47,7,2,0.31242897113164264,5,0.01,10.502777479253323,0.00593377258714877,0.5593554121954953,11346,1770
FedAvgM,CIFAR10,1.0,47,7,1,0.3090296188990275,5,0.01,9.100101231420137,0.008161525768089808,0.3693233969060452,7155,1115
FedAvgM,CIFAR10,1.0,47,7,3,0.29459049304326373,5,0.01,9.281339371598508,0.008399402146242994,0.379331691967492,7089,1105
FedAvgM,CIFAR10,1.0,47,8,2,0.31242897113164264,5,0.01,10.562438608159606,0.005967479439638196,0.562405207753655,11346,1770
FedAvgM,CIFAR10,1.0,47,8,3,0.29459049304326373,5,0.01,9.440286354421467,0.008543245569612187,0.38198425805558905,7089,1105
FedAvgM,CIFAR10,1.0,47,8,0,0.21534421046574911,5,0.01,10.90016398372437,0.006210919648845795,0.5894034608709193,11248,1755
FedAvgM,CIFAR10,1.0,47,8,1,0.3090296188990275,5,0.01,9.401078564547937,0.008431460596007119,0.380607186373111,7155,1115
FedAvgM,CIFAR10,1.0,47,8,4,0.2781045238176982,5,0.01,10.636933355303993,0.008342692827689407,0.4529549030903248,8165,1275
FedAvgM,CIFAR10,1.0,47,9,1,0.3090296188990275,5,0.01,8.498890019460196,0.0076223228874082475,0.35485794451212127,7155,1115
FedAvgM,CIFAR10,1.0,47,9,3,0.29459049304326373,5,0.01,8.836455888925173,0.00799679265966079,0.3569277590002104,7089,1105
FedAvgM,CIFAR10,1.0,47,9,0,0.21534421046574911,5,0.01,10.247822581292876,0.005839215146035827,0.5800294847721339,11248,1755
FedAvgM,CIFAR10,1.0,47,9,4,0.2781045238176982,5,0.01,10.0929048777862,0.007916003825714666,0.4379968944842612,8165,1275
FedAvgM,CIFAR10,1.0,47,9,2,0.31242897113164264,5,0.01,10.002648474375297,0.005651213827330677,0.5622212567569547,11346,1770
FedAvgM,CIFAR10,1.0,47,10,4,0.2781045238176982,5,0.01,9.632774141871261,0.007555116974016675,0.43497069349417294,8165,1275
FedAvgM,CIFAR10,1.0,47,10,2,0.31242897113164264,5,0.01,9.475295623531835,0.005353274363577308,0.5620802172382597,11346,1770
FedAvgM,CIFAR10,1.0,47,10,1,0.3090296188990275,5,0.01,8.021454305647998,0.007194129422105827,0.3469786643389818,7155,1115
FedAvgM,CIFAR10,1.0,47,10,0,0.21534421046574911,5,0.01,9.550088468977933,0.005441645851269477,0.5791808308847008,11248,1755
FedAvgM,CIFAR10,1.0,47,10,3,0.29459049304326373,5,0.01,8.255522396259327,0.007471060992089888,0.33770524136834046,7089,1105
FedAvgM,CIFAR10,1.0,48,1,0,0.25561201572418213,5,0.01,8.939371043054692,0.009311844836515305,0.41739220324139026,6169,960
FedAvgM,CIFAR10,1.0,48,1,4,0.2503192226092021,5,0.01,11.148116357490553,0.006500359392122772,0.634086757811399,11003,1715
FedAvgM,CIFAR10,1.0,48,1,3,0.22022720177968344,5,0.01,11.315413045782527,0.007276792955487156,0.6161202989685439,9957,1555
FedAvgM,CIFAR10,1.0,48,1,2,0.19299550851186117,5,0.01,10.836627607996329,0.0077681918336891245,0.5807490384969639,8937,1395
FedAvgM,CIFAR10,1.0,48,1,1,0.28708189725875854,5,0.01,10.966509648971288,0.007861297239405941,0.5514735647438427,8936,1395
FedAvgM,CIFAR10,1.0,48,2,4,0.2503192226092021,5,0.01,11.192570701743634,0.006526280292561886,0.7069495517966599,11003,1715
FedAvgM,CIFAR10,1.0,48,2,3,0.22022720177968344,5,0.01,11.048479753345099,0.007105131674176912,0.6913581922950977,9957,1555
FedAvgM,CIFAR10,1.0,48,2,1,0.28708189725875854,5,0.01,9.867886776234757,0.007073753961458607,0.6121412719252993,8936,1395
FedAvgM,CIFAR10,1.0,48,2,0,0.25561201572418213,5,0.01,8.302603767358995,0.008648545590998953,0.5674248046700215,6169,960
FedAvgM,CIFAR10,1.0,48,2,2,0.19299550851186117,5,0.01,10.356965552460162,0.007424348066279686,0.6873598913725335,8937,1395
FedAvgM,CIFAR10,1.0,48,3,2,0.19299550851186117,5,0.01,9.039980384805698,0.00648027267728007,0.6384022557399922,8937,1395
FedAvgM,CIFAR10,1.0,48,3,0,0.25561201572418213,5,0.01,7.675162917080828,0.007994961371959196,0.5168854059668374,6169,960
FedAvgM,CIFAR10,1.0,48,3,1,0.28708189725875854,5,0.01,8.506903940896139,0.006098139025732,0.5894736249097658,8936,1395
FedAvgM,CIFAR10,1.0,48,3,4,0.2503192226092021,5,0.01,10.240906571515495,0.005971374094178131,0.6888376330046597,11003,1715
FedAvgM,CIFAR10,1.0,48,3,3,0.22022720177968344,5,0.01,9.687728391214725,0.006230050412356736,0.6725907687374986,9957,1555
FedAvgM,CIFAR10,1.0,48,4,1,0.28708189725875854,5,0.01,8.133123714300364,0.005830196210968003,0.5443235950979219,8936,1395
FedAvgM,CIFAR10,1.0,48,4,2,0.19299550851186117,5,0.01,8.71473661370776,0.00624712302057904,0.5853283228019558,8937,1395
FedAvgM,CIFAR10,1.0,48,4,0,0.25561201572418213,5,0.01,7.48657491183566,0.007798515533162146,0.4706283683187671,6169,960
FedAvgM,CIFAR10,1.0,48,4,3,0.22022720177968344,5,0.01,9.365169612642843,0.0060226171142397705,0.628563478388794,9957,1555
FedAvgM,CIFAR10,1.0,48,4,4,0.2503192226092021,5,0.01,9.870175148628105,0.005755204168296271,0.6610221575386982,11003,1715
FedAvgM,CIFAR10,1.0,48,5,4,0.2503192226092021,5,0.01,10.198419527570138,0.005946600307621072,0.6392771847388145,11003,1715
FedAvgM,CIFAR10,1.0,48,5,0,0.25561201572418213,5,0.01,7.970448973846066,0.008302551014422985,0.4225948296346063,6169,960
FedAvgM,CIFAR10,1.0,48,5,2,0.19299550851186117,5,0.01,9.35452098974836,0.006705749813439685,0.5581762090083553,8937,1395
FedAvgM,CIFAR10,1.0,48,5,1,0.28708189725875854,5,0.01,8.68132951040421,0.006223175276275419,0.5128766910387298,8936,1395
FedAvgM,CIFAR10,1.0,48,5,3,0.22022720177968344,5,0.01,9.801935894045698,0.006303495751797877,0.5922519463462511,9957,1555
FedAvgM,CIFAR10,1.0,48,6,0,0.25561201572418213,5,0.01,8.62006499804122,0.008979234372959605,0.3499547923846279,6169,960
FedAvgM,CIFAR10,1.0,48,6,3,0.22022720177968344,5,0.01,10.353457227176571,0.006658171850274322,0.5568683051867969,9957,1555
FedAvgM,CIFAR10,1.0,48,6,1,0.28708189725875854,5,0.01,9.161855339683795,0.00656763823633247,0.46017758084772614,8936,1395
FedAvgM,CIFAR10,1.0,48,6,2,0.19299550851186117,5,0.01,9.754186844911262,0.00699224863434499,0.500248581806989,8937,1395
FedAvgM,CIFAR10,1.0,48,6,4,0.2503192226092021,5,0.01,10.518542510837781,0.006133260939264013,0.6023936262474274,11003,1715
FedAvgM,CIFAR10,1.0,48,7,3,0.22022720177968344,5,0.01,10.980826137169116,0.007061624525510685,0.5370731318949475,9957,1555
FedAvgM,CIFAR10,1.0,48,7,2,0.19299550851186117,5,0.01,10.403441438324176,0.007457664113494033,0.47309523755882477,8937,1395
FedAvgM,CIFAR10,1.0,48,7,4,0.2503192226092021,5,0.01,11.117032976103046,0.006482234971488656,0.5750462421904392,11003,1715
FedAvgM,CIFAR10,1.0,48,7,1,0.28708189725875854,5,0.01,9.847187383155422,0.007058915686849765,0.44495610838270955,8936,1395
FedAvgM,CIFAR10,1.0,48,7,0,0.25561201572418213,5,0.01,9.352359946372601,0.009742041610804794,0.3311167809730922,6169,960
FedAvgM,CIFAR10,1.0,48,8,1,0.28708189725875854,5,0.01,9.806769051410278,0.007029941972337117,0.4486839690678204,8936,1395
FedAvgM,CIFAR10,1.0,48,8,3,0.22022720177968344,5,0.01,10.937292396378933,0.007033628550726001,0.5316166514034256,9957,1555
FedAvgM,CIFAR10,1.0,48,8,4,0.2503192226092021,5,0.01,11.030168577666034,0.006431585176481652,0.5758892909322042,11003,1715
FedAvgM,CIFAR10,1.0,48,8,0,0.25561201572418213,5,0.01,9.627080063897468,0.010028208399893195,0.33756357268620396,6169,960
FedAvgM,CIFAR10,1.0,48,8,2,0.19299550851186117,5,0.01,10.478478206403672,0.0075114539114004815,0.47389133580140114,8937,1395
FedAvgM,CIFAR10,1.0,48,9,0,0.25561201572418213,5,0.01,9.189649049711228,0.009572551093449197,0.33492279631558547,6169,960
FedAvgM,CIFAR10,1.0,48,9,3,0.22022720177968344,5,0.01,10.208008344030999,0.006564635591016719,0.5240817662018877,9957,1555
FedAvgM,CIFAR10,1.0,48,9,4,0.2503192226092021,5,0.01,10.164197333766722,0.005926645675665728,0.5641820559627645,11003,1715
FedAvgM,CIFAR10,1.0,48,9,2,0.19299550851186117,5,0.01,9.731663050701336,0.006976102545305617,0.4689486184382633,8937,1395
FedAvgM,CIFAR10,1.0,48,9,1,0.28708189725875854,5,0.01,9.085493862113317,0.0065128988258876825,0.4320765726477958,8936,1395
FedAvgM,CIFAR10,1.0,48,10,1,0.28708189725875854,5,0.01,8.77716225793777,0.006291872586335318,0.4287408070341459,8936,1395
FedAvgM,CIFAR10,1.0,48,10,2,0.19299550851186117,5,0.01,9.31901880319358,0.006680300217343069,0.4602614636908049,8937,1395
FedAvgM,CIFAR10,1.0,48,10,4,0.2503192226092021,5,0.01,9.897219025327963,0.005770973192611058,0.5678271468698197,11003,1715
FedAvgM,CIFAR10,1.0,48,10,0,0.25561201572418213,5,0.01,8.629099314821124,0.008988645119605338,0.3158446820112824,6169,960
FedAvgM,CIFAR10,1.0,48,10,3,0.22022720177968344,5,0.01,9.688024453098466,0.0062302408058511035,0.5119927137062442,9957,1555
FedAvgM,CIFAR10,1.0,49,1,2,0.2265722950299581,5,0.01,10.919164097781964,0.007478879519028743,0.5928708655791908,9362,1460
FedAvgM,CIFAR10,1.0,49,1,1,0.28165485461552936,5,0.01,11.76672684098116,0.0062923672946423315,0.6931380438745866,11999,1870
FedAvgM,CIFAR10,1.0,49,1,4,0.31873313585917157,5,0.01,9.653320110379774,0.008394191400330238,0.48956949382144166,7384,1150
FedAvgM,CIFAR10,1.0,49,1,0,0.21312912305196127,5,0.01,10.571542169256595,0.00797852239189177,0.563121515556821,8483,1325
FedAvgM,CIFAR10,1.0,49,1,3,0.1574380894502004,5,0.01,9.839871313444151,0.008132125052433183,0.5391400653326662,7774,1210
FedAvgM,CIFAR10,1.0,49,2,2,0.2265722950299581,5,0.01,10.739137866028207,0.007355573880841237,0.694150159989273,9362,1460
FedAvgM,CIFAR10,1.0,49,2,0,0.21312912305196127,5,0.01,10.251822890466732,0.00773722482299376,0.6769058916922114,8483,1325
FedAvgM,CIFAR10,1.0,49,2,3,0.1574380894502004,5,0.01,9.798749507610715,0.008098140088934475,0.6546330391367179,7774,1210
FedAvgM,CIFAR10,1.0,49,2,1,0.28165485461552936,5,0.01,11.723166106246056,0.0062690727840888005,0.7535861478115541,11999,1870
FedAvgM,CIFAR10,1.0,49,2,4,0.31873313585917157,5,0.01,8.739815733772078,0.007599839768497459,0.5770109970102751,7384,1150
FedAvgM,CIFAR10,1.0,49,3,0,0.21312912305196127,5,0.01,8.7485377932698,0.006602670032656454,0.6097658516692562,8483,1325
FedAvgM,CIFAR10,1.0,49,3,4,0.31873313585917157,5,0.01,7.69684938517863,0.006692912508850983,0.5083796294668098,7384,1150
FedAvgM,CIFAR10,1.0,49,3,1,0.28165485461552936,5,0.01,10.629596071043641,0.0056842759738201295,0.7307346339982328,11999,1870
FedAvgM,CIFAR10,1.0,49,3,2,0.2265722950299581,5,0.01,9.295393920060222,0.00636670816442481,0.6335639220531435,9362,1460
FedAvgM,CIFAR10,1.0,49,3,3,0.1574380894502004,5,0.01,8.69501054662311,0.007185959129440586,0.6127738893432477,7774,1210
FedAvgM,CIFAR10,1.0,49,4,0,0.21312912305196127,5,0.01,8.418855136418998,0.0063538529331464135,0.5598876547076584,8483,1325
FedAvgM,CIFAR10,1.0,49,4,2,0.2265722950299581,5,0.01,8.934033174439032,0.006119200804410295,0.5865485403917601,9362,1460
FedAvgM,CIFAR10,1.0,49,4,4,0.31873313585917157,5,0.01,7.7088339039893405,0.006703333829555948,0.49074346995185636,7384,1150
FedAvgM,CIFAR10,1.0,49,4,3,0.1574380894502004,5,0.01,8.454950407693506,0.006987562320407856,0.5552275736060828,7774,1210
FedAvgM,CIFAR10,1.0,49,4,1,0.28165485461552936,5,0.01,10.311343036331591,0.0055140871852040595,0.7060338901990975,11999,1870
FedAvgM,CIFAR10,1.0,49,5,0,0.21312912305196127,5,0.01,8.988595364698025,0.00678384555826266,0.521221054551131,8483,1325
FedAvgM,CIFAR10,1.0,49,5,4,0.31873313585917157,5,0.01,8.136892292844044,0.00707555851551656,0.45437845240710467,7384,1150
FedAvgM,CIFAR10,1.0,49,5,2,0.2265722950299581,5,0.01,9.437667635200928,0.006464155914521184,0.5586512147774508,9362,1460
FedAvgM,CIFAR10,1.0,49,5,3,0.1574380894502004,5,0.01,8.990373953835178,0.007430061118872048,0.506784406624639,7774,1210
FedAvgM,CIFAR10,1.0,49,5,1,0.28165485461552936,5,0.01,10.586180442314904,0.005661059060061446,0.6821217945833089,11999,1870
FedAvgM,CIFAR10,1.0,49,6,3,0.1574380894502004,5,0.01,9.63664604040429,0.00796417028132586,0.44900290214530547,7774,1210
FedAvgM,CIFAR10,1.0,49,6,2,0.2265722950299581,5,0.01,9.865627283931794,0.006757278961597119,0.5046368502698294,9362,1460
FedAvgM,CIFAR10,1.0,49,6,0,0.21312912305196127,5,0.01,9.506166630827177,0.0071744653817563606,0.46403006962198384,8483,1325
FedAvgM,CIFAR10,1.0,49,6,4,0.31873313585917157,5,0.01,8.68198526635432,0.007549552405525496,0.38946218969680574,7384,1150
FedAvgM,CIFAR10,1.0,49,6,1,0.28165485461552936,5,0.01,10.970308169715342,0.005866474957067027,0.6501971376787664,11999,1870
FedAvgM,CIFAR10,1.0,49,7,3,0.1574380894502004,5,0.01,10.50592251584421,0.008682580591606785,0.4303529830423882,7774,1210
FedAvgM,CIFAR10,1.0,49,7,2,0.2265722950299581,5,0.01,10.626738804302857,0.007278588222125244,0.48428588348600005,9362,1460
FedAvgM,CIFAR10,1.0,49,7,4,0.31873313585917157,5,0.01,9.522716979248452,0.008280623460216045,0.3754448116278943,7384,1150
FedAvgM,CIFAR10,1.0,49,7,1,0.28165485461552936,5,0.01,11.7167156609411,0.006265623348096844,0.6343391392596293,11999,1870
FedAvgM,CIFAR10,1.0,49,7,0,0.21312912305196127,5,0.01,10.414507883788389,0.007860005950028972,0.448347353672875,8483,1325
FedAvgM,CIFAR10,1.0,49,8,2,0.2265722950299581,5,0.01,10.89480745255705,0.007462196885313048,0.4876348627325588,9362,1460
FedAvgM,CIFAR10,1.0,49,8,4,0.31873313585917157,5,0.01,9.837983821185912,0.008554768540161663,0.3742138413252249,7384,1150
FedAvgM,CIFAR10,1.0,49,8,1,0.28165485461552936,5,0.01,11.72771687882919,0.006271506352315075,0.6239144063653611,11999,1870
FedAvgM,CIFAR10,1.0,49,8,0,0.21312912305196127,5,0.01,10.468911459242909,0.0079010652522588,0.44270234240052775,8483,1325
FedAvgM,CIFAR10,1.0,49,8,3,0.1574380894502004,5,0.01,10.83468788249923,0.00895428750619771,0.4294348099763473,7774,1210
FedAvgM,CIFAR10,1.0,49,9,1,0.28165485461552936,5,0.01,10.954215518839415,0.005857869261411452,0.6278254285848078,11999,1870
FedAvgM,CIFAR10,1.0,49,9,3,0.1574380894502004,5,0.01,10.068387439498581,0.008320981354957504,0.4194653700418408,7774,1210
FedAvgM,CIFAR10,1.0,49,9,0,0.21312912305196127,5,0.01,9.714413326183537,0.007331632699006443,0.4302894302881245,8483,1325
FedAvgM,CIFAR10,1.0,49,9,4,0.31873313585917157,5,0.01,8.970108895369478,0.007800094691625633,0.36183263576841385,7384,1150
FedAvgM,CIFAR10,1.0,49,9,2,0.2265722950299581,5,0.01,10.100840941098996,0.006918384206232189,0.47863198522036876,9362,1460
FedAvgM,CIFAR10,1.0,49,10,1,0.28165485461552936,5,0.01,10.320142296351543,0.005518792671845745,0.6276857444632268,11999,1870
FedAvgM,CIFAR10,1.0,49,10,3,0.1574380894502004,5,0.01,9.294059051035301,0.007681040538045704,0.41498091175548224,7774,1210
FedAvgM,CIFAR10,1.0,49,10,0,0.21312912305196127,5,0.01,9.24696461117316,0.006978841215979744,0.43389041002040185,8483,1325
FedAvgM,CIFAR10,1.0,49,10,4,0.31873313585917157,5,0.01,8.054606918930729,0.007004006016461503,0.34237347749984487,7384,1150
FedAvgM,CIFAR10,1.0,49,10,2,0.2265722950299581,5,0.01,9.44204303767514,0.006467152765530918,0.47672526208521937,9362,1460
FedAvgM,CIFAR10,1.0,50,1,1,0.1801112691561381,5,0.01,9.782066647489161,0.009451272123177933,0.4826177522857989,6647,1035
FedAvgM,CIFAR10,1.0,50,1,4,0.28788671890894574,5,0.01,11.200882638691446,0.006550223765316636,0.6403369296297402,10967,1710
FedAvgM,CIFAR10,1.0,50,1,0,0.2513208786646525,5,0.01,11.210731409801825,0.007523980811947534,0.6001963861283788,9554,1490
FedAvgM,CIFAR10,1.0,50,1,2,0.2665809790293376,5,0.01,10.671189881450509,0.008208607601115777,0.5423580876928085,8323,1300
FedAvgM,CIFAR10,1.0,50,1,3,0.22560898462931314,5,0.01,10.758781168761187,0.007244970484014268,0.5942601194120102,9512,1485
FedAvgM,CIFAR10,1.0,50,2,4,0.28788671890894574,5,0.01,11.080994521246348,0.006480113755114823,0.691158256492965,10967,1710
FedAvgM,CIFAR10,1.0,50,2,2,0.2665809790293376,5,0.01,10.230266925650822,0.007869436096654478,0.6431293593272467,8323,1300
FedAvgM,CIFAR10,1.0,50,2,3,0.22560898462931314,5,0.01,10.862740361834947,0.007314976674636328,0.7127235337478889,9512,1485
FedAvgM,CIFAR10,1.0,50,2,0,0.2513208786646525,5,0.01,10.96164604695415,0.007356809427486007,0.6957566723308907,9554,1490
FedAvgM,CIFAR10,1.0,50,2,1,0.1801112691561381,5,0.01,9.24444619145755,0.008931832069041112,0.634489614078056,6647,1035
FedAvgM,CIFAR10,1.0,50,3,4,0.28788671890894574,5,0.01,9.918529261484915,0.005800309509640301,0.6868859278356395,10967,1710
FedAvgM,CIFAR10,1.0,50,3,1,0.1801112691561381,5,0.01,7.821478812784408,0.007556984360178172,0.5630392113035964,6647,1035
FedAvgM,CIFAR10,1.0,50,3,3,0.22560898462931314,5,0.01,9.500775794235519,0.006397828817667016,0.6595762964760894,9512,1485
FedAvgM,CIFAR10,1.0,50,3,0,0.2513208786646525,5,0.01,9.218815706381529,0.006187124635155388,0.6486470990003468,9554,1490
FedAvgM,CIFAR10,1.0,50,3,2,0.2665809790293376,5,0.01,8.793441136863981,0.00676418548989537,0.5938131971580215,8323,1300
FedAvgM,CIFAR10,1.0,50,4,1,0.1801112691561381,5,0.01,7.4337943968611295,0.007182410045276454,0.4974385064500417,6647,1035
FedAvgM,CIFAR10,1.0,50,4,0,0.2513208786646525,5,0.01,8.726108280425729,0.005856448510352838,0.5944865818215582,9554,1490
FedAvgM,CIFAR10,1.0,50,4,2,0.2665809790293376,5,0.01,8.484220174115693,0.0065263232108582255,0.5410185656975324,8323,1300
FedAvgM,CIFAR10,1.0,50,4,4,0.28788671890894574,5,0.01,9.618923712865717,0.005625101586471179,0.6577238252450702,10967,1710
FedAvgM,CIFAR10,1.0,50,4,3,0.22560898462931314,5,0.01,9.214723498609604,0.006205201009164717,0.6208626305349846,9512,1485
FedAvgM,CIFAR10,1.0,50,5,1,0.1801112691561381,5,0.01,8.226119060468076,0.007947941121225193,0.46706473968033674,6647,1035
FedAvgM,CIFAR10,1.0,50,5,0,0.2513208786646525,5,0.01,9.121802521801543,0.006122015115303049,0.5592671125257912,9554,1490
FedAvgM,CIFAR10,1.0,50,5,3,0.22560898462931314,5,0.01,9.728626314596747,0.006551263511512961,0.582672822641492,9512,1485
FedAvgM,CIFAR10,1.0,50,5,2,0.2665809790293376,5,0.01,8.94716640708133,0.006882435697754869,0.5082462990736955,8323,1300
FedAvgM,CIFAR10,1.0,50,5,4,0.28788671890894574,5,0.01,10.20090868185146,0.005965443673597345,0.6386710429532981,10967,1710
FedAvgM,CIFAR10,1.0,50,6,3,0.22560898462931314,5,0.01,10.120767775940442,0.006815331835650129,0.5345205823435578,9512,1485
FedAvgM,CIFAR10,1.0,50,6,1,0.1801112691561381,5,0.01,8.832915920930402,0.008534218281092175,0.39604924055400365,6647,1035
FedAvgM,CIFAR10,1.0,50,6,0,0.2513208786646525,5,0.01,9.560134149938953,0.006416197416066412,0.5066003055163433,9554,1490
FedAvgM,CIFAR10,1.0,50,6,4,0.28788671890894574,5,0.01,10.560089403300953,0.006175490879123364,0.6022676841719796,10967,1710
FedAvgM,CIFAR10,1.0,50,6,2,0.2665809790293376,5,0.01,9.596828294971719,0.0073821756115167066,0.46271566566870376,8323,1300
FedAvgM,CIFAR10,1.0,50,7,0,0.2513208786646525,5,0.01,10.22413898720829,0.006861838246448517,0.48348486175495026,9554,1490
FedAvgM,CIFAR10,1.0,50,7,4,0.28788671890894574,5,0.01,11.13417738952173,0.006511214847673526,0.5758145200877541,10967,1710
FedAvgM,CIFAR10,1.0,50,7,2,0.2665809790293376,5,0.01,10.308526885995901,0.007929636066150693,0.4398326991501106,8323,1300
FedAvgM,CIFAR10,1.0,50,7,3,0.22560898462931314,5,0.01,10.667105393361156,0.007183235955125358,0.5064581944415039,9512,1485
FedAvgM,CIFAR10,1.0,50,7,1,0.1801112691561381,5,0.01,9.484910402775244,0.009164164640362554,0.36739065634878026,6647,1035
FedAvgM,CIFAR10,1.0,50,8,0,0.2513208786646525,5,0.01,10.215174268584752,0.00685582165676829,0.4869742423591638,9554,1490
FedAvgM,CIFAR10,1.0,50,8,1,0.1801112691561381,5,0.01,9.654115122029744,0.009327647460898304,0.3644263336386754,6647,1035
FedAvgM,CIFAR10,1.0,50,8,2,0.2665809790293376,5,0.01,10.576975614244391,0.008136135087880301,0.4521388303672197,8323,1300
FedAvgM,CIFAR10,1.0,50,8,4,0.28788671890894574,5,0.01,11.247622852208298,0.006577557223513625,0.5764705507824137,10967,1710
FedAvgM,CIFAR10,1.0,50,8,3,0.22560898462931314,5,0.01,10.829245094674748,0.007292420939174915,0.5117809063883624,9512,1485
FedAvgM,CIFAR10,1.0,50,9,4,0.28788671890894574,5,0.01,10.408027568904576,0.0060865658297687576,0.5769980391137313,10967,1710
FedAvgM,CIFAR10,1.0,50,9,3,0.22560898462931314,5,0.01,9.907458558034472,0.006671689264669678,0.49181745503499263,9512,1485
FedAvgM,CIFAR10,1.0,50,9,0,0.2513208786646525,5,0.01,9.596679810510466,0.006440724705040581,0.4815569836414042,9554,1490
FedAvgM,CIFAR10,1.0,50,9,1,0.1801112691561381,5,0.01,8.712475387237834,0.008417850615688728,0.34688947364602457,6647,1035
FedAvgM,CIFAR10,1.0,50,9,2,0.2665809790293376,5,0.01,9.859379390730188,0.007584137992869376,0.4325473465644934,8323,1300
FedAvgM,CIFAR10,1.0,50,10,4,0.28788671890894574,5,0.01,9.75847644066327,0.005706711368808929,0.5651394381734378,10967,1710
FedAvgM,CIFAR10,1.0,50,10,3,0.22560898462931314,5,0.01,9.362263108240787,0.006304554281643628,0.4965491324200829,9512,1485
FedAvgM,CIFAR10,1.0,50,10,1,0.1801112691561381,5,0.01,8.269159649665873,0.00798952623156123,0.3468026061193087,6647,1035
FedAvgM,CIFAR10,1.0,50,10,0,0.2513208786646525,5,0.01,8.983520070978752,0.006029208101328022,0.48481863596159996,9554,1490
FedAvgM,CIFAR10,1.0,50,10,2,0.2665809790293376,5,0.01,9.061137721308395,0.006970105939467996,0.42775558535771535,8323,1300
FedAvgM,CIFAR10,1.0,51,1,1,0.24692352612813315,5,0.01,9.068080836873685,0.007989498534690472,0.47931723752051403,7281,1135
FedAvgM,CIFAR10,1.0,51,1,2,0.194806178410848,5,0.01,11.342212747920446,0.006389979012912927,0.6633274269028334,11388,1775
FedAvgM,CIFAR10,1.0,51,1,3,0.22216339906056723,5,0.01,9.679244237478763,0.007651576472315227,0.5197869146080417,8096,1265
FedAvgM,CIFAR10,1.0,51,1,0,0.23744279146194458,5,0.01,12.770833201625093,0.006739225963918255,0.711499061623454,12157,1895
FedAvgM,CIFAR10,1.0,51,1,4,0.248135507106781,5,0.01,9.30654332128731,0.009796361390828746,0.42995570598983557,6080,950
FedAvgM,CIFAR10,1.0,51,2,4,0.248135507106781,5,0.01,8.637823621669412,0.00909244591754675,0.5614359403781517,6080,950
FedAvgM,CIFAR10,1.0,51,2,2,0.194806178410848,5,0.01,11.593491616617525,0.006531544572742268,0.7356822668437883,11388,1775
FedAvgM,CIFAR10,1.0,51,2,3,0.22216339906056723,5,0.01,9.524663314176703,0.007529378113973678,0.6394718879419417,8096,1265
FedAvgM,CIFAR10,1.0,51,2,0,0.23744279146194458,5,0.01,12.028772475255414,0.0063476371901083975,0.7453795107447957,12157,1895
FedAvgM,CIFAR10,1.0,51,2,1,0.24692352612813315,5,0.01,8.61563022565814,0.0075908636349410925,0.5771649185273698,7281,1135
FedAvgM,CIFAR10,1.0,51,3,1,0.24692352612813315,5,0.01,7.962814215500514,0.007015695344053317,0.5231974092792319,7281,1135
FedAvgM,CIFAR10,1.0,51,3,3,0.22216339906056723,5,0.01,8.913103985477687,0.007045932004330187,0.5967110803479764,8096,1265
FedAvgM,CIFAR10,1.0,51,3,2,0.194806178410848,5,0.01,10.390176870031267,0.005853620771848601,0.7157973191532793,11388,1775
FedAvgM,CIFAR10,1.0,51,3,0,0.23744279146194458,5,0.01,10.010881771439825,0.005282787214480119,0.6994936008268556,12157,1895
FedAvgM,CIFAR10,1.0,51,3,4,0.248135507106781,5,0.01,7.619620843166777,0.008020653519122923,0.5185300882141585,6080,950
FedAvgM,CIFAR10,1.0,51,4,2,0.194806178410848,5,0.01,10.123733703970958,0.005703511945899131,0.6882307830819566,11388,1775
FedAvgM,CIFAR10,1.0,51,4,4,0.248135507106781,5,0.01,7.509935066655752,0.007905194807006055,0.4768631360820497,6080,950
FedAvgM,CIFAR10,1.0,51,4,1,0.24692352612813315,5,0.01,7.848405545339224,0.00691489475360284,0.48604072690534,7281,1135
FedAvgM,CIFAR10,1.0,51,4,0,0.23744279146194458,5,0.01,9.565280262647093,0.005047641299549917,0.6731592415013633,12157,1895
FedAvgM,CIFAR10,1.0,51,4,3,0.22216339906056723,5,0.01,8.732069637031413,0.006902821847455663,0.5461517941735012,8096,1265
FedAvgM,CIFAR10,1.0,51,5,1,0.24692352612813315,5,0.01,8.427299242414508,0.007424933253228641,0.44422612223906494,7281,1135
FedAvgM,CIFAR10,1.0,51,5,0,0.23744279146194458,5,0.01,9.942470842497771,0.005246686460420987,0.6452465127188702,12157,1895
FedAvgM,CIFAR10,1.0,51,5,3,0.22216339906056723,5,0.01,9.132886638631907,0.007219673232120085,0.4944044514810411,8096,1265
FedAvgM,CIFAR10,1.0,51,5,2,0.194806178410848,5,0.01,10.599775278508536,0.0059717043822583304,0.6568521177699359,11388,1775
FedAvgM,CIFAR10,1.0,51,5,4,0.248135507106781,5,0.01,8.081581331355517,0.008506927717216334,0.4282379919742325,6080,950
FedAvgM,CIFAR10,1.0,51,6,4,0.248135507106781,5,0.01,8.609856270931246,0.009063006600980259,0.3522391867905979,6080,950
FedAvgM,CIFAR10,1.0,51,6,0,0.23744279146194458,5,0.01,10.396351107701259,0.005486201112243409,0.6185627692364721,12157,1895
FedAvgM,CIFAR10,1.0,51,6,3,0.22216339906056723,5,0.01,9.715747655120866,0.007680432928949301,0.44260189125822313,8096,1265
FedAvgM,CIFAR10,1.0,51,6,2,0.194806178410848,5,0.01,10.869376018420997,0.006123592123054083,0.6162605178297393,11388,1775
FedAvgM,CIFAR10,1.0,51,6,1,0.24692352612813315,5,0.01,8.977176347276503,0.007909406473371367,0.3847008717100733,7281,1135
FedAvgM,CIFAR10,1.0,51,7,4,0.248135507106781,5,0.01,9.536751446667182,0.010038685733333877,0.33592168286891516,6080,950
FedAvgM,CIFAR10,1.0,51,7,1,0.24692352612813315,5,0.01,10.063969469818195,0.008866933453584313,0.3814279190315229,7281,1135
FedAvgM,CIFAR10,1.0,51,7,3,0.22216339906056723,5,0.01,10.679407441156208,0.0084422193210721,0.4351671194382198,8096,1265
FedAvgM,CIFAR10,1.0,51,7,0,0.23744279146194458,5,0.01,11.043046380901355,0.005827465108655069,0.593600305777519,12157,1895
FedAvgM,CIFAR10,1.0,51,7,2,0.194806178410848,5,0.01,11.8129531137759,0.006655184852831493,0.606393918715001,11388,1775
FedAvgM,CIFAR10,1.0,51,8,3,0.22216339906056723,5,0.01,10.517896123017714,0.008314542389737323,0.42057275778253145,8096,1265
FedAvgM,CIFAR10,1.0,51,8,0,0.23744279146194458,5,0.01,11.411812157805809,0.006022064463222063,0.6065022135002627,12157,1895
FedAvgM,CIFAR10,1.0,51,8,2,0.194806178410848,5,0.01,11.760306908087102,0.006625525018640621,0.59675146992312,11388,1775
FedAvgM,CIFAR10,1.0,51,8,1,0.24692352612813315,5,0.01,10.240606752056227,0.009022561015027512,0.3773066951729844,7281,1135
FedAvgM,CIFAR10,1.0,51,8,4,0.248135507106781,5,0.01,9.834078239413026,0.010351661304645291,0.3305708111201872,6080,950
FedAvgM,CIFAR10,1.0,51,9,3,0.22216339906056723,5,0.01,9.825979663457929,0.007767572856488481,0.41426788998348313,8096,1265
FedAvgM,CIFAR10,1.0,51,9,4,0.248135507106781,5,0.01,8.843496386025528,0.009308943564237398,0.3061898545093257,6080,950
FedAvgM,CIFAR10,1.0,51,9,2,0.194806178410848,5,0.01,10.882909646824558,0.0061312167024363705,0.5926750225547391,11388,1775
FedAvgM,CIFAR10,1.0,51,9,1,0.24692352612813315,5,0.01,9.38192005105303,0.00826600885555333,0.35802845361233493,7281,1135
FedAvgM,CIFAR10,1.0,51,9,0,0.23744279146194458,5,0.01,10.404508806622319,0.005490505966555314,0.5960219613433171,12157,1895
FedAvgM,CIFAR10,1.0,51,10,0,0.23744279146194458,5,0.01,9.158563516426737,0.004833015048246299,0.578116078197097,12157,1895
FedAvgM,CIFAR10,1.0,51,10,2,0.194806178410848,5,0.01,10.012955128566853,0.005641101480882734,0.6007151143244901,11388,1775
FedAvgM,CIFAR10,1.0,51,10,1,0.24692352612813315,5,0.01,8.944374697064458,0.007880506341025953,0.35655110638532345,7281,1135
FedAvgM,CIFAR10,1.0,51,10,3,0.22216339906056723,5,0.01,9.278691803838074,0.007334934232283062,0.4114203373133956,8096,1265
FedAvgM,CIFAR10,1.0,51,10,4,0.248135507106781,5,0.01,8.382464961756588,0.008823647328164829,0.3012572854430098,6080,950
FedAvgM,CIFAR10,0.1,42,1,4,0.5125571886698405,5,0.01,9.389697457617968,0.006453400314514067,0.43688302377306426,9333,1455
FedAvgM,CIFAR10,0.1,42,1,0,0.4210306803385417,5,0.01,10.641373513009746,0.007389842717367879,0.4798716942924541,9233,1440
FedAvgM,CIFAR10,0.1,42,1,1,0.3789838949839274,5,0.01,13.986877640009505,0.005431797141751264,0.8469384553424592,16505,2575
FedAvgM,CIFAR10,0.1,42,1,3,0.8152069250742594,5,0.01,4.067394707869839,0.011621127736770969,0.14395042986401133,2252,350
FedAvgM,CIFAR10,0.1,42,1,2,0.6061197916666666,5,0.01,8.27206639993899,0.0068933886666158245,0.3518652471724666,7680,1200
FedAvgM,CIFAR10,0.1,42,2,4,0.5125571886698405,5,0.01,9.028991172312683,0.006205492214647892,0.4839350740363432,9333,1455
FedAvgM,CIFAR10,0.1,42,2,3,0.8152069250742594,5,0.01,3.7770305842081755,0.0107915159548805,0.141801370078917,2252,350
FedAvgM,CIFAR10,0.1,42,2,2,0.6061197916666666,5,0.01,7.464538090386064,0.006220448408655053,0.4086725392387397,7680,1200
FedAvgM,CIFAR10,0.1,42,2,1,0.3789838949839274,5,0.01,11.340393544360225,0.004404036327906883,0.8192823046783747,16505,2575
FedAvgM,CIFAR10,0.1,42,2,0,0.4210306803385417,5,0.01,9.565090382901507,0.006642423877014936,0.5242622268315333,9233,1440
FedAvgM,CIFAR10,0.1,42,3,2,0.6061197916666666,5,0.01,6.554252241762566,0.0054618768681354716,0.3650170884970651,7680,1200
FedAvgM,CIFAR10,0.1,42,3,4,0.5125571886698405,5,0.01,8.29297055096751,0.005699636117503444,0.47412771075589594,9333,1455
FedAvgM,CIFAR10,0.1,42,3,1,0.3789838949839274,5,0.01,8.409340433711357,0.0032657632752277114,0.7242699412346799,16505,2575
FedAvgM,CIFAR10,0.1,42,3,3,0.8152069250742594,5,0.01,3.550643290543194,0.010144695115837698,0.17249815585120953,2252,350
FedAvgM,CIFAR10,0.1,42,3,0,0.4210306803385417,5,0.01,8.381691379266195,0.005820619013379302,0.5090935489881088,9233,1440
FedAvgM,CIFAR10,0.1,42,4,3,0.8152069250742594,5,0.01,3.44225982156643,0.009835028061618371,0.19143693391861297,2252,350
FedAvgM,CIFAR10,0.1,42,4,2,0.6061197916666666,5,0.01,6.0973314839811215,0.005081109569984268,0.3646280884968551,7680,1200
FedAvgM,CIFAR10,0.1,42,4,4,0.5125571886698405,5,0.01,8.139228635962505,0.005593971571108251,0.4837293399926504,9333,1455
FedAvgM,CIFAR10,0.1,42,4,1,0.3789838949839274,5,0.01,7.481847273307932,0.0029055717566244398,0.697411959752969,16505,2575
FedAvgM,CIFAR10,0.1,42,4,0,0.4210306803385417,5,0.01,7.904725185758624,0.005489392490110156,0.507354060271002,9233,1440
FedAvgM,CIFAR10,0.1,42,5,2,0.6061197916666666,5,0.01,6.169161088608242,0.005140967573840202,0.3658542512300113,7680,1200
FedAvgM,CIFAR10,0.1,42,5,0,0.4210306803385417,5,0.01,7.784962147200219,0.005406223713333486,0.4994677037418042,9233,1440
FedAvgM,CIFAR10,0.1,42,5,3,0.8152069250742594,5,0.01,3.068574297481557,0.008767355135661592,0.18097641748015178,2252,350
FedAvgM,CIFAR10,0.1,42,5,1,0.3789838949839274,5,0.01,7.512570409562396,0.0029175030716747166,0.7240366832214348,16505,2575
FedAvgM,CIFAR10,0.1,42,5,4,0.5125571886698405,5,0.01,8.063728370211953,0.005542081354097562,0.47891597474208875,9333,1455
FedAvgM,CIFAR10,0.1,42,6,3,0.8152069250742594,5,0.01,3.312343425031689,0.009463838357233398,0.11425647286897742,2252,350
FedAvgM,CIFAR10,0.1,42,6,1,0.3789838949839274,5,0.01,7.682720869400746,0.0029835809201556296,0.7267854074984488,16505,2575
FedAvgM,CIFAR10,0.1,42,6,2,0.6061197916666666,5,0.01,6.207122158160492,0.005172601798467077,0.30794733647748307,7680,1200
FedAvgM,CIFAR10,0.1,42,6,4,0.5125571886698405,5,0.01,8.036033976879098,0.005523047406789759,0.44852611790917124,9333,1455
FedAvgM,CIFAR10,0.1,42,6,0,0.4210306803385417,5,0.01,7.954678096788533,0.005524082011658703,0.4486343003018633,9233,1440
FedAvgM,CIFAR10,0.1,42,7,0,0.4210306803385417,5,0.01,8.336167178829486,0.005789004985298254,0.41799825910174365,9233,1440
FedAvgM,CIFAR10,0.1,42,7,3,0.8152069250742594,5,0.01,4.861418754420224,0.013889767869772068,0.11274717548847772,2252,350
FedAvgM,CIFAR10,0.1,42,7,2,0.6061197916666666,5,0.01,7.129824412953366,0.005941520344127805,0.3267943027090951,7680,1200
FedAvgM,CIFAR10,0.1,42,7,4,0.5125571886698405,5,0.01,8.433813383020935,0.0057964353147910205,0.4231069521293125,9333,1455
FedAvgM,CIFAR10,0.1,42,7,1,0.3789838949839274,5,0.01,8.240000855999227,0.0032000003324268844,0.7176589163371684,16505,2575
FedAvgM,CIFAR10,0.1,42,8,0,0.4210306803385417,5,0.01,9.197038220307787,0.006386832097435963,0.44968374173783315,9233,1440
FedAvgM,CIFAR10,0.1,42,8,2,0.6061197916666666,5,0.01,7.628872524132611,0.0063573937701105095,0.3245724171609893,7680,1200
FedAvgM,CIFAR10,0.1,42,8,3,0.8152069250742594,5,0.01,5.46083678952813,0.015602390827223228,0.1293776697050226,2252,350
FedAvgM,CIFAR10,0.1,42,8,4,0.5125571886698405,5,0.01,9.371221603157885,0.00644070213275456,0.46063013874628267,9333,1455
FedAvgM,CIFAR10,0.1,42,8,1,0.3789838949839274,5,0.01,8.479319709957316,0.0032929396931873074,0.6889712394976956,16505,2575
FedAvgM,CIFAR10,0.1,42,9,1,0.3789838949839274,5,0.01,7.821135744546105,0.0030373342697266425,0.659948125965542,16505,2575
FedAvgM,CIFAR10,0.1,42,9,0,0.4210306803385417,5,0.01,8.768792419034954,0.006089439179885385,0.4665132211506114,9233,1440
FedAvgM,CIFAR10,0.1,42,9,3,0.8152069250742594,5,0.01,4.377877793822587,0.012508222268064534,0.080945955921651,2252,350
FedAvgM,CIFAR10,0.1,42,9,2,0.6061197916666666,5,0.01,7.26638245441787,0.006055318712014891,0.3240298613178795,7680,1200
FedAvgM,CIFAR10,0.1,42,9,4,0.5125571886698405,5,0.01,9.282480958358379,0.0063797119988717385,0.4733972116393694,9333,1455
FedAvgM,CIFAR10,0.1,42,10,4,0.5125571886698405,5,0.01,8.332896615480394,0.005727076711670374,0.447494191444196,9333,1455
FedAvgM,CIFAR10,0.1,42,10,2,0.6061197916666666,5,0.01,7.15148893999677,0.005959574116663975,0.34054262202937957,7680,1200
FedAvgM,CIFAR10,0.1,42,10,0,0.4210306803385417,5,0.01,8.07404962031906,0.0056069789029993475,0.46359272478672336,9233,1440
FedAvgM,CIFAR10,0.1,42,10,1,0.3789838949839274,5,0.01,7.181421503594766,0.002788901554794084,0.6534883030662533,16505,2575
FedAvgM,CIFAR10,0.1,42,10,3,0.8152069250742594,5,0.01,4.48535844685716,0.012815309848163314,0.083530311061588,2252,350
FedAvgM,CIFAR10,0.1,43,1,2,0.40859516461690265,5,0.01,12.560899631214074,0.005582622058317366,0.7480521908159795,14401,2250
FedAvgM,CIFAR10,0.1,43,1,1,0.6151390870412191,5,0.01,6.909250752974682,0.010160662872021591,0.26065451381918264,4362,680
FedAvgM,CIFAR10,0.1,43,1,4,0.906083345413208,5,0.01,4.073791088053726,0.005819701554362466,0.1635057997232993,4496,700
FedAvgM,CIFAR10,0.1,43,1,0,0.4843653440475464,5,0.01,11.380715366196617,0.0060375147831281785,0.5878960194661617,12077,1885
FedAvgM,CIFAR10,0.1,43,1,3,0.53021772702535,5,0.01,10.664015369221326,0.007062261833921408,0.5019461083808762,9666,1510
FedAvgM,CIFAR10,0.1,43,2,3,0.53021772702535,5,0.01,9.74460887919073,0.00645338336370247,0.516909972185375,9666,1510
FedAvgM,CIFAR10,0.1,43,2,1,0.6151390870412191,5,0.01,6.488941281803152,0.009542560708534048,0.2860220837722275,4362,680
FedAvgM,CIFAR10,0.1,43,2,0,0.4843653440475464,5,0.01,10.879693821142963,0.005771720860022792,0.6102445935228807,12077,1885
FedAvgM,CIFAR10,0.1,43,2,2,0.40859516461690265,5,0.01,10.636488256200028,0.004727328113866679,0.7264484767785333,14401,2250
FedAvgM,CIFAR10,0.1,43,2,4,0.906083345413208,5,0.01,3.9825314219147874,0.0056893306027354104,0.14366294086108944,4496,700
FedAvgM,CIFAR10,0.1,43,3,0,0.4843653440475464,5,0.01,10.1798263604019,0.0054004383874811145,0.6238016802997046,12077,1885
FedAvgM,CIFAR10,0.1,43,3,1,0.6151390870412191,5,0.01,6.114918768364062,0.008992527600535385,0.28525274681467994,4362,680
FedAvgM,CIFAR10,0.1,43,3,4,0.906083345413208,5,0.01,4.291602434004132,0.0061308606200059035,0.17173728974377406,4496,700
FedAvgM,CIFAR10,0.1,43,3,2,0.40859516461690265,5,0.01,8.864912277411051,0.003939961012182689,0.6541712238023165,14401,2250
FedAvgM,CIFAR10,0.1,43,3,3,0.53021772702535,5,0.01,8.495619501010935,0.005626238080139692,0.47150237012843527,9666,1510
FedAvgM,CIFAR10,0.1,43,4,1,0.6151390870412191,5,0.01,5.771710319447601,0.008487809293305296,0.25048535224150276,4362,680
FedAvgM,CIFAR10,0.1,43,4,4,0.906083345413208,5,0.01,4.4940259456495735,0.0064200370652136764,0.19876799270892917,4496,700
FedAvgM,CIFAR10,0.1,43,4,3,0.53021772702535,5,0.01,8.0283203231152,0.005316768425904106,0.4513106799484433,9666,1510
FedAvgM,CIFAR10,0.1,43,4,0,0.4843653440475464,5,0.01,9.690445232064045,0.005140819751758114,0.6072448507142936,12077,1885
FedAvgM,CIFAR10,0.1,43,4,2,0.40859516461690265,5,0.01,8.603158448099684,0.003823625976933193,0.6487550250085296,14401,2250
FedAvgM,CIFAR10,0.1,43,5,1,0.6151390870412191,5,0.01,5.849339551656203,0.00860196992890618,0.25317629094016736,4362,680
FedAvgM,CIFAR10,0.1,43,5,4,0.906083345413208,5,0.01,4.295484377927199,0.006136406254181713,0.20117678536330494,4496,700
FedAvgM,CIFAR10,0.1,43,5,3,0.53021772702535,5,0.01,8.127292363781446,0.005382312823696322,0.4614535125765902,9666,1510
FedAvgM,CIFAR10,0.1,43,5,0,0.4843653440475464,5,0.01,9.687411145873824,0.005139210156962241,0.6092930768733484,12077,1885
FedAvgM,CIFAR10,0.1,43,5,2,0.40859516461690265,5,0.01,8.980435328311511,0.003991304590360672,0.6764325494791477,14401,2250
FedAvgM,CIFAR10,0.1,43,6,2,0.40859516461690265,5,0.01,9.113009054997258,0.004050226246665448,0.6735684480521169,14401,2250
FedAvgM,CIFAR10,0.1,43,6,4,0.906083345413208,5,0.01,4.056234854631352,0.005794621220901932,0.11505885672415302,4496,700
FedAvgM,CIFAR10,0.1,43,6,3,0.53021772702535,5,0.01,8.092286596865968,0.005359130196599979,0.4249748147860872,9666,1510
FedAvgM,CIFAR10,0.1,43,6,0,0.4843653440475464,5,0.01,9.48144805951996,0.005029945920169741,0.5831647407302075,12077,1885
FedAvgM,CIFAR10,0.1,43,6,1,0.6151390870412191,5,0.01,6.22332963942502,0.009151955352095618,0.20068498473374563,4362,680
FedAvgM,CIFAR10,0.1,43,7,1,0.6151390870412191,5,0.01,7.627190877128159,0.011216457172247294,0.21747777569172225,4362,680
FedAvgM,CIFAR10,0.1,43,7,3,0.53021772702535,5,0.01,8.754347430800356,0.005797581080000236,0.4105193573678167,9666,1510
FedAvgM,CIFAR10,0.1,43,7,4,0.906083345413208,5,0.01,5.385504487079308,0.007693577838684725,0.1304062401150321,4496,700
FedAvgM,CIFAR10,0.1,43,7,2,0.40859516461690265,5,0.01,9.812099703492075,0.004360933201552034,0.6653453807933244,14401,2250
FedAvgM,CIFAR10,0.1,43,7,0,0.4843653440475464,5,0.01,10.148977211316394,0.005384072791149281,0.5661454186658214,12077,1885
FedAvgM,CIFAR10,0.1,43,8,0,0.4843653440475464,5,0.01,10.681083407404316,0.0056663572453073295,0.5757942140902977,12077,1885
FedAvgM,CIFAR10,0.1,43,8,2,0.40859516461690265,5,0.01,9.990871437711252,0.0044403873056494455,0.6463318122002996,14401,2250
FedAvgM,CIFAR10,0.1,43,8,3,0.53021772702535,5,0.01,9.247361962220863,0.0061240807696826905,0.4209459156333171,9666,1510
FedAvgM,CIFAR10,0.1,43,8,4,0.906083345413208,5,0.01,5.896037667635744,0.008422910953765348,0.15491854115566583,4496,700
FedAvgM,CIFAR10,0.1,43,8,1,0.6151390870412191,5,0.01,8.690302108544769,0.012779856041977601,0.23424517376654286,4362,680
FedAvgM,CIFAR10,0.1,43,9,0,0.4843653440475464,5,0.01,10.252615928205802,0.005439053542814749,0.5478994551353352,12077,1885
FedAvgM,CIFAR10,0.1,43,9,2,0.40859516461690265,5,0.01,10.180218453503624,0.0045245415348905,0.656193643811329,14401,2250
FedAvgM,CIFAR10,0.1,43,9,1,0.6151390870412191,5,0.01,8.448667622889209,0.01242451121013119,0.20991358338531746,4362,680
FedAvgM,CIFAR10,0.1,43,9,4,0.906083345413208,5,0.01,6.415190481453223,0.00916455783064746,0.15866338832627497,4496,700
FedAvgM,CIFAR10,0.1,43,9,3,0.53021772702535,5,0.01,9.349723567851518,0.006191869912484449,0.4249204672859972,9666,1510
FedAvgM,CIFAR10,0.1,43,10,4,0.906083345413208,5,0.01,5.729264553167289,0.008184663647381843,0.13964874577768355,4496,700
FedAvgM,CIFAR10,0.1,43,10,1,0.6151390870412191,5,0.01,7.692143084564307,0.011311975124359275,0.18499330896778748,4362,680
FedAvgM,CIFAR10,0.1,43,10,3,0.53021772702535,5,0.01,8.906681743495207,0.005898464730791528,0.4269218885504529,9666,1510
FedAvgM,CIFAR10,0.1,43,10,0,0.4843653440475464,5,0.01,9.804423076234023,0.0052012854515830365,0.5559449054268031,12077,1885
FedAvgM,CIFAR10,0.1,43,10,2,0.40859516461690265,5,0.01,9.074996297928598,0.004033331687968266,0.6305450225679091,14401,2250
FedAvgM,CIFAR10,0.1,44,1,4,0.41526222229003906,5,0.01,12.019399610537057,0.005475808478604582,0.7439176529365928,14058,2195
FedAvgM,CIFAR10,0.1,44,1,0,0.4293450514475505,5,0.01,10.699364251605397,0.007156765385689229,0.5294104207044967,9574,1495
FedAvgM,CIFAR10,0.1,44,1,2,0.5179399251937866,5,0.01,10.378758280479339,0.006105151929693729,0.5383535299001191,10898,1700
FedAvgM,CIFAR10,0.1,44,1,3,0.6337862809499105,5,0.01,6.905437403221639,0.005003940147262058,0.35393075448047806,8840,1380
FedAvgM,CIFAR10,0.1,44,1,1,0.6713229815165201,5,0.01,4.479418824970383,0.017566348333217185,0.16649210148132948,1633,255
FedAvgM,CIFAR10,0.1,44,2,4,0.41526222229003906,5,0.01,10.9651372410156,0.004995506715724647,0.7489729709158938,14058,2195
FedAvgM,CIFAR10,0.1,44,2,1,0.6713229815165201,5,0.01,3.7899654203621767,0.014862609491616378,0.14553876065076415,1633,255
FedAvgM,CIFAR10,0.1,44,2,0,0.4293450514475505,5,0.01,10.423003502034527,0.006971908697013062,0.5966601686720562,9574,1495
FedAvgM,CIFAR10,0.1,44,2,3,0.6337862809499105,5,0.01,6.105986020061778,0.0044246275507694045,0.3330430127678986,8840,1380
FedAvgM,CIFAR10,0.1,44,2,2,0.5179399251937866,5,0.01,9.198547848745717,0.005410910499262186,0.5182004503742784,10898,1700
FedAvgM,CIFAR10,0.1,44,3,0,0.4293450514475505,5,0.01,9.358835088730965,0.00626009036035516,0.5402742846613651,9574,1495
FedAvgM,CIFAR10,0.1,44,3,1,0.6713229815165201,5,0.01,3.8251045918302067,0.015000410164040027,0.14090083692367425,1633,255
FedAvgM,CIFAR10,0.1,44,3,4,0.41526222229003906,5,0.01,9.749406681149802,0.004441643134920183,0.7288765491245347,14058,2195
FedAvgM,CIFAR10,0.1,44,3,2,0.5179399251937866,5,0.01,7.579671291154361,0.004458630171267271,0.4663224175345296,10898,1700
FedAvgM,CIFAR10,0.1,44,3,3,0.6337862809499105,5,0.01,5.767877731808513,0.004179621544788777,0.32003538140199683,8840,1380
FedAvgM,CIFAR10,0.1,44,4,0,0.4293450514475505,5,0.01,8.857785422314224,0.0059249400818155344,0.5013867428203085,9574,1495
FedAvgM,CIFAR10,0.1,44,4,2,0.5179399251937866,5,0.01,6.910000467535737,0.004064706157373963,0.4369689703591021,10898,1700
FedAvgM,CIFAR10,0.1,44,4,4,0.41526222229003906,5,0.01,9.411673260714783,0.004287778250895118,0.7209114037996773,14058,2195
FedAvgM,CIFAR10,0.1,44,4,3,0.6337862809499105,5,0.01,5.908299924918025,0.0042813767571869745,0.33989001299048166,8840,1380
FedAvgM,CIFAR10,0.1,44,4,1,0.6713229815165201,5,0.01,3.8170180693660463,0.014968698311239398,0.13093765012165776,1633,255
FedAvgM,CIFAR10,0.1,44,5,0,0.4293450514475505,5,0.01,8.979709013932757,0.006006494323700841,0.5190379422025098,9574,1495
FedAvgM,CIFAR10,0.1,44,5,4,0.41526222229003906,5,0.01,9.624998169726341,0.004384964997597422,0.7298065903909569,14058,2195
FedAvgM,CIFAR10,0.1,44,5,2,0.5179399251937866,5,0.01,6.779880718119649,0.003988165128305676,0.44314135741384675,10898,1700
FedAvgM,CIFAR10,0.1,44,5,3,0.6337862809499105,5,0.01,5.818684239425032,0.00421643785465582,0.346673316885002,8840,1380
FedAvgM,CIFAR10,0.1,44,5,1,0.6713229815165201,5,0.01,3.793912348534109,0.01487808764131023,0.1352518098985295,1633,255
FedAvgM,CIFAR10,0.1,44,6,1,0.6713229815165201,5,0.01,3.9833690491266824,0.015621055094614441,0.10545410809999227,1633,255
FedAvgM,CIFAR10,0.1,44,6,0,0.4293450514475505,5,0.01,9.106737445319906,0.006091463174127027,0.49981688288422527,9574,1495
FedAvgM,CIFAR10,0.1,44,6,4,0.41526222229003906,5,0.01,9.77467081562728,0.004453152991174159,0.7365657398284787,14058,2195
FedAvgM,CIFAR10,0.1,44,6,3,0.6337862809499105,5,0.01,5.9173830062475545,0.004287958700179387,0.3060253652043401,8840,1380
FedAvgM,CIFAR10,0.1,44,6,2,0.5179399251937866,5,0.01,6.713210109122371,0.003948947123013159,0.40929232579680036,10898,1700
FedAvgM,CIFAR10,0.1,44,7,1,0.6713229815165201,5,0.01,5.624058387804787,0.022055130932567793,0.1165283761258016,1633,255
FedAvgM,CIFAR10,0.1,44,7,3,0.6337862809499105,5,0.01,6.701271382079492,0.004855993755130066,0.30879733857382485,8840,1380
FedAvgM,CIFAR10,0.1,44,7,0,0.4293450514475505,5,0.01,9.369215870371246,0.006267034027004178,0.4769770916065443,9574,1495
FedAvgM,CIFAR10,0.1,44,7,4,0.41526222229003906,5,0.01,9.75621380431405,0.0044447443299836225,0.7021735164681999,14058,2195
FedAvgM,CIFAR10,0.1,44,7,2,0.5179399251937866,5,0.01,7.299124046519554,0.00429360238030562,0.398480503740915,10898,1700
FedAvgM,CIFAR10,0.1,44,8,0,0.4293450514475505,5,0.01,10.505576762218988,0.007027141646969223,0.48791638352704436,9574,1495
FedAvgM,CIFAR10,0.1,44,8,4,0.41526222229003906,5,0.01,10.274034780373725,0.004680653658484613,0.6753921786091376,14058,2195
FedAvgM,CIFAR10,0.1,44,8,1,0.6713229815165201,5,0.01,5.927331725557047,0.0232444381394394,0.11298535930799931,1633,255
FedAvgM,CIFAR10,0.1,44,8,3,0.6337862809499105,5,0.01,7.114088895915346,0.005155136881098077,0.30470975984725357,8840,1380
FedAvgM,CIFAR10,0.1,44,8,2,0.5179399251937866,5,0.01,8.327661451203383,0.004898624383060814,0.43836504413214444,10898,1700
FedAvgM,CIFAR10,0.1,44,9,0,0.4293450514475505,5,0.01,10.104594059695394,0.006758925792438391,0.48523986034082517,9574,1495
FedAvgM,CIFAR10,0.1,44,9,4,0.41526222229003906,5,0.01,9.994888810605259,0.004553480095947726,0.66774456123495,14058,2195
FedAvgM,CIFAR10,0.1,44,9,3,0.6337862809499105,5,0.01,7.200803698621533,0.005217973694653284,0.31287721179156786,8840,1380
FedAvgM,CIFAR10,0.1,44,9,1,0.6713229815165201,5,0.01,5.923963313381373,0.02323122867992695,0.10076403706551698,1633,255
FedAvgM,CIFAR10,0.1,44,9,2,0.5179399251937866,5,0.01,8.538752049053251,0.0050227953229725,0.4556344515109572,10898,1700
FedAvgM,CIFAR10,0.1,44,10,4,0.41526222229003906,5,0.01,9.56787460290844,0.004358940593580155,0.6748959818750754,14058,2195
FedAvgM,CIFAR10,0.1,44,10,0,0.4293450514475505,5,0.01,9.451033299222217,0.0063217614041620185,0.47367578053299536,9574,1495
FedAvgM,CIFAR10,0.1,44,10,2,0.5179399251937866,5,0.01,7.924842435537534,0.004661672020904431,0.4314829357884071,10898,1700
FedAvgM,CIFAR10,0.1,44,10,1,0.6713229815165201,5,0.01,5.31954299927628,0.020860952938338354,0.07308875925325213,1633,255
FedAvgM,CIFAR10,0.1,44,10,3,0.6337862809499105,5,0.01,6.968662456278817,0.0050497554031005915,0.30768083007462543,8840,1380
FedAvgM,CIFAR10,0.1,45,1,4,0.4281807740529378,5,0.01,11.889110608517498,0.00526066841084845,0.66882405895677,14480,2260
FedAvgM,CIFAR10,0.1,45,1,1,0.6388693650563558,5,0.01,7.611094319251761,0.0061133287704833415,0.3289344278796185,7986,1245
FedAvgM,CIFAR10,0.1,45,1,2,0.6406408150990804,5,0.01,7.2530783535201255,0.00848313257721652,0.2602914376609238,5477,855
FedAvgM,CIFAR10,0.1,45,1,3,0.38468722502390545,5,0.01,12.626720672216269,0.004903580843579134,0.7674797453028935,16509,2575
FedAvgM,CIFAR10,0.1,45,1,0,0.7482235431671143,5,0.01,2.9051519006418767,0.034178257654610314,0.11683656477669127,550,85
FedAvgM,CIFAR10,0.1,45,2,1,0.6388693650563558,5,0.01,6.588931094515711,0.005292314132141133,0.3336681581084566,7986,1245
FedAvgM,CIFAR10,0.1,45,2,0,0.7482235431671143,5,0.01,2.3136386405283744,0.027219278123863228,0.07144502396864516,550,85
FedAvgM,CIFAR10,0.1,45,2,3,0.38468722502390545,5,0.01,11.878265913039622,0.004612918801180436,0.7665235966480454,16509,2575
FedAvgM,CIFAR10,0.1,45,2,2,0.6406408150990804,5,0.01,6.874346914912476,0.008040171830306989,0.30858710657451077,5477,855
FedAvgM,CIFAR10,0.1,45,2,4,0.4281807740529378,5,0.01,11.003837102980183,0.004868954470345214,0.6532420116376189,14480,2260
FedAvgM,CIFAR10,0.1,45,3,2,0.6406408150990804,5,0.01,6.746888581986861,0.007891097756709778,0.26178898872494155,5477,855
FedAvgM,CIFAR10,0.1,45,3,4,0.4281807740529378,5,0.01,9.571439872811856,0.004235150386199937,0.6040914425019379,14480,2260
FedAvgM,CIFAR10,0.1,45,3,0,0.7482235431671143,5,0.01,2.358449149118317,0.027746460577862554,0.0772192373654047,550,85
FedAvgM,CIFAR10,0.1,45,3,3,0.38468722502390545,5,0.01,10.46447584822765,0.004063874115816563,0.7418339784341437,16509,2575
FedAvgM,CIFAR10,0.1,45,3,1,0.6388693650563558,5,0.01,5.953323073743123,0.004781785601400098,0.28868044654906516,7986,1245
FedAvgM,CIFAR10,0.1,45,4,1,0.6388693650563558,5,0.01,5.9978917462617565,0.0048175837319371535,0.325200166489594,7986,1245
FedAvgM,CIFAR10,0.1,45,4,2,0.6406408150990804,5,0.01,6.881777847647426,0.008048862979704592,0.28017321997690703,5477,855
FedAvgM,CIFAR10,0.1,45,4,3,0.38468722502390545,5,0.01,10.279836641064724,0.003992169569345524,0.7452098801246043,16509,2575
FedAvgM,CIFAR10,0.1,45,4,0,0.7482235431671143,5,0.01,2.663757297702528,0.0313383211494415,0.16684538558741535,550,85
FedAvgM,CIFAR10,0.1,45,4,4,0.4281807740529378,5,0.01,9.174191116156784,0.0040593766000693735,0.6052979681151756,14480,2260
FedAvgM,CIFAR10,0.1,45,5,4,0.4281807740529378,5,0.01,9.142749972355581,0.004045464589537868,0.6010147867708816,14480,2260
FedAvgM,CIFAR10,0.1,45,5,0,0.7482235431671143,5,0.01,2.664635100064575,0.03134864823605382,0.1651485067967186,550,85
FedAvgM,CIFAR10,0.1,45,5,2,0.6406408150990804,5,0.01,7.225021642996244,0.008450317711106718,0.2704446042258345,5477,855
FedAvgM,CIFAR10,0.1,45,5,3,0.38468722502390545,5,0.01,10.342612949949874,0.0040165487184271355,0.7531397704252143,16509,2575
FedAvgM,CIFAR10,0.1,45,5,1,0.6388693650563558,5,0.01,6.076196004181659,0.0048804787182182,0.30637065312452405,7986,1245
FedAvgM,CIFAR10,0.1,45,6,0,0.7482235431671143,5,0.01,3.0985628641383967,0.036453680754569374,0.04282677275638115,550,85
FedAvgM,CIFAR10,0.1,45,6,2,0.6406408150990804,5,0.01,7.8723329712274435,0.009207406983891747,0.22083521174259987,5477,855
FedAvgM,CIFAR10,0.1,45,6,4,0.4281807740529378,5,0.01,8.876568784028118,0.003927685302667309,0.5578926362648507,14480,2260
FedAvgM,CIFAR10,0.1,45,6,3,0.38468722502390545,5,0.01,10.230846782236798,0.003973144381451184,0.744059775957073,16509,2575
FedAvgM,CIFAR10,0.1,45,6,1,0.6388693650563558,5,0.01,6.4626063954096615,0.005190848510369206,0.2621220717612256,7986,1245
FedAvgM,CIFAR10,0.1,45,7,3,0.38468722502390545,5,0.01,11.077886859578559,0.004302091984302353,0.7280292058890299,16509,2575
FedAvgM,CIFAR10,0.1,45,7,2,0.6406408150990804,5,0.01,9.79817159764422,0.011459849821806105,0.2754317186065583,5477,855
FedAvgM,CIFAR10,0.1,45,7,1,0.6388693650563558,5,0.01,7.820476215138801,0.006281507000111487,0.30149617138044404,7986,1245
FedAvgM,CIFAR10,0.1,45,7,4,0.4281807740529378,5,0.01,9.558271445119585,0.004229323648283002,0.5407338441276627,14480,2260
FedAvgM,CIFAR10,0.1,45,7,0,0.7482235431671143,5,0.01,4.741303217727578,0.05578003785561856,0.08005145911628396,550,85
FedAvgM,CIFAR10,0.1,45,8,0,0.7482235431671143,5,0.01,4.671387999365523,0.054957505874888506,0.059112214191741445,550,85
FedAvgM,CIFAR10,0.1,45,8,3,0.38468722502390545,5,0.01,11.41323468798298,0.004432324150673002,0.7110204169690061,16509,2575
FedAvgM,CIFAR10,0.1,45,8,2,0.6406408150990804,5,0.01,9.811013497976466,0.011474869588276568,0.25932891731280616,5477,855
FedAvgM,CIFAR10,0.1,45,8,1,0.6388693650563558,5,0.01,7.8399205382441846,0.006297124930316614,0.2760281810239069,7986,1245
FedAvgM,CIFAR10,0.1,45,8,4,0.4281807740529378,5,0.01,10.56136535019697,0.004673170508936712,0.5769412692674674,14480,2260
FedAvgM,CIFAR10,0.1,45,9,0,0.7482235431671143,5,0.01,4.434499800582312,0.052170585889203674,0.027855817766929206,550,85
FedAvgM,CIFAR10,0.1,45,9,4,0.4281807740529378,5,0.01,10.046164608388242,0.00444520557893285,0.5937887614530565,14480,2260
FedAvgM,CIFAR10,0.1,45,9,2,0.6406408150990804,5,0.01,9.173076721024534,0.010728744702952672,0.24168715664093313,5477,855
FedAvgM,CIFAR10,0.1,45,9,3,0.38468722502390545,5,0.01,10.480486234257349,0.0040700917414591645,0.6973858534215703,16509,2575
FedAvgM,CIFAR10,0.1,45,9,1,0.6388693650563558,5,0.01,7.406871023679654,0.0059492939949234176,0.27113676517963997,7986,1245
FedAvgM,CIFAR10,0.1,45,10,1,0.6388693650563558,5,0.01,7.087686356349426,0.005692920768152149,0.26799723144760823,7986,1245
FedAvgM,CIFAR10,0.1,45,10,3,0.38468722502390545,5,0.01,9.811450721820572,0.0038102721249788627,0.7135755644717177,16509,2575
FedAvgM,CIFAR10,0.1,45,10,4,0.4281807740529378,5,0.01,8.64007672989712,0.0038230428008394334,0.5318458408821226,14480,2260
FedAvgM,CIFAR10,0.1,45,10,0,0.7482235431671143,5,0.01,4.146857245088227,0.048786555824567375,0.027020130964018042,550,85
FedAvgM,CIFAR10,0.1,45,10,2,0.6406408150990804,5,0.01,8.523175874588881,0.009968626753905125,0.24942175575219983,5477,855
FedAvgM,CIFAR10,0.1,46,1,3,0.5223642985026041,5,0.01,11.062173942252786,0.006061465173837143,0.535144283829922,11691,1825
FedAvgM,CIFAR10,0.1,46,1,2,0.37105921904246014,5,0.01,13.597341929825104,0.005209709551657128,0.8482239148844296,16711,2610
FedAvgM,CIFAR10,0.1,46,1,0,0.8199063936869303,5,0.01,5.677762977607358,0.007940927241408893,0.1978930261123511,4602,715
FedAvgM,CIFAR10,0.1,46,1,4,0.5920425653457642,5,0.01,8.19048957196685,0.00688276434619063,0.34617459109289017,7616,1190
FedAvgM,CIFAR10,0.1,46,1,1,0.7370179494222006,5,0.01,6.620222764013139,0.009735621711784027,0.24146220429871323,4383,680
FedAvgM,CIFAR10,0.1,46,2,0,0.8199063936869303,5,0.01,5.592708390201479,0.007821969776505565,0.18741028067731377,4602,715
FedAvgM,CIFAR10,0.1,46,2,1,0.7370179494222006,5,0.01,5.424987815192509,0.007977923257636042,0.27959205927825226,4383,680
FedAvgM,CIFAR10,0.1,46,2,3,0.5223642985026041,5,0.01,10.621813494027194,0.005820171777549147,0.5870941596763934,11691,1825
FedAvgM,CIFAR10,0.1,46,2,2,0.37105921904246014,5,0.01,11.877406155122078,0.00455073032763298,0.8422600721835871,16711,2610
FedAvgM,CIFAR10,0.1,46,2,4,0.5920425653457642,5,0.01,7.417144049859465,0.006232894159545769,0.37443884879160344,7616,1190
FedAvgM,CIFAR10,0.1,46,3,4,0.5920425653457642,5,0.01,7.070205068046912,0.005941348796678077,0.3228294650862657,7616,1190
FedAvgM,CIFAR10,0.1,46,3,0,0.8199063936869303,5,0.01,5.371970036390377,0.007513244806140388,0.18643067128755894,4602,715
FedAvgM,CIFAR10,0.1,46,3,1,0.7370179494222006,5,0.01,4.337609268229071,0.006378837159160398,0.17623643160461397,4383,680
FedAvgM,CIFAR10,0.1,46,3,3,0.5223642985026041,5,0.01,9.351846397012988,0.005124299395623555,0.5341735819240261,11691,1825
FedAvgM,CIFAR10,0.1,46,3,2,0.37105921904246014,5,0.01,9.691011866904812,0.003713031366630196,0.7859170773795932,16711,2610
FedAvgM,CIFAR10,0.1,46,4,4,0.5920425653457642,5,0.01,7.123530756033011,0.005986160299187404,0.3459557378763075,7616,1190
FedAvgM,CIFAR10,0.1,46,4,0,0.8199063936869303,5,0.01,5.448992057485591,0.00762096791256726,0.2234613606507745,4602,715
FedAvgM,CIFAR10,0.1,46,4,2,0.37105921904246014,5,0.01,9.37840889842285,0.0035932601143382563,0.7782548139010289,16711,2610
FedAvgM,CIFAR10,0.1,46,4,1,0.7370179494222006,5,0.01,4.398406981469587,0.006468245560984687,0.19119230034786838,4383,680
FedAvgM,CIFAR10,0.1,46,4,3,0.5223642985026041,5,0.01,8.883398205135386,0.004867615454868705,0.5132127822744441,11691,1825
FedAvgM,CIFAR10,0.1,46,5,4,0.5920425653457642,5,0.01,7.13499661992468,0.005995795478928302,0.3572723621008991,7616,1190
FedAvgM,CIFAR10,0.1,46,5,2,0.37105921904246014,5,0.01,9.638795923155044,0.00369302525791381,0.8004517043387923,16711,2610
FedAvgM,CIFAR10,0.1,46,5,3,0.5223642985026041,5,0.01,8.644865949762703,0.004736912849185043,0.4987032392762985,11691,1825
FedAvgM,CIFAR10,0.1,46,5,0,0.8199063936869303,5,0.01,5.09826900695223,0.007130446163569552,0.21559237053349106,4602,715
FedAvgM,CIFAR10,0.1,46,5,1,0.7370179494222006,5,0.01,4.6584765799647805,0.006850700852889383,0.2271687449764263,4383,680
FedAvgM,CIFAR10,0.1,46,6,3,0.5223642985026041,5,0.01,8.487605394179933,0.004650742681742429,0.45390423015350456,11691,1825
FedAvgM,CIFAR10,0.1,46,6,0,0.8199063936869303,5,0.01,4.818588292805541,0.006739284325602155,0.13223722066821456,4602,715
FedAvgM,CIFAR10,0.1,46,6,1,0.7370179494222006,5,0.01,4.814193758897306,0.007079696704260744,0.1569291302618656,4383,680
FedAvgM,CIFAR10,0.1,46,6,4,0.5920425653457642,5,0.01,7.15480971591199,0.00601244513942184,0.2939117671245908,7616,1190
FedAvgM,CIFAR10,0.1,46,6,2,0.37105921904246014,5,0.01,9.832888995739602,0.003767390419823602,0.8083131635321609,16711,2610
FedAvgM,CIFAR10,0.1,46,7,0,0.8199063936869303,5,0.01,5.989621915602252,0.008377093588254898,0.16534451071495027,4602,715
FedAvgM,CIFAR10,0.1,46,7,3,0.5223642985026041,5,0.01,8.73983679867013,0.0047889516705041804,0.4434151851462889,11691,1825
FedAvgM,CIFAR10,0.1,46,7,1,0.7370179494222006,5,0.01,6.363555094001207,0.009358169255884128,0.18088815672935923,4383,680
FedAvgM,CIFAR10,0.1,46,7,2,0.37105921904246014,5,0.01,10.029126760626426,0.003842577302922002,0.787703308718419,16711,2610
FedAvgM,CIFAR10,0.1,46,7,4,0.5920425653457642,5,0.01,8.069913527535913,0.00678143993910581,0.30596553684372363,7616,1190
FedAvgM,CIFAR10,0.1,46,8,3,0.5223642985026041,5,0.01,9.390754953895867,0.0051456191528196525,0.44437662149889556,11691,1825
FedAvgM,CIFAR10,0.1,46,8,0,0.8199063936869303,5,0.01,6.657857970835846,0.009311689469700485,0.17840466391904009,4602,715
FedAvgM,CIFAR10,0.1,46,8,1,0.7370179494222006,5,0.01,7.059762906502936,0.010382004274269023,0.18349059729506134,4383,680
FedAvgM,CIFAR10,0.1,46,8,4,0.5920425653457642,5,0.01,8.678559421338752,0.007292907076755254,0.3209925552120368,7616,1190
FedAvgM,CIFAR10,0.1,46,8,2,0.37105921904246014,5,0.01,10.953903579860615,0.004196897923318244,0.7880914013670972,16711,2610
FedAvgM,CIFAR10,0.1,46,9,1,0.7370179494222006,5,0.01,6.951146948561584,0.010222274924355271,0.17253827783353803,4383,680
FedAvgM,CIFAR10,0.1,46,9,0,0.8199063936869303,5,0.01,6.1421046831593715,0.008590356200222898,0.16428187001825814,4602,715
FedAvgM,CIFAR10,0.1,46,9,2,0.37105921904246014,5,0.01,10.29366206212848,0.003943931824570299,0.7713210784936052,16711,2610
FedAvgM,CIFAR10,0.1,46,9,4,0.5920425653457642,5,0.01,8.317308249143721,0.006989334663145984,0.3180234238624343,7616,1190
FedAvgM,CIFAR10,0.1,46,9,3,0.5223642985026041,5,0.01,9.522465872899618,0.005217789519397051,0.47863967083721626,11691,1825
FedAvgM,CIFAR10,0.1,46,10,3,0.5223642985026041,5,0.01,8.632674337065755,0.004730232513460687,0.4549548330731283,11691,1825
FedAvgM,CIFAR10,0.1,46,10,2,0.37105921904246014,5,0.01,9.796218920000832,0.0037533405823757977,0.7853197802085099,16711,2610
FedAvgM,CIFAR10,0.1,46,10,4,0.5920425653457642,5,0.01,7.755191941924365,0.006516968018423836,0.29056632906956464,7616,1190
FedAvgM,CIFAR10,0.1,46,10,1,0.7370179494222006,5,0.01,6.201743177233205,0.009120210554754713,0.14692329200186918,4383,680
FedAvgM,CIFAR10,0.1,46,10,0,0.8199063936869303,5,0.01,5.741253458306589,0.00802972511651271,0.14066282406457442,4602,715
FedAvgM,CIFAR10,0.1,47,1,3,0.583410382270813,5,0.01,4.4088887698875325,0.020506459394825732,0.1841333869420333,1390,215
FedAvgM,CIFAR10,0.1,47,1,0,0.6497961282730103,5,0.01,7.414638497487023,0.007527551774098501,0.29059633179610844,6307,985
FedAvgM,CIFAR10,0.1,47,1,1,0.39552489916483563,5,0.01,11.766808707333716,0.006921652180784539,0.556374018933855,10911,1700
FedAvgM,CIFAR10,0.1,47,1,2,0.41136876742045086,5,0.01,12.464684394809941,0.006359532854494868,0.6422207659008162,12554,1960
FedAvgM,CIFAR10,0.1,47,1,4,0.39731669425964355,5,0.01,13.354764370087569,0.006182761282447949,0.7060295902909365,13841,2160
FedAvgM,CIFAR10,0.1,47,2,2,0.41136876742045086,5,0.01,11.097966250238763,0.005662227678693246,0.6366654600953854,12554,1960
FedAvgM,CIFAR10,0.1,47,2,0,0.6497961282730103,5,0.01,6.949401315699952,0.007055229762131931,0.2986738056613732,6307,985
FedAvgM,CIFAR10,0.1,47,2,1,0.39552489916483563,5,0.01,10.883189501628369,0.006401876177428452,0.5916558049610614,10911,1700
FedAvgM,CIFAR10,0.1,47,2,3,0.583410382270813,5,0.01,3.463137691127306,0.016107617168033984,0.1661641251550899,1390,215
FedAvgM,CIFAR10,0.1,47,2,4,0.39731669425964355,5,0.01,12.21395267120568,0.005654607718150778,0.7004455375124241,13841,2160
FedAvgM,CIFAR10,0.1,47,3,4,0.39731669425964355,5,0.01,10.37509436241121,0.004803284427042227,0.6663094091805742,13841,2160
FedAvgM,CIFAR10,0.1,47,3,3,0.583410382270813,5,0.01,3.4858472511086602,0.016213243028412372,0.16680175723039933,1390,215
FedAvgM,CIFAR10,0.1,47,3,2,0.41136876742045086,5,0.01,9.156760357110736,0.0046718165087299675,0.5595830630098628,12554,1960
FedAvgM,CIFAR10,0.1,47,3,1,0.39552489916483563,5,0.01,9.49854112819555,0.005587377134232676,0.5417187814696747,10911,1700
FedAvgM,CIFAR10,0.1,47,3,0,0.6497961282730103,5,0.01,6.45633779723238,0.006554657662164853,0.28144171596180206,6307,985
FedAvgM,CIFAR10,0.1,47,4,4,0.39731669425964355,5,0.01,10.181280867985334,0.0047135559574006175,0.6872766341574753,13841,2160
FedAvgM,CIFAR10,0.1,47,4,3,0.583410382270813,5,0.01,3.60189093397531,0.016752981088257256,0.23000374246924485,1390,215
FedAvgM,CIFAR10,0.1,47,4,2,0.41136876742045086,5,0.01,8.641292823321585,0.004408822869041625,0.5677779947022218,12554,1960
FedAvgM,CIFAR10,0.1,47,4,1,0.39552489916483563,5,0.01,9.2569370302627,0.005445257076625117,0.5554221877516007,10911,1700
FedAvgM,CIFAR10,0.1,47,4,0,0.6497961282730103,5,0.01,6.464369591119633,0.006562811767634145,0.29383603512955275,6307,985
FedAvgM,CIFAR10,0.1,47,5,2,0.41136876742045086,5,0.01,8.668617603840378,0.004422764083592029,0.5631074300487782,12554,1960
FedAvgM,CIFAR10,0.1,47,5,0,0.6497961282730103,5,0.01,6.433952262085736,0.006531931230543894,0.26482243073934103,6307,985
FedAvgM,CIFAR10,0.1,47,5,4,0.39731669425964355,5,0.01,10.29201165467954,0.004764820210499787,0.6909242386137551,13841,2160
FedAvgM,CIFAR10,0.1,47,5,3,0.583410382270813,5,0.01,3.849699069384178,0.017905577066903156,0.2092378409085063,1390,215
FedAvgM,CIFAR10,0.1,47,5,1,0.39552489916483563,5,0.01,9.22853323925436,0.005428548964267271,0.5384942973710827,10911,1700
FedAvgM,CIFAR10,0.1,47,6,3,0.583410382270813,5,0.01,4.830958320795586,0.02246957358509575,0.11556782929352481,1390,215
FedAvgM,CIFAR10,0.1,47,6,1,0.39552489916483563,5,0.01,9.434581522173884,0.005549753836572873,0.49301208158043897,10911,1700
FedAvgM,CIFAR10,0.1,47,6,2,0.41136876742045086,5,0.01,8.694414419304637,0.004435925724135019,0.5197396503944873,12554,1960
FedAvgM,CIFAR10,0.1,47,6,4,0.39731669425964355,5,0.01,10.421673280387646,0.004824848740920207,0.6632794003012572,13841,2160
FedAvgM,CIFAR10,0.1,47,6,0,0.6497961282730103,5,0.01,6.851722081780478,0.006956063027188303,0.20754285437461076,6307,985
FedAvgM,CIFAR10,0.1,47,7,3,0.583410382270813,5,0.01,6.4815162157417925,0.030146587049961825,0.13689149091783842,1390,215
FedAvgM,CIFAR10,0.1,47,7,2,0.41136876742045086,5,0.01,9.495040116919307,0.004844408222918014,0.5205218039877786,12554,1960
FedAvgM,CIFAR10,0.1,47,7,4,0.39731669425964355,5,0.01,11.141695731920606,0.005158192468481762,0.6508291253635631,13841,2160
FedAvgM,CIFAR10,0.1,47,7,1,0.39552489916483563,5,0.01,10.495054123744069,0.006173561249261217,0.5039169107172582,10911,1700
FedAvgM,CIFAR10,0.1,47,7,0,0.6497961282730103,5,0.01,8.50848883173549,0.008638059727650242,0.2895598024601487,6307,985
FedAvgM,CIFAR10,0.1,47,8,0,0.6497961282730103,5,0.01,8.553172976437509,0.008683424341560922,0.27764710735261144,6307,985
FedAvgM,CIFAR10,0.1,47,8,2,0.41136876742045086,5,0.01,9.701261321942711,0.0049496231234401585,0.515015238210726,12554,1960
FedAvgM,CIFAR10,0.1,47,8,4,0.39731669425964355,5,0.01,11.389771888663546,0.005273042541047938,0.651040340468392,13841,2160
FedAvgM,CIFAR10,0.1,47,8,3,0.583410382270813,5,0.01,5.809137688991968,0.027019245065078922,0.09829011541535211,1390,215
FedAvgM,CIFAR10,0.1,47,8,1,0.39552489916483563,5,0.01,10.727323151991621,0.006310190089406836,0.5084054199117858,10911,1700
FedAvgM,CIFAR10,0.1,47,9,1,0.39552489916483563,5,0.01,10.064292638051175,0.0059201721400301026,0.5103504973726077,10911,1700
FedAvgM,CIFAR10,0.1,47,9,0,0.6497961282730103,5,0.01,7.848845612297641,0.007968371179997605,0.24259874973900633,6307,985
FedAvgM,CIFAR10,0.1,47,9,4,0.39731669425964355,5,0.01,10.454887809032375,0.004840225837514988,0.6304447230253862,13841,2160
FedAvgM,CIFAR10,0.1,47,9,2,0.41136876742045086,5,0.01,9.010734213047206,0.0045973133740036766,0.5038754871204134,12554,1960
FedAvgM,CIFAR10,0.1,47,9,3,0.583410382270813,5,0.01,5.691576756912292,0.026472450032150197,0.06624633264764163,1390,215
FedAvgM,CIFAR10,0.1,47,10,4,0.39731669425964355,5,0.01,9.369034222265517,0.004337515843641443,0.6266680893301161,13841,2160
FedAvgM,CIFAR10,0.1,47,10,2,0.41136876742045086,5,0.01,8.152286738655398,0.004159329968701734,0.5021431597466879,12554,1960
FedAvgM,CIFAR10,0.1,47,10,0,0.6497961282730103,5,0.01,7.237534906184133,0.0073477511737909985,0.21554506323415293,6307,985
FedAvgM,CIFAR10,0.1,47,10,3,0.583410382270813,5,0.01,5.2836952143374045,0.02457532657831351,0.07228885544549238,1390,215
FedAvgM,CIFAR10,0.1,47,10,1,0.39552489916483563,5,0.01,9.182695026419859,0.005401585309658741,0.5101315193277148,10911,1700
FedAvgM,CIFAR10,0.1,48,1,3,0.31404151519139606,5,0.01,14.619028847553727,0.005404446893735204,0.891437734470279,17316,2705
FedAvgM,CIFAR10,0.1,48,1,2,0.4325987497965495,5,0.01,9.951435615940754,0.007133645602824913,0.4587379148431141,8933,1395
FedAvgM,CIFAR10,0.1,48,1,4,0.7846288681030273,5,0.01,5.288400533973395,0.010576801067946789,0.15283432526702243,3222,500
FedAvgM,CIFAR10,0.1,48,1,0,0.8781611919403076,5,0.01,5.077988415136221,0.0064687750511289435,0.18117883613255426,5024,785
FedAvgM,CIFAR10,0.1,48,1,1,0.5489862362543741,5,0.01,9.313826299270993,0.005679162377604264,0.42094493098798047,10507,1640
FedAvgM,CIFAR10,0.1,48,2,0,0.8781611919403076,5,0.01,5.0815349188066055,0.006473292890199498,0.18813094944507128,5024,785
FedAvgM,CIFAR10,0.1,48,2,1,0.5489862362543741,5,0.01,8.262114193441022,0.005037874508195745,0.44833466748243456,10507,1640
FedAvgM,CIFAR10,0.1,48,2,4,0.7846288681030273,5,0.01,4.782055082874313,0.009564110165748627,0.22149215311870685,3222,500
FedAvgM,CIFAR10,0.1,48,2,2,0.4325987497965495,5,0.01,8.975460882130177,0.006434022137727725,0.5625618525815985,8933,1395
FedAvgM,CIFAR10,0.1,48,2,3,0.31404151519139606,5,0.01,12.745589002795516,0.004711862847613869,0.8986346557595641,17316,2705
FedAvgM,CIFAR10,0.1,48,3,0,0.8781611919403076,5,0.01,5.194293706811199,0.006616934658358215,0.1417688452984198,5024,785
FedAvgM,CIFAR10,0.1,48,3,1,0.5489862362543741,5,0.01,6.949549664861364,0.0042375302834520515,0.35215016112257264,10507,1640
FedAvgM,CIFAR10,0.1,48,3,4,0.7846288681030273,5,0.01,4.567065838464362,0.009134131676928725,0.1728631298344236,3222,500
FedAvgM,CIFAR10,0.1,48,3,2,0.4325987497965495,5,0.01,7.514772263660192,0.0053869335223370556,0.449967352632497,8933,1395
FedAvgM,CIFAR10,0.1,48,3,3,0.31404151519139606,5,0.01,10.409793791629998,0.003848352603190387,0.8748725238648047,17316,2705
FedAvgM,CIFAR10,0.1,48,4,2,0.4325987497965495,5,0.01,6.994458741606864,0.005013948918714597,0.4286864823090658,8933,1395
FedAvgM,CIFAR10,0.1,48,4,3,0.31404151519139606,5,0.01,9.711515319854728,0.0035902089907041508,0.8656679739295752,17316,2705
FedAvgM,CIFAR10,0.1,48,4,4,0.7846288681030273,5,0.01,4.784667996627818,0.009569335993255636,0.23397494264583518,3222,500
FedAvgM,CIFAR10,0.1,48,4,0,0.8781611919403076,5,0.01,5.667023274571897,0.007219137929390952,0.17263243801135242,5024,785
FedAvgM,CIFAR10,0.1,48,4,1,0.5489862362543741,5,0.01,6.546864293734484,0.003991990423008832,0.36591406121500936,10507,1640
FedAvgM,CIFAR10,0.1,48,5,4,0.7846288681030273,5,0.01,4.8838975742466735,0.009767795148493347,0.230693826914967,3222,500
FedAvgM,CIFAR10,0.1,48,5,2,0.4325987497965495,5,0.01,7.251755179816867,0.005198390809904564,0.43519205985550974,8933,1395
FedAvgM,CIFAR10,0.1,48,5,0,0.8781611919403076,5,0.01,5.281385831203339,0.006727880039749477,0.16743008897229666,5024,785
FedAvgM,CIFAR10,0.1,48,5,1,0.5489862362543741,5,0.01,6.245449873620629,0.0038082011424516032,0.3503462381988616,10507,1640
FedAvgM,CIFAR10,0.1,48,5,3,0.31404151519139606,5,0.01,9.798039232150533,0.0036221956495935425,0.872053756152759,17316,2705
FedAvgM,CIFAR10,0.1,48,6,3,0.31404151519139606,5,0.01,9.742794523050462,0.003601772466931779,0.8771866425393493,17316,2705
FedAvgM,CIFAR10,0.1,48,6,4,0.7846288681030273,5,0.01,5.176639638246688,0.010353279276493377,0.1585503004403788,3222,500
FedAvgM,CIFAR10,0.1,48,6,1,0.5489862362543741,5,0.01,5.626650213587565,0.0034308842765777836,0.26723487970267495,10507,1640
FedAvgM,CIFAR10,0.1,48,6,2,0.4325987497965495,5,0.01,7.541932352449594,0.0054064031200355515,0.3894230094700231,8933,1395
FedAvgM,CIFAR10,0.1,48,6,0,0.8781611919403076,5,0.01,5.245743303652744,0.006682475546054451,0.12841311120540777,5024,785
FedAvgM,CIFAR10,0.1,48,7,3,0.31404151519139606,5,0.01,10.260075327166732,0.003793003817806555,0.8482433467475013,17316,2705
FedAvgM,CIFAR10,0.1,48,7,1,0.5489862362543741,5,0.01,6.4492754973740976,0.00393248505937445,0.29937325376873786,10507,1640
FedAvgM,CIFAR10,0.1,48,7,4,0.7846288681030273,5,0.01,6.49523396287371,0.01299046792574742,0.1748541199236239,3222,500
FedAvgM,CIFAR10,0.1,48,7,2,0.4325987497965495,5,0.01,8.529744879181798,0.006114512458194838,0.39280680767153225,8933,1395
FedAvgM,CIFAR10,0.1,48,7,0,0.8781611919403076,5,0.01,6.50234332019286,0.008283239898334854,0.20043106751320805,5024,785
FedAvgM,CIFAR10,0.1,48,8,1,0.5489862362543741,5,0.01,7.542113518355732,0.004598849706314471,0.35543120492830155,10507,1640
FedAvgM,CIFAR10,0.1,48,8,0,0.8781611919403076,5,0.01,6.861508131087291,0.008740774689283174,0.17476148384210513,5024,785
FedAvgM,CIFAR10,0.1,48,8,2,0.4325987497965495,5,0.01,9.272708544363178,0.006647102899185074,0.39897346846414217,8933,1395
FedAvgM,CIFAR10,0.1,48,8,4,0.7846288681030273,5,0.01,6.737213014589863,0.013474426029179726,0.15161292702449974,3222,500
FedAvgM,CIFAR10,0.1,48,8,3,0.31404151519139606,5,0.01,10.986878429975778,0.0040616925803977,0.8334764354076799,17316,2705
FedAvgM,CIFAR10,0.1,48,9,2,0.4325987497965495,5,0.01,8.757435332504599,0.00627773142115025,0.3869320232321674,8933,1395
FedAvgM,CIFAR10,0.1,48,9,0,0.8781611919403076,5,0.01,6.738487838141131,0.008584060940307173,0.15395067369265944,5024,785
FedAvgM,CIFAR10,0.1,48,9,4,0.7846288681030273,5,0.01,6.408582917888025,0.012817165835776051,0.12319628820048341,3222,500
FedAvgM,CIFAR10,0.1,48,9,1,0.5489862362543741,5,0.01,7.398113403898793,0.004511044758474874,0.34651034938830616,10507,1640
FedAvgM,CIFAR10,0.1,48,9,3,0.31404151519139606,5,0.01,10.437303236304482,0.003858522453347313,0.8334487881543817,17316,2705
FedAvgM,CIFAR10,0.1,48,10,1,0.5489862362543741,5,0.01,6.788284912020956,0.004139198117085949,0.31555403256483316,10507,1640
FedAvgM,CIFAR10,0.1,48,10,3,0.31404151519139606,5,0.01,9.970601622437277,0.0036859895092189563,0.8361452724019598,17316,2705
FedAvgM,CIFAR10,0.1,48,10,2,0.4325987497965495,5,0.01,8.893782525959958,0.006375471344774164,0.41345736069828193,8933,1395
FedAvgM,CIFAR10,0.1,48,10,4,0.7846288681030273,5,0.01,6.110357830511495,0.01222071566102299,0.11304512136818919,3222,500
FedAvgM,CIFAR10,0.1,48,10,0,0.8781611919403076,5,0.01,5.868297191323034,0.0074755378233414445,0.10846465956248318,5024,785
FedAvgM,CIFAR10,0.1,49,1,4,0.39460790157318115,5,0.01,12.937573011226158,0.005948309430448808,0.742266429577439,13951,2175
FedAvgM,CIFAR10,0.1,49,1,3,0.4758329788843791,5,0.01,10.956291556821599,0.008268899288167245,0.4667566365724846,8503,1325
FedAvgM,CIFAR10,0.1,49,1,1,0.4779949188232422,5,0.01,10.655835520542832,0.0053817351113852685,0.6015855255192986,12672,1980
FedAvgM,CIFAR10,0.1,49,1,2,0.6027893622716268,5,0.01,8.585997303851553,0.007700446012422917,0.36475561718475613,7151,1115
FedAvgM,CIFAR10,0.1,49,1,0,0.5155852635701498,5,0.01,6.045035638945807,0.01422361326810778,0.2217288809624525,2726,425
FedAvgM,CIFAR10,0.1,49,2,3,0.4758329788843791,5,0.01,9.604875381098994,0.007248962551772826,0.497211018147766,8503,1325
FedAvgM,CIFAR10,0.1,49,2,2,0.6027893622716268,5,0.01,8.099378492847418,0.007264016585513379,0.4244416121817473,7151,1115
FedAvgM,CIFAR10,0.1,49,2,1,0.4779949188232422,5,0.01,10.230246225515508,0.0051667910229876305,0.6057234566748135,12672,1980
FedAvgM,CIFAR10,0.1,49,2,4,0.39460790157318115,5,0.01,11.448779148534541,0.005263806505073352,0.7362947654481449,13951,2175
FedAvgM,CIFAR10,0.1,49,2,0,0.5155852635701498,5,0.01,5.4446726443435045,0.012810994457278834,0.28561219704518676,2726,425
FedAvgM,CIFAR10,0.1,49,3,1,0.4779949188232422,5,0.01,9.199752577798446,0.004646339685756791,0.5934859773598649,12672,1980
FedAvgM,CIFAR10,0.1,49,3,2,0.6027893622716268,5,0.01,7.446366024980293,0.006678355179354523,0.37792584633173015,7151,1115
FedAvgM,CIFAR10,0.1,49,3,0,0.5155852635701498,5,0.01,5.188270027958161,0.012207694183430968,0.2547210108585233,2726,425
FedAvgM,CIFAR10,0.1,49,3,3,0.4758329788843791,5,0.01,8.198795067220951,0.006187769862053548,0.44425331094940174,8503,1325
FedAvgM,CIFAR10,0.1,49,3,4,0.39460790157318115,5,0.01,9.250087762367485,0.004252913913732177,0.6645327589085376,13951,2175
FedAvgM,CIFAR10,0.1,49,4,0,0.5155852635701498,5,0.01,5.128013552681783,0.012065914241604195,0.27550749168028604,2726,425
FedAvgM,CIFAR10,0.1,49,4,3,0.4758329788843791,5,0.01,7.419356610112321,0.00559951442272628,0.4237412297479491,8503,1325
FedAvgM,CIFAR10,0.1,49,4,1,0.4779949188232422,5,0.01,8.992565795167016,0.004541699896548998,0.6103342829393232,12672,1980
FedAvgM,CIFAR10,0.1,49,4,4,0.39460790157318115,5,0.01,8.395647370964543,0.003860067756765307,0.648626539702545,13951,2175
FedAvgM,CIFAR10,0.1,49,4,2,0.6027893622716268,5,0.01,7.351031819684213,0.006592853649940998,0.3739965621912846,7151,1115
FedAvgM,CIFAR10,0.1,49,5,3,0.4758329788843791,5,0.01,7.386826791818267,0.005574963616466617,0.42845025930564584,8503,1325
FedAvgM,CIFAR10,0.1,49,5,1,0.4779949188232422,5,0.01,8.998551415264908,0.004544722937002478,0.6007689703918012,12672,1980
FedAvgM,CIFAR10,0.1,49,5,2,0.6027893622716268,5,0.01,7.748491877188709,0.006949320069227541,0.3833679644732802,7151,1115
FedAvgM,CIFAR10,0.1,49,5,4,0.39460790157318115,5,0.01,8.55403014495646,0.003932887422968488,0.6626535615438911,13951,2175
FedAvgM,CIFAR10,0.1,49,5,0,0.5155852635701498,5,0.01,5.285949337908253,0.01243752785390177,0.2691007134267688,2726,425
FedAvgM,CIFAR10,0.1,49,6,3,0.4758329788843791,5,0.01,7.459264584220429,0.005629633648468248,0.380590385138892,8503,1325
FedAvgM,CIFAR10,0.1,49,6,4,0.39460790157318115,5,0.01,8.764718873777978,0.004029755804035852,0.6552773981782662,13951,2175
FedAvgM,CIFAR10,0.1,49,6,2,0.6027893622716268,5,0.01,7.856042332688261,0.007045777876850459,0.34233668844559145,7151,1115
FedAvgM,CIFAR10,0.1,49,6,0,0.5155852635701498,5,0.01,5.672596967355943,0.013347286982013984,0.16110286044863273,2726,425
FedAvgM,CIFAR10,0.1,49,6,1,0.4779949188232422,5,0.01,8.820853765686655,0.004454976649336694,0.5703586854809131,12672,1980
FedAvgM,CIFAR10,0.1,49,7,2,0.6027893622716268,5,0.01,8.581104426647485,0.007696057781746623,0.33978450445009456,7151,1115
FedAvgM,CIFAR10,0.1,49,7,3,0.4758329788843791,5,0.01,8.175974107948445,0.006170546496564864,0.36819749740255026,8503,1325
FedAvgM,CIFAR10,0.1,49,7,1,0.4779949188232422,5,0.01,9.317992305177276,0.004706056719786503,0.5594636333606933,12672,1980
FedAvgM,CIFAR10,0.1,49,7,4,0.39460790157318115,5,0.01,9.463356728123085,0.0043509686106313035,0.6492085784951158,13951,2175
FedAvgM,CIFAR10,0.1,49,7,0,0.5155852635701498,5,0.01,7.284510083531303,0.017140023725956008,0.18190828597643008,2726,425
FedAvgM,CIFAR10,0.1,49,8,0,0.5155852635701498,5,0.01,7.930365710583808,0.01865968402490308,0.18450915323274017,2726,425
FedAvgM,CIFAR10,0.1,49,8,2,0.6027893622716268,5,0.01,8.910255809466278,0.007991260815664824,0.34750965453106886,7151,1115
FedAvgM,CIFAR10,0.1,49,8,1,0.4779949188232422,5,0.01,9.740737509131254,0.004919564398551139,0.5649339801976545,12672,1980
FedAvgM,CIFAR10,0.1,49,8,4,0.39460790157318115,5,0.01,9.769838417057208,0.004491879731980326,0.6400108695083927,13951,2175
FedAvgM,CIFAR10,0.1,49,8,3,0.4758329788843791,5,0.01,8.75062192920992,0.00660424296544145,0.3837813352682138,8503,1325
FedAvgM,CIFAR10,0.1,49,9,0,0.5155852635701498,5,0.01,7.492969974873267,0.0176305175879371,0.1702557200096219,2726,425
FedAvgM,CIFAR10,0.1,49,9,2,0.6027893622716268,5,0.01,8.371299759728135,0.007507892161191153,0.32500036597951487,7151,1115
FedAvgM,CIFAR10,0.1,49,9,4,0.39460790157318115,5,0.01,9.172964973974343,0.004217455160447974,0.6079863756201355,13951,2175
FedAvgM,CIFAR10,0.1,49,9,3,0.4758329788843791,5,0.01,8.547499636444254,0.00645094312184472,0.39265384936556863,8503,1325
FedAvgM,CIFAR10,0.1,49,9,1,0.4779949188232422,5,0.01,9.64021026720399,0.004868793064244439,0.5752916437863894,12672,1980
FedAvgM,CIFAR10,0.1,49,10,4,0.39460790157318115,5,0.01,7.941202461161095,0.0036511275683499284,0.5917372153452832,13951,2175
FedAvgM,CIFAR10,0.1,49,10,2,0.6027893622716268,5,0.01,7.963192187820925,0.007141876401633117,0.3264754831332211,7151,1115
FedAvgM,CIFAR10,0.1,49,10,3,0.4758329788843791,5,0.01,7.906121127741826,0.0059668838699938305,0.3974858194339722,8503,1325
FedAvgM,CIFAR10,0.1,49,10,0,0.5155852635701498,5,0.01,6.943698642312319,0.016338114452499573,0.14814063273391315,2726,425
FedAvgM,CIFAR10,0.1,49,10,1,0.4779949188232422,5,0.01,8.728856070005145,0.004408513166669265,0.5735601405804728,12672,1980
FedAvgM,CIFAR10,0.1,50,1,0,0.80733855565389,5,0.01,4.864800175733273,0.011446588648784171,0.1443179314980408,2726,425
FedAvgM,CIFAR10,0.1,50,1,2,0.2607847849527995,5,0.01,16.097978617528955,0.004922929240834543,0.9230775443248613,20953,3270
FedAvgM,CIFAR10,0.1,50,1,4,0.4568888346354167,5,0.01,11.66579835779112,0.005967160285315151,0.5078253494450186,12514,1955
FedAvgM,CIFAR10,0.1,50,1,1,0.863502581914266,5,0.01,4.4802442474752935,0.0057809603193229595,0.1430148961444336,4976,775
FedAvgM,CIFAR10,0.1,50,1,3,0.7249987920125326,5,0.01,5.640240505322229,0.00947939580726425,0.20140382305842244,3834,595
FedAvgM,CIFAR10,0.1,50,2,4,0.4568888346354167,5,0.01,10.11000657950697,0.005171358864197939,0.5489502453835723,12514,1955
FedAvgM,CIFAR10,0.1,50,2,0,0.80733855565389,5,0.01,4.447125915275992,0.010463825683002333,0.19696137440949055,2726,425
FedAvgM,CIFAR10,0.1,50,2,1,0.863502581914266,5,0.01,5.315967770631047,0.006859313252427157,0.19804165913909821,4976,775
FedAvgM,CIFAR10,0.1,50,2,3,0.7249987920125326,5,0.01,4.624283141168738,0.007771904438939056,0.23073155971952497,3834,595
FedAvgM,CIFAR10,0.1,50,2,2,0.2607847849527995,5,0.01,13.882348282903111,0.004245366447370982,0.9263211358774875,20953,3270
FedAvgM,CIFAR10,0.1,50,3,1,0.863502581914266,5,0.01,5.454560960862838,0.007038143175306888,0.1618834051559804,4976,775
FedAvgM,CIFAR10,0.1,50,3,3,0.7249987920125326,5,0.01,4.077117897540025,0.006852298987462226,0.17287561678548902,3834,595
FedAvgM,CIFAR10,0.1,50,3,0,0.80733855565389,5,0.01,4.0457776986366625,0.009519476937968618,0.14739270363545717,2726,425
FedAvgM,CIFAR10,0.1,50,3,4,0.4568888346354167,5,0.01,8.396849875872103,0.004295063875126396,0.44678133764751526,12514,1955
FedAvgM,CIFAR10,0.1,50,3,2,0.2607847849527995,5,0.01,11.323515692799548,0.0034628488357185162,0.908771238519988,20953,3270
FedAvgM,CIFAR10,0.1,50,4,4,0.4568888346354167,5,0.01,8.426664871397913,0.004310314512223996,0.46781771876305367,12514,1955
FedAvgM,CIFAR10,0.1,50,4,1,0.863502581914266,5,0.01,5.70343400918755,0.007359269689274258,0.19757365275503092,4976,775
FedAvgM,CIFAR10,0.1,50,4,0,0.80733855565389,5,0.01,4.372625576552235,0.010288530768358199,0.20368549670759845,2726,425
FedAvgM,CIFAR10,0.1,50,4,3,0.7249987920125326,5,0.01,4.53553957394601,0.007622755586463882,0.23688612845016566,3834,595
FedAvgM,CIFAR10,0.1,50,4,2,0.2607847849527995,5,0.01,11.23160947588639,0.0034347429589866637,0.9077546054872511,20953,3270
FedAvgM,CIFAR10,0.1,50,5,0,0.80733855565389,5,0.01,4.460661910697144,0.01049567508399328,0.16001249826132963,2726,425
FedAvgM,CIFAR10,0.1,50,5,2,0.2607847849527995,5,0.01,11.39886058633829,0.0034858900875652265,0.9122854224105111,20953,3270
FedAvgM,CIFAR10,0.1,50,5,4,0.4568888346354167,5,0.01,8.27833917613111,0.004234444591371412,0.43854005037128274,12514,1955
FedAvgM,CIFAR10,0.1,50,5,3,0.7249987920125326,5,0.01,4.739449596448762,0.007965461506636575,0.19825082684189557,3834,595
FedAvgM,CIFAR10,0.1,50,5,1,0.863502581914266,5,0.01,5.528922809085371,0.00713409394720693,0.15219169191880733,4976,775
FedAvgM,CIFAR10,0.1,50,6,3,0.7249987920125326,5,0.01,5.696259840907923,0.009573545951105754,0.12880994839120702,3834,595
FedAvgM,CIFAR10,0.1,50,6,2,0.2607847849527995,5,0.01,11.375735223229979,0.0034788181110795044,0.8995174508787643,20953,3270
FedAvgM,CIFAR10,0.1,50,6,4,0.4568888346354167,5,0.01,8.450375093814763,0.004322442503230058,0.384415667908369,12514,1955
FedAvgM,CIFAR10,0.1,50,6,0,0.80733855565389,5,0.01,5.661640859279708,0.013321507904187548,0.10804354731818318,2726,425
FedAvgM,CIFAR10,0.1,50,6,1,0.863502581914266,5,0.01,6.473277050519818,0.00835261554905783,0.1250916164340658,4976,775
FedAvgM,CIFAR10,0.1,50,7,4,0.4568888346354167,5,0.01,9.6818824887475,0.004952369559461637,0.4189576374645486,12514,1955
FedAvgM,CIFAR10,0.1,50,7,0,0.80733855565389,5,0.01,7.131498474032392,0.01677999640948798,0.12864139463011623,2726,425
FedAvgM,CIFAR10,0.1,50,7,1,0.863502581914266,5,0.01,7.808931505049025,0.01007604065167616,0.1782722759212291,4976,775
FedAvgM,CIFAR10,0.1,50,7,3,0.7249987920125326,5,0.01,7.32459353581447,0.012310241236662975,0.16021389802161096,3834,595
FedAvgM,CIFAR10,0.1,50,7,2,0.2607847849527995,5,0.01,12.256030024332079,0.0037480214141688314,0.8856887115548027,20953,3270
FedAvgM,CIFAR10,0.1,50,8,1,0.863502581914266,5,0.01,7.603012609517608,0.009810338850990462,0.15488250069316237,4976,775
FedAvgM,CIFAR10,0.1,50,8,4,0.4568888346354167,5,0.01,9.978809976438084,0.005104250627334058,0.44835667870124835,12514,1955
FedAvgM,CIFAR10,0.1,50,8,3,0.7249987920125326,5,0.01,7.527231587119273,0.012650809390116424,0.16139796269007672,3834,595
FedAvgM,CIFAR10,0.1,50,8,0,0.80733855565389,5,0.01,6.998106088259151,0.016466131972374475,0.10654052356138359,2726,425
FedAvgM,CIFAR10,0.1,50,8,2,0.2607847849527995,5,0.01,12.012757805758701,0.003673626240293181,0.8789956802169168,20953,3270
FedAvgM,CIFAR10,0.1,50,9,2,0.2607847849527995,5,0.01,12.002334084401255,0.003670438557920873,0.8882081106522726,20953,3270
FedAvgM,CIFAR10,0.1,50,9,1,0.863502581914266,5,0.01,7.008096327742808,0.009042704939022978,0.11693789370996653,4976,775
FedAvgM,CIFAR10,0.1,50,9,0,0.80733855565389,5,0.01,6.341295238072629,0.014920694677817951,0.08150865671327567,2726,425
FedAvgM,CIFAR10,0.1,50,9,3,0.7249987920125326,5,0.01,6.684760265587009,0.011234891202667243,0.125954459596169,3834,595
FedAvgM,CIFAR10,0.1,50,9,4,0.4568888346354167,5,0.01,9.552597073799848,0.00488623891242959,0.4291686096734717,12514,1955
FedAvgM,CIFAR10,0.1,50,10,3,0.7249987920125326,5,0.01,6.444848127220628,0.010831677524740551,0.11209202884799746,3834,595
FedAvgM,CIFAR10,0.1,50,10,1,0.863502581914266,5,0.01,6.920082223291446,0.008929138352634123,0.12911334440199465,4976,775
FedAvgM,CIFAR10,0.1,50,10,2,0.2607847849527995,5,0.01,11.343993298621179,0.003469111100495773,0.8915277397321538,20953,3270
FedAvgM,CIFAR10,0.1,50,10,4,0.4568888346354167,5,0.01,8.692671395376234,0.004446379230371475,0.39740665157964344,12514,1955
FedAvgM,CIFAR10,0.1,50,10,0,0.80733855565389,5,0.01,6.145845916968993,0.014460813922279983,0.09997632970421856,2726,425
FedAvgM,CIFAR10,0.1,51,1,1,0.39560731252034503,5,0.01,13.19659332303894,0.0047900520228816475,0.8182936217288186,17657,2755
FedAvgM,CIFAR10,0.1,51,1,3,0.7245081265767416,5,0.01,5.561067543071865,0.0097562588474945,0.20449167181383007,3660,570
FedAvgM,CIFAR10,0.1,51,1,0,0.5471198956171671,5,0.01,9.425647730267988,0.006242150814747012,0.4240877784121317,9686,1510
FedAvgM,CIFAR10,0.1,51,1,4,0.45677439371744794,5,0.01,11.183099623477363,0.005536187932414536,0.5693112291773387,12948,2020
FedAvgM,CIFAR10,0.1,51,1,2,0.8305829366048177,5,0.01,3.2933337943392065,0.02058333621462004,0.1465531213868369,1052,160
FedAvgM,CIFAR10,0.1,51,2,1,0.39560731252034503,5,0.01,11.830907276625792,0.004294340209301558,0.8198602242137983,17657,2755
FedAvgM,CIFAR10,0.1,51,2,3,0.7245081265767416,5,0.01,5.1875683041038085,0.009100997024743524,0.21170824957746237,3660,570
FedAvgM,CIFAR10,0.1,51,2,0,0.5471198956171671,5,0.01,8.376573865188206,0.005547399910720666,0.4100374273385338,9686,1510
FedAvgM,CIFAR10,0.1,51,2,4,0.45677439371744794,5,0.01,9.820479936747832,0.0048616237310632835,0.5483090971219633,12948,2020
FedAvgM,CIFAR10,0.1,51,2,2,0.8305829366048177,5,0.01,2.6702856984342955,0.016689285615214346,0.1154040421697748,1052,160
FedAvgM,CIFAR10,0.1,51,3,0,0.5471198956171671,5,0.01,7.654186833744733,0.005068997903142207,0.37271536371161285,9686,1510
FedAvgM,CIFAR10,0.1,51,3,2,0.8305829366048177,5,0.01,2.491383201096498,0.015571145006853113,0.09682767196192885,1052,160
FedAvgM,CIFAR10,0.1,51,3,4,0.45677439371744794,5,0.01,8.643085061625934,0.004278754981002938,0.5083913377115757,12948,2020
FedAvgM,CIFAR10,0.1,51,3,1,0.39560731252034503,5,0.01,10.167276028555513,0.003690481317080041,0.7870042175556667,17657,2755
FedAvgM,CIFAR10,0.1,51,3,3,0.7245081265767416,5,0.01,5.125773973440148,0.008992585918316049,0.18510113908675974,3660,570
FedAvgM,CIFAR10,0.1,51,4,4,0.45677439371744794,5,0.01,8.34923101065601,0.00413328267854258,0.5165141882699462,12948,2020
FedAvgM,CIFAR10,0.1,51,4,0,0.5471198956171671,5,0.01,7.6354369152599775,0.005056580738582767,0.3866676291255835,9686,1510
FedAvgM,CIFAR10,0.1,51,4,3,0.7245081265767416,5,0.01,5.160913091375415,0.009054233493641078,0.2168776103731713,3660,570
FedAvgM,CIFAR10,0.1,51,4,1,0.39560731252034503,5,0.01,10.015604112006388,0.003635427989838979,0.7892013638564586,17657,2755
FedAvgM,CIFAR10,0.1,51,4,2,0.8305829366048177,5,0.01,2.9057159076775383,0.018160724422984616,0.18517570095644842,1052,160
FedAvgM,CIFAR10,0.1,51,5,1,0.39560731252034503,5,0.01,10.274225298914605,0.0037293013789163718,0.8007908061091099,17657,2755
FedAvgM,CIFAR10,0.1,51,5,4,0.45677439371744794,5,0.01,8.274537653452333,0.004096305769035808,0.5032901757513835,12948,2020
FedAvgM,CIFAR10,0.1,51,5,3,0.7245081265767416,5,0.01,5.420968987338084,0.009510471907610674,0.21057334860171736,3660,570
FedAvgM,CIFAR10,0.1,51,5,0,0.5471198956171671,5,0.01,7.7006726127920455,0.0050997831872795,0.38431548438291685,9686,1510
FedAvgM,CIFAR10,0.1,51,5,2,0.8305829366048177,5,0.01,2.989713151905573,0.01868570719940983,0.16605245128014512,1052,160
FedAvgM,CIFAR10,0.1,51,6,2,0.8305829366048177,5,0.01,3.165691766186051,0.019785573538662816,0.051121217541452726,1052,160
FedAvgM,CIFAR10,0.1,51,6,3,0.7245081265767416,5,0.01,6.085230332543515,0.010675842688672832,0.1505878768078825,3660,570
FedAvgM,CIFAR10,0.1,51,6,0,0.5471198956171671,5,0.01,7.733789838756216,0.005121715125004117,0.32285707067371705,9686,1510
FedAvgM,CIFAR10,0.1,51,6,1,0.39560731252034503,5,0.01,10.298817980865616,0.003738227942237973,0.8037411590652005,17657,2755
FedAvgM,CIFAR10,0.1,51,6,4,0.45677439371744794,5,0.01,8.05009568508994,0.003985195883707891,0.4506402009326117,12948,2020
FedAvgM,CIFAR10,0.1,51,7,4,0.45677439371744794,5,0.01,8.978683848222017,0.004444892994169315,0.47043353358158624,12948,2020
FedAvgM,CIFAR10,0.1,51,7,0,0.5471198956171671,5,0.01,8.874873743199311,0.005877399829933318,0.36688331652572187,9686,1510
FedAvgM,CIFAR10,0.1,51,7,1,0.39560731252034503,5,0.01,10.58044780105397,0.0038404529223426387,0.7704338427513702,17657,2755
FedAvgM,CIFAR10,0.1,51,7,3,0.7245081265767416,5,0.01,8.169712598156835,0.014332829119573395,0.19079963910172248,3660,570
FedAvgM,CIFAR10,0.1,51,7,2,0.8305829366048177,5,0.01,4.394789580472141,0.02746743487795088,0.0647433140144402,1052,160
FedAvgM,CIFAR10,0.1,51,8,1,0.39560731252034503,5,0.01,11.041136094146436,0.004007671903501429,0.7578869330057848,17657,2755
FedAvgM,CIFAR10,0.1,51,8,4,0.45677439371744794,5,0.01,9.597798122659821,0.004751385209237535,0.48742880343953854,12948,2020
FedAvgM,CIFAR10,0.1,51,8,2,0.8305829366048177,5,0.01,4.222510600619718,0.02639069125387324,0.05223806880464807,1052,160
FedAvgM,CIFAR10,0.1,51,8,0,0.5471198956171671,5,0.01,9.521100859993068,0.006305364807942429,0.3890916868074554,9686,1510
FedAvgM,CIFAR10,0.1,51,8,3,0.7245081265767416,5,0.01,8.371612019953742,0.014687038631497795,0.18273991215616858,3660,570
FedAvgM,CIFAR10,0.1,51,9,2,0.8305829366048177,5,0.01,4.281384314449584,0.0267586519653099,0.04435407754346333,1052,160
FedAvgM,CIFAR10,0.1,51,9,3,0.7245081265767416,5,0.01,7.918143295623757,0.013891479466006591,0.15011903284480352,3660,570
FedAvgM,CIFAR10,0.1,51,9,4,0.45677439371744794,5,0.01,9.057059780996957,0.004483692960889582,0.47423875397417203,12948,2020
FedAvgM,CIFAR10,0.1,51,9,0,0.5471198956171671,5,0.01,9.019467707471694,0.005973157422166685,0.37925238959686497,9686,1510
FedAvgM,CIFAR10,0.1,51,9,1,0.39560731252034503,5,0.01,10.408786713885089,0.0037781439977804315,0.754332899721968,17657,2755
FedAvgM,CIFAR10,0.1,51,10,4,0.45677439371744794,5,0.01,8.53787740003048,0.004226671980213109,0.49335923724219694,12948,2020
FedAvgM,CIFAR10,0.1,51,10,1,0.39560731252034503,5,0.01,8.889567836469983,0.003226703388918324,0.7122188028431112,17657,2755
FedAvgM,CIFAR10,0.1,51,10,0,0.5471198956171671,5,0.01,8.4830200028313,0.005617894041610132,0.39366580987001104,9686,1510
FedAvgM,CIFAR10,0.1,51,10,2,0.8305829366048177,5,0.01,4.2696790887864315,0.026685494304915198,0.05389074975949579,1052,160
FedAvgM,CIFAR10,0.1,51,10,3,0.7245081265767416,5,0.01,7.335271749274316,0.012868897805744415,0.1549174308211193,3660,570
FedAvgM,CIFAR10,0.01,42,1,4,0.6506414413452148,5,0.01,6.784058482507587,0.004880617613314811,0.36730588805844344,8903,1390
FedAvgM,CIFAR10,0.01,42,1,0,0.5140166680018107,5,0.01,11.455058446721228,0.006490118100125342,0.593036647199019,11304,1765
FedAvgM,CIFAR10,0.01,42,1,2,0.671928326288859,5,0.01,6.699799887790618,0.005338485966367027,0.3397858331951193,8059,1255
FedAvgM,CIFAR10,0.01,42,1,3,0.9994733333587646,5,0.01,2.450198004722309,0.007539070783760951,-0.012044821746885011,2109,325
FedAvgM,CIFAR10,0.01,42,1,1,0.45727765560150146,5,0.01,12.170724406954397,0.005326356414422056,0.7818955871010161,14626,2285
FedAvgM,CIFAR10,0.01,42,2,0,0.5140166680018107,5,0.01,10.505275692217554,0.0059519975593300585,0.6156880231320931,11304,1765
FedAvgM,CIFAR10,0.01,42,2,3,0.9994733333587646,5,0.01,2.5117081022452563,0.0077283326222930965,0.015265124096524378,2109,325
FedAvgM,CIFAR10,0.01,42,2,4,0.6506414413452148,5,0.01,6.076310273924704,0.0043714462402336,0.3427630613457656,8903,1390
FedAvgM,CIFAR10,0.01,42,2,1,0.45727765560150146,5,0.01,10.302373445081809,0.004508697350145212,0.7631324728645168,14626,2285
FedAvgM,CIFAR10,0.01,42,2,2,0.671928326288859,5,0.01,5.497787734186885,0.004380707357917837,0.33384189207966825,8059,1255
FedAvgM,CIFAR10,0.01,42,3,3,0.9994733333587646,5,0.01,2.6829875732772073,0.008255346379314485,0.05879261275894372,2109,325
FedAvgM,CIFAR10,0.01,42,3,4,0.6506414413452148,5,0.01,5.451602830641607,0.00392201642492202,0.33477167026105786,8903,1390
FedAvgM,CIFAR10,0.01,42,3,0,0.5140166680018107,5,0.01,9.063556127246772,0.005135159278893355,0.6275586460604388,11304,1765
FedAvgM,CIFAR10,0.01,42,3,1,0.45727765560150146,5,0.01,7.746291379709548,0.0033900618729582267,0.6787926870346269,14626,2285
FedAvgM,CIFAR10,0.01,42,3,2,0.671928326288859,5,0.01,4.772392255984847,0.003802702992816611,0.27800425486586633,8059,1255
FedAvgM,CIFAR10,0.01,42,4,4,0.6506414413452148,5,0.01,5.401193961899326,0.0038857510517261336,0.3481401731631758,8903,1390
FedAvgM,CIFAR10,0.01,42,4,1,0.45727765560150146,5,0.01,6.691031792031616,0.002928241484477731,0.625027899425226,14626,2285
FedAvgM,CIFAR10,0.01,42,4,3,0.9994733333587646,5,0.01,2.703696220680872,0.008319065294402683,0.08823789565845964,2109,325
FedAvgM,CIFAR10,0.01,42,4,2,0.671928326288859,5,0.01,4.558764649019642,0.0036324817920475234,0.24247681698362672,8059,1255
FedAvgM,CIFAR10,0.01,42,4,0,0.5140166680018107,5,0.01,8.37206788273353,0.004743381236676221,0.634246279593605,11304,1765
FedAvgM,CIFAR10,0.01,42,5,3,0.9994733333587646,5,0.01,2.3129580877552387,0.007116794116169965,0.03853515820519466,2109,325
FedAvgM,CIFAR10,0.01,42,5,2,0.671928326288859,5,0.01,4.492511347232358,0.0035796903165198073,0.26118952755686015,8059,1255
FedAvgM,CIFAR10,0.01,42,5,1,0.45727765560150146,5,0.01,6.3052183090113605,0.002759395321230355,0.6289360078782522,14626,2285
FedAvgM,CIFAR10,0.01,42,5,4,0.6506414413452148,5,0.01,5.197951916337261,0.003739533752760619,0.339721937646736,8903,1390
FedAvgM,CIFAR10,0.01,42,5,0,0.5140166680018107,5,0.01,8.048397632462095,0.004559998658618751,0.6304330547373523,11304,1765
FedAvgM,CIFAR10,0.01,42,6,3,0.9994733333587646,5,0.01,2.010937910088553,0.006187501261810933,0.004184775811275565,2109,325
FedAvgM,CIFAR10,0.01,42,6,4,0.6506414413452148,5,0.01,5.097420665488483,0.0036672091118622177,0.3326023682680657,8903,1390
FedAvgM,CIFAR10,0.01,42,6,2,0.671928326288859,5,0.01,4.533156311451982,0.0036120767421928147,0.26238965731229597,8059,1255
FedAvgM,CIFAR10,0.01,42,6,0,0.5140166680018107,5,0.01,7.791593292439355,0.004414500448974139,0.6239065605092377,11304,1765
FedAvgM,CIFAR10,0.01,42,6,1,0.45727765560150146,5,0.01,6.286331893744495,0.0027511299316168468,0.6485279811548944,14626,2285
FedAvgM,CIFAR10,0.01,42,7,0,0.5140166680018107,5,0.01,7.4250582425726455,0.004206831865480252,0.588584757889248,11304,1765
FedAvgM,CIFAR10,0.01,42,7,2,0.671928326288859,5,0.01,4.617429725984185,0.0036792268732941716,0.22975660323091346,8059,1255
FedAvgM,CIFAR10,0.01,42,7,1,0.45727765560150146,5,0.01,6.49370916678322,0.00284188584979572,0.6614658058896349,14626,2285
FedAvgM,CIFAR10,0.01,42,7,3,0.9994733333587646,5,0.01,2.491487003014121,0.007666113855428065,0.011591269364117402,2109,325
FedAvgM,CIFAR10,0.01,42,7,4,0.6506414413452148,5,0.01,5.214829783696443,0.003751676103378736,0.3152785919676679,8903,1390
FedAvgM,CIFAR10,0.01,42,8,0,0.5140166680018107,5,0.01,8.086221654346867,0.004581428699346667,0.5882776697568648,11304,1765
FedAvgM,CIFAR10,0.01,42,8,2,0.671928326288859,5,0.01,4.995987790364115,0.003980866765230371,0.22340880843766855,8059,1255
FedAvgM,CIFAR10,0.01,42,8,1,0.45727765560150146,5,0.01,6.97161406381535,0.0030510346012321008,0.6413726556493492,14626,2285
FedAvgM,CIFAR10,0.01,42,8,4,0.6506414413452148,5,0.01,5.8858262347385075,0.004234407363121228,0.3330378800195006,8903,1390
FedAvgM,CIFAR10,0.01,42,8,3,0.9994733333587646,5,0.01,4.063072609884623,0.01250176187656807,0.08510025387237447,2109,325
FedAvgM,CIFAR10,0.01,42,9,1,0.45727765560150146,5,0.01,6.84817971407896,0.002997015192157094,0.6186440707702012,14626,2285
FedAvgM,CIFAR10,0.01,42,9,2,0.671928326288859,5,0.01,5.486347997949146,0.0043715920302383636,0.2690642772352691,8059,1255
FedAvgM,CIFAR10,0.01,42,9,0,0.5140166680018107,5,0.01,8.093526986858672,0.004585567697936925,0.5843577335754436,11304,1765
FedAvgM,CIFAR10,0.01,42,9,3,0.9994733333587646,5,0.01,3.29759551389357,0.01014644773505714,0.04456254535792906,2109,325
FedAvgM,CIFAR10,0.01,42,9,4,0.6506414413452148,5,0.01,6.276381720663417,0.0045153825328513785,0.3583442091274729,8903,1390
FedAvgM,CIFAR10,0.01,42,10,3,0.9994733333587646,5,0.01,3.010475221996356,0.00926300068306571,0.030577116737275756,2109,325
FedAvgM,CIFAR10,0.01,42,10,4,0.6506414413452148,5,0.01,6.333205759482564,0.004556263136318392,0.3409233934893933,8903,1390
FedAvgM,CIFAR10,0.01,42,10,0,0.5140166680018107,5,0.01,8.137812266052789,0.004610658507678634,0.5539473981563933,11304,1765
FedAvgM,CIFAR10,0.01,42,10,2,0.671928326288859,5,0.01,5.548407185977206,0.004421041582451957,0.2614843654694559,8059,1255
FedAvgM,CIFAR10,0.01,42,10,1,0.45727765560150146,5,0.01,7.381619335632288,0.003230467980583058,0.6513929748420293,14626,2285
FedAvgM,CIFAR10,0.01,43,1,4,0.9907287756601969,5,0.01,2.8421947487479606,0.004031481913117674,0.06778928540939343,4537,705
FedAvgM,CIFAR10,0.01,43,1,0,0.4122955799102783,5,0.01,13.147191731912761,0.0049705828854112516,0.9097211783088754,16940,2645
FedAvgM,CIFAR10,0.01,43,1,2,0.5878098011016846,5,0.01,8.191424623883504,0.005234137139861665,0.443179439022098,10046,1565
FedAvgM,CIFAR10,0.01,43,1,1,0.9992596308390299,5,0.01,2.8029151389781006,0.004004164484254429,0.03595377279686573,4502,700
FedAvgM,CIFAR10,0.01,43,1,3,0.6656469504038492,5,0.01,6.997607983739291,0.004998291416956637,0.3469569723511394,8976,1400
FedAvgM,CIFAR10,0.01,43,2,2,0.5878098011016846,5,0.01,7.246329216797941,0.004630242311052997,0.43502902523653714,10046,1565
FedAvgM,CIFAR10,0.01,43,2,3,0.6656469504038492,5,0.01,5.993630468690991,0.004281164620493565,0.3148772486301427,8976,1400
FedAvgM,CIFAR10,0.01,43,2,1,0.9992596308390299,5,0.01,2.750601360671426,0.003929430515244895,0.039673708472035364,4502,700
FedAvgM,CIFAR10,0.01,43,2,4,0.9907287756601969,5,0.01,2.9269136565460463,0.004151650576661059,0.06756145011830723,4537,705
FedAvgM,CIFAR10,0.01,43,2,0,0.4122955799102783,5,0.01,11.98016059354558,0.004529361283004,0.9148908266508492,16940,2645
FedAvgM,CIFAR10,0.01,43,3,1,0.9992596308390299,5,0.01,3.2173898415133184,0.0045962712021618835,0.10382262980380984,4502,700
FedAvgM,CIFAR10,0.01,43,3,4,0.9907287756601969,5,0.01,3.559462180924483,0.0050488825261340185,0.12283019257270139,4537,705
FedAvgM,CIFAR10,0.01,43,3,3,0.6656469504038492,5,0.01,5.520451915108379,0.003943179939363128,0.3059334915118806,8976,1400
FedAvgM,CIFAR10,0.01,43,3,0,0.4122955799102783,5,0.01,9.648346071392433,0.003647767890885608,0.8729841855484535,16940,2645
FedAvgM,CIFAR10,0.01,43,3,2,0.5878098011016846,5,0.01,6.738259394865871,0.004305597057422282,0.4137805546142071,10046,1565
FedAvgM,CIFAR10,0.01,43,4,0,0.4122955799102783,5,0.01,8.463854421689922,0.003199944960941369,0.8498301782647778,16940,2645
FedAvgM,CIFAR10,0.01,43,4,2,0.5878098011016846,5,0.01,6.304411760661883,0.004028378121828679,0.37807301209299066,10046,1565
FedAvgM,CIFAR10,0.01,43,4,1,0.9992596308390299,5,0.01,3.468273699066713,0.004954676712952447,0.10284547793056169,4502,700
FedAvgM,CIFAR10,0.01,43,4,4,0.9907287756601969,5,0.01,3.688869911910632,0.005232439591362598,0.12653341825467385,4537,705
FedAvgM,CIFAR10,0.01,43,4,3,0.6656469504038492,5,0.01,5.363346354469833,0.0038309616817641663,0.28578250458458243,8976,1400
FedAvgM,CIFAR10,0.01,43,5,1,0.9992596308390299,5,0.01,3.599992296548895,0.005142846137926993,0.14759693454095477,4502,700
FedAvgM,CIFAR10,0.01,43,5,3,0.6656469504038492,5,0.01,4.97987762797905,0.0035570554485564645,0.299623238975267,8976,1400
FedAvgM,CIFAR10,0.01,43,5,4,0.9907287756601969,5,0.01,3.7068614604087458,0.005257959518310278,0.17137469888493484,4537,705
FedAvgM,CIFAR10,0.01,43,5,0,0.4122955799102783,5,0.01,7.943499173273242,0.00300321329802391,0.8377889900189275,16940,2645
FedAvgM,CIFAR10,0.01,43,5,2,0.5878098011016846,5,0.01,6.328768202201851,0.004043941343259969,0.41081432057706074,10046,1565
FedAvgM,CIFAR10,0.01,43,6,2,0.5878098011016846,5,0.01,6.231700005379158,0.00398191693634451,0.4207101639095396,10046,1565
FedAvgM,CIFAR10,0.01,43,6,0,0.4122955799102783,5,0.01,7.625681192485496,0.0028830552712610573,0.8404874492834037,16940,2645
FedAvgM,CIFAR10,0.01,43,6,3,0.6656469504038492,5,0.01,4.702045178411529,0.003358603698865378,0.2806259404797012,8976,1400
FedAvgM,CIFAR10,0.01,43,6,1,0.9992596308390299,5,0.01,3.4420682579426645,0.004917240368489521,0.12297334096436596,4502,700
FedAvgM,CIFAR10,0.01,43,6,4,0.9907287756601969,5,0.01,3.59292719234179,0.005096350627435163,0.1389568055653774,4537,705
FedAvgM,CIFAR10,0.01,43,7,4,0.9907287756601969,5,0.01,3.6044637260588397,0.005112714505048,0.0840606703688065,4537,705
FedAvgM,CIFAR10,0.01,43,7,2,0.5878098011016846,5,0.01,6.467639289284065,0.0041326768621623424,0.39870054983990255,10046,1565
FedAvgM,CIFAR10,0.01,43,7,1,0.9992596308390299,5,0.01,3.298424035911615,0.004712034337016593,0.04874517885323318,4502,700
FedAvgM,CIFAR10,0.01,43,7,0,0.4122955799102783,5,0.01,7.601909980964184,0.002874068045733151,0.8359827444660264,16940,2645
FedAvgM,CIFAR10,0.01,43,7,3,0.6656469504038492,5,0.01,4.718742107990425,0.003370530077136018,0.23084535069461118,8976,1400
FedAvgM,CIFAR10,0.01,43,8,4,0.9907287756601969,5,0.01,4.194298545186834,0.005949359638562885,0.07912458056196824,4537,705
FedAvgM,CIFAR10,0.01,43,8,0,0.4122955799102783,5,0.01,7.734489057006863,0.0029241924601160164,0.796831773378856,16940,2645
FedAvgM,CIFAR10,0.01,43,8,3,0.6656469504038492,5,0.01,5.649846020250474,0.00403560430017891,0.31298013458616153,8976,1400
FedAvgM,CIFAR10,0.01,43,8,2,0.5878098011016846,5,0.01,7.131122394747314,0.004556627728273044,0.4408969199851843,10046,1565
FedAvgM,CIFAR10,0.01,43,8,1,0.9992596308390299,5,0.01,4.197582898447043,0.0059965469977814895,0.09512079455423211,4502,700
FedAvgM,CIFAR10,0.01,43,9,4,0.9907287756601969,5,0.01,5.055243954176122,0.007170558800249818,0.17197694925258822,4537,705
FedAvgM,CIFAR10,0.01,43,9,2,0.5878098011016846,5,0.01,7.6254333500235,0.004872481373816933,0.45433681837447787,10046,1565
FedAvgM,CIFAR10,0.01,43,9,1,0.9992596308390299,5,0.01,5.445132427946968,0.007778760611352811,0.18620096676883435,4502,700
FedAvgM,CIFAR10,0.01,43,9,0,0.4122955799102783,5,0.01,8.323556861247983,0.0031469024050086894,0.7648071231066805,16940,2645
FedAvgM,CIFAR10,0.01,43,9,3,0.6656469504038492,5,0.01,6.406972043244528,0.004576408602317519,0.34133214666174994,8976,1400
FedAvgM,CIFAR10,0.01,43,10,4,0.9907287756601969,5,0.01,4.831360261419022,0.0068529932786085416,0.13590663416793541,4537,705
FedAvgM,CIFAR10,0.01,43,10,3,0.6656469504038492,5,0.01,5.913351456924687,0.004223822469231919,0.30657714026419103,8976,1400
FedAvgM,CIFAR10,0.01,43,10,0,0.4122955799102783,5,0.01,7.8778818794340255,0.002978405247423072,0.7776461426381365,16940,2645
FedAvgM,CIFAR10,0.01,43,10,1,0.9992596308390299,5,0.01,4.731933890092229,0.006759905557274613,0.10893010253272245,4502,700
FedAvgM,CIFAR10,0.01,43,10,2,0.5878098011016846,5,0.01,7.208430228185335,0.004606025704910757,0.4380100136142453,10046,1565
FedAvgM,CIFAR10,0.01,44,1,3,0.6154587268829346,5,0.01,8.751148976343844,0.0064584125286670435,0.3614971313206802,8675,1355
FedAvgM,CIFAR10,0.01,44,1,4,0.4309428930282593,5,0.01,13.09298475747382,0.005365977359620418,0.7846719397531562,15627,2440
FedAvgM,CIFAR10,0.01,44,1,1,1.0,5,0.01,2.2423494669942023,0.00614342319724439,-0.02300753439196538,2367,365
FedAvgM,CIFAR10,0.01,44,1,2,0.8221529324849447,5,0.01,4.683379921627394,0.005509858731326346,0.17675108814818444,5468,850
FedAvgM,CIFAR10,0.01,44,1,0,0.5108823776245117,5,0.01,11.924352623185946,0.00593251374287858,0.6217544547509924,12866,2010
FedAvgM,CIFAR10,0.01,44,2,2,0.8221529324849447,5,0.01,5.146483408002493,0.006054686362355875,0.14548916942852957,5468,850
FedAvgM,CIFAR10,0.01,44,2,4,0.4309428930282593,5,0.01,11.023624645134257,0.004517878952923876,0.754126490838724,15627,2440
FedAvgM,CIFAR10,0.01,44,2,1,1.0,5,0.01,2.4145775056169363,0.006615280837306675,0.005152171703876985,2367,365
FedAvgM,CIFAR10,0.01,44,2,0,0.5108823776245117,5,0.01,10.076529261577305,0.005013198637600649,0.6001288060678529,12866,2010
FedAvgM,CIFAR10,0.01,44,2,3,0.6154587268829346,5,0.01,8.621217748014528,0.006362522323257954,0.428242423598193,8675,1355
FedAvgM,CIFAR10,0.01,44,3,2,0.8221529324849447,5,0.01,5.085244245545448,0.005982640288876998,0.16663675284969784,5468,850
FedAvgM,CIFAR10,0.01,44,3,0,0.5108823776245117,5,0.01,7.910107848626461,0.003935377039117642,0.5465257620782651,12866,2010
FedAvgM,CIFAR10,0.01,44,3,1,1.0,5,0.01,2.218958218065732,0.006079337583741731,-4.768114923761475e-05,2367,365
FedAvgM,CIFAR10,0.01,44,3,3,0.6154587268829346,5,0.01,7.601281156257174,0.005609801591333707,0.3990312690387396,8675,1355
FedAvgM,CIFAR10,0.01,44,3,4,0.4309428930282593,5,0.01,8.598585633829167,0.0035240105056676915,0.7173892901535794,15627,2440
FedAvgM,CIFAR10,0.01,44,4,3,0.6154587268829346,5,0.01,7.351422074878592,0.0054254037452978535,0.41002363764711525,8675,1355
FedAvgM,CIFAR10,0.01,44,4,2,0.8221529324849447,5,0.01,5.700663130968033,0.006706662507021215,0.20851843735845355,5468,850
FedAvgM,CIFAR10,0.01,44,4,0,0.5108823776245117,5,0.01,6.921409226336115,0.0034434871772816493,0.522255816044291,12866,2010
FedAvgM,CIFAR10,0.01,44,4,1,1.0,5,0.01,2.30348538688395,0.006310918868175206,0.05112351632040134,2367,365
FedAvgM,CIFAR10,0.01,44,4,4,0.4309428930282593,5,0.01,7.346818255588918,0.003010991088356114,0.6779671988341621,15627,2440
FedAvgM,CIFAR10,0.01,44,5,3,0.6154587268829346,5,0.01,7.30517028337293,0.00539126958182504,0.4366792384166937,8675,1355
FedAvgM,CIFAR10,0.01,44,5,1,1.0,5,0.01,2.220377228222476,0.006083225282801304,0.028563188521395045,2367,365
FedAvgM,CIFAR10,0.01,44,5,4,0.4309428930282593,5,0.01,6.949784914693081,0.0028482725060217542,0.6814457865501089,15627,2440
FedAvgM,CIFAR10,0.01,44,5,2,0.8221529324849447,5,0.01,5.876619561272844,0.006913670072085699,0.21879599710156059,5468,850
FedAvgM,CIFAR10,0.01,44,5,0,0.5108823776245117,5,0.01,6.662139158270813,0.003314497093667071,0.5441152665878487,12866,2010
FedAvgM,CIFAR10,0.01,44,6,0,0.5108823776245117,5,0.01,6.642213689701207,0.003304583925224481,0.5275934380179405,12866,2010
FedAvgM,CIFAR10,0.01,44,6,3,0.6154587268829346,5,0.01,7.266505937080271,0.005362735008915329,0.40675989527536766,8675,1355
FedAvgM,CIFAR10,0.01,44,6,1,1.0,5,0.01,2.2160498640911936,0.006071369490660805,0.0040676608088529576,2367,365
FedAvgM,CIFAR10,0.01,44,6,4,0.4309428930282593,5,0.01,7.133083229204966,0.0029233947660676093,0.6893714232083844,15627,2440
FedAvgM,CIFAR10,0.01,44,6,2,0.8221529324849447,5,0.01,5.88119949453567,0.006919058228865494,0.20054488481359248,5468,850
FedAvgM,CIFAR10,0.01,44,7,3,0.6154587268829346,5,0.01,7.629160602595894,0.005630376828484054,0.3886436040030006,8675,1355
FedAvgM,CIFAR10,0.01,44,7,2,0.8221529324849447,5,0.01,6.664881478764383,0.00784103703384045,0.2206696011290383,5468,850
FedAvgM,CIFAR10,0.01,44,7,0,0.5108823776245117,5,0.01,6.966659880491139,0.003465999940542855,0.5023797606044045,12866,2010
FedAvgM,CIFAR10,0.01,44,7,1,1.0,5,0.01,3.5987252955253015,0.009859521357603566,0.021008887030926737,2367,365
FedAvgM,CIFAR10,0.01,44,7,4,0.4309428930282593,5,0.01,7.590626135238475,0.0031109123505075717,0.6753644064580371,15627,2440
FedAvgM,CIFAR10,0.01,44,8,1,1.0,5,0.01,4.295209182147604,0.01176769638944549,0.07625507272316408,2367,365
FedAvgM,CIFAR10,0.01,44,8,2,0.8221529324849447,5,0.01,7.090288939945789,0.008341516399936222,0.24503736381346677,5468,850
FedAvgM,CIFAR10,0.01,44,8,4,0.4309428930282593,5,0.01,8.312187857366231,0.0034066343677730455,0.6752122699104034,15627,2440
FedAvgM,CIFAR10,0.01,44,8,0,0.5108823776245117,5,0.01,7.5469379998706145,0.003754695522323689,0.4996180713430153,12866,2010
FedAvgM,CIFAR10,0.01,44,8,3,0.6154587268829346,5,0.01,8.382352899192536,0.006186238301987112,0.4009224914241596,8675,1355
FedAvgM,CIFAR10,0.01,44,9,0,0.5108823776245117,5,0.01,7.108285123274654,0.003536460260335649,0.4712715363553048,12866,2010
FedAvgM,CIFAR10,0.01,44,9,2,0.8221529324849447,5,0.01,6.8087017116754085,0.008010237307853421,0.2136416857774359,5468,850
FedAvgM,CIFAR10,0.01,44,9,1,1.0,5,0.01,3.843396806545664,0.010529854264508668,0.0567005908823869,2367,365
FedAvgM,CIFAR10,0.01,44,9,4,0.4309428930282593,5,0.01,8.37766392879226,0.003433468823275516,0.6859124181393642,15627,2440
FedAvgM,CIFAR10,0.01,44,9,3,0.6154587268829346,5,0.01,8.368095336726437,0.006175716115665268,0.3976642242176075,8675,1355
FedAvgM,CIFAR10,0.01,44,10,2,0.8221529324849447,5,0.01,6.4669199908679715,0.0076081411657270255,0.1940710347541221,5468,850
FedAvgM,CIFAR10,0.01,44,10,4,0.4309428930282593,5,0.01,8.203468304273844,0.003362077173882723,0.6899342847169762,15627,2440
FedAvgM,CIFAR10,0.01,44,10,0,0.5108823776245117,5,0.01,7.004036306048023,0.0034845951771383197,0.4689265614940367,12866,2010
FedAvgM,CIFAR10,0.01,44,10,1,1.0,5,0.01,3.3251509275296174,0.009110002541177034,0.036782172330243626,2367,365
FedAvgM,CIFAR10,0.01,44,10,3,0.6154587268829346,5,0.01,8.30722029430355,0.006130789885094871,0.40288102021039346,8675,1355
FedAvgM,CIFAR10,0.01,45,1,0,1.0,5,0.01,2.494417315254651,0.0035634533075066446,0.007708241741880903,4500,700
FedAvgM,CIFAR10,0.01,45,1,4,0.6666663487752279,5,0.01,7.773360712884482,0.005612534810746919,0.36545267106565116,8878,1385
FedAvgM,CIFAR10,0.01,45,1,3,0.46871312459309894,5,0.01,12.366851626341075,0.005520915904616551,0.7845914343034047,14342,2240
FedAvgM,CIFAR10,0.01,45,1,1,0.961184581120809,5,0.01,3.494900074486663,0.005873781637792711,0.1212138986802749,3813,595
FedAvgM,CIFAR10,0.01,45,1,2,0.5090245405832926,5,0.01,10.018405020735786,0.0047706690574932315,0.618564452469754,13469,2100
FedAvgM,CIFAR10,0.01,45,2,3,0.46871312459309894,5,0.01,10.656517374144856,0.00475737382774324,0.77136695952491,14342,2240
FedAvgM,CIFAR10,0.01,45,2,2,0.5090245405832926,5,0.01,8.749090407119795,0.004166233527199902,0.5920114804020427,13469,2100
FedAvgM,CIFAR10,0.01,45,2,1,0.961184581120809,5,0.01,2.9797846466046565,0.005008041422864969,0.14039531560084723,3813,595
FedAvgM,CIFAR10,0.01,45,2,0,1.0,5,0.01,2.7528820036320845,0.003932688576617264,0.007262247110163038,4500,700
FedAvgM,CIFAR10,0.01,45,2,4,0.6666663487752279,5,0.01,7.735578588050896,0.0055852552982316945,0.3974333207443725,8878,1385
FedAvgM,CIFAR10,0.01,45,3,3,0.46871312459309894,5,0.01,8.558795277110093,0.003820890748709863,0.7003417076403147,14342,2240
FedAvgM,CIFAR10,0.01,45,3,2,0.5090245405832926,5,0.01,7.871128483006515,0.003748156420479293,0.5928449687255345,13469,2100
FedAvgM,CIFAR10,0.01,45,3,4,0.6666663487752279,5,0.01,7.422966502652628,0.005359542601193233,0.3982795139170608,8878,1385
FedAvgM,CIFAR10,0.01,45,3,0,1.0,5,0.01,3.419266517618201,0.004884666453740288,0.058951031849959014,4500,700
FedAvgM,CIFAR10,0.01,45,3,1,0.961184581120809,5,0.01,2.7225078290769567,0.004575643410213373,0.1081082768056912,3813,595
FedAvgM,CIFAR10,0.01,45,4,2,0.5090245405832926,5,0.01,7.40646083233986,0.0035268861106380286,0.5973779271006857,13469,2100
FedAvgM,CIFAR10,0.01,45,4,3,0.46871312459309894,5,0.01,7.440758782219749,0.0033217673134909595,0.647508728298067,14342,2240
FedAvgM,CIFAR10,0.01,45,4,1,0.961184581120809,5,0.01,2.5530498769616843,0.0042908401293473685,0.09161165307483879,3813,595
FedAvgM,CIFAR10,0.01,45,4,0,1.0,5,0.01,3.9199431339803317,0.005599918762829045,0.0774290876861096,4500,700
FedAvgM,CIFAR10,0.01,45,4,4,0.6666663487752279,5,0.01,7.2540630305936045,0.005237590635807657,0.3909579079259095,8878,1385
FedAvgM,CIFAR10,0.01,45,5,1,0.961184581120809,5,0.01,2.6739149474140924,0.0044939747015362895,0.14811038662421286,3813,595
FedAvgM,CIFAR10,0.01,45,5,4,0.6666663487752279,5,0.01,7.092427231985829,0.005120886088076411,0.4007655710096483,8878,1385
FedAvgM,CIFAR10,0.01,45,5,3,0.46871312459309894,5,0.01,7.017310097170723,0.003132727721951216,0.6491122443728311,14342,2240
FedAvgM,CIFAR10,0.01,45,5,0,1.0,5,0.01,4.321573029146042,0.006173675755922917,0.13732384627589056,4500,700
FedAvgM,CIFAR10,0.01,45,5,2,0.5090245405832926,5,0.01,7.081687226260812,0.0033722320125051486,0.6089942089488398,13469,2100
FedAvgM,CIFAR10,0.01,45,6,2,0.5090245405832926,5,0.01,6.97624855712755,0.003322023122441691,0.597323545769021,13469,2100
FedAvgM,CIFAR10,0.01,45,6,1,0.961184581120809,5,0.01,2.864908800416313,0.004814972773808929,0.11758471186766573,3813,595
FedAvgM,CIFAR10,0.01,45,6,3,0.46871312459309894,5,0.01,6.996346830982691,0.0031233691209744154,0.6611539427765472,14342,2240
FedAvgM,CIFAR10,0.01,45,6,4,0.6666663487752279,5,0.01,6.843348862439606,0.004941046110064697,0.38848952505712125,8878,1385
FedAvgM,CIFAR10,0.01,45,6,0,1.0,5,0.01,4.119106456213989,0.005884437794591413,0.10716278472514593,4500,700
FedAvgM,CIFAR10,0.01,45,7,3,0.46871312459309894,5,0.01,7.432435359932205,0.0033180514999697343,0.6761807862964407,14342,2240
FedAvgM,CIFAR10,0.01,45,7,2,0.5090245405832926,5,0.01,7.0089020129962805,0.003337572387141086,0.5585457987434397,13469,2100
FedAvgM,CIFAR10,0.01,45,7,4,0.6666663487752279,5,0.01,6.775584799509261,0.004892118988815351,0.3480567953880817,8878,1385
FedAvgM,CIFAR10,0.01,45,7,1,0.961184581120809,5,0.01,3.27209718632087,0.0054993230022199495,0.09338710444404748,3813,595
FedAvgM,CIFAR10,0.01,45,7,0,1.0,5,0.01,4.567904562339167,0.00652557794619881,0.10747709357607692,4500,700
FedAvgM,CIFAR10,0.01,45,8,4,0.6666663487752279,5,0.01,7.328180688128165,0.005291105189984235,0.37018693900012256,8878,1385
FedAvgM,CIFAR10,0.01,45,8,0,1.0,5,0.01,5.435277864285383,0.007764682663264833,0.14115955588950352,4500,700
FedAvgM,CIFAR10,0.01,45,8,1,0.961184581120809,5,0.01,4.081512562803898,0.0068596849795023495,0.1261916663235431,3813,595
FedAvgM,CIFAR10,0.01,45,8,3,0.46871312459309894,5,0.01,8.007908791907182,0.0035749592821014207,0.6636288612064227,14342,2240
FedAvgM,CIFAR10,0.01,45,8,2,0.5090245405832926,5,0.01,7.288220019009209,0.0034705809614329567,0.547612816729398,13469,2100
FedAvgM,CIFAR10,0.01,45,9,2,0.5090245405832926,5,0.01,7.309287210582705,0.003480612957420336,0.5411268845366883,13469,2100
FedAvgM,CIFAR10,0.01,45,9,3,0.46871312459309894,5,0.01,8.143257652379114,0.0036353828805263905,0.6713109641775847,14342,2240
FedAvgM,CIFAR10,0.01,45,9,1,0.961184581120809,5,0.01,4.477067254332444,0.007524482780390662,0.13620747937594682,3813,595
FedAvgM,CIFAR10,0.01,45,9,4,0.6666663487752279,5,0.01,7.620078901859537,0.005501862023003275,0.39380483402314514,8878,1385
FedAvgM,CIFAR10,0.01,45,9,0,1.0,5,0.01,4.076725638654919,0.005823893769507027,0.04819350520191934,4500,700
FedAvgM,CIFAR10,0.01,45,10,0,1.0,5,0.01,3.7414220667093425,0.005344888666727632,0.018691396205516377,4500,700
FedAvgM,CIFAR10,0.01,45,10,1,0.961184581120809,5,0.01,4.31106623153251,0.007245489464760521,0.10687562949384447,3813,595
FedAvgM,CIFAR10,0.01,45,10,2,0.5090245405832926,5,0.01,7.505834667539662,0.003574206984542696,0.5669228505346529,13469,2100
FedAvgM,CIFAR10,0.01,45,10,4,0.6666663487752279,5,0.01,7.425532588996169,0.005361395371116367,0.38483502102800526,8878,1385
FedAvgM,CIFAR10,0.01,45,10,3,0.46871312459309894,5,0.01,7.815249188898145,0.0034889505307581004,0.6498086375412472,14342,2240
FedAvgM,CIFAR10,0.01,46,1,0,0.9997531572977701,5,0.01,2.3082957575717384,0.0032975653679596264,-0.008717125400680613,4500,700
FedAvgM,CIFAR10,0.01,46,1,1,0.0,5,0.01,0.0,0.0,0.0,0,0
FedAvgM,CIFAR10,0.01,46,1,4,0.5091838041941324,5,0.01,11.586971991487228,0.005504499758426237,0.4581417553728963,13498,2105
FedAvgM,CIFAR10,0.01,46,1,3,0.33330706755320233,5,0.01,16.22114190131926,0.004614834111328381,0.924407589510756,22501,3515
FedAvgM,CIFAR10,0.01,46,1,2,1.0,5,0.01,2.390031387840105,0.003414330554057293,-0.019195226995870316,4501,700
FedAvgM,CIFAR10,0.01,46,2,4,0.5091838041941324,5,0.01,9.724374107488611,0.004619655157951834,0.4689711016508467,13498,2105
FedAvgM,CIFAR10,0.01,46,2,3,0.33330706755320233,5,0.01,13.774703218121859,0.003918834485952164,0.9239191371773844,22501,3515
FedAvgM,CIFAR10,0.01,46,2,1,0.0,5,0.01,0.0,0.0,0.0,0,0
FedAvgM,CIFAR10,0.01,46,2,2,1.0,5,0.01,3.413309743365512,0.004876156776236446,0.027370296656351628,4501,700
FedAvgM,CIFAR10,0.01,46,2,0,0.9997531572977701,5,0.01,2.9909557574434977,0.004272793939204997,0.02436657494261236,4500,700
FedAvgM,CIFAR10,0.01,46,3,4,0.5091838041941324,5,0.01,8.541913734845762,0.004057916263584685,0.4073988362623079,13498,2105
FedAvgM,CIFAR10,0.01,46,3,2,1.0,5,0.01,4.564484030395589,0.006520691471993699,0.08350690792038414,4501,700
FedAvgM,CIFAR10,0.01,46,3,0,0.9997531572977701,5,0.01,4.228110238488855,0.006040157483555507,0.07860380514408181,4500,700
FedAvgM,CIFAR10,0.01,46,3,3,0.33330706755320233,5,0.01,11.026652658781115,0.003137027783437017,0.8932306708906098,22501,3515
FedAvgM,CIFAR10,0.01,46,3,1,0.0,5,0.01,0.0,0.0,0.0,0,0
FedAvgM,CIFAR10,0.01,46,4,3,0.33330706755320233,5,0.01,10.598078869263041,0.0030151006740435395,0.8947456972410293,22501,3515
FedAvgM,CIFAR10,0.01,46,4,0,0.9997531572977701,5,0.01,4.780497093917549,0.0068292815627393555,0.10055185526174269,4500,700
FedAvgM,CIFAR10,0.01,46,4,1,0.0,5,0.01,0.0,0.0,0.0,0,0
FedAvgM,CIFAR10,0.01,46,4,2,1.0,5,0.01,4.521923323212381,0.006459890461731973,0.09869596394958027,4501,700
FedAvgM,CIFAR10,0.01,46,4,4,0.5091838041941324,5,0.01,8.208423020055555,0.0038994883705727105,0.44617012191985517,13498,2105
FedAvgM,CIFAR10,0.01,46,5,3,0.33330706755320233,5,0.01,10.367970764509487,0.0029496360638718313,0.9059366268440543,22501,3515
FedAvgM,CIFAR10,0.01,46,5,1,0.0,5,0.01,0.0,0.0,0.0,0,0
FedAvgM,CIFAR10,0.01,46,5,0,0.9997531572977701,5,0.01,4.0860988145406685,0.005837284020772384,0.07440456431780125,4500,700
FedAvgM,CIFAR10,0.01,46,5,2,1.0,5,0.01,4.037733906976427,0.005768191295680609,0.0570377350318848,4501,700
FedAvgM,CIFAR10,0.01,46,5,4,0.5091838041941324,5,0.01,7.6689770962857216,0.003643219523176115,0.40314897396350824,13498,2105
FedAvgM,CIFAR10,0.01,46,6,2,1.0,5,0.01,5.815711263674336,0.008308158948106194,0.08720673280180578,4501,700
FedAvgM,CIFAR10,0.01,46,6,4,0.5091838041941324,5,0.01,7.497869145081217,0.003561933085549272,0.3285451569227421,13498,2105
FedAvgM,CIFAR10,0.01,46,6,0,0.9997531572977701,5,0.01,4.763401325107079,0.006804859035867256,0.07403908861146825,4500,700
FedAvgM,CIFAR10,0.01,46,6,1,0.0,5,0.01,0.0,0.0,0.0,0,0
FedAvgM,CIFAR10,0.01,46,6,3,0.33330706755320233,5,0.01,10.61579631170579,0.0030201411982093283,0.9029907164616722,22501,3515
FedAvgM,CIFAR10,0.01,46,7,2,1.0,5,0.01,5.769368207319909,0.008241954581885584,0.06830582593955918,4501,700
FedAvgM,CIFAR10,0.01,46,7,4,0.5091838041941324,5,0.01,8.965996132932542,0.004259380585716172,0.39928177546725596,13498,2105
FedAvgM,CIFAR10,0.01,46,7,1,0.0,5,0.01,0.0,0.0,0.0,0,0
FedAvgM,CIFAR10,0.01,46,7,3,0.33330706755320233,5,0.01,11.201693679605377,0.003186826082391288,0.879909824122667,22501,3515
FedAvgM,CIFAR10,0.01,46,7,0,0.9997531572977701,5,0.01,6.214182463721492,0.008877403519602133,0.11081804254806947,4500,700
FedAvgM,CIFAR10,0.01,46,8,0,0.9997531572977701,5,0.01,5.756736517286359,0.008223909310409084,0.07565882448516639,4500,700
FedAvgM,CIFAR10,0.01,46,8,4,0.5091838041941324,5,0.01,10.092067675144941,0.004794331437123487,0.4265491693408336,13498,2105
FedAvgM,CIFAR10,0.01,46,8,1,0.0,5,0.01,0.0,0.0,0.0,0,0
FedAvgM,CIFAR10,0.01,46,8,3,0.33330706755320233,5,0.01,12.140311805660525,0.003453858266190761,0.8753781842865055,22501,3515
FedAvgM,CIFAR10,0.01,46,8,2,1.0,5,0.01,6.112880293807041,0.008732686134010058,0.05517972625401069,4501,700
FedAvgM,CIFAR10,0.01,46,9,2,1.0,5,0.01,5.228926099482285,0.007469894427831835,0.02180154171077628,4501,700
FedAvgM,CIFAR10,0.01,46,9,1,0.0,5,0.01,0.0,0.0,0.0,0,0
FedAvgM,CIFAR10,0.01,46,9,0,0.9997531572977701,5,0.01,4.856508669526431,0.006937869527894901,0.028041373189961152,4500,700
FedAvgM,CIFAR10,0.01,46,9,3,0.33330706755320233,5,0.01,10.446988396974294,0.002972116186905916,0.8590073446402892,22501,3515
FedAvgM,CIFAR10,0.01,46,9,4,0.5091838041941324,5,0.01,9.487507359707253,0.004507129387034324,0.44889634322015637,13498,2105
FedAvgM,CIFAR10,0.01,46,10,1,0.0,5,0.01,0.0,0.0,0.0,0,0
FedAvgM,CIFAR10,0.01,46,10,2,1.0,5,0.01,5.431868846360811,0.007759812637658302,0.03636214814202646,4501,700
FedAvgM,CIFAR10,0.01,46,10,3,0.33330706755320233,5,0.01,10.021365209991702,0.0028510285092437273,0.8597978221854022,22501,3515
FedAvgM,CIFAR10,0.01,46,10,0,0.9997531572977701,5,0.01,4.539168040777187,0.006484525772538839,0.023963473894418073,4500,700
FedAvgM,CIFAR10,0.01,46,10,4,0.5091838041941324,5,0.01,8.97091611686754,0.004261717870245862,0.4349914709170078,13498,2105
FedAvgM,CIFAR10,0.01,47,1,2,0.9486202398935953,5,0.01,3.8314362491039984,0.0052128384341551,0.13025681526420038,4721,735
FedAvgM,CIFAR10,0.01,47,1,1,0.6674157778422037,5,0.01,6.285773112698812,0.004673437258512127,0.29151230103798914,8609,1345
FedAvgM,CIFAR10,0.01,47,1,0,0.40790923436482746,5,0.01,13.861122054045202,0.004932783649126407,0.9408636821008652,17998,2810
FedAvgM,CIFAR10,0.01,47,1,4,0.6640845537185669,5,0.01,6.785415651542614,0.0056781720933411,0.3006361280757615,7666,1195
FedAvgM,CIFAR10,0.01,47,1,3,0.7613141536712646,5,0.01,5.8611944925727,0.006268657211307701,0.24236459837486338,6009,935
FedAvgM,CIFAR10,0.01,47,2,4,0.6640845537185669,5,0.01,5.68100781979307,0.004753981439157381,0.3024353740154857,7666,1195
FedAvgM,CIFAR10,0.01,47,2,0,0.40790923436482746,5,0.01,12.528546433505968,0.004458557449646252,0.9372561640534887,17998,2810
FedAvgM,CIFAR10,0.01,47,2,2,0.9486202398935953,5,0.01,3.853472563212239,0.005242819813894203,0.1335454693705006,4721,735
FedAvgM,CIFAR10,0.01,47,2,3,0.7613141536712646,5,0.01,5.152255615300503,0.005510433813155619,0.24420910662335166,6009,935
FedAvgM,CIFAR10,0.01,47,2,1,0.6674157778422037,5,0.01,5.855653761950187,0.0043536459196655665,0.2986182327165344,8609,1345
FedAvgM,CIFAR10,0.01,47,3,3,0.7613141536712646,5,0.01,4.914609108108508,0.005256266425784501,0.22784156081942192,6009,935
FedAvgM,CIFAR10,0.01,47,3,0,0.40790923436482746,5,0.01,9.875328400504397,0.003514351743951743,0.9046890627499312,17998,2810
FedAvgM,CIFAR10,0.01,47,3,2,0.9486202398935953,5,0.01,4.081435356091365,0.005552973273593694,0.1485542812169221,4721,735
FedAvgM,CIFAR10,0.01,47,3,1,0.6674157778422037,5,0.01,5.244536692650668,0.0038992837863573737,0.280770372768998,8609,1345
FedAvgM,CIFAR10,0.01,47,3,4,0.6640845537185669,5,0.01,5.315518928755678,0.004448132994774626,0.2871251408658927,7666,1195
FedAvgM,CIFAR10,0.01,47,4,1,0.6674157778422037,5,0.01,4.704281208643201,0.003497606846574871,0.2631683737300056,8609,1345
FedAvgM,CIFAR10,0.01,47,4,3,0.7613141536712646,5,0.01,4.713216777978836,0.005040873559335654,0.2190033662811139,6009,935
FedAvgM,CIFAR10,0.01,47,4,2,0.9486202398935953,5,0.01,4.08081392374249,0.005552127787404748,0.1499867348135229,4721,735
FedAvgM,CIFAR10,0.01,47,4,4,0.6640845537185669,5,0.01,4.916272646892538,0.004114035687776183,0.26771915545470043,7666,1195
FedAvgM,CIFAR10,0.01,47,4,0,0.40790923436482746,5,0.01,8.52723874035228,0.0030346045339331956,0.8909331546755259,17998,2810
FedAvgM,CIFAR10,0.01,47,5,0,0.40790923436482746,5,0.01,7.907383591360535,0.002814015512939692,0.8735695975375167,17998,2810
FedAvgM,CIFAR10,0.01,47,5,2,0.9486202398935953,5,0.01,4.277332013185124,0.005819499337666835,0.2149004960321171,4721,735
FedAvgM,CIFAR10,0.01,47,5,4,0.6640845537185669,5,0.01,4.812409567973557,0.00402712097738373,0.31908796424518016,7666,1195
FedAvgM,CIFAR10,0.01,47,5,3,0.7613141536712646,5,0.01,4.779730627212082,0.005112011366002226,0.280505634550853,6009,935
FedAvgM,CIFAR10,0.01,47,5,1,0.6674157778422037,5,0.01,4.624661019623568,0.0034384096800175227,0.31674425980064685,8609,1345
FedAvgM,CIFAR10,0.01,47,6,4,0.6640845537185669,5,0.01,4.505868727974091,0.0037706014460034236,0.25354953376580697,7666,1195
FedAvgM,CIFAR10,0.01,47,6,0,0.40790923436482746,5,0.01,7.790769864639114,0.0027725159660637417,0.8985318089087728,17998,2810
FedAvgM,CIFAR10,0.01,47,6,1,0.6674157778422037,5,0.01,4.230957395797001,0.003145693231075837,0.2278005826491126,8609,1345
FedAvgM,CIFAR10,0.01,47,6,3,0.7613141536712646,5,0.01,4.388968399794254,0.00469408385004733,0.20660845573749445,6009,935
FedAvgM,CIFAR10,0.01,47,6,2,0.9486202398935953,5,0.01,4.0728105544099105,0.005541238849537293,0.1291967562505742,4721,735
FedAvgM,CIFAR10,0.01,47,7,4,0.6640845537185669,5,0.01,4.643937009516328,0.0038861397569174296,0.18000766360919157,7666,1195
FedAvgM,CIFAR10,0.01,47,7,2,0.9486202398935953,5,0.01,5.2233294173967515,0.007106570635913948,0.18105564630604834,4721,735
FedAvgM,CIFAR10,0.01,47,7,0,0.40790923436482746,5,0.01,8.23335963926272,0.0029300212239369108,0.9060608869223105,17998,2810
FedAvgM,CIFAR10,0.01,47,7,1,0.6674157778422037,5,0.01,4.392119959440596,0.003265516698468845,0.17596898413334916,8609,1345
FedAvgM,CIFAR10,0.01,47,7,3,0.7613141536712646,5,0.01,4.705077740819897,0.005032168706759248,0.16447496300356182,6009,935
FedAvgM,CIFAR10,0.01,47,8,3,0.7613141536712646,5,0.01,5.214650101727723,0.005577165884200773,0.17491536665026194,6009,935
FedAvgM,CIFAR10,0.01,47,8,2,0.9486202398935953,5,0.01,5.096245867221183,0.006933667846559432,0.18190622602971174,4721,735
FedAvgM,CIFAR10,0.01,47,8,0,0.40790923436482746,5,0.01,8.380894899130745,0.0029825248751354965,0.8606913427026494,17998,2810
FedAvgM,CIFAR10,0.01,47,8,1,0.6674157778422037,5,0.01,5.502214444086636,0.004090865757685231,0.28951703067571377,8609,1345
FedAvgM,CIFAR10,0.01,47,8,4,0.6640845537185669,5,0.01,5.46213870990339,0.004570827372304092,0.24218267378842306,7666,1195
FedAvgM,CIFAR10,0.01,47,9,4,0.6640845537185669,5,0.01,5.7463996182645625,0.004808702609426412,0.2915145184243798,7666,1195
FedAvgM,CIFAR10,0.01,47,9,0,0.40790923436482746,5,0.01,8.530973911229797,0.003035933776238362,0.8174727191972906,17998,2810
FedAvgM,CIFAR10,0.01,47,9,1,0.6674157778422037,5,0.01,6.715524276715077,0.004992954852576266,0.3711124284139824,8609,1345
FedAvgM,CIFAR10,0.01,47,9,3,0.7613141536712646,5,0.01,6.372484638736619,0.0068154915922316785,0.2650088606885537,6009,935
FedAvgM,CIFAR10,0.01,47,9,2,0.9486202398935953,5,0.01,4.942429736405763,0.006724394199191514,0.19230587164025062,4721,735
FedAvgM,CIFAR10,0.01,47,10,0,0.40790923436482746,5,0.01,8.304369448438079,0.002955291618661238,0.8429716719599852,17998,2810
FedAvgM,CIFAR10,0.01,47,10,1,0.6674157778422037,5,0.01,5.8149648218063765,0.0043233939195586445,0.28053392534782473,8609,1345
FedAvgM,CIFAR10,0.01,47,10,4,0.6640845537185669,5,0.01,6.182604309364247,0.005173727455534935,0.28734009193454874,7666,1195
FedAvgM,CIFAR10,0.01,47,10,2,0.9486202398935953,5,0.01,4.729182540784326,0.006434261960250784,0.11386625735359539,4721,735
FedAvgM,CIFAR10,0.01,47,10,3,0.7613141536712646,5,0.01,5.731345712363956,0.006129781510549686,0.21883873754600275,6009,935
FedAvgM,CIFAR10,0.01,48,1,3,0.5090165535608927,5,0.01,11.192882907917996,0.005317284041766269,0.6779431469988344,13500,2105
FedAvgM,CIFAR10,0.01,48,1,2,0.6665039459864298,5,0.01,6.443675943547712,0.004669330393875153,0.31234582225116264,8847,1380
FedAvgM,CIFAR10,0.01,48,1,0,0.666482170422872,5,0.01,7.670053874192782,0.005459113077717283,0.3637360891979002,9001,1405
FedAvgM,CIFAR10,0.01,48,1,4,0.0,5,0.01,0.0,0.0,0.0,0,0
FedAvgM,CIFAR10,0.01,48,1,1,0.5010895729064941,5,0.01,11.598636846153399,0.005445369411339624,0.7048242858317026,13653,2130
FedAvgM,CIFAR10,0.01,48,2,0,0.666482170422872,5,0.01,6.965560243920833,0.0049576941237870695,0.3545836880797764,9001,1405
FedAvgM,CIFAR10,0.01,48,2,3,0.5090165535608927,5,0.01,9.927620944963389,0.00471620947504199,0.6559941936343849,13500,2105
FedAvgM,CIFAR10,0.01,48,2,4,0.0,5,0.01,0.0,0.0,0.0,0,0
FedAvgM,CIFAR10,0.01,48,2,1,0.5010895729064941,5,0.01,10.2026768023462,0.0047899891090827235,0.6962820116194551,13653,2130
FedAvgM,CIFAR10,0.01,48,2,2,0.6665039459864298,5,0.01,5.652618752438653,0.004096100545245401,0.3275684028279147,8847,1380
FedAvgM,CIFAR10,0.01,48,3,1,0.5010895729064941,5,0.01,8.112041698365443,0.0038084702809227434,0.6423404977457533,13653,2130
FedAvgM,CIFAR10,0.01,48,3,2,0.6665039459864298,5,0.01,4.640352053781278,0.003362573952015419,0.2560931450033801,8847,1380
FedAvgM,CIFAR10,0.01,48,3,0,0.666482170422872,5,0.01,6.737605550677976,0.004795448790518133,0.35730784538732874,9001,1405
FedAvgM,CIFAR10,0.01,48,3,4,0.0,5,0.01,0.0,0.0,0.0,0,0
FedAvgM,CIFAR10,0.01,48,3,3,0.5090165535608927,5,0.01,8.33239379092766,0.003958381848421692,0.6349523245755735,13500,2105
FedAvgM,CIFAR10,0.01,48,4,0,0.666482170422872,5,0.01,6.947677268816828,0.004944966027627636,0.3903783285084561,9001,1405
FedAvgM,CIFAR10,0.01,48,4,4,0.0,5,0.01,0.0,0.0,0.0,0,0
FedAvgM,CIFAR10,0.01,48,4,1,0.5010895729064941,5,0.01,7.07056380962966,0.0033195135256477277,0.5851279226269156,13653,2130
FedAvgM,CIFAR10,0.01,48,4,2,0.6665039459864298,5,0.01,4.4546477032357625,0.0032280055820549003,0.24117861628662973,8847,1380
FedAvgM,CIFAR10,0.01,48,4,3,0.5090165535608927,5,0.01,7.544962685237751,0.0035843053136521384,0.6133230535487872,13500,2105
FedAvgM,CIFAR10,0.01,48,5,0,0.666482170422872,5,0.01,7.050709453224942,0.0050182985432206,0.40171369280719205,9001,1405
FedAvgM,CIFAR10,0.01,48,5,2,0.6665039459864298,5,0.01,4.61895755033079,0.0033470706886454997,0.2879419742860145,8847,1380
FedAvgM,CIFAR10,0.01,48,5,1,0.5010895729064941,5,0.01,6.778576074893648,0.003182430082109694,0.5747777091451014,13653,2130
FedAvgM,CIFAR10,0.01,48,5,3,0.5090165535608927,5,0.01,7.420230441580904,0.0035250500910123063,0.6228605265965931,13500,2105
FedAvgM,CIFAR10,0.01,48,5,4,0.0,5,0.01,0.0,0.0,0.0,0,0
FedAvgM,CIFAR10,0.01,48,6,2,0.6665039459864298,5,0.01,4.4635341791648155,0.0032344450573658086,0.27540674844232527,8847,1380
FedAvgM,CIFAR10,0.01,48,6,3,0.5090165535608927,5,0.01,7.2222825807471756,0.00343101310249272,0.6053446292476986,13500,2105
FedAvgM,CIFAR10,0.01,48,6,0,0.666482170422872,5,0.01,6.911006278078171,0.0049188656783474526,0.3896821838168103,9001,1405
FedAvgM,CIFAR10,0.01,48,6,1,0.5010895729064941,5,0.01,6.745406370846254,0.0031668574511015276,0.5868895432059954,13653,2130
FedAvgM,CIFAR10,0.01,48,6,4,0.0,5,0.01,0.0,0.0,0.0,0,0
FedAvgM,CIFAR10,0.01,48,7,4,0.0,5,0.01,0.0,0.0,0.0,0,0
FedAvgM,CIFAR10,0.01,48,7,0,0.666482170422872,5,0.01,6.945737752657869,0.0049435855890803335,0.3554609025459092,9001,1405
FedAvgM,CIFAR10,0.01,48,7,1,0.5010895729064941,5,0.01,7.319845186501404,0.003436547035916152,0.6009730320850178,13653,2130
FedAvgM,CIFAR10,0.01,48,7,2,0.6665039459864298,5,0.01,4.547786170245006,0.0032954972248152217,0.18226381147055487,8847,1380
FedAvgM,CIFAR10,0.01,48,7,3,0.5090165535608927,5,0.01,7.532925217307473,0.003578586801571246,0.5917680098327643,13500,2105
FedAvgM,CIFAR10,0.01,48,8,4,0.0,5,0.01,0.0,0.0,0.0,0,0
FedAvgM,CIFAR10,0.01,48,8,0,0.666482170422872,5,0.01,7.15955400690848,0.005095767976447316,0.356601992626696,9001,1405
FedAvgM,CIFAR10,0.01,48,8,1,0.5010895729064941,5,0.01,7.859048924289364,0.0036896943306522836,0.5985372152289333,13653,2130
FedAvgM,CIFAR10,0.01,48,8,3,0.5090165535608927,5,0.01,8.130847601855338,0.0038626354403113244,0.5826568121308486,13500,2105
FedAvgM,CIFAR10,0.01,48,8,2,0.6665039459864298,5,0.01,5.743356329126085,0.004161852412410206,0.26942879816529064,8847,1380
FedAvgM,CIFAR10,0.01,48,9,3,0.5090165535608927,5,0.01,8.049695712358,0.0038240834738042756,0.5815077534331543,13500,2105
FedAvgM,CIFAR10,0.01,48,9,2,0.6665039459864298,5,0.01,6.086146307710211,0.004410250947616095,0.3191257780115418,8847,1380
FedAvgM,CIFAR10,0.01,48,9,4,0.0,5,0.01,0.0,0.0,0.0,0,0
FedAvgM,CIFAR10,0.01,48,9,0,0.666482170422872,5,0.01,7.3826414820529935,0.005254549097546615,0.37083725113384225,9001,1405
FedAvgM,CIFAR10,0.01,48,9,1,0.5010895729064941,5,0.01,7.540731048471197,0.0035402493185310783,0.5648080380408116,13653,2130
FedAvgM,CIFAR10,0.01,48,10,4,0.0,5,0.01,0.0,0.0,0.0,0,0
FedAvgM,CIFAR10,0.01,48,10,0,0.666482170422872,5,0.01,7.344954537965793,0.005227725649797717,0.3864828894115554,9001,1405
FedAvgM,CIFAR10,0.01,48,10,2,0.6665039459864298,5,0.01,5.687213521995864,0.004121169218837583,0.2735879438150197,8847,1380
FedAvgM,CIFAR10,0.01,48,10,3,0.5090165535608927,5,0.01,8.061518110149704,0.0038296998147979593,0.6036464193065637,13500,2105
FedAvgM,CIFAR10,0.01,48,10,1,0.5010895729064941,5,0.01,7.013989580081202,0.003292952854498217,0.5203830326322025,13653,2130
FedAvgM,CIFAR10,0.01,49,1,4,0.9034558137257894,5,0.01,4.067641676625419,0.007329084102027782,0.1525160525494865,3564,555
FedAvgM,CIFAR10,0.01,49,1,2,0.6665743589401245,5,0.01,6.924354500610371,0.004928366192605246,0.3418874383434875,9000,1405
FedAvgM,CIFAR10,0.01,49,1,1,0.45475200812021893,5,0.01,12.62690573503876,0.005513932635388104,0.7797825175059913,14666,2290
FedAvgM,CIFAR10,0.01,49,1,3,0.8478803634643555,5,0.01,4.7254424222649005,0.005762734661298659,0.18958612928599905,5276,820
FedAvgM,CIFAR10,0.01,49,1,0,0.5108360449473063,5,0.01,11.298670871342289,0.005794190190431943,0.618846171478536,12497,1950
FedAvgM,CIFAR10,0.01,49,2,0,0.5108360449473063,5,0.01,10.802143048146943,0.005539560537511253,0.6361518580817042,12497,1950
FedAvgM,CIFAR10,0.01,49,2,3,0.8478803634643555,5,0.01,4.546615642306907,0.005544653222325497,0.20057361087389897,5276,820
FedAvgM,CIFAR10,0.01,49,2,4,0.9034558137257894,5,0.01,4.152163363776455,0.007481375430227847,0.15439946759377018,3564,555
FedAvgM,CIFAR10,0.01,49,2,2,0.6665743589401245,5,0.01,5.989224497214295,0.004262793236451456,0.31834702671209286,9000,1405
FedAvgM,CIFAR10,0.01,49,2,1,0.45475200812021893,5,0.01,10.99157799133448,0.004799815716739948,0.7521356324903129,14666,2290
FedAvgM,CIFAR10,0.01,49,3,3,0.8478803634643555,5,0.01,4.482191259634255,0.0054660869019929935,0.18531567501810572,5276,820
FedAvgM,CIFAR10,0.01,49,3,1,0.45475200812021893,5,0.01,9.153972298310965,0.0039973678158563165,0.7074804512897076,14666,2290
FedAvgM,CIFAR10,0.01,49,3,4,0.9034558137257894,5,0.01,3.817851658673422,0.00687901199760977,0.11943858972544877,3564,555
FedAvgM,CIFAR10,0.01,49,3,2,0.6665743589401245,5,0.01,5.264432256837798,0.0037469268731941626,0.2848822463827194,9000,1405
FedAvgM,CIFAR10,0.01,49,3,0,0.5108360449473063,5,0.01,9.372830504460932,0.004806579745877401,0.62565223122248,12497,1950
FedAvgM,CIFAR10,0.01,49,4,3,0.8478803634643555,5,0.01,4.612382943086978,0.005624857247667046,0.19245284337270382,5276,820
FedAvgM,CIFAR10,0.01,49,4,2,0.6665743589401245,5,0.01,5.269932773213912,0.0037508418314689766,0.2855335752399517,9000,1405
FedAvgM,CIFAR10,0.01,49,4,1,0.45475200812021893,5,0.01,8.29993406292479,0.003624425354988991,0.6832503096458674,14666,2290
FedAvgM,CIFAR10,0.01,49,4,4,0.9034558137257894,5,0.01,3.8611797191967274,0.0069570805751292385,0.11083764535348913,3564,555
FedAvgM,CIFAR10,0.01,49,4,0,0.5108360449473063,5,0.01,8.52008985767563,0.004369276850090067,0.6005984092765358,12497,1950
FedAvgM,CIFAR10,0.01,49,5,4,0.9034558137257894,5,0.01,4.074200409115046,0.007340901638045128,0.14051680604120692,3564,555
FedAvgM,CIFAR10,0.01,49,5,0,0.5108360449473063,5,0.01,8.189203746467886,0.004199591664855326,0.5945019141915061,12497,1950
FedAvgM,CIFAR10,0.01,49,5,1,0.45475200812021893,5,0.01,8.244018732383122,0.0036000081800799657,0.7041211640655993,14666,2290
FedAvgM,CIFAR10,0.01,49,5,3,0.8478803634643555,5,0.01,4.734863394749754,0.005774223652133846,0.23397770168955104,5276,820
FedAvgM,CIFAR10,0.01,49,5,2,0.6665743589401245,5,0.01,5.11879340026218,0.0036432693240300213,0.3074308246418237,9000,1405
FedAvgM,CIFAR10,0.01,49,6,3,0.8478803634643555,5,0.01,4.730021888922048,0.005768319376734205,0.2008517404715675,5276,820
FedAvgM,CIFAR10,0.01,49,6,2,0.6665743589401245,5,0.01,4.822993419814251,0.003432735530116905,0.2618950641697864,9000,1405
FedAvgM,CIFAR10,0.01,49,6,0,0.5108360449473063,5,0.01,7.948474768605323,0.004076140906977089,0.5899331287506879,12497,1950
FedAvgM,CIFAR10,0.01,49,6,4,0.9034558137257894,5,0.01,4.255709859119667,0.007667945692107509,0.09739656794247091,3564,555
FedAvgM,CIFAR10,0.01,49,6,1,0.45475200812021893,5,0.01,8.109038765980376,0.0035410649633102077,0.7076655704827474,14666,2290
FedAvgM,CIFAR10,0.01,49,7,4,0.9034558137257894,5,0.01,5.302261323739038,0.009553624006737005,0.13079259509568147,3564,555
FedAvgM,CIFAR10,0.01,49,7,2,0.6665743589401245,5,0.01,4.781146854607958,0.003402951497941607,0.16174653726156163,9000,1405
FedAvgM,CIFAR10,0.01,49,7,1,0.45475200812021893,5,0.01,8.402626730603096,0.003669269314673841,0.7116682717487419,14666,2290
FedAvgM,CIFAR10,0.01,49,7,3,0.8478803634643555,5,0.01,5.266817171772118,0.006422947770453802,0.17163137670011205,5276,820
FedAvgM,CIFAR10,0.01,49,7,0,0.5108360449473063,5,0.01,8.120369401431708,0.004164292000734209,0.5739682749536802,12497,1950
FedAvgM,CIFAR10,0.01,49,8,3,0.8478803634643555,5,0.01,6.400190895440402,0.0078051108480980515,0.2028391853403626,5276,820
FedAvgM,CIFAR10,0.01,49,8,4,0.9034558137257894,5,0.01,6.660162757503683,0.012000293256763392,0.18014492986381936,3564,555
FedAvgM,CIFAR10,0.01,49,8,0,0.5108360449473063,5,0.01,8.696283948356022,0.00445963279402873,0.5592012134501316,12497,1950
FedAvgM,CIFAR10,0.01,49,8,2,0.6665743589401245,5,0.01,5.871309581748518,0.004178868029714247,0.266120242080324,9000,1405
FedAvgM,CIFAR10,0.01,49,8,1,0.45475200812021893,5,0.01,9.082846913364731,0.003966308695792459,0.6948745126772368,14666,2290
FedAvgM,CIFAR10,0.01,49,9,3,0.8478803634643555,5,0.01,6.448096173763005,0.007863531919223177,0.22445611466352994,5276,820
FedAvgM,CIFAR10,0.01,49,9,0,0.5108360449473063,5,0.01,9.110876054525006,0.004672244130525644,0.5818334046766876,12497,1950
FedAvgM,CIFAR10,0.01,49,9,2,0.6665743589401245,5,0.01,6.775815765235163,0.00482264467276524,0.3269603575938998,9000,1405
FedAvgM,CIFAR10,0.01,49,9,1,0.45475200812021893,5,0.01,8.786244693276544,0.003836788075666613,0.6403955227898598,14666,2290
FedAvgM,CIFAR10,0.01,49,9,4,0.9034558137257894,5,0.01,6.267578580346183,0.011292934379002131,0.15838700281322457,3564,555
FedAvgM,CIFAR10,0.01,49,10,1,0.45475200812021893,5,0.01,9.286226073795218,0.004055120556242453,0.6926943691992069,14666,2290
FedAvgM,CIFAR10,0.01,49,10,0,0.5108360449473063,5,0.01,8.934926845790935,0.004582013767072274,0.5477968249880162,12497,1950
FedAvgM,CIFAR10,0.01,49,10,3,0.8478803634643555,5,0.01,5.821261743299072,0.007099099686950087,0.16411447077701105,5276,820
FedAvgM,CIFAR10,0.01,49,10,4,0.9034558137257894,5,0.01,6.222525381979257,0.01121175744500767,0.1497641374170394,3564,555
FedAvgM,CIFAR10,0.01,49,10,2,0.6665743589401245,5,0.01,5.847769824060418,0.004162113753779657,0.2521211798325771,9000,1405
FedAvgM,CIFAR10,0.01,50,1,0,0.9988981882731119,5,0.01,2.4585242138447816,0.005230902582648471,0.04012616663663269,3025,470
FedAvgM,CIFAR10,0.01,50,1,3,0.9997528394063314,5,0.01,2.28891457668378,0.0032698779666911143,-0.006034121525952852,4496,700
FedAvgM,CIFAR10,0.01,50,1,4,0.5385045607884725,5,0.01,9.87149867279588,0.005689624595271401,0.404725205448071,11128,1735
FedAvgM,CIFAR10,0.01,50,1,1,0.9997531572977701,5,0.01,2.3832491879495223,0.003404641697070746,0.005376317708872714,4501,700
FedAvgM,CIFAR10,0.01,50,1,2,0.3075296680132548,5,0.01,16.145139793785525,0.00473464510081687,0.9582177751999985,21852,3410
FedAvgM,CIFAR10,0.01,50,2,3,0.9997528394063314,5,0.01,2.9046849671007915,0.004149549953001131,0.029951660002159937,4496,700
FedAvgM,CIFAR10,0.01,50,2,4,0.5385045607884725,5,0.01,8.392623338672584,0.004837246881079299,0.43882807249369277,11128,1735
FedAvgM,CIFAR10,0.01,50,2,2,0.3075296680132548,5,0.01,13.23615788056328,0.0038815712259716363,0.9544431794280608,21852,3410
FedAvgM,CIFAR10,0.01,50,2,0,0.9988981882731119,5,0.01,1.9661725142332083,0.004183345774964273,0.02475918260546417,3025,470
FedAvgM,CIFAR10,0.01,50,2,1,0.9997531572977701,5,0.01,3.212245148352921,0.004588921640504172,0.02685114668227086,4501,700
FedAvgM,CIFAR10,0.01,50,3,2,0.3075296680132548,5,0.01,10.130264522350338,0.002970752059340275,0.9306190265164129,21852,3410
FedAvgM,CIFAR10,0.01,50,3,1,0.9997531572977701,5,0.01,4.217265792584446,0.00602466541797778,0.09218940604154076,4501,700
FedAvgM,CIFAR10,0.01,50,3,0,0.9988981882731119,5,0.01,2.3093052362375883,0.004913415396250188,0.05968710441573828,3025,470
FedAvgM,CIFAR10,0.01,50,3,4,0.5385045607884725,5,0.01,7.212512498074375,0.004157067722233069,0.3556943750028907,11128,1735
FedAvgM,CIFAR10,0.01,50,3,3,0.9997528394063314,5,0.01,3.971437714028792,0.00567348244861256,0.08495059509255345,4496,700
FedAvgM,CIFAR10,0.01,50,4,2,0.3075296680132548,5,0.01,9.602058990929946,0.0028158530765190455,0.926707617419784,21852,3410
FedAvgM,CIFAR10,0.01,50,4,3,0.9997528394063314,5,0.01,4.271725120677812,0.006102464458111159,0.1358304261332032,4496,700
FedAvgM,CIFAR10,0.01,50,4,1,0.9997531572977701,5,0.01,4.312356077606819,0.006160508682295456,0.11514217864827254,4501,700
FedAvgM,CIFAR10,0.01,50,4,0,0.9988981882731119,5,0.01,2.4265587178269707,0.005162890888993555,0.07757291618927692,3025,470
FedAvgM,CIFAR10,0.01,50,4,4,0.5385045607884725,5,0.01,6.869295540880121,0.003959248150363182,0.38281381317254043,11128,1735
FedAvgM,CIFAR10,0.01,50,5,1,0.9997531572977701,5,0.01,3.7649286503411306,0.005378469500487329,0.0755028762681046,4501,700
FedAvgM,CIFAR10,0.01,50,5,2,0.3075296680132548,5,0.01,9.735627928389464,0.002855022852900136,0.9379594696107366,21852,3410
FedAvgM,CIFAR10,0.01,50,5,0,0.9988981882731119,5,0.01,2.0975571845294576,0.00446288762665842,0.026177232593842987,3025,470
FedAvgM,CIFAR10,0.01,50,5,3,0.9997528394063314,5,0.01,3.5613777633505372,0.005087682519072196,0.08012068237563419,4496,700
FedAvgM,CIFAR10,0.01,50,5,4,0.5385045607884725,5,0.01,6.6854009808315995,0.0038532570494706625,0.3605476962505,11128,1735
FedAvgM,CIFAR10,0.01,50,6,4,0.5385045607884725,5,0.01,6.270327445152728,0.0036140215822205923,0.2872691614992562,11128,1735
FedAvgM,CIFAR10,0.01,50,6,3,0.9997528394063314,5,0.01,3.2135073153731044,0.004590724736247292,0.03148771827443384,4496,700
FedAvgM,CIFAR10,0.01,50,6,1,0.9997531572977701,5,0.01,3.743035292551977,0.005347193275074253,0.029112990186234308,4501,700
FedAvgM,CIFAR10,0.01,50,6,0,0.9988981882731119,5,0.01,3.079245064302457,0.006551585243196717,0.07012983625785921,3025,470
FedAvgM,CIFAR10,0.01,50,6,2,0.3075296680132548,5,0.01,9.701172684829462,0.002844918675903068,0.9466032101495473,21852,3410
FedAvgM,CIFAR10,0.01,50,7,3,0.9997528394063314,5,0.01,5.11828801665033,0.007311840023786186,0.10141706781461682,4496,700
FedAvgM,CIFAR10,0.01,50,7,4,0.5385045607884725,5,0.01,7.483042867600006,0.004312993007262252,0.34355427203304084,11128,1735
FedAvgM,CIFAR10,0.01,50,7,0,0.9988981882731119,5,0.01,4.303328779177276,0.009156018679100587,0.05643644961342189,3025,470
FedAvgM,CIFAR10,0.01,50,7,1,0.9997531572977701,5,0.01,6.211064301516506,0.008872949002166437,0.12331267646048316,4501,700
FedAvgM,CIFAR10,0.01,50,7,2,0.3075296680132548,5,0.01,10.133959747461887,0.002971835703068002,0.91465446839475,21852,3410
FedAvgM,CIFAR10,0.01,50,8,1,0.9997531572977701,5,0.01,6.905331563293406,0.009864759376133438,0.1147437830697595,4501,700
FedAvgM,CIFAR10,0.01,50,8,0,0.9988981882731119,5,0.01,5.079168701565078,0.01080674191822357,0.08157291019686054,3025,470
FedAvgM,CIFAR10,0.01,50,8,2,0.3075296680132548,5,0.01,10.708779956476759,0.0031404046793186975,0.896056221642539,21852,3410
FedAvgM,CIFAR10,0.01,50,8,3,0.9997528394063314,5,0.01,5.388677434519066,0.007698110620741523,0.11255082715365915,4496,700
FedAvgM,CIFAR10,0.01,50,8,4,0.5385045607884725,5,0.01,9.078651433344678,0.005232652122965233,0.4075762119010861,11128,1735
FedAvgM,CIFAR10,0.01,50,9,1,0.9997531572977701,5,0.01,5.042138968886496,0.007203055669837852,0.043865048338421815,4501,700
FedAvgM,CIFAR10,0.01,50,9,4,0.5385045607884725,5,0.01,8.304644800212639,0.004786538789747919,0.36813349061625805,11128,1735
FedAvgM,CIFAR10,0.01,50,9,3,0.9997528394063314,5,0.01,3.615067274678965,0.00516438182096995,0.03393389288122963,4496,700
FedAvgM,CIFAR10,0.01,50,9,0,0.9988981882731119,5,0.01,3.90919136087848,0.00831742842740102,0.037941489756194886,3025,470
FedAvgM,CIFAR10,0.01,50,9,2,0.3075296680132548,5,0.01,10.728226611818167,0.0031461075107971164,0.9219435330623864,21852,3410
FedAvgM,CIFAR10,0.01,50,10,2,0.3075296680132548,5,0.01,9.531088963196837,0.0027950407516706267,0.9158827974362053,21852,3410
FedAvgM,CIFAR10,0.01,50,10,4,0.5385045607884725,5,0.01,7.581962195459522,0.004370007029083298,0.3492909732592999,11128,1735
FedAvgM,CIFAR10,0.01,50,10,1,0.9997531572977701,5,0.01,4.738011949301868,0.006768588499002669,0.04193868071247758,4501,700
FedAvgM,CIFAR10,0.01,50,10,0,0.9988981882731119,5,0.01,4.289558175530486,0.00912671952240529,0.040330511081538956,3025,470
FedAvgM,CIFAR10,0.01,50,10,3,0.9997528394063314,5,0.01,3.633962561666793,0.005191375088095419,0.020134944359792666,4496,700
FedAvgM,CIFAR10,0.01,51,1,4,0.9997531572977701,5,0.01,2.784551478569776,0.003977930683671109,0.040670465968243134,4501,700
FedAvgM,CIFAR10,0.01,51,1,3,0.6664099295934042,5,0.01,6.891551955074396,0.004922537110767426,0.2978838303981654,8974,1400
FedAvgM,CIFAR10,0.01,51,1,0,0.5077271858851115,5,0.01,11.363183466058665,0.005385395007610741,0.5849138378953734,13526,2110
FedAvgM,CIFAR10,0.01,51,1,1,0.408211350440979,5,0.01,13.236859430160848,0.00471062613172984,0.83374409424741,18000,2810
FedAvgM,CIFAR10,0.01,51,1,2,0.0,5,0.01,0.0,0.0,0.0,0,0
FedAvgM,CIFAR10,0.01,51,2,2,0.0,5,0.01,0.0,0.0,0.0,0,0
FedAvgM,CIFAR10,0.01,51,2,3,0.6664099295934042,5,0.01,5.699035191047557,0.004070739422176826,0.3068719922390571,8974,1400
FedAvgM,CIFAR10,0.01,51,2,1,0.408211350440979,5,0.01,11.76730409592376,0.004187652703175716,0.844617575686135,18000,2810
FedAvgM,CIFAR10,0.01,51,2,4,0.9997531572977701,5,0.01,3.0138095068903294,0.004305442152700471,0.008280170568148795,4501,700
FedAvgM,CIFAR10,0.01,51,2,0,0.5077271858851115,5,0.01,9.59904412091273,0.004549310009911246,0.5284619029829639,13526,2110
FedAvgM,CIFAR10,0.01,51,3,2,0.0,5,0.01,0.0,0.0,0.0,0,0
FedAvgM,CIFAR10,0.01,51,3,4,0.9997531572977701,5,0.01,3.626698671505235,0.005180998102150336,0.06240183259242008,4501,700
FedAvgM,CIFAR10,0.01,51,3,3,0.6664099295934042,5,0.01,5.077965805105525,0.0036271184322182325,0.2501826669262366,8974,1400
FedAvgM,CIFAR10,0.01,51,3,1,0.408211350440979,5,0.01,9.920531603855075,0.0035304382931868592,0.8251215927191975,18000,2810
FedAvgM,CIFAR10,0.01,51,3,0,0.5077271858851115,5,0.01,7.912252713959535,0.003749882802824424,0.4786342792194292,13526,2110
FedAvgM,CIFAR10,0.01,51,4,2,0.0,5,0.01,0.0,0.0,0.0,0,0
FedAvgM,CIFAR10,0.01,51,4,3,0.6664099295934042,5,0.01,4.967156996289057,0.003547969283063612,0.2394370680860595,8974,1400
FedAvgM,CIFAR10,0.01,51,4,0,0.5077271858851115,5,0.01,7.318378287933324,0.003468425728878353,0.4710924229872396,13526,2110
FedAvgM,CIFAR10,0.01,51,4,4,0.9997531572977701,5,0.01,4.401291333448323,0.006287559047783318,0.12143076042798148,4501,700
FedAvgM,CIFAR10,0.01,51,4,1,0.408211350440979,5,0.01,9.408317791885896,0.003348155797824162,0.8205797127994321,18000,2810
FedAvgM,CIFAR10,0.01,51,5,2,0.0,5,0.01,0.0,0.0,0.0,0,0
FedAvgM,CIFAR10,0.01,51,5,4,0.9997531572977701,5,0.01,4.541914179658616,0.006488448828083738,0.1300014801388216,4501,700
FedAvgM,CIFAR10,0.01,51,5,0,0.5077271858851115,5,0.01,7.1686406716727955,0.0033974600339681496,0.48707881667042785,13526,2110
FedAvgM,CIFAR10,0.01,51,5,1,0.408211350440979,5,0.01,9.361752427104761,0.0033315844936315877,0.8295602890482742,18000,2810
FedAvgM,CIFAR10,0.01,51,5,3,0.6664099295934042,5,0.01,4.932009165576237,0.003522863689697312,0.2713251079218879,8974,1400
FedAvgM,CIFAR10,0.01,51,6,0,0.5077271858851115,5,0.01,6.857359742344715,0.00324993352717759,0.43649164154227293,13526,2110
FedAvgM,CIFAR10,0.01,51,6,1,0.408211350440979,5,0.01,9.360215026106847,0.0033310373758387354,0.844531427661804,18000,2810
FedAvgM,CIFAR10,0.01,51,6,2,0.0,5,0.01,0.0,0.0,0.0,0,0
FedAvgM,CIFAR10,0.01,51,6,3,0.6664099295934042,5,0.01,4.623531622539694,0.0033025225875283532,0.1825107042550222,8974,1400
FedAvgM,CIFAR10,0.01,51,6,4,0.9997531572977701,5,0.01,4.5212433976122535,0.006458919139446077,0.08685014513644193,4501,700
FedAvgM,CIFAR10,0.01,51,7,3,0.6664099295934042,5,0.01,5.371899987748891,0.003837071419820636,0.17638358102057247,8974,1400
FedAvgM,CIFAR10,0.01,51,7,1,0.408211350440979,5,0.01,9.538199482873983,0.003394377040168677,0.8222770694182809,18000,2810
FedAvgM,CIFAR10,0.01,51,7,4,0.9997531572977701,5,0.01,5.293682401470293,0.007562403430671847,0.11840625377512354,4501,700
FedAvgM,CIFAR10,0.01,51,7,2,0.0,5,0.01,0.0,0.0,0.0,0,0
FedAvgM,CIFAR10,0.01,51,7,0,0.5077271858851115,5,0.01,7.375594365934042,0.0034955423535232427,0.44286335391555837,13526,2110
FedAvgM,CIFAR10,0.01,51,8,2,0.0,5,0.01,0.0,0.0,0.0,0,0
FedAvgM,CIFAR10,0.01,51,8,0,0.5077271858851115,5,0.01,8.663570648189204,0.004105957653170239,0.4961934926310934,13526,2110
FedAvgM,CIFAR10,0.01,51,8,3,0.6664099295934042,5,0.01,7.227757814215989,0.005162684153011421,0.3133165106003484,8974,1400
FedAvgM,CIFAR10,0.01,51,8,1,0.408211350440979,5,0.01,10.16289436216442,0.0036166883851118936,0.7676414820119349,18000,2810
FedAvgM,CIFAR10,0.01,51,8,4,0.9997531572977701,5,0.01,5.670175006813261,0.00810025000973323,0.11207362999826123,4501,700
FedAvgM,CIFAR10,0.01,51,9,0,0.5077271858851115,5,0.01,8.213162343372048,0.003892494001598127,0.471165653036958,13526,2110
FedAvgM,CIFAR10,0.01,51,9,3,0.6664099295934042,5,0.01,6.49362024949032,0.004638300178207371,0.2517490958249178,8974,1400
FedAvgM,CIFAR10,0.01,51,9,2,0.0,5,0.01,0.0,0.0,0.0,0,0
FedAvgM,CIFAR10,0.01,51,9,4,0.9997531572977701,5,0.01,4.809097329822189,0.006870139042603127,0.06104756434491713,4501,700
FedAvgM,CIFAR10,0.01,51,9,1,0.408211350440979,5,0.01,9.778050141503384,0.0034797331464424854,0.77959182681563,18000,2810
FedAvgM,CIFAR10,0.01,51,10,0,0.5077271858851115,5,0.01,7.827809935101648,0.0037098625284841934,0.40971864464902913,13526,2110
FedAvgM,CIFAR10,0.01,51,10,4,0.9997531572977701,5,0.01,4.836010793656331,0.006908586848080473,0.08203653613008652,4501,700
FedAvgM,CIFAR10,0.01,51,10,1,0.408211350440979,5,0.01,10.369236876984834,0.0036901198850479836,0.8168817570206767,18000,2810
FedAvgM,CIFAR10,0.01,51,10,2,0.0,5,0.01,0.0,0.0,0.0,0,0
FedAvgM,CIFAR10,0.01,51,10,3,0.6664099295934042,5,0.01,6.258133350873719,0.004470095250624085,0.2420226923836954,8974,1400
FedProx,CIFAR10,1.0,42,1,0,0.2885255614916484,5,0.01,7.482146499758661,0.005402271840980983,0.5490693914007359,8864,1385
FedProx,CIFAR10,1.0,42,1,4,0.2907194495201111,5,0.01,7.083728765673991,0.006714434848980086,0.45167731605593586,6765,1055
FedProx,CIFAR10,1.0,42,1,3,0.1982970635096232,5,0.01,8.190260174687188,0.0042880943322969566,0.7085376589365049,12251,1910
FedProx,CIFAR10,1.0,42,1,2,0.24543740351994833,5,0.01,6.906443536273021,0.005041199661513154,0.5308078457946367,8785,1370
FedProx,CIFAR10,1.0,42,1,1,0.3516513506571452,5,0.01,6.471442149666652,0.004978032422820502,0.4783304498033118,8337,1300
FedProx,CIFAR10,1.0,42,2,3,0.1982970635096232,5,0.01,7.667556065868262,0.0040144272596168915,0.7696206989990894,12251,1910
FedProx,CIFAR10,1.0,42,2,0,0.2885255614916484,5,0.01,7.20133489894553,0.0051995197826321515,0.6527857168095044,8864,1385
FedProx,CIFAR10,1.0,42,2,4,0.2907194495201111,5,0.01,6.9903142612137446,0.006625890294989331,0.6075972027769896,6765,1055
FedProx,CIFAR10,1.0,42,2,2,0.24543740351994833,5,0.01,6.826066634796258,0.004982530390362232,0.6208994569677607,8785,1370
FedProx,CIFAR10,1.0,42,2,1,0.3516513506571452,5,0.01,6.7838139647845495,0.005218318434449654,0.5875684001425421,8337,1300
FedProx,CIFAR10,1.0,42,3,3,0.1982970635096232,5,0.01,6.7549199659868036,0.0035366073120349758,0.7519892535739298,12251,1910
FedProx,CIFAR10,1.0,42,3,4,0.2907194495201111,5,0.01,6.275205932466729,0.005948062495229127,0.5550172020363046,6765,1055
FedProx,CIFAR10,1.0,42,3,2,0.24543740351994833,5,0.01,6.424592479526536,0.004689483561698201,0.6063636610247533,8785,1370
FedProx,CIFAR10,1.0,42,3,0,0.2885255614916484,5,0.01,6.61858068028254,0.004778758613922411,0.6231701576364266,8864,1385
FedProx,CIFAR10,1.0,42,3,1,0.3516513506571452,5,0.01,6.598516203057972,0.0050757816946599785,0.5871171120147685,8337,1300
FedProx,CIFAR10,1.0,42,4,3,0.1982970635096232,5,0.01,6.245649330093641,0.003269973471253215,0.7067085117112276,12251,1910
FedProx,CIFAR10,1.0,42,4,0,0.2885255614916484,5,0.01,6.201368690291641,0.004477522520066167,0.5672861271353187,8864,1385
FedProx,CIFAR10,1.0,42,4,4,0.2907194495201111,5,0.01,5.864772977913859,0.005559026519349629,0.4812800438023774,6765,1055
FedProx,CIFAR10,1.0,42,4,1,0.3516513506571452,5,0.01,6.295658283818822,0.004842814064476017,0.5513479885204593,8337,1300
FedProx,CIFAR10,1.0,42,4,2,0.24543740351994833,5,0.01,6.1961053406816875,0.004522704628234809,0.5676243476711424,8785,1370
FedProx,CIFAR10,1.0,42,5,4,0.2907194495201111,5,0.01,5.685617137124772,0.005389210556516371,0.4293664249055837,6765,1055
FedProx,CIFAR10,1.0,42,5,2,0.24543740351994833,5,0.01,6.0764504359192175,0.004435365281692859,0.5331849307142045,8785,1370
FedProx,CIFAR10,1.0,42,5,1,0.3516513506571452,5,0.01,6.226424742010718,0.004789557493854399,0.5216360332158692,8337,1300
FedProx,CIFAR10,1.0,42,5,3,0.1982970635096232,5,0.01,6.013443477567261,0.0031483997264750057,0.6686978327987915,12251,1910
FedProx,CIFAR10,1.0,42,5,0,0.2885255614916484,5,0.01,6.014234268947616,0.004342407414402611,0.5237285270312839,8864,1385
FedProx,CIFAR10,1.0,42,6,1,0.3516513506571452,5,0.01,6.21425603594363,0.004780196950725869,0.49516818619726166,8337,1300
FedProx,CIFAR10,1.0,42,6,4,0.2907194495201111,5,0.01,5.557224913014933,0.005267511765890931,0.3875396297812149,6765,1055
FedProx,CIFAR10,1.0,42,6,3,0.1982970635096232,5,0.01,5.901749009065062,0.003089920947154483,0.6402318423584544,12251,1910
FedProx,CIFAR10,1.0,42,6,2,0.24543740351994833,5,0.01,6.1301712554263545,0.004474577558705368,0.5070937726316874,8785,1370
FedProx,CIFAR10,1.0,42,6,0,0.2885255614916484,5,0.01,5.953812004351444,0.00429878123057866,0.4952514016469227,8864,1385
FedProx,CIFAR10,1.0,42,7,0,0.2885255614916484,5,0.01,5.870678600611615,0.004238757112354957,0.46425143150727216,8864,1385
FedProx,CIFAR10,1.0,42,7,3,0.1982970635096232,5,0.01,5.957812699100271,0.0031192736644504036,0.6247341601849603,12251,1910
FedProx,CIFAR10,1.0,42,7,4,0.2907194495201111,5,0.01,5.594409014319569,0.005302757359544615,0.36758213560319597,6765,1055
FedProx,CIFAR10,1.0,42,7,2,0.24543740351994833,5,0.01,6.101001734386863,0.00445328593750866,0.4883124831336204,8785,1370
FedProx,CIFAR10,1.0,42,7,1,0.3516513506571452,5,0.01,6.178348167704121,0.004752575513618555,0.46909634249221754,8337,1300
FedProx,CIFAR10,1.0,42,8,0,0.2885255614916484,5,0.01,5.926384120912083,0.0042789777046296626,0.4472641033498396,8864,1385
FedProx,CIFAR10,1.0,42,8,4,0.2907194495201111,5,0.01,5.4753029029280835,0.0051898605714958135,0.33312850189101556,6765,1055
FedProx,CIFAR10,1.0,42,8,2,0.24543740351994833,5,0.01,6.249315846664349,0.004561544413623612,0.47298478885685075,8785,1370
FedProx,CIFAR10,1.0,42,8,1,0.3516513506571452,5,0.01,6.280975229087825,0.004831519406990634,0.453006866178985,8337,1300
FedProx,CIFAR10,1.0,42,8,3,0.1982970635096232,5,0.01,6.019461986631707,0.003151550778341208,0.6128647624804088,12251,1910
FedProx,CIFAR10,1.0,42,9,4,0.2907194495201111,5,0.01,5.4168303516402565,0.005134436352265646,0.32109307855914226,6765,1055
FedProx,CIFAR10,1.0,42,9,1,0.3516513506571452,5,0.01,6.1590096377528125,0.004737699721348318,0.43624763170252395,8337,1300
FedProx,CIFAR10,1.0,42,9,0,0.2885255614916484,5,0.01,5.841268973528808,0.004217522724569537,0.439454593262004,8864,1385
FedProx,CIFAR10,1.0,42,9,2,0.24543740351994833,5,0.01,6.137262607567912,0.004479753728151761,0.461705328559152,8785,1370
FedProx,CIFAR10,1.0,42,9,3,0.1982970635096232,5,0.01,5.89171264969527,0.003084666308740979,0.604700611576124,12251,1910
FedProx,CIFAR10,1.0,42,10,3,0.1982970635096232,5,0.01,5.944704551662068,0.003112410760032496,0.5961683321373008,12251,1910
FedProx,CIFAR10,1.0,42,10,4,0.2907194495201111,5,0.01,5.412051354727573,0.005129906497372107,0.3138045621975268,6765,1055
FedProx,CIFAR10,1.0,42,10,0,0.2885255614916484,5,0.01,5.845726554550567,0.004220741194621348,0.4306321707999652,8864,1385
FedProx,CIFAR10,1.0,42,10,1,0.3516513506571452,5,0.01,6.184509261423505,0.0047573148164796195,0.4289866409824997,8337,1300
FedProx,CIFAR10,1.0,42,10,2,0.24543740351994833,5,0.01,6.1557451313980245,0.004493244621458412,0.4513855567092173,8785,1370
FedProx,CIFAR10,1.0,43,1,3,0.3142630457878113,5,0.01,5.967120104767878,0.008648000151837506,0.3453016379040406,4440,690
FedProx,CIFAR10,1.0,43,1,0,0.25546268622080487,5,0.01,7.400474365679684,0.005421592941889878,0.512597413025492,8759,1365
FedProx,CIFAR10,1.0,43,1,2,0.3133892814318339,5,0.01,6.451380167843915,0.006001283877064107,0.4364881826408792,6903,1075
FedProx,CIFAR10,1.0,43,1,1,0.19748709599177042,5,0.01,7.5538809663670685,0.004291977821799471,0.6295879378627887,11286,1760
FedProx,CIFAR10,1.0,43,1,4,0.25146202246348065,5,0.01,7.945018888627184,0.0037388324181774984,0.7196744630734239,13614,2125
FedProx,CIFAR10,1.0,43,2,0,0.25546268622080487,5,0.01,7.042514126504994,0.005159351008428567,0.6188203110848837,8759,1365
FedProx,CIFAR10,1.0,43,2,4,0.25146202246348065,5,0.01,7.352959077120422,0.0034602160362919633,0.7462031114733174,13614,2125
FedProx,CIFAR10,1.0,43,2,3,0.3142630457878113,5,0.01,6.407989865713899,0.00928694183436797,0.49178837342153114,4440,690
FedProx,CIFAR10,1.0,43,2,1,0.19748709599177042,5,0.01,7.764122826043081,0.004411433423888114,0.7252010883445701,11286,1760
FedProx,CIFAR10,1.0,43,2,2,0.3133892814318339,5,0.01,6.625554804023927,0.006163306794440862,0.598439687500329,6903,1075
FedProx,CIFAR10,1.0,43,3,1,0.19748709599177042,5,0.01,7.050779382186995,0.004006124648969884,0.7163932019317815,11286,1760
FedProx,CIFAR10,1.0,43,3,3,0.3142630457878113,5,0.01,5.884857404085829,0.008528778846501201,0.44602023290788795,4440,690
FedProx,CIFAR10,1.0,43,3,4,0.25146202246348065,5,0.01,6.653356459085384,0.0031309912748637104,0.7391487403320787,13614,2125
FedProx,CIFAR10,1.0,43,3,0,0.25546268622080487,5,0.01,6.449516636589739,0.004724920612886256,0.6016854710594997,8759,1365
FedProx,CIFAR10,1.0,43,3,2,0.3133892814318339,5,0.01,6.096533600341872,0.005671194046829649,0.547068881686164,6903,1075
FedProx,CIFAR10,1.0,43,4,3,0.3142630457878113,5,0.01,5.540873012571558,0.00803025074285733,0.37410517805145255,4440,690
FedProx,CIFAR10,1.0,43,4,2,0.3133892814318339,5,0.01,5.788468318676881,0.005384621691792448,0.469614690097723,6903,1075
FedProx,CIFAR10,1.0,43,4,4,0.25146202246348065,5,0.01,6.168105255254896,0.0029026377671787745,0.7037310022011318,13614,2125
FedProx,CIFAR10,1.0,43,4,1,0.19748709599177042,5,0.01,6.614071827219472,0.0037579953563747,0.6804266128330255,11286,1760
FedProx,CIFAR10,1.0,43,4,0,0.25546268622080487,5,0.01,6.122163641694509,0.004485101569006966,0.548219832124209,8759,1365
FedProx,CIFAR10,1.0,43,5,1,0.19748709599177042,5,0.01,6.47420874684236,0.0036785276970695228,0.6381085476243554,11286,1760
FedProx,CIFAR10,1.0,43,5,2,0.3133892814318339,5,0.01,5.839072149684274,0.005431695022962115,0.4284762517634593,6903,1075
FedProx,CIFAR10,1.0,43,5,0,0.25546268622080487,5,0.01,5.95016472061741,0.004359095033419348,0.4928815229291446,8759,1365
FedProx,CIFAR10,1.0,43,5,3,0.3142630457878113,5,0.01,5.461471553811172,0.007915176164943728,0.3191961159402983,4440,690
FedProx,CIFAR10,1.0,43,5,4,0.25146202246348065,5,0.01,6.167926480154591,0.0029025536377198075,0.6856165008581286,13614,2125
FedProx,CIFAR10,1.0,43,6,3,0.3142630457878113,5,0.01,5.383094272320933,0.007801585901914395,0.28343105023207577,4440,690
FedProx,CIFAR10,1.0,43,6,0,0.25546268622080487,5,0.01,5.860788555099063,0.004293617989083563,0.46404353636395507,8759,1365
FedProx,CIFAR10,1.0,43,6,2,0.3133892814318339,5,0.01,5.7954775268489485,0.005391141885440882,0.3965389005234072,6903,1075
FedProx,CIFAR10,1.0,43,6,1,0.19748709599177042,5,0.01,6.294035946350291,0.003576156787699029,0.6109171799736903,11286,1760
FedProx,CIFAR10,1.0,43,6,4,0.25146202246348065,5,0.01,6.027456887922655,0.0028364503001988965,0.6702668369785059,13614,2125
FedProx,CIFAR10,1.0,43,7,0,0.25546268622080487,5,0.01,5.987292471861873,0.004386294851180859,0.4462415853339296,8759,1365
FedProx,CIFAR10,1.0,43,7,2,0.3133892814318339,5,0.01,5.793165657748348,0.005388991309533347,0.365795529209139,6903,1075
FedProx,CIFAR10,1.0,43,7,4,0.25146202246348065,5,0.01,6.078189402972575,0.0028603244249282705,0.6498460279059863,13614,2125
FedProx,CIFAR10,1.0,43,7,3,0.3142630457878113,5,0.01,5.303882468891919,0.007686786186799882,0.2497499620464335,4440,690
FedProx,CIFAR10,1.0,43,7,1,0.19748709599177042,5,0.01,6.302134033207614,0.003580757973413417,0.5852886146961707,11286,1760
FedProx,CIFAR10,1.0,43,8,1,0.19748709599177042,5,0.01,6.212841746039345,0.003530023719340537,0.5667429276071512,11286,1760
FedProx,CIFAR10,1.0,43,8,4,0.25146202246348065,5,0.01,6.037030834725101,0.0028409556869294595,0.6431080939126396,13614,2125
FedProx,CIFAR10,1.0,43,8,2,0.3133892814318339,5,0.01,5.863863827985507,0.005454757049288844,0.3506325477942454,6903,1075
FedProx,CIFAR10,1.0,43,8,3,0.3142630457878113,5,0.01,5.291668347424851,0.007669084561485292,0.22897114323857182,4440,690
FedProx,CIFAR10,1.0,43,8,0,0.25546268622080487,5,0.01,5.789911329675679,0.004241693281813684,0.4239760598559657,8759,1365
FedProx,CIFAR10,1.0,43,9,1,0.19748709599177042,5,0.01,6.189765610017263,0.0035169122784188996,0.5549280892121192,11286,1760
FedProx,CIFAR10,1.0,43,9,2,0.3133892814318339,5,0.01,5.953228777291064,0.005537887234689362,0.3462674390071179,6903,1075
FedProx,CIFAR10,1.0,43,9,3,0.3142630457878113,5,0.01,5.258032303699043,0.007620336672027599,0.22135931762696515,4440,690
FedProx,CIFAR10,1.0,43,9,0,0.25546268622080487,5,0.01,5.794849076871329,0.004245310679026615,0.4091648903933066,8759,1365
FedProx,CIFAR10,1.0,43,9,4,0.25146202246348065,5,0.01,6.01203265640665,0.002829191838309012,0.6363430794979686,13614,2125
FedProx,CIFAR10,1.0,43,10,2,0.3133892814318339,5,0.01,5.813550536935134,0.005407953987846636,0.3240428963841824,6903,1075
FedProx,CIFAR10,1.0,43,10,0,0.25546268622080487,5,0.01,5.7373222805292805,0.004203166505882257,0.3990789270650333,8759,1365
FedProx,CIFAR10,1.0,43,10,1,0.19748709599177042,5,0.01,6.108881371411107,0.003470955324665402,0.5422079922111407,11286,1760
FedProx,CIFAR10,1.0,43,10,4,0.25146202246348065,5,0.01,6.053589598162614,0.0028487480461941712,0.6369957424393619,13614,2125
FedProx,CIFAR10,1.0,43,10,3,0.3142630457878113,5,0.01,5.137078395834178,0.007445041153382867,0.19620401537876692,4440,690
FedProx,CIFAR10,1.0,44,1,0,0.19266271591186523,5,0.01,8.172249507135852,0.0036001099150378205,0.7618279525871201,14546,2270
FedProx,CIFAR10,1.0,44,1,4,0.3967623710632324,5,0.01,6.581919977919659,0.006298488017147999,0.4107542282854658,6711,1045
FedProx,CIFAR10,1.0,44,1,3,0.21622896194458008,5,0.01,7.634611503294512,0.0056343996334276844,0.5422302323841577,8678,1355
FedProx,CIFAR10,1.0,44,1,1,0.30242931842803955,5,0.01,6.507463725152788,0.006110294577608252,0.4327800616751417,6842,1065
FedProx,CIFAR10,1.0,44,1,2,0.20605415105819702,5,0.01,7.13606490224649,0.005553357900580926,0.5014919976433223,8225,1285
FedProx,CIFAR10,1.0,44,2,2,0.20605415105819702,5,0.01,7.546594943238037,0.005872836531702752,0.6742908048273558,8225,1285
FedProx,CIFAR10,1.0,44,2,3,0.21622896194458008,5,0.01,7.66353382725473,0.00565574452195921,0.6934270701921561,8678,1355
FedProx,CIFAR10,1.0,44,2,4,0.3967623710632324,5,0.01,6.405500959392986,0.006129665989849748,0.5588442066175291,6711,1045
FedProx,CIFAR10,1.0,44,2,1,0.30242931842803955,5,0.01,6.915746990089691,0.006493659145624123,0.5934759188114374,6842,1065
FedProx,CIFAR10,1.0,44,2,0,0.19266271591186523,5,0.01,7.769958177334785,0.0034228890649051916,0.8106523115522868,14546,2270
FedProx,CIFAR10,1.0,44,3,1,0.30242931842803955,5,0.01,6.268749217829739,0.005886149500309614,0.5300570107405131,6842,1065
FedProx,CIFAR10,1.0,44,3,3,0.21622896194458008,5,0.01,6.681590184160011,0.004931062866538753,0.628754961840376,8678,1355
FedProx,CIFAR10,1.0,44,3,4,0.3967623710632324,5,0.01,5.5724308187038725,0.005332469682970213,0.4827389272892726,6711,1045
FedProx,CIFAR10,1.0,44,3,2,0.20605415105819702,5,0.01,6.635842161301007,0.005164079502957982,0.6149433810342563,8225,1285
FedProx,CIFAR10,1.0,44,3,0,0.19266271591186523,5,0.01,6.943071662288637,0.0030586218776601924,0.7977562685124647,14546,2270
FedProx,CIFAR10,1.0,44,4,4,0.3967623710632324,5,0.01,5.263985496250673,0.005037306694976721,0.4135568974177266,6711,1045
FedProx,CIFAR10,1.0,44,4,3,0.21622896194458008,5,0.01,6.264744027646793,0.0046234273266766,0.566442337529237,8678,1355
FedProx,CIFAR10,1.0,44,4,2,0.20605415105819702,5,0.01,6.116274040586935,0.0047597463350871096,0.5461693690956791,8225,1285
FedProx,CIFAR10,1.0,44,4,0,0.19266271591186523,5,0.01,6.583129130334715,0.0029000568856100066,0.7746238005147301,14546,2270
FedProx,CIFAR10,1.0,44,4,1,0.30242931842803955,5,0.01,6.138183737142365,0.005763552804828511,0.4720828429880779,6842,1065
FedProx,CIFAR10,1.0,44,5,3,0.21622896194458008,5,0.01,6.086575473274232,0.00449193761865257,0.5171783954358186,8678,1355
FedProx,CIFAR10,1.0,44,5,0,0.19266271591186523,5,0.01,6.409612198297381,0.002823617708501049,0.754264161079563,14546,2270
FedProx,CIFAR10,1.0,44,5,2,0.20605415105819702,5,0.01,6.101125169406136,0.004747957330277148,0.5040972954032036,8225,1285
FedProx,CIFAR10,1.0,44,5,1,0.30242931842803955,5,0.01,6.170701146684423,0.005794085583741242,0.43817694227362874,6842,1065
FedProx,CIFAR10,1.0,44,5,4,0.3967623710632324,5,0.01,5.055970073738655,0.004838248874391057,0.3626022734826251,6711,1045
FedProx,CIFAR10,1.0,44,6,3,0.21622896194458008,5,0.01,5.9847253567129375,0.004416771480968957,0.4761356683251274,8678,1355
FedProx,CIFAR10,1.0,44,6,1,0.30242931842803955,5,0.01,6.199753421889018,0.00582136471538875,0.4083457779551743,6842,1065
FedProx,CIFAR10,1.0,44,6,4,0.3967623710632324,5,0.01,4.835576286870401,0.004627345729062584,0.31443604054427776,6711,1045
FedProx,CIFAR10,1.0,44,6,0,0.19266271591186523,5,0.01,6.37798058299507,0.002809683076209282,0.742436933126467,14546,2270
FedProx,CIFAR10,1.0,44,6,2,0.20605415105819702,5,0.01,5.979337969236179,0.004653181299016482,0.46530636196622194,8225,1285
FedProx,CIFAR10,1.0,44,7,4,0.3967623710632324,5,0.01,4.834112849123347,0.004625945310165882,0.294005264339338,6711,1045
FedProx,CIFAR10,1.0,44,7,1,0.30242931842803955,5,0.01,6.186444576101532,0.0058088681465742085,0.3872011360368378,6842,1065
FedProx,CIFAR10,1.0,44,7,2,0.20605415105819702,5,0.01,5.985908284656729,0.004658294384946871,0.4346631923726127,8225,1285
FedProx,CIFAR10,1.0,44,7,3,0.21622896194458008,5,0.01,5.922116681288712,0.004370565816449234,0.44453390839234525,8678,1355
FedProx,CIFAR10,1.0,44,7,0,0.19266271591186523,5,0.01,6.396556878467016,0.002817866466285029,0.7350531151298836,14546,2270
FedProx,CIFAR10,1.0,44,8,0,0.19266271591186523,5,0.01,6.517705888739037,0.0028712360743343777,0.7376620728462162,14546,2270
FedProx,CIFAR10,1.0,44,8,2,0.20605415105819702,5,0.01,5.896390576584223,0.004588630798898229,0.40835225916759293,8225,1285
FedProx,CIFAR10,1.0,44,8,1,0.30242931842803955,5,0.01,6.208860130170019,0.005829915615183117,0.3653235706653373,6842,1065
FedProx,CIFAR10,1.0,44,8,3,0.21622896194458008,5,0.01,5.859700850479128,0.004324502472678324,0.4275980800677084,8678,1355
FedProx,CIFAR10,1.0,44,8,4,0.3967623710632324,5,0.01,4.5951952828232665,0.004397316060117958,0.26240662486141136,6711,1045
FedProx,CIFAR10,1.0,44,9,1,0.30242931842803955,5,0.01,6.295844935529665,0.005911591488760249,0.3543925874981834,6842,1065
FedProx,CIFAR10,1.0,44,9,0,0.19266271591186523,5,0.01,6.515563106136998,0.0028702921172409682,0.7325410919738539,14546,2270
FedProx,CIFAR10,1.0,44,9,4,0.3967623710632324,5,0.01,4.613971754302046,0.0044152839754086565,0.25304476408552007,6711,1045
FedProx,CIFAR10,1.0,44,9,2,0.20605415105819702,5,0.01,5.799896127156178,0.004513537842144886,0.3887899207245277,8225,1285
FedProx,CIFAR10,1.0,44,9,3,0.21622896194458008,5,0.01,5.862542447145228,0.004326599591989098,0.40738475528680934,8678,1355
FedProx,CIFAR10,1.0,44,10,1,0.30242931842803955,5,0.01,6.202891637165813,0.005824311396399824,0.34232637428686075,6842,1065
FedProx,CIFAR10,1.0,44,10,4,0.3967623710632324,5,0.01,4.682536118242184,0.00448089580693032,0.25641029571772916,6711,1045
FedProx,CIFAR10,1.0,44,10,2,0.20605415105819702,5,0.01,5.8466223547857945,0.004549900665202953,0.3900627275473205,8225,1285
FedProx,CIFAR10,1.0,44,10,0,0.19266271591186523,5,0.01,6.371365386627037,0.002806768892787241,0.7273624755238571,14546,2270
FedProx,CIFAR10,1.0,44,10,3,0.21622896194458008,5,0.01,5.702271232829815,0.004208318253010933,0.3955222481187157,8678,1355
FedProx,CIFAR10,1.0,45,1,2,0.279504915078481,5,0.01,7.3714453179816735,0.005246580297495853,0.5404950918246917,9017,1405
FedProx,CIFAR10,1.0,45,1,1,0.3036993145942688,5,0.01,6.7928048827646705,0.005069257375197515,0.5120969404007742,8604,1340
FedProx,CIFAR10,1.0,45,1,4,0.36910732587178546,5,0.01,6.523444701469678,0.006523444701469678,0.4042882099739136,6416,1000
FedProx,CIFAR10,1.0,45,1,0,0.2084338665008545,5,0.01,7.969127992005719,0.003974627427434273,0.7115243637325664,12852,2005
FedProx,CIFAR10,1.0,45,1,3,0.2747526963551839,5,0.01,7.017876146014974,0.005547728178667963,0.5065699053160405,8113,1265
FedProx,CIFAR10,1.0,45,2,0,0.2084338665008545,5,0.01,7.798297816014337,0.0038894253446455545,0.7684870529816674,12852,2005
FedProx,CIFAR10,1.0,45,2,3,0.2747526963551839,5,0.01,6.923952099305665,0.0054734799203997354,0.6315776563280185,8113,1265
FedProx,CIFAR10,1.0,45,2,1,0.3036993145942688,5,0.01,6.826676650782235,0.005094534814016593,0.6049216598533571,8604,1340
FedProx,CIFAR10,1.0,45,2,4,0.36910732587178546,5,0.01,6.162113609272923,0.006162113609272923,0.5644186770845055,6416,1000
FedProx,CIFAR10,1.0,45,2,2,0.279504915078481,5,0.01,7.058773260200772,0.005024037907616207,0.6412697963988555,9017,1405
FedProx,CIFAR10,1.0,45,3,0,0.2084338665008545,5,0.01,7.035981475796238,0.003509217693663959,0.7677439766102845,12852,2005
FedProx,CIFAR10,1.0,45,3,1,0.3036993145942688,5,0.01,6.501089329679874,0.004851559201253637,0.5950585419512189,8604,1340
FedProx,CIFAR10,1.0,45,3,2,0.279504915078481,5,0.01,6.650518486078934,0.004733465114646928,0.6344532578629439,9017,1405
FedProx,CIFAR10,1.0,45,3,4,0.36910732587178546,5,0.01,5.923100026192555,0.005923100026192555,0.5332833362564159,6416,1000
FedProx,CIFAR10,1.0,45,3,3,0.2747526963551839,5,0.01,6.489531368821634,0.005130064323179157,0.6116256258627668,8113,1265
FedProx,CIFAR10,1.0,45,4,1,0.3036993145942688,5,0.01,6.233015373264482,0.004651504009898867,0.553376114845075,8604,1340
FedProx,CIFAR10,1.0,45,4,2,0.279504915078481,5,0.01,6.360528743781462,0.004527066721552642,0.5891083715308703,9017,1405
FedProx,CIFAR10,1.0,45,4,4,0.36910732587178546,5,0.01,5.499901920980867,0.005499901920980867,0.44841282927803644,6416,1000
FedProx,CIFAR10,1.0,45,4,0,0.2084338665008545,5,0.01,6.490996518994313,0.0032374047476280863,0.7288891852347679,12852,2005
FedProx,CIFAR10,1.0,45,4,3,0.2747526963551839,5,0.01,6.087268666090252,0.00481207009177095,0.5495271939507221,8113,1265
FedProx,CIFAR10,1.0,45,5,4,0.36910732587178546,5,0.01,5.434302599707486,0.005434302599707486,0.402597270861839,6416,1000
FedProx,CIFAR10,1.0,45,5,0,0.2084338665008545,5,0.01,6.213782054696243,0.0030991431694245603,0.6922839540056408,12852,2005
FedProx,CIFAR10,1.0,45,5,2,0.279504915078481,5,0.01,6.1731428748824095,0.004393695996357587,0.5464911581216123,9017,1405
FedProx,CIFAR10,1.0,45,5,1,0.3036993145942688,5,0.01,6.264088858935209,0.004674693178309858,0.527340631716472,8604,1340
FedProx,CIFAR10,1.0,45,5,3,0.2747526963551839,5,0.01,5.9841744165213155,0.004730572661281672,0.503354301917861,8113,1265
FedProx,CIFAR10,1.0,45,6,4,0.36910732587178546,5,0.01,5.323308916577113,0.0053233089165771125,0.35701775146946363,6416,1000
FedProx,CIFAR10,1.0,45,6,1,0.3036993145942688,5,0.01,6.3043417345086565,0.004704732637693027,0.5038992582750167,8604,1340
FedProx,CIFAR10,1.0,45,6,2,0.279504915078481,5,0.01,6.128529534551668,0.004361942729218269,0.5091663092138076,9017,1405
FedProx,CIFAR10,1.0,45,6,0,0.2084338665008545,5,0.01,6.140810621852295,0.003062748439826581,0.6696141759392619,12852,2005
FedProx,CIFAR10,1.0,45,6,3,0.2747526963551839,5,0.01,5.989020017865472,0.0047344031761782385,0.4651944211691143,8113,1265
FedProx,CIFAR10,1.0,45,7,3,0.2747526963551839,5,0.01,6.007978837923039,0.004749390385709912,0.44560994952812794,8113,1265
FedProx,CIFAR10,1.0,45,7,2,0.279504915078481,5,0.01,6.029335752832803,0.004291342172834735,0.48089856199231135,9017,1405
FedProx,CIFAR10,1.0,45,7,1,0.3036993145942688,5,0.01,6.299692967680748,0.004701263408716977,0.4789109698697705,8604,1340
FedProx,CIFAR10,1.0,45,7,4,0.36910732587178546,5,0.01,5.282817370199064,0.005282817370199064,0.33739275482715786,6416,1000
FedProx,CIFAR10,1.0,45,7,0,0.2084338665008545,5,0.01,6.062664464565985,0.0030237728002822867,0.6490357969395955,12852,2005
FedProx,CIFAR10,1.0,45,8,1,0.3036993145942688,5,0.01,6.426288215753043,0.00479573747444257,0.4695515124336748,8604,1340
FedProx,CIFAR10,1.0,45,8,4,0.36910732587178546,5,0.01,5.184253213214197,0.005184253213214198,0.30503599531164205,6416,1000
FedProx,CIFAR10,1.0,45,8,2,0.279504915078481,5,0.01,6.069878875759221,0.004320198488084855,0.467242847378007,9017,1405
FedProx,CIFAR10,1.0,45,8,3,0.2747526963551839,5,0.01,6.077347765641403,0.004804227482720477,0.4279293796307637,8113,1265
FedProx,CIFAR10,1.0,45,8,0,0.2084338665008545,5,0.01,6.125745286150379,0.003055234556683481,0.6390315272990134,12852,2005
FedProx,CIFAR10,1.0,45,9,2,0.279504915078481,5,0.01,6.022119220493419,0.004286205850884996,0.45181520989476753,9017,1405
FedProx,CIFAR10,1.0,45,9,1,0.3036993145942688,5,0.01,6.433095235181823,0.004800817339687928,0.45707126294949973,8604,1340
FedProx,CIFAR10,1.0,45,9,3,0.2747526963551839,5,0.01,6.032516241538874,0.004768787542718477,0.4132978989719453,8113,1265
FedProx,CIFAR10,1.0,45,9,4,0.36910732587178546,5,0.01,5.22617026147438,0.00522617026147438,0.2982747995081518,6416,1000
FedProx,CIFAR10,1.0,45,9,0,0.2084338665008545,5,0.01,5.972716198890659,0.002978910822389356,0.6199430058623471,12852,2005
FedProx,CIFAR10,1.0,45,10,4,0.36910732587178546,5,0.01,5.062564394704374,0.0050625643947043745,0.2797797349363183,6416,1000
FedProx,CIFAR10,1.0,45,10,0,0.2084338665008545,5,0.01,5.898317823536527,0.0029418044007663473,0.6166932549226318,12852,2005
FedProx,CIFAR10,1.0,45,10,3,0.2747526963551839,5,0.01,5.874300539301919,0.004643715841345391,0.3961799267070409,8113,1265
FedProx,CIFAR10,1.0,45,10,1,0.3036993145942688,5,0.01,6.343661549021129,0.004734075782851589,0.4472401860785284,8604,1340
FedProx,CIFAR10,1.0,45,10,2,0.279504915078481,5,0.01,5.916051527513695,0.0042107128309706015,0.44463498842660565,9017,1405
FedProx,CIFAR10,1.0,46,1,4,0.23337401946385702,5,0.01,7.582370338968969,0.004408354848237773,0.6259117927467802,11039,1720
FedProx,CIFAR10,1.0,46,1,1,0.4105516274770101,5,0.01,6.517639571302238,0.006389842716962979,0.4032799929376233,6538,1020
FedProx,CIFAR10,1.0,46,1,0,0.3143047293027242,5,0.01,7.46417537804866,0.004709258913595369,0.5641620911393627,10148,1585
FedProx,CIFAR10,1.0,46,1,2,0.38303478558858234,5,0.01,5.634104356826717,0.007665448104526146,0.32698513923608613,4712,735
FedProx,CIFAR10,1.0,46,1,3,0.2132678230603536,5,0.01,8.24406549518088,0.004206155864888204,0.693367812890154,12565,1960
FedProx,CIFAR10,1.0,46,2,4,0.23337401946385702,5,0.01,7.612556542527499,0.0044259049665857555,0.6954269609726162,11039,1720
FedProx,CIFAR10,1.0,46,2,0,0.3143047293027242,5,0.01,7.162825498172047,0.004519132806417695,0.6476278423723733,10148,1585
FedProx,CIFAR10,1.0,46,2,3,0.2132678230603536,5,0.01,7.7534941074734975,0.003955864340547703,0.7351799899557154,12565,1960
FedProx,CIFAR10,1.0,46,2,2,0.38303478558858234,5,0.01,6.3078368899690105,0.00858209100676056,0.5058288929382222,4712,735
FedProx,CIFAR10,1.0,46,2,1,0.4105516274770101,5,0.01,6.683849659020042,0.006552793783352982,0.5347405202304255,6538,1020
FedProx,CIFAR10,1.0,46,3,1,0.4105516274770101,5,0.01,6.021468202430503,0.005903400198461277,0.48683171267795594,6538,1020
FedProx,CIFAR10,1.0,46,3,2,0.38303478558858234,5,0.01,5.91726770877335,0.008050704365678027,0.47221803380847527,4712,735
FedProx,CIFAR10,1.0,46,3,0,0.3143047293027242,5,0.01,6.317127847166107,0.003985569619663159,0.6112113176952306,10148,1585
FedProx,CIFAR10,1.0,46,3,4,0.23337401946385702,5,0.01,6.884270907728458,0.0040024830858886385,0.695460312946069,11039,1720
FedProx,CIFAR10,1.0,46,3,3,0.2132678230603536,5,0.01,7.035392631352108,0.003589486036404137,0.7441534690080878,12565,1960
FedProx,CIFAR10,1.0,46,4,4,0.23337401946385702,5,0.01,6.569238753639873,0.003819324856767368,0.6633595343030644,11039,1720
FedProx,CIFAR10,1.0,46,4,2,0.38303478558858234,5,0.01,5.663877524716265,0.007705955815940497,0.39160311086597527,4712,735
FedProx,CIFAR10,1.0,46,4,0,0.3143047293027242,5,0.01,5.969178985572413,0.00376604352402045,0.566154038524122,10148,1585
FedProx,CIFAR10,1.0,46,4,1,0.4105516274770101,5,0.01,5.592238151842669,0.005482586423375166,0.420090775571456,6538,1020
FedProx,CIFAR10,1.0,46,4,3,0.2132678230603536,5,0.01,6.569250943956532,0.0033516586448757817,0.7106260395948113,12565,1960
FedProx,CIFAR10,1.0,46,5,1,0.4105516274770101,5,0.01,5.369278066671351,0.005263998104579755,0.37294701491808263,6538,1020
FedProx,CIFAR10,1.0,46,5,2,0.38303478558858234,5,0.01,5.604658686792931,0.007625385968425756,0.34750669749666013,4712,735
FedProx,CIFAR10,1.0,46,5,0,0.3143047293027242,5,0.01,5.884201896672594,0.0037124302187208796,0.5336201455428925,10148,1585
FedProx,CIFAR10,1.0,46,5,4,0.23337401946385702,5,0.01,6.505085643047382,0.0037820265366554544,0.6333050041413365,11039,1720
FedProx,CIFAR10,1.0,46,5,3,0.2132678230603536,5,0.01,6.2995444308476305,0.0032140532810447093,0.6745468205254659,12565,1960
FedProx,CIFAR10,1.0,46,6,3,0.2132678230603536,5,0.01,6.199516213367185,0.003163018476207748,0.6486144473388948,12565,1960
FedProx,CIFAR10,1.0,46,6,2,0.38303478558858234,5,0.01,5.62922141715985,0.0076588046491970745,0.3104327143368217,4712,735
FedProx,CIFAR10,1.0,46,6,4,0.23337401946385702,5,0.01,6.43290067697474,0.003740058533124849,0.6115469033526659,11039,1720
FedProx,CIFAR10,1.0,46,6,0,0.3143047293027242,5,0.01,5.785239868688376,0.003649993608005285,0.5023591940306665,10148,1585
FedProx,CIFAR10,1.0,46,6,1,0.4105516274770101,5,0.01,5.324762670081113,0.005220355558903052,0.33671371035728526,6538,1020
FedProx,CIFAR10,1.0,46,7,2,0.38303478558858234,5,0.01,5.554129283635256,0.007556638481136403,0.28241280813854014,4712,735
FedProx,CIFAR10,1.0,46,7,3,0.2132678230603536,5,0.01,6.214576447670836,0.003170702269219814,0.6298916895087706,12565,1960
FedProx,CIFAR10,1.0,46,7,1,0.4105516274770101,5,0.01,5.241416893590942,0.005138644013324453,0.3135104294788124,6538,1020
FedProx,CIFAR10,1.0,46,7,4,0.23337401946385702,5,0.01,6.4380573631237015,0.003743056606467268,0.5932017035318158,11039,1720
FedProx,CIFAR10,1.0,46,7,0,0.3143047293027242,5,0.01,5.8419470889960055,0.0036857710340668804,0.4909890801623684,10148,1585
FedProx,CIFAR10,1.0,46,8,0,0.3143047293027242,5,0.01,5.856997560534068,0.0036952665997060366,0.47952623273529615,10148,1585
FedProx,CIFAR10,1.0,46,8,4,0.23337401946385702,5,0.01,6.444966708364743,0.00374707366765392,0.5832104844234932,11039,1720
FedProx,CIFAR10,1.0,46,8,1,0.4105516274770101,5,0.01,5.21049189078628,0.005108325383123804,0.29177899730421636,6538,1020
FedProx,CIFAR10,1.0,46,8,2,0.38303478558858234,5,0.01,5.544208135081997,0.007543140319839452,0.26141333815118123,4712,735
FedProx,CIFAR10,1.0,46,8,3,0.2132678230603536,5,0.01,6.072886678993454,0.0030984115709150276,0.6107082127928833,12565,1960
FedProx,CIFAR10,1.0,46,9,0,0.3143047293027242,5,0.01,5.655333507671496,0.003568033758783278,0.4562315699444932,10148,1585
FedProx,CIFAR10,1.0,46,9,4,0.23337401946385702,5,0.01,6.376021618298282,0.0037069893129641172,0.571196654265323,11039,1720
FedProx,CIFAR10,1.0,46,9,1,0.4105516274770101,5,0.01,5.200608778028069,0.005098636056890264,0.2851046797459495,6538,1020
FedProx,CIFAR10,1.0,46,9,3,0.2132678230603536,5,0.01,6.035298308508586,0.0030792338308717276,0.607951154794462,12565,1960
FedProx,CIFAR10,1.0,46,9,2,0.38303478558858234,5,0.01,5.4437035449286135,0.007406399380855256,0.2388061072500255,4712,735
FedProx,CIFAR10,1.0,46,10,0,0.3143047293027242,5,0.01,5.818447746435058,0.003670944950432213,0.4654004692725334,10148,1585
FedProx,CIFAR10,1.0,46,10,1,0.4105516274770101,5,0.01,5.151810803966516,0.0050507949058495255,0.27871954339596633,6538,1020
FedProx,CIFAR10,1.0,46,10,4,0.23337401946385702,5,0.01,6.391786956180125,0.003716155207081468,0.555059862748809,11039,1720
FedProx,CIFAR10,1.0,46,10,2,0.38303478558858234,5,0.01,5.520003963186608,0.007510209473723276,0.24037368341384546,4712,735
FedProx,CIFAR10,1.0,46,10,3,0.2132678230603536,5,0.01,6.001890542364953,0.003062189052227017,0.5929823403136759,12565,1960
FedProx,CIFAR10,1.0,47,1,1,0.3090296188990275,5,0.01,7.082405883024256,0.006351933527376014,0.4717110620771443,7155,1115
FedProx,CIFAR10,1.0,47,1,0,0.21534421046574911,5,0.01,7.9542926391566455,0.004532360478151935,0.6623592572681769,11248,1755
FedProx,CIFAR10,1.0,47,1,2,0.31242897113164264,5,0.01,7.414124648180045,0.004188770987672342,0.6215156878806829,11346,1770
FedProx,CIFAR10,1.0,47,1,4,0.2781045238176982,5,0.01,7.180418974141415,0.0056317011561893456,0.5106414656111868,8165,1275
FedProx,CIFAR10,1.0,47,1,3,0.29459049304326373,5,0.01,6.872240079610906,0.006219221791503082,0.4625838516832273,7089,1105
FedProx,CIFAR10,1.0,47,2,1,0.3090296188990275,5,0.01,7.2768333268515235,0.006526307916458765,0.6202057885180317,7155,1115
FedProx,CIFAR10,1.0,47,2,3,0.29459049304326373,5,0.01,6.896742120587787,0.0062413955842423405,0.6035822694694539,7089,1105
FedProx,CIFAR10,1.0,47,2,2,0.31242897113164264,5,0.01,7.105051048077809,0.004014153134507236,0.675590010468008,11346,1770
FedProx,CIFAR10,1.0,47,2,0,0.21534421046574911,5,0.01,7.571781999711097,0.00431440569784108,0.7298835381888545,11248,1755
FedProx,CIFAR10,1.0,47,2,4,0.2781045238176982,5,0.01,7.3680392703718125,0.005778854329703383,0.6411050305317224,8165,1275
FedProx,CIFAR10,1.0,47,3,1,0.3090296188990275,5,0.01,6.399860653231347,0.0057397853392209385,0.5621533502605764,7155,1115
FedProx,CIFAR10,1.0,47,3,3,0.29459049304326373,5,0.01,6.174952821050808,0.0055881925982360255,0.5381902016531792,7089,1105
FedProx,CIFAR10,1.0,47,3,2,0.31242897113164264,5,0.01,6.457238792874794,0.0036481575100987536,0.6614622629059962,11346,1770
FedProx,CIFAR10,1.0,47,3,0,0.21534421046574911,5,0.01,6.861796805936967,0.0039098557298786136,0.7137209562179434,11248,1755
FedProx,CIFAR10,1.0,47,3,4,0.2781045238176982,5,0.01,6.846493681838087,0.005369798966147519,0.6073414979647751,8165,1275
FedProx,CIFAR10,1.0,47,4,2,0.31242897113164264,5,0.01,6.182105308872627,0.0034927148637698456,0.62872485968054,11346,1770
FedProx,CIFAR10,1.0,47,4,4,0.2781045238176982,5,0.01,6.613580486632904,0.005187121950300317,0.5649653552686502,8165,1275
FedProx,CIFAR10,1.0,47,4,1,0.3090296188990275,5,0.01,5.887690601383662,0.005280440001240953,0.4884768759871368,7155,1115
FedProx,CIFAR10,1.0,47,4,3,0.29459049304326373,5,0.01,5.731673095819476,0.005187034475854729,0.47974959700258896,7089,1105
FedProx,CIFAR10,1.0,47,4,0,0.21534421046574911,5,0.01,6.288972317377555,0.0035834600099017406,0.6664612410939311,11248,1755
FedProx,CIFAR10,1.0,47,5,4,0.2781045238176982,5,0.01,6.567145758924545,0.0051507025560192515,0.5300266252290365,8165,1275
FedProx,CIFAR10,1.0,47,5,1,0.3090296188990275,5,0.01,5.7232250233688315,0.005132937240689535,0.4367854794533284,7155,1115
FedProx,CIFAR10,1.0,47,5,3,0.29459049304326373,5,0.01,5.749366474301129,0.005203046583077945,0.4352134626323126,7089,1105
FedProx,CIFAR10,1.0,47,5,2,0.31242897113164264,5,0.01,6.1929728874600505,0.0034988547386779947,0.6128652907121936,11346,1770
FedProx,CIFAR10,1.0,47,5,0,0.21534421046574911,5,0.01,6.135789682931272,0.0034961764575106966,0.6271997461138213,11248,1755
FedProx,CIFAR10,1.0,47,6,3,0.29459049304326373,5,0.01,5.626354445149663,0.00509172347977345,0.40040356310325137,7089,1105
FedProx,CIFAR10,1.0,47,6,1,0.3090296188990275,5,0.01,5.596546211529648,0.005019323956528833,0.40378405088342273,7155,1115
FedProx,CIFAR10,1.0,47,6,4,0.2781045238176982,5,0.01,6.550763205650564,0.005137853494627894,0.5058572509410691,8165,1275
FedProx,CIFAR10,1.0,47,6,0,0.21534421046574911,5,0.01,6.081449980878027,0.003465213664317964,0.6049250296953599,11248,1755
FedProx,CIFAR10,1.0,47,6,2,0.31242897113164264,5,0.01,6.038059701538015,0.0034113331647107428,0.5841683245416031,11346,1770
FedProx,CIFAR10,1.0,47,7,1,0.3090296188990275,5,0.01,5.5677573959021895,0.004993504390943667,0.37176697807498726,7155,1115
FedProx,CIFAR10,1.0,47,7,3,0.29459049304326373,5,0.01,5.636154436244239,0.005100592249994786,0.38127271163167853,7089,1105
FedProx,CIFAR10,1.0,47,7,4,0.2781045238176982,5,0.01,6.4802964368532825,0.005082585440669241,0.47750054396132435,8165,1275
FedProx,CIFAR10,1.0,47,7,2,0.31242897113164264,5,0.01,6.118926966943383,0.0034570208852787478,0.5747339334523006,11346,1770
FedProx,CIFAR10,1.0,47,7,0,0.21534421046574911,5,0.01,6.05267881585386,0.003448819838093368,0.5804794625640928,11248,1755
FedProx,CIFAR10,1.0,47,8,1,0.3090296188990275,5,0.01,5.447388170004471,0.004885549928255131,0.3484528112710133,7155,1115
FedProx,CIFAR10,1.0,47,8,4,0.2781045238176982,5,0.01,6.484630035893123,0.005085984341876959,0.4676763115684555,8165,1275
FedProx,CIFAR10,1.0,47,8,3,0.29459049304326373,5,0.01,5.57497334933265,0.005045224750527285,0.34954671779750773,7089,1105
FedProx,CIFAR10,1.0,47,8,2,0.31242897113164264,5,0.01,6.115887382726065,0.003455303606059924,0.5661339867453288,11346,1770
FedProx,CIFAR10,1.0,47,8,0,0.21534421046574911,5,0.01,5.941751430358241,0.003385613350631476,0.5625125325545491,11248,1755
FedProx,CIFAR10,1.0,47,9,0,0.21534421046574911,5,0.01,5.994645465673138,0.003415752402092956,0.5504826695522245,11248,1755
FedProx,CIFAR10,1.0,47,9,3,0.29459049304326373,5,0.01,5.655467187548891,0.005118069852985421,0.3444439801516656,7089,1105
FedProx,CIFAR10,1.0,47,9,4,0.2781045238176982,5,0.01,6.535186811717818,0.005125636715072798,0.4527232348523736,8165,1275
FedProx,CIFAR10,1.0,47,9,1,0.3090296188990275,5,0.01,5.418133090223544,0.004859312188541296,0.3320823802931214,7155,1115
FedProx,CIFAR10,1.0,47,9,2,0.31242897113164264,5,0.01,6.1494609450001425,0.0034742717203390637,0.5552049198381362,11346,1770
FedProx,CIFAR10,1.0,47,10,1,0.3090296188990275,5,0.01,5.395762240482674,0.004839248646172802,0.32883701813992267,7155,1115
FedProx,CIFAR10,1.0,47,10,3,0.29459049304326373,5,0.01,5.610122778656896,0.00507703418882977,0.3332308776762454,7089,1105
FedProx,CIFAR10,1.0,47,10,2,0.31242897113164264,5,0.01,6.063432178086684,0.003425667897224115,0.5462828134097146,11346,1770
FedProx,CIFAR10,1.0,47,10,0,0.21534421046574911,5,0.01,5.909591784699997,0.003367288766210825,0.545049214622179,11248,1755
FedProx,CIFAR10,1.0,47,10,4,0.2781045238176982,5,0.01,6.410360387473018,0.005027733637233739,0.43641695505098976,8165,1275
FedProx,CIFAR10,1.0,48,1,3,0.22022720177968344,5,0.01,7.588071388772827,0.004879788674451978,0.6008655567325513,9957,1555
FedProx,CIFAR10,1.0,48,1,2,0.19299550851186117,5,0.01,7.139093231915243,0.00511762955692849,0.5595263335538113,8937,1395
FedProx,CIFAR10,1.0,48,1,1,0.28708189725875854,5,0.01,7.272238232719105,0.005213074001949179,0.5478204119413577,8936,1395
FedProx,CIFAR10,1.0,48,1,0,0.25561201572418213,5,0.01,6.687322457720489,0.006965960893458843,0.45120563660080854,6169,960
FedProx,CIFAR10,1.0,48,1,4,0.2503192226092021,5,0.01,7.375979216369314,0.004300862516833419,0.6183390765478318,11003,1715
FedProx,CIFAR10,1.0,48,2,4,0.2503192226092021,5,0.01,7.308377353408724,0.004261444520938031,0.6824191000342122,11003,1715
FedProx,CIFAR10,1.0,48,2,2,0.19299550851186117,5,0.01,7.30326846565992,0.005235317896530409,0.6777885913067028,8937,1395
FedProx,CIFAR10,1.0,48,2,0,0.25561201572418213,5,0.01,6.749437000940192,0.0070306635426460335,0.558776660258908,6169,960
FedProx,CIFAR10,1.0,48,2,3,0.22022720177968344,5,0.01,7.543035261438099,0.004850826534686881,0.6774453035760588,9957,1555
FedProx,CIFAR10,1.0,48,2,1,0.28708189725875854,5,0.01,6.958021533705404,0.004987829056419644,0.6171078162347693,8936,1395
FedProx,CIFAR10,1.0,48,3,1,0.28708189725875854,5,0.01,6.231069264746676,0.004466716318814822,0.5975157016621291,8936,1395
FedProx,CIFAR10,1.0,48,3,4,0.2503192226092021,5,0.01,6.959001722664456,0.004057726951990937,0.690395285760658,11003,1715
FedProx,CIFAR10,1.0,48,3,3,0.22022720177968344,5,0.01,6.948422231491268,0.004468438734077986,0.6803428168512269,9957,1555
FedProx,CIFAR10,1.0,48,3,2,0.19299550851186117,5,0.01,6.706678904255459,0.0048076551284985366,0.6624169499640882,8937,1395
FedProx,CIFAR10,1.0,48,3,0,0.25561201572418213,5,0.01,6.5091019284964595,0.006780314508850479,0.5384946666551123,6169,960
FedProx,CIFAR10,1.0,48,4,2,0.19299550851186117,5,0.01,6.273352193664636,0.0044970266621251875,0.6029454369173828,8937,1395
FedProx,CIFAR10,1.0,48,4,1,0.28708189725875854,5,0.01,5.790151185972832,0.004150646011450059,0.5410235175988065,8936,1395
FedProx,CIFAR10,1.0,48,4,3,0.22022720177968344,5,0.01,6.359222228340925,0.004089531979640466,0.6277766925627437,9957,1555
FedProx,CIFAR10,1.0,48,4,0,0.25561201572418213,5,0.01,6.141656654461147,0.006397559015063695,0.4730105931918441,6169,960
FedProx,CIFAR10,1.0,48,4,4,0.2503192226092021,5,0.01,6.478411339808773,0.0037774993235036576,0.6541946641686482,11003,1715
FedProx,CIFAR10,1.0,48,5,2,0.19299550851186117,5,0.01,6.1347244099779505,0.00439765190679423,0.5561158584719723,8937,1395
FedProx,CIFAR10,1.0,48,5,1,0.28708189725875854,5,0.01,5.5728758098195526,0.003994893053634088,0.4960675615921135,8936,1395
FedProx,CIFAR10,1.0,48,5,0,0.25561201572418213,5,0.01,6.1377910966296625,0.0063935323923225654,0.4388870455365658,6169,960
FedProx,CIFAR10,1.0,48,5,3,0.22022720177968344,5,0.01,6.2753263741129945,0.004035579661809,0.5890946787627159,9957,1555
FedProx,CIFAR10,1.0,48,5,4,0.2503192226092021,5,0.01,6.311083779876419,0.003679932233164093,0.6254163251807403,11003,1715
FedProx,CIFAR10,1.0,48,6,0,0.25561201572418213,5,0.01,6.100775159698834,0.006354974124686286,0.3971216240332593,6169,960
FedProx,CIFAR10,1.0,48,6,1,0.28708189725875854,5,0.01,5.551533860074415,0.003979594164927896,0.46198609151889614,8936,1395
FedProx,CIFAR10,1.0,48,6,3,0.22022720177968344,5,0.01,6.182804683064841,0.003976080182035268,0.5613577543150648,9957,1555
FedProx,CIFAR10,1.0,48,6,4,0.2503192226092021,5,0.01,6.257823020463843,0.00364887639677192,0.6003126552970909,11003,1715
FedProx,CIFAR10,1.0,48,6,2,0.19299550851186117,5,0.01,6.088091914594394,0.004364223594691322,0.5218648374829862,8937,1395
FedProx,CIFAR10,1.0,48,7,3,0.22022720177968344,5,0.01,6.171122611235616,0.003968567595649914,0.5325862373922768,9957,1555
FedProx,CIFAR10,1.0,48,7,1,0.28708189725875854,5,0.01,5.569705584527483,0.003992620490700705,0.44312674190142726,8936,1395
FedProx,CIFAR10,1.0,48,7,4,0.2503192226092021,5,0.01,6.305864764954356,0.003676889075775135,0.5860476109844365,11003,1715
FedProx,CIFAR10,1.0,48,7,0,0.25561201572418213,5,0.01,6.1103064227980655,0.006364902523747985,0.37672951312606956,6169,960
FedProx,CIFAR10,1.0,48,7,2,0.19299550851186117,5,0.01,6.117056541968971,0.004384986768436538,0.4968254932244877,8937,1395
FedProx,CIFAR10,1.0,48,8,3,0.22022720177968344,5,0.01,6.1419074291674685,0.003949779697213806,0.5189931648511686,9957,1555
FedProx,CIFAR10,1.0,48,8,1,0.28708189725875854,5,0.01,5.43295629091615,0.003894592323237383,0.4161431494653555,8936,1395
FedProx,CIFAR10,1.0,48,8,4,0.2503192226092021,5,0.01,6.283973753098149,0.003664124637375014,0.5749090145169091,11003,1715
FedProx,CIFAR10,1.0,48,8,2,0.19299550851186117,5,0.01,6.0428758964367235,0.004331810678449264,0.472287622546607,8937,1395
FedProx,CIFAR10,1.0,48,8,0,0.25561201572418213,5,0.01,6.135648817327171,0.00639130085138247,0.35365842468873704,6169,960
FedProx,CIFAR10,1.0,48,9,2,0.19299550851186117,5,0.01,6.1316195798493744,0.004395426222114247,0.45925615395796715,8937,1395
FedProx,CIFAR10,1.0,48,9,1,0.28708189725875854,5,0.01,5.513795437792679,0.0039525415324678705,0.4096643296186858,8936,1395
FedProx,CIFAR10,1.0,48,9,0,0.25561201572418213,5,0.01,6.148229047874709,0.006404405258202822,0.33823971230462513,6169,960
FedProx,CIFAR10,1.0,48,9,4,0.2503192226092021,5,0.01,6.305813185153832,0.003676859000089698,0.5585761283236964,11003,1715
FedProx,CIFAR10,1.0,48,9,3,0.22022720177968344,5,0.01,6.205510894206599,0.003990682247078199,0.5104744049064008,9957,1555
FedProx,CIFAR10,1.0,48,10,2,0.19299550851186117,5,0.01,5.977676571734016,0.004285072811278864,0.4462518819296218,8937,1395
FedProx,CIFAR10,1.0,48,10,0,0.25561201572418213,5,0.01,6.070688174547612,0.006323633515153762,0.3276039665107202,6169,960
FedProx,CIFAR10,1.0,48,10,3,0.22022720177968344,5,0.01,6.007317864949449,0.0038632269227970736,0.49210396651377114,9957,1555
FedProx,CIFAR10,1.0,48,10,4,0.2503192226092021,5,0.01,6.200943484024928,0.0036157104863119116,0.5490308693950867,11003,1715
FedProx,CIFAR10,1.0,48,10,1,0.28708189725875854,5,0.01,5.5846099923593595,0.004003304654021047,0.4102094729802744,8936,1395
FedProx,CIFAR10,1.0,49,1,0,0.21312912305196127,5,0.01,7.510425762479795,0.0056682458584753175,0.5314622362012279,8483,1325
FedProx,CIFAR10,1.0,49,1,3,0.1574380894502004,5,0.01,6.945772472157728,0.0057403078282295275,0.4957006694488574,7774,1210
FedProx,CIFAR10,1.0,49,1,1,0.28165485461552936,5,0.01,7.5093750407791795,0.00401570857795678,0.6556646720682606,11999,1870
FedProx,CIFAR10,1.0,49,1,2,0.2265722950299581,5,0.01,7.768667933572206,0.005321005433953566,0.5802821785951655,9362,1460
FedProx,CIFAR10,1.0,49,1,4,0.31873313585917157,5,0.01,6.707519061587228,0.0058326252709454155,0.4596623025606509,7384,1150
FedProx,CIFAR10,1.0,49,2,3,0.1574380894502004,5,0.01,7.288869876575034,0.006023859402128127,0.6550226520771113,7774,1210
FedProx,CIFAR10,1.0,49,2,2,0.2265722950299581,5,0.01,7.451125878355506,0.005103510875585963,0.672046449867419,9362,1460
FedProx,CIFAR10,1.0,49,2,4,0.31873313585917157,5,0.01,6.471676640728699,0.005627544904981478,0.552060715779393,7384,1150
FedProx,CIFAR10,1.0,49,2,1,0.28165485461552936,5,0.01,7.278653541288051,0.003892328096945482,0.7069969091210088,11999,1870
FedProx,CIFAR10,1.0,49,2,0,0.21312912305196127,5,0.01,7.164110127603733,0.005406875568002817,0.6571825886718774,8483,1325
FedProx,CIFAR10,1.0,49,3,1,0.28165485461552936,5,0.01,6.914789905374921,0.0036977486124999577,0.7101065303810178,11999,1870
FedProx,CIFAR10,1.0,49,3,4,0.31873313585917157,5,0.01,6.062463903482825,0.005271707742158978,0.5492349337595239,7384,1150
FedProx,CIFAR10,1.0,49,3,3,0.1574380894502004,5,0.01,6.752404743741992,0.0055804997882165225,0.6436372325140195,7774,1210
FedProx,CIFAR10,1.0,49,3,0,0.21312912305196127,5,0.01,6.646258598615625,0.005016044225370283,0.6473984577711448,8483,1325
FedProx,CIFAR10,1.0,49,3,2,0.2265722950299581,5,0.01,6.830212996888321,0.004678228080060493,0.6671314338641365,9362,1460
FedProx,CIFAR10,1.0,49,4,1,0.28165485461552936,5,0.01,6.570623825326484,0.0035137025803884943,0.6869197498580781,11999,1870
FedProx,CIFAR10,1.0,49,4,3,0.1574380894502004,5,0.01,6.361296708964263,0.0052572700074084815,0.5800352971311482,7774,1210
FedProx,CIFAR10,1.0,49,4,4,0.31873313585917157,5,0.01,5.87292624376269,0.0051068923858806,0.4877836916634375,7384,1150
FedProx,CIFAR10,1.0,49,4,2,0.2265722950299581,5,0.01,6.248477786358772,0.0042797793057251865,0.6029126433637778,9362,1460
FedProx,CIFAR10,1.0,49,4,0,0.21312912305196127,5,0.01,6.209218659823737,0.0046862027621311225,0.5824547374267672,8483,1325
FedProx,CIFAR10,1.0,49,5,0,0.21312912305196127,5,0.01,6.071272219678731,0.004582092241266967,0.533029051172661,8483,1325
FedProx,CIFAR10,1.0,49,5,4,0.31873313585917157,5,0.01,5.7838537303154505,0.005029438026361261,0.45215202629644485,7384,1150
FedProx,CIFAR10,1.0,49,5,1,0.28165485461552936,5,0.01,6.497284143759267,0.0034744834993365066,0.6653079239040132,11999,1870
FedProx,CIFAR10,1.0,49,5,2,0.2265722950299581,5,0.01,6.07798342496886,0.004163002345869082,0.5534299860028448,9362,1460
FedProx,CIFAR10,1.0,49,5,3,0.1574380894502004,5,0.01,6.253804977251436,0.005168433865497054,0.530434436290316,7774,1210
FedProx,CIFAR10,1.0,49,6,0,0.21312912305196127,5,0.01,6.017306847115237,0.004541363658200179,0.49493409303597774,8483,1325
FedProx,CIFAR10,1.0,49,6,3,0.1574380894502004,5,0.01,6.135451663167575,0.0050706212092294,0.4845555629683826,7774,1210
FedProx,CIFAR10,1.0,49,6,2,0.2265722950299581,5,0.01,6.0059465361274125,0.004113662011046173,0.5165472192940781,9362,1460
FedProx,CIFAR10,1.0,49,6,1,0.28165485461552936,5,0.01,6.506385197527526,0.003479350373009372,0.6497964669339507,11999,1870
FedProx,CIFAR10,1.0,49,6,4,0.31873313585917157,5,0.01,5.640022616203642,0.004904367492350993,0.40949561757338176,7384,1150
FedProx,CIFAR10,1.0,49,7,2,0.2265722950299581,5,0.01,5.9347593988486835,0.004064903697841564,0.4831948695664592,9362,1460
FedProx,CIFAR10,1.0,49,7,1,0.28165485461552936,5,0.01,6.505967185645689,0.003479126837243684,0.6368270991117916,11999,1870
FedProx,CIFAR10,1.0,49,7,0,0.21312912305196127,5,0.01,6.035598540094098,0.004555168709504979,0.462730952165023,8483,1325
FedProx,CIFAR10,1.0,49,7,3,0.1574380894502004,5,0.01,6.210124321613837,0.00513233415009408,0.4562055190128331,7774,1210
FedProx,CIFAR10,1.0,49,7,4,0.31873313585917157,5,0.01,5.631894123792924,0.004897299238080804,0.3868426379476026,7384,1150
FedProx,CIFAR10,1.0,49,8,4,0.31873313585917157,5,0.01,5.618034637535482,0.004885247510900419,0.3618178300221261,7384,1150
FedProx,CIFAR10,1.0,49,8,0,0.21312912305196127,5,0.01,5.903827699862983,0.0044557190187645155,0.43831972621263915,8483,1325
FedProx,CIFAR10,1.0,49,8,3,0.1574380894502004,5,0.01,6.110972176909448,0.005050390228850784,0.4274410339088133,7774,1210
FedProx,CIFAR10,1.0,49,8,2,0.2265722950299581,5,0.01,5.972566544832042,0.004090799003309618,0.46485829299244585,9362,1460
FedProx,CIFAR10,1.0,49,8,1,0.28165485461552936,5,0.01,6.582600869368323,0.0035201074167745044,0.6342044578318736,11999,1870
FedProx,CIFAR10,1.0,49,9,4,0.31873313585917157,5,0.01,5.472465608144375,0.0047586657462125,0.34394930944205354,7384,1150
FedProx,CIFAR10,1.0,49,9,0,0.21312912305196127,5,0.01,5.790043988144604,0.004369844519354418,0.40681173257827613,8483,1325
FedProx,CIFAR10,1.0,49,9,2,0.2265722950299581,5,0.01,5.87849356979566,0.00402636545876415,0.4545630717586797,9362,1460
FedProx,CIFAR10,1.0,49,9,1,0.28165485461552936,5,0.01,6.679257327848323,0.0035717953624857346,0.6371002856469493,11999,1870
FedProx,CIFAR10,1.0,49,9,3,0.1574380894502004,5,0.01,6.212411811065549,0.005134224637244255,0.4206670601158119,7774,1210
FedProx,CIFAR10,1.0,49,10,1,0.28165485461552936,5,0.01,6.67413173164246,0.00356905440194784,0.6330770770224129,11999,1870
FedProx,CIFAR10,1.0,49,10,4,0.31873313585917157,5,0.01,5.451922495330174,0.0047408021698523255,0.3286497963207855,7384,1150
FedProx,CIFAR10,1.0,49,10,2,0.2265722950299581,5,0.01,5.855846086883146,0.0040108534841665384,0.4453084346426016,9362,1460
FedProx,CIFAR10,1.0,49,10,3,0.1574380894502004,5,0.01,6.083470180510045,0.005027661306206649,0.3972286465020506,7774,1210
FedProx,CIFAR10,1.0,49,10,0,0.21312912305196127,5,0.01,5.847547596593585,0.0044132434691272334,0.40705323674402744,8483,1325
FedProx,CIFAR10,1.0,50,1,4,0.28788671890894574,5,0.01,7.2231427805571755,0.0042240601055889915,0.6048885215103698,10967,1710
FedProx,CIFAR10,1.0,50,1,2,0.2665809790293376,5,0.01,7.348484135876154,0.0056526801045201185,0.5406624714419271,8323,1300
FedProx,CIFAR10,1.0,50,1,3,0.22560898462931314,5,0.01,7.1175575572217955,0.004792968052001209,0.5672153827918012,9512,1485
FedProx,CIFAR10,1.0,50,1,0,0.2513208786646525,5,0.01,7.578108151539267,0.005085978625194139,0.5831909221281141,9554,1490
FedProx,CIFAR10,1.0,50,1,1,0.1801112691561381,5,0.01,7.292055139559352,0.007045463902955896,0.4795495573559789,6647,1035
FedProx,CIFAR10,1.0,50,2,4,0.28788671890894574,5,0.01,7.354606071064827,0.004300939222844928,0.6698999474158315,10967,1710
FedProx,CIFAR10,1.0,50,2,0,0.2513208786646525,5,0.01,7.632038773329212,0.00512217367337531,0.6685245849332915,9554,1490
FedProx,CIFAR10,1.0,50,2,1,0.1801112691561381,5,0.01,7.224321735159958,0.0069800210001545486,0.6223848607886875,6647,1035
FedProx,CIFAR10,1.0,50,2,2,0.2665809790293376,5,0.01,7.348553574447694,0.005652733518805918,0.6335451374089301,8323,1300
FedProx,CIFAR10,1.0,50,2,3,0.22560898462931314,5,0.01,7.385510006151921,0.004973407411550115,0.675693904122526,9512,1485
FedProx,CIFAR10,1.0,50,3,2,0.2665809790293376,5,0.01,6.682560801576263,0.005140431385827895,0.6133207951832198,8323,1300
FedProx,CIFAR10,1.0,50,3,1,0.1801112691561381,5,0.01,6.545947403558004,0.006324586863341066,0.6054184279917768,6647,1035
FedProx,CIFAR10,1.0,50,3,3,0.22560898462931314,5,0.01,6.90350489934384,0.00464882484804299,0.6787107868343498,9512,1485
FedProx,CIFAR10,1.0,50,3,4,0.28788671890894574,5,0.01,6.712514887050841,0.003925447302368913,0.6809660081061455,10967,1710
FedProx,CIFAR10,1.0,50,3,0,0.2513208786646525,5,0.01,6.732209049962417,0.004518261107357327,0.6622957366192209,9554,1490
FedProx,CIFAR10,1.0,50,4,4,0.28788671890894574,5,0.01,6.348601423899572,0.0037126324116371766,0.6390662568955653,10967,1710
FedProx,CIFAR10,1.0,50,4,0,0.2513208786646525,5,0.01,6.1564891958064,0.0041318719434942286,0.5999009439977259,9554,1490
FedProx,CIFAR10,1.0,50,4,1,0.1801112691561381,5,0.01,6.024959357556555,0.0058212167705860435,0.5152195261539272,6647,1035
FedProx,CIFAR10,1.0,50,4,2,0.2665809790293376,5,0.01,6.304116580090529,0.004849320446223484,0.5579909975429399,8323,1300
FedProx,CIFAR10,1.0,50,4,3,0.22560898462931314,5,0.01,6.501742518722563,0.004378277790385564,0.6250957836855967,9512,1485
FedProx,CIFAR10,1.0,50,5,1,0.1801112691561381,5,0.01,5.872783112165047,0.005674186581801978,0.4563077001308221,6647,1035
FedProx,CIFAR10,1.0,50,5,2,0.2665809790293376,5,0.01,6.090401427655706,0.004684924175119774,0.51258703780218,8323,1300
FedProx,CIFAR10,1.0,50,5,4,0.28788671890894574,5,0.01,6.231001790658952,0.0036438606962917847,0.6146158627449181,10967,1710
FedProx,CIFAR10,1.0,50,5,3,0.22560898462931314,5,0.01,6.356899965784857,0.00428074071770024,0.5924644897068806,9512,1485
FedProx,CIFAR10,1.0,50,5,0,0.2513208786646525,5,0.01,5.870830913748668,0.003940154975670246,0.5497885077729838,9554,1490
FedProx,CIFAR10,1.0,50,6,3,0.22560898462931314,5,0.01,6.316591864757418,0.004253597215324861,0.5585087735976044,9512,1485
FedProx,CIFAR10,1.0,50,6,0,0.2513208786646525,5,0.01,5.856419634383082,0.003930482976096028,0.5082809526690336,9554,1490
FedProx,CIFAR10,1.0,50,6,1,0.1801112691561381,5,0.01,5.778514108501979,0.0055831054188424925,0.40902516838129876,6647,1035
FedProx,CIFAR10,1.0,50,6,4,0.28788671890894574,5,0.01,6.289526631498406,0.0036780857494142726,0.5953313486364159,10967,1710
FedProx,CIFAR10,1.0,50,6,2,0.2665809790293376,5,0.01,6.110881175299979,0.00470067782715383,0.47440195073599384,8323,1300
FedProx,CIFAR10,1.0,50,7,0,0.2513208786646525,5,0.01,5.726428707317183,0.0038432407431658946,0.48564403401526646,9554,1490
FedProx,CIFAR10,1.0,50,7,1,0.1801112691561381,5,0.01,5.645968639964361,0.005455042164216774,0.3707417210324158,6647,1035
FedProx,CIFAR10,1.0,50,7,2,0.2665809790293376,5,0.01,6.049938900433991,0.0046537991541799936,0.45050585417893885,8323,1300
FedProx,CIFAR10,1.0,50,7,3,0.22560898462931314,5,0.01,6.330882718403321,0.004263220685793482,0.5367882248057829,9512,1485
FedProx,CIFAR10,1.0,50,7,4,0.28788671890894574,5,0.01,6.310293894144291,0.0036902303474528014,0.5817747520025326,10967,1710
FedProx,CIFAR10,1.0,50,8,2,0.2665809790293376,5,0.01,5.970998278485877,0.00459307559883529,0.43215913722998406,8323,1300
FedProx,CIFAR10,1.0,50,8,0,0.2513208786646525,5,0.01,5.670413280045536,0.0038056464966748564,0.45758529548876886,9554,1490
FedProx,CIFAR10,1.0,50,8,3,0.22560898462931314,5,0.01,6.3034439535177,0.0042447434030422225,0.5194305419268335,9512,1485
FedProx,CIFAR10,1.0,50,8,4,0.28788671890894574,5,0.01,6.388080124537791,0.0037357193710747315,0.5722667699882502,10967,1710
FedProx,CIFAR10,1.0,50,8,1,0.1801112691561381,5,0.01,5.626857692989158,0.005436577481148945,0.356568389311801,6647,1035
FedProx,CIFAR10,1.0,50,9,2,0.2665809790293376,5,0.01,6.075446481186441,0.004673420370143416,0.42565593104760996,8323,1300
FedProx,CIFAR10,1.0,50,9,4,0.28788671890894574,5,0.01,6.4025668770910755,0.0037441911561936114,0.5733297609622351,10967,1710
FedProx,CIFAR10,1.0,50,9,0,0.2513208786646525,5,0.01,5.547111713976533,0.0037228937677694853,0.4411887771698019,9554,1490
FedProx,CIFAR10,1.0,50,9,3,0.22560898462931314,5,0.01,6.101151445751613,0.004108519492088628,0.4958506186513073,9512,1485
FedProx,CIFAR10,1.0,50,9,1,0.1801112691561381,5,0.01,5.690368983026977,0.005497941046402876,0.33720708720435044,6647,1035
FedProx,CIFAR10,1.0,50,10,0,0.2513208786646525,5,0.01,5.6756298540265675,0.003809147553037965,0.436530282893607,9554,1490
FedProx,CIFAR10,1.0,50,10,1,0.1801112691561381,5,0.01,5.560930809895076,0.00537288000956046,0.3226007059275425,6647,1035
FedProx,CIFAR10,1.0,50,10,2,0.2665809790293376,5,0.01,6.0144522388035835,0.004626501722156603,0.4133783973294493,8323,1300
FedProx,CIFAR10,1.0,50,10,4,0.28788671890894574,5,0.01,6.394120369532845,0.003739251678089383,0.5661857396872694,10967,1710
FedProx,CIFAR10,1.0,50,10,3,0.22560898462931314,5,0.01,6.175738162326447,0.0041587462372568666,0.48864399694631605,9512,1485
FedProx,CIFAR10,1.0,51,1,1,0.24692352612813315,5,0.01,6.515471474992398,0.0057405035021959455,0.47163838032862215,7281,1135
FedProx,CIFAR10,1.0,51,1,3,0.22216339906056723,5,0.01,6.792600022675949,0.005369644286700355,0.5074270429131997,8096,1265
FedProx,CIFAR10,1.0,51,1,4,0.248135507106781,5,0.01,6.751896200726853,0.007107259158659845,0.4248221186862717,6080,950
FedProx,CIFAR10,1.0,51,1,0,0.23744279146194458,5,0.01,8.169235455517489,0.004310942192885218,0.676481428059768,12157,1895
FedProx,CIFAR10,1.0,51,1,2,0.194806178410848,5,0.01,7.545362327086404,0.004250908353288115,0.6278398587108657,11388,1775
FedProx,CIFAR10,1.0,51,2,1,0.24692352612813315,5,0.01,6.613034979374371,0.005826462536893719,0.575197712084932,7281,1135
FedProx,CIFAR10,1.0,51,2,2,0.194806178410848,5,0.01,7.534168333834803,0.00424460187821679,0.710877683838458,11388,1775
FedProx,CIFAR10,1.0,51,2,4,0.248135507106781,5,0.01,6.9524820859363405,0.007318402195722463,0.5861066256389085,6080,950
FedProx,CIFAR10,1.0,51,2,0,0.23744279146194458,5,0.01,7.608853996186096,0.0040152263832116605,0.7265647059290209,12157,1895
FedProx,CIFAR10,1.0,51,2,3,0.22216339906056723,5,0.01,7.19641338566034,0.005688864336490387,0.6384596171387025,8096,1265
FedProx,CIFAR10,1.0,51,3,1,0.24692352612813315,5,0.01,6.369188293494517,0.005611619641845389,0.5703841036095574,7281,1135
FedProx,CIFAR10,1.0,51,3,3,0.22216339906056723,5,0.01,6.779072905747887,0.005358950913634693,0.6276725634451144,8096,1265
FedProx,CIFAR10,1.0,51,3,0,0.23744279146194458,5,0.01,6.574400242861965,0.003469340497552488,0.7022819289175349,12157,1895
FedProx,CIFAR10,1.0,51,3,2,0.194806178410848,5,0.01,6.978908326189613,0.003931779338698373,0.7225938824104985,11388,1775
FedProx,CIFAR10,1.0,51,3,4,0.248135507106781,5,0.01,6.545146359192923,0.006889627746518866,0.5523855780582098,6080,950
FedProx,CIFAR10,1.0,51,4,1,0.24692352612813315,5,0.01,6.095545986243318,0.005370525098011733,0.5040272889646759,7281,1135
FedProx,CIFAR10,1.0,51,4,3,0.22216339906056723,5,0.01,6.4356352889260995,0.005087458726423794,0.5672548003406039,8096,1265
FedProx,CIFAR10,1.0,51,4,2,0.194806178410848,5,0.01,6.576463351910469,0.003705049775724208,0.6864741705980858,11388,1775
FedProx,CIFAR10,1.0,51,4,0,0.23744279146194458,5,0.01,6.095982835867141,0.003216877485945721,0.659011208935471,12157,1895
FedProx,CIFAR10,1.0,51,4,4,0.248135507106781,5,0.01,6.130098668633701,0.0064527354406670534,0.48281258812346983,6080,950
FedProx,CIFAR10,1.0,51,5,3,0.22216339906056723,5,0.01,6.368998114104826,0.005034781117869428,0.5241130981915949,8096,1265
FedProx,CIFAR10,1.0,51,5,1,0.24692352612813315,5,0.01,6.058218250178265,0.005337637224826665,0.4590021407629306,7281,1135
FedProx,CIFAR10,1.0,51,5,4,0.248135507106781,5,0.01,6.085702139521808,0.0064060022521282185,0.4236903839451566,6080,950
FedProx,CIFAR10,1.0,51,5,0,0.23744279146194458,5,0.01,5.879884941555855,0.0031028416578131163,0.61730520016106,12157,1895
FedProx,CIFAR10,1.0,51,5,2,0.194806178410848,5,0.01,6.473065602302715,0.003646797522424065,0.6524426712692121,11388,1775
FedProx,CIFAR10,1.0,51,6,3,0.22216339906056723,5,0.01,6.318585819979449,0.004994929501960039,0.4835205465696268,8096,1265
FedProx,CIFAR10,1.0,51,6,1,0.24692352612813315,5,0.01,5.955375244282882,0.005247026646945271,0.4222441248066366,7281,1135
FedProx,CIFAR10,1.0,51,6,2,0.194806178410848,5,0.01,6.521405968108176,0.00367403153132855,0.6344235297117465,11388,1775
FedProx,CIFAR10,1.0,51,6,0,0.23744279146194458,5,0.01,5.75640251660881,0.0030376794282896097,0.5832427743907781,12157,1895
FedProx,CIFAR10,1.0,51,6,4,0.248135507106781,5,0.01,5.902999647038771,0.00621368383898818,0.38770737210755873,6080,950
FedProx,CIFAR10,1.0,51,7,4,0.248135507106781,5,0.01,5.923328020495913,0.006235082126837804,0.35315655369361487,6080,950
FedProx,CIFAR10,1.0,51,7,3,0.22216339906056723,5,0.01,6.303127776161321,0.004982709704475352,0.4572587668190867,8096,1265
FedProx,CIFAR10,1.0,51,7,0,0.23744279146194458,5,0.01,5.7566256533660525,0.0030377971785572836,0.5683062699323967,12157,1895
FedProx,CIFAR10,1.0,51,7,1,0.24692352612813315,5,0.01,6.00574400670717,0.0052914044111957445,0.4004804463637059,7281,1135
FedProx,CIFAR10,1.0,51,7,2,0.194806178410848,5,0.01,6.526289022534146,0.0036767825479065612,0.6173022345472836,11388,1775
FedProx,CIFAR10,1.0,51,8,3,0.22216339906056723,5,0.01,6.3009386432679815,0.00498097916463872,0.4430004073969581,8096,1265
FedProx,CIFAR10,1.0,51,8,0,0.23744279146194458,5,0.01,5.670639871783354,0.0029924220959278913,0.5501478534519852,12157,1895
FedProx,CIFAR10,1.0,51,8,1,0.24692352612813315,5,0.01,6.098365603199373,0.00537300934202588,0.38389695410614855,7281,1135
FedProx,CIFAR10,1.0,51,8,2,0.194806178410848,5,0.01,6.50152348432529,0.003662830132014248,0.6012820797963855,11388,1775
FedProx,CIFAR10,1.0,51,8,4,0.248135507106781,5,0.01,5.774041114452887,0.0060779380152135645,0.32276138111974095,6080,950
FedProx,CIFAR10,1.0,51,9,1,0.24692352612813315,5,0.01,6.185495365325266,0.005449775652268956,0.37141524965923783,7281,1135
FedProx,CIFAR10,1.0,51,9,4,0.248135507106781,5,0.01,5.70243206635244,0.006002560069844674,0.3082338619413147,6080,950
FedProx,CIFAR10,1.0,51,9,0,0.23744279146194458,5,0.01,5.685692498875751,0.0030003654347629293,0.5389057943699816,12157,1895
FedProx,CIFAR10,1.0,51,9,3,0.22216339906056723,5,0.01,6.321511427997837,0.004997242235571413,0.4258699510692641,8096,1265
FedProx,CIFAR10,1.0,51,9,2,0.194806178410848,5,0.01,6.505974610752025,0.0036653378088743805,0.5905490675076401,11388,1775
FedProx,CIFAR10,1.0,51,10,2,0.194806178410848,5,0.01,6.5663355777748444,0.0036993439874787857,0.5929818316628377,11388,1775
FedProx,CIFAR10,1.0,51,10,3,0.22216339906056723,5,0.01,6.389806360953834,0.005051230324864691,0.41951097769212625,8096,1265
FedProx,CIFAR10,1.0,51,10,0,0.23744279146194458,5,0.01,5.54544451939526,0.0029263559469104275,0.5208698875195747,12157,1895
FedProx,CIFAR10,1.0,51,10,4,0.248135507106781,5,0.01,5.6604719665581005,0.0059583915437453686,0.2946358112118294,6080,950
FedProx,CIFAR10,1.0,51,10,1,0.24692352612813315,5,0.01,6.055578074950685,0.005335311079251705,0.35736169592885214,7281,1135
FedProx,CIFAR10,0.1,42,1,0,0.4210306803385417,5,0.01,6.95140350344715,0.004827363544060521,0.488042772109932,9233,1440
FedProx,CIFAR10,0.1,42,1,1,0.3789838949839274,5,0.01,7.707186434670441,0.0029930821105516275,0.8058256720165871,16505,2575
FedProx,CIFAR10,0.1,42,1,3,0.8152069250742594,5,0.01,3.500774755251851,0.010002213586433861,0.1624260452269942,2252,350
FedProx,CIFAR10,0.1,42,1,2,0.6061197916666666,5,0.01,5.615393027937625,0.004679494189948021,0.3750425908992438,7680,1200
FedProx,CIFAR10,0.1,42,1,4,0.5125571886698405,5,0.01,6.025759997642144,0.004141415805939618,0.4504590521321347,9333,1455
FedProx,CIFAR10,0.1,42,2,2,0.6061197916666666,5,0.01,5.406314501167918,0.0045052620843065985,0.43897993203333446,7680,1200
FedProx,CIFAR10,0.1,42,2,1,0.3789838949839274,5,0.01,6.492668596271862,0.0025214246975813056,0.7740132835665939,16505,2575
FedProx,CIFAR10,0.1,42,2,0,0.4210306803385417,5,0.01,6.642335591584164,0.004612733049711225,0.5459067075553238,9233,1440
FedProx,CIFAR10,0.1,42,2,4,0.5125571886698405,5,0.01,6.173322092517313,0.0042428330532765035,0.5086583158669477,9333,1455
FedProx,CIFAR10,0.1,42,2,3,0.8152069250742594,5,0.01,3.1325278122611016,0.008950079463603147,0.1893529599715097,2252,350
FedProx,CIFAR10,0.1,42,3,2,0.6061197916666666,5,0.01,4.914803271509951,0.00409566939292496,0.4150876634317725,7680,1200
FedProx,CIFAR10,0.1,42,3,0,0.4210306803385417,5,0.01,6.101246489329823,0.004236976728701266,0.539074106203028,9233,1440
FedProx,CIFAR10,0.1,42,3,1,0.3789838949839274,5,0.01,5.554560664935033,0.0021571109378388477,0.7316007698490254,16505,2575
FedProx,CIFAR10,0.1,42,3,3,0.8152069250742594,5,0.01,2.851369376123582,0.008146769646067377,0.15737556612115744,2252,350
FedProx,CIFAR10,0.1,42,3,4,0.5125571886698405,5,0.01,5.960273576988079,0.004096407956692838,0.5114547998996427,9333,1455
FedProx,CIFAR10,0.1,42,4,3,0.8152069250742594,5,0.01,2.6231731237382494,0.007494780353537856,0.12970045682028836,2252,350
FedProx,CIFAR10,0.1,42,4,4,0.5125571886698405,5,0.01,5.714214620194217,0.003927295271611146,0.4929288024868941,9333,1455
FedProx,CIFAR10,0.1,42,4,1,0.3789838949839274,5,0.01,5.071308237672827,0.001969440092300127,0.6999388147014289,16505,2575
FedProx,CIFAR10,0.1,42,4,0,0.4210306803385417,5,0.01,5.810106136498326,0.004034795928123837,0.5270512576656075,9233,1440
FedProx,CIFAR10,0.1,42,4,2,0.6061197916666666,5,0.01,4.689233994521158,0.003907694995434298,0.3821344500801742,7680,1200
FedProx,CIFAR10,0.1,42,5,0,0.4210306803385417,5,0.01,5.596076253314472,0.0038861640648017166,0.5034766056112258,9233,1440
FedProx,CIFAR10,0.1,42,5,4,0.5125571886698405,5,0.01,5.6107126126021525,0.0038561598712042286,0.4875331951491609,9333,1455
FedProx,CIFAR10,0.1,42,5,2,0.6061197916666666,5,0.01,4.554365961085736,0.003795304967571447,0.3579958991789418,7680,1200
FedProx,CIFAR10,0.1,42,5,3,0.8152069250742594,5,0.01,2.385349853954452,0.006815285297012721,0.09948531663422443,2252,350
FedProx,CIFAR10,0.1,42,5,1,0.3789838949839274,5,0.01,4.867332297809319,0.00189022613507158,0.6814618733907633,16505,2575
FedProx,CIFAR10,0.1,42,6,1,0.3789838949839274,5,0.01,4.62079891729662,0.0017944850164258717,0.6593654162284007,16505,2575
FedProx,CIFAR10,0.1,42,6,2,0.6061197916666666,5,0.01,4.4502169504795726,0.003708514125399644,0.33953601147965456,7680,1200
FedProx,CIFAR10,0.1,42,6,0,0.4210306803385417,5,0.01,5.501883427810295,0.003820752380423816,0.4947810006511116,9233,1440
FedProx,CIFAR10,0.1,42,6,3,0.8152069250742594,5,0.01,2.3612053432622706,0.006746300980749345,0.08826580196436812,2252,350
FedProx,CIFAR10,0.1,42,6,4,0.5125571886698405,5,0.01,5.619500498019224,0.00386219965499603,0.49155084584197123,9333,1455
FedProx,CIFAR10,0.1,42,7,3,0.8152069250742594,5,0.01,2.2386230856579745,0.006396065959022784,0.07785725539314003,2252,350
FedProx,CIFAR10,0.1,42,7,0,0.4210306803385417,5,0.01,5.482931716535014,0.003807591469815982,0.49322875716001374,9233,1440
FedProx,CIFAR10,0.1,42,7,1,0.3789838949839274,5,0.01,4.485069803989898,0.0017417746811611255,0.649155244258668,16505,2575
FedProx,CIFAR10,0.1,42,7,2,0.6061197916666666,5,0.01,4.360887223819909,0.003634072686516591,0.3294471983852198,7680,1200
FedProx,CIFAR10,0.1,42,7,4,0.5125571886698405,5,0.01,5.465132113373799,0.0037561045452740886,0.47690708533552795,9333,1455
FedProx,CIFAR10,0.1,42,8,1,0.3789838949839274,5,0.01,4.410437421281663,0.0017127912315656943,0.6487618567725562,16505,2575
FedProx,CIFAR10,0.1,42,8,4,0.5125571886698405,5,0.01,5.408124417077094,0.00371692399799113,0.47052612125779214,9333,1455
FedProx,CIFAR10,0.1,42,8,2,0.6061197916666666,5,0.01,4.072453751686416,0.0033937114597386796,0.3068570234721244,7680,1200
FedProx,CIFAR10,0.1,42,8,0,0.4210306803385417,5,0.01,5.357289610470717,0.0037203400072713315,0.4788698215234212,9233,1440
FedProx,CIFAR10,0.1,42,8,3,0.8152069250742594,5,0.01,2.118070485710495,0.006051629959172842,0.06725082729586687,2252,350
FedProx,CIFAR10,0.1,42,9,2,0.6061197916666666,5,0.01,3.9969773781682547,0.0033308144818068788,0.2943895753400089,7680,1200
FedProx,CIFAR10,0.1,42,9,0,0.4210306803385417,5,0.01,5.417172300344807,0.0037619252085727825,0.48700364926187506,9233,1440
FedProx,CIFAR10,0.1,42,9,3,0.8152069250742594,5,0.01,2.2065667377158755,0.00630447639347393,0.0662035345489047,2252,350
FedProx,CIFAR10,0.1,42,9,1,0.3789838949839274,5,0.01,4.24280689444866,0.0016476919978441397,0.6368268242201782,16505,2575
FedProx,CIFAR10,0.1,42,9,4,0.5125571886698405,5,0.01,5.273749191570565,0.0036245698911137906,0.4601542299380904,9333,1455
FedProx,CIFAR10,0.1,42,10,0,0.4210306803385417,5,0.01,5.345424528888817,0.0037121003672839006,0.4845296184327617,9233,1440
FedProx,CIFAR10,0.1,42,10,1,0.3789838949839274,5,0.01,4.098624905584138,0.0015916989924598596,0.6241418146096005,16505,2575
FedProx,CIFAR10,0.1,42,10,4,0.5125571886698405,5,0.01,5.196751496592077,0.0035716505131217022,0.46072486017262954,9333,1455
FedProx,CIFAR10,0.1,42,10,3,0.8152069250742594,5,0.01,2.101707793677029,0.006004879410505798,0.0544167871379925,2252,350
FedProx,CIFAR10,0.1,42,10,2,0.6061197916666666,5,0.01,3.887838884389945,0.003239865736991621,0.29159463354117104,7680,1200
FedProx,CIFAR10,0.1,43,1,1,0.6151390870412191,5,0.01,5.672571856973693,0.00834201743672602,0.28889085997859876,4362,680
FedProx,CIFAR10,0.1,43,1,3,0.53021772702535,5,0.01,6.88245015073186,0.004557914007107192,0.4959031328135902,9666,1510
FedProx,CIFAR10,0.1,43,1,0,0.4843653440475464,5,0.01,7.119833145330521,0.0037770998118464303,0.5906910285132645,12077,1885
FedProx,CIFAR10,0.1,43,1,4,0.906083345413208,5,0.01,3.094869220917017,0.004421241744167167,0.1375994025661789,4496,700
FedProx,CIFAR10,0.1,43,1,2,0.40859516461690265,5,0.01,7.3860156761546465,0.0032826736338465094,0.713671874760071,14401,2250
FedProx,CIFAR10,0.1,43,2,1,0.6151390870412191,5,0.01,5.6443288758686645,0.00830048364098333,0.3532376397662716,4362,680
FedProx,CIFAR10,0.1,43,2,4,0.906083345413208,5,0.01,3.082672516743192,0.004403817881061703,0.19060758030139993,4496,700
FedProx,CIFAR10,0.1,43,2,3,0.53021772702535,5,0.01,6.448313417544904,0.004270406236784705,0.49680266826714214,9666,1510
FedProx,CIFAR10,0.1,43,2,0,0.4843653440475464,5,0.01,6.841222965012017,0.003629296002658895,0.6114686633321796,12077,1885
FedProx,CIFAR10,0.1,43,2,2,0.40859516461690265,5,0.01,6.6231277960353765,0.0029436123537935005,0.6944232554222388,14401,2250
FedProx,CIFAR10,0.1,43,3,3,0.53021772702535,5,0.01,6.117513735089128,0.004051333599396773,0.49881927053776337,9666,1510
FedProx,CIFAR10,0.1,43,3,2,0.40859516461690265,5,0.01,5.972510579973553,0.0026544491466549127,0.6724752407395974,14401,2250
FedProx,CIFAR10,0.1,43,3,1,0.6151390870412191,5,0.01,5.372068075747064,0.00790010011139274,0.34754160264264705,4362,680
FedProx,CIFAR10,0.1,43,3,0,0.4843653440475464,5,0.01,6.561095400480074,0.0034806872151087924,0.6174688281091248,12077,1885
FedProx,CIFAR10,0.1,43,3,4,0.906083345413208,5,0.01,3.0976889194971227,0.00442526988499589,0.19526490749624986,4496,700
FedProx,CIFAR10,0.1,43,4,3,0.53021772702535,5,0.01,5.908847470690295,0.003913144020324699,0.49476728426360894,9666,1510
FedProx,CIFAR10,0.1,43,4,1,0.6151390870412191,5,0.01,5.202032045774916,0.007650047126139582,0.322160571568801,4362,680
FedProx,CIFAR10,0.1,43,4,0,0.4843653440475464,5,0.01,6.354748451044656,0.0033712193374242205,0.6198258908963066,12077,1885
FedProx,CIFAR10,0.1,43,4,4,0.906083345413208,5,0.01,2.925119622797654,0.004178742318282362,0.1656340124400355,4496,700
FedProx,CIFAR10,0.1,43,4,2,0.40859516461690265,5,0.01,5.574755793133284,0.0024776692413925705,0.647244668261392,14401,2250
FedProx,CIFAR10,0.1,43,5,2,0.40859516461690265,5,0.01,5.435128488847831,0.0024156126617101473,0.6441320132121313,14401,2250
FedProx,CIFAR10,0.1,43,5,4,0.906083345413208,5,0.01,2.5815405042262736,0.0036879150060375337,0.12578419775333202,4496,700
FedProx,CIFAR10,0.1,43,5,0,0.4843653440475464,5,0.01,6.177652078271755,0.003277269007040719,0.6088154446603046,12077,1885
FedProx,CIFAR10,0.1,43,5,3,0.53021772702535,5,0.01,5.6149386202438425,0.0037185023975124785,0.4706449759036844,9666,1510
FedProx,CIFAR10,0.1,43,5,1,0.6151390870412191,5,0.01,5.066495009742504,0.007450727955503683,0.28522089502260617,4362,680
FedProx,CIFAR10,0.1,43,6,0,0.4843653440475464,5,0.01,6.052941613771444,0.0032111096094278218,0.600740301145171,12077,1885
FedProx,CIFAR10,0.1,43,6,4,0.906083345413208,5,0.01,2.39016130139763,0.0034145161448537573,0.10941055235419891,4496,700
FedProx,CIFAR10,0.1,43,6,3,0.53021772702535,5,0.01,5.506052954565494,0.0036463926851427113,0.4619119635643574,9666,1510
FedProx,CIFAR10,0.1,43,6,2,0.40859516461690265,5,0.01,5.280511429960532,0.0023468939688713474,0.630131020296807,14401,2250
FedProx,CIFAR10,0.1,43,6,1,0.6151390870412191,5,0.01,4.768021806075532,0.0070117967736404874,0.2407480941623131,4362,680
FedProx,CIFAR10,0.1,43,7,3,0.53021772702535,5,0.01,5.485851202975386,0.003633014041705554,0.44774005425993685,9666,1510
FedProx,CIFAR10,0.1,43,7,1,0.6151390870412191,5,0.01,4.8181421381073735,0.007085503144275549,0.23624020456619554,4362,680
FedProx,CIFAR10,0.1,43,7,4,0.906083345413208,5,0.01,2.325132601581929,0.0033216180022598986,0.101609662565528,4496,700
FedProx,CIFAR10,0.1,43,7,0,0.4843653440475464,5,0.01,6.027336554042789,0.0031975260233648747,0.5988955790990846,12077,1885
FedProx,CIFAR10,0.1,43,7,2,0.40859516461690265,5,0.01,5.19449538744655,0.0023086646166429114,0.6203596821779637,14401,2250
FedProx,CIFAR10,0.1,43,8,1,0.6151390870412191,5,0.01,4.670277205105077,0.00686805471338982,0.21658802577070174,4362,680
FedProx,CIFAR10,0.1,43,8,3,0.53021772702535,5,0.01,5.2309457612525305,0.0034642024908957156,0.42081165141564675,9666,1510
FedProx,CIFAR10,0.1,43,8,0,0.4843653440475464,5,0.01,5.939496716164179,0.0031509266398748958,0.5916366067183986,12077,1885
FedProx,CIFAR10,0.1,43,8,4,0.906083345413208,5,0.01,2.161700894968102,0.0030881441356687173,0.07359765022043699,4496,700
FedProx,CIFAR10,0.1,43,8,2,0.40859516461690265,5,0.01,5.195474301751933,0.0023090996896675256,0.6239286419811582,14401,2250
FedProx,CIFAR10,0.1,43,9,2,0.40859516461690265,5,0.01,5.093952946979425,0.0022639790875464113,0.6177144354393472,14401,2250
FedProx,CIFAR10,0.1,43,9,4,0.906083345413208,5,0.01,2.0990791786293115,0.0029986845408990163,0.07918328154991135,4496,700
FedProx,CIFAR10,0.1,43,9,1,0.6151390870412191,5,0.01,4.491593743950376,0.006605284917574082,0.1913579861797077,4362,680
FedProx,CIFAR10,0.1,43,9,3,0.53021772702535,5,0.01,5.18651849604177,0.0034347804609548144,0.425304964489088,9666,1510
FedProx,CIFAR10,0.1,43,9,0,0.4843653440475464,5,0.01,5.833063248659965,0.0030944632618885755,0.5841371003113034,12077,1885
FedProx,CIFAR10,0.1,43,10,1,0.6151390870412191,5,0.01,4.620992430092058,0.0067955771030765565,0.19377585090952956,4362,680
FedProx,CIFAR10,0.1,43,10,3,0.53021772702535,5,0.01,5.092699928368507,0.0033726489591844417,0.4172648425168578,9666,1510
FedProx,CIFAR10,0.1,43,10,0,0.4843653440475464,5,0.01,5.7087050257047665,0.0030284907298168524,0.5733687828715657,12077,1885
FedProx,CIFAR10,0.1,43,10,2,0.40859516461690265,5,0.01,5.066476959216196,0.0022517675374294204,0.621336624018874,14401,2250
FedProx,CIFAR10,0.1,43,10,4,0.906083345413208,5,0.01,2.119066939347548,0.003027238484782211,0.07495441156344815,4496,700
FedProx,CIFAR10,0.1,44,1,0,0.4293450514475505,5,0.01,6.911521539565938,0.004623091330813337,0.5404504521192781,9574,1495
FedProx,CIFAR10,0.1,44,1,3,0.6337862809499105,5,0.01,4.3711390675799695,0.0031674920779565,0.3445546674416033,8840,1380
FedProx,CIFAR10,0.1,44,1,2,0.5179399251937866,5,0.01,6.545387784606886,0.003850228108592286,0.5497058183903628,10898,1700
FedProx,CIFAR10,0.1,44,1,4,0.41526222229003906,5,0.01,6.812225116154157,0.0031035194151043995,0.7053944453311088,14058,2195
FedProx,CIFAR10,0.1,44,1,1,0.6713229815165201,5,0.01,3.626434472231528,0.014221311655809914,0.14541923735793033,1633,255
FedProx,CIFAR10,0.1,44,2,2,0.5179399251937866,5,0.01,5.965680027505986,0.0035092235455917564,0.5408954070735928,10898,1700
FedProx,CIFAR10,0.1,44,2,4,0.41526222229003906,5,0.01,6.461814499727197,0.0029438790431558985,0.7093623461184575,14058,2195
FedProx,CIFAR10,0.1,44,2,1,0.6713229815165201,5,0.01,3.6606878627907444,0.014355638677610763,0.16994000485703356,1633,255
FedProx,CIFAR10,0.1,44,2,0,0.4293450514475505,5,0.01,7.07250609853682,0.004730773310058074,0.6083193712862327,9574,1495
FedProx,CIFAR10,0.1,44,2,3,0.6337862809499105,5,0.01,4.208668462396362,0.0030497597553596828,0.37282511278524066,8840,1380
FedProx,CIFAR10,0.1,44,3,0,0.4293450514475505,5,0.01,6.593777685213085,0.004410553635594037,0.5955664848291473,9574,1495
FedProx,CIFAR10,0.1,44,3,1,0.6713229815165201,5,0.01,3.860585324239229,0.015139550291134233,0.16835119816518984,1633,255
FedProx,CIFAR10,0.1,44,3,3,0.6337862809499105,5,0.01,3.956488879550327,0.002867020927210382,0.3577984034578613,8840,1380
FedProx,CIFAR10,0.1,44,3,4,0.41526222229003906,5,0.01,6.0520375487251306,0.002757192505113955,0.7047184163200352,14058,2195
FedProx,CIFAR10,0.1,44,3,2,0.5179399251937866,5,0.01,5.329475199551171,0.0031349854115006884,0.5173179848552472,10898,1700
FedProx,CIFAR10,0.1,44,4,0,0.4293450514475505,5,0.01,6.265404054013678,0.00419090572174828,0.5626094889729754,9574,1495
FedProx,CIFAR10,0.1,44,4,3,0.6337862809499105,5,0.01,3.939408246097317,0.002854643656592259,0.33041677162528443,8840,1380
FedProx,CIFAR10,0.1,44,4,1,0.6713229815165201,5,0.01,3.592701102927525,0.014089023933049118,0.13692407213184676,1633,255
FedProx,CIFAR10,0.1,44,4,2,0.5179399251937866,5,0.01,4.959736159601721,0.0029174918585892474,0.47878549011765986,10898,1700
FedProx,CIFAR10,0.1,44,4,4,0.41526222229003906,5,0.01,5.864685311968478,0.00267183841091958,0.7030717661960517,14058,2195
FedProx,CIFAR10,0.1,44,5,2,0.5179399251937866,5,0.01,4.678098152159168,0.0027518224424465695,0.4412055343323081,10898,1700
FedProx,CIFAR10,0.1,44,5,1,0.6713229815165201,5,0.01,3.544870344951523,0.013901452333143226,0.12434832078370492,1633,255
FedProx,CIFAR10,0.1,44,5,3,0.6337862809499105,5,0.01,3.7565038624703693,0.0027221042481669344,0.30315446792197687,8840,1380
FedProx,CIFAR10,0.1,44,5,4,0.41526222229003906,5,0.01,5.826536403874924,0.0026544584983484846,0.7040196158742162,14058,2195
FedProx,CIFAR10,0.1,44,5,0,0.4293450514475505,5,0.01,6.205989955669464,0.00415116384994613,0.5518959003161004,9574,1495
FedProx,CIFAR10,0.1,44,6,3,0.6337862809499105,5,0.01,3.711760652146261,0.0026896816319900443,0.29412597012815944,8840,1380
FedProx,CIFAR10,0.1,44,6,1,0.6713229815165201,5,0.01,3.5238638306197987,0.013819073845567837,0.10849872982762652,1633,255
FedProx,CIFAR10,0.1,44,6,4,0.41526222229003906,5,0.01,5.719127108829457,0.0026055248787377936,0.7037336977338573,14058,2195
FedProx,CIFAR10,0.1,44,6,2,0.5179399251937866,5,0.01,4.506474476590361,0.0026508673391708003,0.4202266723338235,10898,1700
FedProx,CIFAR10,0.1,44,6,0,0.4293450514475505,5,0.01,6.069584629343376,0.004059922828992225,0.5314409981487518,9574,1495
FedProx,CIFAR10,0.1,44,7,0,0.4293450514475505,5,0.01,5.967925491486277,0.003991923405676439,0.5147446821815853,9574,1495
FedProx,CIFAR10,0.1,44,7,3,0.6337862809499105,5,0.01,3.501534434918555,0.0025373437934192427,0.269521144697951,8840,1380
FedProx,CIFAR10,0.1,44,7,2,0.5179399251937866,5,0.01,4.385830790845912,0.0025799004652034777,0.39632709546295386,10898,1700
FedProx,CIFAR10,0.1,44,7,1,0.6713229815165201,5,0.01,3.4767574236914007,0.013634342838005494,0.10224857748786949,1633,255
FedProx,CIFAR10,0.1,44,7,4,0.41526222229003906,5,0.01,5.763781406561221,0.0026258685223513535,0.7039182877321842,14058,2195
FedProx,CIFAR10,0.1,44,8,2,0.5179399251937866,5,0.01,4.31286442323232,0.0025369790724896,0.38117146439858923,10898,1700
FedProx,CIFAR10,0.1,44,8,0,0.4293450514475505,5,0.01,5.930690709640576,0.003967017197083997,0.5097526534662136,9574,1495
FedProx,CIFAR10,0.1,44,8,1,0.6713229815165201,5,0.01,3.4515878623346508,0.01353563867582216,0.08481128223126166,1633,255
FedProx,CIFAR10,0.1,44,8,3,0.6337862809499105,5,0.01,3.597563253285917,0.0026069298936854473,0.2683819715850019,8840,1380
FedProx,CIFAR10,0.1,44,8,4,0.41526222229003906,5,0.01,5.729099394478259,0.0026100680612657213,0.698884251824413,14058,2195
FedProx,CIFAR10,0.1,44,9,3,0.6337862809499105,5,0.01,3.2498785385973092,0.0023549844482589196,0.2331078270960492,8840,1380
FedProx,CIFAR10,0.1,44,9,1,0.6713229815165201,5,0.01,3.353354659244466,0.01315041042840967,0.08652283429379762,1633,255
FedProx,CIFAR10,0.1,44,9,0,0.4293450514475505,5,0.01,5.9489352881757025,0.00397922092854562,0.5053900871489904,9574,1495
FedProx,CIFAR10,0.1,44,9,4,0.41526222229003906,5,0.01,5.765018933157309,0.002626432315789207,0.7082660033259626,14058,2195
FedProx,CIFAR10,0.1,44,9,2,0.5179399251937866,5,0.01,4.098860500813238,0.002411094412243081,0.3574964176478562,10898,1700
FedProx,CIFAR10,0.1,44,10,0,0.4293450514475505,5,0.01,5.654346530177794,0.0037821715920921704,0.4860349090905158,9574,1495
FedProx,CIFAR10,0.1,44,10,2,0.5179399251937866,5,0.01,4.0719303560797515,0.002395253150635148,0.36485683743248154,10898,1700
FedProx,CIFAR10,0.1,44,10,1,0.6713229815165201,5,0.01,3.26272667885755,0.012795006583755097,0.07364357159283988,1633,255
FedProx,CIFAR10,0.1,44,10,3,0.6337862809499105,5,0.01,3.193412244617364,0.002314066843925626,0.2365343903195534,8840,1380
FedProx,CIFAR10,0.1,44,10,4,0.41526222229003906,5,0.01,5.636390321664887,0.0025678315816240944,0.7081187531701838,14058,2195
FedProx,CIFAR10,0.1,45,1,1,0.6388693650563558,5,0.01,5.1238102209445495,0.004115510217626144,0.35316477599086143,7986,1245
FedProx,CIFAR10,0.1,45,1,0,0.7482235431671143,5,0.01,2.775134197470349,0.03264863761729822,0.10649430276523189,550,85
FedProx,CIFAR10,0.1,45,1,3,0.38468722502390545,5,0.01,7.1731354549183335,0.002785683671812945,0.7392641653975047,16509,2575
FedProx,CIFAR10,0.1,45,1,2,0.6406408150990804,5,0.01,5.319205310054125,0.006221292760297222,0.27640524265607835,5477,855
FedProx,CIFAR10,0.1,45,1,4,0.4281807740529378,5,0.01,7.098733501541728,0.0031410325228060747,0.6671318844062194,14480,2260
FedProx,CIFAR10,0.1,45,2,2,0.6406408150990804,5,0.01,5.508520478673059,0.006442714010143929,0.34352130464678093,5477,855
FedProx,CIFAR10,0.1,45,2,0,0.7482235431671143,5,0.01,2.326399301779591,0.02736940355034813,0.09588115851422048,550,85
FedProx,CIFAR10,0.1,45,2,1,0.6388693650563558,5,0.01,4.592011028207377,0.003688362271652512,0.38589413291489455,7986,1245
FedProx,CIFAR10,0.1,45,2,4,0.4281807740529378,5,0.01,6.60777936674158,0.0029237961799741504,0.6679826430455755,14480,2260
FedProx,CIFAR10,0.1,45,2,3,0.38468722502390545,5,0.01,6.475286967204583,0.002514674550370712,0.7285592267449094,16509,2575
FedProx,CIFAR10,0.1,45,3,3,0.38468722502390545,5,0.01,6.088775529073802,0.0023645730209995346,0.7217103427811855,16509,2575
FedProx,CIFAR10,0.1,45,3,0,0.7482235431671143,5,0.01,2.397336903494422,0.028203963570522614,0.09365623089007998,550,85
FedProx,CIFAR10,0.1,45,3,2,0.6406408150990804,5,0.01,5.55249655139841,0.006494148013331474,0.34615012371005544,5477,855
FedProx,CIFAR10,0.1,45,3,4,0.4281807740529378,5,0.01,6.111611803880082,0.002704253010566408,0.6449234545289769,14480,2260
FedProx,CIFAR10,0.1,45,3,1,0.6388693650563558,5,0.01,4.174457376199424,0.0033529778122083726,0.34977644910170264,7986,1245
FedProx,CIFAR10,0.1,45,4,0,0.7482235431671143,5,0.01,2.402496045194683,0.028264659355231564,0.08427554231476127,550,85
FedProx,CIFAR10,0.1,45,4,2,0.6406408150990804,5,0.01,5.482183345974153,0.0064119103461686006,0.3341251578307443,5477,855
FedProx,CIFAR10,0.1,45,4,3,0.38468722502390545,5,0.01,5.808332511431134,0.0022556631112353918,0.7126067645487837,16509,2575
FedProx,CIFAR10,0.1,45,4,1,0.6388693650563558,5,0.01,3.9201163311078595,0.003148687816150891,0.3033864265965965,7986,1245
FedProx,CIFAR10,0.1,45,4,4,0.4281807740529378,5,0.01,5.781864643325368,0.0025583471873121097,0.6334012068502459,14480,2260
FedProx,CIFAR10,0.1,45,5,4,0.4281807740529378,5,0.01,5.532184793354407,0.0024478693775904455,0.6064966417998137,14480,2260
FedProx,CIFAR10,0.1,45,5,2,0.6406408150990804,5,0.01,5.419402902993436,0.0063384829274777035,0.3078265213601218,5477,855
FedProx,CIFAR10,0.1,45,5,1,0.6388693650563558,5,0.01,3.8059902642868537,0.0030570202925998824,0.271221994411189,7986,1245
FedProx,CIFAR10,0.1,45,5,3,0.38468722502390545,5,0.01,5.756056946561978,0.002235361920994943,0.7163048184115206,16509,2575
FedProx,CIFAR10,0.1,45,5,0,0.7482235431671143,5,0.01,2.224343792993229,0.026168750505802696,0.0629488359965242,550,85
FedProx,CIFAR10,0.1,45,6,2,0.6406408150990804,5,0.01,5.451124222058048,0.006375583885448009,0.2860856548628952,5477,855
FedProx,CIFAR10,0.1,45,6,3,0.38468722502390545,5,0.01,5.584943316899798,0.0021689100259805042,0.7135072846344966,16509,2575
FedProx,CIFAR10,0.1,45,6,1,0.6388693650563558,5,0.01,3.5387624607720705,0.002842379486563912,0.2450678521171104,7986,1245
FedProx,CIFAR10,0.1,45,6,0,0.7482235431671143,5,0.01,2.1657428950079205,0.02547932817656377,0.0516704563335326,550,85
FedProx,CIFAR10,0.1,45,6,4,0.4281807740529378,5,0.01,5.310901650230619,0.0023499564824029286,0.592907426082,14480,2260
FedProx,CIFAR10,0.1,45,7,2,0.6406408150990804,5,0.01,5.462524092878366,0.0063889170676939945,0.2833725371925968,5477,855
FedProx,CIFAR10,0.1,45,7,1,0.6388693650563558,5,0.01,3.4400265992926817,0.0027630735737290617,0.23352024193446375,7986,1245
FedProx,CIFAR10,0.1,45,7,4,0.4281807740529378,5,0.01,5.209686036055024,0.0023051708124137275,0.5791338535334948,14480,2260
FedProx,CIFAR10,0.1,45,7,3,0.38468722502390545,5,0.01,5.572169232114096,0.0021639492163549887,0.7131812610516053,16509,2575
FedProx,CIFAR10,0.1,45,7,0,0.7482235431671143,5,0.01,2.334452912069633,0.027464151906701564,0.050922111052141755,550,85
FedProx,CIFAR10,0.1,45,8,0,0.7482235431671143,5,0.01,2.155966402822719,0.02536431062144375,0.03703159794041093,550,85
FedProx,CIFAR10,0.1,45,8,3,0.38468722502390545,5,0.01,5.63067526421096,0.0021866700055188193,0.7191330297302592,16509,2575
FedProx,CIFAR10,0.1,45,8,2,0.6406408150990804,5,0.01,5.298842756674519,0.006197476908391251,0.25547746664277715,5477,855
FedProx,CIFAR10,0.1,45,8,1,0.6388693650563558,5,0.01,3.253286346898142,0.002613081403131038,0.2026802348755088,7986,1245
FedProx,CIFAR10,0.1,45,8,4,0.4281807740529378,5,0.01,5.154915409495986,0.002280936021900879,0.5656921324907487,14480,2260
FedProx,CIFAR10,0.1,45,9,0,0.7482235431671143,5,0.01,2.1103622907613975,0.02482779165601644,0.039465631892989114,550,85
FedProx,CIFAR10,0.1,45,9,3,0.38468722502390545,5,0.01,5.505242704573726,0.002137958331873292,0.7156029988958481,16509,2575
FedProx,CIFAR10,0.1,45,9,4,0.4281807740529378,5,0.01,5.049014781505151,0.0022340773369491818,0.5592921410428981,14480,2260
FedProx,CIFAR10,0.1,45,9,1,0.6388693650563558,5,0.01,3.155647186204249,0.0025346563744612443,0.20290376777120023,7986,1245
FedProx,CIFAR10,0.1,45,9,2,0.6406408150990804,5,0.01,5.301309718494302,0.006200362243852985,0.2556367587866002,5477,855
FedProx,CIFAR10,0.1,45,10,3,0.38468722502390545,5,0.01,5.575767069438335,0.002165346434733334,0.7351107641259496,16509,2575
FedProx,CIFAR10,0.1,45,10,4,0.4281807740529378,5,0.01,4.848406308205907,0.002145312525754826,0.5397906171165008,14480,2260
FedProx,CIFAR10,0.1,45,10,2,0.6406408150990804,5,0.01,5.141745975823672,0.006013737983419499,0.2386136962100258,5477,855
FedProx,CIFAR10,0.1,45,10,1,0.6388693650563558,5,0.01,2.9358321364339095,0.002358098101553341,0.17863070965446695,7986,1245
FedProx,CIFAR10,0.1,45,10,0,0.7482235431671143,5,0.01,2.1213440382721678,0.024956988685554914,0.03349313985543899,550,85
FedProx,CIFAR10,0.1,46,1,4,0.5920425653457642,5,0.01,5.372823171072521,0.00451497745468279,0.3588981913200677,7616,1190
FedProx,CIFAR10,0.1,46,1,1,0.7370179494222006,5,0.01,4.935852007607167,0.007258605893539952,0.2428024762749816,4383,680
FedProx,CIFAR10,0.1,46,1,2,0.37105921904246014,5,0.01,7.427844429635269,0.0028459174059905245,0.808310652624525,16711,2610
FedProx,CIFAR10,0.1,46,1,0,0.8199063936869303,5,0.01,4.050303674927829,0.005664760384514446,0.18744415406419185,4602,715
FedProx,CIFAR10,0.1,46,1,3,0.5223642985026041,5,0.01,6.878221737661286,0.003768888623376047,0.5641488056898024,11691,1825
FedProx,CIFAR10,0.1,46,2,2,0.37105921904246014,5,0.01,6.723224245188642,0.002575947986662315,0.8015070664542726,16711,2610
FedProx,CIFAR10,0.1,46,2,0,0.8199063936869303,5,0.01,4.283850756058824,0.005991399658823529,0.235754353638467,4602,715
FedProx,CIFAR10,0.1,46,2,1,0.7370179494222006,5,0.01,4.47653606164901,0.006583141267130897,0.3233163369012949,4383,680
FedProx,CIFAR10,0.1,46,2,4,0.5920425653457642,5,0.01,5.310560341622475,0.004462655749262584,0.41267469004886764,7616,1190
FedProx,CIFAR10,0.1,46,2,3,0.5223642985026041,5,0.01,6.749786173545903,0.0036985129718059744,0.5920118253159479,11691,1825
FedProx,CIFAR10,0.1,46,3,0,0.8199063936869303,5,0.01,4.233368039057481,0.0059207944602202535,0.23428688323897168,4602,715
FedProx,CIFAR10,0.1,46,3,2,0.37105921904246014,5,0.01,6.024384460991083,0.002308193280073212,0.7746459886465888,16711,2610
FedProx,CIFAR10,0.1,46,3,3,0.5223642985026041,5,0.01,6.348504344098545,0.0034786325173142714,0.5810182526541933,11691,1825
FedProx,CIFAR10,0.1,46,3,4,0.5920425653457642,5,0.01,5.171395228009982,0.00434571027563864,0.39893417638158696,7616,1190
FedProx,CIFAR10,0.1,46,3,1,0.7370179494222006,5,0.01,3.860065772587837,0.005676567312629172,0.24836241826289132,4383,680
FedProx,CIFAR10,0.1,46,4,3,0.5223642985026041,5,0.01,5.963189535614211,0.003267501115405047,0.5582563555814566,11691,1825
FedProx,CIFAR10,0.1,46,4,1,0.7370179494222006,5,0.01,3.4694947686803195,0.005102198189235764,0.2033463535163783,4383,680
FedProx,CIFAR10,0.1,46,4,2,0.37105921904246014,5,0.01,5.566658751166371,0.00213281944489133,0.7557559826440224,16711,2610
FedProx,CIFAR10,0.1,46,4,0,0.8199063936869303,5,0.01,3.9042538646769804,0.00546049491563214,0.20455831612507785,4602,715
FedProx,CIFAR10,0.1,46,4,4,0.5920425653457642,5,0.01,5.132835029718165,0.004313306747662324,0.38068334367480533,7616,1190
FedProx,CIFAR10,0.1,46,5,0,0.8199063936869303,5,0.01,3.890615839037261,0.005441420753898267,0.19083787493865897,4602,715
FedProx,CIFAR10,0.1,46,5,1,0.7370179494222006,5,0.01,3.3118669682766857,0.00487039260040689,0.1807677400633111,4383,680
FedProx,CIFAR10,0.1,46,5,4,0.5920425653457642,5,0.01,4.949512373204251,0.004159254095129622,0.36379731705925084,7616,1190
FedProx,CIFAR10,0.1,46,5,2,0.37105921904246014,5,0.01,5.4698405479962915,0.0020957243478912993,0.7529601555484801,16711,2610
FedProx,CIFAR10,0.1,46,5,3,0.5223642985026041,5,0.01,5.775179399253626,0.0031644818626047266,0.5413850616819837,11691,1825
FedProx,CIFAR10,0.1,46,6,0,0.8199063936869303,5,0.01,3.6812262426283477,0.005148568171508178,0.17372759844584257,4602,715
FedProx,CIFAR10,0.1,46,6,2,0.37105921904246014,5,0.01,5.325732491557821,0.002040510533163916,0.7431779174625845,16711,2610
FedProx,CIFAR10,0.1,46,6,1,0.7370179494222006,5,0.01,3.0716746827894577,0.004517168651160967,0.15392366642453767,4383,680
FedProx,CIFAR10,0.1,46,6,4,0.5920425653457642,5,0.01,4.974476420638598,0.004180232286250922,0.34853852522650014,7616,1190
FedProx,CIFAR10,0.1,46,6,3,0.5223642985026041,5,0.01,5.674674464081041,0.0031094106652498855,0.5371805257761255,11691,1825
FedProx,CIFAR10,0.1,46,7,2,0.37105921904246014,5,0.01,5.335076059221427,0.0020440904441461406,0.7438839047237141,16711,2610
FedProx,CIFAR10,0.1,46,7,4,0.5920425653457642,5,0.01,4.85310972617469,0.004078243467373689,0.3328761688221189,7616,1190
FedProx,CIFAR10,0.1,46,7,0,0.8199063936869303,5,0.01,3.601381429440375,0.0050368971041124125,0.15548288814199437,4602,715
FedProx,CIFAR10,0.1,46,7,3,0.5223642985026041,5,0.01,5.646725096467825,0.003094095943270041,0.522191657987548,11691,1825
FedProx,CIFAR10,0.1,46,7,1,0.7370179494222006,5,0.01,3.004099088834641,0.004417792777698002,0.1265503062222822,4383,680
FedProx,CIFAR10,0.1,46,8,3,0.5223642985026041,5,0.01,5.492721479038102,0.0030097103994729327,0.5038459175170895,11691,1825
FedProx,CIFAR10,0.1,46,8,2,0.37105921904246014,5,0.01,5.428379349903883,0.002079838831380798,0.7518005279562975,16711,2610
FedProx,CIFAR10,0.1,46,8,4,0.5920425653457642,5,0.01,4.82625953311942,0.0040556802799322856,0.3166416098746607,7616,1190
FedProx,CIFAR10,0.1,46,8,1,0.7370179494222006,5,0.01,2.865831366420202,0.004214457891794415,0.11648568745304255,4383,680
FedProx,CIFAR10,0.1,46,8,0,0.8199063936869303,5,0.01,3.526677207219919,0.0049324156744334526,0.14465086315991804,4602,715
FedProx,CIFAR10,0.1,46,9,1,0.7370179494222006,5,0.01,2.6824339746981685,0.003944755845144365,0.11025450574055173,4383,680
FedProx,CIFAR10,0.1,46,9,4,0.5920425653457642,5,0.01,4.775800171846161,0.0040132774553329085,0.3161822787408881,7616,1190
FedProx,CIFAR10,0.1,46,9,2,0.37105921904246014,5,0.01,5.225524854424145,0.002002116802461358,0.7325325359135206,16711,2610
FedProx,CIFAR10,0.1,46,9,0,0.8199063936869303,5,0.01,3.4835088592758194,0.0048720403626235234,0.1502242855771754,4602,715
FedProx,CIFAR10,0.1,46,9,3,0.5223642985026041,5,0.01,5.573405912960045,0.0030539210481972845,0.5134642294670129,11691,1825
FedProx,CIFAR10,0.1,46,10,2,0.37105921904246014,5,0.01,5.193106722061018,0.0019896960620923443,0.7442310419607941,16711,2610
FedProx,CIFAR10,0.1,46,10,4,0.5920425653457642,5,0.01,4.579014563232464,0.0038479113976743395,0.2931222724578732,7616,1190
FedProx,CIFAR10,0.1,46,10,1,0.7370179494222006,5,0.01,2.548587763719254,0.0037479231819400795,0.09098133506291665,4383,680
FedProx,CIFAR10,0.1,46,10,3,0.5223642985026041,5,0.01,5.369343078108737,0.0029421057962239656,0.5079487212393982,11691,1825
FedProx,CIFAR10,0.1,46,10,0,0.8199063936869303,5,0.01,3.2975229797774532,0.004611920251436997,0.13052754346743822,4602,715
FedProx,CIFAR10,0.1,47,1,0,0.6497961282730103,5,0.01,5.528121867775358,0.005612306464746556,0.30063180067530576,6307,985
FedProx,CIFAR10,0.1,47,1,3,0.583410382270813,5,0.01,3.9573650858804004,0.018406349236653026,0.18106088053068897,1390,215
FedProx,CIFAR10,0.1,47,1,2,0.41136876742045086,5,0.01,7.605362767729084,0.00388028712639239,0.6235044226123422,12554,1960
FedProx,CIFAR10,0.1,47,1,1,0.39552489916483563,5,0.01,7.535916935855765,0.0044328923152092735,0.5644243449119357,10911,1700
FedProx,CIFAR10,0.1,47,1,4,0.39731669425964355,5,0.01,7.8829962435029985,0.003649535297918055,0.6752774432274757,13841,2160
FedProx,CIFAR10,0.1,47,2,1,0.39552489916483563,5,0.01,7.052627881925557,0.004148604636426798,0.5930463027902784,10911,1700
FedProx,CIFAR10,0.1,47,2,0,0.6497961282730103,5,0.01,5.236798402722477,0.005316546601748707,0.36222509869782604,6307,985
FedProx,CIFAR10,0.1,47,2,3,0.583410382270813,5,0.01,3.3758896921463717,0.01570181252161103,0.1710480353290997,1390,215
FedProx,CIFAR10,0.1,47,2,2,0.41136876742045086,5,0.01,6.904345188609225,0.0035226250962291966,0.627372780513746,12554,1960
FedProx,CIFAR10,0.1,47,2,4,0.39731669425964355,5,0.01,7.317104421671084,0.0033875483433662428,0.6725899347429622,13841,2160
FedProx,CIFAR10,0.1,47,3,4,0.39731669425964355,5,0.01,6.696450368898819,0.0031002085041198233,0.666349908653013,13841,2160
FedProx,CIFAR10,0.1,47,3,1,0.39552489916483563,5,0.01,6.453102756135806,0.0037959427977269445,0.5777261629655664,10911,1700
FedProx,CIFAR10,0.1,47,3,0,0.6497961282730103,5,0.01,4.801517716349987,0.004874637275482221,0.3150373173518072,6307,985
FedProx,CIFAR10,0.1,47,3,3,0.583410382270813,5,0.01,3.5330356671677756,0.01643272403333849,0.1788549198841955,1390,215
FedProx,CIFAR10,0.1,47,3,2,0.41136876742045086,5,0.01,6.018950185381788,0.003070892951725402,0.5910690419158225,12554,1960
FedProx,CIFAR10,0.1,47,4,1,0.39552489916483563,5,0.01,6.1417710919606705,0.0036128065246827474,0.5564023911937691,10911,1700
FedProx,CIFAR10,0.1,47,4,3,0.583410382270813,5,0.01,3.3960308113544717,0.015795492145834752,0.14615629284465304,1390,215
FedProx,CIFAR10,0.1,47,4,2,0.41136876742045086,5,0.01,5.63369923114067,0.002874336342418709,0.5619101610408223,12554,1960
FedProx,CIFAR10,0.1,47,4,0,0.6497961282730103,5,0.01,4.7100391590364765,0.0047817656436918545,0.29335218458035006,6307,985
FedProx,CIFAR10,0.1,47,4,4,0.39731669425964355,5,0.01,6.40583103430721,0.0029656625158829674,0.664162774603293,13841,2160
FedProx,CIFAR10,0.1,47,5,4,0.39731669425964355,5,0.01,6.160722844689335,0.0028521865021709884,0.6576388141023456,13841,2160
FedProx,CIFAR10,0.1,47,5,0,0.6497961282730103,5,0.01,4.611561495088733,0.004681788319887038,0.2755641482184596,6307,985
FedProx,CIFAR10,0.1,47,5,3,0.583410382270813,5,0.01,3.170877106331766,0.014748265610845423,0.11426927724922731,1390,215
FedProx,CIFAR10,0.1,47,5,2,0.41136876742045086,5,0.01,5.326601883611885,0.002717654022250962,0.5389738948109312,12554,1960
FedProx,CIFAR10,0.1,47,5,1,0.39552489916483563,5,0.01,5.950476167697369,0.003500280098645511,0.5410599388062981,10911,1700
FedProx,CIFAR10,0.1,47,6,0,0.6497961282730103,5,0.01,4.5850306710465585,0.004654853473143714,0.2607169371238682,6307,985
FedProx,CIFAR10,0.1,47,6,3,0.583410382270813,5,0.01,2.8889574933562114,0.013437011597005635,0.09608833254669884,1390,215
FedProx,CIFAR10,0.1,47,6,2,0.41136876742045086,5,0.01,5.249975839276335,0.002678559101671599,0.5234331435780863,12554,1960
FedProx,CIFAR10,0.1,47,6,4,0.39731669425964355,5,0.01,6.007500212092531,0.002781250098190987,0.6447400844102292,13841,2160
FedProx,CIFAR10,0.1,47,6,1,0.39552489916483563,5,0.01,5.797987893177073,0.0034105811136335724,0.5211955167235323,10911,1700
FedProx,CIFAR10,0.1,47,7,0,0.6497961282730103,5,0.01,4.5629455613627865,0.004632432041992676,0.24716272067912076,6307,985
FedProx,CIFAR10,0.1,47,7,1,0.39552489916483563,5,0.01,5.760620919013686,0.003388600540596286,0.5031873667788535,10911,1700
FedProx,CIFAR10,0.1,47,7,2,0.41136876742045086,5,0.01,5.167413191887786,0.0026364353019835644,0.506452648549043,12554,1960
FedProx,CIFAR10,0.1,47,7,3,0.583410382270813,5,0.01,2.8331740699313865,0.013177553813634356,0.07816332874938504,1390,215
FedProx,CIFAR10,0.1,47,7,4,0.39731669425964355,5,0.01,6.029623184479785,0.0027914922150369375,0.6471712581757469,13841,2160
FedProx,CIFAR10,0.1,47,8,4,0.39731669425964355,5,0.01,5.933402461853505,0.0027469455841914376,0.6483551637796736,13841,2160
FedProx,CIFAR10,0.1,47,8,3,0.583410382270813,5,0.01,2.8022875481750646,0.013033895572907277,0.07689188185557684,1390,215
FedProx,CIFAR10,0.1,47,8,1,0.39552489916483563,5,0.01,5.6604676980096835,0.003329686881182167,0.4946838731719032,10911,1700
FedProx,CIFAR10,0.1,47,8,0,0.6497961282730103,5,0.01,4.382632626534452,0.0044493732249080735,0.22796368614983153,6307,985
FedProx,CIFAR10,0.1,47,8,2,0.41136876742045086,5,0.01,5.05065914647536,0.0025768669114670205,0.49623724604202013,12554,1960
FedProx,CIFAR10,0.1,47,9,4,0.39731669425964355,5,0.01,5.83176194699469,0.0026998897902753196,0.6420057119944689,13841,2160
FedProx,CIFAR10,0.1,47,9,1,0.39552489916483563,5,0.01,5.5109609646895805,0.0032417417439350475,0.4883252540954665,10911,1700
FedProx,CIFAR10,0.1,47,9,2,0.41136876742045086,5,0.01,4.87710295454923,0.0024883178339536885,0.48249544583949483,12554,1960
FedProx,CIFAR10,0.1,47,9,0,0.6497961282730103,5,0.01,4.3735611121200915,0.004440163565604153,0.22744172336079538,6307,985
FedProx,CIFAR10,0.1,47,9,3,0.583410382270813,5,0.01,2.7686311856348067,0.0128773543517898,0.06471108141263338,1390,215
FedProx,CIFAR10,0.1,47,10,0,0.6497961282730103,5,0.01,4.147147436241191,0.004210301965727098,0.21271598925691304,6307,985
FedProx,CIFAR10,0.1,47,10,1,0.39552489916483563,5,0.01,5.519607306523023,0.003246827827366484,0.48905197191691685,10911,1700
FedProx,CIFAR10,0.1,47,10,4,0.39731669425964355,5,0.01,5.659176743224679,0.002619989232974388,0.6309434960274083,13841,2160
FedProx,CIFAR10,0.1,47,10,2,0.41136876742045086,5,0.01,4.764426672524152,0.002430829934961302,0.4741527328267159,12554,1960
FedProx,CIFAR10,0.1,47,10,3,0.583410382270813,5,0.01,2.828819817155743,0.01315730147514299,0.05895880478047466,1390,215
FedProx,CIFAR10,0.1,48,1,3,0.31404151519139606,5,0.01,8.266565763780044,0.003056031705648815,0.8669143476890343,17316,2705
FedProx,CIFAR10,0.1,48,1,4,0.7846288681030273,5,0.01,4.285087492031483,0.008570174984062966,0.19313224768339615,3222,500
FedProx,CIFAR10,0.1,48,1,2,0.4325987497965495,5,0.01,6.667255996376664,0.00477939497948148,0.4868005943719973,8933,1395
FedProx,CIFAR10,0.1,48,1,0,0.8781611919403076,5,0.01,3.7915763421905346,0.004830033556930617,0.17993926956059406,5024,785
FedProx,CIFAR10,0.1,48,1,1,0.5489862362543741,5,0.01,5.705033595437473,0.0034786790216082154,0.4306287486137513,10507,1640
FedProx,CIFAR10,0.1,48,2,2,0.4325987497965495,5,0.01,6.366633689991757,0.004563895118273661,0.5956012649359614,8933,1395
FedProx,CIFAR10,0.1,48,2,0,0.8781611919403076,5,0.01,3.7264822652229936,0.0047471111658891636,0.24713963077158285,5024,785
FedProx,CIFAR10,0.1,48,2,4,0.7846288681030273,5,0.01,4.298859856752183,0.008597719713504367,0.2677967465186038,3222,500
FedProx,CIFAR10,0.1,48,2,1,0.5489862362543741,5,0.01,5.195089896811966,0.0031677377419585162,0.4697287765954652,10507,1640
FedProx,CIFAR10,0.1,48,2,3,0.31404151519139606,5,0.01,7.00582761244749,0.002589954755063767,0.8631013098646402,17316,2705
FedProx,CIFAR10,0.1,48,3,3,0.31404151519139606,5,0.01,6.312427108986402,0.0023336144580356384,0.8604291038687446,17316,2705
FedProx,CIFAR10,0.1,48,3,2,0.4325987497965495,5,0.01,5.808623653583946,0.00416388792371609,0.556865811569076,8933,1395
FedProx,CIFAR10,0.1,48,3,0,0.8781611919403076,5,0.01,3.4747734741724403,0.00442646302442349,0.19764376735645162,5024,785
FedProx,CIFAR10,0.1,48,3,4,0.7846288681030273,5,0.01,4.091368414386376,0.008182736828772751,0.21596753099755578,3222,500
FedProx,CIFAR10,0.1,48,3,1,0.5489862362543741,5,0.01,4.355065295175159,0.002655527619009243,0.39530826903322996,10507,1640
FedProx,CIFAR10,0.1,48,4,3,0.31404151519139606,5,0.01,5.912385557142503,0.0021857247900711656,0.8521654937916208,17316,2705
FedProx,CIFAR10,0.1,48,4,0,0.8781611919403076,5,0.01,3.341445643940251,0.004256618654700957,0.16359593910099895,5024,785
FedProx,CIFAR10,0.1,48,4,2,0.4325987497965495,5,0.01,5.379201395980499,0.0038560583483731176,0.5162980854151747,8933,1395
FedProx,CIFAR10,0.1,48,4,4,0.7846288681030273,5,0.01,4.049128951476691,0.008098257902953382,0.18906712526711789,3222,500
FedProx,CIFAR10,0.1,48,4,1,0.5489862362543741,5,0.01,4.067459009569412,0.002480157932664276,0.36442336514970974,10507,1640
FedProx,CIFAR10,0.1,48,5,0,0.8781611919403076,5,0.01,3.3571393994001952,0.00427661069987286,0.15528669003078593,5024,785
FedProx,CIFAR10,0.1,48,5,1,0.5489862362543741,5,0.01,3.838888280602695,0.002340785536952863,0.3323524753612562,10507,1640
FedProx,CIFAR10,0.1,48,5,3,0.31404151519139606,5,0.01,5.582633524979735,0.002063820157108959,0.8433703954660897,17316,2705
FedProx,CIFAR10,0.1,48,5,4,0.7846288681030273,5,0.01,3.9307792264955395,0.007861558452991078,0.16769290739988593,3222,500
FedProx,CIFAR10,0.1,48,5,2,0.4325987497965495,5,0.01,5.197117704069068,0.0037255324043505866,0.488487929648531,8933,1395
FedProx,CIFAR10,0.1,48,6,1,0.5489862362543741,5,0.01,3.5321764438258674,0.0021537661242840653,0.2955911763667036,10507,1640
FedProx,CIFAR10,0.1,48,6,2,0.4325987497965495,5,0.01,5.095487802618489,0.0036526794284003506,0.45567921339367967,8933,1395
FedProx,CIFAR10,0.1,48,6,3,0.31404151519139606,5,0.01,5.585762847781563,0.0020649770232094504,0.8493993966311747,17316,2705
FedProx,CIFAR10,0.1,48,6,0,0.8781611919403076,5,0.01,3.197384921969674,0.004073101811426336,0.15029261260170246,5024,785
FedProx,CIFAR10,0.1,48,6,4,0.7846288681030273,5,0.01,4.042065314570738,0.008084130629141477,0.16394529880690414,3222,500
FedProx,CIFAR10,0.1,48,7,2,0.4325987497965495,5,0.01,4.87533429174923,0.0034948632915765086,0.43906467920814884,8933,1395
FedProx,CIFAR10,0.1,48,7,4,0.7846288681030273,5,0.01,3.6834102694023882,0.0073668205388047765,0.13852764493456918,3222,500
FedProx,CIFAR10,0.1,48,7,1,0.5489862362543741,5,0.01,3.5408524116028968,0.0021590563485383517,0.29864712597394094,10507,1640
FedProx,CIFAR10,0.1,48,7,0,0.8781611919403076,5,0.01,3.051063963574061,0.0038867056860816063,0.13461676230817554,5024,785
FedProx,CIFAR10,0.1,48,7,3,0.31404151519139606,5,0.01,5.395116152382234,0.001994497653376057,0.8438067746941718,17316,2705
FedProx,CIFAR10,0.1,48,8,1,0.5489862362543741,5,0.01,3.3072625427111557,0.002016623501653144,0.278248955358422,10507,1640
FedProx,CIFAR10,0.1,48,8,3,0.31404151519139606,5,0.01,5.223925502233304,0.0019312109065557502,0.8450186951869031,17316,2705
FedProx,CIFAR10,0.1,48,8,4,0.7846288681030273,5,0.01,3.6592859979055263,0.007318571995811053,0.1273279810679044,3222,500
FedProx,CIFAR10,0.1,48,8,0,0.8781611919403076,5,0.01,2.9780313360528465,0.003793670491787066,0.12992007923695056,5024,785
FedProx,CIFAR10,0.1,48,8,2,0.4325987497965495,5,0.01,4.7211419679896345,0.0033843311598492003,0.41917271826251556,8933,1395
FedProx,CIFAR10,0.1,48,9,3,0.31404151519139606,5,0.01,5.178443390604272,0.001914396817228936,0.8446749384754431,17316,2705
FedProx,CIFAR10,0.1,48,9,4,0.7846288681030273,5,0.01,3.613626756212774,0.0072272535124255485,0.13054575685852782,3222,500
FedProx,CIFAR10,0.1,48,9,0,0.8781611919403076,5,0.01,2.9862551486595263,0.0038041466861904794,0.13483560249502874,5024,785
FedProx,CIFAR10,0.1,48,9,1,0.5489862362543741,5,0.01,3.1085735100836067,0.001895471652490004,0.25370606473953844,10507,1640
FedProx,CIFAR10,0.1,48,9,2,0.4325987497965495,5,0.01,4.737318405447773,0.003395927172363995,0.4068054876705638,8933,1395
FedProx,CIFAR10,0.1,48,10,4,0.7846288681030273,5,0.01,3.5453169091131893,0.007090633818226379,0.12448830364019736,3222,500
FedProx,CIFAR10,0.1,48,10,2,0.4325987497965495,5,0.01,4.472004001781023,0.0032057376356853214,0.3914067748215033,8933,1395
FedProx,CIFAR10,0.1,48,10,1,0.5489862362543741,5,0.01,3.004332024546722,0.0018319097710650745,0.2546346588208583,10507,1640
FedProx,CIFAR10,0.1,48,10,0,0.8781611919403076,5,0.01,2.991984353975478,0.0038114450369114367,0.1324369477120275,5024,785
FedProx,CIFAR10,0.1,48,10,3,0.31404151519139606,5,0.01,5.039820087970598,0.0018631497552571525,0.8487067598687765,17316,2705
FedProx,CIFAR10,0.1,49,1,4,0.39460790157318115,5,0.01,7.4302281456641515,0.003416196848581219,0.7079066278605357,13951,2175
FedProx,CIFAR10,0.1,49,1,0,0.5155852635701498,5,0.01,4.883942399168295,0.011491629174513636,0.22453748930774003,2726,425
FedProx,CIFAR10,0.1,49,1,3,0.4758329788843791,5,0.01,7.292994005147971,0.005504146418979601,0.48669953387432197,8503,1325
FedProx,CIFAR10,0.1,49,1,2,0.6027893622716268,5,0.01,6.118899703022515,0.005487802424235439,0.3893367971964359,7151,1115
FedProx,CIFAR10,0.1,49,1,1,0.4779949188232422,5,0.01,6.648884065577636,0.00335802225534224,0.6044018867769371,12672,1980
FedProx,CIFAR10,0.1,49,2,0,0.5155852635701498,5,0.01,5.057435297946329,0.011899847759873714,0.3149989089464179,2726,425
FedProx,CIFAR10,0.1,49,2,3,0.4758329788843791,5,0.01,6.684881763785271,0.005045193783988884,0.522179700999274,8503,1325
FedProx,CIFAR10,0.1,49,2,2,0.6027893622716268,5,0.01,5.885012780252138,0.005278038367939137,0.4490776534086939,7151,1115
FedProx,CIFAR10,0.1,49,2,1,0.4779949188232422,5,0.01,6.323474706643599,0.003193674094264444,0.603593642767724,12672,1980
FedProx,CIFAR10,0.1,49,2,4,0.39460790157318115,5,0.01,6.710153639625702,0.0030851281101727363,0.6995911724654768,13951,2175
FedProx,CIFAR10,0.1,49,3,1,0.4779949188232422,5,0.01,5.859048349575621,0.0029591153280684956,0.5945642942848832,12672,1980
FedProx,CIFAR10,0.1,49,3,0,0.5155852635701498,5,0.01,5.082009788143097,0.011957670089748462,0.3173575498237599,2726,425
FedProx,CIFAR10,0.1,49,3,2,0.6027893622716268,5,0.01,5.690577871172755,0.005103657283563008,0.4459487001460043,7151,1115
FedProx,CIFAR10,0.1,49,3,3,0.4758329788843791,5,0.01,5.892761962447209,0.004447367518828083,0.49524655386063143,8503,1325
FedProx,CIFAR10,0.1,49,3,4,0.39460790157318115,5,0.01,5.993859652133621,0.0027557975412108603,0.6794349931785428,13951,2175
FedProx,CIFAR10,0.1,49,4,0,0.5155852635701498,5,0.01,5.027666185378958,0.01182980278912696,0.27650723230821544,2726,425
FedProx,CIFAR10,0.1,49,4,3,0.4758329788843791,5,0.01,5.656229743746179,0.004268852636789569,0.4687440490246553,8503,1325
FedProx,CIFAR10,0.1,49,4,4,0.39460790157318115,5,0.01,5.583892849391229,0.0025673070571913697,0.6480159417600051,13951,2175
FedProx,CIFAR10,0.1,49,4,1,0.4779949188232422,5,0.01,5.783937188847947,0.002921180398408054,0.596971946633324,12672,1980
FedProx,CIFAR10,0.1,49,4,2,0.6027893622716268,5,0.01,5.571781508835276,0.0049971134608388125,0.41846931798052484,7151,1115
FedProx,CIFAR10,0.1,49,5,3,0.4758329788843791,5,0.01,5.240517388663739,0.003955107463142445,0.4239051105327624,8503,1325
FedProx,CIFAR10,0.1,49,5,0,0.5155852635701498,5,0.01,4.828714121305491,0.011361680285424685,0.23236603904743064,2726,425
FedProx,CIFAR10,0.1,49,5,4,0.39460790157318115,5,0.01,5.384572782576785,0.00247566564716174,0.6399805935011988,13951,2175
FedProx,CIFAR10,0.1,49,5,2,0.6027893622716268,5,0.01,5.420979433732454,0.004861864962988748,0.39268739435170197,7151,1115
FedProx,CIFAR10,0.1,49,5,1,0.4779949188232422,5,0.01,5.60371923228109,0.002830161228424793,0.5866424249181432,12672,1980
FedProx,CIFAR10,0.1,49,6,2,0.6027893622716268,5,0.01,5.374396659345601,0.0048200866899960546,0.3780842075592587,7151,1115
FedProx,CIFAR10,0.1,49,6,0,0.5155852635701498,5,0.01,4.582863528900391,0.010783208303295037,0.19730481125402768,2726,425
FedProx,CIFAR10,0.1,49,6,4,0.39460790157318115,5,0.01,5.211937219242646,0.002396292974364435,0.6273655314527122,13951,2175
FedProx,CIFAR10,0.1,49,6,3,0.4758329788843791,5,0.01,4.948234437084997,0.0037345165562905638,0.3948801263272512,8503,1325
FedProx,CIFAR10,0.1,49,6,1,0.4779949188232422,5,0.01,5.463892151887777,0.002759541490852413,0.5815526059477423,12672,1980
FedProx,CIFAR10,0.1,49,7,0,0.5155852635701498,5,0.01,4.214594511291755,0.009916692967745305,0.1703150164311188,2726,425
FedProx,CIFAR10,0.1,49,7,4,0.39460790157318115,5,0.01,5.00167834005742,0.0022996222253137562,0.6035149659114682,13951,2175
FedProx,CIFAR10,0.1,49,7,3,0.4758329788843791,5,0.01,4.810664808124106,0.0036306904212257407,0.3709260158911918,8503,1325
FedProx,CIFAR10,0.1,49,7,2,0.6027893622716268,5,0.01,5.406217126267485,0.004848625225352005,0.3624339781988041,7151,1115
FedProx,CIFAR10,0.1,49,7,1,0.4779949188232422,5,0.01,5.538256558126436,0.0027970992717810286,0.5940240391937142,12672,1980
FedProx,CIFAR10,0.1,49,8,1,0.4779949188232422,5,0.01,5.381401743258165,0.0027178796683122045,0.5850163888071118,12672,1980
FedProx,CIFAR10,0.1,49,8,2,0.6027893622716268,5,0.01,5.285318566468429,0.004740196023738501,0.3473090123731709,7151,1115
FedProx,CIFAR10,0.1,49,8,3,0.4758329788843791,5,0.01,4.744178306957634,0.0035805119297793466,0.3603587247063458,8503,1325
FedProx,CIFAR10,0.1,49,8,0,0.5155852635701498,5,0.01,4.1940787159805195,0.009868420508189459,0.15354378173552613,2726,425
FedProx,CIFAR10,0.1,49,8,4,0.39460790157318115,5,0.01,4.8871530668079695,0.002246966927268032,0.5954589094571648,13951,2175
FedProx,CIFAR10,0.1,49,9,2,0.6027893622716268,5,0.01,5.299508295593634,0.004752922238200569,0.3492154921129022,7151,1115
FedProx,CIFAR10,0.1,49,9,1,0.4779949188232422,5,0.01,5.28409778564919,0.0026687362553783787,0.5874186807883722,12672,1980
FedProx,CIFAR10,0.1,49,9,0,0.5155852635701498,5,0.01,4.093050900784401,0.009630708001845649,0.1499015049419534,2726,425
FedProx,CIFAR10,0.1,49,9,4,0.39460790157318115,5,0.01,4.717058030300221,0.0021687623127817105,0.587640349749221,13951,2175
FedProx,CIFAR10,0.1,49,9,3,0.4758329788843791,5,0.01,4.484127856792122,0.0033842474390883936,0.33979195502173765,8503,1325
FedProx,CIFAR10,0.1,49,10,2,0.6027893622716268,5,0.01,5.20706129190239,0.004670010127266718,0.3447826692020481,7151,1115
FedProx,CIFAR10,0.1,49,10,3,0.4758329788843791,5,0.01,4.201416059924667,0.003170880045226164,0.31234445541169203,8503,1325
FedProx,CIFAR10,0.1,49,10,1,0.4779949188232422,5,0.01,5.266663019756674,0.002659930818058926,0.586190078276101,12672,1980
FedProx,CIFAR10,0.1,49,10,0,0.5155852635701498,5,0.01,3.9075420582974925,0.009194216607758805,0.13426725110817248,2726,425
FedProx,CIFAR10,0.1,49,10,4,0.39460790157318115,5,0.01,4.730661858910338,0.0021750169466254426,0.5883760197621585,13951,2175
FedProx,CIFAR10,0.1,50,1,3,0.7249987920125326,5,0.01,4.443904963237851,0.00746874783737454,0.21043945311362183,3834,595
FedProx,CIFAR10,0.1,50,1,0,0.80733855565389,5,0.01,4.202595645553361,0.009888460342478495,0.14130790027657614,2726,425
FedProx,CIFAR10,0.1,50,1,2,0.2607847849527995,5,0.01,8.37981646548591,0.002562635004735752,0.9009421442876817,20953,3270
FedProx,CIFAR10,0.1,50,1,1,0.863502581914266,5,0.01,3.4550341319690663,0.00445810855737944,0.15815070816946505,4976,775
FedProx,CIFAR10,0.1,50,1,4,0.4568888346354167,5,0.01,6.804226283896849,0.0034804226516096416,0.5158490197310995,12514,1955
FedProx,CIFAR10,0.1,50,2,1,0.863502581914266,5,0.01,4.157828509704963,0.005364940012522533,0.2581114426728283,4976,775
FedProx,CIFAR10,0.1,50,2,3,0.7249987920125326,5,0.01,4.119749602197643,0.006923948911256543,0.3020614351895533,3834,595
FedProx,CIFAR10,0.1,50,2,4,0.4568888346354167,5,0.01,6.299580444100987,0.003222291787263932,0.6116143018794995,12514,1955
FedProx,CIFAR10,0.1,50,2,0,0.80733855565389,5,0.01,4.200256187321096,0.009882955734873166,0.2672883892922006,2726,425
FedProx,CIFAR10,0.1,50,2,2,0.2607847849527995,5,0.01,7.1801166024939675,0.0021957543126892866,0.9007960231456563,20953,3270
FedProx,CIFAR10,0.1,50,3,3,0.7249987920125326,5,0.01,3.743840012428372,0.006292168088114911,0.24102354934261422,3834,595
FedProx,CIFAR10,0.1,50,3,2,0.2607847849527995,5,0.01,6.182386604071405,0.001890638105220613,0.8802044615322854,20953,3270
FedProx,CIFAR10,0.1,50,3,0,0.80733855565389,5,0.01,4.073902951330466,0.009585654003130509,0.2078604624217731,2726,425
FedProx,CIFAR10,0.1,50,3,1,0.863502581914266,5,0.01,4.250599446411173,0.005484644446982159,0.22721876612583455,4976,775
FedProx,CIFAR10,0.1,50,3,4,0.4568888346354167,5,0.01,5.666597648494185,0.002898515421224647,0.5623673002966397,12514,1955
FedProx,CIFAR10,0.1,50,4,3,0.7249987920125326,5,0.01,3.488245385851355,0.005862597287145135,0.18415022405297177,3834,595
FedProx,CIFAR10,0.1,50,4,1,0.863502581914266,5,0.01,4.213430576475213,0.005436684614806727,0.21067263598500607,4976,775
FedProx,CIFAR10,0.1,50,4,2,0.2607847849527995,5,0.01,5.920511519206458,0.0018105539814087027,0.8755236752438531,20953,3270
FedProx,CIFAR10,0.1,50,4,4,0.4568888346354167,5,0.01,5.304292801275563,0.002713193248734303,0.5176103770402679,12514,1955
FedProx,CIFAR10,0.1,50,4,0,0.80733855565389,5,0.01,3.933596819188631,0.00925552192750266,0.16605638040927276,2726,425
FedProx,CIFAR10,0.1,50,5,3,0.7249987920125326,5,0.01,3.3474493680305706,0.005625965324421127,0.16339736199273197,3834,595
FedProx,CIFAR10,0.1,50,5,4,0.4568888346354167,5,0.01,5.0671854554478095,0.0025919107188991353,0.48548008773191736,12514,1955
FedProx,CIFAR10,0.1,50,5,2,0.2607847849527995,5,0.01,5.579483990644822,0.0017062642173225756,0.8653183188343402,20953,3270
FedProx,CIFAR10,0.1,50,5,1,0.863502581914266,5,0.01,4.22951570451229,0.005457439618725536,0.1966120478344394,4976,775
FedProx,CIFAR10,0.1,50,5,0,0.80733855565389,5,0.01,3.625353962649333,0.008530244617998431,0.1583295974091218,2726,425
FedProx,CIFAR10,0.1,50,6,4,0.4568888346354167,5,0.01,4.876881019758208,0.0024945682965515133,0.459874541534821,12514,1955
FedProx,CIFAR10,0.1,50,6,2,0.2607847849527995,5,0.01,5.475148339638208,0.001674357290409238,0.8667614177785711,20953,3270
FedProx,CIFAR10,0.1,50,6,1,0.863502581914266,5,0.01,4.097205009587227,0.005286716141402873,0.18618840943728857,4976,775
FedProx,CIFAR10,0.1,50,6,0,0.80733855565389,5,0.01,3.489507437208201,0.008210605734607532,0.12187008881665895,2726,425
FedProx,CIFAR10,0.1,50,6,3,0.7249987920125326,5,0.01,3.1618090464595245,0.005313964783965588,0.13335341723569227,3834,595
FedProx,CIFAR10,0.1,50,7,4,0.4568888346354167,5,0.01,4.780813388691159,0.002445428843320286,0.43860266749346905,12514,1955
FedProx,CIFAR10,0.1,50,7,2,0.2607847849527995,5,0.01,5.391609805422417,0.0016488103380496687,0.8640906047092577,20953,3270
FedProx,CIFAR10,0.1,50,7,3,0.7249987920125326,5,0.01,3.036265214273697,0.0051029667466784825,0.12727084723926524,3834,595
FedProx,CIFAR10,0.1,50,7,1,0.863502581914266,5,0.01,4.046782640627572,0.005221655020164609,0.17505230517270173,4976,775
FedProx,CIFAR10,0.1,50,7,0,0.80733855565389,5,0.01,3.553740925734552,0.008361743354669535,0.1205154040760795,2726,425
FedProx,CIFAR10,0.1,50,8,1,0.863502581914266,5,0.01,3.959599586346403,0.005109160756576004,0.15776085258419023,4976,775
FedProx,CIFAR10,0.1,50,8,0,0.80733855565389,5,0.01,3.3629993182658886,0.007912939572390327,0.10500157878016136,2726,425
FedProx,CIFAR10,0.1,50,8,4,0.4568888346354167,5,0.01,4.654679977014432,0.00238091047417618,0.4186705271784985,12514,1955
FedProx,CIFAR10,0.1,50,8,2,0.2607847849527995,5,0.01,5.4564523516029695,0.0016686398628755258,0.8720378120847248,20953,3270
FedProx,CIFAR10,0.1,50,8,3,0.7249987920125326,5,0.01,3.001275175842487,0.005044159959399138,0.11681154194978938,3834,595
FedProx,CIFAR10,0.1,50,9,1,0.863502581914266,5,0.01,3.9637126676608467,0.00511446795827206,0.16014752751108577,4976,775
FedProx,CIFAR10,0.1,50,9,2,0.2607847849527995,5,0.01,5.256542796088518,0.0016075054422289047,0.8745172284829348,20953,3270
FedProx,CIFAR10,0.1,50,9,0,0.80733855565389,5,0.01,3.1456215653922834,0.007401462506805373,0.09455738041559737,2726,425
FedProx,CIFAR10,0.1,50,9,4,0.4568888346354167,5,0.01,4.399904148795904,0.00225059035744036,0.4083586671998448,12514,1955
FedProx,CIFAR10,0.1,50,9,3,0.7249987920125326,5,0.01,2.8511972816100637,0.004791928204386662,0.11370945684223631,3834,595
FedProx,CIFAR10,0.1,50,10,3,0.7249987920125326,5,0.01,2.698288572019041,0.004534938776502589,0.09537035596616472,3834,595
FedProx,CIFAR10,0.1,50,10,4,0.4568888346354167,5,0.01,4.33880043505508,0.002219335260897739,0.3836994892272722,12514,1955
FedProx,CIFAR10,0.1,50,10,2,0.2607847849527995,5,0.01,5.418164641836667,0.0016569310831304792,0.8829975768882823,20953,3270
FedProx,CIFAR10,0.1,50,10,0,0.80733855565389,5,0.01,3.2394414970438286,0.0076222152871619495,0.0827261501401627,2726,425
FedProx,CIFAR10,0.1,50,10,1,0.863502581914266,5,0.01,3.7613634981450828,0.0048533722556710745,0.14304421002043172,4976,775
FedProx,CIFAR10,0.1,51,1,0,0.5471198956171671,5,0.01,5.963098817315091,0.00394907206444708,0.4460192798925786,9686,1510
FedProx,CIFAR10,0.1,51,1,4,0.45677439371744794,5,0.01,6.5235141758460005,0.003229462463290099,0.5665893056962811,12948,2020
FedProx,CIFAR10,0.1,51,1,2,0.8305829366048177,5,0.01,2.973883215099034,0.018586770094368963,0.12897483052354997,1052,160
FedProx,CIFAR10,0.1,51,1,1,0.39560731252034503,5,0.01,7.223655095938384,0.002622016368761664,0.7907999615413032,17657,2755
FedProx,CIFAR10,0.1,51,1,3,0.7245081265767416,5,0.01,4.167720664693305,0.007311790639812816,0.1980072080730598,3660,570
FedProx,CIFAR10,0.1,51,2,0,0.5471198956171671,5,0.01,5.698324189930024,0.003773724629092731,0.45724665514633295,9686,1510
FedProx,CIFAR10,0.1,51,2,1,0.39560731252034503,5,0.01,6.524537798958809,0.0023682532845585515,0.7752843232439526,17657,2755
FedProx,CIFAR10,0.1,51,2,4,0.45677439371744794,5,0.01,6.13126997072416,0.0030352821637248317,0.5694963506573203,12948,2020
FedProx,CIFAR10,0.1,51,2,2,0.8305829366048177,5,0.01,2.677304543628631,0.016733153397678942,0.11885210947405828,1052,160
FedProx,CIFAR10,0.1,51,2,3,0.7245081265767416,5,0.01,4.520147070266549,0.007930082579414998,0.2661975898628072,3660,570
FedProx,CIFAR10,0.1,51,3,0,0.5471198956171671,5,0.01,5.432893943331687,0.003597943008828932,0.44577024579296354,9686,1510
FedProx,CIFAR10,0.1,51,3,2,0.8305829366048177,5,0.01,2.4354003302085108,0.015221252063803193,0.11047420945256556,1052,160
FedProx,CIFAR10,0.1,51,3,4,0.45677439371744794,5,0.01,5.63934315662964,0.0027917540379354656,0.5598834066999407,12948,2020
FedProx,CIFAR10,0.1,51,3,1,0.39560731252034503,5,0.01,5.953141330487746,0.0021608498477269497,0.760231045947874,17657,2755
FedProx,CIFAR10,0.1,51,3,3,0.7245081265767416,5,0.01,4.472094895738137,0.007845780518838837,0.23637182639253804,3660,570
FedProx,CIFAR10,0.1,51,4,4,0.45677439371744794,5,0.01,5.272792817348654,0.002610293473934977,0.5432157303737053,12948,2020
FedProx,CIFAR10,0.1,51,4,3,0.7245081265767416,5,0.01,4.56300543870931,0.008005272699490017,0.23511402371785364,3660,570
FedProx,CIFAR10,0.1,51,4,1,0.39560731252034503,5,0.01,5.626066398887294,0.0020421293643874024,0.7550401578505024,17657,2755
FedProx,CIFAR10,0.1,51,4,2,0.8305829366048177,5,0.01,2.440426809006502,0.01525266755629064,0.11819247935896932,1052,160
FedProx,CIFAR10,0.1,51,4,0,0.5471198956171671,5,0.01,5.167109059117286,0.003421926529216746,0.4217847702169423,9686,1510
FedProx,CIFAR10,0.1,51,5,1,0.39560731252034503,5,0.01,5.38750643781539,0.0019555377269747333,0.7494883167526393,17657,2755
FedProx,CIFAR10,0.1,51,5,4,0.45677439371744794,5,0.01,4.996629049887923,0.0024735787375682787,0.516583849395898,12948,2020
FedProx,CIFAR10,0.1,51,5,0,0.5471198956171671,5,0.01,5.089911919630396,0.003370802595781719,0.4115607717830937,9686,1510
FedProx,CIFAR10,0.1,51,5,2,0.8305829366048177,5,0.01,2.3024382699793273,0.014390239187370795,0.0769392254101369,1052,160
FedProx,CIFAR10,0.1,51,5,3,0.7245081265767416,5,0.01,4.475236555862913,0.007851292203268268,0.20877506586542668,3660,570
FedProx,CIFAR10,0.1,51,6,2,0.8305829366048177,5,0.01,2.11247196172648,0.0132029497607905,0.05652212799079362,1052,160
FedProx,CIFAR10,0.1,51,6,0,0.5471198956171671,5,0.01,5.0445099331533285,0.0033407350550684295,0.398038142982822,9686,1510
FedProx,CIFAR10,0.1,51,6,3,0.7245081265767416,5,0.01,4.387670989027524,0.007697668401802673,0.19270977392736466,3660,570
FedProx,CIFAR10,0.1,51,6,1,0.39560731252034503,5,0.01,5.411571378671649,0.001964272732730181,0.751049592970548,17657,2755
FedProx,CIFAR10,0.1,51,6,4,0.45677439371744794,5,0.01,4.901315231504108,0.0024263936789624295,0.4964867231616574,12948,2020
FedProx,CIFAR10,0.1,51,7,1,0.39560731252034503,5,0.01,5.387668410998414,0.001955596519418662,0.7583256663814603,17657,2755
FedProx,CIFAR10,0.1,51,7,4,0.45677439371744794,5,0.01,4.631539491598428,0.0022928413324744693,0.46705750425965026,12948,2020
FedProx,CIFAR10,0.1,51,7,2,0.8305829366048177,5,0.01,2.1057843638915243,0.013161152274322028,0.054834289930854097,1052,160
FedProx,CIFAR10,0.1,51,7,3,0.7245081265767416,5,0.01,4.4056292771278915,0.00772917417039981,0.1794835558933193,3660,570
FedProx,CIFAR10,0.1,51,7,0,0.5471198956171671,5,0.01,5.014359705145644,0.0033207680166527443,0.389868986156239,9686,1510
FedProx,CIFAR10,0.1,51,8,3,0.7245081265767416,5,0.01,4.215300106646595,0.0073952633449940255,0.16601449326099274,3660,570
FedProx,CIFAR10,0.1,51,8,2,0.8305829366048177,5,0.01,2.112767700471631,0.013204798127947694,0.03976254757180765,1052,160
FedProx,CIFAR10,0.1,51,8,1,0.39560731252034503,5,0.01,5.462132254196495,0.0019826251376393812,0.766946487217164,17657,2755
FedProx,CIFAR10,0.1,51,8,4,0.45677439371744794,5,0.01,4.480424467501185,0.0022180319146045467,0.43911325607908286,12948,2020
FedProx,CIFAR10,0.1,51,8,0,0.5471198956171671,5,0.01,4.95244957002013,0.003279767927165649,0.37097101611301775,9686,1510
FedProx,CIFAR10,0.1,51,9,2,0.8305829366048177,5,0.01,1.9900098557363057,0.012437561598351911,0.03821558276907614,1052,160
FedProx,CIFAR10,0.1,51,9,4,0.45677439371744794,5,0.01,4.439124201115557,0.002197586238176018,0.4316795346391416,12948,2020
FedProx,CIFAR10,0.1,51,9,1,0.39560731252034503,5,0.01,5.432784417550344,0.001971972565354027,0.7677783055405661,17657,2755
FedProx,CIFAR10,0.1,51,9,3,0.7245081265767416,5,0.01,4.3439582043690415,0.007620979305910599,0.15778237089197478,3660,570
FedProx,CIFAR10,0.1,51,9,0,0.5471198956171671,5,0.01,4.879254617675046,0.003231294448791421,0.36644708014447624,9686,1510
FedProx,CIFAR10,0.1,51,10,4,0.45677439371744794,5,0.01,4.385509777586323,0.002171044444349665,0.4203397297279886,12948,2020
FedProx,CIFAR10,0.1,51,10,0,0.5471198956171671,5,0.01,4.767475053463961,0.0031572682473271266,0.3460721144861354,9686,1510
FedProx,CIFAR10,0.1,51,10,2,0.8305829366048177,5,0.01,2.1316148653422466,0.013322592908389042,0.03358186708224274,1052,160
FedProx,CIFAR10,0.1,51,10,3,0.7245081265767416,5,0.01,4.265071731876647,0.007482581985748504,0.15133672073109136,3660,570
FedProx,CIFAR10,0.1,51,10,1,0.39560731252034503,5,0.01,5.525238575499412,0.0020055312433754674,0.7774980155870124,17657,2755
FedProx,CIFAR10,0.01,42,1,1,0.45727765560150146,5,0.01,6.840073766763474,0.002993467731625153,0.7481920104219338,14626,2285
FedProx,CIFAR10,0.01,42,1,4,0.6506414413452148,5,0.01,4.359853951101853,0.0031365855763322683,0.38533168027110637,8903,1390
FedProx,CIFAR10,0.01,42,1,0,0.5140166680018107,5,0.01,6.8927882576408654,0.0039052624689183374,0.6140594811194785,11304,1765
FedProx,CIFAR10,0.01,42,1,2,0.671928326288859,5,0.01,4.331142017274442,0.003451109177111109,0.35066206214018353,8059,1255
FedProx,CIFAR10,0.01,42,1,3,0.9994733333587646,5,0.01,1.7173138842145597,0.0052840427206601835,0.012651443034162045,2109,325
FedProx,CIFAR10,0.01,42,2,0,0.5140166680018107,5,0.01,6.64507490784651,0.003764914961952697,0.629983602867193,11304,1765
FedProx,CIFAR10,0.01,42,2,3,0.9994733333587646,5,0.01,1.6029747431382682,0.004932229978886979,0.002918756119209501,2109,325
FedProx,CIFAR10,0.01,42,2,1,0.45727765560150146,5,0.01,5.849693772260148,0.0025600410381882484,0.7216402438862846,14626,2285
FedProx,CIFAR10,0.01,42,2,4,0.6506414413452148,5,0.01,4.116896486884508,0.0029617960337298623,0.38783117446243986,8903,1390
FedProx,CIFAR10,0.01,42,2,2,0.671928326288859,5,0.01,3.7637368254646932,0.00299899348642605,0.3703708808505278,8059,1255
FedProx,CIFAR10,0.01,42,3,0,0.5140166680018107,5,0.01,6.293997431019065,0.003566004210209102,0.6320672368595305,11304,1765
FedProx,CIFAR10,0.01,42,3,4,0.6506414413452148,5,0.01,3.8198199853961934,0.0027480719319397076,0.3548463871805396,8903,1390
FedProx,CIFAR10,0.01,42,3,2,0.671928326288859,5,0.01,3.361748173346886,0.0026786838034636544,0.32773081453042113,8059,1255
FedProx,CIFAR10,0.01,42,3,1,0.45727765560150146,5,0.01,5.265803229096846,0.0023045090718148125,0.6913790152353362,14626,2285
FedProx,CIFAR10,0.01,42,3,3,0.9994733333587646,5,0.01,1.6409768110341134,0.005049159418566503,0.0273929676442699,2109,325
FedProx,CIFAR10,0.01,42,4,2,0.671928326288859,5,0.01,3.2127565098767854,0.0025599653465153667,0.29033708169092076,8059,1255
FedProx,CIFAR10,0.01,42,4,4,0.6506414413452148,5,0.01,3.690593870394626,0.0026551035038810257,0.33865125631958926,8903,1390
FedProx,CIFAR10,0.01,42,4,1,0.45727765560150146,5,0.01,4.8659795398612955,0.0021295315272915954,0.6729523477844668,14626,2285
FedProx,CIFAR10,0.01,42,4,0,0.5140166680018107,5,0.01,5.869166470807989,0.0033253067823274724,0.6280688023435316,11304,1765
FedProx,CIFAR10,0.01,42,4,3,0.9994733333587646,5,0.01,1.4239994425666451,0.004381536746358908,0.013255791907375407,2109,325
FedProx,CIFAR10,0.01,42,5,0,0.5140166680018107,5,0.01,5.724896794027812,0.0032435675886843124,0.6266105324037484,11304,1765
FedProx,CIFAR10,0.01,42,5,3,0.9994733333587646,5,0.01,1.47256179734081,0.0045309593764332615,0.014468557799055657,2109,325
FedProx,CIFAR10,0.01,42,5,1,0.45727765560150146,5,0.01,4.685258596976771,0.002050441399114561,0.663807578779567,14626,2285
FedProx,CIFAR10,0.01,42,5,4,0.6506414413452148,5,0.01,3.672159306892153,0.0026418412279799663,0.32940354907577685,8903,1390
FedProx,CIFAR10,0.01,42,5,2,0.671928326288859,5,0.01,2.9239380384197045,0.0023298311063105217,0.24868805660074586,8059,1255
FedProx,CIFAR10,0.01,42,6,3,0.9994733333587646,5,0.01,1.4231949159348538,0.00437906127979955,0.02324371267920024,2109,325
FedProx,CIFAR10,0.01,42,6,0,0.5140166680018107,5,0.01,5.643709734738546,0.0031975692548093745,0.6373996000598096,11304,1765
FedProx,CIFAR10,0.01,42,6,4,0.6506414413452148,5,0.01,3.5686557903067517,0.002567378266407735,0.3258599482176913,8903,1390
FedProx,CIFAR10,0.01,42,6,2,0.671928326288859,5,0.01,2.869348857525317,0.0022863337510161887,0.2340314799703795,8059,1255
FedProx,CIFAR10,0.01,42,6,1,0.45727765560150146,5,0.01,4.442718627414009,0.0019442969923037239,0.6379350776865105,14626,2285
FedProx,CIFAR10,0.01,42,7,3,0.9994733333587646,5,0.01,1.485627005721647,0.004571160017605068,0.024648123448259673,2109,325
FedProx,CIFAR10,0.01,42,7,2,0.671928326288859,5,0.01,2.763826287441537,0.0022022520218657666,0.2257836164253004,8059,1255
FedProx,CIFAR10,0.01,42,7,4,0.6506414413452148,5,0.01,3.5132451140862337,0.0025275144705656357,0.3206233298208842,8903,1390
FedProx,CIFAR10,0.01,42,7,1,0.45727765560150146,5,0.01,4.316694850519673,0.001889144354713205,0.6231604983462721,14626,2285
FedProx,CIFAR10,0.01,42,7,0,0.5140166680018107,5,0.01,5.572264290453024,0.0031570902495484557,0.6355190276963709,11304,1765
FedProx,CIFAR10,0.01,42,8,0,0.5140166680018107,5,0.01,5.574093982205897,0.0031581269020996582,0.6378427068392816,11304,1765
FedProx,CIFAR10,0.01,42,8,1,0.45727765560150146,5,0.01,4.275003605962357,0.0018708987334627382,0.6193540297529853,14626,2285
FedProx,CIFAR10,0.01,42,8,3,0.9994733333587646,5,0.01,1.2769522162240263,0.003929083742227773,0.01570074821024127,2109,325
FedProx,CIFAR10,0.01,42,8,2,0.671928326288859,5,0.01,2.667479483187065,0.0021254816599100123,0.20639316069509872,8059,1255
FedProx,CIFAR10,0.01,42,8,4,0.6506414413452148,5,0.01,3.552334332047841,0.0025556362101063603,0.3148427955039767,8903,1390
FedProx,CIFAR10,0.01,42,9,3,0.9994733333587646,5,0.01,1.3532273861496285,0.004163776572768087,0.019240746310035174,2109,325
FedProx,CIFAR10,0.01,42,9,2,0.671928326288859,5,0.01,2.575782943226106,0.0020524166878295664,0.18836604633740636,8059,1255
FedProx,CIFAR10,0.01,42,9,0,0.5140166680018107,5,0.01,5.383112170439522,0.0030499219095974626,0.6390736291569101,11304,1765
FedProx,CIFAR10,0.01,42,9,1,0.45727765560150146,5,0.01,4.130296416643391,0.0018075695477651602,0.6152084282395888,14626,2285
FedProx,CIFAR10,0.01,42,9,4,0.6506414413452148,5,0.01,3.283658218192846,0.002362344041865357,0.30343009147230227,8903,1390
FedProx,CIFAR10,0.01,42,10,0,0.5140166680018107,5,0.01,5.360598011092503,0.0030371660119504268,0.6412906688441141,11304,1765
FedProx,CIFAR10,0.01,42,10,1,0.45727765560150146,5,0.01,3.9671132036207224,0.0017361545748887188,0.5987839879786019,14626,2285
FedProx,CIFAR10,0.01,42,10,4,0.6506414413452148,5,0.01,3.238867554791744,0.002330120543015643,0.29119827726108094,8903,1390
FedProx,CIFAR10,0.01,42,10,3,0.9994733333587646,5,0.01,1.282488998004784,0.0039461199938608735,0.01922597338817758,2109,325
FedProx,CIFAR10,0.01,42,10,2,0.671928326288859,5,0.01,2.624263937450248,0.0020910469621117514,0.20282059624659962,8059,1255
FedProx,CIFAR10,0.01,43,1,4,0.9907287756601969,5,0.01,1.9659435873094189,0.002788572464268679,0.09652025737602246,4537,705
FedProx,CIFAR10,0.01,43,1,1,0.9992596308390299,5,0.01,1.3628254388807721,0.0019468934841153887,0.0463575549479359,4502,700
FedProx,CIFAR10,0.01,43,1,2,0.5878098011016846,5,0.01,5.117142086794729,0.0032697393525844914,0.4422488168599891,10046,1565
FedProx,CIFAR10,0.01,43,1,0,0.4122955799102783,5,0.01,7.5370195404272575,0.002849534797893103,0.8963657731730598,16940,2645
FedProx,CIFAR10,0.01,43,1,3,0.6656469504038492,5,0.01,4.283891029992882,0.0030599221642806295,0.3347229975972977,8976,1400
FedProx,CIFAR10,0.01,43,2,1,0.9992596308390299,5,0.01,1.3164850052184818,0.001880692864597831,0.026602984093825617,4502,700
FedProx,CIFAR10,0.01,43,2,2,0.5878098011016846,5,0.01,4.824432791328108,0.003082704658995596,0.5059768504101552,10046,1565
FedProx,CIFAR10,0.01,43,2,4,0.9907287756601969,5,0.01,1.8585088722451624,0.0026361827975108685,0.06715092143155142,4537,705
FedProx,CIFAR10,0.01,43,2,3,0.6656469504038492,5,0.01,3.9260948987150157,0.002804353499082154,0.36409140811797736,8976,1400
FedProx,CIFAR10,0.01,43,2,0,0.4122955799102783,5,0.01,6.585743903776552,0.002489884273639528,0.8899765142919052,16940,2645
FedProx,CIFAR10,0.01,43,3,1,0.9992596308390299,5,0.01,1.3719656486833123,0.001959950926690446,0.023613813180303832,4502,700
FedProx,CIFAR10,0.01,43,3,2,0.5878098011016846,5,0.01,4.57575675353616,0.002923806232291476,0.4826829823259572,10046,1565
FedProx,CIFAR10,0.01,43,3,0,0.4122955799102783,5,0.01,5.90744611041486,0.002233438983143614,0.8757642170548704,16940,2645
FedProx,CIFAR10,0.01,43,3,3,0.6656469504038492,5,0.01,3.659787396638517,0.0026141338547417976,0.3362825269299436,8976,1400
FedProx,CIFAR10,0.01,43,3,4,0.9907287756601969,5,0.01,1.859091921919823,0.00263700981832599,0.07550854995024,4537,705
FedProx,CIFAR10,0.01,43,4,4,0.9907287756601969,5,0.01,1.838437377593559,0.0026077125923312894,0.05917356201475909,4537,705
FedProx,CIFAR10,0.01,43,4,2,0.5878098011016846,5,0.01,4.257669094048968,0.0027205553316606824,0.4446394219028811,10046,1565
FedProx,CIFAR10,0.01,43,4,0,0.4122955799102783,5,0.01,5.3932670872388275,0.002039042377027912,0.8659522960069233,16940,2645
FedProx,CIFAR10,0.01,43,4,1,0.9992596308390299,5,0.01,1.42884852091172,0.002041212172731029,0.013006069278631606,4502,700
FedProx,CIFAR10,0.01,43,4,3,0.6656469504038492,5,0.01,3.495545170305923,0.002496817978789945,0.3147542150266056,8976,1400
FedProx,CIFAR10,0.01,43,5,4,0.9907287756601969,5,0.01,1.7898580905337267,0.0025388058021754987,0.07207011735295805,4537,705
FedProx,CIFAR10,0.01,43,5,3,0.6656469504038492,5,0.01,3.3928365137827856,0.00242345465270199,0.28569748086614977,8976,1400
FedProx,CIFAR10,0.01,43,5,1,0.9992596308390299,5,0.01,1.5924333392830319,0.0022749047704043314,0.047972716219953325,4502,700
FedProx,CIFAR10,0.01,43,5,2,0.5878098011016846,5,0.01,4.266185965473932,0.0027259974220280717,0.43534191581127496,10046,1565
FedProx,CIFAR10,0.01,43,5,0,0.4122955799102783,5,0.01,5.141431406534374,0.0019438303994458882,0.8525377644284325,16940,2645
FedProx,CIFAR10,0.01,43,6,0,0.4122955799102783,5,0.01,5.018182500452093,0.0018972334595282014,0.8426556642169689,16940,2645
FedProx,CIFAR10,0.01,43,6,3,0.6656469504038492,5,0.01,3.418353929005611,0.0024416813778611506,0.29889482278973534,8976,1400
FedProx,CIFAR10,0.01,43,6,2,0.5878098011016846,5,0.01,4.321769959624397,0.0027615143511976973,0.4318646776712999,10046,1565
FedProx,CIFAR10,0.01,43,6,4,0.9907287756601969,5,0.01,1.7072338903879853,0.0024216083551602628,0.05467212853718135,4537,705
FedProx,CIFAR10,0.01,43,6,1,0.9992596308390299,5,0.01,1.380314880154273,0.00197187840022039,0.03130605029183355,4502,700
FedProx,CIFAR10,0.01,43,7,4,0.9907287756601969,5,0.01,1.8188704654806642,0.002579958107064772,0.05413600454158537,4537,705
FedProx,CIFAR10,0.01,43,7,2,0.5878098011016846,5,0.01,4.365051537811273,0.002789170311700494,0.43490098189114507,10046,1565
FedProx,CIFAR10,0.01,43,7,1,0.9992596308390299,5,0.01,1.3715724245166923,0.0019593891778809888,0.029308049807847927,4502,700
FedProx,CIFAR10,0.01,43,7,3,0.6656469504038492,5,0.01,3.122483257129653,0.002230345183664038,0.2553646015652267,8976,1400
FedProx,CIFAR10,0.01,43,7,0,0.4122955799102783,5,0.01,4.915845427843009,0.0018585426948366764,0.8399036594998583,16940,2645
FedProx,CIFAR10,0.01,43,8,4,0.9907287756601969,5,0.01,1.5994845010441379,0.0022687723419065786,0.04762253817742333,4537,705
FedProx,CIFAR10,0.01,43,8,1,0.9992596308390299,5,0.01,1.475854431491889,0.0021083634735598418,0.02216863292684046,4502,700
FedProx,CIFAR10,0.01,43,8,0,0.4122955799102783,5,0.01,4.875635856025882,0.0018433405882895585,0.8405241198953275,16940,2645
FedProx,CIFAR10,0.01,43,8,3,0.6656469504038492,5,0.01,2.9452493990604447,0.0021037495707574606,0.22798273964632748,8976,1400
FedProx,CIFAR10,0.01,43,8,2,0.5878098011016846,5,0.01,4.369119824788599,0.0027917698560949514,0.42834001549506323,10046,1565
FedProx,CIFAR10,0.01,43,9,1,0.9992596308390299,5,0.01,1.4623445882505928,0.002089063697500847,0.03222268867460608,4502,700
FedProx,CIFAR10,0.01,43,9,4,0.9907287756601969,5,0.01,1.5899908955702386,0.0022553062348514025,0.029660240143974975,4537,705
FedProx,CIFAR10,0.01,43,9,3,0.6656469504038492,5,0.01,2.9172355292455863,0.0020837396637468472,0.23434100708392136,8976,1400
FedProx,CIFAR10,0.01,43,9,2,0.5878098011016846,5,0.01,4.223400231375735,0.0026986582948087764,0.41492246414422423,10046,1565
FedProx,CIFAR10,0.01,43,9,0,0.4122955799102783,5,0.01,4.794364598163996,0.001812614214806804,0.841713968557989,16940,2645
FedProx,CIFAR10,0.01,43,10,3,0.6656469504038492,5,0.01,2.8604610088299425,0.0020431864348785305,0.22997839441624054,8976,1400
FedProx,CIFAR10,0.01,43,10,2,0.5878098011016846,5,0.01,4.344420868042826,0.002775987775107237,0.4332636333368691,10046,1565
FedProx,CIFAR10,0.01,43,10,0,0.4122955799102783,5,0.01,4.680462918233289,0.0017695511978197689,0.8301141707686034,16940,2645
FedProx,CIFAR10,0.01,43,10,4,0.9907287756601969,5,0.01,1.6735080134259273,0.002373770231809826,0.041879429906702834,4537,705
FedProx,CIFAR10,0.01,43,10,1,0.9992596308390299,5,0.01,1.432737191337282,0.002046767416196117,0.030524082353675912,4502,700
FedProx,CIFAR10,0.01,44,1,4,0.4309428930282593,5,0.01,7.339233538896103,0.003007882597908239,0.7626743476842909,15627,2440
FedProx,CIFAR10,0.01,44,1,2,0.8221529324849447,5,0.01,3.2982363054014026,0.0038802780063545914,0.16323521288701756,5468,850
FedProx,CIFAR10,0.01,44,1,1,1.0,5,0.01,1.492462313533294,0.0040889378452966954,-0.018036920294237917,2367,365
FedProx,CIFAR10,0.01,44,1,3,0.6154587268829346,5,0.01,5.473248050468238,0.004039297454220102,0.3729201832656277,8675,1355
FedProx,CIFAR10,0.01,44,1,0,0.5108823776245117,5,0.01,6.9906870686414075,0.0034779537654932376,0.6250832731349005,12866,2010
FedProx,CIFAR10,0.01,44,2,1,1.0,5,0.01,1.5149017853777533,0.004150415850350009,-0.0021549271716814716,2367,365
FedProx,CIFAR10,0.01,44,2,3,0.6154587268829346,5,0.01,5.673064062575642,0.004186763145812282,0.46170528649220766,8675,1355
FedProx,CIFAR10,0.01,44,2,4,0.4309428930282593,5,0.01,6.337466298756467,0.002597322253588716,0.736383954218613,15627,2440
FedProx,CIFAR10,0.01,44,2,2,0.8221529324849447,5,0.01,3.9723489379787997,0.0046733516917397645,0.22777378830231662,5468,850
FedProx,CIFAR10,0.01,44,2,0,0.5108823776245117,5,0.01,6.248412432037017,0.003108662901510954,0.6132209704553685,12866,2010
FedProx,CIFAR10,0.01,44,3,0,0.5108823776245117,5,0.01,5.480640033092136,0.0027266865836279284,0.58970141378162,12866,2010
FedProx,CIFAR10,0.01,44,3,3,0.6154587268829346,5,0.01,5.349439139299695,0.003947925564058815,0.44968986602753136,8675,1355
FedProx,CIFAR10,0.01,44,3,1,1.0,5,0.01,1.5006081882738354,0.0041112553103392745,0.005923943918571363,2367,365
FedProx,CIFAR10,0.01,44,3,4,0.4309428930282593,5,0.01,5.567669977105168,0.002281831957829987,0.7095235362006524,15627,2440
FedProx,CIFAR10,0.01,44,3,2,0.8221529324849447,5,0.01,4.09244053731109,0.0048146359262483404,0.23469139593487456,5468,850
FedProx,CIFAR10,0.01,44,4,3,0.6154587268829346,5,0.01,5.180853029459645,0.0038235077708189263,0.4330286638480673,8675,1355
FedProx,CIFAR10,0.01,44,4,4,0.4309428930282593,5,0.01,5.109294147052043,0.002093973011086903,0.686663989314943,15627,2440
FedProx,CIFAR10,0.01,44,4,2,0.8221529324849447,5,0.01,4.252148256940633,0.005002527361106628,0.2439687549564929,5468,850
FedProx,CIFAR10,0.01,44,4,1,1.0,5,0.01,1.4764634290461374,0.004045105285057911,0.009845345878829783,2367,365
FedProx,CIFAR10,0.01,44,4,0,0.5108823776245117,5,0.01,5.041439018112098,0.0025081786159761683,0.5630215370061008,12866,2010
FedProx,CIFAR10,0.01,44,5,1,1.0,5,0.01,1.3795929782986798,0.0037797067898593965,0.0009088414458343036,2367,365
FedProx,CIFAR10,0.01,44,5,2,0.8221529324849447,5,0.01,4.44218770001235,0.0052261031764851175,0.25374850937778004,5468,850
FedProx,CIFAR10,0.01,44,5,4,0.4309428930282593,5,0.01,4.820393264102939,0.0019755710098782538,0.6828215141024533,15627,2440
FedProx,CIFAR10,0.01,44,5,0,0.5108823776245117,5,0.01,4.629822069394196,0.002303394064375222,0.5325609824731136,12866,2010
FedProx,CIFAR10,0.01,44,5,3,0.6154587268829346,5,0.01,4.965178521124091,0.0036643383919734993,0.4265146095971216,8675,1355
FedProx,CIFAR10,0.01,44,6,4,0.4309428930282593,5,0.01,4.776431105844572,0.001957553731903513,0.6723818768284088,15627,2440
FedProx,CIFAR10,0.01,44,6,2,0.8221529324849447,5,0.01,4.577470075640352,0.005385258912518061,0.2470778453875394,5468,850
FedProx,CIFAR10,0.01,44,6,3,0.6154587268829346,5,0.01,4.969002002162729,0.003667160149197586,0.4095161310054945,8675,1355
FedProx,CIFAR10,0.01,44,6,1,1.0,5,0.01,1.418615433437055,0.0038866176258549453,0.020174104444465796,2367,365
FedProx,CIFAR10,0.01,44,6,0,0.5108823776245117,5,0.01,4.5629489430765995,0.002270123852276915,0.5173957642452143,12866,2010
FedProx,CIFAR10,0.01,44,7,2,0.8221529324849447,5,0.01,4.71856876145639,0.0055512573664192825,0.25842706479176675,5468,850
FedProx,CIFAR10,0.01,44,7,0,0.5108823776245117,5,0.01,4.3795644413199915,0.0021788877817512397,0.5059683669421522,12866,2010
FedProx,CIFAR10,0.01,44,7,4,0.4309428930282593,5,0.01,4.6559911821890125,0.0019081931074545133,0.6733996525672555,15627,2440
FedProx,CIFAR10,0.01,44,7,1,1.0,5,0.01,1.2377562702279052,0.0033911130691175488,0.005886202763589241,2367,365
FedProx,CIFAR10,0.01,44,7,3,0.6154587268829346,5,0.01,4.870660204074301,0.0035945831764385983,0.4044662179255316,8675,1355
FedProx,CIFAR10,0.01,44,8,0,0.5108823776245117,5,0.01,4.317060020362937,0.0021477910549069336,0.5001719815757142,12866,2010
FedProx,CIFAR10,0.01,44,8,4,0.4309428930282593,5,0.01,4.488291641574957,0.00183946378753072,0.6541695231055783,15627,2440
FedProx,CIFAR10,0.01,44,8,1,1.0,5,0.01,1.3720686118786647,0.0037590920873388075,0.0028128711797389032,2367,365
FedProx,CIFAR10,0.01,44,8,3,0.6154587268829346,5,0.01,4.964914041752769,0.0036641432042455856,0.41306325117067627,8675,1355
FedProx,CIFAR10,0.01,44,8,2,0.8221529324849447,5,0.01,4.746478802843991,0.0055840927092282245,0.26396695235043405,5468,850
FedProx,CIFAR10,0.01,44,9,1,1.0,5,0.01,1.3869320792675035,0.0037998139158013796,0.011106558091147502,2367,365
FedProx,CIFAR10,0.01,44,9,4,0.4309428930282593,5,0.01,4.089797170973396,0.0016761463815464738,0.6155570410778409,15627,2440
FedProx,CIFAR10,0.01,44,9,3,0.6154587268829346,5,0.01,4.916072970734466,0.0036280981333833696,0.41905167038290175,8675,1355
FedProx,CIFAR10,0.01,44,9,2,0.8221529324849447,5,0.01,4.917072766995677,0.005784791490583149,0.267461824437649,5468,850
FedProx,CIFAR10,0.01,44,9,0,0.5108823776245117,5,0.01,4.211619897927168,0.00209533328255083,0.5117569663815261,12866,2010
FedProx,CIFAR10,0.01,44,10,1,1.0,5,0.01,1.421287484066471,0.0038939383125108796,0.015647802443212178,2367,365
FedProx,CIFAR10,0.01,44,10,2,0.8221529324849447,5,0.01,4.891719661105929,0.005754964307183446,0.26805066859818544,5468,850
FedProx,CIFAR10,0.01,44,10,3,0.6154587268829346,5,0.01,4.763177010272142,0.0035152597861787026,0.39274389645795993,8675,1355
FedProx,CIFAR10,0.01,44,10,0,0.5108823776245117,5,0.01,4.079372176987431,0.00202953839651116,0.4904725019148756,12866,2010
FedProx,CIFAR10,0.01,44,10,4,0.4309428930282593,5,0.01,4.239450039304107,0.001737479524304962,0.6431715323512198,15627,2440
FedProx,CIFAR10,0.01,45,1,3,0.46871312459309894,5,0.01,7.159636841301414,0.0031962664470095597,0.7655794757172741,14342,2240
FedProx,CIFAR10,0.01,45,1,4,0.6666663487752279,5,0.01,5.34248756219189,0.003857391741654794,0.3984792657371833,8878,1385
FedProx,CIFAR10,0.01,45,1,0,1.0,5,0.01,1.160808059943777,0.00165829722849111,-0.026285071335992283,4500,700
FedProx,CIFAR10,0.01,45,1,1,0.961184581120809,5,0.01,2.257457776670674,0.0037940466834801246,0.11225999590260677,3813,595
FedProx,CIFAR10,0.01,45,1,2,0.5090245405832926,5,0.01,5.778452306535792,0.0027516439554932342,0.6077279617831526,13469,2100
FedProx,CIFAR10,0.01,45,2,0,1.0,5,0.01,1.2837304053345717,0.0018339005790493882,-0.005520693795481666,4500,700
FedProx,CIFAR10,0.01,45,2,4,0.6666663487752279,5,0.01,5.350845579341608,0.0038634264110769733,0.43842063454121155,8878,1385
FedProx,CIFAR10,0.01,45,2,1,0.961184581120809,5,0.01,2.166554448582232,0.0036412679808104738,0.14425732761914928,3813,595
FedProx,CIFAR10,0.01,45,2,3,0.46871312459309894,5,0.01,6.383226297326247,0.002849654597020646,0.7495066387608448,14342,2240
FedProx,CIFAR10,0.01,45,2,2,0.5090245405832926,5,0.01,5.354661929867022,0.0025498390142223914,0.5978719782024765,13469,2100
FedProx,CIFAR10,0.01,45,3,1,0.961184581120809,5,0.01,2.1175444187117636,0.0035588981827088463,0.14659916620826188,3813,595
FedProx,CIFAR10,0.01,45,3,0,1.0,5,0.01,1.381451981200102,0.0019735028302858603,-0.0008763958623182433,4500,700
FedProx,CIFAR10,0.01,45,3,2,0.5090245405832926,5,0.01,5.105439072984005,0.0024311614633257166,0.5944329542632134,13469,2100
FedProx,CIFAR10,0.01,45,3,3,0.46871312459309894,5,0.01,5.782087434013719,0.002581289033041839,0.7257348727397991,14342,2240
FedProx,CIFAR10,0.01,45,3,4,0.6666663487752279,5,0.01,5.251710781809526,0.0037918489399346757,0.44491339267171565,8878,1385
FedProx,CIFAR10,0.01,45,4,4,0.6666663487752279,5,0.01,4.927248909968546,0.0035575804404105026,0.4227637675155584,8878,1385
FedProx,CIFAR10,0.01,45,4,0,1.0,5,0.01,1.4452104398139982,0.002064586342591426,0.002352922755446174,4500,700
FedProx,CIFAR10,0.01,45,4,1,0.961184581120809,5,0.01,1.9178837273917073,0.0032233339956163148,0.12135896647097465,3813,595
FedProx,CIFAR10,0.01,45,4,2,0.5090245405832926,5,0.01,4.9088022505480104,0.0023375248812133385,0.6061151605210479,13469,2100
FedProx,CIFAR10,0.01,45,4,3,0.46871312459309894,5,0.01,5.238300383759927,0.0023385269570356817,0.6995938949979977,14342,2240
FedProx,CIFAR10,0.01,45,5,1,0.961184581120809,5,0.01,1.7192499807840356,0.0028894957660235893,0.10525178762905976,3813,595
FedProx,CIFAR10,0.01,45,5,4,0.6666663487752279,5,0.01,4.765069305832454,0.0034404832533086313,0.41306674521535197,8878,1385
FedProx,CIFAR10,0.01,45,5,0,1.0,5,0.01,1.473573777394709,0.002105105396278156,0.013966232944595928,4500,700
FedProx,CIFAR10,0.01,45,5,2,0.5090245405832926,5,0.01,4.636727803866607,0.0022079656208888604,0.5846278995689264,13469,2100
FedProx,CIFAR10,0.01,45,5,3,0.46871312459309894,5,0.01,5.00561225159617,0.002234648326605433,0.6858842963354325,14342,2240
FedProx,CIFAR10,0.01,45,6,1,0.961184581120809,5,0.01,1.528257043139503,0.002568499232167232,0.05729755972759713,3813,595
FedProx,CIFAR10,0.01,45,6,3,0.46871312459309894,5,0.01,4.835193463301171,0.0021585685104023086,0.6665018536332669,14342,2240
FedProx,CIFAR10,0.01,45,6,0,1.0,5,0.01,1.5445801361884102,0.0022065430516977286,0.021792813357668795,4500,700
FedProx,CIFAR10,0.01,45,6,4,0.6666663487752279,5,0.01,4.789036567240842,0.003457788135191944,0.40826036941735677,8878,1385
FedProx,CIFAR10,0.01,45,6,2,0.5090245405832926,5,0.01,4.566434905881249,0.0021744928123244044,0.5829201236490006,13469,2100
FedProx,CIFAR10,0.01,45,7,1,0.961184581120809,5,0.01,1.5682964914382975,0.002635792422585374,0.08028014238840789,3813,595
FedProx,CIFAR10,0.01,45,7,0,1.0,5,0.01,1.558827446494053,0.0022268963521343615,-0.00019515788118233828,4500,700
FedProx,CIFAR10,0.01,45,7,3,0.46871312459309894,5,0.01,4.78984721717585,0.002138324650524933,0.661600969539615,14342,2240
FedProx,CIFAR10,0.01,45,7,2,0.5090245405832926,5,0.01,4.515090795708441,0.0021500432360516387,0.578456433102216,13469,2100
FedProx,CIFAR10,0.01,45,7,4,0.6666663487752279,5,0.01,4.703433806456731,0.0033959810876943906,0.3945409793020174,8878,1385
FedProx,CIFAR10,0.01,45,8,3,0.46871312459309894,5,0.01,4.53881757965256,0.0020262578480591785,0.6458870350591399,14342,2240
FedProx,CIFAR10,0.01,45,8,1,0.961184581120809,5,0.01,1.5223813615537631,0.002558624137065148,0.06495660040719926,3813,595
FedProx,CIFAR10,0.01,45,8,0,1.0,5,0.01,1.6439302228586175,0.002348471746940882,0.019724861902139578,4500,700
FedProx,CIFAR10,0.01,45,8,2,0.5090245405832926,5,0.01,4.356450470120509,0.0020745002238669093,0.5707470449718395,13469,2100
FedProx,CIFAR10,0.01,45,8,4,0.6666663487752279,5,0.01,4.754242970043658,0.0034326664043636524,0.4122211466246542,8878,1385
FedProx,CIFAR10,0.01,45,9,0,1.0,5,0.01,1.6236525321682684,0.0023195036173832406,0.023497051885018886,4500,700
FedProx,CIFAR10,0.01,45,9,1,0.961184581120809,5,0.01,1.5275838786563765,0.0025673678632880275,0.054062115563739584,3813,595
FedProx,CIFAR10,0.01,45,9,4,0.6666663487752279,5,0.01,4.683962738680465,0.0033819225550039463,0.4028901792780169,8878,1385
FedProx,CIFAR10,0.01,45,9,2,0.5090245405832926,5,0.01,4.316918198325047,0.0020556753325357367,0.5656785471643718,13469,2100
FedProx,CIFAR10,0.01,45,9,3,0.46871312459309894,5,0.01,4.564236086290501,0.0020376053956654024,0.6482736491712393,14342,2240
FedProx,CIFAR10,0.01,45,10,2,0.5090245405832926,5,0.01,4.328171087294605,0.002061033851092669,0.5716655159774361,13469,2100
FedProx,CIFAR10,0.01,45,10,0,1.0,5,0.01,1.6759521541795723,0.0023942173631136747,0.019057823754355375,4500,700
FedProx,CIFAR10,0.01,45,10,3,0.46871312459309894,5,0.01,4.456482761738817,0.001989501232919115,0.6370791936623891,14342,2240
FedProx,CIFAR10,0.01,45,10,4,0.6666663487752279,5,0.01,4.590676347950377,0.00331456776025298,0.3949857673801603,8878,1385
FedProx,CIFAR10,0.01,45,10,1,0.961184581120809,5,0.01,1.495407834806988,0.0025132904786672066,0.06218952477122778,3813,595
FedProx,CIFAR10,0.01,46,1,1,0.0,5,0.01,0.0,0.0,0.0,0,0
FedProx,CIFAR10,0.01,46,1,2,1.0,5,0.01,1.222314924457821,0.0017461641777968872,-0.010230622630598431,4501,700
FedProx,CIFAR10,0.01,46,1,0,0.9997531572977701,5,0.01,1.3090503868345942,0.0018700719811922774,-0.016211237572284865,4500,700
FedProx,CIFAR10,0.01,46,1,4,0.5091838041941324,5,0.01,6.6314983887095,0.0031503555290781473,0.4831629926446949,13498,2105
FedProx,CIFAR10,0.01,46,1,3,0.33330706755320233,5,0.01,8.220766091915298,0.0023387670247269694,0.9054790135932781,22501,3515
FedProx,CIFAR10,0.01,46,2,0,0.9997531572977701,5,0.01,1.331898613472017,0.0019027123049600242,0.002894017334574995,4500,700
FedProx,CIFAR10,0.01,46,2,2,1.0,5,0.01,1.3543007695432665,0.0019347153850618093,0.005188025342133428,4501,700
FedProx,CIFAR10,0.01,46,2,1,0.0,5,0.01,0.0,0.0,0.0,0,0
FedProx,CIFAR10,0.01,46,2,4,0.5091838041941324,5,0.01,5.9608394704743946,0.002831752717565033,0.5027122652729281,13498,2105
FedProx,CIFAR10,0.01,46,2,3,0.33330706755320233,5,0.01,7.068809988473419,0.002011041248498839,0.8977227636344225,22501,3515
FedProx,CIFAR10,0.01,46,3,3,0.33330706755320233,5,0.01,6.134522135621938,0.0017452410058668387,0.8850727868203893,22501,3515
FedProx,CIFAR10,0.01,46,3,0,0.9997531572977701,5,0.01,1.4109252358953248,0.002015607479850464,0.012415472699315401,4500,700
FedProx,CIFAR10,0.01,46,3,1,0.0,5,0.01,0.0,0.0,0.0,0,0
FedProx,CIFAR10,0.01,46,3,4,0.5091838041941324,5,0.01,5.387499486502845,0.002559382178861209,0.4866205595366135,13498,2105
FedProx,CIFAR10,0.01,46,3,2,1.0,5,0.01,1.559042665121784,0.002227203807316834,0.0076999950246445644,4501,700
FedProx,CIFAR10,0.01,46,4,4,0.5091838041941324,5,0.01,5.066142437696674,0.002406718497718135,0.4752646429129624,13498,2105
FedProx,CIFAR10,0.01,46,4,1,0.0,5,0.01,0.0,0.0,0.0,0,0
FedProx,CIFAR10,0.01,46,4,2,1.0,5,0.01,1.5934404541414122,0.0022763435059163033,0.013405000296449856,4501,700
FedProx,CIFAR10,0.01,46,4,0,0.9997531572977701,5,0.01,1.6148605101608675,0.0023069435859440963,0.01484355987851215,4500,700
FedProx,CIFAR10,0.01,46,4,3,0.33330706755320233,5,0.01,5.637090193042938,0.0016037240947490577,0.8772068009360104,22501,3515
FedProx,CIFAR10,0.01,46,5,3,0.33330706755320233,5,0.01,5.374178688690125,0.0015289270807084282,0.874079590310014,22501,3515
FedProx,CIFAR10,0.01,46,5,1,0.0,5,0.01,0.0,0.0,0.0,0,0
FedProx,CIFAR10,0.01,46,5,2,1.0,5,0.01,1.6616828180289338,0.002373832597184191,0.001350195202063744,4501,700
FedProx,CIFAR10,0.01,46,5,4,0.5091838041941324,5,0.01,4.800495633936953,0.0022805204911814504,0.44936107593713964,13498,2105
FedProx,CIFAR10,0.01,46,5,0,0.9997531572977701,5,0.01,1.569013855566033,0.002241448365094333,0.015713204924188,4500,700
FedProx,CIFAR10,0.01,46,6,1,0.0,5,0.01,0.0,0.0,0.0,0,0
FedProx,CIFAR10,0.01,46,6,2,1.0,5,0.01,1.658188379935948,0.0023688405427656403,0.010610769339012177,4501,700
FedProx,CIFAR10,0.01,46,6,0,0.9997531572977701,5,0.01,1.5669445487051143,0.002238492212435878,0.013474433674976319,4500,700
FedProx,CIFAR10,0.01,46,6,4,0.5091838041941324,5,0.01,4.687271373271094,0.0022267322438342487,0.42711231848545606,13498,2105
FedProx,CIFAR10,0.01,46,6,3,0.33330706755320233,5,0.01,5.34990702081168,0.0015220219120374624,0.8756864286597436,22501,3515
FedProx,CIFAR10,0.01,46,7,2,1.0,5,0.01,1.7821430298336909,0.00254591861404813,0.020310611774116076,4501,700
FedProx,CIFAR10,0.01,46,7,0,0.9997531572977701,5,0.01,1.6168102131066153,0.0023097288758665933,0.01868137301139909,4500,700
FedProx,CIFAR10,0.01,46,7,4,0.5091838041941324,5,0.01,4.48019232824811,0.0021283574005929264,0.420425280940276,13498,2105
FedProx,CIFAR10,0.01,46,7,3,0.33330706755320233,5,0.01,5.09597289023219,0.0014497789161400255,0.8734843154663826,22501,3515
FedProx,CIFAR10,0.01,46,7,1,0.0,5,0.01,0.0,0.0,0.0,0,0
FedProx,CIFAR10,0.01,46,8,0,0.9997531572977701,5,0.01,1.70808441741107,0.0024401205963015286,0.02558019711445138,4500,700
FedProx,CIFAR10,0.01,46,8,1,0.0,5,0.01,0.0,0.0,0.0,0,0
FedProx,CIFAR10,0.01,46,8,2,1.0,5,0.01,1.757287852765174,0.002510411218235963,0.01784621057824854,4501,700
FedProx,CIFAR10,0.01,46,8,3,0.33330706755320233,5,0.01,5.107073616492338,0.001452937017494264,0.8727247311286881,22501,3515
FedProx,CIFAR10,0.01,46,8,4,0.5091838041941324,5,0.01,4.465153193626659,0.0021212129185874864,0.4093324809710666,13498,2105
FedProx,CIFAR10,0.01,46,9,3,0.33330706755320233,5,0.01,4.9042710032188825,0.0013952406837038072,0.8680138442730848,22501,3515
FedProx,CIFAR10,0.01,46,9,0,0.9997531572977701,5,0.01,1.5794561297606453,0.002256365899658065,0.00019794520877522125,4500,700
FedProx,CIFAR10,0.01,46,9,4,0.5091838041941324,5,0.01,4.3776293594712055,0.0020796338999863207,0.4148451682441491,13498,2105
FedProx,CIFAR10,0.01,46,9,2,1.0,5,0.01,1.7609491301438402,0.0025156416144912004,0.007227614483691331,4501,700
FedProx,CIFAR10,0.01,46,9,1,0.0,5,0.01,0.0,0.0,0.0,0,0
FedProx,CIFAR10,0.01,46,10,1,0.0,5,0.01,0.0,0.0,0.0,0,0
FedProx,CIFAR10,0.01,46,10,4,0.5091838041941324,5,0.01,4.281689104559637,0.0020340565817385447,0.4026434637825546,13498,2105
FedProx,CIFAR10,0.01,46,10,2,1.0,5,0.01,1.7936665735871549,0.002562380819410221,0.029968959313010298,4501,700
FedProx,CIFAR10,0.01,46,10,3,0.33330706755320233,5,0.01,4.907322990357121,0.0013961089588498212,0.8717537081926778,22501,3515
FedProx,CIFAR10,0.01,46,10,0,0.9997531572977701,5,0.01,1.8009924790019594,0.0025728463985742276,0.039737535941592815,4500,700
FedProx,CIFAR10,0.01,47,1,1,0.6674157778422037,5,0.01,3.9888019321218584,0.0029656519941426455,0.308675042202398,8609,1345
FedProx,CIFAR10,0.01,47,1,2,0.9486202398935953,5,0.01,2.81860667200516,0.0038348390095308297,0.12617720241797128,4721,735
FedProx,CIFAR10,0.01,47,1,4,0.6640845537185669,5,0.01,4.329121366268351,0.0036226957039902524,0.3306561636526893,7666,1195
FedProx,CIFAR10,0.01,47,1,0,0.40790923436482746,5,0.01,7.611513562285651,0.0027087236876461394,0.9224788547740179,17998,2810
FedProx,CIFAR10,0.01,47,1,3,0.7613141536712646,5,0.01,4.0575108067059595,0.004339583750487657,0.26025326634619383,6009,935
FedProx,CIFAR10,0.01,47,2,2,0.9486202398935953,5,0.01,2.792528689301822,0.00379935876095486,0.16398083415195877,4721,735
FedProx,CIFAR10,0.01,47,2,0,0.40790923436482746,5,0.01,6.882275468896347,0.002449208351920408,0.9153468698318591,17998,2810
FedProx,CIFAR10,0.01,47,2,3,0.7613141536712646,5,0.01,3.6858320912551066,0.003942066407759472,0.30410975136720614,6009,935
FedProx,CIFAR10,0.01,47,2,1,0.6674157778422037,5,0.01,3.6366542668699173,0.0027038321686765183,0.3228084430205625,8609,1345
FedProx,CIFAR10,0.01,47,2,4,0.6640845537185669,5,0.01,3.8806254780754426,0.0032473853373016256,0.3579841651231063,7666,1195
FedProx,CIFAR10,0.01,47,3,3,0.7613141536712646,5,0.01,3.289079139484855,0.003517731699983802,0.2578482551842446,6009,935
FedProx,CIFAR10,0.01,47,3,1,0.6674157778422037,5,0.01,3.2297690812144633,0.0024013153020181885,0.2731507896713532,8609,1345
FedProx,CIFAR10,0.01,47,3,0,0.40790923436482746,5,0.01,6.038229832654062,0.00214883623937867,0.9104994489709665,17998,2810
FedProx,CIFAR10,0.01,47,3,2,0.9486202398935953,5,0.01,2.478189052419461,0.003371685785604709,0.13232300905901317,4721,735
FedProx,CIFAR10,0.01,47,3,4,0.6640845537185669,5,0.01,3.5823551199564636,0.002997786711260639,0.33108164362953957,7666,1195
FedProx,CIFAR10,0.01,47,4,3,0.7613141536712646,5,0.01,3.0323920141119958,0.0032432000150930435,0.2167580409931743,6009,935
FedProx,CIFAR10,0.01,47,4,4,0.6640845537185669,5,0.01,3.3046743241022964,0.002765417844437068,0.27908618757591375,7666,1195
FedProx,CIFAR10,0.01,47,4,0,0.40790923436482746,5,0.01,5.7038142417118145,0.0020298271322817846,0.9117304044652865,17998,2810
FedProx,CIFAR10,0.01,47,4,1,0.6674157778422037,5,0.01,3.1448191098775746,0.0023381554720279365,0.2520783597844118,8609,1345
FedProx,CIFAR10,0.01,47,4,2,0.9486202398935953,5,0.01,2.420218084577735,0.003292813720513925,0.10501872411314928,4721,735
FedProx,CIFAR10,0.01,47,5,0,0.40790923436482746,5,0.01,5.368527026042223,0.0019105078384491897,0.9044184977547514,17998,2810
FedProx,CIFAR10,0.01,47,5,2,0.9486202398935953,5,0.01,2.364390378642868,0.0032168576580175073,0.10421756574061991,4721,735
FedProx,CIFAR10,0.01,47,5,1,0.6674157778422037,5,0.01,3.1809595585948394,0.002365025694122557,0.2566337100713938,8609,1345
FedProx,CIFAR10,0.01,47,5,3,0.7613141536712646,5,0.01,2.8927817047541553,0.003093884176207653,0.18529671149238738,6009,935
FedProx,CIFAR10,0.01,47,5,4,0.6640845537185669,5,0.01,3.167529475456601,0.0026506522807168208,0.2571185076892342,7666,1195
FedProx,CIFAR10,0.01,47,6,2,0.9486202398935953,5,0.01,2.308682750940612,0.003141064967266139,0.09713951285070009,4721,735
FedProx,CIFAR10,0.01,47,6,0,0.40790923436482746,5,0.01,5.1809807252990145,0.0018437653826686884,0.9079436942678694,17998,2810
FedProx,CIFAR10,0.01,47,6,3,0.7613141536712646,5,0.01,2.727036369435999,0.0029166164378994644,0.16331809188803756,6009,935
FedProx,CIFAR10,0.01,47,6,4,0.6640845537185669,5,0.01,3.1266152039129054,0.002616414396579837,0.2371672596980469,7666,1195
FedProx,CIFAR10,0.01,47,6,1,0.6674157778422037,5,0.01,2.920688941085432,0.002171515941327459,0.22526722015586778,8609,1345
FedProx,CIFAR10,0.01,47,7,2,0.9486202398935953,5,0.01,2.2898012627750166,0.003115375867721111,0.097218595288329,4721,735
FedProx,CIFAR10,0.01,47,7,4,0.6640845537185669,5,0.01,3.098928958065164,0.0025932459900126895,0.24628096815364653,7666,1195
FedProx,CIFAR10,0.01,47,7,1,0.6674157778422037,5,0.01,2.787135446943951,0.0020722196631553537,0.21341287184422705,8609,1345
FedProx,CIFAR10,0.01,47,7,0,0.40790923436482746,5,0.01,4.960987148537106,0.001765475853571924,0.9034690256911075,17998,2810
FedProx,CIFAR10,0.01,47,7,3,0.7613141536712646,5,0.01,2.827481481395099,0.0030240443651284483,0.1736562566877516,6009,935
FedProx,CIFAR10,0.01,47,8,3,0.7613141536712646,5,0.01,2.691615799089349,0.0028787334749618707,0.1541515162912481,6009,935
FedProx,CIFAR10,0.01,47,8,2,0.9486202398935953,5,0.01,2.1125310270966766,0.0028741918736009207,0.08295660125408547,4721,735
FedProx,CIFAR10,0.01,47,8,1,0.6674157778422037,5,0.01,2.7562922030466854,0.0020492878833060857,0.21088173482796582,8609,1345
FedProx,CIFAR10,0.01,47,8,0,0.40790923436482746,5,0.01,4.946363899621799,0.0017602718503992169,0.9076497963026833,17998,2810
FedProx,CIFAR10,0.01,47,8,4,0.6640845537185669,5,0.01,3.1062140412735477,0.0025993422939527594,0.23220232260141854,7666,1195
FedProx,CIFAR10,0.01,47,9,2,0.9486202398935953,5,0.01,2.1585244631960356,0.0029367679771374632,0.09680489358666218,4721,735
FedProx,CIFAR10,0.01,47,9,1,0.6674157778422037,5,0.01,2.606335345905288,0.00193779579621211,0.20568397323789805,8609,1345
FedProx,CIFAR10,0.01,47,9,4,0.6640845537185669,5,0.01,2.9989545625360066,0.002509585407979922,0.2156115172421119,7666,1195
FedProx,CIFAR10,0.01,47,9,0,0.40790923436482746,5,0.01,4.761320389401602,0.0016944200674027055,0.9068317481550869,17998,2810
FedProx,CIFAR10,0.01,47,9,3,0.7613141536712646,5,0.01,2.542649576753561,0.002719411312035894,0.1430443223387457,6009,935
FedProx,CIFAR10,0.01,47,10,0,0.40790923436482746,5,0.01,4.690260463457234,0.0016691318375292646,0.9152103170408793,17998,2810
FedProx,CIFAR10,0.01,47,10,1,0.6674157778422037,5,0.01,2.475941784316657,0.0018408489102726075,0.19304786378120847,8609,1345
FedProx,CIFAR10,0.01,47,10,2,0.9486202398935953,5,0.01,1.9949283188870024,0.002714188188961908,0.06300848451274503,4721,735
FedProx,CIFAR10,0.01,47,10,4,0.6640845537185669,5,0.01,2.666102666179812,0.002231048256217416,0.19774997043752526,7666,1195
FedProx,CIFAR10,0.01,47,10,3,0.7613141536712646,5,0.01,2.500274939573204,0.0026740908444633196,0.1481465504338269,6009,935
FedProx,CIFAR10,0.01,48,1,1,0.5010895729064941,5,0.01,6.87007263091053,0.003225386211695085,0.6860811178070768,13653,2130
FedProx,CIFAR10,0.01,48,1,4,0.0,5,0.01,0.0,0.0,0.0,0,0
FedProx,CIFAR10,0.01,48,1,3,0.5090165535608927,5,0.01,6.760118230073606,0.0032114575914838983,0.6704910448135197,13500,2105
FedProx,CIFAR10,0.01,48,1,2,0.6665039459864298,5,0.01,3.9739333701234396,0.0028796618624082897,0.32198521824862236,8847,1380
FedProx,CIFAR10,0.01,48,1,0,0.666482170422872,5,0.01,4.864356258538855,0.0034621752729813915,0.3620132445436978,9001,1405
FedProx,CIFAR10,0.01,48,2,2,0.6665039459864298,5,0.01,3.3930727599925397,0.002458748376806188,0.34592972931254623,8847,1380
FedProx,CIFAR10,0.01,48,2,4,0.0,5,0.01,0.0,0.0,0.0,0,0
FedProx,CIFAR10,0.01,48,2,0,0.666482170422872,5,0.01,4.706344871791723,0.003349711652520799,0.3904434550610503,9001,1405
FedProx,CIFAR10,0.01,48,2,3,0.5090165535608927,5,0.01,6.128483281746321,0.0029113934830148794,0.6595705631931074,13500,2105
FedProx,CIFAR10,0.01,48,2,1,0.5010895729064941,5,0.01,6.094630047102198,0.0028613286606113605,0.6818260480377852,13653,2130
FedProx,CIFAR10,0.01,48,3,0,0.666482170422872,5,0.01,4.783029233218248,0.003404291269194483,0.40287608605460784,9001,1405
FedProx,CIFAR10,0.01,48,3,2,0.6665039459864298,5,0.01,3.029445608326349,0.002195250440816195,0.29557206095938177,8847,1380
FedProx,CIFAR10,0.01,48,3,1,0.5010895729064941,5,0.01,5.356577433845753,0.00251482508631256,0.6470560970585106,13653,2130
FedProx,CIFAR10,0.01,48,3,3,0.5090165535608927,5,0.01,5.64075269499038,0.0026796924916818905,0.6507666531924243,13500,2105
FedProx,CIFAR10,0.01,48,3,4,0.0,5,0.01,0.0,0.0,0.0,0,0
FedProx,CIFAR10,0.01,48,4,2,0.6665039459864298,5,0.01,2.7866850638771545,0.002019337002809532,0.25378100204952836,8847,1380
FedProx,CIFAR10,0.01,48,4,3,0.5090165535608927,5,0.01,5.282523698583658,0.0025095124458829727,0.634851450699802,13500,2105
FedProx,CIFAR10,0.01,48,4,0,0.666482170422872,5,0.01,4.700313841497242,0.0033454191042684997,0.39277668876723376,9001,1405
FedProx,CIFAR10,0.01,48,4,4,0.0,5,0.01,0.0,0.0,0.0,0,0
FedProx,CIFAR10,0.01,48,4,1,0.5010895729064941,5,0.01,5.0725468474524185,0.0023814773931701495,0.6285403638835957,13653,2130
FedProx,CIFAR10,0.01,48,5,3,0.5090165535608927,5,0.01,5.0449045970621516,0.0023966292622623047,0.6293299313349684,13500,2105
FedProx,CIFAR10,0.01,48,5,2,0.6665039459864298,5,0.01,2.559592485415816,0.001854777163344794,0.21220043367323022,8847,1380
FedProx,CIFAR10,0.01,48,5,1,0.5010895729064941,5,0.01,4.845003768138891,0.0022746496564032353,0.6149112124953718,13653,2130
FedProx,CIFAR10,0.01,48,5,0,0.666482170422872,5,0.01,4.609864647161765,0.003281042453495918,0.3934293302651879,9001,1405
FedProx,CIFAR10,0.01,48,5,4,0.0,5,0.01,0.0,0.0,0.0,0,0
FedProx,CIFAR10,0.01,48,6,0,0.666482170422872,5,0.01,4.6192373314118855,0.0032877134031401322,0.3893477992703954,9001,1405
FedProx,CIFAR10,0.01,48,6,2,0.6665039459864298,5,0.01,2.5217607516259313,0.0018273628634970515,0.2034340198819307,8847,1380
FedProx,CIFAR10,0.01,48,6,3,0.5090165535608927,5,0.01,4.902412110885859,0.002328936869779505,0.614173594804619,13500,2105
FedProx,CIFAR10,0.01,48,6,1,0.5010895729064941,5,0.01,4.723820329680162,0.0022177560233240198,0.6072465822282489,13653,2130
FedProx,CIFAR10,0.01,48,6,4,0.0,5,0.01,0.0,0.0,0.0,0,0
FedProx,CIFAR10,0.01,48,7,3,0.5090165535608927,5,0.01,4.847427919268622,0.002302816113666804,0.6173550961745323,13500,2105
FedProx,CIFAR10,0.01,48,7,4,0.0,5,0.01,0.0,0.0,0.0,0,0
FedProx,CIFAR10,0.01,48,7,0,0.666482170422872,5,0.01,4.55641944999806,0.003243003167258406,0.38614691829381115,9001,1405
FedProx,CIFAR10,0.01,48,7,1,0.5010895729064941,5,0.01,4.573430508178369,0.002147150473323178,0.5910613390034725,13653,2130
FedProx,CIFAR10,0.01,48,7,2,0.6665039459864298,5,0.01,2.3279597450330884,0.0016869273514732526,0.18465738269103252,8847,1380
FedProx,CIFAR10,0.01,48,8,3,0.5090165535608927,5,0.01,4.831409684088487,0.002295206500754626,0.6227959773860943,13500,2105
FedProx,CIFAR10,0.01,48,8,1,0.5010895729064941,5,0.01,4.363484985907929,0.0020485845004262577,0.565650551296741,13653,2130
FedProx,CIFAR10,0.01,48,8,4,0.0,5,0.01,0.0,0.0,0.0,0,0
FedProx,CIFAR10,0.01,48,8,2,0.6665039459864298,5,0.01,2.4708764085989294,0.0017904901511586445,0.19793552315328894,8847,1380
FedProx,CIFAR10,0.01,48,8,0,0.666482170422872,5,0.01,4.596376085967633,0.00327144205406949,0.3890537133193119,9001,1405
FedProx,CIFAR10,0.01,48,9,4,0.0,5,0.01,0.0,0.0,0.0,0,0
FedProx,CIFAR10,0.01,48,9,2,0.6665039459864298,5,0.01,2.1516740368181964,0.001559184084650867,0.16578484393339965,8847,1380
FedProx,CIFAR10,0.01,48,9,0,0.666482170422872,5,0.01,4.553693996865644,0.0032410633429648715,0.3928874423044542,9001,1405
FedProx,CIFAR10,0.01,48,9,3,0.5090165535608927,5,0.01,4.606364251124817,0.0021882965563538325,0.6043751408588629,13500,2105
FedProx,CIFAR10,0.01,48,9,1,0.5010895729064941,5,0.01,4.361664974901332,0.002047730035164945,0.5818590300264319,13653,2130
FedProx,CIFAR10,0.01,48,10,1,0.5010895729064941,5,0.01,4.10011507249184,0.0019249366537520375,0.5627688035241527,13653,2130
FedProx,CIFAR10,0.01,48,10,2,0.6665039459864298,5,0.01,1.981903644453299,0.0014361620611980427,0.15556414386157782,8847,1380
FedProx,CIFAR10,0.01,48,10,0,0.666482170422872,5,0.01,4.434829512181408,0.0031564622862501127,0.3874395985799284,9001,1405
FedProx,CIFAR10,0.01,48,10,4,0.0,5,0.01,0.0,0.0,0.0,0,0
FedProx,CIFAR10,0.01,48,10,3,0.5090165535608927,5,0.01,4.495523866248626,0.002135640791567043,0.6112813231022788,13500,2105
FedProx,CIFAR10,0.01,49,1,1,0.45475200812021893,5,0.01,7.285118949309192,0.003181274650353359,0.7605824931084579,14666,2290
FedProx,CIFAR10,0.01,49,1,0,0.5108360449473063,5,0.01,6.909501531740506,0.0035433341188412853,0.6319711637733093,12497,1950
FedProx,CIFAR10,0.01,49,1,2,0.6665743589401245,5,0.01,4.315039065287535,0.003071202181699313,0.35127282210207667,9000,1405
FedProx,CIFAR10,0.01,49,1,3,0.8478803634643555,5,0.01,3.481116951590839,0.00424526457511078,0.19385971307286656,5276,820
FedProx,CIFAR10,0.01,49,1,4,0.9034558137257894,5,0.01,3.347367133256703,0.0060312921319940595,0.15202439349459923,3564,555
FedProx,CIFAR10,0.01,49,2,4,0.9034558137257894,5,0.01,3.414860272420509,0.0061529013917486644,0.1818068552080465,3564,555
FedProx,CIFAR10,0.01,49,2,0,0.5108360449473063,5,0.01,6.606055185866182,0.0033877206081365033,0.6449590939670156,12497,1950
FedProx,CIFAR10,0.01,49,2,2,0.6665743589401245,5,0.01,3.8940204180866114,0.002771544781556307,0.3314264988390633,9000,1405
FedProx,CIFAR10,0.01,49,2,3,0.8478803634643555,5,0.01,3.204521405520941,0.003907952933562124,0.24345100349339782,5276,820
FedProx,CIFAR10,0.01,49,2,1,0.45475200812021893,5,0.01,6.414699236466829,0.002801178705880711,0.7328673031673981,14666,2290
FedProx,CIFAR10,0.01,49,3,0,0.5108360449473063,5,0.01,5.931656121443342,0.0030418749340735086,0.6198175954514226,12497,1950
FedProx,CIFAR10,0.01,49,3,2,0.6665743589401245,5,0.01,3.450456339059256,0.002455840810718332,0.3065647999050571,9000,1405
FedProx,CIFAR10,0.01,49,3,4,0.9034558137257894,5,0.01,3.382700984310018,0.00609495672848652,0.16195697195046038,3564,555
FedProx,CIFAR10,0.01,49,3,3,0.8478803634643555,5,0.01,3.077250561916156,0.0037527445877026293,0.216550813010885,5276,820
FedProx,CIFAR10,0.01,49,3,1,0.45475200812021893,5,0.01,5.941557721757124,0.002594566690723635,0.7312656020720877,14666,2290
FedProx,CIFAR10,0.01,49,4,1,0.45475200812021893,5,0.01,5.624908064254531,0.0024562917311155156,0.7143265474529678,14666,2290
FedProx,CIFAR10,0.01,49,4,2,0.6665743589401245,5,0.01,3.2563316739036563,0.0023176737892552715,0.28143238173478347,9000,1405
FedProx,CIFAR10,0.01,49,4,3,0.8478803634643555,5,0.01,2.8311949344419367,0.003452676749319435,0.18713200929634294,5276,820
FedProx,CIFAR10,0.01,49,4,4,0.9034558137257894,5,0.01,3.260076559112274,0.005874011818220314,0.14708281003929166,3564,555
FedProx,CIFAR10,0.01,49,4,0,0.5108360449473063,5,0.01,5.763661585342456,0.002955723889919208,0.6201293220784809,12497,1950
FedProx,CIFAR10,0.01,49,5,3,0.8478803634643555,5,0.01,2.8186462754006936,0.003437373506586212,0.16061321090562436,5276,820
FedProx,CIFAR10,0.01,49,5,2,0.6665743589401245,5,0.01,3.1094220414030547,0.0022131117732406085,0.2556188928749387,9000,1405
FedProx,CIFAR10,0.01,49,5,0,0.5108360449473063,5,0.01,5.539088650269865,0.0028405582821896744,0.6130328646581021,12497,1950
FedProx,CIFAR10,0.01,49,5,1,0.45475200812021893,5,0.01,5.409774682897312,0.002362347023099263,0.7103344848288508,14666,2290
FedProx,CIFAR10,0.01,49,5,4,0.9034558137257894,5,0.01,3.0841398494245547,0.0055570087377019,0.1326641704463425,3564,555
FedProx,CIFAR10,0.01,49,6,0,0.5108360449473063,5,0.01,5.419846833860186,0.002779408632748813,0.6146185717653369,12497,1950
FedProx,CIFAR10,0.01,49,6,2,0.6665743589401245,5,0.01,3.0427518727434464,0.002165659695902809,0.24612403077560693,9000,1405
FedProx,CIFAR10,0.01,49,6,3,0.8478803634643555,5,0.01,2.7615584167120057,0.0033677541667219584,0.15396633187462544,5276,820
FedProx,CIFAR10,0.01,49,6,4,0.9034558137257894,5,0.01,3.073027792005207,0.005536987012621995,0.1268004865591731,3564,555
FedProx,CIFAR10,0.01,49,6,1,0.45475200812021893,5,0.01,5.185460795288703,0.00226439336038808,0.6958801748992016,14666,2290
FedProx,CIFAR10,0.01,49,7,4,0.9034558137257894,5,0.01,2.904250941359703,0.005232884579026492,0.10913931780658345,3564,555
FedProx,CIFAR10,0.01,49,7,0,0.5108360449473063,5,0.01,5.340583480915579,0.0027387607594438865,0.6043148895027858,12497,1950
FedProx,CIFAR10,0.01,49,7,3,0.8478803634643555,5,0.01,2.571479377628267,0.0031359504605222768,0.12735996758765042,5276,820
FedProx,CIFAR10,0.01,49,7,2,0.6665743589401245,5,0.01,2.7965420373113083,0.0019904213788692585,0.21148034448291023,9000,1405
FedProx,CIFAR10,0.01,49,7,1,0.45475200812021893,5,0.01,5.183425795303508,0.002263504714106335,0.6994642925971603,14666,2290
FedProx,CIFAR10,0.01,49,8,2,0.6665743589401245,5,0.01,2.826336314224982,0.002011627269911019,0.2117419422096973,9000,1405
FedProx,CIFAR10,0.01,49,8,3,0.8478803634643555,5,0.01,2.5006747093743145,0.0030496033041150176,0.12016368734583362,5276,820
FedProx,CIFAR10,0.01,49,8,4,0.9034558137257894,5,0.01,2.6799658097354286,0.0048287672247485204,0.09634619999087463,3564,555
FedProx,CIFAR10,0.01,49,8,1,0.45475200812021893,5,0.01,5.05611733698597,0.002207911500867236,0.6920879831567549,14666,2290
FedProx,CIFAR10,0.01,49,8,0,0.5108360449473063,5,0.01,5.260375848295576,0.0026976286401515772,0.6071765743865607,12497,1950
FedProx,CIFAR10,0.01,49,9,3,0.8478803634643555,5,0.01,2.25945421861767,0.002755431973923988,0.10049597288914083,5276,820
FedProx,CIFAR10,0.01,49,9,0,0.5108360449473063,5,0.01,5.203337586434208,0.00266837824945344,0.6079104360233835,12497,1950
FedProx,CIFAR10,0.01,49,9,1,0.45475200812021893,5,0.01,4.94757564770689,0.002160513383278118,0.688188287088057,14666,2290
FedProx,CIFAR10,0.01,49,9,2,0.6665743589401245,5,0.01,2.7312725321769102,0.0019439662150725339,0.2025274266051305,9000,1405
FedProx,CIFAR10,0.01,49,9,4,0.9034558137257894,5,0.01,2.645071610967686,0.004765894794536371,0.09765918731470455,3564,555
FedProx,CIFAR10,0.01,49,10,3,0.8478803634643555,5,0.01,2.4687306484327847,0.003010647132235103,0.11734107301879221,5276,820
FedProx,CIFAR10,0.01,49,10,0,0.5108360449473063,5,0.01,5.112690088092325,0.002621892352867859,0.6041362169239683,12497,1950
FedProx,CIFAR10,0.01,49,10,4,0.9034558137257894,5,0.01,2.6335048127332876,0.004745053716636554,0.09679231639123237,3564,555
FedProx,CIFAR10,0.01,49,10,2,0.6665743589401245,5,0.01,2.6932152827743723,0.0019168792048216174,0.20653202169316126,9000,1405
FedProx,CIFAR10,0.01,49,10,1,0.45475200812021893,5,0.01,4.8338786116909125,0.002110864022572451,0.6830708978263343,14666,2290
FedProx,CIFAR10,0.01,50,1,1,0.9997531572977701,5,0.01,1.3048319048108121,0.0018640455783011602,0.006813240467851439,4501,700
FedProx,CIFAR10,0.01,50,1,2,0.3075296680132548,5,0.01,8.000063609347272,0.0023460597094860035,0.9395213140614056,21852,3410
FedProx,CIFAR10,0.01,50,1,0,0.9988981882731119,5,0.01,1.7985392306551196,0.0038266792141598287,0.05195871875742591,3025,470
FedProx,CIFAR10,0.01,50,1,3,0.9997528394063314,5,0.01,1.2046745593393349,0.0017209636561990498,-0.0010659112119568341,4496,700
FedProx,CIFAR10,0.01,50,1,4,0.5385045607884725,5,0.01,5.979110309665809,0.0034461730891445583,0.4427293837915352,11128,1735
FedProx,CIFAR10,0.01,50,2,4,0.5385045607884725,5,0.01,5.357484181430808,0.003087887136271359,0.5058787564192059,11128,1735
FedProx,CIFAR10,0.01,50,2,2,0.3075296680132548,5,0.01,6.8928482211721365,0.0020213631147132363,0.9387122704851479,21852,3410
FedProx,CIFAR10,0.01,50,2,1,0.9997531572977701,5,0.01,1.4931741535771264,0.002133105933681609,0.008635148553089462,4501,700
FedProx,CIFAR10,0.01,50,2,3,0.9997528394063314,5,0.01,1.4157075201221374,0.002022439314460196,0.01624247921490151,4496,700
FedProx,CIFAR10,0.01,50,2,0,0.9988981882731119,5,0.01,1.32899513163017,0.0028276492162344043,0.03517150212480953,3025,470
FedProx,CIFAR10,0.01,50,3,2,0.3075296680132548,5,0.01,5.960689342296036,0.001748002739676257,0.9252432535490891,21852,3410
FedProx,CIFAR10,0.01,50,3,3,0.9997528394063314,5,0.01,1.448662235928598,0.002069517479897997,0.008231799357273405,4496,700
FedProx,CIFAR10,0.01,50,3,1,0.9997531572977701,5,0.01,1.6000268187837325,0.002285752598262475,0.010741114017470405,4501,700
FedProx,CIFAR10,0.01,50,3,0,0.9988981882731119,5,0.01,1.3381139459115583,0.0028470509487479962,0.02827713049421563,3025,470
FedProx,CIFAR10,0.01,50,3,4,0.5385045607884725,5,0.01,4.972432617425128,0.002865955399092293,0.4803896807897989,11128,1735
FedProx,CIFAR10,0.01,50,4,0,0.9988981882731119,5,0.01,1.347457092428372,0.002866929983890153,0.03500273464515808,3025,470
FedProx,CIFAR10,0.01,50,4,3,0.9997528394063314,5,0.01,1.5372498047944647,0.0021960711497063783,0.03643166956275003,4496,700
FedProx,CIFAR10,0.01,50,4,1,0.9997531572977701,5,0.01,1.684327846427796,0.0024061826377539943,0.026174964300622185,4501,700
FedProx,CIFAR10,0.01,50,4,2,0.3075296680132548,5,0.01,5.399096831620743,0.0015833128538477253,0.9167809827511568,21852,3410
FedProx,CIFAR10,0.01,50,4,4,0.5385045607884725,5,0.01,4.653037626654379,0.0026818660672359535,0.4514883440990362,11128,1735
FedProx,CIFAR10,0.01,50,5,0,0.9988981882731119,5,0.01,1.2768307279155413,0.002716661123224556,0.007016880794367292,3025,470
FedProx,CIFAR10,0.01,50,5,3,0.9997528394063314,5,0.01,1.4996639033897103,0.0021423770048424433,0.006095275675586497,4496,700
FedProx,CIFAR10,0.01,50,5,4,0.5385045607884725,5,0.01,4.45280202403596,0.0025664564980034353,0.4220609127251855,11128,1735
FedProx,CIFAR10,0.01,50,5,1,0.9997531572977701,5,0.01,1.6431190919522383,0.0023473129885031975,0.011441757673431278,4501,700
FedProx,CIFAR10,0.01,50,5,2,0.3075296680132548,5,0.01,5.175520356349707,0.0015177479050878905,0.9141880834244797,21852,3410
FedProx,CIFAR10,0.01,50,6,2,0.3075296680132548,5,0.01,5.006087111817683,0.001468060736603426,0.9141536495727645,21852,3410
FedProx,CIFAR10,0.01,50,6,4,0.5385045607884725,5,0.01,4.209136835760712,0.0024260154672972405,0.3871017410275999,11128,1735
FedProx,CIFAR10,0.01,50,6,3,0.9997528394063314,5,0.01,1.5420121250125387,0.002202874464303627,0.01903733045348131,4496,700
FedProx,CIFAR10,0.01,50,6,0,0.9988981882731119,5,0.01,1.3556984852121243,0.002884464862153456,0.036106602819783055,3025,470
FedProx,CIFAR10,0.01,50,6,1,0.9997531572977701,5,0.01,1.6886897060337038,0.002412413865762434,0.0165996930467436,4501,700
FedProx,CIFAR10,0.01,50,7,1,0.9997531572977701,5,0.01,1.7905568103536693,0.002557938300505242,0.04091701275220285,4501,700
FedProx,CIFAR10,0.01,50,7,3,0.9997528394063314,5,0.01,1.6246137725999619,0.0023208768179999455,0.03710815982013691,4496,700
FedProx,CIFAR10,0.01,50,7,4,0.5385045607884725,5,0.01,4.175958076995638,0.0024068922633980624,0.36628630614957874,11128,1735
FedProx,CIFAR10,0.01,50,7,2,0.3075296680132548,5,0.01,5.043936295306589,0.0014791602039022256,0.9159592903761535,21852,3410
FedProx,CIFAR10,0.01,50,7,0,0.9988981882731119,5,0.01,1.2588860122705898,0.002678480877171468,0.010258255104576444,3025,470
FedProx,CIFAR10,0.01,50,8,3,0.9997528394063314,5,0.01,1.475126732717835,0.0021073239038826214,0.013765064925570742,4496,700
FedProx,CIFAR10,0.01,50,8,0,0.9988981882731119,5,0.01,1.3130607248623447,0.0027937462231113716,0.025641304908302527,3025,470
FedProx,CIFAR10,0.01,50,8,2,0.3075296680132548,5,0.01,4.793977783875749,0.0014058585876468473,0.9147486424871953,21852,3410
FedProx,CIFAR10,0.01,50,8,1,0.9997531572977701,5,0.01,1.6830325989136954,0.002404332284162422,0.015341000059731543,4501,700
FedProx,CIFAR10,0.01,50,8,4,0.5385045607884725,5,0.01,3.990074600930021,0.0022997548132161504,0.35737446839579007,11128,1735
FedProx,CIFAR10,0.01,50,9,4,0.5385045607884725,5,0.01,3.7064583302400953,0.0021362872220404006,0.32618510060954675,11128,1735
FedProx,CIFAR10,0.01,50,9,2,0.3075296680132548,5,0.01,4.759218291055067,0.0013956651879926882,0.9214665301423787,21852,3410
FedProx,CIFAR10,0.01,50,9,3,0.9997528394063314,5,0.01,1.5116507889909019,0.00215950112712986,0.029869911588217626,4496,700
FedProx,CIFAR10,0.01,50,9,0,0.9988981882731119,5,0.01,1.2626047682796713,0.0026863931239993004,0.017116945507853455,3025,470
FedProx,CIFAR10,0.01,50,9,1,0.9997531572977701,5,0.01,1.8359517667390772,0.0026227882381986817,0.033800116322808015,4501,700
FedProx,CIFAR10,0.01,50,10,2,0.3075296680132548,5,0.01,4.743911100694593,0.001391176275863517,0.9186779449347439,21852,3410
FedProx,CIFAR10,0.01,50,10,3,0.9997528394063314,5,0.01,1.4264611313708804,0.002037801616244115,0.022594356351415254,4496,700
FedProx,CIFAR10,0.01,50,10,4,0.5385045607884725,5,0.01,3.8088089465772916,0.002195278931744837,0.3333906633172747,11128,1735
FedProx,CIFAR10,0.01,50,10,0,0.9988981882731119,5,0.01,1.31805592198424,0.0028043743020941276,0.003696815440445754,3025,470
FedProx,CIFAR10,0.01,50,10,1,0.9997531572977701,5,0.01,1.7245878505020702,0.0024636969292886716,0.011757605754518138,4501,700
FedProx,CIFAR10,0.01,51,1,1,0.408211350440979,5,0.01,7.117402586780146,0.0025328834828399096,0.811317052381897,18000,2810
FedProx,CIFAR10,0.01,51,1,0,0.5077271858851115,5,0.01,6.577014394400618,0.003117068433365222,0.5938532985253312,13526,2110
FedProx,CIFAR10,0.01,51,1,2,0.0,5,0.01,0.0,0.0,0.0,0,0
FedProx,CIFAR10,0.01,51,1,4,0.9997531572977701,5,0.01,1.315325481913777,0.001879036402733967,0.013579019859167903,4501,700
FedProx,CIFAR10,0.01,51,1,3,0.6664099295934042,5,0.01,4.3215110130723655,0.0030867935807659752,0.32307906583570917,8974,1400
FedProx,CIFAR10,0.01,51,2,3,0.6664099295934042,5,0.01,3.699177321064295,0.002642269515045925,0.3423368375873737,8974,1400
FedProx,CIFAR10,0.01,51,2,4,0.9997531572977701,5,0.01,1.7004082253326807,0.0024291546076181153,0.024366062667903445,4501,700
FedProx,CIFAR10,0.01,51,2,0,0.5077271858851115,5,0.01,5.812636684831297,0.00275480411603379,0.5690910915296579,13526,2110
FedProx,CIFAR10,0.01,51,2,1,0.408211350440979,5,0.01,6.417686389305502,0.0022838741598951964,0.8193005076740089,18000,2810
FedProx,CIFAR10,0.01,51,2,2,0.0,5,0.01,0.0,0.0,0.0,0,0
FedProx,CIFAR10,0.01,51,3,3,0.6664099295934042,5,0.01,3.290186157116879,0.002350132969369199,0.29628817358271065,8974,1400
FedProx,CIFAR10,0.01,51,3,1,0.408211350440979,5,0.01,5.835418553705342,0.0020766614070125773,0.8083574968923917,18000,2810
FedProx,CIFAR10,0.01,51,3,0,0.5077271858851115,5,0.01,5.3389473761185355,0.0025303068133263203,0.5531669969153616,13526,2110
FedProx,CIFAR10,0.01,51,3,4,0.9997531572977701,5,0.01,1.4124325188594864,0.0020177607412278377,0.021123635356663617,4501,700
FedProx,CIFAR10,0.01,51,3,2,0.0,5,0.01,0.0,0.0,0.0,0,0
FedProx,CIFAR10,0.01,51,4,0,0.5077271858851115,5,0.01,4.926321695337584,0.0023347496186434044,0.533350513339348,13526,2110
FedProx,CIFAR10,0.01,51,4,1,0.408211350440979,5,0.01,5.403730914624909,0.0019230359126779033,0.8021099318063014,18000,2810
FedProx,CIFAR10,0.01,51,4,4,0.9997531572977701,5,0.01,1.4748645923562143,0.0021069494176517347,0.008715259737060265,4501,700
FedProx,CIFAR10,0.01,51,4,2,0.0,5,0.01,0.0,0.0,0.0,0,0
FedProx,CIFAR10,0.01,51,4,3,0.6664099295934042,5,0.01,3.086106275825407,0.0022043616255895764,0.2723049779422438,8974,1400
FedProx,CIFAR10,0.01,51,5,0,0.5077271858851115,5,0.01,4.6381776398542724,0.002198188454907238,0.5161368830852381,13526,2110
FedProx,CIFAR10,0.01,51,5,2,0.0,5,0.01,0.0,0.0,0.0,0,0
FedProx,CIFAR10,0.01,51,5,3,0.6664099295934042,5,0.01,2.8952064764075605,0.0020680046260054003,0.22905880360968073,8974,1400
FedProx,CIFAR10,0.01,51,5,1,0.408211350440979,5,0.01,5.237934719102676,0.001864033707865721,0.8038287722994193,18000,2810
FedProx,CIFAR10,0.01,51,5,4,0.9997531572977701,5,0.01,1.5313211694257487,0.0021876016706082126,0.013640670182670556,4501,700
FedProx,CIFAR10,0.01,51,6,2,0.0,5,0.01,0.0,0.0,0.0,0,0
FedProx,CIFAR10,0.01,51,6,4,0.9997531572977701,5,0.01,1.5635837237007257,0.0022336910338581796,0.020711493255961683,4501,700
FedProx,CIFAR10,0.01,51,6,0,0.5077271858851115,5,0.01,4.555099402379157,0.0021588148826441503,0.5073764418928082,13526,2110
FedProx,CIFAR10,0.01,51,6,3,0.6664099295934042,5,0.01,2.810799031291335,0.002007713593779525,0.21381440898376117,8974,1400
FedProx,CIFAR10,0.01,51,6,1,0.408211350440979,5,0.01,5.099785382290806,0.001814870242808116,0.7984557287783112,18000,2810
FedProx,CIFAR10,0.01,51,7,3,0.6664099295934042,5,0.01,2.636293077814364,0.0018830664841531172,0.18108629427936995,8974,1400
FedProx,CIFAR10,0.01,51,7,1,0.408211350440979,5,0.01,5.12508447336751,0.0018238734780667294,0.8101927442328046,18000,2810
FedProx,CIFAR10,0.01,51,7,2,0.0,5,0.01,0.0,0.0,0.0,0,0
FedProx,CIFAR10,0.01,51,7,0,0.5077271858851115,5,0.01,4.386823439817341,0.002079063241619593,0.48568526820361685,13526,2110
FedProx,CIFAR10,0.01,51,7,4,0.9997531572977701,5,0.01,1.5358075096883574,0.002194010728126225,0.01466906966385329,4501,700
FedProx,CIFAR10,0.01,51,8,2,0.0,5,0.01,0.0,0.0,0.0,0,0
FedProx,CIFAR10,0.01,51,8,4,0.9997531572977701,5,0.01,1.6144092946765236,0.002306298992395034,0.029282055866339498,4501,700
FedProx,CIFAR10,0.01,51,8,0,0.5077271858851115,5,0.01,4.222122668369807,0.0020010060039667332,0.459850572079219,13526,2110
FedProx,CIFAR10,0.01,51,8,3,0.6664099295934042,5,0.01,2.615481765464644,0.0018682012610461744,0.183770917953182,8974,1400
FedProx,CIFAR10,0.01,51,8,1,0.408211350440979,5,0.01,5.164641050717753,0.0018379505518568518,0.8210556541820787,18000,2810
FedProx,CIFAR10,0.01,51,9,0,0.5077271858851115,5,0.01,4.082170782573,0.0019346780960061611,0.4316973881855429,13526,2110
FedProx,CIFAR10,0.01,51,9,1,0.408211350440979,5,0.01,5.240324259896566,0.0018648840782550056,0.8315617260983518,18000,2810
FedProx,CIFAR10,0.01,51,9,3,0.6664099295934042,5,0.01,2.642507596613063,0.001887505426152188,0.1925596676717381,8974,1400
FedProx,CIFAR10,0.01,51,9,2,0.0,5,0.01,0.0,0.0,0.0,0,0
FedProx,CIFAR10,0.01,51,9,4,0.9997531572977701,5,0.01,1.5180484366799742,0.0021686406238285347,0.022305654166701522,4501,700
FedProx,CIFAR10,0.01,51,10,2,0.0,5,0.01,0.0,0.0,0.0,0,0
FedProx,CIFAR10,0.01,51,10,3,0.6664099295934042,5,0.01,2.4541118800272232,0.0017529370571623022,0.1608370660851792,8974,1400
FedProx,CIFAR10,0.01,51,10,0,0.5077271858851115,5,0.01,4.196975770496419,0.001989088042889298,0.4534346151640564,13526,2110
FedProx,CIFAR10,0.01,51,10,1,0.408211350440979,5,0.01,5.187989945937183,0.0018462597672374316,0.8233917904816459,18000,2810
FedProx,CIFAR10,0.01,51,10,4,0.9997531572977701,5,0.01,1.5727479929007637,0.002246782847001091,0.026646054310422374,4501,700
FedHAD,CIFAR10,1.0,42,1,4,0.2907194495201111,4,0.006963404371498174,6.006824907990621,0.007117091123211637,0.4543010595017675,6765,844
FedHAD,CIFAR10,1.0,42,1,2,0.24543740351994833,4,0.007309107463255457,6.186504178599634,0.005644620600912075,0.5360109691522243,8785,1096
FedHAD,CIFAR10,1.0,42,1,3,0.1982970635096232,4,0.007707452271215952,7.387739645725167,0.004834908145108094,0.7156165647739435,12251,1528
FedHAD,CIFAR10,1.0,42,1,1,0.3516513506571452,4,0.006546743309312137,5.631937604106054,0.005415324619332744,0.4896887772006419,8337,1040
FedHAD,CIFAR10,1.0,42,1,0,0.2885255614916484,4,0.006979397937021032,6.369246942220192,0.00574841781788826,0.540202706320159,8864,1108
FedHAD,CIFAR10,1.0,42,2,3,0.1982970635096232,4,0.007707452271215952,6.942478435677857,0.004543506829632105,0.7854844989117282,12251,1528
FedHAD,CIFAR10,1.0,42,2,1,0.3516513506571452,4,0.006546743309312137,5.68071384065425,0.005462224846782933,0.5896946181929124,8337,1040
FedHAD,CIFAR10,1.0,42,2,2,0.24543740351994833,4,0.007309107463255457,6.114685260224243,0.00557909239071555,0.6103409016300331,8785,1096
FedHAD,CIFAR10,1.0,42,2,4,0.2907194495201111,4,0.006963404371498174,5.675907273522316,0.006725008617917436,0.5890693840969219,6765,844
FedHAD,CIFAR10,1.0,42,2,0,0.2885255614916484,4,0.006979397937021032,6.080122564544109,0.005487475238758221,0.6449527767478321,8864,1108
FedHAD,CIFAR10,1.0,42,3,4,0.2907194495201111,4,0.006963404371498174,5.065825908512216,0.006002163398711157,0.5145103191274577,6765,844
FedHAD,CIFAR10,1.0,42,3,3,0.1982970635096232,4,0.007707452271215952,6.119736592199255,0.004005063214790088,0.7568488432499149,12251,1528
FedHAD,CIFAR10,1.0,42,3,2,0.24543740351994833,4,0.007309107463255457,5.555432491777775,0.0050688252662205975,0.5833572156963633,8785,1096
FedHAD,CIFAR10,1.0,42,3,1,0.3516513506571452,4,0.006546743309312137,5.278893008978927,0.005075858662479738,0.549547847071257,8337,1040
FedHAD,CIFAR10,1.0,42,3,0,0.2885255614916484,4,0.006979397937021032,5.4754533437349355,0.004941744895067632,0.5928317207985065,8864,1108
FedHAD,CIFAR10,1.0,42,4,2,0.24543740351994833,4,0.007309107463255457,5.279820550038469,0.004817354516458457,0.5466164698919157,8785,1096
FedHAD,CIFAR10,1.0,42,4,3,0.1982970635096232,4,0.007707452271215952,5.690448643156348,0.0037241156041599136,0.7218072654644107,12251,1528
FedHAD,CIFAR10,1.0,42,4,1,0.3516513506571452,4,0.006546743309312137,5.011080638754121,0.004818346768032809,0.5066611839848739,8337,1040
FedHAD,CIFAR10,1.0,42,4,0,0.2885255614916484,4,0.006979397937021032,5.153279896017977,0.004650974635395285,0.5399020951068781,8864,1108
FedHAD,CIFAR10,1.0,42,4,4,0.2907194495201111,4,0.006963404371498174,4.784230072529494,0.005668519043281392,0.45517617838300617,6765,844
FedHAD,CIFAR10,1.0,42,5,3,0.1982970635096232,4,0.007707452271215952,5.478459370484919,0.003585379169165523,0.6973341472223847,12251,1528
FedHAD,CIFAR10,1.0,42,5,1,0.3516513506571452,4,0.006546743309312137,4.931236630160429,0.004741573682846566,0.4755219492078284,8337,1040
FedHAD,CIFAR10,1.0,42,5,4,0.2907194495201111,4,0.006963404371498174,4.67323640499747,0.005537009958527808,0.40469269835282123,6765,844
FedHAD,CIFAR10,1.0,42,5,2,0.24543740351994833,4,0.007309107463255457,5.213741624174645,0.004757063525706793,0.5198885550200961,8785,1096
FedHAD,CIFAR10,1.0,42,5,0,0.2885255614916484,4,0.006979397937021032,5.033240177053424,0.004542635538856881,0.5018467387521953,8864,1108
FedHAD,CIFAR10,1.0,42,6,4,0.2907194495201111,4,0.006963404371498174,4.556776366475151,0.005399024130894729,0.373261355594362,6765,844
FedHAD,CIFAR10,1.0,42,6,3,0.1982970635096232,4,0.007707452271215952,5.375334147660932,0.003517888840092233,0.6716432635378613,12251,1528
FedHAD,CIFAR10,1.0,42,6,1,0.3516513506571452,4,0.006546743309312137,4.9702950171998825,0.004779129824230656,0.46248713884643955,8337,1040
FedHAD,CIFAR10,1.0,42,6,0,0.2885255614916484,4,0.006979397937021032,4.927032975866101,0.0044467806641390805,0.4684116406528575,8864,1108
FedHAD,CIFAR10,1.0,42,6,2,0.24543740351994833,4,0.007309107463255457,5.275468818539014,0.004813383958520999,0.4999216092835605,8785,1096
FedHAD,CIFAR10,1.0,42,7,4,0.2907194495201111,4,0.006963404371498174,4.560179020831196,0.005403055711885304,0.3452548041677166,6765,844
FedHAD,CIFAR10,1.0,42,7,3,0.1982970635096232,4,0.007707452271215952,5.346049518393006,0.0034987235068017052,0.6550972547112394,12251,1528
FedHAD,CIFAR10,1.0,42,7,1,0.3516513506571452,4,0.006546743309312137,4.943812171157548,0.00475366554918995,0.4395986663182496,8337,1040
FedHAD,CIFAR10,1.0,42,7,0,0.2885255614916484,4,0.006979397937021032,4.886758332532648,0.0044104317080619565,0.45179424253612455,8864,1108
FedHAD,CIFAR10,1.0,42,7,2,0.24543740351994833,4,0.007309107463255457,5.275912476027215,0.004813788755499284,0.4867731212321524,8785,1096
FedHAD,CIFAR10,1.0,42,8,1,0.3516513506571452,4,0.006546743309312137,4.970298051498551,0.00477913274182553,0.42198544141052924,8337,1040
FedHAD,CIFAR10,1.0,42,8,0,0.2885255614916484,4,0.006979397937021032,4.898596740007238,0.004421116191342273,0.43279565342939763,8864,1108
FedHAD,CIFAR10,1.0,42,8,3,0.1982970635096232,4,0.007707452271215952,5.379033774032028,0.0035203100615392854,0.6456521356842658,12251,1528
FedHAD,CIFAR10,1.0,42,8,2,0.24543740351994833,4,0.007309107463255457,5.270086266727901,0.0048084728711021,0.47178635914755696,8785,1096
FedHAD,CIFAR10,1.0,42,8,4,0.2907194495201111,4,0.006963404371498174,4.4786377489043625,0.005306442830455406,0.32704220389485333,6765,844
FedHAD,CIFAR10,1.0,42,9,3,0.1982970635096232,4,0.007707452271215952,5.39754069883639,0.0035324219233222446,0.6400235732862078,12251,1528
FedHAD,CIFAR10,1.0,42,9,2,0.24543740351994833,4,0.007309107463255457,5.285448192368333,0.0048224892266134425,0.45555111659533326,8785,1096
FedHAD,CIFAR10,1.0,42,9,0,0.2885255614916484,4,0.006979397937021032,4.933627972174903,0.004452732826872656,0.42724047055966047,8864,1108
FedHAD,CIFAR10,1.0,42,9,4,0.2907194495201111,4,0.006963404371498174,4.528017675757152,0.005364949852792834,0.31369919652405504,6765,844
FedHAD,CIFAR10,1.0,42,9,1,0.3516513506571452,4,0.006546743309312137,4.919862801153343,0.004730637308801291,0.4059893291256358,8337,1040
FedHAD,CIFAR10,1.0,42,10,2,0.24543740351994833,4,0.007309107463255457,5.19592894489978,0.004740811081112938,0.4539531480567911,8785,1096
FedHAD,CIFAR10,1.0,42,10,4,0.2907194495201111,4,0.006963404371498174,4.48849637856563,0.005318123671286291,0.30420416099409403,6765,844
FedHAD,CIFAR10,1.0,42,10,1,0.3516513506571452,4,0.006546743309312137,4.989949321810555,0.004798028194048611,0.41056150607052266,8337,1040
FedHAD,CIFAR10,1.0,42,10,0,0.2885255614916484,4,0.006979397937021032,4.828542252006692,0.004357890119139614,0.40992681668377107,8864,1108
FedHAD,CIFAR10,1.0,42,10,3,0.1982970635096232,4,0.007707452271215952,5.283891451176812,0.003458044143440322,0.6295228476822522,12251,1528
FedHAD,CIFAR10,1.0,43,1,2,0.3133892814318339,4,0.006802332743963545,5.765084577569675,0.006703586718104273,0.4368654266495578,6903,860
FedHAD,CIFAR10,1.0,43,1,4,0.25146202246348065,4,0.007261146226661095,7.094652286218044,0.004173324874245908,0.7207761508667444,13614,1700
FedHAD,CIFAR10,1.0,43,1,3,0.3142630457878113,4,0.006796273557649063,4.952862045181258,0.008972576168806628,0.3195020150275669,4440,552
FedHAD,CIFAR10,1.0,43,1,0,0.25546268622080487,4,0.007229643699976881,6.319625726307373,0.005787203046069023,0.5074695547539687,8759,1092
FedHAD,CIFAR10,1.0,43,1,1,0.19748709599177042,4,0.007714676432302609,6.96843351213433,0.004949171528504496,0.6471878788938993,11286,1408
FedHAD,CIFAR10,1.0,43,2,4,0.25146202246348065,4,0.007261146226661095,6.642534908897911,0.0039073734758223,0.7532219838493149,13614,1700
FedHAD,CIFAR10,1.0,43,2,0,0.25546268622080487,4,0.007229643699976881,6.1496171842407374,0.005631517567986024,0.629728085628888,8759,1092
FedHAD,CIFAR10,1.0,43,2,1,0.19748709599177042,4,0.007714676432302609,7.012360491218555,0.004980369667058632,0.7442140269540285,11286,1408
FedHAD,CIFAR10,1.0,43,2,3,0.3142630457878113,4,0.006796273557649063,5.04216455513635,0.009134356078145561,0.49319030690282045,4440,552
FedHAD,CIFAR10,1.0,43,2,2,0.3133892814318339,4,0.006802332743963545,5.467564218199932,0.006357632811860386,0.5916758387915061,6903,860
FedHAD,CIFAR10,1.0,43,3,3,0.3142630457878113,4,0.006796273557649063,4.436059027521197,0.008036338817973183,0.38992020658611865,4440,552
FedHAD,CIFAR10,1.0,43,3,0,0.25546268622080487,4,0.007229643699976881,5.507328808996882,0.005043341400180295,0.5747681836677514,8759,1092
FedHAD,CIFAR10,1.0,43,3,1,0.19748709599177042,4,0.007714676432302609,6.284519165591059,0.0044634369073800135,0.7130477980210745,11286,1408
FedHAD,CIFAR10,1.0,43,3,2,0.3133892814318339,4,0.006802332743963545,4.832149243625761,0.005618778190262513,0.49724288116947735,6903,860
FedHAD,CIFAR10,1.0,43,3,4,0.25146202246348065,4,0.007261146226661095,5.942492892789766,0.0034955840545822154,0.7399432208670687,13614,1700
FedHAD,CIFAR10,1.0,43,4,0,0.25546268622080487,4,0.007229643699976881,5.1645444157177245,0.004729436278129784,0.521621140205466,8759,1092
FedHAD,CIFAR10,1.0,43,4,4,0.25146202246348065,4,0.007261146226661095,5.592522377554786,0.0032897190456204627,0.715135119318847,13614,1700
FedHAD,CIFAR10,1.0,43,4,1,0.19748709599177042,4,0.007714676432302609,5.859810247928073,0.004161797051085279,0.6767712312918641,11286,1408
FedHAD,CIFAR10,1.0,43,4,3,0.3142630457878113,4,0.006796273557649063,4.216305773484026,0.007638235096891352,0.3217691194621356,4440,552
FedHAD,CIFAR10,1.0,43,4,2,0.3133892814318339,4,0.006802332743963545,4.577886961336668,0.005323124373647289,0.4254570906158381,6903,860
FedHAD,CIFAR10,1.0,43,5,2,0.3133892814318339,4,0.006802332743963545,4.503073585028281,0.00523613207561428,0.39024598575040814,6903,860
FedHAD,CIFAR10,1.0,43,5,4,0.25146202246348065,4,0.007261146226661095,5.411839742206699,0.003183435142474529,0.693901797586961,13614,1700
FedHAD,CIFAR10,1.0,43,5,3,0.3142630457878113,4,0.006796273557649063,4.129708100364005,0.007481355254282618,0.28407439029304404,4440,552
FedHAD,CIFAR10,1.0,43,5,1,0.19748709599177042,4,0.007714676432302609,5.710906892870763,0.004056041827322985,0.6473766882445297,11286,1408
FedHAD,CIFAR10,1.0,43,5,0,0.25546268622080487,4,0.007229643699976881,4.975757239194209,0.004556554248346345,0.47630428327060803,8759,1092
FedHAD,CIFAR10,1.0,43,6,0,0.25546268622080487,4,0.007229643699976881,4.926190096435282,0.0045111630919737015,0.4555461450554471,8759,1092
FedHAD,CIFAR10,1.0,43,6,1,0.19748709599177042,4,0.007714676432302609,5.678203573863716,0.004032815038255481,0.6275452915536117,11286,1408
FedHAD,CIFAR10,1.0,43,6,2,0.3133892814318339,4,0.006802332743963545,4.595317260517338,0.0053433921633922535,0.3652034957317887,6903,860
FedHAD,CIFAR10,1.0,43,6,4,0.25146202246348065,4,0.007261146226661095,5.3032080867394695,0.0031195341686702763,0.6744568719727128,13614,1700
FedHAD,CIFAR10,1.0,43,6,3,0.3142630457878113,4,0.006796273557649063,4.048834693776141,0.007334845459739386,0.24696314253922777,4440,552
FedHAD,CIFAR10,1.0,43,7,0,0.25546268622080487,4,0.007229643699976881,4.863151985829065,0.00445343588445885,0.4288861641236949,8759,1092
FedHAD,CIFAR10,1.0,43,7,3,0.3142630457878113,4,0.006796273557649063,4.0428436331577675,0.007323992089053927,0.2319011088935992,4440,552
FedHAD,CIFAR10,1.0,43,7,1,0.19748709599177042,4,0.007714676432302609,5.5327157319168565,0.003929485605054585,0.6085936864940541,11286,1408
FedHAD,CIFAR10,1.0,43,7,2,0.3133892814318339,4,0.006802332743963545,4.554675268336116,0.005296134032948972,0.34312589230505125,6903,860
FedHAD,CIFAR10,1.0,43,7,4,0.25146202246348065,4,0.007261146226661095,5.271538373180899,0.003100904925400529,0.6657815279987219,13614,1700
FedHAD,CIFAR10,1.0,43,8,2,0.3133892814318339,4,0.006802332743963545,4.6773244835383805,0.005438749399463233,0.33624179214976235,6903,860
FedHAD,CIFAR10,1.0,43,8,1,0.19748709599177042,4,0.007714676432302609,5.478917691484875,0.0038912767695205076,0.5881837239814655,11286,1408
FedHAD,CIFAR10,1.0,43,8,0,0.25546268622080487,4,0.007229643699976881,4.862401560998524,0.004452748682233081,0.40878305002277415,8759,1092
FedHAD,CIFAR10,1.0,43,8,4,0.25146202246348065,4,0.007261146226661095,5.283077613998161,0.0031076927141165654,0.6549080816037257,13614,1700
FedHAD,CIFAR10,1.0,43,8,3,0.3142630457878113,4,0.006796273557649063,4.055649818472328,0.007347191700131029,0.20587193875077187,4440,552
FedHAD,CIFAR10,1.0,43,9,2,0.3133892814318339,4,0.006802332743963545,4.638691633096582,0.005393827480344862,0.313254521908254,6903,860
FedHAD,CIFAR10,1.0,43,9,3,0.3142630457878113,4,0.006796273557649063,4.020534957525112,0.007283577821603464,0.20016733467522818,4440,552
FedHAD,CIFAR10,1.0,43,9,4,0.25146202246348065,4,0.007261146226661095,5.215570734164303,0.0030679827848025315,0.6435312217963675,13614,1700
FedHAD,CIFAR10,1.0,43,9,0,0.25546268622080487,4,0.007229643699976881,4.811849034585025,0.004406455159876397,0.3992300841472508,8759,1092
FedHAD,CIFAR10,1.0,43,9,1,0.19748709599177042,4,0.007714676432302609,5.556789404982893,0.0039465833842208045,0.5854087439673377,11286,1408
FedHAD,CIFAR10,1.0,43,10,3,0.3142630457878113,4,0.006796273557649063,4.051446137430504,0.007339576335924826,0.18890663571272454,4440,552
FedHAD,CIFAR10,1.0,43,10,0,0.25546268622080487,4,0.007229643699976881,4.781526972808413,0.004378687704037008,0.3880216854149387,8759,1092
FedHAD,CIFAR10,1.0,43,10,2,0.3133892814318339,4,0.006802332743963545,4.694934880771537,0.005459226605548299,0.3159661612338927,6903,860
FedHAD,CIFAR10,1.0,43,10,1,0.19748709599177042,4,0.007714676432302609,5.415974236161458,0.0038465726109101262,0.5687250423875692,11286,1408
FedHAD,CIFAR10,1.0,43,10,4,0.25146202246348065,4,0.007261146226661095,5.24550881953856,0.003085593423257976,0.6434166890219174,13614,1700
FedHAD,CIFAR10,1.0,44,1,2,0.20605415105819702,4,0.007638945389255534,6.5815003445805145,0.006402237689280656,0.5124898769144745,8225,1028
FedHAD,CIFAR10,1.0,44,1,1,0.30242931842803955,4,0.006879263529314032,5.554056751880549,0.006518845952911442,0.4034175885887237,6842,852
FedHAD,CIFAR10,1.0,44,1,3,0.21622896194458008,4,0.0075509113995195784,6.720874549455791,0.006200068772560693,0.5402029530822672,8678,1084
FedHAD,CIFAR10,1.0,44,1,0,0.19266271591186523,4,0.007757987567773429,7.432902462055244,0.004093007963686808,0.7790721865135144,14546,1816
FedHAD,CIFAR10,1.0,44,1,4,0.3967623710632324,4,0.006269028238027046,5.3060193068275465,0.006346913046444433,0.4063600806579068,6711,836
FedHAD,CIFAR10,1.0,44,2,4,0.3967623710632324,4,0.006269028238027046,4.937040160607262,0.0059055504313484,0.5368243957539343,6711,836
FedHAD,CIFAR10,1.0,44,2,0,0.19266271591186523,4,0.007757987567773429,7.207075601174183,0.003968653965404286,0.8274064807893281,14546,1816
FedHAD,CIFAR10,1.0,44,2,2,0.20605415105819702,4,0.007638945389255534,6.64808310529756,0.006467006911768054,0.6753248481275,8225,1028
FedHAD,CIFAR10,1.0,44,2,1,0.30242931842803955,4,0.006879263529314032,5.656970085480771,0.0066396362505642854,0.5761389255291197,6842,852
FedHAD,CIFAR10,1.0,44,2,3,0.21622896194458008,4,0.0075509113995195784,6.61425617499115,0.006101712338552721,0.6817199657751299,8678,1084
FedHAD,CIFAR10,1.0,44,3,1,0.30242931842803955,4,0.006879263529314032,5.0072332459233895,0.005877034326201161,0.49475017426000595,6842,852
FedHAD,CIFAR10,1.0,44,3,4,0.3967623710632324,4,0.006269028238027046,4.180183186522121,0.005000219122634116,0.43038464444830626,6711,836
FedHAD,CIFAR10,1.0,44,3,3,0.21622896194458008,4,0.0075509113995195784,5.758665995310577,0.005312422504899056,0.6103749575208548,8678,1084
FedHAD,CIFAR10,1.0,44,3,2,0.20605415105819702,4,0.007638945389255534,5.769996947221467,0.005612837497297147,0.6001180166307841,8225,1028
FedHAD,CIFAR10,1.0,44,3,0,0.19266271591186523,4,0.007757987567773429,6.419220598035993,0.003534813104645371,0.8152922547261621,14546,1816
FedHAD,CIFAR10,1.0,44,4,0,0.19266271591186523,4,0.007757987567773429,6.0772156322809545,0.0033464843790093363,0.7961322105656686,14546,1816
FedHAD,CIFAR10,1.0,44,4,4,0.3967623710632324,4,0.006269028238027046,3.9758563631008537,0.0047558090467713565,0.3541614858273091,6711,836
FedHAD,CIFAR10,1.0,44,4,1,0.30242931842803955,4,0.006879263529314032,4.861677103701178,0.005706193783686828,0.4285808574932016,6842,852
FedHAD,CIFAR10,1.0,44,4,2,0.20605415105819702,4,0.007638945389255534,5.414538087909819,0.005267060396799435,0.5362691715481656,8225,1028
FedHAD,CIFAR10,1.0,44,4,3,0.21622896194458008,4,0.0075509113995195784,5.350767440073295,0.004936132324790863,0.5434448926322715,8678,1084
FedHAD,CIFAR10,1.0,44,5,2,0.20605415105819702,4,0.007638945389255534,5.2014615052638264,0.005059787456482321,0.4940010659772484,8225,1028
FedHAD,CIFAR10,1.0,44,5,1,0.30242931842803955,4,0.006879263529314032,4.80035422049159,0.005634218568652101,0.39597277203042913,6842,852
FedHAD,CIFAR10,1.0,44,5,3,0.21622896194458008,4,0.0075509113995195784,5.297382326027413,0.004886884064600934,0.5076722167514923,8678,1084
FedHAD,CIFAR10,1.0,44,5,4,0.3967623710632324,4,0.006269028238027046,3.8675087783392375,0.00462620667265459,0.31213391656210093,6711,836
FedHAD,CIFAR10,1.0,44,5,0,0.19266271591186523,4,0.007757987567773429,5.844683015514646,0.003218437783873704,0.779864109151348,14546,1816
FedHAD,CIFAR10,1.0,44,6,3,0.21622896194458008,4,0.0075509113995195784,5.177569681627498,0.004776355794859315,0.4733543187327367,8678,1084
FedHAD,CIFAR10,1.0,44,6,4,0.3967623710632324,4,0.006269028238027046,3.7881164274039705,0.004531239745698529,0.28391702204329156,6711,836
FedHAD,CIFAR10,1.0,44,6,2,0.20605415105819702,4,0.007638945389255534,5.152560424417196,0.005012218311689879,0.45558416938871593,8225,1028
FedHAD,CIFAR10,1.0,44,6,1,0.30242931842803955,4,0.006879263529314032,4.874736787404757,0.00572152205094455,0.3780174333900699,6842,852
FedHAD,CIFAR10,1.0,44,6,0,0.19266271591186523,4,0.007757987567773429,5.829204120476551,0.003209914163258013,0.7708737290663746,14546,1816
FedHAD,CIFAR10,1.0,44,7,2,0.20605415105819702,4,0.007638945389255534,5.069196171833335,0.004931124680771727,0.43288282091545593,8225,1028
FedHAD,CIFAR10,1.0,44,7,4,0.3967623710632324,4,0.006269028238027046,3.7070241374828563,0.004434239398902938,0.26078837539048033,6711,836
FedHAD,CIFAR10,1.0,44,7,0,0.19266271591186523,4,0.007757987567773429,5.790318975837763,0.003188501638677182,0.7659754652866557,14546,1816
FedHAD,CIFAR10,1.0,44,7,3,0.21622896194458008,4,0.0075509113995195784,5.133101815303666,0.0047353337779554115,0.44895211247619815,8678,1084
FedHAD,CIFAR10,1.0,44,7,1,0.30242931842803955,4,0.006879263529314032,4.80940782922658,0.005644844869984249,0.34802242654111665,6842,852
FedHAD,CIFAR10,1.0,44,8,4,0.3967623710632324,4,0.006269028238027046,3.631061978832255,0.004343375572765856,0.24412836510849178,6711,836
FedHAD,CIFAR10,1.0,44,8,3,0.21622896194458008,4,0.0075509113995195784,5.135792192089327,0.004737815675359158,0.43111129913269675,8678,1084
FedHAD,CIFAR10,1.0,44,8,2,0.20605415105819702,4,0.007638945389255534,5.113837632561833,0.004974550226227464,0.4228055715221308,8225,1028
FedHAD,CIFAR10,1.0,44,8,1,0.30242931842803955,4,0.006879263529314032,4.8712112257830915,0.00571738406782053,0.3384041095255171,6842,852
FedHAD,CIFAR10,1.0,44,8,0,0.19266271591186523,4,0.007757987567773429,5.7297047795523035,0.003155123777286511,0.7545116631358536,14546,1816
FedHAD,CIFAR10,1.0,44,9,3,0.21622896194458008,4,0.0075509113995195784,5.069923244191731,0.004677050963276505,0.4190361541361046,8678,1084
FedHAD,CIFAR10,1.0,44,9,0,0.19266271591186523,4,0.007757987567773429,5.784250270371102,0.003185159840512721,0.7570946147641071,14546,1816
FedHAD,CIFAR10,1.0,44,9,2,0.20605415105819702,4,0.007638945389255534,5.056555161492102,0.004918827978105157,0.4006775537125762,8225,1028
FedHAD,CIFAR10,1.0,44,9,1,0.30242931842803955,4,0.006879263529314032,4.85099168504527,0.005693652212494448,0.3196825112680146,6842,852
FedHAD,CIFAR10,1.0,44,9,4,0.3967623710632324,4,0.006269028238027046,3.6027857691639773,0.004309552355459303,0.2258914911666249,6711,836
FedHAD,CIFAR10,1.0,44,10,4,0.3967623710632324,4,0.006269028238027046,3.5392696995378157,0.004233576195619397,0.21389877042591496,6711,836
FedHAD,CIFAR10,1.0,44,10,1,0.30242931842803955,4,0.006879263529314032,4.898321113202225,0.005749203184509654,0.32203319329408525,6842,852
FedHAD,CIFAR10,1.0,44,10,0,0.19266271591186523,4,0.007757987567773429,5.720891657809286,0.0031502707366791224,0.7527125162839177,14546,1816
FedHAD,CIFAR10,1.0,44,10,3,0.21622896194458008,4,0.0075509113995195784,4.929601133473926,0.004547602521654913,0.3944445864909764,8678,1084
FedHAD,CIFAR10,1.0,44,10,2,0.20605415105819702,4,0.007638945389255534,5.038945103016885,0.004901697571028098,0.3889244011431066,8225,1028
FedHAD,CIFAR10,1.0,45,1,0,0.2084338665008545,4,0.007618172328767696,7.345421915270823,0.004579440096802259,0.7287611484123121,12852,1604
FedHAD,CIFAR10,1.0,45,1,2,0.279504915078481,4,0.007045938385055344,6.439914805726653,0.005729461570931186,0.5354966098771105,9017,1124
FedHAD,CIFAR10,1.0,45,1,1,0.3036993145942688,4,0.006870260082699635,5.961856831808249,0.005561433611761426,0.4909500003398681,8604,1072
FedHAD,CIFAR10,1.0,45,1,4,0.36910732587178546,4,0.006436410563204186,5.312525882238083,0.006640657352797604,0.39886333195821766,6416,800
FedHAD,CIFAR10,1.0,45,1,3,0.2747526963551839,4,0.007081505786398332,6.03749197704031,0.005965901163083311,0.49541310478880063,8113,1012
FedHAD,CIFAR10,1.0,45,2,4,0.36910732587178546,4,0.006436410563204186,5.025775086286314,0.006282218857857893,0.5589799075076505,6416,800
FedHAD,CIFAR10,1.0,45,2,1,0.3036993145942688,4,0.006870260082699635,6.001321484168165,0.005598247653141945,0.617133208799984,8604,1072
FedHAD,CIFAR10,1.0,45,2,3,0.2747526963551839,4,0.007081505786398332,6.07068150119032,0.005998697135563557,0.6283409424575815,8113,1012
FedHAD,CIFAR10,1.0,45,2,0,0.2084338665008545,4,0.007618172328767696,7.1805425572945865,0.0044766474796100915,0.7825061621624002,12852,1604
FedHAD,CIFAR10,1.0,45,2,2,0.279504915078481,4,0.007045938385055344,6.162815195610066,0.00548293166869223,0.6460768798901776,9017,1124
FedHAD,CIFAR10,1.0,45,3,0,0.2084338665008545,4,0.007618172328767696,6.395318863400818,0.003987106523317218,0.7759866016829977,12852,1604
FedHAD,CIFAR10,1.0,45,3,3,0.2747526963551839,4,0.007081505786398332,5.4481845461227625,0.0053835815673149824,0.5818320166176086,8113,1012
FedHAD,CIFAR10,1.0,45,3,1,0.3036993145942688,4,0.006870260082699635,5.45106536858979,0.00508494903786361,0.5604340699858764,8604,1072
FedHAD,CIFAR10,1.0,45,3,2,0.279504915078481,4,0.007045938385055344,5.570570483641457,0.004956023561958591,0.6041114168605027,9017,1124
FedHAD,CIFAR10,1.0,45,3,4,0.36910732587178546,4,0.006436410563204186,4.429074843807033,0.005536343554758791,0.4786197971002149,6416,800
FedHAD,CIFAR10,1.0,45,4,3,0.2747526963551839,4,0.007081505786398332,5.1428754382320525,0.005081892725525744,0.5263264665393002,8113,1012
FedHAD,CIFAR10,1.0,45,4,1,0.3036993145942688,4,0.006870260082699635,5.183076942941953,0.004834959834833911,0.5176771097335966,8604,1072
FedHAD,CIFAR10,1.0,45,4,4,0.36910732587178546,4,0.006436410563204186,4.210783394201566,0.005263479242751957,0.3989470263063697,6416,800
FedHAD,CIFAR10,1.0,45,4,0,0.2084338665008545,4,0.007618172328767696,5.906250262024349,0.003682200911486502,0.7442599855585951,12852,1604
FedHAD,CIFAR10,1.0,45,4,2,0.279504915078481,4,0.007045938385055344,5.2550856380146085,0.004675343094319047,0.5490094417394964,9017,1124
FedHAD,CIFAR10,1.0,45,5,0,0.2084338665008545,4,0.007618172328767696,5.678473923525683,0.003540195712921249,0.7179544685855126,12852,1604
FedHAD,CIFAR10,1.0,45,5,2,0.279504915078481,4,0.007045938385055344,5.152844718950402,0.004584381422553739,0.5249927857753556,9017,1124
FedHAD,CIFAR10,1.0,45,5,4,0.36910732587178546,4,0.006436410563204186,4.133017862822355,0.005166272328527943,0.35600406389094125,6416,800
FedHAD,CIFAR10,1.0,45,5,1,0.3036993145942688,4,0.006870260082699635,5.095250189830392,0.0047530318934985005,0.4903384723414726,8604,1072
FedHAD,CIFAR10,1.0,45,5,3,0.2747526963551839,4,0.007081505786398332,5.015538992982427,0.004956066198599236,0.4791585269572893,8113,1012
FedHAD,CIFAR10,1.0,45,6,2,0.279504915078481,4,0.007045938385055344,5.103152684318948,0.004540171427330025,0.5001102658571279,9017,1124
FedHAD,CIFAR10,1.0,45,6,1,0.3036993145942688,4,0.006870260082699635,5.154735161882227,0.004808521606233421,0.4757979160207186,8604,1072
FedHAD,CIFAR10,1.0,45,6,3,0.2747526963551839,4,0.007081505786398332,4.9863354384407215,0.004927208931265535,0.44854526624196334,8113,1012
FedHAD,CIFAR10,1.0,45,6,4,0.36910732587178546,4,0.006436410563204186,4.09621834862438,0.005120272935780475,0.3285313971587005,6416,800
FedHAD,CIFAR10,1.0,45,6,0,0.2084338665008545,4,0.007618172328767696,5.583341398390681,0.0034808861585976817,0.7015100180516697,12852,1604
FedHAD,CIFAR10,1.0,45,7,0,0.2084338665008545,4,0.007618172328767696,5.496515412777884,0.0034267552448739927,0.678802527857262,12852,1604
FedHAD,CIFAR10,1.0,45,7,3,0.2747526963551839,4,0.007081505786398332,5.070944243002538,0.005010814469370097,0.4288326529140629,8113,1012
FedHAD,CIFAR10,1.0,45,7,4,0.36910732587178546,4,0.006436410563204186,4.119122614933687,0.005148903268667109,0.2995452151255765,6416,800
FedHAD,CIFAR10,1.0,45,7,1,0.3036993145942688,4,0.006870260082699635,5.159036264595101,0.004812533828913341,0.4548864365758168,8604,1072
FedHAD,CIFAR10,1.0,45,7,2,0.279504915078481,4,0.007045938385055344,5.128388442539767,0.004562623169519366,0.47750145004315797,9017,1124
FedHAD,CIFAR10,1.0,45,8,0,0.2084338665008545,4,0.007618172328767696,5.484377750897516,0.003419188124000945,0.6708472953355552,12852,1604
FedHAD,CIFAR10,1.0,45,8,3,0.2747526963551839,4,0.007081505786398332,5.0015946175982915,0.004942287171539814,0.4125513704530376,8113,1012
FedHAD,CIFAR10,1.0,45,8,2,0.279504915078481,4,0.007045938385055344,5.072244462545867,0.004512673009382444,0.4553272992649241,9017,1124
FedHAD,CIFAR10,1.0,45,8,4,0.36910732587178546,4,0.006436410563204186,4.071319377581903,0.0050891492219773795,0.2815742908185691,6416,800
FedHAD,CIFAR10,1.0,45,8,1,0.3036993145942688,4,0.006870260082699635,5.2225227833466725,0.004871756327748762,0.4507359968723813,8604,1072
FedHAD,CIFAR10,1.0,45,9,0,0.2084338665008545,4,0.007618172328767696,5.303872570030504,0.0033066537219641544,0.6514720417684219,12852,1604
FedHAD,CIFAR10,1.0,45,9,1,0.3036993145942688,4,0.006870260082699635,5.235937766071645,0.004884270304171311,0.4434060100099022,8604,1072
FedHAD,CIFAR10,1.0,45,9,2,0.279504915078481,4,0.007045938385055344,5.091194785118269,0.004529532726973548,0.4515442194176118,9017,1124
FedHAD,CIFAR10,1.0,45,9,4,0.36910732587178546,4,0.006436410563204186,4.058412838665745,0.005073016048332182,0.27313054099266565,6416,800
FedHAD,CIFAR10,1.0,45,9,3,0.2747526963551839,4,0.007081505786398332,4.98143290691132,0.004922364532521067,0.40032441067842944,8113,1012
FedHAD,CIFAR10,1.0,45,10,1,0.3036993145942688,4,0.006870260082699635,5.283340023178021,0.004928488827591438,0.43930544743739075,8604,1072
FedHAD,CIFAR10,1.0,45,10,2,0.279504915078481,4,0.007045938385055344,4.996369996439553,0.00444516903597825,0.43432692352435265,9017,1124
FedHAD,CIFAR10,1.0,45,10,3,0.2747526963551839,4,0.007081505786398332,4.974212994608262,0.004915230231826346,0.3947023463166195,8113,1012
FedHAD,CIFAR10,1.0,45,10,0,0.2084338665008545,4,0.007618172328767696,5.274379461162073,0.003288266496983836,0.6480097919818992,12852,1604
FedHAD,CIFAR10,1.0,45,10,4,0.36910732587178546,4,0.006436410563204186,3.931400208327917,0.004914250260409896,0.2556982050414651,6416,800
FedHAD,CIFAR10,1.0,46,1,3,0.2132678230603536,4,0.0075763215835929435,7.351607201516811,0.004688525000967354,0.7085342689699633,12565,1568
FedHAD,CIFAR10,1.0,46,1,2,0.38303478558858234,4,0.0063510121400171,4.753862255940741,0.008084799755001261,0.3400969145422567,4712,588
FedHAD,CIFAR10,1.0,46,1,4,0.23337401946385702,4,0.007407072557273115,6.7666285845312855,0.004917607982944248,0.6265187161474695,11039,1376
FedHAD,CIFAR10,1.0,46,1,0,0.3143047293027242,4,0.006795984769850196,6.409731635995425,0.005054993403781881,0.5637234401427401,10148,1268
FedHAD,CIFAR10,1.0,46,1,1,0.4105516274770101,4,0.006188779658598597,5.113007035829455,0.006265939994889037,0.39207375623308127,6538,816
FedHAD,CIFAR10,1.0,46,2,2,0.38303478558858234,4,0.0063510121400171,4.746775749707404,0.008072747873652048,0.4950598381520057,4712,588
FedHAD,CIFAR10,1.0,46,2,0,0.3143047293027242,4,0.006795984769850196,5.991436320236552,0.004725107508072991,0.6343019842632486,10148,1268
FedHAD,CIFAR10,1.0,46,2,1,0.4105516274770101,4,0.006188779658598597,5.1851863597644865,0.0063543950487309885,0.5076326581804171,6538,816
FedHAD,CIFAR10,1.0,46,2,3,0.2132678230603536,4,0.0075763215835929435,7.028561069733017,0.00448250068222769,0.7564900345033397,12565,1568
FedHAD,CIFAR10,1.0,46,2,4,0.23337401946385702,4,0.007407072557273115,6.695015943184882,0.004865563912198315,0.7172954237400366,11039,1376
FedHAD,CIFAR10,1.0,46,3,2,0.38303478558858234,4,0.0063510121400171,4.3390926881434195,0.007379409333577244,0.4122596157113098,4712,588
FedHAD,CIFAR10,1.0,46,3,1,0.4105516274770101,4,0.006188779658598597,4.521467172399482,0.005541013691666032,0.4516056534858206,6538,816
FedHAD,CIFAR10,1.0,46,3,4,0.23337401946385702,4,0.007407072557273115,6.144843187122128,0.0044657290604085235,0.6978728865536427,11039,1376
FedHAD,CIFAR10,1.0,46,3,0,0.3143047293027242,4,0.006795984769850196,5.266134918819013,0.004153103248279979,0.5863985782977752,10148,1268
FedHAD,CIFAR10,1.0,46,3,3,0.2132678230603536,4,0.0075763215835929435,6.305931521627255,0.0040216400010377905,0.7484283681161794,12565,1568
FedHAD,CIFAR10,1.0,46,4,3,0.2132678230603536,4,0.0075763215835929435,5.955781872409121,0.003798330275771123,0.7235128769830892,12565,1568
FedHAD,CIFAR10,1.0,46,4,2,0.38303478558858234,4,0.0063510121400171,4.138617129931303,0.00703846450668589,0.33164631526916116,4712,588
FedHAD,CIFAR10,1.0,46,4,0,0.3143047293027242,4,0.006795984769850196,4.980485728164278,0.003927827861328295,0.5414469131138093,10148,1268
FedHAD,CIFAR10,1.0,46,4,1,0.4105516274770101,4,0.006188779658598597,4.255982205019366,0.005215664466935498,0.3762126819234219,6538,816
FedHAD,CIFAR10,1.0,46,4,4,0.23337401946385702,4,0.007407072557273115,5.770220663237429,0.004193474319213248,0.6579526466772527,11039,1376
FedHAD,CIFAR10,1.0,46,5,1,0.4105516274770101,4,0.006188779658598597,4.1917615026611825,0.005136962625810273,0.3377320437307888,6538,816
FedHAD,CIFAR10,1.0,46,5,3,0.2132678230603536,4,0.0075763215835929435,5.745734425324561,0.003664371444722297,0.6945343596957283,12565,1568
FedHAD,CIFAR10,1.0,46,5,0,0.3143047293027242,4,0.006795984769850196,4.916349565413603,0.0038772472913356495,0.5107146864409265,10148,1268
FedHAD,CIFAR10,1.0,46,5,2,0.38303478558858234,4,0.0063510121400171,4.13552612488364,0.00703320769538034,0.2931981076355299,4712,588
FedHAD,CIFAR10,1.0,46,5,4,0.23337401946385702,4,0.007407072557273115,5.6419244613259325,0.004100235800382219,0.6288848625452153,11039,1376
FedHAD,CIFAR10,1.0,46,6,1,0.4105516274770101,4,0.006188779658598597,4.032140626598409,0.004941348807105893,0.29876203861506984,6538,816
FedHAD,CIFAR10,1.0,46,6,0,0.3143047293027242,4,0.006795984769850196,4.819519113907267,0.0038008825819457943,0.4891765723463417,10148,1268
FedHAD,CIFAR10,1.0,46,6,2,0.38303478558858234,4,0.0063510121400171,4.0752882397252055,0.006930762312457832,0.2674655776261325,4712,588
FedHAD,CIFAR10,1.0,46,6,4,0.23337401946385702,4,0.007407072557273115,5.547284171346766,0.004031456519874104,0.610191223873461,11039,1376
FedHAD,CIFAR10,1.0,46,6,3,0.2132678230603536,4,0.0075763215835929435,5.5647121323016915,0.0035489235537638337,0.6730918127982589,12565,1568
FedHAD,CIFAR10,1.0,46,7,1,0.4105516274770101,4,0.006188779658598597,3.9854328003261994,0.004884108823929166,0.2751278034972761,6538,816
FedHAD,CIFAR10,1.0,46,7,0,0.3143047293027242,4,0.006795984769850196,4.828763035673931,0.0038081727410677686,0.4741741978238881,10148,1268
FedHAD,CIFAR10,1.0,46,7,3,0.2132678230603536,4,0.0075763215835929435,5.527521606739854,0.0035252051063391927,0.6578916701798526,12565,1568
FedHAD,CIFAR10,1.0,46,7,4,0.23337401946385702,4,0.007407072557273115,5.594295898272714,0.004065622019093542,0.5999330771009662,11039,1376
FedHAD,CIFAR10,1.0,46,7,2,0.38303478558858234,4,0.0063510121400171,4.06117327428753,0.006906757269196479,0.2397598600810413,4712,588
FedHAD,CIFAR10,1.0,46,8,0,0.3143047293027242,4,0.006795984769850196,4.880333088411298,0.003848843129661907,0.46597686508826475,10148,1268
FedHAD,CIFAR10,1.0,46,8,1,0.4105516274770101,4,0.006188779658598597,3.94157514155784,0.004830361693085588,0.2531912821420621,6538,816
FedHAD,CIFAR10,1.0,46,8,4,0.23337401946385702,4,0.007407072557273115,5.4953347813569025,0.003993702602730307,0.5820970394871436,11039,1376
FedHAD,CIFAR10,1.0,46,8,2,0.38303478558858234,4,0.0063510121400171,4.091841655859585,0.00695891438071358,0.22935437806469233,4712,588
FedHAD,CIFAR10,1.0,46,8,3,0.2132678230603536,4,0.0075763215835929435,5.502777864332564,0.0035094246583753596,0.647252251121496,12565,1568
FedHAD,CIFAR10,1.0,46,9,2,0.38303478558858234,4,0.0063510121400171,4.1160479342255725,0.00700008152079179,0.21630114202491338,4712,588
FedHAD,CIFAR10,1.0,46,9,0,0.3143047293027242,4,0.006795984769850196,4.8090979855335,0.0037926640264459776,0.45264239595086725,10148,1268
FedHAD,CIFAR10,1.0,46,9,4,0.23337401946385702,4,0.007407072557273115,5.497914149483693,0.003995577143520126,0.5762506464441587,11039,1376
FedHAD,CIFAR10,1.0,46,9,1,0.4105516274770101,4,0.006188779658598597,3.926660039982959,0.0048120833823320575,0.2539524696062337,6538,816
FedHAD,CIFAR10,1.0,46,9,3,0.2132678230603536,4,0.0075763215835929435,5.392624032889284,0.0034391734903630638,0.6330011070742076,12565,1568
FedHAD,CIFAR10,1.0,46,10,3,0.2132678230603536,4,0.0075763215835929435,5.312798534042957,0.003388264371200866,0.6225412396445049,12565,1568
FedHAD,CIFAR10,1.0,46,10,1,0.4105516274770101,4,0.006188779658598597,3.928193098975496,0.004813962131097422,0.2445352516590562,6538,816
FedHAD,CIFAR10,1.0,46,10,4,0.23337401946385702,4,0.007407072557273115,5.466677289233446,0.003972875936942911,0.5700211161527231,11039,1376
FedHAD,CIFAR10,1.0,46,10,2,0.38303478558858234,4,0.0063510121400171,4.0232233271884645,0.006842216542837525,0.2045736987534173,4712,588
FedHAD,CIFAR10,1.0,46,10,0,0.3143047293027242,4,0.006795984769850196,4.772055849424306,0.003763450985350399,0.4489440414678168,10148,1268
FedHAD,CIFAR10,1.0,47,1,1,0.3090296188990275,4,0.006832727320265889,5.993105295734644,0.006718727910016417,0.4710268370795382,7155,892
FedHAD,CIFAR10,1.0,47,1,3,0.29459049304326373,4,0.006935362300633895,5.954142659848095,0.006735455497565719,0.4644576169110297,7089,884
FedHAD,CIFAR10,1.0,47,1,0,0.21534421046574911,4,0.007558485773260825,7.08618557517095,0.005047140723056232,0.6609520082594516,11248,1404
FedHAD,CIFAR10,1.0,47,1,2,0.31242897113164264,4,0.00680900456431201,6.187318076707465,0.004369574912929001,0.6015888156884863,11346,1416
FedHAD,CIFAR10,1.0,47,1,4,0.2781045238176982,4,0.007056382258278646,6.294626766031059,0.006171202711795156,0.5136562320316286,8165,1020
FedHAD,CIFAR10,1.0,47,2,4,0.2781045238176982,4,0.007056382258278646,6.269329776010554,0.006146401741186818,0.6304477367379201,8165,1020
FedHAD,CIFAR10,1.0,47,2,3,0.29459049304326373,4,0.006935362300633895,5.729585143204414,0.006481431157471056,0.5854378187104894,7089,884
FedHAD,CIFAR10,1.0,47,2,2,0.31242897113164264,4,0.00680900456431201,6.211194313053027,0.004386436661760612,0.6827075407719958,11346,1416
FedHAD,CIFAR10,1.0,47,2,0,0.21534421046574911,4,0.007558485773260825,6.840735570539972,0.004872318782435878,0.736509634709174,11248,1404
FedHAD,CIFAR10,1.0,47,2,1,0.3090296188990275,4,0.006832727320265889,6.0109395269622965,0.006738721442782844,0.6073701742889216,7155,892
FedHAD,CIFAR10,1.0,47,3,3,0.29459049304326373,4,0.006935362300633895,4.978641814218729,0.005631947753641097,0.5157386935077163,7089,884
FedHAD,CIFAR10,1.0,47,3,2,0.31242897113164264,4,0.00680900456431201,5.578724045488096,0.003939776868282554,0.6501468742053982,11346,1416
FedHAD,CIFAR10,1.0,47,3,1,0.3090296188990275,4,0.006832727320265889,5.203795586356021,0.005833851554210786,0.5304347138668024,7155,892
FedHAD,CIFAR10,1.0,47,3,0,0.21534421046574911,4,0.007558485773260825,6.1470576101678605,0.00437824616108822,0.7216135289931499,11248,1404
FedHAD,CIFAR10,1.0,47,3,4,0.2781045238176982,4,0.007056382258278646,5.7966883629864405,0.005683027806849451,0.5976834237775707,8165,1020
FedHAD,CIFAR10,1.0,47,4,2,0.31242897113164264,4,0.00680900456431201,5.260810346021319,0.003715261543800367,0.6211390272680907,11346,1416
FedHAD,CIFAR10,1.0,47,4,0,0.21534421046574911,4,0.007558485773260825,5.6717839487654045,0.004039732157240317,0.6819508489274557,11248,1404
FedHAD,CIFAR10,1.0,47,4,4,0.2781045238176982,4,0.007056382258278646,5.593891939897744,0.005484207784213474,0.552173438548154,8165,1020
FedHAD,CIFAR10,1.0,47,4,3,0.29459049304326373,4,0.006935362300633895,4.736923059430738,0.005358510248224816,0.4533440526340543,7089,884
FedHAD,CIFAR10,1.0,47,4,1,0.3090296188990275,4,0.006832727320265889,4.755615857214278,0.0053314079116751996,0.45979993747026704,7155,892
FedHAD,CIFAR10,1.0,47,5,0,0.21534421046574911,4,0.007558485773260825,5.477976338440495,0.0039016925487467915,0.6488719203982399,11248,1404
FedHAD,CIFAR10,1.0,47,5,3,0.29459049304326373,4,0.006935362300633895,4.650151852848278,0.005260352774715247,0.4080330743413524,7089,884
FedHAD,CIFAR10,1.0,47,5,4,0.2781045238176982,4,0.007056382258278646,5.4975578822755224,0.005389762629681885,0.5227394484107104,8165,1020
FedHAD,CIFAR10,1.0,47,5,1,0.3090296188990275,4,0.006832727320265889,4.627105399767546,0.0051873378921160835,0.41443066697596725,7155,892
FedHAD,CIFAR10,1.0,47,5,2,0.31242897113164264,4,0.00680900456431201,5.116168230395873,0.003613113157059232,0.5932115371105653,11346,1416
FedHAD,CIFAR10,1.0,47,6,2,0.31242897113164264,4,0.00680900456431201,5.148154738114497,0.0036357024986684305,0.5785820025850713,11346,1416
FedHAD,CIFAR10,1.0,47,6,4,0.2781045238176982,4,0.007056382258278646,5.419175504174827,0.005312917160955713,0.4962071656506966,8165,1020
FedHAD,CIFAR10,1.0,47,6,3,0.29459049304326373,4,0.006935362300633895,4.660297716360749,0.0052718299958832,0.38399321643973644,7089,884
FedHAD,CIFAR10,1.0,47,6,1,0.3090296188990275,4,0.006832727320265889,4.584625328187492,0.005139714493483736,0.3805834992513525,7155,892
FedHAD,CIFAR10,1.0,47,6,0,0.21534421046574911,4,0.007558485773260825,5.413485604465283,0.0038557589775393753,0.6210744779753391,11248,1404
FedHAD,CIFAR10,1.0,47,7,0,0.21534421046574911,4,0.007558485773260825,5.373539838943182,0.003827307577594859,0.6061431618404346,11248,1404
FedHAD,CIFAR10,1.0,47,7,1,0.3090296188990275,4,0.006832727320265889,4.446129518006923,0.004984450132294756,0.3503980901918009,7155,892
FedHAD,CIFAR10,1.0,47,7,2,0.31242897113164264,4,0.00680900456431201,5.123318759789195,0.0036181629659528215,0.5720867104192836,11346,1416
FedHAD,CIFAR10,1.0,47,7,3,0.29459049304326373,4,0.006935362300633895,4.579123399874856,0.00518000384601228,0.36010878687260295,7089,884
FedHAD,CIFAR10,1.0,47,7,4,0.2781045238176982,4,0.007056382258278646,5.3734736035208766,0.00526811137600086,0.47177891403301425,8165,1020
FedHAD,CIFAR10,1.0,47,8,1,0.3090296188990275,4,0.006832727320265889,4.40212794015235,0.004935121009139406,0.33684809247603675,7155,892
FedHAD,CIFAR10,1.0,47,8,0,0.21534421046574911,4,0.007558485773260825,5.293930744637212,0.0037706059434737976,0.5927142235691736,11248,1404
FedHAD,CIFAR10,1.0,47,8,2,0.31242897113164264,4,0.00680900456431201,5.072940195023793,0.003582584883491379,0.556564299432284,11346,1416
FedHAD,CIFAR10,1.0,47,8,3,0.29459049304326373,4,0.006935362300633895,4.633757400193816,0.00524180701379391,0.34558360402776905,7089,884
FedHAD,CIFAR10,1.0,47,8,4,0.2781045238176982,4,0.007056382258278646,5.4120704980973775,0.005305951468722919,0.45857084479251087,8165,1020
FedHAD,CIFAR10,1.0,47,9,1,0.3090296188990275,4,0.006832727320265889,4.373546437744144,0.004903078966080879,0.325910679153727,7155,892
FedHAD,CIFAR10,1.0,47,9,4,0.2781045238176982,4,0.007056382258278646,5.340482051914988,0.0052357667175637135,0.43685828420935885,8165,1020
FedHAD,CIFAR10,1.0,47,9,2,0.31242897113164264,4,0.00680900456431201,5.0852522388273815,0.003591279829680354,0.5527231892244415,11346,1416
FedHAD,CIFAR10,1.0,47,9,0,0.21534421046574911,4,0.007558485773260825,5.3071884578675395,0.0037800487591649144,0.5818376073389012,11248,1404
FedHAD,CIFAR10,1.0,47,9,3,0.29459049304326373,4,0.006935362300633895,4.593419731076305,0.005196176166375911,0.3352419442435718,7089,884
FedHAD,CIFAR10,1.0,47,10,1,0.3090296188990275,4,0.006832727320265889,4.322034017145021,0.004845329615633431,0.31145452292379483,7155,892
FedHAD,CIFAR10,1.0,47,10,0,0.21534421046574911,4,0.007558485773260825,5.227119343690773,0.0037230194755632283,0.5669013771202848,11248,1404
FedHAD,CIFAR10,1.0,47,10,3,0.29459049304326373,4,0.006935362300633895,4.619127115217552,0.005225256917666914,0.3269387202867808,7089,884
FedHAD,CIFAR10,1.0,47,10,4,0.2781045238176982,4,0.007056382258278646,5.365144464940549,0.005259945553863284,0.4410430755255383,8165,1020
FedHAD,CIFAR10,1.0,47,10,2,0.31242897113164264,4,0.00680900456431201,5.104499234069763,0.003604872340444748,0.5461091636891804,11346,1416
FedHAD,CIFAR10,1.0,48,1,3,0.22022720177968344,4,0.007516870849885626,6.5447190838567915,0.005261028202457228,0.5906759060607725,9957,1244
FedHAD,CIFAR10,1.0,48,1,1,0.28708189725875854,4,0.006989962468963614,6.28957843696329,0.005635822972189328,0.5468992339595835,8936,1116
FedHAD,CIFAR10,1.0,48,1,2,0.19299550851186117,4,0.007754984294013153,6.530011259810912,0.00585126456972304,0.553846183556761,8937,1116
FedHAD,CIFAR10,1.0,48,1,0,0.25561201572418213,4,0.007228473122011755,5.7884748879191505,0.007537076676978061,0.4301363111331636,6169,768
FedHAD,CIFAR10,1.0,48,1,4,0.2503192226092021,4,0.0072701954791597094,6.550823472816459,0.004774652676979927,0.6217956431637421,11003,1372
FedHAD,CIFAR10,1.0,48,2,4,0.2503192226092021,4,0.0072701954791597094,6.47464147510614,0.004719126439581735,0.6853900879797128,11003,1372
FedHAD,CIFAR10,1.0,48,2,2,0.19299550851186117,4,0.007754984294013153,6.547600615511167,0.005867025641139038,0.6857507532938468,8937,1116
FedHAD,CIFAR10,1.0,48,2,3,0.22022720177968344,4,0.007516870849885626,6.721101664985826,0.005402814843236195,0.6930461337679243,9957,1244
FedHAD,CIFAR10,1.0,48,2,1,0.28708189725875854,4,0.006989962468963614,5.837564280895407,0.005230792366393734,0.6154342675867777,8936,1116
FedHAD,CIFAR10,1.0,48,2,0,0.25561201572418213,4,0.007228473122011755,5.720721551585793,0.0074488561869606685,0.5641529732412955,6169,768
FedHAD,CIFAR10,1.0,48,3,4,0.2503192226092021,4,0.0072701954791597094,6.028003496786828,0.004393588554509349,0.677322475108472,11003,1372
FedHAD,CIFAR10,1.0,48,3,2,0.19299550851186117,4,0.007754984294013153,5.98738981851978,0.005365044640250699,0.6608215845258743,8937,1116
FedHAD,CIFAR10,1.0,48,3,1,0.28708189725875854,4,0.006989962468963614,5.185579521934448,0.00464657663255775,0.5741288614499928,8936,1116
FedHAD,CIFAR10,1.0,48,3,3,0.22022720177968344,4,0.007516870849885626,6.012932299546842,0.004833546864587493,0.6778166360469146,9957,1244
FedHAD,CIFAR10,1.0,48,3,0,0.25561201572418213,4,0.007228473122011755,5.286318756649687,0.006883227547720947,0.511106812648117,6169,768
FedHAD,CIFAR10,1.0,48,4,1,0.28708189725875854,4,0.006989962468963614,4.866512074246907,0.0043606739016549345,0.5187973138298513,8936,1116
FedHAD,CIFAR10,1.0,48,4,0,0.25561201572418213,4,0.007228473122011755,5.008438321358801,0.006521404064269272,0.4436728519481827,6169,768
FedHAD,CIFAR10,1.0,48,4,4,0.2503192226092021,4,0.0072701954791597094,5.6428504033384055,0.00411286472546531,0.6475145726035734,11003,1372
FedHAD,CIFAR10,1.0,48,4,2,0.19299550851186117,4,0.007754984294013153,5.489308675668715,0.004918735372463006,0.5936019344144234,8937,1116
FedHAD,CIFAR10,1.0,48,4,3,0.22022720177968344,4,0.007516870849885626,5.628751655188366,0.004524719980054956,0.6307618813252636,9957,1244
FedHAD,CIFAR10,1.0,48,5,2,0.19299550851186117,4,0.007754984294013153,5.393079473096497,0.004832508488437722,0.5506874567294537,8937,1116
FedHAD,CIFAR10,1.0,48,5,1,0.28708189725875854,4,0.006989962468963614,4.753825126209481,0.004259699933879463,0.47861999475305145,8936,1116
FedHAD,CIFAR10,1.0,48,5,3,0.22022720177968344,4,0.007516870849885626,5.477673646847734,0.00440327463572969,0.5879180420378644,9957,1244
FedHAD,CIFAR10,1.0,48,5,4,0.2503192226092021,4,0.0072701954791597094,5.526440094208145,0.004028017561376199,0.6218640601946873,11003,1372
FedHAD,CIFAR10,1.0,48,5,0,0.25561201572418213,4,0.007228473122011755,4.964176688982681,0.006463771730446199,0.40244994499350434,6169,768
FedHAD,CIFAR10,1.0,48,6,3,0.22022720177968344,4,0.007516870849885626,5.377442478400282,0.00432270295691341,0.5625963407404657,9957,1244
FedHAD,CIFAR10,1.0,48,6,0,0.25561201572418213,4,0.007228473122011755,4.915825792918736,0.006400814834529604,0.37031227482397344,6169,768
FedHAD,CIFAR10,1.0,48,6,2,0.19299550851186117,4,0.007754984294013153,5.3536788361637795,0.004797203258211272,0.5277492410751706,8937,1116
FedHAD,CIFAR10,1.0,48,6,1,0.28708189725875854,4,0.006989962468963614,4.6655628920575785,0.004180611910445859,0.4538806644340675,8936,1116
FedHAD,CIFAR10,1.0,48,6,4,0.2503192226092021,4,0.0072701954791597094,5.457178656596968,0.003977535463991959,0.6063981430262227,11003,1372
FedHAD,CIFAR10,1.0,48,7,2,0.19299550851186117,4,0.007754984294013153,5.355632202380289,0.004798953586362267,0.5052358298212043,8937,1116
FedHAD,CIFAR10,1.0,48,7,3,0.22022720177968344,4,0.007516870849885626,5.4030190849415005,0.004343262930017283,0.5450040397950886,9957,1244
FedHAD,CIFAR10,1.0,48,7,0,0.25561201572418213,4,0.007228473122011755,5.005124149593204,0.006517088736449485,0.35775292573020745,6169,768
FedHAD,CIFAR10,1.0,48,7,1,0.28708189725875854,4,0.006989962468963614,4.629462560589213,0.004148263943180298,0.4295206962151432,8936,1116
FedHAD,CIFAR10,1.0,48,7,4,0.2503192226092021,4,0.0072701954791597094,5.415428203165905,0.003947105104348327,0.5880909059527011,11003,1372
FedHAD,CIFAR10,1.0,48,8,1,0.28708189725875854,4,0.006989962468963614,4.622933417985614,0.004142413456976356,0.4157080115875884,8936,1116
FedHAD,CIFAR10,1.0,48,8,2,0.19299550851186117,4,0.007754984294013153,5.387404524631866,0.004827423409168339,0.4894144154238774,8937,1116
FedHAD,CIFAR10,1.0,48,8,0,0.25561201572418213,4,0.007228473122011755,5.03110476148002,0.00655091765817711,0.3362963822205792,6169,768
FedHAD,CIFAR10,1.0,48,8,4,0.2503192226092021,4,0.0072701954791597094,5.430052198996155,0.003957763993437431,0.5710899098733812,11003,1372
FedHAD,CIFAR10,1.0,48,8,3,0.22022720177968344,4,0.007516870849885626,5.405441573838909,0.004345210268359252,0.5307498485691505,9957,1244
FedHAD,CIFAR10,1.0,48,9,3,0.22022720177968344,4,0.007516870849885626,5.30647452503381,0.004265654762888915,0.5143839075447262,9957,1244
FedHAD,CIFAR10,1.0,48,9,4,0.2503192226092021,4,0.0072701954791597094,5.411189794009184,0.003944015884846344,0.5628704201673232,11003,1372
FedHAD,CIFAR10,1.0,48,9,0,0.25561201572418213,4,0.007228473122011755,5.10109157910033,0.006642046326953554,0.32998439533158963,6169,768
FedHAD,CIFAR10,1.0,48,9,2,0.19299550851186117,4,0.007754984294013153,5.337318822472278,0.004782543747735016,0.4774509115525481,8937,1116
FedHAD,CIFAR10,1.0,48,9,1,0.28708189725875854,4,0.006989962468963614,4.556250157206291,0.004082661431188433,0.3982551704384187,8936,1116
FedHAD,CIFAR10,1.0,48,10,3,0.22022720177968344,4,0.007516870849885626,5.382149254698053,0.004326486539146345,0.5076774888314263,9957,1244
FedHAD,CIFAR10,1.0,48,10,0,0.25561201572418213,4,0.007228473122011755,5.153175377486727,0.006709863772769176,0.3219611754276244,6169,768
FedHAD,CIFAR10,1.0,48,10,1,0.28708189725875854,4,0.006989962468963614,4.631884183810521,0.00415043385646104,0.3934985848901696,8936,1116
FedHAD,CIFAR10,1.0,48,10,2,0.19299550851186117,4,0.007754984294013153,5.357251482442485,0.004800404554159933,0.46421841841937,8937,1116
FedHAD,CIFAR10,1.0,48,10,4,0.2503192226092021,4,0.0072701954791597094,5.400979520413214,0.003936573994470273,0.5528458884179496,11003,1372
FedHAD,CIFAR10,1.0,49,1,0,0.21312912305196127,4,0.007577515992431344,6.475872369392043,0.00610931355603023,0.5535723299436321,8483,1060
FedHAD,CIFAR10,1.0,49,1,1,0.28165485461552936,4,0.007029964539508577,6.716775337970646,0.0044898230868787746,0.6544647379682729,11999,1496
FedHAD,CIFAR10,1.0,49,1,4,0.31873313585917157,4,0.006765443477437534,5.803236299611421,0.006307865543055892,0.45476583780793967,7384,920
FedHAD,CIFAR10,1.0,49,1,2,0.2265722950299581,4,0.0074634750078567446,6.683637834864523,0.005722292666836064,0.5756720095448872,9362,1168
FedHAD,CIFAR10,1.0,49,1,3,0.1574380894502004,5,0.00808958644781958,7.057355832699872,0.005832525481570142,0.5342198081475085,7774,1210
FedHAD,CIFAR10,1.0,49,2,2,0.2265722950299581,4,0.0074634750078567446,6.607583484072813,0.005657177640473299,0.6891929720414877,9362,1168
FedHAD,CIFAR10,1.0,49,2,4,0.31873313585917157,4,0.006765443477437534,5.465684456064642,0.005940961365287654,0.564273425132419,7384,920
FedHAD,CIFAR10,1.0,49,2,0,0.21312912305196127,4,0.007577515992431344,6.442824849046152,0.00607813665004354,0.6626386230790827,8483,1060
FedHAD,CIFAR10,1.0,49,2,3,0.1574380894502004,5,0.00808958644781958,7.121173604693497,0.005885267441895452,0.674146135808769,7774,1210
FedHAD,CIFAR10,1.0,49,2,1,0.28165485461552936,4,0.007029964539508577,6.654266265630498,0.004448038947613969,0.7195920291269144,11999,1496
FedHAD,CIFAR10,1.0,49,3,1,0.28165485461552936,4,0.007029964539508577,6.070061920544918,0.0040575280217546245,0.6970823203853067,11999,1496
FedHAD,CIFAR10,1.0,49,3,4,0.31873313585917157,4,0.006765443477437534,4.952767986045602,0.005383443463093046,0.49802622141470615,7384,920
FedHAD,CIFAR10,1.0,49,3,3,0.1574380894502004,5,0.00808958644781958,6.438017554711119,0.005320675665050512,0.6394107652066726,7774,1210
FedHAD,CIFAR10,1.0,49,3,0,0.21312912305196127,4,0.007577515992431344,5.78447611300191,0.005457052936794255,0.6206674024497024,8483,1060
FedHAD,CIFAR10,1.0,49,3,2,0.2265722950299581,4,0.0074634750078567446,5.838073587387203,0.004998350674132879,0.6354824183697212,9362,1168
FedHAD,CIFAR10,1.0,49,4,0,0.21312912305196127,4,0.007577515992431344,5.367770763046166,0.005063934682119024,0.5507276799677316,8483,1060
FedHAD,CIFAR10,1.0,49,4,3,0.1574380894502004,5,0.00808958644781958,6.145932403819075,0.005079282978362872,0.58947469372132,7774,1210
FedHAD,CIFAR10,1.0,49,4,4,0.31873313585917157,4,0.006765443477437534,4.714588954023548,0.005124553210895161,0.44026515361142465,7384,920
FedHAD,CIFAR10,1.0,49,4,1,0.28165485461552936,4,0.007029964539508577,5.762594631190486,0.0038520017588171696,0.6682478917192853,11999,1496
FedHAD,CIFAR10,1.0,49,4,2,0.2265722950299581,4,0.0074634750078567446,5.455685707941825,0.004670963791046083,0.5820464001839597,9362,1168
FedHAD,CIFAR10,1.0,49,5,0,0.21312912305196127,4,0.007577515992431344,5.305038538133153,0.005004753337861465,0.5126522853944792,8483,1060
FedHAD,CIFAR10,1.0,49,5,1,0.28165485461552936,4,0.007029964539508577,5.644545242774202,0.0037730917398223277,0.6509975955632114,11999,1496
FedHAD,CIFAR10,1.0,49,5,4,0.31873313585917157,4,0.006765443477437534,4.617313882107207,0.005018819437073051,0.4004709394884739,7384,920
FedHAD,CIFAR10,1.0,49,5,3,0.1574380894502004,5,0.00808958644781958,5.936149957519188,0.004905909055800982,0.5408095958654793,7774,1210
FedHAD,CIFAR10,1.0,49,5,2,0.2265722950299581,4,0.0074634750078567446,5.333213422681808,0.0045661073824330555,0.5376045155041463,9362,1168
FedHAD,CIFAR10,1.0,49,6,1,0.28165485461552936,4,0.007029964539508577,5.561357019543134,0.0037174846387320417,0.6295431139368777,11999,1496
FedHAD,CIFAR10,1.0,49,6,2,0.2265722950299581,4,0.0074634750078567446,5.256720699555016,0.0045006170372902535,0.5130183215956067,9362,1168
FedHAD,CIFAR10,1.0,49,6,3,0.1574380894502004,5,0.00808958644781958,5.916013443367737,0.0048892673085683775,0.5111975861919053,7774,1210
FedHAD,CIFAR10,1.0,49,6,0,0.21312912305196127,4,0.007577515992431344,5.2022403129151815,0.004907773880108662,0.4817424936986417,8483,1060
FedHAD,CIFAR10,1.0,49,6,4,0.31873313585917157,4,0.006765443477437534,4.586742535042239,0.004985589712002434,0.3714718925294029,7384,920
FedHAD,CIFAR10,1.0,49,7,3,0.1574380894502004,5,0.00808958644781958,5.878285510332975,0.004858087198622294,0.4822482643233152,7774,1210
FedHAD,CIFAR10,1.0,49,7,2,0.2265722950299581,4,0.0074634750078567446,5.259333700874512,0.004502854195954206,0.4899163912716226,9362,1168
FedHAD,CIFAR10,1.0,49,7,4,0.31873313585917157,4,0.006765443477437534,4.555718017465224,0.004951867410288286,0.35249417147110884,7384,920
FedHAD,CIFAR10,1.0,49,7,0,0.21312912305196127,4,0.007577515992431344,5.127592506883868,0.004837351421588555,0.4524016791607427,8483,1060
FedHAD,CIFAR10,1.0,49,7,1,0.28165485461552936,4,0.007029964539508577,5.601155819145562,0.003744088114402114,0.6248112555428759,11999,1496
FedHAD,CIFAR10,1.0,49,8,1,0.28165485461552936,4,0.007029964539508577,5.570137445658383,0.003723353907525657,0.6126893782842968,11999,1496
FedHAD,CIFAR10,1.0,49,8,0,0.21312912305196127,4,0.007577515992431344,5.0631408984585615,0.004776548017413737,0.43579836841248537,8483,1060
FedHAD,CIFAR10,1.0,49,8,3,0.1574380894502004,5,0.00808958644781958,5.872908880335715,0.00485364370275679,0.4687800946184202,7774,1210
FedHAD,CIFAR10,1.0,49,8,2,0.2265722950299581,4,0.0074634750078567446,5.114796983603455,0.004379107006509808,0.4665084328578843,9362,1168
FedHAD,CIFAR10,1.0,49,8,4,0.31873313585917157,4,0.006765443477437534,4.538747095804515,0.004933420756309256,0.3371819933303499,7384,920
FedHAD,CIFAR10,1.0,49,9,2,0.2265722950299581,4,0.0074634750078567446,5.080001974378014,0.004349316758885286,0.445568120489465,9362,1168
FedHAD,CIFAR10,1.0,49,9,0,0.21312912305196127,4,0.007577515992431344,5.076734884445191,0.004789372532495463,0.417100622684137,8483,1060
FedHAD,CIFAR10,1.0,49,9,1,0.28165485461552936,4,0.007029964539508577,5.620973693215369,0.0037573353564273855,0.6119053193640999,11999,1496
FedHAD,CIFAR10,1.0,49,9,3,0.1574380894502004,5,0.00808958644781958,5.776513021396342,0.00477397770363334,0.4454723531706392,7774,1210
FedHAD,CIFAR10,1.0,49,9,4,0.31873313585917157,4,0.006765443477437534,4.583231567385556,0.0049817734428103866,0.33476876283670104,7384,920
FedHAD,CIFAR10,1.0,49,10,4,0.31873313585917157,4,0.006765443477437534,4.3975738364449475,0.0047799715613532036,0.30232585242083404,7384,920
FedHAD,CIFAR10,1.0,49,10,0,0.21312912305196127,4,0.007577515992431344,5.16321786161803,0.004870960246809462,0.4177998234519713,8483,1060
FedHAD,CIFAR10,1.0,49,10,3,0.1574380894502004,5,0.00808958644781958,5.617250243348329,0.004642355573015148,0.4278984117087207,7774,1210
FedHAD,CIFAR10,1.0,49,10,2,0.2265722950299581,4,0.0074634750078567446,5.065164786588943,0.004336613687148067,0.44056472601780206,9362,1168
FedHAD,CIFAR10,1.0,49,10,1,0.28165485461552936,4,0.007029964539508577,5.598859168967994,0.0037425529204331513,0.6146176793480622,11999,1496
FedHAD,CIFAR10,1.0,50,1,1,0.1801112691561381,4,0.007872981078786307,6.5059024700256245,0.00785737013288119,0.48318700275472487,6647,828
FedHAD,CIFAR10,1.0,50,1,0,0.2513208786646525,4,0.007262262653313602,6.779117442103264,0.005687179062167168,0.5715181166379988,9554,1192
FedHAD,CIFAR10,1.0,50,1,3,0.22560898462931314,4,0.0074715326558375894,6.400444447845942,0.005387579501553823,0.5590411552984602,9512,1188
FedHAD,CIFAR10,1.0,50,1,2,0.2665809790293376,4,0.007143512975802635,6.544289184186409,0.006292585754025393,0.5135510373804575,8323,1040
FedHAD,CIFAR10,1.0,50,1,4,0.28788671890894574,4,0.006984068955605401,6.414480296851478,0.004688947585417747,0.589627495816482,10967,1368
FedHAD,CIFAR10,1.0,50,2,1,0.1801112691561381,4,0.007872981078786307,6.377769803728566,0.007702620535904065,0.6298069357038537,6647,828
FedHAD,CIFAR10,1.0,50,2,4,0.28788671890894574,4,0.006984068955605401,6.419234760796906,0.004692423070757972,0.6799838175647276,10967,1368
FedHAD,CIFAR10,1.0,50,2,2,0.2665809790293376,4,0.007143512975802635,6.356131049260324,0.006111664470442619,0.6342798029917713,8323,1040
FedHAD,CIFAR10,1.0,50,2,3,0.22560898462931314,4,0.0074715326558375894,6.643674972068537,0.005592319000057691,0.688309546684568,9512,1188
FedHAD,CIFAR10,1.0,50,2,0,0.2513208786646525,4,0.007262262653313602,6.574103236791627,0.005515187279187607,0.6684526987288255,9554,1192
FedHAD,CIFAR10,1.0,50,3,0,0.2513208786646525,4,0.007262262653313602,5.720084347456471,0.004798728479409791,0.6423857199198779,9554,1192
FedHAD,CIFAR10,1.0,50,3,2,0.2665809790293376,4,0.007143512975802635,5.665539649884019,0.005447634278734634,0.5987432220931715,8323,1040
FedHAD,CIFAR10,1.0,50,3,4,0.28788671890894574,4,0.006984068955605401,5.847484844740654,0.004274477225687612,0.6711306613511882,10967,1368
FedHAD,CIFAR10,1.0,50,3,3,0.22560898462931314,4,0.0074715326558375894,6.011432430241544,0.005060128308284128,0.6635739511905131,9512,1188
FedHAD,CIFAR10,1.0,50,3,1,0.1801112691561381,4,0.007872981078786307,5.7596638927424175,0.0069561158124908425,0.5888199925631876,6647,828
FedHAD,CIFAR10,1.0,50,4,4,0.28788671890894574,4,0.006984068955605401,5.483744435804874,0.004008585113892451,0.6304627371982932,10967,1368
FedHAD,CIFAR10,1.0,50,4,3,0.22560898462931314,4,0.0074715326558375894,5.652018278095313,0.004757591143177873,0.6174529928087384,9512,1188
FedHAD,CIFAR10,1.0,50,4,2,0.2665809790293376,4,0.007143512975802635,5.297273118748424,0.0050935318449504075,0.5401827638340324,8323,1040
FedHAD,CIFAR10,1.0,50,4,0,0.2513208786646525,4,0.007262262653313602,5.293382235213143,0.004440756908735859,0.5808337628109617,9554,1192
FedHAD,CIFAR10,1.0,50,4,1,0.1801112691561381,4,0.007872981078786307,5.29064733858247,0.006389670698771099,0.5007621664866199,6647,828
FedHAD,CIFAR10,1.0,50,5,1,0.1801112691561381,4,0.007872981078786307,5.139501731143599,0.006207127694617873,0.45421558263170075,6647,828
FedHAD,CIFAR10,1.0,50,5,3,0.22560898462931314,4,0.0074715326558375894,5.517154380665811,0.004644069343994791,0.5804437865522668,9512,1188
FedHAD,CIFAR10,1.0,50,5,4,0.28788671890894574,4,0.006984068955605401,5.379457351048709,0.0039323518648016875,0.611082275042353,10967,1368
FedHAD,CIFAR10,1.0,50,5,2,0.2665809790293376,4,0.007143512975802635,5.135218458607095,0.004937710056352976,0.49178465786923237,8323,1040
FedHAD,CIFAR10,1.0,50,5,0,0.2513208786646525,4,0.007262262653313602,5.108637228684308,0.004285769487151265,0.537571370064941,9554,1192
FedHAD,CIFAR10,1.0,50,6,3,0.22560898462931314,4,0.0074715326558375894,5.399319448474129,0.004544881690634789,0.5503703099573973,9512,1188
FedHAD,CIFAR10,1.0,50,6,4,0.28788671890894574,4,0.006984068955605401,5.33961249854458,0.0039032255106320026,0.5891383899822539,10967,1368
FedHAD,CIFAR10,1.0,50,6,1,0.1801112691561381,4,0.007872981078786307,5.045840925754865,0.00609401077989718,0.4174848983830872,6647,828
FedHAD,CIFAR10,1.0,50,6,2,0.2665809790293376,4,0.007143512975802635,5.1048928201143084,0.0049085507885714506,0.4676924246169377,8323,1040
FedHAD,CIFAR10,1.0,50,6,0,0.2513208786646525,4,0.007262262653313602,5.041690650479579,0.004229606250402331,0.5103910180113043,9554,1192
FedHAD,CIFAR10,1.0,50,7,3,0.22560898462931314,4,0.0074715326558375894,5.462043830411854,0.00459767999192917,0.5363734833823061,9512,1188
FedHAD,CIFAR10,1.0,50,7,1,0.1801112691561381,4,0.007872981078786307,4.992866955803583,0.006030032555318338,0.3855112261633797,6647,828
FedHAD,CIFAR10,1.0,50,7,4,0.28788671890894574,4,0.006984068955605401,5.353514084871489,0.003913387488941147,0.5772992789745627,10967,1368
FedHAD,CIFAR10,1.0,50,7,2,0.2665809790293376,4,0.007143512975802635,5.088257819379482,0.0048925555955571945,0.4449585183993286,8323,1040
FedHAD,CIFAR10,1.0,50,7,0,0.2513208786646525,4,0.007262262653313602,4.977182182123335,0.00417548840782159,0.4863394243188444,9554,1192
FedHAD,CIFAR10,1.0,50,8,4,0.28788671890894574,4,0.006984068955605401,5.342011329649769,0.003904979042141644,0.5679284676351245,10967,1368
FedHAD,CIFAR10,1.0,50,8,0,0.2513208786646525,4,0.007262262653313602,4.891160108664473,0.004103322238812477,0.46857890541154484,9554,1192
FedHAD,CIFAR10,1.0,50,8,3,0.22560898462931314,4,0.0074715326558375894,5.391076466323229,0.004537943153470732,0.517633083468996,9512,1188
FedHAD,CIFAR10,1.0,50,8,1,0.1801112691561381,4,0.007872981078786307,4.995813072837503,0.006033590667678144,0.36762977453291734,6647,828
FedHAD,CIFAR10,1.0,50,8,2,0.2665809790293376,4,0.007143512975802635,4.963290805437737,0.004772395005228593,0.42341485381799127,8323,1040
FedHAD,CIFAR10,1.0,50,9,3,0.22560898462931314,4,0.0074715326558375894,5.284466951697632,0.004448204504795986,0.504563728567437,9512,1188
FedHAD,CIFAR10,1.0,50,9,0,0.2513208786646525,4,0.007262262653313602,4.705493134212556,0.003947561354205165,0.4443642137767506,9554,1192
FedHAD,CIFAR10,1.0,50,9,2,0.2665809790293376,4,0.007143512975802635,4.997203373690053,0.004805003243932743,0.41831074232917875,8323,1040
FedHAD,CIFAR10,1.0,50,9,1,0.1801112691561381,4,0.007872981078786307,4.831953283959119,0.0058356923719313026,0.3478048140683271,6647,828
FedHAD,CIFAR10,1.0,50,9,4,0.28788671890894574,4,0.006984068955605401,5.301945792464803,0.003875691368760821,0.5627617528028318,10967,1368
FedHAD,CIFAR10,1.0,50,10,2,0.2665809790293376,4,0.007143512975802635,4.8726945852040915,0.004685283255003934,0.3929490024612511,8323,1040
FedHAD,CIFAR10,1.0,50,10,0,0.2513208786646525,4,0.007262262653313602,4.69808713349388,0.003941348266353927,0.44114860666663885,9554,1192
FedHAD,CIFAR10,1.0,50,10,4,0.28788671890894574,4,0.006984068955605401,5.321468442148847,0.003889962311512315,0.556540886895503,10967,1368
FedHAD,CIFAR10,1.0,50,10,1,0.1801112691561381,4,0.007872981078786307,4.975370979350023,0.006008902148973458,0.34154153428595846,6647,828
FedHAD,CIFAR10,1.0,50,10,3,0.22560898462931314,4,0.0074715326558375894,5.395855877938604,0.004541966227221047,0.506145925823597,9512,1188
FedHAD,CIFAR10,1.0,51,1,0,0.23744279146194458,4,0.007373738441433627,7.265522841682674,0.004792561241215484,0.6881058961681444,12157,1516
FedHAD,CIFAR10,1.0,51,1,2,0.194806178410848,4,0.007738684631512448,6.575144249382092,0.00463038327421274,0.6324959910079637,11388,1420
FedHAD,CIFAR10,1.0,51,1,3,0.22216339906056723,4,0.0075004963532731665,5.874813262412226,0.005805151445071369,0.5163095210607221,8096,1012
FedHAD,CIFAR10,1.0,51,1,4,0.248135507106781,4,0.007287550093117376,5.880362181164766,0.0077373186594273235,0.4277764292980176,6080,760
FedHAD,CIFAR10,1.0,51,1,1,0.24692352612813315,4,0.007297217854618605,5.615363247663043,0.006184320757338153,0.4613424183341912,7281,908
FedHAD,CIFAR10,1.0,51,2,1,0.24692352612813315,4,0.007297217854618605,5.7607675084430205,0.006344457608417424,0.582151398271554,7281,908
FedHAD,CIFAR10,1.0,51,2,4,0.248135507106781,4,0.007287550093117376,5.71924783579635,0.007525326099732039,0.5755531089449114,6080,760
FedHAD,CIFAR10,1.0,51,2,0,0.23744279146194458,4,0.007373738441433627,6.67401255374293,0.0044023829510177635,0.7389326113894967,12157,1516
FedHAD,CIFAR10,1.0,51,2,3,0.22216339906056723,4,0.0075004963532731665,6.237796334726098,0.006163830370282705,0.6495771605373063,8096,1012
FedHAD,CIFAR10,1.0,51,2,2,0.194806178410848,4,0.007738684631512448,6.801376111571238,0.004789701487021999,0.7428174788182332,11388,1420
FedHAD,CIFAR10,1.0,51,3,4,0.248135507106781,4,0.007287550093117376,5.253196289891929,0.0069121003814367485,0.5181029375053309,6080,760
FedHAD,CIFAR10,1.0,51,3,2,0.194806178410848,4,0.007738684631512448,6.170077740531425,0.004345125169388327,0.7143989276291008,11388,1420
FedHAD,CIFAR10,1.0,51,3,1,0.24692352612813315,4,0.007297217854618605,5.272817114481507,0.005807067306697695,0.5428368724413738,7281,908
FedHAD,CIFAR10,1.0,51,3,0,0.23744279146194458,4,0.007373738441433627,5.779522571300079,0.003812349981068654,0.6930798517976441,12157,1516
FedHAD,CIFAR10,1.0,51,3,3,0.22216339906056723,4,0.0075004963532731665,5.657604883719559,0.005590518659801935,0.5985967857030875,8096,1012
FedHAD,CIFAR10,1.0,51,4,0,0.23744279146194458,4,0.007373738441433627,5.343571069245748,0.0035247830272069577,0.651035206918895,12157,1516
FedHAD,CIFAR10,1.0,51,4,1,0.24692352612813315,4,0.007297217854618605,4.991907984716882,0.005497696018410663,0.4678723109434571,7281,908
FedHAD,CIFAR10,1.0,51,4,2,0.194806178410848,4,0.007738684631512448,5.858779759314755,0.004125901238954053,0.6885556655173498,11388,1420
FedHAD,CIFAR10,1.0,51,4,3,0.22216339906056723,4,0.0075004963532731665,5.471440830236761,0.005406562085214191,0.5420337569117111,8096,1012
FedHAD,CIFAR10,1.0,51,4,4,0.248135507106781,4,0.007287550093117376,4.980626364267457,0.0065534557424571805,0.44737922510559613,6080,760
FedHAD,CIFAR10,1.0,51,5,1,0.24692352612813315,4,0.007297217854618605,4.979980548792737,0.005484560075762926,0.43962189328246154,7281,908
FedHAD,CIFAR10,1.0,51,5,0,0.23744279146194458,4,0.007373738441433627,5.141702201843699,0.003391624143696371,0.6152992452900947,12157,1516
FedHAD,CIFAR10,1.0,51,5,4,0.248135507106781,4,0.007287550093117376,4.870908512773981,0.006409090148386817,0.4033631918043322,6080,760
FedHAD,CIFAR10,1.0,51,5,2,0.194806178410848,4,0.007738684631512448,5.7382670881937035,0.0040410331606997914,0.661109098337694,11388,1420
FedHAD,CIFAR10,1.0,51,5,3,0.22216339906056723,4,0.0075004963532731665,5.36034722246223,0.005296785792946868,0.5115310814909146,8096,1012
FedHAD,CIFAR10,1.0,51,6,4,0.248135507106781,4,0.007287550093117376,4.82771495549106,0.006352256520382973,0.36673033078316575,6080,760
FedHAD,CIFAR10,1.0,51,6,1,0.24692352612813315,4,0.007297217854618605,4.9168709924790095,0.005415056159117852,0.411423959954056,7281,908
FedHAD,CIFAR10,1.0,51,6,2,0.194806178410848,4,0.007738684631512448,5.705126839656668,0.004017694957504696,0.6439850650160024,11388,1420
FedHAD,CIFAR10,1.0,51,6,0,0.23744279146194458,4,0.007373738441433627,5.087229359467232,0.0033556921896221847,0.5945555497703772,12157,1516
FedHAD,CIFAR10,1.0,51,6,3,0.22216339906056723,4,0.0075004963532731665,5.317174197336286,0.005254124700925183,0.48499016303101644,8096,1012
FedHAD,CIFAR10,1.0,51,7,4,0.248135507106781,4,0.007287550093117376,4.790606310337404,0.006303429355707111,0.33154261627244086,6080,760
FedHAD,CIFAR10,1.0,51,7,3,0.22216339906056723,4,0.0075004963532731665,5.321107038838421,0.005258010907943104,0.4544904998298205,8096,1012
FedHAD,CIFAR10,1.0,51,7,1,0.24692352612813315,4,0.007297217854618605,4.9579304568056255,0.005460275833486372,0.3786864644464769,7281,908
FedHAD,CIFAR10,1.0,51,7,0,0.23744279146194458,4,0.007373738441433627,5.062313290671012,0.003339256788041565,0.5780971679821421,12157,1516
FedHAD,CIFAR10,1.0,51,7,2,0.194806178410848,4,0.007738684631512448,5.720292579259444,0.004028375055816509,0.6301865288770718,11388,1420
FedHAD,CIFAR10,1.0,51,8,3,0.22216339906056723,4,0.0075004963532731665,5.3202540469688255,0.005257168030601606,0.4360858506418882,8096,1012
FedHAD,CIFAR10,1.0,51,8,2,0.194806178410848,4,0.007738684631512448,5.697253373263991,0.004012150262861966,0.6211548683475802,11388,1420
FedHAD,CIFAR10,1.0,51,8,1,0.24692352612813315,4,0.007297217854618605,5.014110515787964,0.00552214814514093,0.3763354634176431,7281,908
FedHAD,CIFAR10,1.0,51,8,0,0.23744279146194458,4,0.007373738441433627,4.93943359862933,0.0032582015822093208,0.5532488080615453,12157,1516
FedHAD,CIFAR10,1.0,51,8,4,0.248135507106781,4,0.007287550093117376,4.7206220405994035,0.006211344790262373,0.3147671194932767,6080,760
FedHAD,CIFAR10,1.0,51,9,2,0.194806178410848,4,0.007738684631512448,5.7663998909122895,0.004060844993600204,0.6153173396664683,11388,1420
FedHAD,CIFAR10,1.0,51,9,3,0.22216339906056723,4,0.0075004963532731665,5.385053439602601,0.005321199050990712,0.4304550969479393,8096,1012
FedHAD,CIFAR10,1.0,51,9,0,0.23744279146194458,4,0.007373738441433627,4.871753692430226,0.0032135578446109672,0.5407418438447629,12157,1516
FedHAD,CIFAR10,1.0,51,9,1,0.24692352612813315,4,0.007297217854618605,4.980284386842883,0.005484894699166171,0.35779257965413325,7281,908
FedHAD,CIFAR10,1.0,51,9,4,0.248135507106781,4,0.007287550093117376,4.761553270583312,0.006265201671820148,0.30307858230319457,6080,760
FedHAD,CIFAR10,1.0,51,10,2,0.194806178410848,4,0.007738684631512448,5.788187478769655,0.004076188365330743,0.6130142606332107,11388,1420
FedHAD,CIFAR10,1.0,51,10,1,0.24692352612813315,4,0.007297217854618605,5.053773681405882,0.005565830045601191,0.35613415533785436,7281,908
FedHAD,CIFAR10,1.0,51,10,3,0.22216339906056723,4,0.0075004963532731665,5.30172283995979,0.005238856561225089,0.41064115881461843,8096,1012
FedHAD,CIFAR10,1.0,51,10,0,0.23744279146194458,4,0.007373738441433627,4.758843427234413,0.0031390787778591113,0.5268715765790037,12157,1516
FedHAD,CIFAR10,1.0,51,10,4,0.248135507106781,4,0.007287550093117376,4.765498055581103,0.006270392178396189,0.2935773697448262,6080,760
FedHAD,CIFAR10,0.1,42,1,2,0.6061197916666666,3,0.0052378516624040925,3.8596638826171765,0.005360644281412745,0.3234796387023426,7680,720
FedHAD,CIFAR10,0.1,42,1,4,0.5125571886698405,3,0.00565343606008059,4.605036567066453,0.005274955976021137,0.4281437639340057,9333,873
FedHAD,CIFAR10,0.1,42,1,0,0.4210306803385417,4,0.006129155950432546,5.586655074105866,0.004849526974050231,0.487052002447922,9233,1152
FedHAD,CIFAR10,0.1,42,1,1,0.3789838949839274,4,0.006375616205994393,6.474270115335029,0.003142849570550985,0.8266843438579667,16505,2060
FedHAD,CIFAR10,0.1,42,1,3,0.8152069250742594,3,0.004498809280240005,1.9438923953186464,0.009256630453898317,0.13008993895789234,2252,210
FedHAD,CIFAR10,0.1,42,2,2,0.6061197916666666,3,0.0052378516624040925,3.5392913556933463,0.0049156824384629805,0.3910336623636473,7680,720
FedHAD,CIFAR10,0.1,42,2,0,0.4210306803385417,4,0.006129155950432546,5.34362896139715,0.00463856680676836,0.5610564261483345,9233,1152
FedHAD,CIFAR10,0.1,42,2,1,0.3789838949839274,4,0.006375616205994393,5.476862114099236,0.0026586709291743864,0.7956863470006217,16505,2060
FedHAD,CIFAR10,0.1,42,2,4,0.5125571886698405,3,0.00565343606008059,4.473231306267898,0.005123976295839517,0.47806335917038717,9333,873
FedHAD,CIFAR10,0.1,42,2,3,0.8152069250742594,3,0.004498809280240005,1.7317465542393282,0.00824641216304442,0.15308326833404923,2252,210
FedHAD,CIFAR10,0.1,42,3,1,0.3789838949839274,4,0.006375616205994393,4.8337440058286205,0.00234647767273234,0.7694393214348929,16505,2060
FedHAD,CIFAR10,0.1,42,3,0,0.4210306803385417,4,0.006129155950432546,4.855847853163289,0.00421514570587091,0.5296651101008168,9233,1152
FedHAD,CIFAR10,0.1,42,3,2,0.6061197916666666,3,0.0052378516624040925,3.1873067860355344,0.004426814980604909,0.3385395478219288,7680,720
FedHAD,CIFAR10,0.1,42,3,3,0.8152069250742594,3,0.004498809280240005,1.5089696698192805,0.007185569856282288,0.10943098410014826,2252,210
FedHAD,CIFAR10,0.1,42,3,4,0.5125571886698405,3,0.00565343606008059,4.2060087360211975,0.004817879422704694,0.44451656376402565,9333,873
FedHAD,CIFAR10,0.1,42,4,2,0.6061197916666666,3,0.0052378516624040925,3.0005041716678327,0.004167366905094212,0.2952440116554819,7680,720
FedHAD,CIFAR10,0.1,42,4,4,0.5125571886698405,3,0.00565343606008059,4.0566897057962015,0.0046468381509693025,0.42165416465317046,9333,873
FedHAD,CIFAR10,0.1,42,4,3,0.8152069250742594,3,0.004498809280240005,1.5014328776028243,0.007149680369537259,0.0899563353922131,2252,210
FedHAD,CIFAR10,0.1,42,4,0,0.4210306803385417,4,0.006129155950432546,4.677960174849304,0.004060729318445576,0.5056362342239409,9233,1152
FedHAD,CIFAR10,0.1,42,4,1,0.3789838949839274,4,0.006375616205994393,4.494658264445507,0.0021818729439055857,0.747163498818025,16505,2060
FedHAD,CIFAR10,0.1,42,5,2,0.6061197916666666,3,0.0052378516624040925,2.959500964861806,0.004110418006752508,0.28609567088514615,7680,720
FedHAD,CIFAR10,0.1,42,5,3,0.8152069250742594,3,0.004498809280240005,1.5240358725763785,0.007257313678935136,0.0899344934006456,2252,210
FedHAD,CIFAR10,0.1,42,5,4,0.5125571886698405,3,0.00565343606008059,3.9953030606537037,0.004576521260771711,0.4105224243405021,9333,873
FedHAD,CIFAR10,0.1,42,5,1,0.3789838949839274,4,0.006375616205994393,4.283015887766127,0.0020791339261000616,0.7354174367972731,16505,2060
FedHAD,CIFAR10,0.1,42,5,0,0.4210306803385417,4,0.006129155950432546,4.508523704179119,0.003913649048766597,0.4879618708035666,9233,1152
FedHAD,CIFAR10,0.1,42,6,4,0.5125571886698405,3,0.00565343606008059,3.952552936319964,0.004527552046185526,0.4092604806155548,9333,873
FedHAD,CIFAR10,0.1,42,6,2,0.6061197916666666,3,0.0052378516624040925,2.9822360482669032,0.0041419945114818104,0.2769187253446275,7680,720
FedHAD,CIFAR10,0.1,42,6,0,0.4210306803385417,4,0.006129155950432546,4.391903972106309,0.0038124166424533933,0.4813482753453199,9233,1152
FedHAD,CIFAR10,0.1,42,6,1,0.3789838949839274,4,0.006375616205994393,4.060547759791921,0.001971139689219379,0.7176126332453783,16505,2060
FedHAD,CIFAR10,0.1,42,6,3,0.8152069250742594,3,0.004498809280240005,1.3747698853814645,0.0065465232637212595,0.0546743931497645,2252,210
FedHAD,CIFAR10,0.1,42,7,1,0.3789838949839274,4,0.006375616205994393,4.002115186381746,0.0019427743623212361,0.7133433189147551,16505,2060
FedHAD,CIFAR10,0.1,42,7,4,0.5125571886698405,3,0.00565343606008059,3.9170295398273396,0.004486860870363505,0.40162927780003743,9333,873
FedHAD,CIFAR10,0.1,42,7,2,0.6061197916666666,3,0.0052378516624040925,2.9435497043953216,0.004088263478326836,0.259914418067111,7680,720
FedHAD,CIFAR10,0.1,42,7,0,0.4210306803385417,4,0.006129155950432546,4.371937219048044,0.00379508439153476,0.4706304501346216,9233,1152
FedHAD,CIFAR10,0.1,42,7,3,0.8152069250742594,3,0.004498809280240005,1.4018263026220885,0.0066753633458194695,0.05575761885826907,2252,210
FedHAD,CIFAR10,0.1,42,8,1,0.3789838949839274,4,0.006375616205994393,3.8567909593200382,0.0018722286210291449,0.7033441852521646,16505,2060
FedHAD,CIFAR10,0.1,42,8,3,0.8152069250742594,3,0.004498809280240005,1.4604385590479214,0.006954469328799626,0.05576310986735424,2252,210
FedHAD,CIFAR10,0.1,42,8,4,0.5125571886698405,3,0.00565343606008059,3.8504959438541735,0.0044106482747470485,0.4034658945123468,9333,873
FedHAD,CIFAR10,0.1,42,8,0,0.4210306803385417,4,0.006129155950432546,4.334340398609606,0.0037624482626819494,0.46525439928170104,9233,1152
FedHAD,CIFAR10,0.1,42,8,2,0.6061197916666666,3,0.0052378516624040925,2.86167879272594,0.003974553878786028,0.25039669597918424,7680,720
FedHAD,CIFAR10,0.1,42,9,3,0.8152069250742594,3,0.004498809280240005,1.4685371862213394,0.006993034220101616,0.055773297920105845,2252,210
FedHAD,CIFAR10,0.1,42,9,1,0.3789838949839274,4,0.006375616205994393,3.7946991635824543,0.001842086972612842,0.6956114087537193,16505,2060
FedHAD,CIFAR10,0.1,42,9,0,0.4210306803385417,4,0.006129155950432546,4.2714943017478335,0.0037078943591561057,0.45197159455831676,9233,1152
FedHAD,CIFAR10,0.1,42,9,2,0.6061197916666666,3,0.0052378516624040925,2.892243842541327,0.004017005336862954,0.24766048349467745,7680,720
FedHAD,CIFAR10,0.1,42,9,4,0.5125571886698405,3,0.00565343606008059,3.8753130684401786,0.00443907567977111,0.4063975715228307,9333,873
FedHAD,CIFAR10,0.1,42,10,2,0.6061197916666666,3,0.0052378516624040925,2.840298805806638,0.0039448594525092195,0.24232457396709003,7680,720
FedHAD,CIFAR10,0.1,42,10,4,0.5125571886698405,3,0.00565343606008059,3.828300281836129,0.00438522369053394,0.4003076167585067,9333,873
FedHAD,CIFAR10,0.1,42,10,3,0.8152069250742594,3,0.004498809280240005,1.453602623640237,0.0069219172554297005,0.03476348742342884,2252,210
FedHAD,CIFAR10,0.1,42,10,0,0.4210306803385417,4,0.006129155950432546,4.353314726640489,0.0037789190335420914,0.46995862008070083,9233,1152
FedHAD,CIFAR10,0.1,42,10,1,0.3789838949839274,4,0.006375616205994393,3.6734625445243907,0.0017832342449147528,0.6851656438517463,16505,2060
FedHAD,CIFAR10,0.1,43,1,0,0.4843653440475464,4,0.0057919037912160356,5.856638630887537,0.0038837126199519475,0.6047300964526098,12077,1508
FedHAD,CIFAR10,0.1,43,1,1,0.6151390870412191,3,0.005200996053717162,3.251214595823177,0.007968663225056807,0.2003144496424955,4362,408
FedHAD,CIFAR10,0.1,43,1,3,0.53021772702535,3,0.005570017206174834,5.037236526245058,0.005559863715502272,0.4563279422691232,9666,906
FedHAD,CIFAR10,0.1,43,1,2,0.40859516461690265,4,0.006200040281080642,6.1337688311657415,0.003407649350647634,0.7340808217604935,14401,1800
FedHAD,CIFAR10,0.1,43,1,4,0.906083345413208,2,0.004238859714170575,1.7207364107913992,0.006145487181397854,0.10047577911901821,4496,280
FedHAD,CIFAR10,0.1,43,2,4,0.906083345413208,2,0.004238859714170575,1.6189018568667437,0.005781792345952656,0.10949672382186346,4496,280
FedHAD,CIFAR10,0.1,43,2,2,0.40859516461690265,4,0.006200040281080642,5.472592741742968,0.0030403293009683154,0.7158188411560669,14401,1800
FedHAD,CIFAR10,0.1,43,2,1,0.6151390870412191,3,0.005200996053717162,3.4368652781125255,0.008423689407138543,0.32719861115952303,4362,408
FedHAD,CIFAR10,0.1,43,2,3,0.53021772702535,3,0.005570017206174834,4.693919099560398,0.005180926158455185,0.4830366690304801,9666,906
FedHAD,CIFAR10,0.1,43,2,0,0.4843653440475464,4,0.0057919037912160356,5.653447019390199,0.0037489701720094157,0.6263691360059056,12077,1508
FedHAD,CIFAR10,0.1,43,3,4,0.906083345413208,2,0.004238859714170575,1.655726999806067,0.005913310713593097,0.12358744343405345,4496,280
FedHAD,CIFAR10,0.1,43,3,1,0.6151390870412191,3,0.005200996053717162,3.1585660529942166,0.007741583463221119,0.27628396445823195,4362,408
FedHAD,CIFAR10,0.1,43,3,3,0.53021772702535,3,0.005570017206174834,4.37201292334593,0.004825621328196391,0.458320646568242,9666,906
FedHAD,CIFAR10,0.1,43,3,0,0.4843653440475464,4,0.0057919037912160356,5.330103815132405,0.003534551601546688,0.6187179880097341,12077,1508
FedHAD,CIFAR10,0.1,43,3,2,0.40859516461690265,4,0.006200040281080642,5.00947118796279,0.0027830395488682167,0.7016504261797673,14401,1800
FedHAD,CIFAR10,0.1,43,4,0,0.4843653440475464,4,0.0057919037912160356,5.174698732070417,0.003431497832937942,0.6113070048159551,12077,1508
FedHAD,CIFAR10,0.1,43,4,4,0.906083345413208,2,0.004238859714170575,1.5900118156292036,0.005678613627247156,0.11592151479928718,4496,280
FedHAD,CIFAR10,0.1,43,4,2,0.40859516461690265,4,0.006200040281080642,4.783848047471861,0.0026576933597065896,0.6827824054141691,14401,1800
FedHAD,CIFAR10,0.1,43,4,1,0.6151390870412191,3,0.005200996053717162,3.060242070021628,0.00750059330887654,0.23099087757059147,4362,408
FedHAD,CIFAR10,0.1,43,4,3,0.53021772702535,3,0.005570017206174834,4.119795760658538,0.0045472359389167084,0.4316500652049376,9666,906
FedHAD,CIFAR10,0.1,43,5,0,0.4843653440475464,4,0.0057919037912160356,4.971444747211127,0.0032967140233495537,0.6007463815833566,12077,1508
FedHAD,CIFAR10,0.1,43,5,4,0.906083345413208,2,0.004238859714170575,1.580856261275102,0.00564591521883965,0.0941924209707579,4496,280
FedHAD,CIFAR10,0.1,43,5,1,0.6151390870412191,3,0.005200996053717162,2.982373977540339,0.0073097401410302425,0.20515346753163938,4362,408
FedHAD,CIFAR10,0.1,43,5,3,0.53021772702535,3,0.005570017206174834,4.009186350097182,0.004425150496796006,0.4021779981307298,9666,906
FedHAD,CIFAR10,0.1,43,5,2,0.40859516461690265,4,0.006200040281080642,4.597368836323224,0.002554093797957347,0.6712881801764046,14401,1800
FedHAD,CIFAR10,0.1,43,6,0,0.4843653440475464,4,0.0057919037912160356,4.927333746159386,0.0032674626963921658,0.5935180787971711,12077,1508
FedHAD,CIFAR10,0.1,43,6,2,0.40859516461690265,4,0.006200040281080642,4.50887930835576,0.0025049329490865334,0.6621125463094246,14401,1800
FedHAD,CIFAR10,0.1,43,6,1,0.6151390870412191,3,0.005200996053717162,2.9818506165234484,0.007308457393439824,0.18137795547254054,4362,408
FedHAD,CIFAR10,0.1,43,6,4,0.906083345413208,2,0.004238859714170575,1.529650132581275,0.005463036187790268,0.09117892312523257,4496,280
FedHAD,CIFAR10,0.1,43,6,3,0.53021772702535,3,0.005570017206174834,3.9279744763798248,0.004335512667085899,0.388104444621719,9666,906
FedHAD,CIFAR10,0.1,43,7,0,0.4843653440475464,4,0.0057919037912160356,4.9073226760233375,0.0032541927559836454,0.5947282031368127,12077,1508
FedHAD,CIFAR10,0.1,43,7,3,0.53021772702535,3,0.005570017206174834,3.9138627238372354,0.0043199367812773014,0.3813078804677887,9666,906
FedHAD,CIFAR10,0.1,43,7,2,0.40859516461690265,4,0.006200040281080642,4.449545514082156,0.002471969730045642,0.6503316114229878,14401,1800
FedHAD,CIFAR10,0.1,43,7,4,0.906083345413208,2,0.004238859714170575,1.5316582968042856,0.005470208202872449,0.05645340956729668,4496,280
FedHAD,CIFAR10,0.1,43,7,1,0.6151390870412191,3,0.005200996053717162,2.901013047294763,0.007110326096310694,0.1722645733025382,4362,408
FedHAD,CIFAR10,0.1,43,8,1,0.6151390870412191,3,0.005200996053717162,2.9675794467362517,0.007273479036118264,0.16165799957904126,4362,408
FedHAD,CIFAR10,0.1,43,8,2,0.40859516461690265,4,0.006200040281080642,4.468857818071915,0.0024826987878177305,0.6549278348987283,14401,1800
FedHAD,CIFAR10,0.1,43,8,0,0.4843653440475464,4,0.0057919037912160356,4.80707569893893,0.0031877159807287333,0.5789594431019335,12077,1508
FedHAD,CIFAR10,0.1,43,8,3,0.53021772702535,3,0.005570017206174834,3.898156721601718,0.0043026012379709915,0.37457118897015196,9666,906
FedHAD,CIFAR10,0.1,43,8,4,0.906083345413208,2,0.004238859714170575,1.5642081894088187,0.00558645781931721,0.06460985890098779,4496,280
FedHAD,CIFAR10,0.1,43,9,2,0.40859516461690265,4,0.006200040281080642,4.482554930897618,0.0024903082949431212,0.6576420910162327,14401,1800
FedHAD,CIFAR10,0.1,43,9,3,0.53021772702535,3,0.005570017206174834,3.806802794689362,0.004201769089061106,0.3612319315579849,9666,906
FedHAD,CIFAR10,0.1,43,9,4,0.906083345413208,2,0.004238859714170575,1.544929666814409,0.005517605952908604,0.06070508030237816,4496,280
FedHAD,CIFAR10,0.1,43,9,0,0.4843653440475464,4,0.0057919037912160356,4.767452139784353,0.003161440410997581,0.5742821992174075,12077,1508
FedHAD,CIFAR10,0.1,43,9,1,0.6151390870412191,3,0.005200996053717162,2.941047540738127,0.007208449854750311,0.15146578214593417,4362,408
FedHAD,CIFAR10,0.1,43,10,3,0.53021772702535,3,0.005570017206174834,3.854108080660654,0.004253982428985269,0.3693302733374031,9666,906
FedHAD,CIFAR10,0.1,43,10,0,0.4843653440475464,4,0.0057919037912160356,4.764612832793815,0.003159557581428259,0.5836934974959495,12077,1508
FedHAD,CIFAR10,0.1,43,10,1,0.6151390870412191,3,0.005200996053717162,2.9616141509052496,0.007258858213003063,0.14812837360525571,4362,408
FedHAD,CIFAR10,0.1,43,10,2,0.40859516461690265,4,0.006200040281080642,4.238630288631251,0.0023547946047951396,0.631582795190372,14401,1800
FedHAD,CIFAR10,0.1,43,10,4,0.906083345413208,2,0.004238859714170575,1.482163572315377,0.005293441329697775,0.062033889386236926,4496,280
FedHAD,CIFAR10,0.1,44,1,2,0.5179399251937866,3,0.005627747399410048,4.631300747011986,0.004540490928443124,0.5003586861698944,10898,1020
FedHAD,CIFAR10,0.1,44,1,3,0.6337862809499105,3,0.005126418974931074,3.0844661152353674,0.0037252006222649363,0.3131114526552133,8840,828
FedHAD,CIFAR10,0.1,44,1,0,0.4293450514475505,4,0.006082660026789899,5.6676219764904,0.004738814361614047,0.5309847405231221,9574,1196
FedHAD,CIFAR10,0.1,44,1,1,0.6713229815165201,3,0.0049825995856687825,2.1424332936012034,0.014002831984321592,0.1138214711516436,1633,153
FedHAD,CIFAR10,0.1,44,1,4,0.41526222229003906,4,0.006161834418799255,5.847360805558761,0.0033299321216166064,0.733534667702639,14058,1756
FedHAD,CIFAR10,0.1,44,2,0,0.4293450514475505,4,0.006082660026789899,5.692816333561537,0.004759879877559814,0.6167565849694941,9574,1196
FedHAD,CIFAR10,0.1,44,2,4,0.41526222229003906,4,0.006161834418799255,5.632308834121427,0.003207465167495118,0.750999821415553,14058,1756
FedHAD,CIFAR10,0.1,44,2,2,0.5179399251937866,3,0.005627747399410048,4.326183772045573,0.004241356639260365,0.5048814121738596,10898,1020
FedHAD,CIFAR10,0.1,44,2,3,0.6337862809499105,3,0.005126418974931074,2.804924371842943,0.0033875898210663563,0.3368134846573615,8840,828
FedHAD,CIFAR10,0.1,44,2,1,0.6713229815165201,3,0.0049825995856687825,1.972532576262495,0.01289236977949343,0.13285061506178975,1633,153
FedHAD,CIFAR10,0.1,44,3,3,0.6337862809499105,3,0.005126418974931074,2.7425688266943395,0.00331228119165983,0.2870205869623711,8840,828
FedHAD,CIFAR10,0.1,44,3,1,0.6713229815165201,3,0.0049825995856687825,1.953566906399447,0.012768411152937562,0.11325602292884386,1633,153
FedHAD,CIFAR10,0.1,44,3,2,0.5179399251937866,3,0.005627747399410048,3.8690647531178577,0.003793200738350841,0.4548613329902269,10898,1020
FedHAD,CIFAR10,0.1,44,3,4,0.41526222229003906,4,0.006161834418799255,5.224003398225519,0.002974944987599954,0.7430231821578601,14058,1756
FedHAD,CIFAR10,0.1,44,3,0,0.4293450514475505,4,0.006082660026789899,5.3186416552303815,0.004447024795343128,0.5886062304769706,9574,1196
FedHAD,CIFAR10,0.1,44,4,3,0.6337862809499105,3,0.005126418974931074,2.6478967242656193,0.003197942903702439,0.26015371415346783,8840,828
FedHAD,CIFAR10,0.1,44,4,1,0.6713229815165201,3,0.0049825995856687825,2.0120387581938175,0.013150580118913839,0.09529334036024155,1633,153
FedHAD,CIFAR10,0.1,44,4,2,0.5179399251937866,3,0.005627747399410048,3.622283086462377,0.0035512579279042915,0.4195950396559499,10898,1020
FedHAD,CIFAR10,0.1,44,4,0,0.4293450514475505,4,0.006082660026789899,5.06039927383303,0.004231103071766748,0.5533166040906391,9574,1196
FedHAD,CIFAR10,0.1,44,4,4,0.41526222229003906,4,0.006161834418799255,4.996570424382739,0.0028454273487373226,0.7346787259168792,14058,1756
FedHAD,CIFAR10,0.1,44,5,0,0.4293450514475505,4,0.006082660026789899,4.90267619062924,0.00409922758413816,0.5286883542002573,9574,1196
FedHAD,CIFAR10,0.1,44,5,2,0.5179399251937866,3,0.005627747399410048,3.5107452894123883,0.0034419071464827336,0.39810417582057833,10898,1020
FedHAD,CIFAR10,0.1,44,5,1,0.6713229815165201,3,0.0049825995856687825,1.9741637540384247,0.012903031072146567,0.08479894186163886,1633,153
FedHAD,CIFAR10,0.1,44,5,4,0.41526222229003906,4,0.006161834418799255,4.894861361744913,0.0027875064702419777,0.7322058564840548,14058,1756
FedHAD,CIFAR10,0.1,44,5,3,0.6337862809499105,3,0.005126418974931074,2.574211876987302,0.0031089515422551956,0.2504070572995611,8840,828
FedHAD,CIFAR10,0.1,44,6,1,0.6713229815165201,3,0.0049825995856687825,1.9504224618504686,0.012747859227780841,0.0730648054832639,1633,153
FedHAD,CIFAR10,0.1,44,6,4,0.41526222229003906,4,0.006161834418799255,4.895737388879216,0.0027880053467421507,0.7345078396081179,14058,1756
FedHAD,CIFAR10,0.1,44,6,3,0.6337862809499105,3,0.005126418974931074,2.6112440032347757,0.0031536763324091495,0.23926229971651886,8840,828
FedHAD,CIFAR10,0.1,44,6,0,0.4293450514475505,4,0.006082660026789899,4.846639180821144,0.004052373897007646,0.515165903129529,9574,1196
FedHAD,CIFAR10,0.1,44,6,2,0.5179399251937866,3,0.005627747399410048,3.3191085403510643,0.0032540279807363377,0.3695257482966564,10898,1020
FedHAD,CIFAR10,0.1,44,7,2,0.5179399251937866,3,0.005627747399410048,3.2846734093333363,0.003220268048366016,0.35898421289725035,10898,1020
FedHAD,CIFAR10,0.1,44,7,1,0.6713229815165201,3,0.0049825995856687825,1.988604937304143,0.012997417890876752,0.06683931720226602,1633,153
FedHAD,CIFAR10,0.1,44,7,4,0.41526222229003906,4,0.006161834418799255,4.890466809712954,0.002785003877968653,0.729298642876303,14058,1756
FedHAD,CIFAR10,0.1,44,7,3,0.6337862809499105,3,0.005126418974931074,2.5380586172563118,0.003065288185092164,0.22306801430121478,8840,828
FedHAD,CIFAR10,0.1,44,7,0,0.4293450514475505,4,0.006082660026789899,4.840474487903537,0.004047219471491252,0.5056754082849867,9574,1196
FedHAD,CIFAR10,0.1,44,8,4,0.41526222229003906,4,0.006161834418799255,4.849073563497663,0.002761431414292519,0.7319555982300784,14058,1756
FedHAD,CIFAR10,0.1,44,8,3,0.6337862809499105,3,0.005126418974931074,2.560219381431205,0.003092052393032856,0.22469335201915142,8840,828
FedHAD,CIFAR10,0.1,44,8,0,0.4293450514475505,4,0.006082660026789899,4.713660027590398,0.003941187314038795,0.49011486988437836,9574,1196
FedHAD,CIFAR10,0.1,44,8,1,0.6713229815165201,3,0.0049825995856687825,1.958031067350788,0.012797588675495346,0.06359217680319774,1633,153
FedHAD,CIFAR10,0.1,44,8,2,0.5179399251937866,3,0.005627747399410048,3.2310970060693065,0.0031677421628130455,0.34911725075086486,10898,1020
FedHAD,CIFAR10,0.1,44,9,4,0.41526222229003906,4,0.006161834418799255,4.806543858348863,0.002737211764435571,0.7259449194216565,14058,1756
FedHAD,CIFAR10,0.1,44,9,1,0.6713229815165201,3,0.0049825995856687825,2.001360865075815,0.013080789967815785,0.05615089356528244,1633,153
FedHAD,CIFAR10,0.1,44,9,3,0.6337862809499105,3,0.005126418974931074,2.453801946507631,0.002963528920902936,0.2129276004051556,8840,828
FedHAD,CIFAR10,0.1,44,9,0,0.4293450514475505,4,0.006082660026789899,4.731283032231838,0.003955922267752373,0.48618818547434356,9574,1196
FedHAD,CIFAR10,0.1,44,9,2,0.5179399251937866,3,0.005627747399410048,3.2389263573408114,0.0031754179973929523,0.34948128303498593,10898,1020
FedHAD,CIFAR10,0.1,44,10,1,0.6713229815165201,3,0.0049825995856687825,2.011997911247994,0.013150313145411725,0.0633412552120478,1633,153
FedHAD,CIFAR10,0.1,44,10,4,0.41526222229003906,4,0.006161834418799255,4.840487402952987,0.0027565418012260746,0.7383900285164455,14058,1756
FedHAD,CIFAR10,0.1,44,10,2,0.5179399251937866,3,0.005627747399410048,3.039695110895819,0.002980093245976293,0.32279765142324174,10898,1020
FedHAD,CIFAR10,0.1,44,10,3,0.6337862809499105,3,0.005126418974931074,2.461667226844012,0.002973028051743976,0.21217909184520808,8840,828
FedHAD,CIFAR10,0.1,44,10,0,0.4293450514475505,4,0.006082660026789899,4.639805809494359,0.003879436295563845,0.472083999404925,9574,1196
FedHAD,CIFAR10,0.1,45,1,2,0.6406408150990804,3,0.005099539901402667,3.354878300501256,0.006539723782653521,0.2061016458135656,5477,513
FedHAD,CIFAR10,0.1,45,1,0,0.7482235431671143,3,0.004711790795025613,1.4496855624174718,0.028425207106224936,0.08123647703299819,550,51
FedHAD,CIFAR10,0.1,45,1,1,0.6388693650563558,3,0.00510645934288625,3.40974253936257,0.00456458171266743,0.2741717168761879,7986,747
FedHAD,CIFAR10,0.1,45,1,4,0.4281807740529378,4,0.006089128419832541,5.846421708038464,0.003233640325242513,0.6576764896865612,14480,1808
FedHAD,CIFAR10,0.1,45,1,3,0.38468722502390545,4,0.006341030094012111,6.043472320780632,0.0029337244275634135,0.7573102416255472,16509,2060
FedHAD,CIFAR10,0.1,45,2,0,0.7482235431671143,3,0.004711790795025613,1.3018273520881163,0.025526026511531692,0.05576324224135431,550,51
FedHAD,CIFAR10,0.1,45,2,2,0.6406408150990804,3,0.005099539901402667,3.3460308925498174,0.006522477373391457,0.27779351717172945,5477,513
FedHAD,CIFAR10,0.1,45,2,3,0.38468722502390545,4,0.006341030094012111,5.7292830425078245,0.0027812053604406913,0.7488309213891584,16509,2060
FedHAD,CIFAR10,0.1,45,2,1,0.6388693650563558,3,0.00510645934288625,3.2257021582597036,0.004318209047201745,0.3300667007299145,7986,747
FedHAD,CIFAR10,0.1,45,2,4,0.4281807740529378,4,0.006089128419832541,5.630703621125798,0.0031143272240740033,0.656512685683382,14480,1808
FedHAD,CIFAR10,0.1,45,3,0,0.7482235431671143,3,0.004711790795025613,1.1782549791947352,0.023103038807739906,0.059978068516763725,550,51
FedHAD,CIFAR10,0.1,45,3,2,0.6406408150990804,3,0.005099539901402667,3.2543780422180726,0.0063438168464289915,0.2536653446187158,5477,513
FedHAD,CIFAR10,0.1,45,3,1,0.6388693650563558,3,0.00510645934288625,2.9153697602454516,0.003902770763380792,0.27604234841655145,7986,747
FedHAD,CIFAR10,0.1,45,3,3,0.38468722502390545,4,0.006341030094012111,5.339209353406183,0.002591849200682613,0.7386758097503205,16509,2060
FedHAD,CIFAR10,0.1,45,3,4,0.4281807740529378,4,0.006089128419832541,5.213937050375549,0.0028838147402519628,0.6398651444774591,14480,1808
FedHAD,CIFAR10,0.1,45,4,2,0.6406408150990804,3,0.005099539901402667,3.32566450838037,0.006482776819454912,0.23474643970236564,5477,513
FedHAD,CIFAR10,0.1,45,4,0,0.7482235431671143,3,0.004711790795025613,1.2268747122692356,0.024056366907239914,0.0570568343360542,550,51
FedHAD,CIFAR10,0.1,45,4,3,0.38468722502390545,4,0.006341030094012111,5.14674642200065,0.0024984205932041988,0.7338990504832773,16509,2060
FedHAD,CIFAR10,0.1,45,4,1,0.6388693650563558,3,0.00510645934288625,2.7474015643836167,0.0036779137408080543,0.24040959730685957,7986,747
FedHAD,CIFAR10,0.1,45,4,4,0.4281807740529378,4,0.006089128419832541,4.905530141920727,0.002713235697965004,0.6185261271530653,14480,1808
FedHAD,CIFAR10,0.1,45,5,0,0.7482235431671143,3,0.004711790795025613,1.1912060452691797,0.023356981279787838,0.04334000834884343,550,51
FedHAD,CIFAR10,0.1,45,5,3,0.38468722502390545,4,0.006341030094012111,5.085098860203115,0.0024684945923316094,0.7317299361444671,16509,2060
FedHAD,CIFAR10,0.1,45,5,2,0.6406408150990804,3,0.005099539901402667,3.332414638999444,0.006495934968809833,0.21112698793803011,5477,513
FedHAD,CIFAR10,0.1,45,5,4,0.4281807740529378,4,0.006089128419832541,4.774016223823508,0.002640495699017427,0.5987572631485775,14480,1808
FedHAD,CIFAR10,0.1,45,5,1,0.6388693650563558,3,0.00510645934288625,2.6592879159694904,0.0035599570494906163,0.21253309155321157,7986,747
FedHAD,CIFAR10,0.1,45,6,1,0.6388693650563558,3,0.00510645934288625,2.5763059636181196,0.0034488700985516995,0.20318321143693133,7986,747
FedHAD,CIFAR10,0.1,45,6,4,0.4281807740529378,4,0.006089128419832541,4.642629252209899,0.0025678259138329084,0.5876397000726203,14480,1808
FedHAD,CIFAR10,0.1,45,6,0,0.7482235431671143,3,0.004711790795025613,1.2141178091907379,0.023806231552759564,0.023166683967629692,550,51
FedHAD,CIFAR10,0.1,45,6,2,0.6406408150990804,3,0.005099539901402667,3.3355197732575537,0.006501987862100494,0.20574503983071693,5477,513
FedHAD,CIFAR10,0.1,45,6,3,0.38468722502390545,4,0.006341030094012111,4.988103279409108,0.00242140935893646,0.7319378750941048,16509,2060
FedHAD,CIFAR10,0.1,45,7,2,0.6406408150990804,3,0.005099539901402667,3.337461212377871,0.0065057723438165125,0.19509053656476583,5477,513
FedHAD,CIFAR10,0.1,45,7,4,0.4281807740529378,4,0.006089128419832541,4.5282041288994845,0.002504537681913432,0.5678716731633654,14480,1808
FedHAD,CIFAR10,0.1,45,7,1,0.6388693650563558,3,0.00510645934288625,2.493120204335363,0.0033375103137019586,0.18251660851052212,7986,747
FedHAD,CIFAR10,0.1,45,7,3,0.38468722502390545,4,0.006341030094012111,5.008297996735649,0.002431212619774587,0.7366656278220611,16509,2060
FedHAD,CIFAR10,0.1,45,7,0,0.7482235431671143,3,0.004711790795025613,1.262238625248295,0.024749776965652847,0.03563931077613759,550,51
FedHAD,CIFAR10,0.1,45,8,1,0.6388693650563558,3,0.00510645934288625,2.559512017253905,0.0034263882426424433,0.1912830138139458,7986,747
FedHAD,CIFAR10,0.1,45,8,0,0.7482235431671143,3,0.004711790795025613,1.2571436177977502,0.024649874858779414,0.033143911408005,550,51
FedHAD,CIFAR10,0.1,45,8,3,0.38468722502390545,4,0.006341030094012111,4.991589467643027,0.002423101683321858,0.739643952202981,16509,2060
FedHAD,CIFAR10,0.1,45,8,2,0.6406408150990804,3,0.005099539901402667,3.421849403600521,0.006670271741911347,0.188751619475514,5477,513
FedHAD,CIFAR10,0.1,45,8,4,0.4281807740529378,4,0.006089128419832541,4.432206740793155,0.0024514417814121433,0.5558486877485214,14480,1808
FedHAD,CIFAR10,0.1,45,9,3,0.38468722502390545,4,0.006341030094012111,4.926818011731371,0.0023916592289958114,0.7422086284018177,16509,2060
FedHAD,CIFAR10,0.1,45,9,2,0.6406408150990804,3,0.005099539901402667,3.427850968424593,0.006681970698683416,0.1863758426413362,5477,513
FedHAD,CIFAR10,0.1,45,9,4,0.4281807740529378,4,0.006089128419832541,4.338104997134166,0.0023993943568219943,0.5492216586311279,14480,1808
FedHAD,CIFAR10,0.1,45,9,1,0.6388693650563558,3,0.00510645934288625,2.3933486685034997,0.003203947347394243,0.16978631292042784,7986,747
FedHAD,CIFAR10,0.1,45,9,0,0.7482235431671143,3,0.004711790795025613,1.2823818633019275,0.025144742417684853,0.019855350191887614,550,51
FedHAD,CIFAR10,0.1,45,10,4,0.4281807740529378,4,0.006089128419832541,4.2655559586131835,0.0023592676762241058,0.5412099140469472,14480,1808
FedHAD,CIFAR10,0.1,45,10,0,0.7482235431671143,3,0.004711790795025613,1.3612033105593726,0.026690260991360248,0.019507327508578455,550,51
FedHAD,CIFAR10,0.1,45,10,2,0.6406408150990804,3,0.005099539901402667,3.4556065554164044,0.006736075156757123,0.18209907076849893,5477,513
FedHAD,CIFAR10,0.1,45,10,3,0.38468722502390545,4,0.006341030094012111,4.906982614512464,0.0023820303953944,0.7455582048733642,16509,2060
FedHAD,CIFAR10,0.1,45,10,1,0.6388693650563558,3,0.00510645934288625,2.3902690710995182,0.0031998247270408546,0.1614334021095023,7986,747
FedHAD,CIFAR10,0.1,46,1,4,0.5920425653457642,3,0.005296431055811012,3.8015109938997487,0.005324245089495447,0.312239270907455,7616,714
FedHAD,CIFAR10,0.1,46,1,2,0.37105921904246014,4,0.006424304104268364,6.433749974749491,0.003081297880627151,0.8534989289812892,16711,2088
FedHAD,CIFAR10,0.1,46,1,1,0.7370179494222006,3,0.00474940495197719,2.8781240264728187,0.007054225555080438,0.20580378065724136,4383,408
FedHAD,CIFAR10,0.1,46,1,3,0.5223642985026041,3,0.005606806602986658,4.995693304151368,0.0045622769900925736,0.5045411790324525,11691,1095
FedHAD,CIFAR10,0.1,46,1,0,0.8199063936869303,3,0.004484587299786618,2.5673414347691517,0.005984478868925762,0.14839945369387672,4602,429
FedHAD,CIFAR10,0.1,46,2,3,0.5223642985026041,3,0.005606806602986658,4.910135289081353,0.004484141816512651,0.550783773580973,11691,1095
FedHAD,CIFAR10,0.1,46,2,0,0.8199063936869303,3,0.004484587299786618,2.560623504866413,0.005968819358662968,0.18249496692332348,4602,429
FedHAD,CIFAR10,0.1,46,2,4,0.5920425653457642,3,0.005296431055811012,3.6032551012761256,0.005046575772095414,0.36174774754100997,7616,714
FedHAD,CIFAR10,0.1,46,2,2,0.37105921904246014,4,0.006424304104268364,5.768877706669232,0.0027628724648799006,0.8470460849538048,16711,2088
FedHAD,CIFAR10,0.1,46,2,1,0.7370179494222006,3,0.00474940495197719,2.6264885012992387,0.006437471816909898,0.27851765457085326,4383,408
FedHAD,CIFAR10,0.1,46,3,0,0.8199063936869303,3,0.004484587299786618,2.475365133585912,0.005770081896470658,0.1675031974712809,4602,429
FedHAD,CIFAR10,0.1,46,3,4,0.5920425653457642,3,0.005296431055811012,3.388236505010698,0.004745429278726468,0.32810965076411924,7616,714
FedHAD,CIFAR10,0.1,46,3,3,0.5223642985026041,3,0.005606806602986658,4.618228017518915,0.004217559833350607,0.5318452442431242,11691,1095
FedHAD,CIFAR10,0.1,46,3,2,0.37105921904246014,4,0.006424304104268364,5.162517259549013,0.0024724699518912895,0.8262461537914826,16711,2088
FedHAD,CIFAR10,0.1,46,3,1,0.7370179494222006,3,0.00474940495197719,2.2223000680130345,0.00544681389218881,0.20101485264429456,4383,408
FedHAD,CIFAR10,0.1,46,4,0,0.8199063936869303,3,0.004484587299786618,2.384069872228311,0.005557272429436623,0.14967271610712407,4602,429
FedHAD,CIFAR10,0.1,46,4,1,0.7370179494222006,3,0.00474940495197719,2.02002489572253,0.004951041411084633,0.1479898419238734,4383,408
FedHAD,CIFAR10,0.1,46,4,4,0.5920425653457642,3,0.005296431055811012,3.3488720432465886,0.004690296979336959,0.3083919387156632,7616,714
FedHAD,CIFAR10,0.1,46,4,3,0.5223642985026041,3,0.005606806602986658,4.367844573743313,0.003988899154103482,0.5002852668825613,11691,1095
FedHAD,CIFAR10,0.1,46,4,2,0.37105921904246014,4,0.006424304104268364,4.903836106158705,0.002348580510612407,0.812804790945176,16711,2088
FedHAD,CIFAR10,0.1,46,5,4,0.5920425653457642,3,0.005296431055811012,3.3298278976504396,0.004663624506513221,0.29090308165915246,7616,714
FedHAD,CIFAR10,0.1,46,5,3,0.5223642985026041,3,0.005606806602986658,4.242849498559708,0.003874748400511149,0.484871800507753,11691,1095
FedHAD,CIFAR10,0.1,46,5,2,0.37105921904246014,4,0.006424304104268364,4.724189563067651,0.0022625428941894883,0.8051632549181784,16711,2088
FedHAD,CIFAR10,0.1,46,5,0,0.8199063936869303,3,0.004484587299786618,2.2875852294547965,0.0053323665022256325,0.13425321814319588,4602,429
FedHAD,CIFAR10,0.1,46,5,1,0.7370179494222006,3,0.00474940495197719,1.9820612832743534,0.004857993341358709,0.12346176890171043,4383,408
FedHAD,CIFAR10,0.1,46,6,4,0.5920425653457642,3,0.005296431055811012,3.214578781738237,0.004502211178905094,0.26825604055689045,7616,714
FedHAD,CIFAR10,0.1,46,6,2,0.37105921904246014,4,0.006424304104268364,4.777706530630713,0.0022881736257809927,0.8136025524210881,16711,2088
FedHAD,CIFAR10,0.1,46,6,0,0.8199063936869303,3,0.004484587299786618,2.233385107552139,0.005206025891729927,0.11721850492790546,4602,429
FedHAD,CIFAR10,0.1,46,6,1,0.7370179494222006,3,0.00474940495197719,1.9202609781885953,0.004706522005364204,0.10863331712045193,4383,408
FedHAD,CIFAR10,0.1,46,6,3,0.5223642985026041,3,0.005606806602986658,4.148052711448751,0.0037881759921906404,0.46479565653084187,11691,1095
FedHAD,CIFAR10,0.1,46,7,1,0.7370179494222006,3,0.00474940495197719,1.8755128702299684,0.0045968452701714915,0.09780912413175119,4383,408
FedHAD,CIFAR10,0.1,46,7,4,0.5920425653457642,3,0.005296431055811012,3.2245246844350794,0.004516141014614957,0.24728193346388772,7616,714
FedHAD,CIFAR10,0.1,46,7,3,0.5223642985026041,3,0.005606806602986658,4.160335012492402,0.003799392705472513,0.4600786737233126,11691,1095
FedHAD,CIFAR10,0.1,46,7,0,0.8199063936869303,3,0.004484587299786618,2.2064455464405817,0.005143229711982708,0.11706624342718959,4602,429
FedHAD,CIFAR10,0.1,46,7,2,0.37105921904246014,4,0.006424304104268364,4.768116001060566,0.0022835804602780486,0.8102593888852404,16711,2088
FedHAD,CIFAR10,0.1,46,8,3,0.5223642985026041,3,0.005606806602986658,4.092075266907626,0.0037370550382718045,0.4579976928482124,11691,1095
FedHAD,CIFAR10,0.1,46,8,0,0.8199063936869303,3,0.004484587299786618,2.1678081452843516,0.005053165839823664,0.10398041795420923,4602,429
FedHAD,CIFAR10,0.1,46,8,4,0.5920425653457642,3,0.005296431055811012,3.2893247527318246,0.00460689741278967,0.25808093335084165,7616,714
FedHAD,CIFAR10,0.1,46,8,2,0.37105921904246014,4,0.006424304104268364,4.594664939464037,0.002200510028478945,0.7997767155335117,16711,2088
FedHAD,CIFAR10,0.1,46,8,1,0.7370179494222006,3,0.00474940495197719,1.8834709566200591,0.004616350383872694,0.09589319685178643,4383,408
FedHAD,CIFAR10,0.1,46,9,1,0.7370179494222006,3,0.00474940495197719,1.8627869318151244,0.0045656542446449126,0.08120362661332324,4383,408
FedHAD,CIFAR10,0.1,46,9,0,0.8199063936869303,3,0.004484587299786618,2.135801370222145,0.004978557972545792,0.09920194303330111,4602,429
FedHAD,CIFAR10,0.1,46,9,2,0.37105921904246014,4,0.006424304104268364,4.616871856615933,0.0022111455251992013,0.8024363124852322,16711,2088
FedHAD,CIFAR10,0.1,46,9,4,0.5920425653457642,3,0.005296431055811012,3.228975776247698,0.004522375036761481,0.2531299394266675,7616,714
FedHAD,CIFAR10,0.1,46,9,3,0.5223642985026041,3,0.005606806602986658,4.072848825627669,0.00371949664440883,0.45062453500854477,11691,1095
FedHAD,CIFAR10,0.1,46,10,2,0.37105921904246014,4,0.006424304104268364,4.651326433175074,0.0022276467591834646,0.8028862866209034,16711,2088
FedHAD,CIFAR10,0.1,46,10,3,0.5223642985026041,3,0.005606806602986658,4.0615707761565485,0.003709197055850729,0.44446757310426305,11691,1095
FedHAD,CIFAR10,0.1,46,10,0,0.8199063936869303,3,0.004484587299786618,2.2220209603780945,0.005179536038177376,0.10617042545540295,4602,429
FedHAD,CIFAR10,0.1,46,10,1,0.7370179494222006,3,0.00474940495197719,1.9028058675540438,0.00466373987145599,0.08992310372940475,4383,408
FedHAD,CIFAR10,0.1,46,10,4,0.5920425653457642,3,0.005296431055811012,3.2490724134297277,0.004550521587436593,0.24701476687822987,7616,714
FedHAD,CIFAR10,0.1,47,1,3,0.583410382270813,3,0.005333004611462223,2.314865513671868,0.017944693904433085,0.13125463149879263,1390,129
FedHAD,CIFAR10,0.1,47,1,0,0.6497961282730103,3,0.005064075257039184,3.498207394421676,0.005919132647075594,0.2443014711681677,6307,591
FedHAD,CIFAR10,0.1,47,1,2,0.41136876742045086,4,0.006184088626281578,6.202209458656666,0.003955490726184098,0.6120668918909186,12554,1568
FedHAD,CIFAR10,0.1,47,1,4,0.39731669425964355,4,0.00626576214581272,6.567802317346304,0.003800811526242074,0.6866743845088903,13841,1728
FedHAD,CIFAR10,0.1,47,1,1,0.39552489916483563,4,0.006276331766434129,6.231189727111942,0.004581757152288192,0.5566275148914932,10911,1360
FedHAD,CIFAR10,0.1,47,2,3,0.583410382270813,3,0.005333004611462223,1.9738126046209232,0.015300872904038164,0.1732827532898781,1390,129
FedHAD,CIFAR10,0.1,47,2,1,0.39552489916483563,4,0.006276331766434129,5.834989857957679,0.004290433719086529,0.5789103004905077,10911,1360
FedHAD,CIFAR10,0.1,47,2,2,0.41136876742045086,4,0.006184088626281578,5.614539894249955,0.003580701463169614,0.6144238849548848,12554,1568
FedHAD,CIFAR10,0.1,47,2,4,0.39731669425964355,4,0.00626576214581272,6.170122750477989,0.0035706728880080954,0.6867362364113104,13841,1728
FedHAD,CIFAR10,0.1,47,2,0,0.6497961282730103,3,0.005064075257039184,3.2608864503910016,0.005517574366143827,0.3044934527348578,6307,591
FedHAD,CIFAR10,0.1,47,3,4,0.39731669425964355,4,0.00626576214581272,5.658408359881565,0.0032745418749314612,0.6776734712762653,13841,1728
FedHAD,CIFAR10,0.1,47,3,1,0.39552489916483563,4,0.006276331766434129,5.3455424628875265,0.003930545928593769,0.5562939265142963,10911,1360
FedHAD,CIFAR10,0.1,47,3,0,0.6497961282730103,3,0.005064075257039184,2.9715808824125425,0.005028055638599903,0.22704717647483466,6307,591
FedHAD,CIFAR10,0.1,47,3,3,0.583410382270813,3,0.005333004611462223,1.9810872073349763,0.015357265173139352,0.1425108994010538,1390,129
FedHAD,CIFAR10,0.1,47,3,2,0.41136876742045086,4,0.006184088626281578,5.0181420016638665,0.0032003456643264453,0.5832305472895079,12554,1568
FedHAD,CIFAR10,0.1,47,4,3,0.583410382270813,3,0.005333004611462223,1.867428773220074,0.01447619204046569,0.10307884843205993,1390,129
FedHAD,CIFAR10,0.1,47,4,0,0.6497961282730103,3,0.005064075257039184,2.964966557573759,0.005016863887603654,0.20401323412490835,6307,591
FedHAD,CIFAR10,0.1,47,4,4,0.39731669425964355,4,0.00626576214581272,5.411895920204636,0.003131884213081387,0.6682656036856356,13841,1728
FedHAD,CIFAR10,0.1,47,4,1,0.39552489916483563,4,0.006276331766434129,5.056938213543528,0.0037183369217231826,0.5338774247234404,10911,1360
FedHAD,CIFAR10,0.1,47,4,2,0.41136876742045086,4,0.006184088626281578,4.748118481851005,0.0030281367868947736,0.5598223076278527,12554,1568
FedHAD,CIFAR10,0.1,47,5,3,0.583410382270813,3,0.005333004611462223,1.916629415529011,0.014857592368441945,0.07975701811377839,1390,129
FedHAD,CIFAR10,0.1,47,5,0,0.6497961282730103,3,0.005064075257039184,2.9283644028186275,0.004954931307645732,0.19056020351930866,6307,591
FedHAD,CIFAR10,0.1,47,5,4,0.39731669425964355,4,0.00626576214581272,5.251822747479133,0.003039249275161535,0.6632820690905463,13841,1728
FedHAD,CIFAR10,0.1,47,5,2,0.41136876742045086,4,0.006184088626281578,4.524625578326547,0.0028856030474021348,0.5316169404809263,12554,1568
FedHAD,CIFAR10,0.1,47,5,1,0.39552489916483563,4,0.006276331766434129,4.945095658457437,0.0036360997488657626,0.5176459292770663,10911,1360
FedHAD,CIFAR10,0.1,47,6,4,0.39731669425964355,4,0.00626576214581272,5.170798366595216,0.002992360165853713,0.6570051522695302,13841,1728
FedHAD,CIFAR10,0.1,47,6,0,0.6497961282730103,3,0.005064075257039184,2.8677937607814177,0.004852442911643684,0.1784685038202622,6307,591
FedHAD,CIFAR10,0.1,47,6,3,0.583410382270813,3,0.005333004611462223,1.8429021313565241,0.014286063033771505,0.07116205764624839,1390,129
FedHAD,CIFAR10,0.1,47,6,2,0.41136876742045086,4,0.006184088626281578,4.436838852966634,0.0028296166154123943,0.5164743783630075,12554,1568
FedHAD,CIFAR10,0.1,47,6,1,0.39552489916483563,4,0.006276331766434129,4.833511831585911,0.0035540528173425815,0.50585931461707,10911,1360
FedHAD,CIFAR10,0.1,47,7,0,0.6497961282730103,3,0.005064075257039184,2.941204411171344,0.004976657210103797,0.1865501265350351,6307,591
FedHAD,CIFAR10,0.1,47,7,2,0.41136876742045086,4,0.006184088626281578,4.349818811244264,0.0027741191398241477,0.5037269389667178,12554,1568
FedHAD,CIFAR10,0.1,47,7,4,0.39731669425964355,4,0.00626576214581272,5.109567039801361,0.002956925370255417,0.6540508794291869,13841,1728
FedHAD,CIFAR10,0.1,47,7,1,0.39552489916483563,4,0.006276331766434129,4.7519720955248115,0.0034940971290623613,0.49496506516600874,10911,1360
FedHAD,CIFAR10,0.1,47,7,3,0.583410382270813,3,0.005333004611462223,1.9638455971680528,0.015223609280372502,0.06082974278300017,1390,129
FedHAD,CIFAR10,0.1,47,8,3,0.583410382270813,3,0.005333004611462223,1.9174758188644152,0.01486415363460787,0.051969756827558666,1390,129
FedHAD,CIFAR10,0.1,47,8,2,0.41136876742045086,4,0.006184088626281578,4.2769112410325825,0.002727621964944249,0.4960138431130672,12554,1568
FedHAD,CIFAR10,0.1,47,8,0,0.6497961282730103,3,0.005064075257039184,2.9089263175083184,0.004922041146376174,0.17803493104027499,6307,591
FedHAD,CIFAR10,0.1,47,8,4,0.39731669425964355,4,0.00626576214581272,5.009774453285589,0.0028991750308365676,0.6468086244683853,13841,1728
FedHAD,CIFAR10,0.1,47,8,1,0.39552489916483563,4,0.006276331766434129,4.744930430738941,0.003488919434366868,0.49707326418049447,10911,1360
FedHAD,CIFAR10,0.1,47,9,0,0.6497961282730103,3,0.005064075257039184,2.941194631456487,0.004976640662362922,0.16537106844551253,6307,591
FedHAD,CIFAR10,0.1,47,9,3,0.583410382270813,3,0.005333004611462223,2.005716633082304,0.015548190954126387,0.052556465921154226,1390,129
FedHAD,CIFAR10,0.1,47,9,1,0.39552489916483563,4,0.006276331766434129,4.717176416545742,0.0034685120709895163,0.4847961623152396,10911,1360
FedHAD,CIFAR10,0.1,47,9,2,0.41136876742045086,4,0.006184088626281578,4.231441164882193,0.0026986231918891533,0.48994426320762224,12554,1568
FedHAD,CIFAR10,0.1,47,9,4,0.39731669425964355,4,0.00626576214581272,4.992086704843382,0.0028889390653028834,0.6435837874017304,13841,1728
FedHAD,CIFAR10,0.1,47,10,0,0.6497961282730103,3,0.005064075257039184,2.864067497868158,0.004846137898254075,0.18099485932957846,6307,591
FedHAD,CIFAR10,0.1,47,10,1,0.39552489916483563,4,0.006276331766434129,4.620437149331762,0.0033973802568615895,0.4821900811220935,10911,1360
FedHAD,CIFAR10,0.1,47,10,2,0.41136876742045086,4,0.006184088626281578,4.069788397315827,0.0025955283146146856,0.475556124702521,12554,1568
FedHAD,CIFAR10,0.1,47,10,4,0.39731669425964355,4,0.00626576214581272,4.8742011553266185,0.0028207182611843856,0.6479340496795233,13841,1728
FedHAD,CIFAR10,0.1,47,10,3,0.583410382270813,3,0.005333004611462223,1.9827162929064621,0.015369893743460946,0.05437852533493669,1390,129
FedHAD,CIFAR10,0.1,48,1,4,0.7846288681030273,3,0.0045935968980464065,2.4380581157284102,0.008126860385761367,0.12576424074254716,3222,300
FedHAD,CIFAR10,0.1,48,1,0,0.8781611919403076,2,0.0043154754295266495,2.052021566021014,0.006535100528729344,0.10457648211006858,5024,314
FedHAD,CIFAR10,0.1,48,1,1,0.5489862362543741,3,0.005484021508645779,4.102655932247922,0.004169365784804799,0.3832401902171948,10507,984
FedHAD,CIFAR10,0.1,48,1,3,0.31404151519139606,4,0.0067978087569697965,7.024034795086195,0.0032458571141803123,0.889343573160948,17316,2164
FedHAD,CIFAR10,0.1,48,1,2,0.4325987497965495,4,0.00606465605742064,5.298503700600512,0.004747763172581104,0.4653065337673378,8933,1116
FedHAD,CIFAR10,0.1,48,2,2,0.4325987497965495,4,0.00606465605742064,5.036635512934379,0.004513114258901774,0.5767575776167565,8933,1116
FedHAD,CIFAR10,0.1,48,2,1,0.5489862362543741,3,0.005484021508645779,3.7182649556095404,0.0037787245483836794,0.40728112428231233,10507,984
FedHAD,CIFAR10,0.1,48,2,0,0.8781611919403076,2,0.0043154754295266495,1.9263141598959281,0.006134758471006141,0.16721024340581195,5024,314
FedHAD,CIFAR10,0.1,48,2,4,0.7846288681030273,3,0.0045935968980464065,2.300476761713492,0.0076682558723783064,0.23372634275661106,3222,300
FedHAD,CIFAR10,0.1,48,2,3,0.31404151519139606,4,0.0067978087569697965,6.191158438999754,0.0028609789459333426,0.8933699430856497,17316,2164
FedHAD,CIFAR10,0.1,48,3,0,0.8781611919403076,2,0.0043154754295266495,1.9337952293977851,0.006158583533113966,0.12127968503084163,5024,314
FedHAD,CIFAR10,0.1,48,3,4,0.7846288681030273,3,0.0045935968980464065,2.214819750122484,0.00738273250040828,0.15687888300437333,3222,300
FedHAD,CIFAR10,0.1,48,3,2,0.4325987497965495,4,0.00606465605742064,4.569145204554192,0.004094216133113076,0.5215991388897868,8933,1116
FedHAD,CIFAR10,0.1,48,3,3,0.31404151519139606,4,0.0067978087569697965,5.523540818931644,0.0025524680309295953,0.8847313008918856,17316,2164
FedHAD,CIFAR10,0.1,48,3,1,0.5489862362543741,3,0.005484021508645779,3.2769369713344183,0.003330220499323596,0.34453349517260556,10507,984
FedHAD,CIFAR10,0.1,48,4,2,0.4325987497965495,4,0.00606465605742064,4.281490714146166,0.003836461213392622,0.48147869002934596,8933,1116
FedHAD,CIFAR10,0.1,48,4,0,0.8781611919403076,2,0.0043154754295266495,1.898053420402777,0.006044756115932411,0.10439192960318112,5024,314
FedHAD,CIFAR10,0.1,48,4,1,0.5489862362543741,3,0.005484021508645779,3.0346296852835075,0.0030839732574019386,0.3014257817142979,10507,984
FedHAD,CIFAR10,0.1,48,4,3,0.31404151519139606,4,0.0067978087569697965,5.196939236786369,0.002401543085391113,0.880649830593778,17316,2164
FedHAD,CIFAR10,0.1,48,4,4,0.7846288681030273,3,0.0045935968980464065,2.1294879827521886,0.007098293275840628,0.12417250616278448,3222,300
FedHAD,CIFAR10,0.1,48,5,4,0.7846288681030273,3,0.0045935968980464065,2.1462024448078414,0.007154008149359472,0.11620456898320007,3222,300
FedHAD,CIFAR10,0.1,48,5,0,0.8781611919403076,2,0.0043154754295266495,1.8710373261035356,0.005958717599055845,0.08117531230373815,5024,314
FedHAD,CIFAR10,0.1,48,5,3,0.31404151519139606,4,0.0067978087569697965,5.04221330166488,0.0023300431153719407,0.8760544631413408,17316,2164
FedHAD,CIFAR10,0.1,48,5,1,0.5489862362543741,3,0.005484021508645779,2.9147416319786217,0.002962135804856323,0.27807687802046466,10507,984
FedHAD,CIFAR10,0.1,48,5,2,0.4325987497965495,4,0.00606465605742064,4.200089798786856,0.0037635213250778285,0.454830975307316,8933,1116
FedHAD,CIFAR10,0.1,48,6,2,0.4325987497965495,4,0.00606465605742064,3.9983865139420622,0.003582783614643425,0.42352353081352234,8933,1116
FedHAD,CIFAR10,0.1,48,6,1,0.5489862362543741,3,0.005484021508645779,2.7405049435136806,0.002785065999505773,0.24940289290654927,10507,984
FedHAD,CIFAR10,0.1,48,6,4,0.7846288681030273,3,0.0045935968980464065,2.1148582777042777,0.007049527592347593,0.10726079617230455,3222,300
FedHAD,CIFAR10,0.1,48,6,0,0.8781611919403076,2,0.0043154754295266495,1.8214341422272862,0.005800745675883077,0.06886942535012086,5024,314
FedHAD,CIFAR10,0.1,48,6,3,0.31404151519139606,4,0.0067978087569697965,4.872656301823164,0.0022516896034302973,0.8774331277372469,17316,2164
FedHAD,CIFAR10,0.1,48,7,1,0.5489862362543741,3,0.005484021508645779,2.6506883476296554,0.002693788971168349,0.24110935107190487,10507,984
FedHAD,CIFAR10,0.1,48,7,3,0.31404151519139606,4,0.0067978087569697965,4.8120388489803085,0.0022236778414881277,0.8763633523189037,17316,2164
FedHAD,CIFAR10,0.1,48,7,0,0.8781611919403076,2,0.0043154754295266495,1.9268760921740424,0.006136548064248543,0.07998112728980641,5024,314
FedHAD,CIFAR10,0.1,48,7,2,0.4325987497965495,4,0.00606465605742064,3.863296148149965,0.003461734899775954,0.39323990028988975,8933,1116
FedHAD,CIFAR10,0.1,48,7,4,0.7846288681030273,3,0.0045935968980464065,2.113132063328299,0.007043773544427662,0.1001959681781846,3222,300
FedHAD,CIFAR10,0.1,48,8,1,0.5489862362543741,3,0.005484021508645779,2.6382988534229503,0.002681198021771291,0.2399489858604309,10507,984
FedHAD,CIFAR10,0.1,48,8,0,0.8781611919403076,2,0.0043154754295266495,1.9557339164910075,0.0062284519633471576,0.08645394109778516,5024,314
FedHAD,CIFAR10,0.1,48,8,3,0.31404151519139606,4,0.0067978087569697965,4.6899399464805835,0.0021672550584475895,0.8723513648404778,17316,2164
FedHAD,CIFAR10,0.1,48,8,4,0.7846288681030273,3,0.0045935968980464065,2.14156740774905,0.007138558025830166,0.09599651534199852,3222,300
FedHAD,CIFAR10,0.1,48,8,2,0.4325987497965495,4,0.00606465605742064,3.8846806310040374,0.0034808966227634743,0.38941323065118744,8933,1116
FedHAD,CIFAR10,0.1,48,9,1,0.5489862362543741,3,0.005484021508645779,2.4499997696357347,0.002489837164263958,0.21947521227083236,10507,984
FedHAD,CIFAR10,0.1,48,9,4,0.7846288681030273,3,0.0045935968980464065,2.087973471876589,0.006959911572921964,0.09016257831022878,3222,300
FedHAD,CIFAR10,0.1,48,9,0,0.8781611919403076,2,0.0043154754295266495,1.9064728025787747,0.006071569434964251,0.07622802877706937,5024,314
FedHAD,CIFAR10,0.1,48,9,3,0.31404151519139606,4,0.0067978087569697965,4.595074004830069,0.002123416822934413,0.8727551999767944,17316,2164
FedHAD,CIFAR10,0.1,48,9,2,0.4325987497965495,4,0.00606465605742064,3.822418394858632,0.0034251060885830036,0.3813511242738405,8933,1116
FedHAD,CIFAR10,0.1,48,10,1,0.5489862362543741,3,0.005484021508645779,2.5055388668119853,0.002546279336191042,0.2334699242627568,10507,984
FedHAD,CIFAR10,0.1,48,10,3,0.31404151519139606,4,0.0067978087569697965,4.473433307743208,0.002067205779918303,0.8639695680252606,17316,2164
FedHAD,CIFAR10,0.1,48,10,2,0.4325987497965495,4,0.00606465605742064,3.8004146951170323,0.003405389511753613,0.37148615582443856,8933,1116
FedHAD,CIFAR10,0.1,48,10,4,0.7846288681030273,3,0.0045935968980464065,2.1348940254902438,0.007116313418300812,0.0911688284065003,3222,300
FedHAD,CIFAR10,0.1,48,10,0,0.8781611919403076,2,0.0043154754295266495,1.9787888675247576,0.0063018753742826675,0.08176656416887856,5024,314
FedHAD,CIFAR10,0.1,49,1,0,0.5155852635701498,3,0.005638956043261667,3.1042994539855706,0.012173723348963023,0.1878846697437291,2726,255
FedHAD,CIFAR10,0.1,49,1,1,0.4779949188232422,4,0.005824137676301393,5.348023025760854,0.003376277162727812,0.5883192847990729,12672,1584
FedHAD,CIFAR10,0.1,49,1,4,0.39460790157318115,4,0.006281754850418692,6.237136189529631,0.003584561028465305,0.7229042454770482,13951,1740
FedHAD,CIFAR10,0.1,49,1,3,0.4758329788843791,4,0.0058351586301378915,5.631485439533468,0.005312722112767423,0.4750527071509811,8503,1060
FedHAD,CIFAR10,0.1,49,1,2,0.6027893622716268,3,0.0052515932137029726,4.195611265158895,0.006271466764064118,0.3496818623262378,7151,669
FedHAD,CIFAR10,0.1,49,2,1,0.4779949188232422,4,0.005824137676301393,5.135127271409342,0.0032418732774048874,0.5970984899824465,12672,1584
FedHAD,CIFAR10,0.1,49,2,2,0.6027893622716268,3,0.0052515932137029726,3.900568002197418,0.005830445444241283,0.38780634549742526,7151,669
FedHAD,CIFAR10,0.1,49,2,3,0.4758329788843791,4,0.0058351586301378915,5.0896955195619045,0.0048015995467565135,0.4982154620695405,8503,1060
FedHAD,CIFAR10,0.1,49,2,4,0.39460790157318115,4,0.006281754850418692,5.700701332513252,0.003276265133628306,0.7227645820035247,13951,1740
FedHAD,CIFAR10,0.1,49,2,0,0.5155852635701498,3,0.005638956043261667,3.0928881521658447,0.012128973145748411,0.27724308122692265,2726,255
FedHAD,CIFAR10,0.1,49,3,3,0.4758329788843791,4,0.0058351586301378915,4.697758288709017,0.004431847442178318,0.47090903575298393,8503,1060
FedHAD,CIFAR10,0.1,49,3,0,0.5155852635701498,3,0.005638956043261667,3.0413354183101657,0.01192680556200065,0.25403115884713545,2726,255
FedHAD,CIFAR10,0.1,49,3,4,0.39460790157318115,4,0.006281754850418692,5.130972738318717,0.0029488349070797225,0.6925516350477221,13951,1740
FedHAD,CIFAR10,0.1,49,3,1,0.4779949188232422,4,0.005824137676301393,4.844329328261533,0.0030582887173368264,0.5844471466421702,12672,1584
FedHAD,CIFAR10,0.1,49,3,2,0.6027893622716268,3,0.0052515932137029726,3.7482409205946063,0.005602751749767722,0.3721444340727035,7151,669
FedHAD,CIFAR10,0.1,49,4,0,0.5155852635701498,3,0.005638956043261667,2.929440066939159,0.011488000262506506,0.21012251423917022,2726,255
FedHAD,CIFAR10,0.1,49,4,3,0.4758329788843791,4,0.0058351586301378915,4.395378296860962,0.004146583298925435,0.4378576678070791,8503,1060
FedHAD,CIFAR10,0.1,49,4,2,0.6027893622716268,3,0.0052515932137029726,3.595134764571033,0.005373893519538166,0.32980979209448424,7151,669
FedHAD,CIFAR10,0.1,49,4,1,0.4779949188232422,4,0.005824137676301393,4.668275370695775,0.0029471435421059185,0.5765164886420507,12672,1584
FedHAD,CIFAR10,0.1,49,4,4,0.39460790157318115,4,0.006281754850418692,4.84177650403491,0.002782630174732707,0.6762156971171945,13951,1740
FedHAD,CIFAR10,0.1,49,5,4,0.39460790157318115,4,0.006281754850418692,4.67378544918034,0.002686083591482954,0.6625667378226436,13951,1740
FedHAD,CIFAR10,0.1,49,5,3,0.4758329788843791,4,0.0058351586301378915,4.116926034709874,0.0038838924855753533,0.39492963640788037,8503,1060
FedHAD,CIFAR10,0.1,49,5,1,0.4779949188232422,4,0.005824137676301393,4.5869297197447665,0.0028957889644853326,0.5763415994570831,12672,1584
FedHAD,CIFAR10,0.1,49,5,2,0.6027893622716268,3,0.0052515932137029726,3.5010355624053733,0.005233237014058854,0.3011202253676682,7151,669
FedHAD,CIFAR10,0.1,49,5,0,0.5155852635701498,3,0.005638956043261667,2.9021639098933876,0.011381034940758383,0.17393902877549977,2726,255
FedHAD,CIFAR10,0.1,49,6,3,0.4758329788843791,4,0.0058351586301378915,4.000559950763951,0.003774113161098067,0.3695725574269964,8503,1060
FedHAD,CIFAR10,0.1,49,6,2,0.6027893622716268,3,0.0052515932137029726,3.4915841275787605,0.005219109308787385,0.2913417925877196,7151,669
FedHAD,CIFAR10,0.1,49,6,1,0.4779949188232422,4,0.005824137676301393,4.568955195974825,0.002884441411600268,0.5810904769374247,12672,1584
FedHAD,CIFAR10,0.1,49,6,4,0.39460790157318115,4,0.006281754850418692,4.497563694063521,0.0025848067207261613,0.6474430571761794,13951,1740
FedHAD,CIFAR10,0.1,49,6,0,0.5155852635701498,3,0.005638956043261667,2.823485822740921,0.011072493422513416,0.1441052203739112,2726,255
FedHAD,CIFAR10,0.1,49,7,3,0.4758329788843791,4,0.0058351586301378915,3.9348296679134696,0.003712103460295726,0.36181865268853614,8503,1060
FedHAD,CIFAR10,0.1,49,7,1,0.4779949188232422,4,0.005824137676301393,4.5674799671156165,0.002883510080249758,0.5871718662218544,12672,1584
FedHAD,CIFAR10,0.1,49,7,2,0.6027893622716268,3,0.0052515932137029726,3.4719626560999326,0.005189779755007373,0.2733452768339873,7151,669
FedHAD,CIFAR10,0.1,49,7,0,0.5155852635701498,3,0.005638956043261667,2.880143578964549,0.011294680701821762,0.1407691521709994,2726,255
FedHAD,CIFAR10,0.1,49,7,4,0.39460790157318115,4,0.006281754850418692,4.374390208168876,0.0025140173610165954,0.6260194644914757,13951,1740
FedHAD,CIFAR10,0.1,49,8,3,0.4758329788843791,4,0.0058351586301378915,3.8005253873775264,0.003585401308846723,0.3370751869136986,8503,1060
FedHAD,CIFAR10,0.1,49,8,2,0.6027893622716268,3,0.0052515932137029726,3.51317414298423,0.005251381379647578,0.27069906353907897,7151,669
FedHAD,CIFAR10,0.1,49,8,4,0.39460790157318115,4,0.006281754850418692,4.313511089866734,0.0024790293619923755,0.6258590131026368,13951,1740
FedHAD,CIFAR10,0.1,49,8,0,0.5155852635701498,3,0.005638956043261667,2.828629228418189,0.011092663640855644,0.1302157075511188,2726,255
FedHAD,CIFAR10,0.1,49,8,1,0.4779949188232422,4,0.005824137676301393,4.516679159756426,0.002851438863482592,0.5808526975290244,12672,1584
FedHAD,CIFAR10,0.1,49,9,0,0.5155852635701498,3,0.005638956043261667,2.826284780542743,0.011083469727618601,0.12040205228689792,2726,255
FedHAD,CIFAR10,0.1,49,9,4,0.39460790157318115,4,0.006281754850418692,4.143050825370262,0.0023810636927415296,0.6108163881783164,13951,1740
FedHAD,CIFAR10,0.1,49,9,1,0.4779949188232422,4,0.005824137676301393,4.462699402116364,0.002817360733659321,0.587676430526341,12672,1584
FedHAD,CIFAR10,0.1,49,9,2,0.6027893622716268,3,0.0052515932137029726,3.4937498298169074,0.005222346531863838,0.2664078683124383,7151,669
FedHAD,CIFAR10,0.1,49,9,3,0.4758329788843791,4,0.0058351586301378915,3.7158605826126316,0.0035055288515213508,0.3394669542733332,8503,1060
FedHAD,CIFAR10,0.1,49,10,1,0.4779949188232422,4,0.005824137676301393,4.436641831090959,0.002800910246900858,0.5850899921116794,12672,1584
FedHAD,CIFAR10,0.1,49,10,0,0.5155852635701498,3,0.005638956043261667,2.837331771482534,0.011126791260715821,0.11572101918029316,2726,255
FedHAD,CIFAR10,0.1,49,10,2,0.6027893622716268,3,0.0052515932137029726,3.496650940154439,0.005226683019662838,0.26533069477226695,7151,669
FedHAD,CIFAR10,0.1,49,10,4,0.39460790157318115,4,0.006281754850418692,4.106472306302868,0.0023600415553464756,0.6067763491520736,13951,1740
FedHAD,CIFAR10,0.1,49,10,3,0.4758329788843791,4,0.0058351586301378915,3.628402128426954,0.0034230208758744846,0.3247166334407182,8503,1060
FedHAD,CIFAR10,0.1,50,1,0,0.80733855565389,3,0.004522824319557835,2.263459540563313,0.008876311923777698,0.10643531331350925,2726,255
FedHAD,CIFAR10,0.1,50,1,3,0.7249987920125326,3,0.004790423319835689,2.6054767155959935,0.007298254105310906,0.15883003442156796,3834,357
FedHAD,CIFAR10,0.1,50,1,2,0.2607847849527995,4,0.007188157024311827,7.535996683064339,0.002880732677012362,0.9211227306469212,20953,2616
FedHAD,CIFAR10,0.1,50,1,4,0.4568888346354167,4,0.005933544590312359,5.5594142578040255,0.003554612696805643,0.5011478743420503,12514,1564
FedHAD,CIFAR10,0.1,50,1,1,0.863502581914266,2,0.00435681652395595,1.7265826651228091,0.005569621500396159,0.08575579112882746,4976,310
FedHAD,CIFAR10,0.1,50,2,3,0.7249987920125326,3,0.004790423319835689,2.230522793709221,0.0062479630075888545,0.24519913531101742,3834,357
FedHAD,CIFAR10,0.1,50,2,0,0.80733855565389,3,0.004522824319557835,2.125739439375417,0.008336233095589871,0.18920643695229436,2726,255
FedHAD,CIFAR10,0.1,50,2,1,0.863502581914266,2,0.00435681652395595,1.943886016006818,0.006270600051634897,0.1598757669841368,4976,310
FedHAD,CIFAR10,0.1,50,2,4,0.4568888346354167,4,0.005933544590312359,5.0062404500540785,0.0032009210038708943,0.5544562008884703,12514,1564
FedHAD,CIFAR10,0.1,50,2,2,0.2607847849527995,4,0.007188157024311827,6.520160678589136,0.0024924161615401895,0.9211132219641153,20953,2616
FedHAD,CIFAR10,0.1,50,3,0,0.80733855565389,3,0.004522824319557835,1.987413165904032,0.007793777121192282,0.1373863710831534,2726,255
FedHAD,CIFAR10,0.1,50,3,2,0.2607847849527995,4,0.007188157024311827,5.68475507637249,0.002173071512374805,0.9082812606210133,20953,2616
FedHAD,CIFAR10,0.1,50,3,4,0.4568888346354167,4,0.005933544590312359,4.554843471121507,0.0029123040096684827,0.5110604029248095,12514,1564
FedHAD,CIFAR10,0.1,50,3,1,0.863502581914266,2,0.00435681652395595,1.9878980200793714,0.006412574258320553,0.12257707284422752,4976,310
FedHAD,CIFAR10,0.1,50,3,3,0.7249987920125326,3,0.004790423319835689,1.9706576286797157,0.005520049380055226,0.1542014568186559,3834,357
FedHAD,CIFAR10,0.1,50,4,3,0.7249987920125326,3,0.004790423319835689,1.9230097212661696,0.005386581852286189,0.12836393329773174,3834,357
FedHAD,CIFAR10,0.1,50,4,1,0.863502581914266,2,0.00435681652395595,1.9876840786242824,0.006411884124594459,0.10905246632629022,4976,310
FedHAD,CIFAR10,0.1,50,4,2,0.2607847849527995,4,0.007188157024311827,5.449172241944015,0.0020830169120581096,0.9032495817853952,20953,2616
FedHAD,CIFAR10,0.1,50,4,0,0.80733855565389,3,0.004522824319557835,1.942497076666447,0.007617635594770381,0.11334941821325252,2726,255
FedHAD,CIFAR10,0.1,50,4,4,0.4568888346354167,4,0.005933544590312359,4.330466651591803,0.0027688405700714855,0.46367813020597154,12514,1564
FedHAD,CIFAR10,0.1,50,5,4,0.4568888346354167,4,0.005933544590312359,4.161473446602166,0.0026607886487226124,0.4428327008189636,12514,1564
FedHAD,CIFAR10,0.1,50,5,2,0.2607847849527995,4,0.007188157024311827,5.157035849884132,0.001971343979313506,0.8972824595190284,20953,2616
FedHAD,CIFAR10,0.1,50,5,0,0.80733855565389,3,0.004522824319557835,1.9246327860925398,0.0075475795533040775,0.0947305884654418,2726,255
FedHAD,CIFAR10,0.1,50,5,1,0.863502581914266,2,0.00435681652395595,2.0085772610147163,0.006479281487144246,0.09700978992489925,4976,310
FedHAD,CIFAR10,0.1,50,5,3,0.7249987920125326,3,0.004790423319835689,1.923618274674033,0.005388286483680765,0.11457939725778979,3834,357
FedHAD,CIFAR10,0.1,50,6,1,0.863502581914266,2,0.00435681652395595,1.9681119429112388,0.00634874820293948,0.0809890260932703,4976,310
FedHAD,CIFAR10,0.1,50,6,4,0.4568888346354167,4,0.005933544590312359,4.042757445936674,0.0025848832774531165,0.41573503484962837,12514,1564
FedHAD,CIFAR10,0.1,50,6,2,0.2607847849527995,4,0.007188157024311827,5.093671756335479,0.0019471222310150915,0.8981505968410124,20953,2616
FedHAD,CIFAR10,0.1,50,6,3,0.7249987920125326,3,0.004790423319835689,1.8723936931977363,0.005244800261058085,0.09217701286583897,3834,357
FedHAD,CIFAR10,0.1,50,6,0,0.80733855565389,3,0.004522824319557835,1.8666702977883343,0.007320275677601311,0.07502649765461823,2726,255
FedHAD,CIFAR10,0.1,50,7,2,0.2607847849527995,4,0.007188157024311827,4.98627769880506,0.0019060694567297632,0.8951936922095054,20953,2616
FedHAD,CIFAR10,0.1,50,7,1,0.863502581914266,2,0.00435681652395595,1.9952454995519024,0.006436275805006137,0.09992903330213022,4976,310
FedHAD,CIFAR10,0.1,50,7,0,0.80733855565389,3,0.004522824319557835,1.9468562268305318,0.007634730301296203,0.06865579516021013,2726,255
FedHAD,CIFAR10,0.1,50,7,3,0.7249987920125326,3,0.004790423319835689,1.8605420068258967,0.005211602260016517,0.09160844597396108,3834,357
FedHAD,CIFAR10,0.1,50,7,4,0.4568888346354167,4,0.005933544590312359,3.9775496613753236,0.0025431903205724578,0.40743702391224546,12514,1564
FedHAD,CIFAR10,0.1,50,8,4,0.4568888346354167,4,0.005933544590312359,3.8308987695087167,0.002449423765670535,0.3841364981062458,12514,1564
FedHAD,CIFAR10,0.1,50,8,0,0.80733855565389,3,0.004522824319557835,1.9652110907915574,0.007706710159966892,0.07847456163133408,2726,255
FedHAD,CIFAR10,0.1,50,8,2,0.2607847849527995,4,0.007188157024311827,4.927131888271247,0.00188346020193855,0.898654924344436,20953,2616
FedHAD,CIFAR10,0.1,50,8,1,0.863502581914266,2,0.00435681652395595,2.006428866968296,0.006472351183768697,0.0767536652123463,4976,310
FedHAD,CIFAR10,0.1,50,8,3,0.7249987920125326,3,0.004790423319835689,1.887295179769956,0.0052865411198037985,0.08255825048064597,3834,357
FedHAD,CIFAR10,0.1,50,9,3,0.7249987920125326,3,0.004790423319835689,1.8310445141454974,0.005128976230099433,0.07618266132864715,3834,357
FedHAD,CIFAR10,0.1,50,9,0,0.80733855565389,3,0.004522824319557835,1.98833145979277,0.007797378273697137,0.06395154540586352,2726,255
FedHAD,CIFAR10,0.1,50,9,2,0.2607847849527995,4,0.007188157024311827,4.993555957115958,0.001908851665564204,0.8999771929806958,20953,2616
FedHAD,CIFAR10,0.1,50,9,1,0.863502581914266,2,0.00435681652395595,2.1483191342299923,0.006930061723322556,0.09954097295724294,4976,310
FedHAD,CIFAR10,0.1,50,9,4,0.4568888346354167,4,0.005933544590312359,3.819719781438552,0.0024422760750885883,0.37095385430946737,12514,1564
FedHAD,CIFAR10,0.1,50,10,4,0.4568888346354167,4,0.005933544590312359,3.4702415729252927,0.0022188245351184737,0.3349538116011409,12514,1564
FedHAD,CIFAR10,0.1,50,10,1,0.863502581914266,2,0.00435681652395595,2.1159325708152728,0.006825588938113783,0.08607168941045026,4976,310
FedHAD,CIFAR10,0.1,50,10,2,0.2607847849527995,4,0.007188157024311827,4.906919068394109,0.0018757335888356687,0.9111589500653635,20953,2616
FedHAD,CIFAR10,0.1,50,10,3,0.7249987920125326,3,0.004790423319835689,1.8690162251111497,0.005235339566137674,0.07149515928790363,3834,357
FedHAD,CIFAR10,0.1,50,10,0,0.80733855565389,3,0.004522824319557835,2.0308632021445057,0.007964169420174532,0.06874365159370473,2726,255
FedHAD,CIFAR10,0.1,51,1,0,0.5471198956171671,3,0.005492453841409164,4.195383144418448,0.004630665722316169,0.40007762826870014,9686,906
FedHAD,CIFAR10,0.1,51,1,3,0.7245081265767416,3,0.004792112895550593,2.7059121503699886,0.007912023831491194,0.16647394465001447,3660,342
FedHAD,CIFAR10,0.1,51,1,1,0.39560731252034503,4,0.006275844835970524,6.040598641016077,0.0027407434850345177,0.8073107035989302,17657,2204
FedHAD,CIFAR10,0.1,51,1,4,0.45677439371744794,4,0.005934149019252754,5.4884175784187095,0.003396298006447221,0.5833372964490083,12948,1616
FedHAD,CIFAR10,0.1,51,1,2,0.8305829366048177,3,0.00445260873811556,1.6336326928529246,0.017017007217217963,0.10301028863352331,1052,96
FedHAD,CIFAR10,0.1,51,2,3,0.7245081265767416,3,0.004792112895550593,2.5482528301096443,0.007451031666987264,0.21680412578831143,3660,342
FedHAD,CIFAR10,0.1,51,2,2,0.8305829366048177,3,0.00445260873811556,1.3209309692765066,0.013759697596630276,0.12160945811453398,1052,96
FedHAD,CIFAR10,0.1,51,2,1,0.39560731252034503,4,0.006275844835970524,5.612494464880133,0.0025465038406897156,0.8102170593957109,17657,2204
FedHAD,CIFAR10,0.1,51,2,4,0.45677439371744794,4,0.005934149019252754,4.969256671183775,0.003075035068801841,0.5617771049652645,12948,1616
FedHAD,CIFAR10,0.1,51,2,0,0.5471198956171671,3,0.005492453841409164,3.9720407301805634,0.004384150916314088,0.40942363358314343,9686,906
FedHAD,CIFAR10,0.1,51,3,2,0.8305829366048177,3,0.00445260873811556,1.2575002741605092,0.01309896118917197,0.09511207810438611,1052,96
FedHAD,CIFAR10,0.1,51,3,1,0.39560731252034503,4,0.006275844835970524,5.176564846157882,0.002348713632558023,0.7955497496441586,17657,2204
FedHAD,CIFAR10,0.1,51,3,3,0.7245081265767416,3,0.004792112895550593,2.5638346415494575,0.00749659251915046,0.18812006230971062,3660,342
FedHAD,CIFAR10,0.1,51,3,0,0.5471198956171671,3,0.005492453841409164,3.7277297442166883,0.004114491991409148,0.37079503388906043,9686,906
FedHAD,CIFAR10,0.1,51,3,4,0.45677439371744794,4,0.005934149019252754,4.652501497921034,0.0028790232041590556,0.5502675893502432,12948,1616
FedHAD,CIFAR10,0.1,51,4,2,0.8305829366048177,3,0.00445260873811556,1.172766296832978,0.012216315592010188,0.07698330726838946,1052,96
FedHAD,CIFAR10,0.1,51,4,0,0.5471198956171671,3,0.005492453841409164,3.6320894769886793,0.004008928782548211,0.34788017285964884,9686,906
FedHAD,CIFAR10,0.1,51,4,3,0.7245081265767416,3,0.004792112895550593,2.4819131336371014,0.007257055946307314,0.15791122767415333,3660,342
FedHAD,CIFAR10,0.1,51,4,1,0.39560731252034503,4,0.006275844835970524,4.927107193520517,0.0022355295796372583,0.7901083694769733,17657,2204
FedHAD,CIFAR10,0.1,51,4,4,0.45677439371744794,4,0.005934149019252754,4.293519842580726,0.002656881090705895,0.5119149578574915,12948,1616
FedHAD,CIFAR10,0.1,51,5,2,0.8305829366048177,3,0.00445260873811556,1.1503343317326347,0.011982649288881611,0.05364928223268737,1052,96
FedHAD,CIFAR10,0.1,51,5,0,0.5471198956171671,3,0.005492453841409164,3.588772378548676,0.00396111741561664,0.3257507333521483,9686,906
FedHAD,CIFAR10,0.1,51,5,3,0.7245081265767416,3,0.004792112895550593,2.4656023594848446,0.007209363624224692,0.1398273134937149,3660,342
FedHAD,CIFAR10,0.1,51,5,1,0.39560731252034503,4,0.006275844835970524,4.855219851667279,0.0022029128183608344,0.7901709946262077,17657,2204
FedHAD,CIFAR10,0.1,51,5,4,0.45677439371744794,4,0.005934149019252754,4.162199683568026,0.002575618616069323,0.49406907378811127,12948,1616
FedHAD,CIFAR10,0.1,51,6,2,0.8305829366048177,3,0.00445260873811556,1.1373071037011995,0.011846948996887494,0.04912911306482926,1052,96
FedHAD,CIFAR10,0.1,51,6,0,0.5471198956171671,3,0.005492453841409164,3.5565456969481306,0.003925547126874316,0.31730150772462196,9686,906
FedHAD,CIFAR10,0.1,51,6,4,0.45677439371744794,4,0.005934149019252754,4.0627814753290314,0.0025140974476045986,0.47095825368545113,12948,1616
FedHAD,CIFAR10,0.1,51,6,3,0.7245081265767416,3,0.004792112895550593,2.5400507228969302,0.007427048897359445,0.1256625337025797,3660,342
FedHAD,CIFAR10,0.1,51,6,1,0.39560731252034503,4,0.006275844835970524,4.828601217066541,0.0021908353979430764,0.7912879954004206,17657,2204
FedHAD,CIFAR10,0.1,51,7,4,0.45677439371744794,4,0.005934149019252754,3.9008857784083033,0.0024139144668368214,0.4500144061098043,12948,1616
FedHAD,CIFAR10,0.1,51,7,1,0.39560731252034503,4,0.006275844835970524,4.794651580109047,0.0021754317514106384,0.7941552189433441,17657,2204
FedHAD,CIFAR10,0.1,51,7,2,0.8305829366048177,3,0.00445260873811556,1.2146523807194,0.012652628965827084,0.03177693560280486,1052,96
FedHAD,CIFAR10,0.1,51,7,3,0.7245081265767416,3,0.004792112895550593,2.472753899911162,0.007230274561143749,0.12187420755685145,3660,342
FedHAD,CIFAR10,0.1,51,7,0,0.5471198956171671,3,0.005492453841409164,3.584593812069192,0.003956505311334649,0.3111908945771896,9686,906
FedHAD,CIFAR10,0.1,51,8,4,0.45677439371744794,4,0.005934149019252754,3.7335579567505595,0.0023103700227416826,0.42894714767154024,12948,1616
FedHAD,CIFAR10,0.1,51,8,0,0.5471198956171671,3,0.005492453841409164,3.525229367581698,0.003890981641922404,0.3016981480397198,9686,906
FedHAD,CIFAR10,0.1,51,8,2,0.8305829366048177,3,0.00445260873811556,1.1737124125730023,0.012226170964302107,0.02656029208410356,1052,96
FedHAD,CIFAR10,0.1,51,8,1,0.39560731252034503,4,0.006275844835970524,4.762924080406086,0.0021610363341225437,0.801379212032386,17657,2204
FedHAD,CIFAR10,0.1,51,8,3,0.7245081265767416,3,0.004792112895550593,2.5619292904987607,0.007491021317247839,0.10917861761770885,3660,342
FedHAD,CIFAR10,0.1,51,9,0,0.5471198956171671,3,0.005492453841409164,3.5398756533835742,0.003907147520290921,0.3091363118202102,9686,906
FedHAD,CIFAR10,0.1,51,9,2,0.8305829366048177,3,0.00445260873811556,1.1801624189614666,0.01229335853084861,0.0313190894850802,1052,96
FedHAD,CIFAR10,0.1,51,9,4,0.45677439371744794,4,0.005934149019252754,3.6319205903589573,0.0022474756128458896,0.4123487931192947,12948,1616
FedHAD,CIFAR10,0.1,51,9,3,0.7245081265767416,3,0.004792112895550593,2.603845756280369,0.007613584082691138,0.1097489131192519,3660,342
FedHAD,CIFAR10,0.1,51,9,1,0.39560731252034503,4,0.006275844835970524,4.75860365139384,0.002159076066875608,0.8034535981967655,17657,2204
FedHAD,CIFAR10,0.1,51,10,4,0.45677439371744794,4,0.005934149019252754,3.4693497835052916,0.002146874866030502,0.39095011888069653,12948,1616
FedHAD,CIFAR10,0.1,51,10,1,0.39560731252034503,4,0.006275844835970524,4.738709544737525,0.002150049702693977,0.8119383044754604,17657,2204
FedHAD,CIFAR10,0.1,51,10,2,0.8305829366048177,3,0.00445260873811556,1.2818959529931975,0.013353082843679141,0.023921887916665652,1052,96
FedHAD,CIFAR10,0.1,51,10,0,0.5471198956171671,3,0.005492453841409164,3.53245725500426,0.0038989594426095584,0.2998682069332542,9686,906
FedHAD,CIFAR10,0.1,51,10,3,0.7245081265767416,3,0.004792112895550593,2.5865150635684273,0.007562909542597741,0.10862204105173419,3660,342
FedHAD,CIFAR10,0.01,42,1,3,0.9994733333587646,2,0.004001264399489184,1.5256304392817617,0.011735618763705859,0.024270386596172377,2109,130
FedHAD,CIFAR10,0.01,42,1,2,0.671928326288859,3,0.004980346334590065,2.9123562653865145,0.003867671003169342,0.3000191875343661,8059,753
FedHAD,CIFAR10,0.01,42,1,1,0.45727765560150146,4,0.005931491920536638,5.664195453006685,0.003098575193110878,0.7873722279205633,14626,1828
FedHAD,CIFAR10,0.01,42,1,0,0.5140166680018107,3,0.005646447672219065,4.962871999519523,0.0046863758257974725,0.5599690207864492,11304,1059
FedHAD,CIFAR10,0.01,42,1,4,0.6506414413452148,3,0.00506082565355814,3.098331571009508,0.0037150258645197937,0.34499528839006915,8903,834
FedHAD,CIFAR10,0.01,42,2,0,0.5140166680018107,3,0.005646447672219065,4.876264307067186,0.004604593302235303,0.6043782734223726,11304,1059
FedHAD,CIFAR10,0.01,42,2,2,0.671928326288859,3,0.004980346334590065,2.6826649369822686,0.0035626360384890684,0.33361320106733333,8059,753
FedHAD,CIFAR10,0.01,42,2,3,0.9994733333587646,2,0.004001264399489184,1.295837212201107,0.009967978555393131,0.001926431598161824,2109,130
FedHAD,CIFAR10,0.01,42,2,1,0.45727765560150146,4,0.005931491920536638,4.93565959132431,0.0027000325991927295,0.767180307509388,14626,1828
FedHAD,CIFAR10,0.01,42,2,4,0.6506414413452148,3,0.00506082565355814,2.785454389216951,0.003339873368365649,0.33114111642862565,8903,834
FedHAD,CIFAR10,0.01,42,3,3,0.9994733333587646,2,0.004001264399489184,1.2974333927772423,0.009980256867517249,0.010025257351333857,2109,130
FedHAD,CIFAR10,0.01,42,3,2,0.671928326288859,3,0.004980346334590065,2.357258911835457,0.0031304899227562514,0.2814086879983218,8059,753
FedHAD,CIFAR10,0.01,42,3,1,0.45727765560150146,4,0.005931491920536638,4.495849504846638,0.002459436271797942,0.7474242587184504,14626,1828
FedHAD,CIFAR10,0.01,42,3,4,0.6506414413452148,3,0.00506082565355814,2.5984699286267303,0.003115671377250276,0.293131413954705,8903,834
FedHAD,CIFAR10,0.01,42,3,0,0.5140166680018107,3,0.005646447672219065,4.549243939144498,0.0042957921993810174,0.5941980500699725,11304,1059
FedHAD,CIFAR10,0.01,42,4,3,0.9994733333587646,2,0.004001264399489184,1.2967910631257342,0.009975315870197956,0.021920744254292822,2109,130
FedHAD,CIFAR10,0.01,42,4,2,0.671928326288859,3,0.004980346334590065,2.1895947435508827,0.002907828344689087,0.2362115218506194,8059,753
FedHAD,CIFAR10,0.01,42,4,0,0.5140166680018107,3,0.005646447672219065,4.3257248146114025,0.004084725981691598,0.5969162283513354,11304,1059
FedHAD,CIFAR10,0.01,42,4,1,0.45727765560150146,4,0.005931491920536638,4.064366800663767,0.0022233954051771154,0.715822088643095,14626,1828
FedHAD,CIFAR10,0.01,42,4,4,0.6506414413452148,3,0.00506082565355814,2.518159686456471,0.0030193761228494856,0.2881598855819616,8903,834
FedHAD,CIFAR10,0.01,42,5,0,0.5140166680018107,3,0.005646447672219065,4.145380093294334,0.003914428794423356,0.5945257059702088,11304,1059
FedHAD,CIFAR10,0.01,42,5,3,0.9994733333587646,2,0.004001264399489184,1.2032165662179113,0.009255512047830088,0.01694990962025862,2109,130
FedHAD,CIFAR10,0.01,42,5,2,0.671928326288859,3,0.004980346334590065,2.0322005390685645,0.002698805496771002,0.2054503450691454,8059,753
FedHAD,CIFAR10,0.01,42,5,4,0.6506414413452148,3,0.00506082565355814,2.5111859061244384,0.003011014275928583,0.2895481478065959,8903,834
FedHAD,CIFAR10,0.01,42,5,1,0.45727765560150146,4,0.005931491920536638,3.814063090660548,0.002086467773884326,0.6963275351751761,14626,1828
FedHAD,CIFAR10,0.01,42,6,0,0.5140166680018107,3,0.005646447672219065,4.080960103702821,0.00385359783163628,0.5893950278260561,11304,1059
FedHAD,CIFAR10,0.01,42,6,3,0.9994733333587646,2,0.004001264399489184,1.24426518041261,0.009571270618558538,0.019615414071313415,2109,130
FedHAD,CIFAR10,0.01,42,6,4,0.6506414413452148,3,0.00506082565355814,2.4386205358903505,0.002924005438717447,0.2645089434787673,8903,834
FedHAD,CIFAR10,0.01,42,6,1,0.45727765560150146,4,0.005931491920536638,3.701129531135126,0.0020246879273168087,0.688136077220628,14626,1828
FedHAD,CIFAR10,0.01,42,6,2,0.671928326288859,3,0.004980346334590065,2.0443699017034382,0.002714966668928869,0.20385827284007713,8059,753
FedHAD,CIFAR10,0.01,42,7,3,0.9994733333587646,2,0.004001264399489184,1.1259124662035607,0.008660865124642774,0.023108464887308264,2109,130
FedHAD,CIFAR10,0.01,42,7,0,0.5140166680018107,3,0.005646447672219065,3.9955505419789885,0.0037729466874211414,0.5960759150582067,11304,1059
FedHAD,CIFAR10,0.01,42,7,2,0.671928326288859,3,0.004980346334590065,2.0782498394879245,0.0027599599461991028,0.19691117488805213,8059,753
FedHAD,CIFAR10,0.01,42,7,4,0.6506414413452148,3,0.00506082565355814,2.4013427735638704,0.0028793078819710676,0.26186655598839437,8903,834
FedHAD,CIFAR10,0.01,42,7,1,0.45727765560150146,4,0.005931491920536638,3.522286480376114,0.0019268525603808062,0.668940942337895,14626,1828
FedHAD,CIFAR10,0.01,42,8,1,0.45727765560150146,4,0.005931491920536638,3.516416968239041,0.0019236416675268277,0.6699224434669395,14626,1828
FedHAD,CIFAR10,0.01,42,8,0,0.5140166680018107,3,0.005646447672219065,3.966673021256173,0.003745678018183355,0.5879000258662953,11304,1059
FedHAD,CIFAR10,0.01,42,8,4,0.6506414413452148,3,0.00506082565355814,2.390007822722187,0.002865716813815572,0.26285438838939207,8903,834
FedHAD,CIFAR10,0.01,42,8,2,0.671928326288859,3,0.004980346334590065,1.9969822639132637,0.002652034879034879,0.18948965453932065,8059,753
FedHAD,CIFAR10,0.01,42,8,3,0.9994733333587646,2,0.004001264399489184,1.1211032878603298,0.00862387144507946,0.023066383168550246,2109,130
FedHAD,CIFAR10,0.01,42,9,4,0.6506414413452148,3,0.00506082565355814,2.3353826131896853,0.002800218960659095,0.2594009269628578,8903,834
FedHAD,CIFAR10,0.01,42,9,3,0.9994733333587646,2,0.004001264399489184,1.0378964553831134,0.007983818887562411,0.01053243765795846,2109,130
FedHAD,CIFAR10,0.01,42,9,0,0.5140166680018107,3,0.005646447672219065,3.9390946695242497,0.0037196361374166663,0.6047494952126805,11304,1059
FedHAD,CIFAR10,0.01,42,9,2,0.671928326288859,3,0.004980346334590065,1.9421661453988333,0.002579237908896193,0.1898270039117947,8059,753
FedHAD,CIFAR10,0.01,42,9,1,0.45727765560150146,4,0.005931491920536638,3.298970753360575,0.0018046885959302926,0.6443862132084783,14626,1828
FedHAD,CIFAR10,0.01,42,10,3,0.9994733333587646,2,0.004001264399489184,1.12022561073782,0.008617120082598614,0.02154354560719006,2109,130
FedHAD,CIFAR10,0.01,42,10,2,0.671928326288859,3,0.004980346334590065,1.9460971494459998,0.0025844583657981405,0.18082473336064558,8059,753
FedHAD,CIFAR10,0.01,42,10,4,0.6506414413452148,3,0.00506082565355814,2.3502874270802416,0.0028180904401441747,0.24845488644943947,8903,834
FedHAD,CIFAR10,0.01,42,10,0,0.5140166680018107,3,0.005646447672219065,3.8976795610786525,0.0036805283862876795,0.5928382200224424,11304,1059
FedHAD,CIFAR10,0.01,42,10,1,0.45727765560150146,4,0.005931491920536638,3.347631738156837,0.0018313083906766065,0.6562384584573977,14626,1828
FedHAD,CIFAR10,0.01,43,1,3,0.6656469504038492,3,0.0050038268627211795,3.1108095179764104,0.0037033446642576314,0.30265436624565384,8976,840
FedHAD,CIFAR10,0.01,43,1,4,0.9907287756601969,2,0.004022375406865574,1.2256409237974561,0.004346244410629277,0.042218624663754305,4537,282
FedHAD,CIFAR10,0.01,43,1,1,0.9992596308390299,2,0.004001777675668074,1.3130604815214963,0.00468950171971963,0.021394361260482234,4502,280
FedHAD,CIFAR10,0.01,43,1,2,0.5878098011016846,3,0.005314301892427143,3.5496782359815917,0.0037802750116949857,0.3870699257508331,10046,939
FedHAD,CIFAR10,0.01,43,1,0,0.4122955799102783,4,0.006178776586314266,6.216604552213421,0.0029379038526528454,0.9204615795953868,16940,2116
FedHAD,CIFAR10,0.01,43,2,2,0.5878098011016846,3,0.005314301892427143,3.3658998381558973,0.0035845578681106467,0.43092839919629616,10046,939
FedHAD,CIFAR10,0.01,43,2,4,0.9907287756601969,2,0.004022375406865574,1.4116483312413464,0.005005845146245909,0.036746475328085074,4537,282
FedHAD,CIFAR10,0.01,43,2,1,0.9992596308390299,2,0.004001777675668074,1.2597370424930725,0.0044990608660466875,0.02413733530172384,4502,280
FedHAD,CIFAR10,0.01,43,2,0,0.4122955799102783,4,0.006178776586314266,5.696352120059664,0.0026920378639223364,0.9216029177702666,16940,2116
FedHAD,CIFAR10,0.01,43,2,3,0.6656469504038492,3,0.0050038268627211795,2.7190533265372134,0.003236968245877635,0.30663607251910585,8976,840
FedHAD,CIFAR10,0.01,43,3,4,0.9907287756601969,2,0.004022375406865574,1.354284562975703,0.004802427528282634,0.04344242828849691,4537,282
FedHAD,CIFAR10,0.01,43,3,1,0.9992596308390299,2,0.004001777675668074,1.2854938581091344,0.004591049493246908,0.011780329168056398,4502,280
FedHAD,CIFAR10,0.01,43,3,0,0.4122955799102783,4,0.006178776586314266,5.114157942998114,0.0024168988388459894,0.9153686227353297,16940,2116
FedHAD,CIFAR10,0.01,43,3,2,0.5878098011016846,3,0.005314301892427143,3.1652543910720943,0.0033708779457636787,0.4200313280632231,10046,939
FedHAD,CIFAR10,0.01,43,3,3,0.6656469504038492,3,0.0050038268627211795,2.5390966816015683,0.0030227341447637717,0.2795998107773024,8976,840
FedHAD,CIFAR10,0.01,43,4,1,0.9992596308390299,2,0.004001777675668074,1.380266978079451,0.004929524921712325,0.03286454029194809,4502,280
FedHAD,CIFAR10,0.01,43,4,3,0.6656469504038492,3,0.0050038268627211795,2.41527141651928,0.002875323114903905,0.23520085014439757,8976,840
FedHAD,CIFAR10,0.01,43,4,0,0.4122955799102783,4,0.006178776586314266,4.691976460240143,0.0022173801796976102,0.9063346328781466,16940,2116
FedHAD,CIFAR10,0.01,43,4,4,0.9907287756601969,2,0.004022375406865574,1.3846008892812678,0.004909932231493858,0.036599543430097616,4537,282
FedHAD,CIFAR10,0.01,43,4,2,0.5878098011016846,3,0.005314301892427143,3.0015433437375987,0.003196531782468156,0.3770251299412861,10046,939
FedHAD,CIFAR10,0.01,43,5,2,0.5878098011016846,3,0.005314301892427143,2.9302903322664737,0.0031206499811144554,0.33849695739459723,10046,939
FedHAD,CIFAR10,0.01,43,5,1,0.9992596308390299,2,0.004001777675668074,1.3242011424224671,0.004729289794365954,0.020725177659914967,4502,280
FedHAD,CIFAR10,0.01,43,5,4,0.9907287756601969,2,0.004022375406865574,1.3875420095638944,0.004920361736042178,0.023683945660164147,4537,282
FedHAD,CIFAR10,0.01,43,5,3,0.6656469504038492,3,0.0050038268627211795,2.399644502672573,0.002856719646038777,0.2376573993904278,8976,840
FedHAD,CIFAR10,0.01,43,5,0,0.4122955799102783,4,0.006178776586314266,4.541975441735351,0.002146491229553569,0.9023249901790211,16940,2116
FedHAD,CIFAR10,0.01,43,6,0,0.4122955799102783,4,0.006178776586314266,4.36334256963345,0.0020620711576717628,0.8952524257534178,16940,2116
FedHAD,CIFAR10,0.01,43,6,4,0.9907287756601969,2,0.004022375406865574,1.3591084889236271,0.0048195336486653445,0.04039187647551625,4537,282
FedHAD,CIFAR10,0.01,43,6,3,0.6656469504038492,3,0.0050038268627211795,2.2902111410999995,0.0027264418346428566,0.2156644258207635,8976,840
FedHAD,CIFAR10,0.01,43,6,2,0.5878098011016846,3,0.005314301892427143,2.905444616360145,0.0030941902197658623,0.3358191847285585,10046,939
FedHAD,CIFAR10,0.01,43,6,1,0.9992596308390299,2,0.004001777675668074,1.2996557667162585,0.004641627738272352,0.019788601889386446,4502,280
FedHAD,CIFAR10,0.01,43,7,0,0.4122955799102783,4,0.006178776586314266,4.273296236732709,0.002019516179930392,0.8901412743690186,16940,2116
FedHAD,CIFAR10,0.01,43,7,2,0.5878098011016846,3,0.005314301892427143,2.9293692499538673,0.0031196690627836713,0.32420557751341367,10046,939
FedHAD,CIFAR10,0.01,43,7,3,0.6656469504038492,3,0.0050038268627211795,2.222654473947417,0.002646017230889782,0.19503739616574278,8976,840
FedHAD,CIFAR10,0.01,43,7,4,0.9907287756601969,2,0.004022375406865574,1.4507777883397508,0.005144602086311173,0.05172798329043132,4537,282
FedHAD,CIFAR10,0.01,43,7,1,0.9992596308390299,2,0.004001777675668074,1.3927454280279354,0.004974090814385484,0.033044282822242275,4502,280
FedHAD,CIFAR10,0.01,43,8,3,0.6656469504038492,3,0.0050038268627211795,2.2168709029128686,0.0026391320272772245,0.19709790256556295,8976,840
FedHAD,CIFAR10,0.01,43,8,1,0.9992596308390299,2,0.004001777675668074,1.3184396417077926,0.004708713006099259,0.031128526449926662,4502,280
FedHAD,CIFAR10,0.01,43,8,0,0.4122955799102783,4,0.006178776586314266,4.200775461275948,0.0019852436017372154,0.890528851230847,16940,2116
FedHAD,CIFAR10,0.01,43,8,2,0.5878098011016846,3,0.005314301892427143,2.8797200800937097,0.0030667945474906386,0.32324922023425534,10046,939
FedHAD,CIFAR10,0.01,43,8,4,0.9907287756601969,2,0.004022375406865574,1.2768720398945204,0.004527915035086952,0.02074776142678445,4537,282
FedHAD,CIFAR10,0.01,43,9,4,0.9907287756601969,2,0.004022375406865574,1.3443552437107111,0.004767217176279118,0.019077957642708768,4537,282
FedHAD,CIFAR10,0.01,43,9,2,0.5878098011016846,3,0.005314301892427143,2.9574749680335293,0.003149600604934536,0.3385380497672655,10046,939
FedHAD,CIFAR10,0.01,43,9,0,0.4122955799102783,4,0.006178776586314266,4.0876871294075885,0.0019317992104950796,0.8826556639317107,16940,2116
FedHAD,CIFAR10,0.01,43,9,1,0.9992596308390299,2,0.004001777675668074,1.2615913014610465,0.004505683219503737,0.01156638866142152,4502,280
FedHAD,CIFAR10,0.01,43,9,3,0.6656469504038492,3,0.0050038268627211795,2.1694376599817424,0.002582663880930646,0.18768162890745493,8976,840
FedHAD,CIFAR10,0.01,43,10,2,0.5878098011016846,3,0.005314301892427143,2.9594920870015695,0.003151748761450021,0.3365705729142058,10046,939
FedHAD,CIFAR10,0.01,43,10,1,0.9992596308390299,2,0.004001777675668074,1.46442087349273,0.0052300745481883215,0.042434808726277994,4502,280
FedHAD,CIFAR10,0.01,43,10,4,0.9907287756601969,2,0.004022375406865574,1.449728206254778,0.005140880164024035,0.04815871121362507,4537,282
FedHAD,CIFAR10,0.01,43,10,3,0.6656469504038492,3,0.0050038268627211795,2.1901078855732914,0.0026072712923491566,0.19807128577881258,8976,840
FedHAD,CIFAR10,0.01,43,10,0,0.4122955799102783,4,0.006178776586314266,3.9905257270202927,0.0018858817235445618,0.873398349309385,16940,2116
FedHAD,CIFAR10,0.01,44,1,0,0.5108823776245117,3,0.00566147686076179,5.364974592454914,0.004448569313810044,0.5911839872538119,12866,1206
FedHAD,CIFAR10,0.01,44,1,4,0.4309428930282593,4,0.006073805214050456,6.0064695919235795,0.0030770848319280632,0.7824881931646518,15627,1952
FedHAD,CIFAR10,0.01,44,1,1,1.0,2,0.004,1.3846351485103228,0.009483802387057006,0.011877832449568578,2367,146
FedHAD,CIFAR10,0.01,44,1,3,0.6154587268829346,3,0.00519969942113837,3.813574272880352,0.004690743263075464,0.30688522738227053,8675,813
FedHAD,CIFAR10,0.01,44,1,2,0.8221529324849447,3,0.004477820328578156,1.9140774202861155,0.0037530929809531676,0.09387469846824875,5468,510
FedHAD,CIFAR10,0.01,44,2,3,0.6154587268829346,3,0.00519969942113837,3.946071240895221,0.0048537161634627565,0.4122757810936173,8675,813
FedHAD,CIFAR10,0.01,44,2,1,1.0,2,0.004,1.2439487596678798,0.008520196984026574,-0.00424617110328743,2367,146
FedHAD,CIFAR10,0.01,44,2,0,0.5108823776245117,3,0.00566147686076179,4.744564816388392,0.003934133346922382,0.576083797653399,12866,1206
FedHAD,CIFAR10,0.01,44,2,2,0.8221529324849447,3,0.004477820328578156,2.1667237545617524,0.004248477950121083,0.14582297903652236,5468,510
FedHAD,CIFAR10,0.01,44,2,4,0.4309428930282593,4,0.006073805214050456,5.3261104910139885,0.0027285402105604447,0.7657863753698955,15627,1952
FedHAD,CIFAR10,0.01,44,3,3,0.6154587268829346,3,0.00519969942113837,3.652121442395329,0.004492154295689212,0.3832910952905159,8675,813
FedHAD,CIFAR10,0.01,44,3,2,0.8221529324849447,3,0.004477820328578156,2.331125373171925,0.00457083406504299,0.15033973734935305,5468,510
FedHAD,CIFAR10,0.01,44,3,0,0.5108823776245117,3,0.00566147686076179,4.288493883781421,0.0035559650777623724,0.5649877437267484,12866,1206
FedHAD,CIFAR10,0.01,44,3,4,0.4309428930282593,4,0.006073805214050456,4.731744970974938,0.002424049677753554,0.7409582473215507,15627,1952
FedHAD,CIFAR10,0.01,44,3,1,1.0,2,0.004,1.198124998534903,0.008206335606403445,-0.003853210094374934,2367,146
FedHAD,CIFAR10,0.01,44,4,3,0.6154587268829346,3,0.00519969942113837,3.45777761540146,0.0042531089980337765,0.3512870288880671,8675,813
FedHAD,CIFAR10,0.01,44,4,2,0.8221529324849447,3,0.004477820328578156,2.3704635825403684,0.004647967808902683,0.15057303737602742,5468,510
FedHAD,CIFAR10,0.01,44,4,0,0.5108823776245117,3,0.00566147686076179,3.907396518132634,0.00323996394538361,0.530766406543067,12866,1206
FedHAD,CIFAR10,0.01,44,4,1,1.0,2,0.004,1.1846474693525462,0.008114023762688672,0.01849048090340218,2367,146
FedHAD,CIFAR10,0.01,44,4,4,0.4309428930282593,4,0.006073805214050456,4.4324919498513635,0.0022707438267681166,0.7384083390855869,15627,1952
FedHAD,CIFAR10,0.01,44,5,4,0.4309428930282593,4,0.006073805214050456,4.176316396836359,0.0021395063508382987,0.7244323596249419,15627,1952
FedHAD,CIFAR10,0.01,44,5,3,0.6154587268829346,3,0.00519969942113837,3.4292124052655026,0.00421797343821095,0.34625634392078763,8675,813
FedHAD,CIFAR10,0.01,44,5,0,0.5108823776245117,3,0.00566147686076179,3.702675969933116,0.003070212247042385,0.5172055945947426,12866,1206
FedHAD,CIFAR10,0.01,44,5,2,0.8221529324849447,3,0.004477820328578156,2.4030709556220957,0.004711903834553129,0.14642004728853278,5468,510
FedHAD,CIFAR10,0.01,44,5,1,1.0,2,0.004,1.0927576576527431,0.007484641490772213,0.005382556406181047,2367,146
FedHAD,CIFAR10,0.01,44,6,3,0.6154587268829346,3,0.00519969942113837,3.3682163561026313,0.004142947547481711,0.335512413777117,8675,813
FedHAD,CIFAR10,0.01,44,6,0,0.5108823776245117,3,0.00566147686076179,3.534877427476935,0.0029310758105115546,0.49967453683263935,12866,1206
FedHAD,CIFAR10,0.01,44,6,2,0.8221529324849447,3,0.004477820328578156,2.4378746231270476,0.004780146319856956,0.15144316997860602,5468,510
FedHAD,CIFAR10,0.01,44,6,1,1.0,2,0.004,1.066879209300271,0.007307391844522404,-0.014186226276577367,2367,146
FedHAD,CIFAR10,0.01,44,6,4,0.4309428930282593,4,0.006073805214050456,4.016472056881045,0.002057618881598896,0.7224921394592297,15627,1952
FedHAD,CIFAR10,0.01,44,7,0,0.5108823776245117,3,0.00566147686076179,3.5009942267672884,0.002902980287535065,0.5020671413012612,12866,1206
FedHAD,CIFAR10,0.01,44,7,2,0.8221529324849447,3,0.004477820328578156,2.5443459351898405,0.004988913598411452,0.16360452300668757,5468,510
FedHAD,CIFAR10,0.01,44,7,4,0.4309428930282593,4,0.006073805214050456,3.851633013784641,0.001973172650504427,0.7080935364226679,15627,1952
FedHAD,CIFAR10,0.01,44,7,3,0.6154587268829346,3,0.00519969942113837,3.346939730985874,0.0041167770368829935,0.3329566003338197,8675,813
FedHAD,CIFAR10,0.01,44,7,1,1.0,2,0.004,1.1265396506872372,0.007716025004707104,0.013409679574472094,2367,146
FedHAD,CIFAR10,0.01,44,8,0,0.5108823776245117,3,0.00566147686076179,3.425754527107934,0.0028405924768722507,0.5023651778644153,12866,1206
FedHAD,CIFAR10,0.01,44,8,3,0.6154587268829346,3,0.00519969942113837,3.3331187024074365,0.0040997770017311645,0.33953962716157776,8675,813
FedHAD,CIFAR10,0.01,44,8,2,0.8221529324849447,3,0.004477820328578156,2.632859723401593,0.005162470045885477,0.1632657393419959,5468,510
FedHAD,CIFAR10,0.01,44,8,4,0.4309428930282593,4,0.006073805214050456,3.7177102772179063,0.001904564691197698,0.693021550327466,15627,1952
FedHAD,CIFAR10,0.01,44,8,1,1.0,2,0.004,1.1130918106115824,0.007623916511038236,-0.002902000109152226,2367,146
FedHAD,CIFAR10,0.01,44,9,4,0.4309428930282593,4,0.006073805214050456,3.5931611523022324,0.0018407587870400781,0.699373191260763,15627,1952
FedHAD,CIFAR10,0.01,44,9,3,0.6154587268829346,3,0.00519969942113837,3.330302965780443,0.004096313611046055,0.33965988804742525,8675,813
FedHAD,CIFAR10,0.01,44,9,1,1.0,2,0.004,1.18251889248676,0.008099444469087398,0.0028666483255744214,2367,146
FedHAD,CIFAR10,0.01,44,9,0,0.5108823776245117,3,0.00566147686076179,3.210918238117852,0.0026624529337627295,0.48241049380843204,12866,1206
FedHAD,CIFAR10,0.01,44,9,2,0.8221529324849447,3,0.004477820328578156,2.636796065640189,0.005170188364000371,0.17665906018912209,5468,510
FedHAD,CIFAR10,0.01,44,10,4,0.4309428930282593,4,0.006073805214050456,3.5192113159119334,0.0018028746495450478,0.6875835141582118,15627,1952
FedHAD,CIFAR10,0.01,44,10,1,1.0,2,0.004,1.2614272688708437,0.00863991280048523,0.017015787106672255,2367,146
FedHAD,CIFAR10,0.01,44,10,3,0.6154587268829346,3,0.00519969942113837,3.282135381496965,0.004037066889910166,0.3323304419692453,8675,813
FedHAD,CIFAR10,0.01,44,10,2,0.8221529324849447,3,0.004477820328578156,2.667958378459454,0.005231290938155792,0.16600214673747843,5468,510
FedHAD,CIFAR10,0.01,44,10,0,0.5108823776245117,3,0.00566147686076179,3.2715891505548726,0.0027127604896806574,0.4930448203875012,12866,1206
FedHAD,CIFAR10,0.01,45,1,4,0.6666663487752279,3,0.0050000011920931795,3.6221481309468206,0.004358782347709772,0.3242982774126484,8878,831
FedHAD,CIFAR10,0.01,45,1,0,1.0,2,0.004,1.4794979636211578,0.005283921298646992,0.028301928060632437,4500,280
FedHAD,CIFAR10,0.01,45,1,2,0.5090245405832926,3,0.005670423173666971,4.409908864515277,0.00349992767025022,0.5753603790324846,13469,1260
FedHAD,CIFAR10,0.01,45,1,3,0.46871312459309894,4,0.00587175033234442,5.781760534970144,0.0032264288699610177,0.7861917919060408,14342,1792
FedHAD,CIFAR10,0.01,45,1,1,0.961184581120809,2,0.004095378294379042,1.4553735380882038,0.006115014865916823,0.08126545857789755,3813,238
FedHAD,CIFAR10,0.01,45,2,0,1.0,2,0.004,1.3429936712516186,0.004796405968755781,-0.010591636914855741,4500,280
FedHAD,CIFAR10,0.01,45,2,3,0.46871312459309894,4,0.00587175033234442,5.2852635126988705,0.0029493657994971376,0.7860007526648586,14342,1792
FedHAD,CIFAR10,0.01,45,2,4,0.6666663487752279,3,0.0050000011920931795,3.65672009103857,0.004400385187772046,0.3720688309555772,8878,831
FedHAD,CIFAR10,0.01,45,2,2,0.5090245405832926,3,0.005670423173666971,3.9351878634902073,0.0031231649710239742,0.5583122766506639,13469,1260
FedHAD,CIFAR10,0.01,45,2,1,0.961184581120809,2,0.004095378294379042,1.3106197994247835,0.005506805879936065,0.07768152417497474,3813,238
FedHAD,CIFAR10,0.01,45,3,1,0.961184581120809,2,0.004095378294379042,1.2217301709981445,0.005133320046210691,0.09175449786085908,3813,238
FedHAD,CIFAR10,0.01,45,3,2,0.5090245405832926,3,0.005670423173666971,3.7758002264727266,0.0029966668464069257,0.5672390343362546,13469,1260
FedHAD,CIFAR10,0.01,45,3,4,0.6666663487752279,3,0.0050000011920931795,3.5002073256924335,0.004212042509858524,0.3693712711884451,8878,831
FedHAD,CIFAR10,0.01,45,3,3,0.46871312459309894,4,0.00587175033234442,4.769089226673808,0.002661322113099223,0.7640165733867452,14342,1792
FedHAD,CIFAR10,0.01,45,3,0,1.0,2,0.004,1.4110795706129982,0.005039569895046422,0.007927650234757293,4500,280
FedHAD,CIFAR10,0.01,45,4,3,0.46871312459309894,4,0.00587175033234442,4.434647527783446,0.0024746917007720123,0.7463889716165163,14342,1792
FedHAD,CIFAR10,0.01,45,4,0,1.0,2,0.004,1.4397992992758135,0.005142140354556477,0.011756826826649875,4500,280
FedHAD,CIFAR10,0.01,45,4,4,0.6666663487752279,3,0.0050000011920931795,3.3714251472919017,0.004057069972673769,0.3535811175151784,8878,831
FedHAD,CIFAR10,0.01,45,4,1,0.961184581120809,2,0.004095378294379042,1.0841516269890001,0.004555258936928572,0.06611985393860924,3813,238
FedHAD,CIFAR10,0.01,45,4,2,0.5090245405832926,3,0.005670423173666971,3.625515789043599,0.0028773934833679357,0.5606439521487557,13469,1260
FedHAD,CIFAR10,0.01,45,5,2,0.5090245405832926,3,0.005670423173666971,3.5437392589887766,0.002812491475387918,0.560810299148807,13469,1260
FedHAD,CIFAR10,0.01,45,5,0,1.0,2,0.004,1.446286311032887,0.005165308253688882,0.019756426143668456,4500,280
FedHAD,CIFAR10,0.01,45,5,3,0.46871312459309894,4,0.00587175033234442,4.15914741341675,0.002320952797665597,0.7208519752825276,14342,1792
FedHAD,CIFAR10,0.01,45,5,4,0.6666663487752279,3,0.0050000011920931795,3.2606176207223108,0.003923727582096644,0.34049997338078425,8878,831
FedHAD,CIFAR10,0.01,45,5,1,0.961184581120809,2,0.004095378294379042,1.1591625419582603,0.0048704308485641185,0.07714059206617829,3813,238
FedHAD,CIFAR10,0.01,45,6,2,0.5090245405832926,3,0.005670423173666971,3.4853784591846564,0.0027661733803052827,0.556191310918666,13469,1260
FedHAD,CIFAR10,0.01,45,6,1,0.961184581120809,2,0.004095378294379042,1.0476876475069128,0.0044020489391046755,0.042782114738087434,3813,238
FedHAD,CIFAR10,0.01,45,6,4,0.6666663487752279,3,0.0050000011920931795,3.207091343186407,0.0038593156957718497,0.32571247663693964,8878,831
FedHAD,CIFAR10,0.01,45,6,0,1.0,2,0.004,1.4968355540007277,0.005345841264288313,0.024273008776277173,4500,280
FedHAD,CIFAR10,0.01,45,6,3,0.46871312459309894,4,0.00587175033234442,4.019601514603323,0.0022430812023456043,0.711293267837496,14342,1792
FedHAD,CIFAR10,0.01,45,7,0,1.0,2,0.004,1.5160389550231008,0.0054144248393682174,0.02299308645245782,4500,280
FedHAD,CIFAR10,0.01,45,7,4,0.6666663487752279,3,0.0050000011920931795,3.1741606281610983,0.0038196878798569174,0.32644798330778546,8878,831
FedHAD,CIFAR10,0.01,45,7,3,0.46871312459309894,4,0.00587175033234442,3.8751691014787553,0.002162482757521627,0.6898845807751686,14342,1792
FedHAD,CIFAR10,0.01,45,7,2,0.5090245405832926,3,0.005670423173666971,3.4402806499420526,0.002730381468207978,0.5583730176576627,13469,1260
FedHAD,CIFAR10,0.01,45,7,1,0.961184581120809,2,0.004095378294379042,1.1394302654922153,0.0047875221239168705,0.0853004672387927,3813,238
FedHAD,CIFAR10,0.01,45,8,2,0.5090245405832926,3,0.005670423173666971,3.402517418449112,0.002700410649562787,0.5530127244948739,13469,1260
FedHAD,CIFAR10,0.01,45,8,1,0.961184581120809,2,0.004095378294379042,1.0147704471159136,0.004263741374436612,0.03842262272812641,3813,238
FedHAD,CIFAR10,0.01,45,8,4,0.6666663487752279,3,0.0050000011920931795,3.235662704629082,0.003893697598831627,0.3367790641320524,8878,831
FedHAD,CIFAR10,0.01,45,8,3,0.46871312459309894,4,0.00587175033234442,3.803654753707025,0.0021225751973811525,0.6851507512561544,14342,1792
FedHAD,CIFAR10,0.01,45,8,0,1.0,2,0.004,1.5668726047792456,0.005595973588497306,0.028036003428422766,4500,280
FedHAD,CIFAR10,0.01,45,9,1,0.961184581120809,2,0.004095378294379042,1.053276247612118,0.004425530452151757,0.0503223355489306,3813,238
FedHAD,CIFAR10,0.01,45,9,2,0.5090245405832926,3,0.005670423173666971,3.425420862499251,0.0027185879861105168,0.5665784788855137,13469,1260
FedHAD,CIFAR10,0.01,45,9,4,0.6666663487752279,3,0.0050000011920931795,3.176382149292809,0.003822361190484728,0.31972334382095446,8878,831
FedHAD,CIFAR10,0.01,45,9,0,1.0,2,0.004,1.4216997219363203,0.00507749900691543,0.016266678174192188,4500,280
FedHAD,CIFAR10,0.01,45,9,3,0.46871312459309894,4,0.00587175033234442,3.7149097225580907,0.002073052300534649,0.6724750913591818,14342,1792
FedHAD,CIFAR10,0.01,45,10,2,0.5090245405832926,3,0.005670423173666971,3.3271488529656823,0.0026405943277505416,0.5642714844155798,13469,1260
FedHAD,CIFAR10,0.01,45,10,4,0.6666663487752279,3,0.0050000011920931795,3.183824461050476,0.003831317040975302,0.32947029357843477,8878,831
FedHAD,CIFAR10,0.01,45,10,3,0.46871312459309894,4,0.00587175033234442,3.525132353370822,0.0019671497507649676,0.6561522225358067,14342,1792
FedHAD,CIFAR10,0.01,45,10,1,0.961184581120809,2,0.004095378294379042,1.0431967800683886,0.004383179748186507,0.038437083418466,3813,238
FedHAD,CIFAR10,0.01,45,10,0,1.0,2,0.004,1.4897050088262673,0.005320375031522383,0.029126495751198897,4500,280
FedHAD,CIFAR10,0.01,46,1,0,0.9997531572977701,2,0.004000592510239449,1.3520650089256123,0.004828803603305758,0.0009778710903941517,4500,280
FedHAD,CIFAR10,0.01,46,1,4,0.5091838041941324,3,0.005669655140577724,5.027693488522969,0.003980754939448114,0.4312755305605385,13498,1263
FedHAD,CIFAR10,0.01,46,1,2,1.0,2,0.004,1.349344414604346,0.004819087195015522,-0.0014041483556200733,4501,280
FedHAD,CIFAR10,0.01,46,1,1,0.0,5,0.01,0.0,0.0,0.0,0,0
FedHAD,CIFAR10,0.01,46,1,3,0.33330706755320233,4,0.006666841776466936,7.245723472578088,0.0025767153174175274,0.9261230185785347,22501,2812
FedHAD,CIFAR10,0.01,46,2,3,0.33330706755320233,4,0.006666841776466936,6.1628066709852,0.0021916097691981507,0.9174708801010422,22501,2812
FedHAD,CIFAR10,0.01,46,2,0,0.9997531572977701,2,0.004000592510239449,1.3648360155941044,0.004874414341407516,0.011528659583554837,4500,280
FedHAD,CIFAR10,0.01,46,2,1,0.0,5,0.01,0.0,0.0,0.0,0,0
FedHAD,CIFAR10,0.01,46,2,2,1.0,2,0.004,1.413317520953174,0.005047562574832765,-0.001724101174448154,4501,280
FedHAD,CIFAR10,0.01,46,2,4,0.5091838041941324,3,0.005669655140577724,4.518131481398191,0.0035773012520967464,0.4460408043918976,13498,1263
FedHAD,CIFAR10,0.01,46,3,2,1.0,2,0.004,1.5575864457324842,0.005562808734758872,0.01912110645423618,4501,280
FedHAD,CIFAR10,0.01,46,3,3,0.33330706755320233,4,0.006666841776466936,5.43610668444079,0.001933181608976099,0.9110525929023493,22501,2812
FedHAD,CIFAR10,0.01,46,3,0,0.9997531572977701,2,0.004000592510239449,1.4527690068103638,0.005188460738608442,0.020625521667221654,4500,280
FedHAD,CIFAR10,0.01,46,3,4,0.5091838041941324,3,0.005669655140577724,4.035397548087429,0.003195089111708178,0.41326223736247986,13498,1263
FedHAD,CIFAR10,0.01,46,3,1,0.0,5,0.01,0.0,0.0,0.0,0,0
FedHAD,CIFAR10,0.01,46,4,3,0.33330706755320233,4,0.006666841776466936,5.1315929338510005,0.0018248908015117357,0.9074897032587137,22501,2812
FedHAD,CIFAR10,0.01,46,4,2,1.0,2,0.004,1.580332736573579,0.005644045487762783,0.014586773235254959,4501,280
FedHAD,CIFAR10,0.01,46,4,0,0.9997531572977701,2,0.004000592510239449,1.471653141070968,0.005255904075253457,0.017216931476276516,4500,280
FedHAD,CIFAR10,0.01,46,4,4,0.5091838041941324,3,0.005669655140577724,3.8177353181490568,0.003022751637489356,0.3835166369035581,13498,1263
FedHAD,CIFAR10,0.01,46,4,1,0.0,5,0.01,0.0,0.0,0.0,0,0
FedHAD,CIFAR10,0.01,46,5,2,1.0,2,0.004,1.5735640491193117,0.0056198716039975415,0.006249184038015605,4501,280
FedHAD,CIFAR10,0.01,46,5,1,0.0,5,0.01,0.0,0.0,0.0,0,0
FedHAD,CIFAR10,0.01,46,5,0,0.9997531572977701,2,0.004000592510239449,1.443245053495479,0.005154446619626711,0.008400131835837599,4500,280
FedHAD,CIFAR10,0.01,46,5,3,0.33330706755320233,4,0.006666841776466936,4.8901391674663355,0.001739025308487317,0.9024764122692289,22501,2812
FedHAD,CIFAR10,0.01,46,5,4,0.5091838041941324,3,0.005669655140577724,3.7275888070912226,0.0029513767277048477,0.37069108494998576,13498,1263
FedHAD,CIFAR10,0.01,46,6,2,1.0,2,0.004,1.595087670558781,0.005696741680567076,0.02053276057786189,4501,280
FedHAD,CIFAR10,0.01,46,6,1,0.0,5,0.01,0.0,0.0,0.0,0,0
FedHAD,CIFAR10,0.01,46,6,4,0.5091838041941324,3,0.005669655140577724,3.6159611008376236,0.002862993745714666,0.35879790614079754,13498,1263
FedHAD,CIFAR10,0.01,46,6,0,0.9997531572977701,2,0.004000592510239449,1.569861042360391,0.005606646579858539,0.031501929204023976,4500,280
FedHAD,CIFAR10,0.01,46,6,3,0.33330706755320233,4,0.006666841776466936,4.722615846057282,0.0016794508698638984,0.8990210119459756,22501,2812
FedHAD,CIFAR10,0.01,46,7,3,0.33330706755320233,4,0.006666841776466936,4.615300308630907,0.001641287449726496,0.8969352010090212,22501,2812
FedHAD,CIFAR10,0.01,46,7,1,0.0,5,0.01,0.0,0.0,0.0,0,0
FedHAD,CIFAR10,0.01,46,7,2,1.0,2,0.004,1.5719978124349374,0.005614277901553348,0.021833578180593283,4501,280
FedHAD,CIFAR10,0.01,46,7,4,0.5091838041941324,3,0.005669655140577724,3.566280557378101,0.0028236583985574827,0.3599767831856538,13498,1263
FedHAD,CIFAR10,0.01,46,7,0,0.9997531572977701,2,0.004000592510239449,1.542635585167562,0.005509412804169864,0.025024278876073166,4500,280
FedHAD,CIFAR10,0.01,46,8,3,0.33330706755320233,4,0.006666841776466936,4.536146761101758,0.001613138961984978,0.9011223779945011,22501,2812
FedHAD,CIFAR10,0.01,46,8,4,0.5091838041941324,3,0.005669655140577724,3.4099084170467537,0.0026998483112009135,0.34037356682936165,13498,1263
FedHAD,CIFAR10,0.01,46,8,2,1.0,2,0.004,1.6820825989796189,0.006007437853498639,0.01443486802622924,4501,280
FedHAD,CIFAR10,0.01,46,8,0,0.9997531572977701,2,0.004000592510239449,1.4807826714664727,0.005288509540951688,0.008149289639738292,4500,280
FedHAD,CIFAR10,0.01,46,8,1,0.0,5,0.01,0.0,0.0,0.0,0,0
FedHAD,CIFAR10,0.01,46,9,0,0.9997531572977701,2,0.004000592510239449,1.5746333144652305,0.005623690408804395,0.025155148626958786,4500,280
FedHAD,CIFAR10,0.01,46,9,2,1.0,2,0.004,1.7257739479886371,0.006163478385673704,0.023329878170215236,4501,280
FedHAD,CIFAR10,0.01,46,9,3,0.33330706755320233,4,0.006666841776466936,4.452572863264054,0.0015834185146742724,0.9019540085002916,22501,2812
FedHAD,CIFAR10,0.01,46,9,1,0.0,5,0.01,0.0,0.0,0.0,0,0
FedHAD,CIFAR10,0.01,46,9,4,0.5091838041941324,3,0.005669655140577724,3.29939386426504,0.0026123466858788916,0.33349249815873394,13498,1263
FedHAD,CIFAR10,0.01,46,10,1,0.0,5,0.01,0.0,0.0,0.0,0,0
FedHAD,CIFAR10,0.01,46,10,2,1.0,2,0.004,1.4531360915518785,0.005189771755542423,0.011285020047286686,4501,280
FedHAD,CIFAR10,0.01,46,10,0,0.9997531572977701,2,0.004000592510239449,1.5662573948792788,0.005593776410283139,0.016846594571009448,4500,280
FedHAD,CIFAR10,0.01,46,10,4,0.5091838041941324,3,0.005669655140577724,3.320010172036912,0.0026286699699421315,0.3396032688351915,13498,1263
FedHAD,CIFAR10,0.01,46,10,3,0.33330706755320233,4,0.006666841776466936,4.3506717505124275,0.0015471805656160837,0.8989275384376627,22501,2812
FedHAD,CIFAR10,0.01,47,1,4,0.6640845537185669,3,0.005009701711742005,2.9632554107989217,0.00413285273472653,0.26721008057290263,7666,717
FedHAD,CIFAR10,0.01,47,1,2,0.9486202398935953,2,0.0041272337685589675,1.5975274731444442,0.005433766915457293,0.080853977922985,4721,294
FedHAD,CIFAR10,0.01,47,1,3,0.7613141536712646,3,0.004668596784856678,2.6188758398377097,0.004668227878498591,0.19746321163060032,6009,561
FedHAD,CIFAR10,0.01,47,1,0,0.40790923436482746,4,0.006203997930967258,6.377875502619279,0.0028371332307025265,0.9432886066199884,17998,2248
FedHAD,CIFAR10,0.01,47,1,1,0.6674157778422037,3,0.004997192410489245,2.919974580628602,0.0036183080305187136,0.2716997319116723,8609,807
FedHAD,CIFAR10,0.01,47,2,0,0.40790923436482746,4,0.006203997930967258,5.825704442602408,0.002591505534965484,0.9402821646112461,17998,2248
FedHAD,CIFAR10,0.01,47,2,4,0.6640845537185669,3,0.005009701711742005,2.7297339556065325,0.0038071603286004637,0.2947785258237732,7666,717
FedHAD,CIFAR10,0.01,47,2,3,0.7613141536712646,3,0.004668596784856678,2.414028752402926,0.004303081555085429,0.2305800890307802,6009,561
FedHAD,CIFAR10,0.01,47,2,2,0.9486202398935953,2,0.0041272337685589675,1.4531195717425285,0.004942583577355539,0.09715669182438,4721,294
FedHAD,CIFAR10,0.01,47,2,1,0.6674157778422037,3,0.004997192410489245,2.616090211860199,0.0032417474744240384,0.2850338831683511,8609,807
FedHAD,CIFAR10,0.01,47,3,1,0.6674157778422037,3,0.004997192410489245,2.3539193238796443,0.0029168764856005508,0.23941653390044673,8609,807
FedHAD,CIFAR10,0.01,47,3,2,0.9486202398935953,2,0.0041272337685589675,1.479032457337632,0.005030722644005551,0.08912508884295428,4721,294
FedHAD,CIFAR10,0.01,47,3,3,0.7613141536712646,3,0.004668596784856678,2.27637837733453,0.004057715467619483,0.1943454199684714,6009,561
FedHAD,CIFAR10,0.01,47,3,4,0.6640845537185669,3,0.005009701711742005,2.4637434179673554,0.0034361832886573994,0.25437104756048634,7666,717
FedHAD,CIFAR10,0.01,47,3,0,0.40790923436482746,4,0.006203997930967258,5.268695503442012,0.002343725757758902,0.9377310342095747,17998,2248
FedHAD,CIFAR10,0.01,47,4,2,0.9486202398935953,2,0.0041272337685589675,1.4561855344680237,0.00495301202200008,0.054488392337635035,4721,294
FedHAD,CIFAR10,0.01,47,4,1,0.6674157778422037,3,0.004997192410489245,2.1933539948463414,0.002717910774282951,0.20431114831086405,8609,807
FedHAD,CIFAR10,0.01,47,4,4,0.6640845537185669,3,0.005009701711742005,2.2805921277165564,0.003180742158600497,0.21539265832296758,7666,717
FedHAD,CIFAR10,0.01,47,4,3,0.7613141536712646,3,0.004668596784856678,2.0767656335903832,0.0037018995251165477,0.15697487273240804,6009,561
FedHAD,CIFAR10,0.01,47,4,0,0.40790923436482746,4,0.006203997930967258,4.922283305816921,0.0021896278050787016,0.940948952953533,17998,2248
FedHAD,CIFAR10,0.01,47,5,1,0.6674157778422037,3,0.004997192410489245,2.121574054295905,0.002628964131717354,0.19053780879048007,8609,807
FedHAD,CIFAR10,0.01,47,5,0,0.40790923436482746,4,0.006203997930967258,4.65366416728103,0.0020701353057299954,0.9395889997728476,17998,2248
FedHAD,CIFAR10,0.01,47,5,2,0.9486202398935953,2,0.0041272337685589675,1.4819558267787591,0.005040666077478773,0.07058212295427348,4721,294
FedHAD,CIFAR10,0.01,47,5,3,0.7613141536712646,3,0.004668596784856678,1.9656719122030004,0.00350387150125312,0.12964256330733961,6009,561
FedHAD,CIFAR10,0.01,47,5,4,0.6640845537185669,3,0.005009701711742005,2.1647142665642543,0.0030191272894898942,0.1931260109568416,7666,717
FedHAD,CIFAR10,0.01,47,6,2,0.9486202398935953,2,0.0041272337685589675,1.484314948201574,0.005048690300005354,0.07099857570752799,4721,294
FedHAD,CIFAR10,0.01,47,6,0,0.40790923436482746,4,0.006203997930967258,4.523030235374974,0.0020120241260564832,0.9386359612554188,17998,2248
FedHAD,CIFAR10,0.01,47,6,1,0.6674157778422037,3,0.004997192410489245,2.035730039858398,0.002522589888300369,0.1645792100678966,8609,807
FedHAD,CIFAR10,0.01,47,6,3,0.7613141536712646,3,0.004668596784856678,1.98780043122407,0.003543316276691747,0.1285326182559219,6009,561
FedHAD,CIFAR10,0.01,47,6,4,0.6640845537185669,3,0.005009701711742005,2.1442558672576153,0.002990593957123592,0.18530202483739402,7666,717
FedHAD,CIFAR10,0.01,47,7,3,0.7613141536712646,3,0.004668596784856678,1.9431967293846608,0.0034638087867819266,0.11144982884865967,6009,561
FedHAD,CIFAR10,0.01,47,7,2,0.9486202398935953,2,0.0041272337685589675,1.5041630975412865,0.005116201012045192,0.06650048348321373,4721,294
FedHAD,CIFAR10,0.01,47,7,4,0.6640845537185669,3,0.005009701711742005,2.1021690514095925,0.002931895469190506,0.1625483709107932,7666,717
FedHAD,CIFAR10,0.01,47,7,1,0.6674157778422037,3,0.004997192410489245,2.0023884880938847,0.002481274458604566,0.16775647148657358,8609,807
FedHAD,CIFAR10,0.01,47,7,0,0.40790923436482746,4,0.006203997930967258,4.397495168649316,0.001956181124844002,0.9377842801508401,17998,2248
FedHAD,CIFAR10,0.01,47,8,3,0.7613141536712646,3,0.004668596784856678,1.9135871905194863,0.0034110288601060363,0.11556071943621449,6009,561
FedHAD,CIFAR10,0.01,47,8,2,0.9486202398935953,2,0.0041272337685589675,1.4586295297339735,0.004961324931067937,0.04354499063665377,4721,294
FedHAD,CIFAR10,0.01,47,8,0,0.40790923436482746,4,0.006203997930967258,4.236542407615143,0.001884582921536985,0.938493604000547,17998,2248
FedHAD,CIFAR10,0.01,47,8,4,0.6640845537185669,3,0.005009701711742005,2.054493684013426,0.002865402627633788,0.16493083898425562,7666,717
FedHAD,CIFAR10,0.01,47,8,1,0.6674157778422037,3,0.004997192410489245,1.972880995616657,0.0024447100317430697,0.16028982013963913,8609,807
FedHAD,CIFAR10,0.01,47,9,4,0.6640845537185669,3,0.005009701711742005,2.041824964782133,0.0028477335631549973,0.16825618300587666,7666,717
FedHAD,CIFAR10,0.01,47,9,0,0.40790923436482746,4,0.006203997930967258,4.139676870600366,0.0018414932698400204,0.9360895075900433,17998,2248
FedHAD,CIFAR10,0.01,47,9,1,0.6674157778422037,3,0.004997192410489245,1.8937983193749681,0.0023467141504026866,0.1462895381905359,8609,807
FedHAD,CIFAR10,0.01,47,9,2,0.9486202398935953,2,0.0041272337685589675,1.5496146346637758,0.005270798077087673,0.07114854639610421,4721,294
FedHAD,CIFAR10,0.01,47,9,3,0.7613141536712646,3,0.004668596784856678,1.8632439715969136,0.0033212905019552826,0.10230553267176586,6009,561
FedHAD,CIFAR10,0.01,47,10,4,0.6640845537185669,3,0.005009701711742005,1.9430487119667297,0.002709970309577029,0.15813041439098116,7666,717
FedHAD,CIFAR10,0.01,47,10,3,0.7613141536712646,3,0.004668596784856678,1.8022103668248652,0.0032124961975487794,0.1054386462661972,6009,561
FedHAD,CIFAR10,0.01,47,10,1,0.6674157778422037,3,0.004997192410489245,1.900465822271121,0.0023549762357758623,0.15743129734933975,8609,807
FedHAD,CIFAR10,0.01,47,10,2,0.9486202398935953,2,0.0041272337685589675,1.4241156360100693,0.004843930734728127,0.05652806790617932,4721,294
FedHAD,CIFAR10,0.01,47,10,0,0.40790923436482746,4,0.006203997930967258,3.9980061564266176,0.0017784724895136199,0.9366998213132679,17998,2248
FedHAD,CIFAR10,0.01,48,1,0,0.666482170422872,3,0.005000691956661784,3.448144025546582,0.004090325059960358,0.32191650842182185,9001,843
FedHAD,CIFAR10,0.01,48,1,4,0.0,5,0.01,0.0,0.0,0.0,0,0
FedHAD,CIFAR10,0.01,48,1,2,0.6665039459864298,3,0.005000610277029408,2.9182798765627975,0.0035244926045444416,0.3107242918506403,8847,828
FedHAD,CIFAR10,0.01,48,1,1,0.5010895729064941,3,0.0057089540100453435,5.093582498088178,0.003985588809145679,0.6870831143163217,13653,1278
FedHAD,CIFAR10,0.01,48,1,3,0.5090165535608927,3,0.005670461695775755,5.041688344289744,0.003991835585344215,0.6718202503297354,13500,1263
FedHAD,CIFAR10,0.01,48,2,1,0.5010895729064941,3,0.0057089540100453435,4.575218559831134,0.0035799832236550343,0.683169998126325,13653,1278
FedHAD,CIFAR10,0.01,48,2,0,0.666482170422872,3,0.005000691956661784,3.26132392258612,0.0038687116519408303,0.340682083449253,9001,843
FedHAD,CIFAR10,0.01,48,2,3,0.5090165535608927,3,0.005670461695775755,4.6301068431839525,0.0036659594957909364,0.6743938431959536,13500,1263
FedHAD,CIFAR10,0.01,48,2,2,0.6665039459864298,3,0.005000610277029408,2.4425670559684898,0.0029499602125223306,0.32308297638289574,8847,828
FedHAD,CIFAR10,0.01,48,2,4,0.0,5,0.01,0.0,0.0,0.0,0,0
FedHAD,CIFAR10,0.01,48,3,1,0.5010895729064941,3,0.0057089540100453435,4.157274796333987,0.003252953674752729,0.6667116375303692,13653,1278
FedHAD,CIFAR10,0.01,48,3,4,0.0,5,0.01,0.0,0.0,0.0,0,0
FedHAD,CIFAR10,0.01,48,3,0,0.666482170422872,3,0.005000691956661784,3.149431174562028,0.003735980040998847,0.33508813788692354,9001,843
FedHAD,CIFAR10,0.01,48,3,2,0.6665039459864298,3,0.005000610277029408,2.0825390544652636,0.002515143785586067,0.2523366519424321,8847,828
FedHAD,CIFAR10,0.01,48,3,3,0.5090165535608927,3,0.005670461695775755,4.210129719520391,0.0033334360407920754,0.6510885843497894,13500,1263
FedHAD,CIFAR10,0.01,48,4,1,0.5010895729064941,3,0.0057089540100453435,3.8405812402412702,0.0030051496402513853,0.6385507109412365,13653,1278
FedHAD,CIFAR10,0.01,48,4,0,0.666482170422872,3,0.005000691956661784,3.052452846811128,0.0036209405063002704,0.33166019271843417,9001,843
FedHAD,CIFAR10,0.01,48,4,2,0.6665039459864298,3,0.005000610277029408,1.9491084413096493,0.0023539957020647937,0.22140079391078316,8847,828
FedHAD,CIFAR10,0.01,48,4,4,0.0,5,0.01,0.0,0.0,0.0,0,0
FedHAD,CIFAR10,0.01,48,4,3,0.5090165535608927,3,0.005670461695775755,4.000558205698092,0.0031675045175756865,0.6452558681350001,13500,1263
FedHAD,CIFAR10,0.01,48,5,1,0.5010895729064941,3,0.0057089540100453435,3.687425722431133,0.0028853096419648927,0.6265875221044583,13653,1278
FedHAD,CIFAR10,0.01,48,5,3,0.5090165535608927,3,0.005670461695775755,3.7934164858049897,0.003003496821698329,0.6282853261957368,13500,1263
FedHAD,CIFAR10,0.01,48,5,0,0.666482170422872,3,0.005000691956661784,3.0103727370880478,0.0035710234129158335,0.3255966707860372,9001,843
FedHAD,CIFAR10,0.01,48,5,2,0.6665039459864298,3,0.005000610277029408,1.838477411958977,0.002220383347776542,0.19705597876971623,8847,828
FedHAD,CIFAR10,0.01,48,5,4,0.0,5,0.01,0.0,0.0,0.0,0,0
FedHAD,CIFAR10,0.01,48,6,2,0.6665039459864298,3,0.005000610277029408,1.8074234497837465,0.0021828785625407567,0.18104222246147336,8847,828
FedHAD,CIFAR10,0.01,48,6,0,0.666482170422872,3,0.005000691956661784,2.9631843530133124,0.0035150466821035732,0.3174090395924904,9001,843
FedHAD,CIFAR10,0.01,48,6,4,0.0,5,0.01,0.0,0.0,0.0,0,0
FedHAD,CIFAR10,0.01,48,6,3,0.5090165535608927,3,0.005670461695775755,3.7035678523623843,0.002932357761173701,0.6228790758724537,13500,1263
FedHAD,CIFAR10,0.01,48,6,1,0.5010895729064941,3,0.0057089540100453435,3.580906037925416,0.002801960906044926,0.618954939565215,13653,1278
FedHAD,CIFAR10,0.01,48,7,0,0.666482170422872,3,0.005000691956661784,2.9707439390612738,0.0035240141625875136,0.3284921133052957,9001,843
FedHAD,CIFAR10,0.01,48,7,3,0.5090165535608927,3,0.005670461695775755,3.6080301332645113,0.00285671427811917,0.6176891005537732,13500,1263
FedHAD,CIFAR10,0.01,48,7,1,0.5010895729064941,3,0.0057089540100453435,3.4580211987731673,0.0027058068847990355,0.6049841076302217,13653,1278
FedHAD,CIFAR10,0.01,48,7,4,0.0,5,0.01,0.0,0.0,0.0,0,0
FedHAD,CIFAR10,0.01,48,7,2,0.6665039459864298,3,0.005000610277029408,1.75137546820149,0.0021151877635283696,0.17049300645234755,8847,828
FedHAD,CIFAR10,0.01,48,8,4,0.0,5,0.01,0.0,0.0,0.0,0,0
FedHAD,CIFAR10,0.01,48,8,3,0.5090165535608927,3,0.005670461695775755,3.614918977142942,0.002862168627983327,0.6211661305587112,13500,1263
FedHAD,CIFAR10,0.01,48,8,1,0.5010895729064941,3,0.0057089540100453435,3.437157796318567,0.002689481843754747,0.6036030111294834,13653,1278
FedHAD,CIFAR10,0.01,48,8,0,0.666482170422872,3,0.005000691956661784,2.898054360521865,0.0034377869045336476,0.3068385972738846,9001,843
FedHAD,CIFAR10,0.01,48,8,2,0.6665039459864298,3,0.005000610277029408,1.645057997894912,0.0019867850216122125,0.15063966061385392,8847,828
FedHAD,CIFAR10,0.01,48,9,2,0.6665039459864298,3,0.005000610277029408,1.6054662371594945,0.0019389688854583268,0.15468360693698208,8847,828
FedHAD,CIFAR10,0.01,48,9,1,0.5010895729064941,3,0.0057089540100453435,3.308084057732521,0.002588485178194461,0.5887606090582053,13653,1278
FedHAD,CIFAR10,0.01,48,9,0,0.666482170422872,3,0.005000691956661784,2.962859468482944,0.003514661291201594,0.32091297660391277,9001,843
FedHAD,CIFAR10,0.01,48,9,4,0.0,5,0.01,0.0,0.0,0.0,0,0
FedHAD,CIFAR10,0.01,48,9,3,0.5090165535608927,3,0.005670461695775755,3.529484680881918,0.0027945246879508456,0.6243801578612349,13500,1263
FedHAD,CIFAR10,0.01,48,10,3,0.5090165535608927,3,0.005670461695775755,3.5248207776553557,0.002790831969640028,0.6186442919154609,13500,1263
FedHAD,CIFAR10,0.01,48,10,1,0.5010895729064941,3,0.0057089540100453435,3.3155422064902247,0.002594320975344464,0.5905629728381664,13653,1278
FedHAD,CIFAR10,0.01,48,10,2,0.6665039459864298,3,0.005000610277029408,1.6679357413322116,0.0020144151465364872,0.16596723933292015,8847,828
FedHAD,CIFAR10,0.01,48,10,0,0.666482170422872,3,0.005000691956661784,2.9785479480368555,0.0035332715872323315,0.3192610625387849,9001,843
FedHAD,CIFAR10,0.01,48,10,4,0.0,5,0.01,0.0,0.0,0.0,0,0
FedHAD,CIFAR10,0.01,49,1,3,0.8478803634643555,2,0.0044017561251233905,2.033582118087552,0.0061999454819742445,0.16507867449134087,5276,328
FedHAD,CIFAR10,0.01,49,1,1,0.45475200812021893,4,0.005944850764977318,5.8686161212707395,0.003203393079296255,0.7841013666808625,14666,1832
FedHAD,CIFAR10,0.01,49,1,4,0.9034558137257894,2,0.004245953261557224,1.5668849285120225,0.007058040218522624,0.0938055164657403,3564,222
FedHAD,CIFAR10,0.01,49,1,0,0.5108360449473063,3,0.005661699629998165,5.099005300430676,0.004358124188402287,0.5973857896836534,12497,1170
FedHAD,CIFAR10,0.01,49,1,2,0.6665743589401245,3,0.0050003461779407074,2.9454420993390302,0.0034940001178398934,0.30522551316566965,9000,843
FedHAD,CIFAR10,0.01,49,2,1,0.45475200812021893,4,0.005944850764977318,5.3984418257118465,0.0029467477214584316,0.7720187979735873,14666,1832
FedHAD,CIFAR10,0.01,49,2,3,0.8478803634643555,2,0.0044017561251233905,1.753337967909875,0.005345542585091082,0.14466918626217862,5276,328
FedHAD,CIFAR10,0.01,49,2,0,0.5108360449473063,3,0.005661699629998165,4.889662096530765,0.004179198373103218,0.6021726991149319,12497,1170
FedHAD,CIFAR10,0.01,49,2,2,0.6665743589401245,3,0.0050003461779407074,2.6822198357200246,0.0031817554397627814,0.29310649714092546,9000,843
FedHAD,CIFAR10,0.01,49,2,4,0.9034558137257894,2,0.004245953261557224,1.5847364593008155,0.007138452519373043,0.12037871647198009,3564,222
FedHAD,CIFAR10,0.01,49,3,3,0.8478803634643555,2,0.0044017561251233905,1.7160415765608137,0.005231834074880529,0.12246707534905736,5276,328
FedHAD,CIFAR10,0.01,49,3,0,0.5108360449473063,3,0.005661699629998165,4.607708392926822,0.003938212301646857,0.5931346428461706,12497,1170
FedHAD,CIFAR10,0.01,49,3,2,0.6665743589401245,3,0.0050003461779407074,2.444271236199373,0.0028994913833919017,0.24967617521155794,9000,843
FedHAD,CIFAR10,0.01,49,3,4,0.9034558137257894,2,0.004245953261557224,1.6560490275791617,0.007459680304410638,0.11674846106926468,3564,222
FedHAD,CIFAR10,0.01,49,3,1,0.45475200812021893,4,0.005944850764977318,5.026148027364627,0.002743530582622613,0.7616432106655615,14666,1832
FedHAD,CIFAR10,0.01,49,4,3,0.8478803634643555,2,0.0044017561251233905,1.7364906428621025,0.0052941787892137274,0.10532466244595,5276,328
FedHAD,CIFAR10,0.01,49,4,1,0.45475200812021893,4,0.005944850764977318,4.697109684388646,0.0025639245002121434,0.7468420364455352,14666,1832
FedHAD,CIFAR10,0.01,49,4,2,0.6665743589401245,3,0.0050003461779407074,2.3294161655850485,0.0027632457480249685,0.21930981879222236,9000,843
FedHAD,CIFAR10,0.01,49,4,0,0.5108360449473063,3,0.005661699629998165,4.414742075776405,0.003773283825449919,0.5897579360562217,12497,1170
FedHAD,CIFAR10,0.01,49,4,4,0.9034558137257894,2,0.004245953261557224,1.5883736536187876,0.0071548362775621065,0.090760182960376,3564,222
FedHAD,CIFAR10,0.01,49,5,4,0.9034558137257894,2,0.004245953261557224,1.5956142882480537,0.007187451748865107,0.07211242001698914,3564,222
FedHAD,CIFAR10,0.01,49,5,2,0.6665743589401245,3,0.0050003461779407074,2.278652200602881,0.002703027521474355,0.20543136533817993,9000,843
FedHAD,CIFAR10,0.01,49,5,1,0.45475200812021893,4,0.005944850764977318,4.510738648520073,0.0024621935854367213,0.7420546666246828,14666,1832
FedHAD,CIFAR10,0.01,49,5,3,0.8478803634643555,2,0.0044017561251233905,1.7307864475816748,0.00527678794994413,0.10693262730672486,5276,328
FedHAD,CIFAR10,0.01,49,5,0,0.5108360449473063,3,0.005661699629998165,4.217847053509752,0.0036049974816322666,0.5731011811604164,12497,1170
FedHAD,CIFAR10,0.01,49,6,4,0.9034558137257894,2,0.004245953261557224,1.6958306085594481,0.007638876615132649,0.08004038598578699,3564,222
FedHAD,CIFAR10,0.01,49,6,3,0.8478803634643555,2,0.0044017561251233905,1.701192638108355,0.005186562921062058,0.10506791262633118,5276,328
FedHAD,CIFAR10,0.01,49,6,0,0.5108360449473063,3,0.005661699629998165,4.126814699642237,0.003527192050976271,0.5641600578755278,12497,1170
FedHAD,CIFAR10,0.01,49,6,2,0.6665743589401245,3,0.0050003461779407074,2.230798757077295,0.002646261870791572,0.20255738961195802,9000,843
FedHAD,CIFAR10,0.01,49,6,1,0.45475200812021893,4,0.005944850764977318,4.384158271266092,0.0023930994930491767,0.732584087626114,14666,1832
FedHAD,CIFAR10,0.01,49,7,4,0.9034558137257894,2,0.004245953261557224,1.587276091872472,0.007149892305731856,0.079769348928766,3564,222
FedHAD,CIFAR10,0.01,49,7,3,0.8478803634643555,2,0.0044017561251233905,1.6974482154204462,0.005175146998233068,0.09250508072622676,5276,328
FedHAD,CIFAR10,0.01,49,7,0,0.5108360449473063,3,0.005661699629998165,4.086597205439187,0.0034928181243069974,0.5662035114349582,12497,1170
FedHAD,CIFAR10,0.01,49,7,2,0.6665743589401245,3,0.0050003461779407074,2.1544744305062453,0.002555722930612391,0.1850747350145356,9000,843
FedHAD,CIFAR10,0.01,49,7,1,0.45475200812021893,4,0.005944850764977318,4.317984762854502,0.0023569785823441608,0.7326638686570209,14666,1832
FedHAD,CIFAR10,0.01,49,8,0,0.5108360449473063,3,0.005661699629998165,4.030739637972384,0.00344507661365161,0.5527645652915478,12497,1170
FedHAD,CIFAR10,0.01,49,8,3,0.8478803634643555,2,0.0044017561251233905,1.7580849512755146,0.0053600150953521785,0.09764680648343198,5276,328
FedHAD,CIFAR10,0.01,49,8,4,0.9034558137257894,2,0.004245953261557224,1.5945017237829406,0.0071824401972204535,0.056082404689184545,3564,222
FedHAD,CIFAR10,0.01,49,8,1,0.45475200812021893,4,0.005944850764977318,4.326707936411542,0.002361740139962632,0.7314243461326414,14666,1832
FedHAD,CIFAR10,0.01,49,8,2,0.6665743589401245,3,0.0050003461779407074,2.1260636319489823,0.0025220209157164677,0.1846047068592732,9000,843
FedHAD,CIFAR10,0.01,49,9,1,0.45475200812021893,4,0.005944850764977318,4.198152107479122,0.002291567744257163,0.7171180619449237,14666,1832
FedHAD,CIFAR10,0.01,49,9,2,0.6665743589401245,3,0.0050003461779407074,2.0723043898590316,0.0024582495727865144,0.1784469986378932,9000,843
FedHAD,CIFAR10,0.01,49,9,3,0.8478803634643555,2,0.0044017561251233905,1.7323506998873435,0.005281557011851657,0.08633145175232078,5276,328
FedHAD,CIFAR10,0.01,49,9,0,0.5108360449473063,3,0.005661699629998165,4.070150265692585,0.0034787609108483633,0.5697069483193922,12497,1170
FedHAD,CIFAR10,0.01,49,9,4,0.9034558137257894,2,0.004245953261557224,1.6059352207445314,0.007233942435786177,0.056057940594426536,3564,222
FedHAD,CIFAR10,0.01,49,10,1,0.45475200812021893,4,0.005944850764977318,4.148380685947956,0.0022643999377445173,0.7163579505755134,14666,1832
FedHAD,CIFAR10,0.01,49,10,0,0.5108360449473063,3,0.005661699629998165,4.005900303929269,0.0034238464136147596,0.5690353442283621,12497,1170
FedHAD,CIFAR10,0.01,49,10,4,0.9034558137257894,2,0.004245953261557224,1.6361327981012628,0.007369967559014697,0.06440344132808516,3564,222
FedHAD,CIFAR10,0.01,49,10,3,0.8478803634643555,2,0.0044017561251233905,1.6992361740320003,0.0051805980915609765,0.0765401298508264,5276,328
FedHAD,CIFAR10,0.01,49,10,2,0.6665743589401245,3,0.0050003461779407074,2.08094695240117,0.0024685017228958123,0.16735257632473025,9000,843
FedHAD,CIFAR10,0.01,50,1,2,0.3075296680132548,4,0.006843247535782449,7.025565025839462,0.002575353748474876,0.9554974857122157,21852,2728
FedHAD,CIFAR10,0.01,50,1,4,0.5385045607884725,3,0.005531717414747876,4.39627322627503,0.004223125097286291,0.3847287122841468,11128,1041
FedHAD,CIFAR10,0.01,50,1,0,0.9988981882731119,2,0.004002646097445248,1.2397100018938265,0.00659420213773312,0.027432237179532578,3025,188
FedHAD,CIFAR10,0.01,50,1,1,0.9997531572977701,2,0.004000592510239449,1.2254193624841272,0.004376497723157597,-0.019881723272296398,4501,280
FedHAD,CIFAR10,0.01,50,1,3,0.9997528394063314,2,0.004000593273405089,1.2848722743830543,0.004588829551368051,0.0005775043320190657,4496,280
FedHAD,CIFAR10,0.01,50,2,3,0.9997528394063314,2,0.004000593273405089,1.4566499959582286,0.005202321414136531,0.01351703816444465,4496,280
FedHAD,CIFAR10,0.01,50,2,1,0.9997531572977701,2,0.004000592510239449,1.524633342922206,0.005445119081865022,0.020357628512755844,4501,280
FedHAD,CIFAR10,0.01,50,2,4,0.5385045607884725,3,0.005531717414747876,3.8209938153747576,0.003670503184798038,0.4305673612446359,11128,1041
FedHAD,CIFAR10,0.01,50,2,0,0.9988981882731119,2,0.004002646097445248,1.0564822920549077,0.0056195866598665305,-0.0044407117286298665,3025,188
FedHAD,CIFAR10,0.01,50,2,2,0.3075296680132548,4,0.006843247535782449,6.021302159016512,0.0022072221990529738,0.954212726071091,21852,2728
FedHAD,CIFAR10,0.01,50,3,4,0.5385045607884725,3,0.005531717414747876,3.487871088373341,0.003350500565200135,0.3814244132117741,11128,1041
FedHAD,CIFAR10,0.01,50,3,2,0.3075296680132548,4,0.006843247535782449,5.252556180277527,0.0019254238197498267,0.9476299728894928,21852,2728
FedHAD,CIFAR10,0.01,50,3,0,0.9988981882731119,2,0.004002646097445248,1.1210309292289624,0.00596293047462214,0.01245815823552078,3025,188
FedHAD,CIFAR10,0.01,50,3,1,0.9997531572977701,2,0.004000592510239449,1.5598185581651005,0.005570780564875359,0.020866159311659485,4501,280
FedHAD,CIFAR10,0.01,50,3,3,0.9997528394063314,2,0.004000593273405089,1.4041457372721968,0.00501480620454356,0.01798748330371247,4496,280
FedHAD,CIFAR10,0.01,50,4,2,0.3075296680132548,4,0.006843247535782449,4.94978793339654,0.0018144383920075293,0.9429214563887561,21852,2728
FedHAD,CIFAR10,0.01,50,4,1,0.9997531572977701,2,0.004000592510239449,1.5386440766136837,0.005495157416477442,0.020128078333307237,4501,280
FedHAD,CIFAR10,0.01,50,4,4,0.5385045607884725,3,0.005531717414747876,3.370099031372209,0.0032373669849877127,0.350072377618665,11128,1041
FedHAD,CIFAR10,0.01,50,4,0,0.9988981882731119,2,0.004002646097445248,1.1225577958815551,0.0059710521057529525,0.0055216443578926955,3025,188
FedHAD,CIFAR10,0.01,50,4,3,0.9997528394063314,2,0.004000593273405089,1.3871565067457472,0.004954130381234811,0.01823595111051774,4496,280
FedHAD,CIFAR10,0.01,50,5,0,0.9988981882731119,2,0.004002646097445248,1.0913108087750194,0.005804844727526699,0.003985229656681897,3025,188
FedHAD,CIFAR10,0.01,50,5,1,0.9997531572977701,2,0.004000592510239449,1.556481344668415,0.005558861945244339,0.022871652139855106,4501,280
FedHAD,CIFAR10,0.01,50,5,4,0.5385045607884725,3,0.005531717414747876,3.261234495625582,0.0031327901014654965,0.330363214587741,11128,1041
FedHAD,CIFAR10,0.01,50,5,3,0.9997528394063314,2,0.004000593273405089,1.407609145355013,0.005027175519125047,0.023617580152522105,4496,280
FedHAD,CIFAR10,0.01,50,5,2,0.3075296680132548,4,0.006843247535782449,4.679221816176898,0.001715257263994464,0.9387235062002807,21852,2728
FedHAD,CIFAR10,0.01,50,6,3,0.9997528394063314,2,0.004000593273405089,1.341608350935408,0.0047914583961978854,0.023824790337400772,4496,280
FedHAD,CIFAR10,0.01,50,6,1,0.9997531572977701,2,0.004000592510239449,1.5803301767571416,0.00564403634556122,0.023963104563692734,4501,280
FedHAD,CIFAR10,0.01,50,6,4,0.5385045607884725,3,0.005531717414747876,3.1320286178162737,0.0030086730238388796,0.3045417135821778,11128,1041
FedHAD,CIFAR10,0.01,50,6,2,0.3075296680132548,4,0.006843247535782449,4.599218957578439,0.0016859307029246477,0.9409910416032757,21852,2728
FedHAD,CIFAR10,0.01,50,6,0,0.9988981882731119,2,0.004002646097445248,1.1326146653334983,0.006024546092199459,0.008256521663024678,3025,188
FedHAD,CIFAR10,0.01,50,7,3,0.9997528394063314,2,0.004000593273405089,1.4061229626488354,0.00502186772374584,0.022894094783982775,4496,280
FedHAD,CIFAR10,0.01,50,7,1,0.9997531572977701,2,0.004000592510239449,1.7046419334031286,0.006088006905011174,0.025550740622223463,4501,280
FedHAD,CIFAR10,0.01,50,7,2,0.3075296680132548,4,0.006843247535782449,4.465574304140286,0.001636940727324152,0.9397625077391837,21852,2728
FedHAD,CIFAR10,0.01,50,7,4,0.5385045607884725,3,0.005531717414747876,3.022247653912354,0.002903215805871618,0.28937927729230745,11128,1041
FedHAD,CIFAR10,0.01,50,7,0,0.9988981882731119,2,0.004002646097445248,1.1988324069938836,0.006376768122307892,0.006131112369991976,3025,188
FedHAD,CIFAR10,0.01,50,8,2,0.3075296680132548,4,0.006843247535782449,4.389047755791304,0.0016088884735305366,0.9370840360017261,21852,2728
FedHAD,CIFAR10,0.01,50,8,3,0.9997528394063314,2,0.004000593273405089,1.4253535626951532,0.0050905484381969755,0.013424648042078848,4496,280
FedHAD,CIFAR10,0.01,50,8,0,0.9988981882731119,2,0.004002646097445248,1.092615893809936,0.005811786669201787,6.847217394855141e-05,3025,188
FedHAD,CIFAR10,0.01,50,8,1,0.9997531572977701,2,0.004000592510239449,1.595907702693695,0.005699670366763197,0.017324250184829797,4501,280
FedHAD,CIFAR10,0.01,50,8,4,0.5385045607884725,3,0.005531717414747876,3.0589764718133283,0.002938498051693879,0.2911287388748311,11128,1041
FedHAD,CIFAR10,0.01,50,9,2,0.3075296680132548,4,0.006843247535782449,4.360694898705751,0.0015984951974727826,0.9403050491452819,21852,2728
FedHAD,CIFAR10,0.01,50,9,1,0.9997531572977701,2,0.004000592510239449,1.5932444177573322,0.005690158634847615,0.012357697053122039,4501,280
FedHAD,CIFAR10,0.01,50,9,4,0.5385045607884725,3,0.005531717414747876,2.957647815347907,0.002841160245290977,0.2745776591984824,11128,1041
FedHAD,CIFAR10,0.01,50,9,3,0.9997528394063314,2,0.004000593273405089,1.4232200662842178,0.00508292880815792,0.019032589015018645,4496,280
FedHAD,CIFAR10,0.01,50,9,0,0.9988981882731119,2,0.004002646097445248,1.1593575592985395,0.006166795528183721,-0.0017118587447669423,3025,188
FedHAD,CIFAR10,0.01,50,10,3,0.9997528394063314,2,0.004000593273405089,1.4821014636916163,0.005293219513184344,0.04199355557304027,4496,280
FedHAD,CIFAR10,0.01,50,10,2,0.3075296680132548,4,0.006843247535782449,4.216269875380886,0.00154555347338009,0.9353339428784432,21852,2728
FedHAD,CIFAR10,0.01,50,10,0,0.9988981882731119,2,0.004002646097445248,1.3521826900049208,0.0071924611170474505,0.01320322154142759,3025,188
FedHAD,CIFAR10,0.01,50,10,1,0.9997531572977701,2,0.004000592510239449,1.744073996194879,0.006228835700695996,0.038920666808028664,4501,280
FedHAD,CIFAR10,0.01,50,10,4,0.5385045607884725,3,0.005531717414747876,2.919214415746287,0.0028042405530704006,0.27443915093530663,11128,1041
FedHAD,CIFAR10,0.01,51,1,1,0.408211350440979,4,0.006202254172623033,5.975717570510084,0.002658237353429753,0.8346284641224577,18000,2248
FedHAD,CIFAR10,0.01,51,1,3,0.6664099295934042,3,0.005000962949443351,3.0255047703585007,0.0036017913932839293,0.27477479093162094,8974,840
FedHAD,CIFAR10,0.01,51,1,2,0.0,5,0.01,0.0,0.0,0.0,0,0
FedHAD,CIFAR10,0.01,51,1,4,0.9997531572977701,2,0.004000592510239449,1.3345824785606935,0.00476636599485962,0.003630069567500168,4501,280
FedHAD,CIFAR10,0.01,51,1,0,0.5077271858851115,3,0.005676687298882756,5.016943659089299,0.003962830694383333,0.5522594476248776,13526,1266
FedHAD,CIFAR10,0.01,51,2,0,0.5077271858851115,3,0.005676687298882756,4.410832123810607,0.0034840696080652507,0.5076311861095201,13526,1266
FedHAD,CIFAR10,0.01,51,2,4,0.9997531572977701,2,0.004000592510239449,1.3565707090094437,0.004844895389319441,0.00911043566963768,4501,280
FedHAD,CIFAR10,0.01,51,2,3,0.6664099295934042,3,0.005000962949443351,2.647711126240103,0.0031520370550477414,0.29360433874353753,8974,840
FedHAD,CIFAR10,0.01,51,2,1,0.408211350440979,4,0.006202254172623033,5.505715536586852,0.002449161715563546,0.8442555993100218,18000,2248
FedHAD,CIFAR10,0.01,51,2,2,0.0,5,0.01,0.0,0.0,0.0,0,0
FedHAD,CIFAR10,0.01,51,3,3,0.6664099295934042,3,0.005000962949443351,2.3859860109944866,0.0028404595368981982,0.23088781542321093,8974,840
FedHAD,CIFAR10,0.01,51,3,0,0.5077271858851115,3,0.005676687298882756,4.106967415012158,0.003244050090846886,0.4992747836335132,13526,1266
FedHAD,CIFAR10,0.01,51,3,4,0.9997531572977701,2,0.004000592510239449,1.3805206327021171,0.00493043083107899,0.010422059191528962,4501,280
FedHAD,CIFAR10,0.01,51,3,1,0.408211350440979,4,0.006202254172623033,5.010486679739809,0.0022288641813789185,0.8348471063487511,18000,2248
FedHAD,CIFAR10,0.01,51,3,2,0.0,5,0.01,0.0,0.0,0.0,0,0
FedHAD,CIFAR10,0.01,51,4,0,0.5077271858851115,3,0.005676687298882756,3.8618852724629247,0.003050462300523637,0.4767031681319319,13526,1266
FedHAD,CIFAR10,0.01,51,4,1,0.408211350440979,4,0.006202254172623033,4.773608498561829,0.00212349132498302,0.8324866354405599,18000,2248
FedHAD,CIFAR10,0.01,51,4,4,0.9997531572977701,2,0.004000592510239449,1.419935870871846,0.0050711995388280215,0.026635319025732945,4501,280
FedHAD,CIFAR10,0.01,51,4,3,0.6664099295934042,3,0.005000962949443351,2.2382871374000106,0.002664627544523822,0.2093907447176203,8974,840
FedHAD,CIFAR10,0.01,51,4,2,0.0,5,0.01,0.0,0.0,0.0,0,0
FedHAD,CIFAR10,0.01,51,5,4,0.9997531572977701,2,0.004000592510239449,1.4157103244689542,0.005056108301674836,0.021264728083456693,4501,280
FedHAD,CIFAR10,0.01,51,5,2,0.0,5,0.01,0.0,0.0,0.0,0,0
FedHAD,CIFAR10,0.01,51,5,0,0.5077271858851115,3,0.005676687298882756,3.6795402229472227,0.0029064298759456735,0.46202604215775145,13526,1266
FedHAD,CIFAR10,0.01,51,5,3,0.6664099295934042,3,0.005000962949443351,2.068947266532126,0.0024630324601572925,0.17596073632858242,8974,840
FedHAD,CIFAR10,0.01,51,5,1,0.408211350440979,4,0.006202254172623033,4.634555232261007,0.0020616348897958213,0.8367448167659878,18000,2248
FedHAD,CIFAR10,0.01,51,6,2,0.0,5,0.01,0.0,0.0,0.0,0,0
FedHAD,CIFAR10,0.01,51,6,0,0.5077271858851115,3,0.005676687298882756,3.541760948922625,0.002797599485720873,0.4468289759625685,13526,1266
FedHAD,CIFAR10,0.01,51,6,3,0.6664099295934042,3,0.005000962949443351,2.1076675666476468,0.0025091280555329127,0.16983523760104177,8974,840
FedHAD,CIFAR10,0.01,51,6,4,0.9997531572977701,2,0.004000592510239449,1.3933205128256139,0.004976144688662906,0.018325154210431262,4501,280
FedHAD,CIFAR10,0.01,51,6,1,0.408211350440979,4,0.006202254172623033,4.554566031148411,0.0020260525049592575,0.8372035934423152,18000,2248
FedHAD,CIFAR10,0.01,51,7,3,0.6664099295934042,3,0.005000962949443351,1.959697395060632,0.002332973089357895,0.15046886435269705,8974,840
FedHAD,CIFAR10,0.01,51,7,1,0.408211350440979,4,0.006202254172623033,4.557087412066146,0.002027174115687787,0.8447344079470138,18000,2248
FedHAD,CIFAR10,0.01,51,7,2,0.0,5,0.01,0.0,0.0,0.0,0,0
FedHAD,CIFAR10,0.01,51,7,0,0.5077271858851115,3,0.005676687298882756,3.4480217076058324,0.002723555851189441,0.42383463311273945,13526,1266
FedHAD,CIFAR10,0.01,51,7,4,0.9997531572977701,2,0.004000592510239449,1.3897731366846946,0.004963475488159623,0.010953171706012628,4501,280
FedHAD,CIFAR10,0.01,51,8,0,0.5077271858851115,3,0.005676687298882756,3.336844216188577,0.0026357379274791286,0.4091235888447406,13526,1266
FedHAD,CIFAR10,0.01,51,8,1,0.408211350440979,4,0.006202254172623033,4.5143529310659805,0.002008164115242874,0.8467538170969516,18000,2248
FedHAD,CIFAR10,0.01,51,8,2,0.0,5,0.01,0.0,0.0,0.0,0,0
FedHAD,CIFAR10,0.01,51,8,3,0.6664099295934042,3,0.005000962949443351,2.035869777146292,0.002423654496602729,0.14962552390778786,8974,840
FedHAD,CIFAR10,0.01,51,8,4,0.9997531572977701,2,0.004000592510239449,1.5391782887734087,0.005497065317047888,0.026137615511032358,4501,280
FedHAD,CIFAR10,0.01,51,9,4,0.9997531572977701,2,0.004000592510239449,1.495652063868493,0.005341614513816046,0.017230009449278143,4501,280
FedHAD,CIFAR10,0.01,51,9,2,0.0,5,0.01,0.0,0.0,0.0,0,0
FedHAD,CIFAR10,0.01,51,9,1,0.408211350440979,4,0.006202254172623033,4.481497795000752,0.0019935488411925053,0.8512269883357643,18000,2248
FedHAD,CIFAR10,0.01,51,9,0,0.5077271858851115,3,0.005676687298882756,3.235079751529559,0.002555355253972795,0.39934835329107904,13526,1266
FedHAD,CIFAR10,0.01,51,9,3,0.6664099295934042,3,0.005000962949443351,1.9690121402329421,0.0023440620717058835,0.14901952051830672,8974,840
FedHAD,CIFAR10,0.01,51,10,3,0.6664099295934042,3,0.005000962949443351,2.0334074661476733,0.0024207231739853253,0.14665693742246502,8974,840
FedHAD,CIFAR10,0.01,51,10,4,0.9997531572977701,2,0.004000592510239449,1.556061216265985,0.005557361486664233,0.01748635337221967,4501,280
FedHAD,CIFAR10,0.01,51,10,0,0.5077271858851115,3,0.005676687298882756,3.2656753947077424,0.0025795224286791012,0.4016536014143858,13526,1266
FedHAD,CIFAR10,0.01,51,10,2,0.0,5,0.01,0.0,0.0,0.0,0,0
FedHAD,CIFAR10,0.01,51,10,1,0.408211350440979,4,0.006202254172623033,4.538154195281648,0.0020187518662284913,0.8511387440629131,18000,2248
