dataset,setting,seed,fedhad_accuracy,fednova_accuracy,paired_difference_pp,fedhad_tflops,fednova_tflops,fedhad_source_file,fednova_source_file
MNIST,$\alpha=1.0$,42,0.9896,0.9906,-0.1,3.65,4.563,results/main_campaign_default_alpha_0_5/FedHAD-results/test2_robustez_alpha/MNIST-Standard/FedHAD__MNIST__Mode-STANDARD__Cfg-E1L1F1__Setup-5__Clients-5__Rounds-10__Delay-0_05__Alpha-1_0__Seed-42.txt,results/main_campaign_default_alpha_0_5/FedNova-results/test2_robustez_alpha/MNIST/FedNova__MNIST__Setup-5__Clients-5__Rounds-10__Delay-0_05__Alpha-1_0__Seed-42.txt
MNIST,$\alpha=1.0$,43,0.991,0.9908,0.02,3.65,4.563,results/main_campaign_default_alpha_0_5/FedHAD-results/test2_robustez_alpha/MNIST-Standard/FedHAD__MNIST__Mode-STANDARD__Cfg-E1L1F1__Setup-5__Clients-5__Rounds-10__Delay-0_05__Alpha-1_0__Seed-43.txt,results/main_campaign_default_alpha_0_5/FedNova-results/test2_robustez_alpha/MNIST/FedNova__MNIST__Setup-5__Clients-5__Rounds-10__Delay-0_05__Alpha-1_0__Seed-43.txt
MNIST,$\alpha=1.0$,44,0.9914,0.9921,-0.07,3.65,4.563,results/main_campaign_default_alpha_0_5/FedHAD-results/test2_robustez_alpha/MNIST-Standard/FedHAD__MNIST__Mode-STANDARD__Cfg-E1L1F1__Setup-5__Clients-5__Rounds-10__Delay-0_05__Alpha-1_0__Seed-44.txt,results/main_campaign_default_alpha_0_5/FedNova-results/test2_robustez_alpha/MNIST/FedNova__MNIST__Setup-5__Clients-5__Rounds-10__Delay-0_05__Alpha-1_0__Seed-44.txt
MNIST,$\alpha=1.0$,45,0.9915,0.9916,-0.01,3.65,4.563,results/main_campaign_default_alpha_0_5/FedHAD-results/test2_robustez_alpha/MNIST-Standard/FedHAD__MNIST__Mode-STANDARD__Cfg-E1L1F1__Setup-5__Clients-5__Rounds-10__Delay-0_05__Alpha-1_0__Seed-45.txt,results/main_campaign_default_alpha_0_5/FedNova-results/test2_robustez_alpha/MNIST/FedNova__MNIST__Setup-5__Clients-5__Rounds-10__Delay-0_05__Alpha-1_0__Seed-45.txt
MNIST,$\alpha=1.0$,46,0.9911,0.9898,0.13,3.65,4.563,results/main_campaign_default_alpha_0_5/FedHAD-results/test2_robustez_alpha/MNIST-Standard/FedHAD__MNIST__Mode-STANDARD__Cfg-E1L1F1__Setup-5__Clients-5__Rounds-10__Delay-0_05__Alpha-1_0__Seed-46.txt,results/main_campaign_default_alpha_0_5/FedNova-results/test2_robustez_alpha/MNIST/FedNova__MNIST__Setup-5__Clients-5__Rounds-10__Delay-0_05__Alpha-1_0__Seed-46.txt
MNIST,$\alpha=1.0$,47,0.9906,0.9892,0.14,3.65,4.563,results/main_campaign_default_alpha_0_5/FedHAD-results/test2_robustez_alpha/MNIST-Standard/FedHAD__MNIST__Mode-STANDARD__Cfg-E1L1F1__Setup-5__Clients-5__Rounds-10__Delay-0_05__Alpha-1_0__Seed-47.txt,results/main_campaign_default_alpha_0_5/FedNova-results/test2_robustez_alpha/MNIST/FedNova__MNIST__Setup-5__Clients-5__Rounds-10__Delay-0_05__Alpha-1_0__Seed-47.txt
MNIST,$\alpha=1.0$,48,0.9898,0.9901,-0.03,3.65,4.563,results/main_campaign_default_alpha_0_5/FedHAD-results/test2_robustez_alpha/MNIST-Standard/FedHAD__MNIST__Mode-STANDARD__Cfg-E1L1F1__Setup-5__Clients-5__Rounds-10__Delay-0_05__Alpha-1_0__Seed-48.txt,results/main_campaign_default_alpha_0_5/FedNova-results/test2_robustez_alpha/MNIST/FedNova__MNIST__Setup-5__Clients-5__Rounds-10__Delay-0_05__Alpha-1_0__Seed-48.txt
MNIST,$\alpha=1.0$,49,0.9908,0.9911,-0.03,3.809,4.563,results/main_campaign_default_alpha_0_5/FedHAD-results/test2_robustez_alpha/MNIST-Standard/FedHAD__MNIST__Mode-STANDARD__Cfg-E1L1F1__Setup-5__Clients-5__Rounds-10__Delay-0_05__Alpha-1_0__Seed-49.txt,results/main_campaign_default_alpha_0_5/FedNova-results/test2_robustez_alpha/MNIST/FedNova__MNIST__Setup-5__Clients-5__Rounds-10__Delay-0_05__Alpha-1_0__Seed-49.txt
MNIST,$\alpha=1.0$,50,0.9911,0.9911,0,3.65,4.563,results/main_campaign_default_alpha_0_5/FedHAD-results/test2_robustez_alpha/MNIST-Standard/FedHAD__MNIST__Mode-STANDARD__Cfg-E1L1F1__Setup-5__Clients-5__Rounds-10__Delay-0_05__Alpha-1_0__Seed-50.txt,results/main_campaign_default_alpha_0_5/FedNova-results/test2_robustez_alpha/MNIST/FedNova__MNIST__Setup-5__Clients-5__Rounds-10__Delay-0_05__Alpha-1_0__Seed-50.txt
MNIST,$\alpha=1.0$,51,0.9906,0.991,-0.04,3.65,4.563,results/main_campaign_default_alpha_0_5/FedHAD-results/test2_robustez_alpha/MNIST-Standard/FedHAD__MNIST__Mode-STANDARD__Cfg-E1L1F1__Setup-5__Clients-5__Rounds-10__Delay-0_05__Alpha-1_0__Seed-51.txt,results/main_campaign_default_alpha_0_5/FedNova-results/test2_robustez_alpha/MNIST/FedNova__MNIST__Setup-5__Clients-5__Rounds-10__Delay-0_05__Alpha-1_0__Seed-51.txt
MNIST,$\alpha=1.0$,52,0.9922,0.9907,0.15,3.65,4.563,results/main_campaign_default_alpha_0_5/FedHAD-results/test2_robustez_alpha/MNIST-Standard/FedHAD__MNIST__Mode-STANDARD__Cfg-E1L1F1__Setup-5__Clients-5__Rounds-10__Delay-0_05__Alpha-1_0__Seed-52.txt,results/main_campaign_default_alpha_0_5/FedNova-results/test2_robustez_alpha/MNIST/FedNova__MNIST__Setup-5__Clients-5__Rounds-10__Delay-0_05__Alpha-1_0__Seed-52.txt
MNIST,$\alpha=1.0$,53,0.9915,0.9915,0,3.952,4.563,results/main_campaign_default_alpha_0_5/FedHAD-results/test2_robustez_alpha/MNIST-Standard/FedHAD__MNIST__Mode-STANDARD__Cfg-E1L1F1__Setup-5__Clients-5__Rounds-10__Delay-0_05__Alpha-1_0__Seed-53.txt,results/main_campaign_default_alpha_0_5/FedNova-results/test2_robustez_alpha/MNIST/FedNova__MNIST__Setup-5__Clients-5__Rounds-10__Delay-0_05__Alpha-1_0__Seed-53.txt
MNIST,$\alpha=1.0$,54,0.9908,0.9904,0.04,3.65,4.563,results/main_campaign_default_alpha_0_5/FedHAD-results/test2_robustez_alpha/MNIST-Standard/FedHAD__MNIST__Mode-STANDARD__Cfg-E1L1F1__Setup-5__Clients-5__Rounds-10__Delay-0_05__Alpha-1_0__Seed-54.txt,results/main_campaign_default_alpha_0_5/FedNova-results/test2_robustez_alpha/MNIST/FedNova__MNIST__Setup-5__Clients-5__Rounds-10__Delay-0_05__Alpha-1_0__Seed-54.txt
MNIST,$\alpha=1.0$,55,0.9915,0.9907,0.08,3.994,4.563,results/main_campaign_default_alpha_0_5/FedHAD-results/test2_robustez_alpha/MNIST-Standard/FedHAD__MNIST__Mode-STANDARD__Cfg-E1L1F1__Setup-5__Clients-5__Rounds-10__Delay-0_05__Alpha-1_0__Seed-55.txt,results/main_campaign_default_alpha_0_5/FedNova-results/test2_robustez_alpha/MNIST/FedNova__MNIST__Setup-5__Clients-5__Rounds-10__Delay-0_05__Alpha-1_0__Seed-55.txt
MNIST,$\alpha=1.0$,56,0.9908,0.9905,0.03,3.65,4.563,results/main_campaign_default_alpha_0_5/FedHAD-results/test2_robustez_alpha/MNIST-Standard/FedHAD__MNIST__Mode-STANDARD__Cfg-E1L1F1__Setup-5__Clients-5__Rounds-10__Delay-0_05__Alpha-1_0__Seed-56.txt,results/main_campaign_default_alpha_0_5/FedNova-results/test2_robustez_alpha/MNIST/FedNova__MNIST__Setup-5__Clients-5__Rounds-10__Delay-0_05__Alpha-1_0__Seed-56.txt
MNIST,$\alpha=1.0$,57,0.9905,0.9921,-0.16,3.65,4.563,results/main_campaign_default_alpha_0_5/FedHAD-results/test2_robustez_alpha/MNIST-Standard/FedHAD__MNIST__Mode-STANDARD__Cfg-E1L1F1__Setup-5__Clients-5__Rounds-10__Delay-0_05__Alpha-1_0__Seed-57.txt,results/main_campaign_default_alpha_0_5/FedNova-results/test2_robustez_alpha/MNIST/FedNova__MNIST__Setup-5__Clients-5__Rounds-10__Delay-0_05__Alpha-1_0__Seed-57.txt
MNIST,$\alpha=1.0$,58,0.9905,0.9911,-0.06,3.65,4.563,results/main_campaign_default_alpha_0_5/FedHAD-results/test2_robustez_alpha/MNIST-Standard/FedHAD__MNIST__Mode-STANDARD__Cfg-E1L1F1__Setup-5__Clients-5__Rounds-10__Delay-0_05__Alpha-1_0__Seed-58.txt,results/main_campaign_default_alpha_0_5/FedNova-results/test2_robustez_alpha/MNIST/FedNova__MNIST__Setup-5__Clients-5__Rounds-10__Delay-0_05__Alpha-1_0__Seed-58.txt
MNIST,$\alpha=1.0$,59,0.9902,0.9899,0.03,3.65,4.563,results/main_campaign_default_alpha_0_5/FedHAD-results/test2_robustez_alpha/MNIST-Standard/FedHAD__MNIST__Mode-STANDARD__Cfg-E1L1F1__Setup-5__Clients-5__Rounds-10__Delay-0_05__Alpha-1_0__Seed-59.txt,results/main_campaign_default_alpha_0_5/FedNova-results/test2_robustez_alpha/MNIST/FedNova__MNIST__Setup-5__Clients-5__Rounds-10__Delay-0_05__Alpha-1_0__Seed-59.txt
MNIST,$\alpha=1.0$,60,0.9898,0.9904,-0.06,3.65,4.563,results/main_campaign_default_alpha_0_5/FedHAD-results/test2_robustez_alpha/MNIST-Standard/FedHAD__MNIST__Mode-STANDARD__Cfg-E1L1F1__Setup-5__Clients-5__Rounds-10__Delay-0_05__Alpha-1_0__Seed-60.txt,results/main_campaign_default_alpha_0_5/FedNova-results/test2_robustez_alpha/MNIST/FedNova__MNIST__Setup-5__Clients-5__Rounds-10__Delay-0_05__Alpha-1_0__Seed-60.txt
MNIST,$\alpha=1.0$,61,0.9901,0.991,-0.09,3.874,4.563,results/main_campaign_default_alpha_0_5/FedHAD-results/test2_robustez_alpha/MNIST-Standard/FedHAD__MNIST__Mode-STANDARD__Cfg-E1L1F1__Setup-5__Clients-5__Rounds-10__Delay-0_05__Alpha-1_0__Seed-61.txt,results/main_campaign_default_alpha_0_5/FedNova-results/test2_robustez_alpha/MNIST/FedNova__MNIST__Setup-5__Clients-5__Rounds-10__Delay-0_05__Alpha-1_0__Seed-61.txt
MNIST,$\alpha=1.0$,62,0.9919,0.9915,0.04,3.65,4.563,results/main_campaign_default_alpha_0_5/FedHAD-results/test2_robustez_alpha/MNIST-Standard/FedHAD__MNIST__Mode-STANDARD__Cfg-E1L1F1__Setup-5__Clients-5__Rounds-10__Delay-0_05__Alpha-1_0__Seed-62.txt,results/main_campaign_default_alpha_0_5/FedNova-results/test2_robustez_alpha/MNIST/FedNova__MNIST__Setup-5__Clients-5__Rounds-10__Delay-0_05__Alpha-1_0__Seed-62.txt
MNIST,$\alpha=1.0$,63,0.9918,0.9922,-0.04,3.92,4.563,results/main_campaign_default_alpha_0_5/FedHAD-results/test2_robustez_alpha/MNIST-Standard/FedHAD__MNIST__Mode-STANDARD__Cfg-E1L1F1__Setup-5__Clients-5__Rounds-10__Delay-0_05__Alpha-1_0__Seed-63.txt,results/main_campaign_default_alpha_0_5/FedNova-results/test2_robustez_alpha/MNIST/FedNova__MNIST__Setup-5__Clients-5__Rounds-10__Delay-0_05__Alpha-1_0__Seed-63.txt
MNIST,$\alpha=1.0$,64,0.9878,0.9911,-0.33,3.83,4.563,results/main_campaign_default_alpha_0_5/FedHAD-results/test2_robustez_alpha/MNIST-Standard/FedHAD__MNIST__Mode-STANDARD__Cfg-E1L1F1__Setup-5__Clients-5__Rounds-10__Delay-0_05__Alpha-1_0__Seed-64.txt,results/main_campaign_default_alpha_0_5/FedNova-results/test2_robustez_alpha/MNIST/FedNova__MNIST__Setup-5__Clients-5__Rounds-10__Delay-0_05__Alpha-1_0__Seed-64.txt
MNIST,$\alpha=1.0$,65,0.9891,0.991,-0.19,3.65,4.563,results/main_campaign_default_alpha_0_5/FedHAD-results/test2_robustez_alpha/MNIST-Standard/FedHAD__MNIST__Mode-STANDARD__Cfg-E1L1F1__Setup-5__Clients-5__Rounds-10__Delay-0_05__Alpha-1_0__Seed-65.txt,results/main_campaign_default_alpha_0_5/FedNova-results/test2_robustez_alpha/MNIST/FedNova__MNIST__Setup-5__Clients-5__Rounds-10__Delay-0_05__Alpha-1_0__Seed-65.txt
MNIST,$\alpha=1.0$,66,0.9891,0.9896,-0.05,3.65,4.563,results/main_campaign_default_alpha_0_5/FedHAD-results/test2_robustez_alpha/MNIST-Standard/FedHAD__MNIST__Mode-STANDARD__Cfg-E1L1F1__Setup-5__Clients-5__Rounds-10__Delay-0_05__Alpha-1_0__Seed-66.txt,results/main_campaign_default_alpha_0_5/FedNova-results/test2_robustez_alpha/MNIST/FedNova__MNIST__Setup-5__Clients-5__Rounds-10__Delay-0_05__Alpha-1_0__Seed-66.txt
MNIST,$\alpha=1.0$,67,0.9896,0.9911,-0.15,3.65,4.563,results/main_campaign_default_alpha_0_5/FedHAD-results/test2_robustez_alpha/MNIST-Standard/FedHAD__MNIST__Mode-STANDARD__Cfg-E1L1F1__Setup-5__Clients-5__Rounds-10__Delay-0_05__Alpha-1_0__Seed-67.txt,results/main_campaign_default_alpha_0_5/FedNova-results/test2_robustez_alpha/MNIST/FedNova__MNIST__Setup-5__Clients-5__Rounds-10__Delay-0_05__Alpha-1_0__Seed-67.txt
MNIST,$\alpha=1.0$,68,0.9904,0.991,-0.06,3.65,4.563,results/main_campaign_default_alpha_0_5/FedHAD-results/test2_robustez_alpha/MNIST-Standard/FedHAD__MNIST__Mode-STANDARD__Cfg-E1L1F1__Setup-5__Clients-5__Rounds-10__Delay-0_05__Alpha-1_0__Seed-68.txt,results/main_campaign_default_alpha_0_5/FedNova-results/test2_robustez_alpha/MNIST/FedNova__MNIST__Setup-5__Clients-5__Rounds-10__Delay-0_05__Alpha-1_0__Seed-68.txt
MNIST,$\alpha=1.0$,69,0.9916,0.9921,-0.05,3.65,4.563,results/main_campaign_default_alpha_0_5/FedHAD-results/test2_robustez_alpha/MNIST-Standard/FedHAD__MNIST__Mode-STANDARD__Cfg-E1L1F1__Setup-5__Clients-5__Rounds-10__Delay-0_05__Alpha-1_0__Seed-69.txt,results/main_campaign_default_alpha_0_5/FedNova-results/test2_robustez_alpha/MNIST/FedNova__MNIST__Setup-5__Clients-5__Rounds-10__Delay-0_05__Alpha-1_0__Seed-69.txt
MNIST,$\alpha=1.0$,70,0.99,0.991,-0.1,3.65,4.563,results/main_campaign_default_alpha_0_5/FedHAD-results/test2_robustez_alpha/MNIST-Standard/FedHAD__MNIST__Mode-STANDARD__Cfg-E1L1F1__Setup-5__Clients-5__Rounds-10__Delay-0_05__Alpha-1_0__Seed-70.txt,results/main_campaign_default_alpha_0_5/FedNova-results/test2_robustez_alpha/MNIST/FedNova__MNIST__Setup-5__Clients-5__Rounds-10__Delay-0_05__Alpha-1_0__Seed-70.txt
MNIST,$\alpha=1.0$,71,0.9914,0.991,0.04,3.65,4.563,results/main_campaign_default_alpha_0_5/FedHAD-results/test2_robustez_alpha/MNIST-Standard/FedHAD__MNIST__Mode-STANDARD__Cfg-E1L1F1__Setup-5__Clients-5__Rounds-10__Delay-0_05__Alpha-1_0__Seed-71.txt,results/main_campaign_default_alpha_0_5/FedNova-results/test2_robustez_alpha/MNIST/FedNova__MNIST__Setup-5__Clients-5__Rounds-10__Delay-0_05__Alpha-1_0__Seed-71.txt
MNIST,$\alpha=0.1$,42,0.9761,0.9798,-0.37,3.26,4.563,results/main_campaign_default_alpha_0_5/FedHAD-results/test2_robustez_alpha/MNIST-Standard/FedHAD__MNIST__Mode-STANDARD__Cfg-E1L1F1__Setup-5__Clients-5__Rounds-10__Delay-0_05__Alpha-0_1__Seed-42.txt,results/main_campaign_default_alpha_0_5/FedNova-results/test2_robustez_alpha/MNIST/FedNova__MNIST__Setup-5__Clients-5__Rounds-10__Delay-0_05__Alpha-0_1__Seed-42.txt
MNIST,$\alpha=0.1$,43,0.9621,0.9798,-1.77,3.194,4.563,results/main_campaign_default_alpha_0_5/FedHAD-results/test2_robustez_alpha/MNIST-Standard/FedHAD__MNIST__Mode-STANDARD__Cfg-E1L1F1__Setup-5__Clients-5__Rounds-10__Delay-0_05__Alpha-0_1__Seed-43.txt,results/main_campaign_default_alpha_0_5/FedNova-results/test2_robustez_alpha/MNIST/FedNova__MNIST__Setup-5__Clients-5__Rounds-10__Delay-0_05__Alpha-0_1__Seed-43.txt
MNIST,$\alpha=0.1$,44,0.9695,0.9768,-0.73,3.21,4.563,results/main_campaign_default_alpha_0_5/FedHAD-results/test2_robustez_alpha/MNIST-Standard/FedHAD__MNIST__Mode-STANDARD__Cfg-E1L1F1__Setup-5__Clients-5__Rounds-10__Delay-0_05__Alpha-0_1__Seed-44.txt,results/main_campaign_default_alpha_0_5/FedNova-results/test2_robustez_alpha/MNIST/FedNova__MNIST__Setup-5__Clients-5__Rounds-10__Delay-0_05__Alpha-0_1__Seed-44.txt
MNIST,$\alpha=0.1$,45,0.9745,0.9836,-0.91,3.352,4.563,results/main_campaign_default_alpha_0_5/FedHAD-results/test2_robustez_alpha/MNIST-Standard/FedHAD__MNIST__Mode-STANDARD__Cfg-E1L1F1__Setup-5__Clients-5__Rounds-10__Delay-0_05__Alpha-0_1__Seed-45.txt,results/main_campaign_default_alpha_0_5/FedNova-results/test2_robustez_alpha/MNIST/FedNova__MNIST__Setup-5__Clients-5__Rounds-10__Delay-0_05__Alpha-0_1__Seed-45.txt
MNIST,$\alpha=0.1$,46,0.9696,0.9781,-0.85,3.079,4.563,results/main_campaign_default_alpha_0_5/FedHAD-results/test2_robustez_alpha/MNIST-Standard/FedHAD__MNIST__Mode-STANDARD__Cfg-E1L1F1__Setup-5__Clients-5__Rounds-10__Delay-0_05__Alpha-0_1__Seed-46.txt,results/main_campaign_default_alpha_0_5/FedNova-results/test2_robustez_alpha/MNIST/FedNova__MNIST__Setup-5__Clients-5__Rounds-10__Delay-0_05__Alpha-0_1__Seed-46.txt
MNIST,$\alpha=0.1$,47,0.9798,0.9827,-0.29,3.497,4.563,results/main_campaign_default_alpha_0_5/FedHAD-results/test2_robustez_alpha/MNIST-Standard/FedHAD__MNIST__Mode-STANDARD__Cfg-E1L1F1__Setup-5__Clients-5__Rounds-10__Delay-0_05__Alpha-0_1__Seed-47.txt,results/main_campaign_default_alpha_0_5/FedNova-results/test2_robustez_alpha/MNIST/FedNova__MNIST__Setup-5__Clients-5__Rounds-10__Delay-0_05__Alpha-0_1__Seed-47.txt
MNIST,$\alpha=0.1$,48,0.9403,0.9717,-3.14,3.164,4.563,results/main_campaign_default_alpha_0_5/FedHAD-results/test2_robustez_alpha/MNIST-Standard/FedHAD__MNIST__Mode-STANDARD__Cfg-E1L1F1__Setup-5__Clients-5__Rounds-10__Delay-0_05__Alpha-0_1__Seed-48.txt,results/main_campaign_default_alpha_0_5/FedNova-results/test2_robustez_alpha/MNIST/FedNova__MNIST__Setup-5__Clients-5__Rounds-10__Delay-0_05__Alpha-0_1__Seed-48.txt
MNIST,$\alpha=0.1$,49,0.9487,0.9766,-2.79,3.456,4.563,results/main_campaign_default_alpha_0_5/FedHAD-results/test2_robustez_alpha/MNIST-Standard/FedHAD__MNIST__Mode-STANDARD__Cfg-E1L1F1__Setup-5__Clients-5__Rounds-10__Delay-0_05__Alpha-0_1__Seed-49.txt,results/main_campaign_default_alpha_0_5/FedNova-results/test2_robustez_alpha/MNIST/FedNova__MNIST__Setup-5__Clients-5__Rounds-10__Delay-0_05__Alpha-0_1__Seed-49.txt
MNIST,$\alpha=0.1$,50,0.978,0.9827,-0.47,3.314,4.563,results/main_campaign_default_alpha_0_5/FedHAD-results/test2_robustez_alpha/MNIST-Standard/FedHAD__MNIST__Mode-STANDARD__Cfg-E1L1F1__Setup-5__Clients-5__Rounds-10__Delay-0_05__Alpha-0_1__Seed-50.txt,results/main_campaign_default_alpha_0_5/FedNova-results/test2_robustez_alpha/MNIST/FedNova__MNIST__Setup-5__Clients-5__Rounds-10__Delay-0_05__Alpha-0_1__Seed-50.txt
MNIST,$\alpha=0.1$,51,0.973,0.9812,-0.82,3.356,4.563,results/main_campaign_default_alpha_0_5/FedHAD-results/test2_robustez_alpha/MNIST-Standard/FedHAD__MNIST__Mode-STANDARD__Cfg-E1L1F1__Setup-5__Clients-5__Rounds-10__Delay-0_05__Alpha-0_1__Seed-51.txt,results/main_campaign_default_alpha_0_5/FedNova-results/test2_robustez_alpha/MNIST/FedNova__MNIST__Setup-5__Clients-5__Rounds-10__Delay-0_05__Alpha-0_1__Seed-51.txt
MNIST,$\alpha=0.1$,52,0.9819,0.9824,-0.05,3.114,4.563,results/main_campaign_default_alpha_0_5/FedHAD-results/test2_robustez_alpha/MNIST-Standard/FedHAD__MNIST__Mode-STANDARD__Cfg-E1L1F1__Setup-5__Clients-5__Rounds-10__Delay-0_05__Alpha-0_1__Seed-52.txt,results/main_campaign_default_alpha_0_5/FedNova-results/test2_robustez_alpha/MNIST/FedNova__MNIST__Setup-5__Clients-5__Rounds-10__Delay-0_05__Alpha-0_1__Seed-52.txt
MNIST,$\alpha=0.1$,53,0.9749,0.9819,-0.7,3.137,4.563,results/main_campaign_default_alpha_0_5/FedHAD-results/test2_robustez_alpha/MNIST-Standard/FedHAD__MNIST__Mode-STANDARD__Cfg-E1L1F1__Setup-5__Clients-5__Rounds-10__Delay-0_05__Alpha-0_1__Seed-53.txt,results/main_campaign_default_alpha_0_5/FedNova-results/test2_robustez_alpha/MNIST/FedNova__MNIST__Setup-5__Clients-5__Rounds-10__Delay-0_05__Alpha-0_1__Seed-53.txt
MNIST,$\alpha=0.1$,54,0.9553,0.9773,-2.2,3.417,4.563,results/main_campaign_default_alpha_0_5/FedHAD-results/test2_robustez_alpha/MNIST-Standard/FedHAD__MNIST__Mode-STANDARD__Cfg-E1L1F1__Setup-5__Clients-5__Rounds-10__Delay-0_05__Alpha-0_1__Seed-54.txt,results/main_campaign_default_alpha_0_5/FedNova-results/test2_robustez_alpha/MNIST/FedNova__MNIST__Setup-5__Clients-5__Rounds-10__Delay-0_05__Alpha-0_1__Seed-54.txt
MNIST,$\alpha=0.1$,55,0.9616,0.9852,-2.36,3.183,4.563,results/main_campaign_default_alpha_0_5/FedHAD-results/test2_robustez_alpha/MNIST-Standard/FedHAD__MNIST__Mode-STANDARD__Cfg-E1L1F1__Setup-5__Clients-5__Rounds-10__Delay-0_05__Alpha-0_1__Seed-55.txt,results/main_campaign_default_alpha_0_5/FedNova-results/test2_robustez_alpha/MNIST/FedNova__MNIST__Setup-5__Clients-5__Rounds-10__Delay-0_05__Alpha-0_1__Seed-55.txt
MNIST,$\alpha=0.1$,56,0.9692,0.9799,-1.07,3.084,4.563,results/main_campaign_default_alpha_0_5/FedHAD-results/test2_robustez_alpha/MNIST-Standard/FedHAD__MNIST__Mode-STANDARD__Cfg-E1L1F1__Setup-5__Clients-5__Rounds-10__Delay-0_05__Alpha-0_1__Seed-56.txt,results/main_campaign_default_alpha_0_5/FedNova-results/test2_robustez_alpha/MNIST/FedNova__MNIST__Setup-5__Clients-5__Rounds-10__Delay-0_05__Alpha-0_1__Seed-56.txt
MNIST,$\alpha=0.1$,57,0.9776,0.9851,-0.75,3.237,4.563,results/main_campaign_default_alpha_0_5/FedHAD-results/test2_robustez_alpha/MNIST-Standard/FedHAD__MNIST__Mode-STANDARD__Cfg-E1L1F1__Setup-5__Clients-5__Rounds-10__Delay-0_05__Alpha-0_1__Seed-57.txt,results/main_campaign_default_alpha_0_5/FedNova-results/test2_robustez_alpha/MNIST/FedNova__MNIST__Setup-5__Clients-5__Rounds-10__Delay-0_05__Alpha-0_1__Seed-57.txt
MNIST,$\alpha=0.1$,58,0.9753,0.9846,-0.93,3.241,4.563,results/main_campaign_default_alpha_0_5/FedHAD-results/test2_robustez_alpha/MNIST-Standard/FedHAD__MNIST__Mode-STANDARD__Cfg-E1L1F1__Setup-5__Clients-5__Rounds-10__Delay-0_05__Alpha-0_1__Seed-58.txt,results/main_campaign_default_alpha_0_5/FedNova-results/test2_robustez_alpha/MNIST/FedNova__MNIST__Setup-5__Clients-5__Rounds-10__Delay-0_05__Alpha-0_1__Seed-58.txt
MNIST,$\alpha=0.1$,59,0.9758,0.9825,-0.67,3.094,4.563,results/main_campaign_default_alpha_0_5/FedHAD-results/test2_robustez_alpha/MNIST-Standard/FedHAD__MNIST__Mode-STANDARD__Cfg-E1L1F1__Setup-5__Clients-5__Rounds-10__Delay-0_05__Alpha-0_1__Seed-59.txt,results/main_campaign_default_alpha_0_5/FedNova-results/test2_robustez_alpha/MNIST/FedNova__MNIST__Setup-5__Clients-5__Rounds-10__Delay-0_05__Alpha-0_1__Seed-59.txt
MNIST,$\alpha=0.1$,60,0.9751,0.9844,-0.93,3.043,4.563,results/main_campaign_default_alpha_0_5/FedHAD-results/test2_robustez_alpha/MNIST-Standard/FedHAD__MNIST__Mode-STANDARD__Cfg-E1L1F1__Setup-5__Clients-5__Rounds-10__Delay-0_05__Alpha-0_1__Seed-60.txt,results/main_campaign_default_alpha_0_5/FedNova-results/test2_robustez_alpha/MNIST/FedNova__MNIST__Setup-5__Clients-5__Rounds-10__Delay-0_05__Alpha-0_1__Seed-60.txt
MNIST,$\alpha=0.1$,61,0.9838,0.9848,-0.1,3.559,4.563,results/main_campaign_default_alpha_0_5/FedHAD-results/test2_robustez_alpha/MNIST-Standard/FedHAD__MNIST__Mode-STANDARD__Cfg-E1L1F1__Setup-5__Clients-5__Rounds-10__Delay-0_05__Alpha-0_1__Seed-61.txt,results/main_campaign_default_alpha_0_5/FedNova-results/test2_robustez_alpha/MNIST/FedNova__MNIST__Setup-5__Clients-5__Rounds-10__Delay-0_05__Alpha-0_1__Seed-61.txt
MNIST,$\alpha=0.1$,62,0.9617,0.9748,-1.31,2.977,4.563,results/main_campaign_default_alpha_0_5/FedHAD-results/test2_robustez_alpha/MNIST-Standard/FedHAD__MNIST__Mode-STANDARD__Cfg-E1L1F1__Setup-5__Clients-5__Rounds-10__Delay-0_05__Alpha-0_1__Seed-62.txt,results/main_campaign_default_alpha_0_5/FedNova-results/test2_robustez_alpha/MNIST/FedNova__MNIST__Setup-5__Clients-5__Rounds-10__Delay-0_05__Alpha-0_1__Seed-62.txt
MNIST,$\alpha=0.1$,63,0.9515,0.9738,-2.23,3.497,4.563,results/main_campaign_default_alpha_0_5/FedHAD-results/test2_robustez_alpha/MNIST-Standard/FedHAD__MNIST__Mode-STANDARD__Cfg-E1L1F1__Setup-5__Clients-5__Rounds-10__Delay-0_05__Alpha-0_1__Seed-63.txt,results/main_campaign_default_alpha_0_5/FedNova-results/test2_robustez_alpha/MNIST/FedNova__MNIST__Setup-5__Clients-5__Rounds-10__Delay-0_05__Alpha-0_1__Seed-63.txt
MNIST,$\alpha=0.1$,64,0.9542,0.975,-2.08,3.343,4.563,results/main_campaign_default_alpha_0_5/FedHAD-results/test2_robustez_alpha/MNIST-Standard/FedHAD__MNIST__Mode-STANDARD__Cfg-E1L1F1__Setup-5__Clients-5__Rounds-10__Delay-0_05__Alpha-0_1__Seed-64.txt,results/main_campaign_default_alpha_0_5/FedNova-results/test2_robustez_alpha/MNIST/FedNova__MNIST__Setup-5__Clients-5__Rounds-10__Delay-0_05__Alpha-0_1__Seed-64.txt
MNIST,$\alpha=0.1$,65,0.979,0.9784,0.06,3.241,4.563,results/main_campaign_default_alpha_0_5/FedHAD-results/test2_robustez_alpha/MNIST-Standard/FedHAD__MNIST__Mode-STANDARD__Cfg-E1L1F1__Setup-5__Clients-5__Rounds-10__Delay-0_05__Alpha-0_1__Seed-65.txt,results/main_campaign_default_alpha_0_5/FedNova-results/test2_robustez_alpha/MNIST/FedNova__MNIST__Setup-5__Clients-5__Rounds-10__Delay-0_05__Alpha-0_1__Seed-65.txt
MNIST,$\alpha=0.1$,66,0.9424,0.9777,-3.53,3.196,4.563,results/main_campaign_default_alpha_0_5/FedHAD-results/test2_robustez_alpha/MNIST-Standard/FedHAD__MNIST__Mode-STANDARD__Cfg-E1L1F1__Setup-5__Clients-5__Rounds-10__Delay-0_05__Alpha-0_1__Seed-66.txt,results/main_campaign_default_alpha_0_5/FedNova-results/test2_robustez_alpha/MNIST/FedNova__MNIST__Setup-5__Clients-5__Rounds-10__Delay-0_05__Alpha-0_1__Seed-66.txt
MNIST,$\alpha=0.1$,67,0.9596,0.9844,-2.48,3.041,4.563,results/main_campaign_default_alpha_0_5/FedHAD-results/test2_robustez_alpha/MNIST-Standard/FedHAD__MNIST__Mode-STANDARD__Cfg-E1L1F1__Setup-5__Clients-5__Rounds-10__Delay-0_05__Alpha-0_1__Seed-67.txt,results/main_campaign_default_alpha_0_5/FedNova-results/test2_robustez_alpha/MNIST/FedNova__MNIST__Setup-5__Clients-5__Rounds-10__Delay-0_05__Alpha-0_1__Seed-67.txt
MNIST,$\alpha=0.1$,68,0.9836,0.9857,-0.21,3.128,4.563,results/main_campaign_default_alpha_0_5/FedHAD-results/test2_robustez_alpha/MNIST-Standard/FedHAD__MNIST__Mode-STANDARD__Cfg-E1L1F1__Setup-5__Clients-5__Rounds-10__Delay-0_05__Alpha-0_1__Seed-68.txt,results/main_campaign_default_alpha_0_5/FedNova-results/test2_robustez_alpha/MNIST/FedNova__MNIST__Setup-5__Clients-5__Rounds-10__Delay-0_05__Alpha-0_1__Seed-68.txt
MNIST,$\alpha=0.1$,69,0.9759,0.9881,-1.22,3.285,4.563,results/main_campaign_default_alpha_0_5/FedHAD-results/test2_robustez_alpha/MNIST-Standard/FedHAD__MNIST__Mode-STANDARD__Cfg-E1L1F1__Setup-5__Clients-5__Rounds-10__Delay-0_05__Alpha-0_1__Seed-69.txt,results/main_campaign_default_alpha_0_5/FedNova-results/test2_robustez_alpha/MNIST/FedNova__MNIST__Setup-5__Clients-5__Rounds-10__Delay-0_05__Alpha-0_1__Seed-69.txt
MNIST,$\alpha=0.1$,70,0.9609,0.9715,-1.06,3.01,4.563,results/main_campaign_default_alpha_0_5/FedHAD-results/test2_robustez_alpha/MNIST-Standard/FedHAD__MNIST__Mode-STANDARD__Cfg-E1L1F1__Setup-5__Clients-5__Rounds-10__Delay-0_05__Alpha-0_1__Seed-70.txt,results/main_campaign_default_alpha_0_5/FedNova-results/test2_robustez_alpha/MNIST/FedNova__MNIST__Setup-5__Clients-5__Rounds-10__Delay-0_05__Alpha-0_1__Seed-70.txt
MNIST,$\alpha=0.1$,71,0.957,0.9788,-2.18,3.175,4.563,results/main_campaign_default_alpha_0_5/FedHAD-results/test2_robustez_alpha/MNIST-Standard/FedHAD__MNIST__Mode-STANDARD__Cfg-E1L1F1__Setup-5__Clients-5__Rounds-10__Delay-0_05__Alpha-0_1__Seed-71.txt,results/main_campaign_default_alpha_0_5/FedNova-results/test2_robustez_alpha/MNIST/FedNova__MNIST__Setup-5__Clients-5__Rounds-10__Delay-0_05__Alpha-0_1__Seed-71.txt
MNIST,$\alpha=0.01$,42,0.9277,0.9401,-1.24,2.998,4.563,results/main_campaign_default_alpha_0_5/FedHAD-results/test2_robustez_alpha/MNIST-Standard/FedHAD__MNIST__Mode-STANDARD__Cfg-E1L1F1__Setup-5__Clients-5__Rounds-10__Delay-0_05__Alpha-0_01__Seed-42.txt,results/main_campaign_default_alpha_0_5/FedNova-results/test2_robustez_alpha/MNIST/FedNova__MNIST__Setup-5__Clients-5__Rounds-10__Delay-0_05__Alpha-0_01__Seed-42.txt
MNIST,$\alpha=0.01$,43,0.8744,0.9563,-8.19,2.891,4.563,results/main_campaign_default_alpha_0_5/FedHAD-results/test2_robustez_alpha/MNIST-Standard/FedHAD__MNIST__Mode-STANDARD__Cfg-E1L1F1__Setup-5__Clients-5__Rounds-10__Delay-0_05__Alpha-0_01__Seed-43.txt,results/main_campaign_default_alpha_0_5/FedNova-results/test2_robustez_alpha/MNIST/FedNova__MNIST__Setup-5__Clients-5__Rounds-10__Delay-0_05__Alpha-0_01__Seed-43.txt
MNIST,$\alpha=0.01$,44,0.9228,0.9585,-3.57,3.009,4.563,results/main_campaign_default_alpha_0_5/FedHAD-results/test2_robustez_alpha/MNIST-Standard/FedHAD__MNIST__Mode-STANDARD__Cfg-E1L1F1__Setup-5__Clients-5__Rounds-10__Delay-0_05__Alpha-0_01__Seed-44.txt,results/main_campaign_default_alpha_0_5/FedNova-results/test2_robustez_alpha/MNIST/FedNova__MNIST__Setup-5__Clients-5__Rounds-10__Delay-0_05__Alpha-0_01__Seed-44.txt
MNIST,$\alpha=0.01$,45,0.9229,0.9457,-2.28,2.848,4.563,results/main_campaign_default_alpha_0_5/FedHAD-results/test2_robustez_alpha/MNIST-Standard/FedHAD__MNIST__Mode-STANDARD__Cfg-E1L1F1__Setup-5__Clients-5__Rounds-10__Delay-0_05__Alpha-0_01__Seed-45.txt,results/main_campaign_default_alpha_0_5/FedNova-results/test2_robustez_alpha/MNIST/FedNova__MNIST__Setup-5__Clients-5__Rounds-10__Delay-0_05__Alpha-0_01__Seed-45.txt
MNIST,$\alpha=0.01$,46,0.9305,0.9486,-1.81,2.982,4.563,results/main_campaign_default_alpha_0_5/FedHAD-results/test2_robustez_alpha/MNIST-Standard/FedHAD__MNIST__Mode-STANDARD__Cfg-E1L1F1__Setup-5__Clients-5__Rounds-10__Delay-0_05__Alpha-0_01__Seed-46.txt,results/main_campaign_default_alpha_0_5/FedNova-results/test2_robustez_alpha/MNIST/FedNova__MNIST__Setup-5__Clients-5__Rounds-10__Delay-0_05__Alpha-0_01__Seed-46.txt
MNIST,$\alpha=0.01$,47,0.9218,0.9595,-3.77,2.994,4.563,results/main_campaign_default_alpha_0_5/FedHAD-results/test2_robustez_alpha/MNIST-Standard/FedHAD__MNIST__Mode-STANDARD__Cfg-E1L1F1__Setup-5__Clients-5__Rounds-10__Delay-0_05__Alpha-0_01__Seed-47.txt,results/main_campaign_default_alpha_0_5/FedNova-results/test2_robustez_alpha/MNIST/FedNova__MNIST__Setup-5__Clients-5__Rounds-10__Delay-0_05__Alpha-0_01__Seed-47.txt
MNIST,$\alpha=0.01$,48,0.9239,0.9223,0.16,2.738,4.563,results/main_campaign_default_alpha_0_5/FedHAD-results/test2_robustez_alpha/MNIST-Standard/FedHAD__MNIST__Mode-STANDARD__Cfg-E1L1F1__Setup-5__Clients-5__Rounds-10__Delay-0_05__Alpha-0_01__Seed-48.txt,results/main_campaign_default_alpha_0_5/FedNova-results/test2_robustez_alpha/MNIST/FedNova__MNIST__Setup-5__Clients-5__Rounds-10__Delay-0_05__Alpha-0_01__Seed-48.txt
MNIST,$\alpha=0.01$,49,0.9245,0.9453,-2.08,2.842,4.563,results/main_campaign_default_alpha_0_5/FedHAD-results/test2_robustez_alpha/MNIST-Standard/FedHAD__MNIST__Mode-STANDARD__Cfg-E1L1F1__Setup-5__Clients-5__Rounds-10__Delay-0_05__Alpha-0_01__Seed-49.txt,results/main_campaign_default_alpha_0_5/FedNova-results/test2_robustez_alpha/MNIST/FedNova__MNIST__Setup-5__Clients-5__Rounds-10__Delay-0_05__Alpha-0_01__Seed-49.txt
MNIST,$\alpha=0.01$,50,0.9085,0.879,2.95,2.931,4.563,results/main_campaign_default_alpha_0_5/FedHAD-results/test2_robustez_alpha/MNIST-Standard/FedHAD__MNIST__Mode-STANDARD__Cfg-E1L1F1__Setup-5__Clients-5__Rounds-10__Delay-0_05__Alpha-0_01__Seed-50.txt,results/main_campaign_default_alpha_0_5/FedNova-results/test2_robustez_alpha/MNIST/FedNova__MNIST__Setup-5__Clients-5__Rounds-10__Delay-0_05__Alpha-0_01__Seed-50.txt
MNIST,$\alpha=0.01$,51,0.9193,0.9055,1.38,3.015,4.563,results/main_campaign_default_alpha_0_5/FedHAD-results/test2_robustez_alpha/MNIST-Standard/FedHAD__MNIST__Mode-STANDARD__Cfg-E1L1F1__Setup-5__Clients-5__Rounds-10__Delay-0_05__Alpha-0_01__Seed-51.txt,results/main_campaign_default_alpha_0_5/FedNova-results/test2_robustez_alpha/MNIST/FedNova__MNIST__Setup-5__Clients-5__Rounds-10__Delay-0_05__Alpha-0_01__Seed-51.txt
MNIST,$\alpha=0.01$,52,0.9413,0.9664,-2.51,3.318,4.563,results/main_campaign_default_alpha_0_5/FedHAD-results/test2_robustez_alpha/MNIST-Standard/FedHAD__MNIST__Mode-STANDARD__Cfg-E1L1F1__Setup-5__Clients-5__Rounds-10__Delay-0_05__Alpha-0_01__Seed-52.txt,results/main_campaign_default_alpha_0_5/FedNova-results/test2_robustez_alpha/MNIST/FedNova__MNIST__Setup-5__Clients-5__Rounds-10__Delay-0_05__Alpha-0_01__Seed-52.txt
MNIST,$\alpha=0.01$,53,0.9434,0.9612,-1.78,2.903,4.563,results/main_campaign_default_alpha_0_5/FedHAD-results/test2_robustez_alpha/MNIST-Standard/FedHAD__MNIST__Mode-STANDARD__Cfg-E1L1F1__Setup-5__Clients-5__Rounds-10__Delay-0_05__Alpha-0_01__Seed-53.txt,results/main_campaign_default_alpha_0_5/FedNova-results/test2_robustez_alpha/MNIST/FedNova__MNIST__Setup-5__Clients-5__Rounds-10__Delay-0_05__Alpha-0_01__Seed-53.txt
MNIST,$\alpha=0.01$,54,0.9192,0.8994,1.98,3.207,4.563,results/main_campaign_default_alpha_0_5/FedHAD-results/test2_robustez_alpha/MNIST-Standard/FedHAD__MNIST__Mode-STANDARD__Cfg-E1L1F1__Setup-5__Clients-5__Rounds-10__Delay-0_05__Alpha-0_01__Seed-54.txt,results/main_campaign_default_alpha_0_5/FedNova-results/test2_robustez_alpha/MNIST/FedNova__MNIST__Setup-5__Clients-5__Rounds-10__Delay-0_05__Alpha-0_01__Seed-54.txt
MNIST,$\alpha=0.01$,55,0.8967,0.8833,1.34,3.291,4.563,results/main_campaign_default_alpha_0_5/FedHAD-results/test2_robustez_alpha/MNIST-Standard/FedHAD__MNIST__Mode-STANDARD__Cfg-E1L1F1__Setup-5__Clients-5__Rounds-10__Delay-0_05__Alpha-0_01__Seed-55.txt,results/main_campaign_default_alpha_0_5/FedNova-results/test2_robustez_alpha/MNIST/FedNova__MNIST__Setup-5__Clients-5__Rounds-10__Delay-0_05__Alpha-0_01__Seed-55.txt
MNIST,$\alpha=0.01$,56,0.897,0.8528,4.42,2.642,4.563,results/main_campaign_default_alpha_0_5/FedHAD-results/test2_robustez_alpha/MNIST-Standard/FedHAD__MNIST__Mode-STANDARD__Cfg-E1L1F1__Setup-5__Clients-5__Rounds-10__Delay-0_05__Alpha-0_01__Seed-56.txt,results/main_campaign_default_alpha_0_5/FedNova-results/test2_robustez_alpha/MNIST/FedNova__MNIST__Setup-5__Clients-5__Rounds-10__Delay-0_05__Alpha-0_01__Seed-56.txt
MNIST,$\alpha=0.01$,57,0.9003,0.9559,-5.56,3.115,4.563,results/main_campaign_default_alpha_0_5/FedHAD-results/test2_robustez_alpha/MNIST-Standard/FedHAD__MNIST__Mode-STANDARD__Cfg-E1L1F1__Setup-5__Clients-5__Rounds-10__Delay-0_05__Alpha-0_01__Seed-57.txt,results/main_campaign_default_alpha_0_5/FedNova-results/test2_robustez_alpha/MNIST/FedNova__MNIST__Setup-5__Clients-5__Rounds-10__Delay-0_05__Alpha-0_01__Seed-57.txt
MNIST,$\alpha=0.01$,58,0.8882,0.9416,-5.34,2.648,4.563,results/main_campaign_default_alpha_0_5/FedHAD-results/test2_robustez_alpha/MNIST-Standard/FedHAD__MNIST__Mode-STANDARD__Cfg-E1L1F1__Setup-5__Clients-5__Rounds-10__Delay-0_05__Alpha-0_01__Seed-58.txt,results/main_campaign_default_alpha_0_5/FedNova-results/test2_robustez_alpha/MNIST/FedNova__MNIST__Setup-5__Clients-5__Rounds-10__Delay-0_05__Alpha-0_01__Seed-58.txt
MNIST,$\alpha=0.01$,59,0.8994,0.8987,0.07,3.016,4.563,results/main_campaign_default_alpha_0_5/FedHAD-results/test2_robustez_alpha/MNIST-Standard/FedHAD__MNIST__Mode-STANDARD__Cfg-E1L1F1__Setup-5__Clients-5__Rounds-10__Delay-0_05__Alpha-0_01__Seed-59.txt,results/main_campaign_default_alpha_0_5/FedNova-results/test2_robustez_alpha/MNIST/FedNova__MNIST__Setup-5__Clients-5__Rounds-10__Delay-0_05__Alpha-0_01__Seed-59.txt
MNIST,$\alpha=0.01$,60,0.8881,0.8681,2,2.913,4.563,results/main_campaign_default_alpha_0_5/FedHAD-results/test2_robustez_alpha/MNIST-Standard/FedHAD__MNIST__Mode-STANDARD__Cfg-E1L1F1__Setup-5__Clients-5__Rounds-10__Delay-0_05__Alpha-0_01__Seed-60.txt,results/main_campaign_default_alpha_0_5/FedNova-results/test2_robustez_alpha/MNIST/FedNova__MNIST__Setup-5__Clients-5__Rounds-10__Delay-0_05__Alpha-0_01__Seed-60.txt
MNIST,$\alpha=0.01$,61,0.9119,0.8372,7.47,3.107,4.563,results/main_campaign_default_alpha_0_5/FedHAD-results/test2_robustez_alpha/MNIST-Standard/FedHAD__MNIST__Mode-STANDARD__Cfg-E1L1F1__Setup-5__Clients-5__Rounds-10__Delay-0_05__Alpha-0_01__Seed-61.txt,results/main_campaign_default_alpha_0_5/FedNova-results/test2_robustez_alpha/MNIST/FedNova__MNIST__Setup-5__Clients-5__Rounds-10__Delay-0_05__Alpha-0_01__Seed-61.txt
MNIST,$\alpha=0.01$,62,0.9189,0.7932,12.57,3.022,4.563,results/main_campaign_default_alpha_0_5/FedHAD-results/test2_robustez_alpha/MNIST-Standard/FedHAD__MNIST__Mode-STANDARD__Cfg-E1L1F1__Setup-5__Clients-5__Rounds-10__Delay-0_05__Alpha-0_01__Seed-62.txt,results/main_campaign_default_alpha_0_5/FedNova-results/test2_robustez_alpha/MNIST/FedNova__MNIST__Setup-5__Clients-5__Rounds-10__Delay-0_05__Alpha-0_01__Seed-62.txt
MNIST,$\alpha=0.01$,63,0.919,0.9404,-2.14,2.927,4.563,results/main_campaign_default_alpha_0_5/FedHAD-results/test2_robustez_alpha/MNIST-Standard/FedHAD__MNIST__Mode-STANDARD__Cfg-E1L1F1__Setup-5__Clients-5__Rounds-10__Delay-0_05__Alpha-0_01__Seed-63.txt,results/main_campaign_default_alpha_0_5/FedNova-results/test2_robustez_alpha/MNIST/FedNova__MNIST__Setup-5__Clients-5__Rounds-10__Delay-0_05__Alpha-0_01__Seed-63.txt
MNIST,$\alpha=0.01$,64,0.9082,0.9203,-1.21,2.647,4.563,results/main_campaign_default_alpha_0_5/FedHAD-results/test2_robustez_alpha/MNIST-Standard/FedHAD__MNIST__Mode-STANDARD__Cfg-E1L1F1__Setup-5__Clients-5__Rounds-10__Delay-0_05__Alpha-0_01__Seed-64.txt,results/main_campaign_default_alpha_0_5/FedNova-results/test2_robustez_alpha/MNIST/FedNova__MNIST__Setup-5__Clients-5__Rounds-10__Delay-0_05__Alpha-0_01__Seed-64.txt
MNIST,$\alpha=0.01$,65,0.8717,0.9244,-5.27,2.883,4.563,results/main_campaign_default_alpha_0_5/FedHAD-results/test2_robustez_alpha/MNIST-Standard/FedHAD__MNIST__Mode-STANDARD__Cfg-E1L1F1__Setup-5__Clients-5__Rounds-10__Delay-0_05__Alpha-0_01__Seed-65.txt,results/main_campaign_default_alpha_0_5/FedNova-results/test2_robustez_alpha/MNIST/FedNova__MNIST__Setup-5__Clients-5__Rounds-10__Delay-0_05__Alpha-0_01__Seed-65.txt
MNIST,$\alpha=0.01$,66,0.9565,0.966,-0.95,3.021,4.563,results/main_campaign_default_alpha_0_5/FedHAD-results/test2_robustez_alpha/MNIST-Standard/FedHAD__MNIST__Mode-STANDARD__Cfg-E1L1F1__Setup-5__Clients-5__Rounds-10__Delay-0_05__Alpha-0_01__Seed-66.txt,results/main_campaign_default_alpha_0_5/FedNova-results/test2_robustez_alpha/MNIST/FedNova__MNIST__Setup-5__Clients-5__Rounds-10__Delay-0_05__Alpha-0_01__Seed-66.txt
MNIST,$\alpha=0.01$,67,0.8261,0.8695,-4.34,2.912,4.563,results/main_campaign_default_alpha_0_5/FedHAD-results/test2_robustez_alpha/MNIST-Standard/FedHAD__MNIST__Mode-STANDARD__Cfg-E1L1F1__Setup-5__Clients-5__Rounds-10__Delay-0_05__Alpha-0_01__Seed-67.txt,results/main_campaign_default_alpha_0_5/FedNova-results/test2_robustez_alpha/MNIST/FedNova__MNIST__Setup-5__Clients-5__Rounds-10__Delay-0_05__Alpha-0_01__Seed-67.txt
MNIST,$\alpha=0.01$,68,0.8893,0.849,4.03,2.649,4.563,results/main_campaign_default_alpha_0_5/FedHAD-results/test2_robustez_alpha/MNIST-Standard/FedHAD__MNIST__Mode-STANDARD__Cfg-E1L1F1__Setup-5__Clients-5__Rounds-10__Delay-0_05__Alpha-0_01__Seed-68.txt,results/main_campaign_default_alpha_0_5/FedNova-results/test2_robustez_alpha/MNIST/FedNova__MNIST__Setup-5__Clients-5__Rounds-10__Delay-0_05__Alpha-0_01__Seed-68.txt
MNIST,$\alpha=0.01$,69,0.9519,0.9722,-2.03,3.132,4.563,results/main_campaign_default_alpha_0_5/FedHAD-results/test2_robustez_alpha/MNIST-Standard/FedHAD__MNIST__Mode-STANDARD__Cfg-E1L1F1__Setup-5__Clients-5__Rounds-10__Delay-0_05__Alpha-0_01__Seed-69.txt,results/main_campaign_default_alpha_0_5/FedNova-results/test2_robustez_alpha/MNIST/FedNova__MNIST__Setup-5__Clients-5__Rounds-10__Delay-0_05__Alpha-0_01__Seed-69.txt
MNIST,$\alpha=0.01$,70,0.9203,0.9534,-3.31,2.926,4.563,results/main_campaign_default_alpha_0_5/FedHAD-results/test2_robustez_alpha/MNIST-Standard/FedHAD__MNIST__Mode-STANDARD__Cfg-E1L1F1__Setup-5__Clients-5__Rounds-10__Delay-0_05__Alpha-0_01__Seed-70.txt,results/main_campaign_default_alpha_0_5/FedNova-results/test2_robustez_alpha/MNIST/FedNova__MNIST__Setup-5__Clients-5__Rounds-10__Delay-0_05__Alpha-0_01__Seed-70.txt
MNIST,$\alpha=0.01$,71,0.9175,0.9329,-1.54,2.8,4.563,results/main_campaign_default_alpha_0_5/FedHAD-results/test2_robustez_alpha/MNIST-Standard/FedHAD__MNIST__Mode-STANDARD__Cfg-E1L1F1__Setup-5__Clients-5__Rounds-10__Delay-0_05__Alpha-0_01__Seed-71.txt,results/main_campaign_default_alpha_0_5/FedNova-results/test2_robustez_alpha/MNIST/FedNova__MNIST__Setup-5__Clients-5__Rounds-10__Delay-0_05__Alpha-0_01__Seed-71.txt
FashionMNIST,$\alpha=1.0$,42,0.887,0.8925,-0.55,3.65,4.563,results/main_campaign_default_alpha_0_5/FedHAD-results/test2_robustez_alpha/FashionMNIST-Standard/FedHAD__FashionMNIST__Mode-STANDARD__Cfg-E1L1F1__Setup-5__Clients-5__Rounds-10__Delay-0_05__Alpha-1_0__Seed-42.txt,results/main_campaign_default_alpha_0_5/FedNova-results/test2_robustez_alpha/FashionMNIST/FedNova__FashionMNIST__Setup-5__Clients-5__Rounds-10__Delay-0_05__Alpha-1_0__Seed-42.txt
FashionMNIST,$\alpha=1.0$,43,0.8912,0.8925,-0.13,3.65,4.563,results/main_campaign_default_alpha_0_5/FedHAD-results/test2_robustez_alpha/FashionMNIST-Standard/FedHAD__FashionMNIST__Mode-STANDARD__Cfg-E1L1F1__Setup-5__Clients-5__Rounds-10__Delay-0_05__Alpha-1_0__Seed-43.txt,results/main_campaign_default_alpha_0_5/FedNova-results/test2_robustez_alpha/FashionMNIST/FedNova__FashionMNIST__Setup-5__Clients-5__Rounds-10__Delay-0_05__Alpha-1_0__Seed-43.txt
FashionMNIST,$\alpha=1.0$,44,0.8886,0.8856,0.3,3.65,4.563,results/main_campaign_default_alpha_0_5/FedHAD-results/test2_robustez_alpha/FashionMNIST-Standard/FedHAD__FashionMNIST__Mode-STANDARD__Cfg-E1L1F1__Setup-5__Clients-5__Rounds-10__Delay-0_05__Alpha-1_0__Seed-44.txt,results/main_campaign_default_alpha_0_5/FedNova-results/test2_robustez_alpha/FashionMNIST/FedNova__FashionMNIST__Setup-5__Clients-5__Rounds-10__Delay-0_05__Alpha-1_0__Seed-44.txt
FashionMNIST,$\alpha=1.0$,45,0.8919,0.8899,0.2,3.65,4.563,results/main_campaign_default_alpha_0_5/FedHAD-results/test2_robustez_alpha/FashionMNIST-Standard/FedHAD__FashionMNIST__Mode-STANDARD__Cfg-E1L1F1__Setup-5__Clients-5__Rounds-10__Delay-0_05__Alpha-1_0__Seed-45.txt,results/main_campaign_default_alpha_0_5/FedNova-results/test2_robustez_alpha/FashionMNIST/FedNova__FashionMNIST__Setup-5__Clients-5__Rounds-10__Delay-0_05__Alpha-1_0__Seed-45.txt
FashionMNIST,$\alpha=1.0$,46,0.8889,0.8914,-0.25,3.65,4.563,results/main_campaign_default_alpha_0_5/FedHAD-results/test2_robustez_alpha/FashionMNIST-Standard/FedHAD__FashionMNIST__Mode-STANDARD__Cfg-E1L1F1__Setup-5__Clients-5__Rounds-10__Delay-0_05__Alpha-1_0__Seed-46.txt,results/main_campaign_default_alpha_0_5/FedNova-results/test2_robustez_alpha/FashionMNIST/FedNova__FashionMNIST__Setup-5__Clients-5__Rounds-10__Delay-0_05__Alpha-1_0__Seed-46.txt
FashionMNIST,$\alpha=1.0$,47,0.8882,0.8916,-0.34,3.65,4.563,results/main_campaign_default_alpha_0_5/FedHAD-results/test2_robustez_alpha/FashionMNIST-Standard/FedHAD__FashionMNIST__Mode-STANDARD__Cfg-E1L1F1__Setup-5__Clients-5__Rounds-10__Delay-0_05__Alpha-1_0__Seed-47.txt,results/main_campaign_default_alpha_0_5/FedNova-results/test2_robustez_alpha/FashionMNIST/FedNova__FashionMNIST__Setup-5__Clients-5__Rounds-10__Delay-0_05__Alpha-1_0__Seed-47.txt
FashionMNIST,$\alpha=1.0$,48,0.8887,0.8949,-0.62,3.65,4.563,results/main_campaign_default_alpha_0_5/FedHAD-results/test2_robustez_alpha/FashionMNIST-Standard/FedHAD__FashionMNIST__Mode-STANDARD__Cfg-E1L1F1__Setup-5__Clients-5__Rounds-10__Delay-0_05__Alpha-1_0__Seed-48.txt,results/main_campaign_default_alpha_0_5/FedNova-results/test2_robustez_alpha/FashionMNIST/FedNova__FashionMNIST__Setup-5__Clients-5__Rounds-10__Delay-0_05__Alpha-1_0__Seed-48.txt
FashionMNIST,$\alpha=1.0$,49,0.8903,0.8895,0.08,3.808,4.563,results/main_campaign_default_alpha_0_5/FedHAD-results/test2_robustez_alpha/FashionMNIST-Standard/FedHAD__FashionMNIST__Mode-STANDARD__Cfg-E1L1F1__Setup-5__Clients-5__Rounds-10__Delay-0_05__Alpha-1_0__Seed-49.txt,results/main_campaign_default_alpha_0_5/FedNova-results/test2_robustez_alpha/FashionMNIST/FedNova__FashionMNIST__Setup-5__Clients-5__Rounds-10__Delay-0_05__Alpha-1_0__Seed-49.txt
FashionMNIST,$\alpha=1.0$,50,0.8946,0.8901,0.45,3.65,4.563,results/main_campaign_default_alpha_0_5/FedHAD-results/test2_robustez_alpha/FashionMNIST-Standard/FedHAD__FashionMNIST__Mode-STANDARD__Cfg-E1L1F1__Setup-5__Clients-5__Rounds-10__Delay-0_05__Alpha-1_0__Seed-50.txt,results/main_campaign_default_alpha_0_5/FedNova-results/test2_robustez_alpha/FashionMNIST/FedNova__FashionMNIST__Setup-5__Clients-5__Rounds-10__Delay-0_05__Alpha-1_0__Seed-50.txt
FashionMNIST,$\alpha=1.0$,51,0.8966,0.8907,0.59,3.65,4.563,results/main_campaign_default_alpha_0_5/FedHAD-results/test2_robustez_alpha/FashionMNIST-Standard/FedHAD__FashionMNIST__Mode-STANDARD__Cfg-E1L1F1__Setup-5__Clients-5__Rounds-10__Delay-0_05__Alpha-1_0__Seed-51.txt,results/main_campaign_default_alpha_0_5/FedNova-results/test2_robustez_alpha/FashionMNIST/FedNova__FashionMNIST__Setup-5__Clients-5__Rounds-10__Delay-0_05__Alpha-1_0__Seed-51.txt
FashionMNIST,$\alpha=1.0$,52,0.8928,0.8892,0.36,3.65,4.563,results/main_campaign_default_alpha_0_5/FedHAD-results/test2_robustez_alpha/FashionMNIST-Standard/FedHAD__FashionMNIST__Mode-STANDARD__Cfg-E1L1F1__Setup-5__Clients-5__Rounds-10__Delay-0_05__Alpha-1_0__Seed-52.txt,results/main_campaign_default_alpha_0_5/FedNova-results/test2_robustez_alpha/FashionMNIST/FedNova__FashionMNIST__Setup-5__Clients-5__Rounds-10__Delay-0_05__Alpha-1_0__Seed-52.txt
FashionMNIST,$\alpha=1.0$,53,0.8905,0.8928,-0.23,3.955,4.563,results/main_campaign_default_alpha_0_5/FedHAD-results/test2_robustez_alpha/FashionMNIST-Standard/FedHAD__FashionMNIST__Mode-STANDARD__Cfg-E1L1F1__Setup-5__Clients-5__Rounds-10__Delay-0_05__Alpha-1_0__Seed-53.txt,results/main_campaign_default_alpha_0_5/FedNova-results/test2_robustez_alpha/FashionMNIST/FedNova__FashionMNIST__Setup-5__Clients-5__Rounds-10__Delay-0_05__Alpha-1_0__Seed-53.txt
FashionMNIST,$\alpha=1.0$,54,0.8936,0.8941,-0.05,3.65,4.563,results/main_campaign_default_alpha_0_5/FedHAD-results/test2_robustez_alpha/FashionMNIST-Standard/FedHAD__FashionMNIST__Mode-STANDARD__Cfg-E1L1F1__Setup-5__Clients-5__Rounds-10__Delay-0_05__Alpha-1_0__Seed-54.txt,results/main_campaign_default_alpha_0_5/FedNova-results/test2_robustez_alpha/FashionMNIST/FedNova__FashionMNIST__Setup-5__Clients-5__Rounds-10__Delay-0_05__Alpha-1_0__Seed-54.txt
FashionMNIST,$\alpha=1.0$,55,0.8957,0.8928,0.29,3.99,4.563,results/main_campaign_default_alpha_0_5/FedHAD-results/test2_robustez_alpha/FashionMNIST-Standard/FedHAD__FashionMNIST__Mode-STANDARD__Cfg-E1L1F1__Setup-5__Clients-5__Rounds-10__Delay-0_05__Alpha-1_0__Seed-55.txt,results/main_campaign_default_alpha_0_5/FedNova-results/test2_robustez_alpha/FashionMNIST/FedNova__FashionMNIST__Setup-5__Clients-5__Rounds-10__Delay-0_05__Alpha-1_0__Seed-55.txt
FashionMNIST,$\alpha=1.0$,56,0.8901,0.8896,0.05,3.65,4.563,results/main_campaign_default_alpha_0_5/FedHAD-results/test2_robustez_alpha/FashionMNIST-Standard/FedHAD__FashionMNIST__Mode-STANDARD__Cfg-E1L1F1__Setup-5__Clients-5__Rounds-10__Delay-0_05__Alpha-1_0__Seed-56.txt,results/main_campaign_default_alpha_0_5/FedNova-results/test2_robustez_alpha/FashionMNIST/FedNova__FashionMNIST__Setup-5__Clients-5__Rounds-10__Delay-0_05__Alpha-1_0__Seed-56.txt
FashionMNIST,$\alpha=1.0$,57,0.888,0.8847,0.33,3.65,4.563,results/main_campaign_default_alpha_0_5/FedHAD-results/test2_robustez_alpha/FashionMNIST-Standard/FedHAD__FashionMNIST__Mode-STANDARD__Cfg-E1L1F1__Setup-5__Clients-5__Rounds-10__Delay-0_05__Alpha-1_0__Seed-57.txt,results/main_campaign_default_alpha_0_5/FedNova-results/test2_robustez_alpha/FashionMNIST/FedNova__FashionMNIST__Setup-5__Clients-5__Rounds-10__Delay-0_05__Alpha-1_0__Seed-57.txt
FashionMNIST,$\alpha=1.0$,58,0.8896,0.8897,-0.01,3.65,4.563,results/main_campaign_default_alpha_0_5/FedHAD-results/test2_robustez_alpha/FashionMNIST-Standard/FedHAD__FashionMNIST__Mode-STANDARD__Cfg-E1L1F1__Setup-5__Clients-5__Rounds-10__Delay-0_05__Alpha-1_0__Seed-58.txt,results/main_campaign_default_alpha_0_5/FedNova-results/test2_robustez_alpha/FashionMNIST/FedNova__FashionMNIST__Setup-5__Clients-5__Rounds-10__Delay-0_05__Alpha-1_0__Seed-58.txt
FashionMNIST,$\alpha=1.0$,59,0.8914,0.8918,-0.04,3.65,4.563,results/main_campaign_default_alpha_0_5/FedHAD-results/test2_robustez_alpha/FashionMNIST-Standard/FedHAD__FashionMNIST__Mode-STANDARD__Cfg-E1L1F1__Setup-5__Clients-5__Rounds-10__Delay-0_05__Alpha-1_0__Seed-59.txt,results/main_campaign_default_alpha_0_5/FedNova-results/test2_robustez_alpha/FashionMNIST/FedNova__FashionMNIST__Setup-5__Clients-5__Rounds-10__Delay-0_05__Alpha-1_0__Seed-59.txt
FashionMNIST,$\alpha=1.0$,60,0.8839,0.8903,-0.64,3.65,4.563,results/main_campaign_default_alpha_0_5/FedHAD-results/test2_robustez_alpha/FashionMNIST-Standard/FedHAD__FashionMNIST__Mode-STANDARD__Cfg-E1L1F1__Setup-5__Clients-5__Rounds-10__Delay-0_05__Alpha-1_0__Seed-60.txt,results/main_campaign_default_alpha_0_5/FedNova-results/test2_robustez_alpha/FashionMNIST/FedNova__FashionMNIST__Setup-5__Clients-5__Rounds-10__Delay-0_05__Alpha-1_0__Seed-60.txt
FashionMNIST,$\alpha=1.0$,61,0.893,0.8919,0.11,3.875,4.563,results/main_campaign_default_alpha_0_5/FedHAD-results/test2_robustez_alpha/FashionMNIST-Standard/FedHAD__FashionMNIST__Mode-STANDARD__Cfg-E1L1F1__Setup-5__Clients-5__Rounds-10__Delay-0_05__Alpha-1_0__Seed-61.txt,results/main_campaign_default_alpha_0_5/FedNova-results/test2_robustez_alpha/FashionMNIST/FedNova__FashionMNIST__Setup-5__Clients-5__Rounds-10__Delay-0_05__Alpha-1_0__Seed-61.txt
FashionMNIST,$\alpha=1.0$,62,0.8907,0.8925,-0.18,3.65,4.563,results/main_campaign_default_alpha_0_5/FedHAD-results/test2_robustez_alpha/FashionMNIST-Standard/FedHAD__FashionMNIST__Mode-STANDARD__Cfg-E1L1F1__Setup-5__Clients-5__Rounds-10__Delay-0_05__Alpha-1_0__Seed-62.txt,results/main_campaign_default_alpha_0_5/FedNova-results/test2_robustez_alpha/FashionMNIST/FedNova__FashionMNIST__Setup-5__Clients-5__Rounds-10__Delay-0_05__Alpha-1_0__Seed-62.txt
FashionMNIST,$\alpha=1.0$,63,0.8947,0.889,0.57,3.918,4.563,results/main_campaign_default_alpha_0_5/FedHAD-results/test2_robustez_alpha/FashionMNIST-Standard/FedHAD__FashionMNIST__Mode-STANDARD__Cfg-E1L1F1__Setup-5__Clients-5__Rounds-10__Delay-0_05__Alpha-1_0__Seed-63.txt,results/main_campaign_default_alpha_0_5/FedNova-results/test2_robustez_alpha/FashionMNIST/FedNova__FashionMNIST__Setup-5__Clients-5__Rounds-10__Delay-0_05__Alpha-1_0__Seed-63.txt
FashionMNIST,$\alpha=1.0$,64,0.8875,0.8929,-0.54,3.828,4.563,results/main_campaign_default_alpha_0_5/FedHAD-results/test2_robustez_alpha/FashionMNIST-Standard/FedHAD__FashionMNIST__Mode-STANDARD__Cfg-E1L1F1__Setup-5__Clients-5__Rounds-10__Delay-0_05__Alpha-1_0__Seed-64.txt,results/main_campaign_default_alpha_0_5/FedNova-results/test2_robustez_alpha/FashionMNIST/FedNova__FashionMNIST__Setup-5__Clients-5__Rounds-10__Delay-0_05__Alpha-1_0__Seed-64.txt
FashionMNIST,$\alpha=1.0$,65,0.8944,0.8909,0.35,3.65,4.563,results/main_campaign_default_alpha_0_5/FedHAD-results/test2_robustez_alpha/FashionMNIST-Standard/FedHAD__FashionMNIST__Mode-STANDARD__Cfg-E1L1F1__Setup-5__Clients-5__Rounds-10__Delay-0_05__Alpha-1_0__Seed-65.txt,results/main_campaign_default_alpha_0_5/FedNova-results/test2_robustez_alpha/FashionMNIST/FedNova__FashionMNIST__Setup-5__Clients-5__Rounds-10__Delay-0_05__Alpha-1_0__Seed-65.txt
FashionMNIST,$\alpha=1.0$,66,0.8887,0.8869,0.18,3.65,4.563,results/main_campaign_default_alpha_0_5/FedHAD-results/test2_robustez_alpha/FashionMNIST-Standard/FedHAD__FashionMNIST__Mode-STANDARD__Cfg-E1L1F1__Setup-5__Clients-5__Rounds-10__Delay-0_05__Alpha-1_0__Seed-66.txt,results/main_campaign_default_alpha_0_5/FedNova-results/test2_robustez_alpha/FashionMNIST/FedNova__FashionMNIST__Setup-5__Clients-5__Rounds-10__Delay-0_05__Alpha-1_0__Seed-66.txt
FashionMNIST,$\alpha=1.0$,67,0.8856,0.8903,-0.47,3.65,4.563,results/main_campaign_default_alpha_0_5/FedHAD-results/test2_robustez_alpha/FashionMNIST-Standard/FedHAD__FashionMNIST__Mode-STANDARD__Cfg-E1L1F1__Setup-5__Clients-5__Rounds-10__Delay-0_05__Alpha-1_0__Seed-67.txt,results/main_campaign_default_alpha_0_5/FedNova-results/test2_robustez_alpha/FashionMNIST/FedNova__FashionMNIST__Setup-5__Clients-5__Rounds-10__Delay-0_05__Alpha-1_0__Seed-67.txt
FashionMNIST,$\alpha=1.0$,68,0.8861,0.8945,-0.84,3.65,4.563,results/main_campaign_default_alpha_0_5/FedHAD-results/test2_robustez_alpha/FashionMNIST-Standard/FedHAD__FashionMNIST__Mode-STANDARD__Cfg-E1L1F1__Setup-5__Clients-5__Rounds-10__Delay-0_05__Alpha-1_0__Seed-68.txt,results/main_campaign_default_alpha_0_5/FedNova-results/test2_robustez_alpha/FashionMNIST/FedNova__FashionMNIST__Setup-5__Clients-5__Rounds-10__Delay-0_05__Alpha-1_0__Seed-68.txt
FashionMNIST,$\alpha=1.0$,69,0.8943,0.8913,0.3,3.65,4.563,results/main_campaign_default_alpha_0_5/FedHAD-results/test2_robustez_alpha/FashionMNIST-Standard/FedHAD__FashionMNIST__Mode-STANDARD__Cfg-E1L1F1__Setup-5__Clients-5__Rounds-10__Delay-0_05__Alpha-1_0__Seed-69.txt,results/main_campaign_default_alpha_0_5/FedNova-results/test2_robustez_alpha/FashionMNIST/FedNova__FashionMNIST__Setup-5__Clients-5__Rounds-10__Delay-0_05__Alpha-1_0__Seed-69.txt
FashionMNIST,$\alpha=1.0$,70,0.894,0.895,-0.1,3.65,4.563,results/main_campaign_default_alpha_0_5/FedHAD-results/test2_robustez_alpha/FashionMNIST-Standard/FedHAD__FashionMNIST__Mode-STANDARD__Cfg-E1L1F1__Setup-5__Clients-5__Rounds-10__Delay-0_05__Alpha-1_0__Seed-70.txt,results/main_campaign_default_alpha_0_5/FedNova-results/test2_robustez_alpha/FashionMNIST/FedNova__FashionMNIST__Setup-5__Clients-5__Rounds-10__Delay-0_05__Alpha-1_0__Seed-70.txt
FashionMNIST,$\alpha=1.0$,71,0.8952,0.8908,0.44,3.65,4.563,results/main_campaign_default_alpha_0_5/FedHAD-results/test2_robustez_alpha/FashionMNIST-Standard/FedHAD__FashionMNIST__Mode-STANDARD__Cfg-E1L1F1__Setup-5__Clients-5__Rounds-10__Delay-0_05__Alpha-1_0__Seed-71.txt,results/main_campaign_default_alpha_0_5/FedNova-results/test2_robustez_alpha/FashionMNIST/FedNova__FashionMNIST__Setup-5__Clients-5__Rounds-10__Delay-0_05__Alpha-1_0__Seed-71.txt
FashionMNIST,$\alpha=0.1$,42,0.8063,0.8347,-2.84,3.26,4.563,results/main_campaign_default_alpha_0_5/FedHAD-results/test2_robustez_alpha/FashionMNIST-Standard/FedHAD__FashionMNIST__Mode-STANDARD__Cfg-E1L1F1__Setup-5__Clients-5__Rounds-10__Delay-0_05__Alpha-0_1__Seed-42.txt,results/main_campaign_default_alpha_0_5/FedNova-results/test2_robustez_alpha/FashionMNIST/FedNova__FashionMNIST__Setup-5__Clients-5__Rounds-10__Delay-0_05__Alpha-0_1__Seed-42.txt
FashionMNIST,$\alpha=0.1$,43,0.8182,0.8528,-3.46,3.183,4.563,results/main_campaign_default_alpha_0_5/FedHAD-results/test2_robustez_alpha/FashionMNIST-Standard/FedHAD__FashionMNIST__Mode-STANDARD__Cfg-E1L1F1__Setup-5__Clients-5__Rounds-10__Delay-0_05__Alpha-0_1__Seed-43.txt,results/main_campaign_default_alpha_0_5/FedNova-results/test2_robustez_alpha/FashionMNIST/FedNova__FashionMNIST__Setup-5__Clients-5__Rounds-10__Delay-0_05__Alpha-0_1__Seed-43.txt
FashionMNIST,$\alpha=0.1$,44,0.8058,0.7938,1.2,3.217,4.563,results/main_campaign_default_alpha_0_5/FedHAD-results/test2_robustez_alpha/FashionMNIST-Standard/FedHAD__FashionMNIST__Mode-STANDARD__Cfg-E1L1F1__Setup-5__Clients-5__Rounds-10__Delay-0_05__Alpha-0_1__Seed-44.txt,results/main_campaign_default_alpha_0_5/FedNova-results/test2_robustez_alpha/FashionMNIST/FedNova__FashionMNIST__Setup-5__Clients-5__Rounds-10__Delay-0_05__Alpha-0_1__Seed-44.txt
FashionMNIST,$\alpha=0.1$,45,0.8029,0.8171,-1.42,3.366,4.563,results/main_campaign_default_alpha_0_5/FedHAD-results/test2_robustez_alpha/FashionMNIST-Standard/FedHAD__FashionMNIST__Mode-STANDARD__Cfg-E1L1F1__Setup-5__Clients-5__Rounds-10__Delay-0_05__Alpha-0_1__Seed-45.txt,results/main_campaign_default_alpha_0_5/FedNova-results/test2_robustez_alpha/FashionMNIST/FedNova__FashionMNIST__Setup-5__Clients-5__Rounds-10__Delay-0_05__Alpha-0_1__Seed-45.txt
FashionMNIST,$\alpha=0.1$,46,0.8095,0.8247,-1.52,3.076,4.563,results/main_campaign_default_alpha_0_5/FedHAD-results/test2_robustez_alpha/FashionMNIST-Standard/FedHAD__FashionMNIST__Mode-STANDARD__Cfg-E1L1F1__Setup-5__Clients-5__Rounds-10__Delay-0_05__Alpha-0_1__Seed-46.txt,results/main_campaign_default_alpha_0_5/FedNova-results/test2_robustez_alpha/FashionMNIST/FedNova__FashionMNIST__Setup-5__Clients-5__Rounds-10__Delay-0_05__Alpha-0_1__Seed-46.txt
FashionMNIST,$\alpha=0.1$,47,0.8563,0.8361,2.02,3.494,4.563,results/main_campaign_default_alpha_0_5/FedHAD-results/test2_robustez_alpha/FashionMNIST-Standard/FedHAD__FashionMNIST__Mode-STANDARD__Cfg-E1L1F1__Setup-5__Clients-5__Rounds-10__Delay-0_05__Alpha-0_1__Seed-47.txt,results/main_campaign_default_alpha_0_5/FedNova-results/test2_robustez_alpha/FashionMNIST/FedNova__FashionMNIST__Setup-5__Clients-5__Rounds-10__Delay-0_05__Alpha-0_1__Seed-47.txt
FashionMNIST,$\alpha=0.1$,48,0.763,0.8197,-5.67,3.168,4.563,results/main_campaign_default_alpha_0_5/FedHAD-results/test2_robustez_alpha/FashionMNIST-Standard/FedHAD__FashionMNIST__Mode-STANDARD__Cfg-E1L1F1__Setup-5__Clients-5__Rounds-10__Delay-0_05__Alpha-0_1__Seed-48.txt,results/main_campaign_default_alpha_0_5/FedNova-results/test2_robustez_alpha/FashionMNIST/FedNova__FashionMNIST__Setup-5__Clients-5__Rounds-10__Delay-0_05__Alpha-0_1__Seed-48.txt
FashionMNIST,$\alpha=0.1$,49,0.7685,0.8423,-7.38,3.45,4.563,results/main_campaign_default_alpha_0_5/FedHAD-results/test2_robustez_alpha/FashionMNIST-Standard/FedHAD__FashionMNIST__Mode-STANDARD__Cfg-E1L1F1__Setup-5__Clients-5__Rounds-10__Delay-0_05__Alpha-0_1__Seed-49.txt,results/main_campaign_default_alpha_0_5/FedNova-results/test2_robustez_alpha/FashionMNIST/FedNova__FashionMNIST__Setup-5__Clients-5__Rounds-10__Delay-0_05__Alpha-0_1__Seed-49.txt
FashionMNIST,$\alpha=0.1$,50,0.8279,0.8542,-2.63,3.315,4.563,results/main_campaign_default_alpha_0_5/FedHAD-results/test2_robustez_alpha/FashionMNIST-Standard/FedHAD__FashionMNIST__Mode-STANDARD__Cfg-E1L1F1__Setup-5__Clients-5__Rounds-10__Delay-0_05__Alpha-0_1__Seed-50.txt,results/main_campaign_default_alpha_0_5/FedNova-results/test2_robustez_alpha/FashionMNIST/FedNova__FashionMNIST__Setup-5__Clients-5__Rounds-10__Delay-0_05__Alpha-0_1__Seed-50.txt
FashionMNIST,$\alpha=0.1$,51,0.8094,0.8174,-0.8,3.358,4.563,results/main_campaign_default_alpha_0_5/FedHAD-results/test2_robustez_alpha/FashionMNIST-Standard/FedHAD__FashionMNIST__Mode-STANDARD__Cfg-E1L1F1__Setup-5__Clients-5__Rounds-10__Delay-0_05__Alpha-0_1__Seed-51.txt,results/main_campaign_default_alpha_0_5/FedNova-results/test2_robustez_alpha/FashionMNIST/FedNova__FashionMNIST__Setup-5__Clients-5__Rounds-10__Delay-0_05__Alpha-0_1__Seed-51.txt
FashionMNIST,$\alpha=0.1$,52,0.8638,0.8231,4.07,3.114,4.563,results/main_campaign_default_alpha_0_5/FedHAD-results/test2_robustez_alpha/FashionMNIST-Standard/FedHAD__FashionMNIST__Mode-STANDARD__Cfg-E1L1F1__Setup-5__Clients-5__Rounds-10__Delay-0_05__Alpha-0_1__Seed-52.txt,results/main_campaign_default_alpha_0_5/FedNova-results/test2_robustez_alpha/FashionMNIST/FedNova__FashionMNIST__Setup-5__Clients-5__Rounds-10__Delay-0_05__Alpha-0_1__Seed-52.txt
FashionMNIST,$\alpha=0.1$,53,0.8046,0.8133,-0.87,3.348,4.563,results/main_campaign_default_alpha_0_5/FedHAD-results/test2_robustez_alpha/FashionMNIST-Standard/FedHAD__FashionMNIST__Mode-STANDARD__Cfg-E1L1F1__Setup-5__Clients-5__Rounds-10__Delay-0_05__Alpha-0_1__Seed-53.txt,results/main_campaign_default_alpha_0_5/FedNova-results/test2_robustez_alpha/FashionMNIST/FedNova__FashionMNIST__Setup-5__Clients-5__Rounds-10__Delay-0_05__Alpha-0_1__Seed-53.txt
FashionMNIST,$\alpha=0.1$,54,0.7856,0.8279,-4.23,3.404,4.563,results/main_campaign_default_alpha_0_5/FedHAD-results/test2_robustez_alpha/FashionMNIST-Standard/FedHAD__FashionMNIST__Mode-STANDARD__Cfg-E1L1F1__Setup-5__Clients-5__Rounds-10__Delay-0_05__Alpha-0_1__Seed-54.txt,results/main_campaign_default_alpha_0_5/FedNova-results/test2_robustez_alpha/FashionMNIST/FedNova__FashionMNIST__Setup-5__Clients-5__Rounds-10__Delay-0_05__Alpha-0_1__Seed-54.txt
FashionMNIST,$\alpha=0.1$,55,0.828,0.8144,1.36,3.172,4.563,results/main_campaign_default_alpha_0_5/FedHAD-results/test2_robustez_alpha/FashionMNIST-Standard/FedHAD__FashionMNIST__Mode-STANDARD__Cfg-E1L1F1__Setup-5__Clients-5__Rounds-10__Delay-0_05__Alpha-0_1__Seed-55.txt,results/main_campaign_default_alpha_0_5/FedNova-results/test2_robustez_alpha/FashionMNIST/FedNova__FashionMNIST__Setup-5__Clients-5__Rounds-10__Delay-0_05__Alpha-0_1__Seed-55.txt
FashionMNIST,$\alpha=0.1$,56,0.792,0.8501,-5.81,3.092,4.563,results/main_campaign_default_alpha_0_5/FedHAD-results/test2_robustez_alpha/FashionMNIST-Standard/FedHAD__FashionMNIST__Mode-STANDARD__Cfg-E1L1F1__Setup-5__Clients-5__Rounds-10__Delay-0_05__Alpha-0_1__Seed-56.txt,results/main_campaign_default_alpha_0_5/FedNova-results/test2_robustez_alpha/FashionMNIST/FedNova__FashionMNIST__Setup-5__Clients-5__Rounds-10__Delay-0_05__Alpha-0_1__Seed-56.txt
FashionMNIST,$\alpha=0.1$,57,0.8431,0.8486,-0.55,3.247,4.563,results/main_campaign_default_alpha_0_5/FedHAD-results/test2_robustez_alpha/FashionMNIST-Standard/FedHAD__FashionMNIST__Mode-STANDARD__Cfg-E1L1F1__Setup-5__Clients-5__Rounds-10__Delay-0_05__Alpha-0_1__Seed-57.txt,results/main_campaign_default_alpha_0_5/FedNova-results/test2_robustez_alpha/FashionMNIST/FedNova__FashionMNIST__Setup-5__Clients-5__Rounds-10__Delay-0_05__Alpha-0_1__Seed-57.txt
FashionMNIST,$\alpha=0.1$,58,0.8343,0.8411,-0.68,3.24,4.563,results/main_campaign_default_alpha_0_5/FedHAD-results/test2_robustez_alpha/FashionMNIST-Standard/FedHAD__FashionMNIST__Mode-STANDARD__Cfg-E1L1F1__Setup-5__Clients-5__Rounds-10__Delay-0_05__Alpha-0_1__Seed-58.txt,results/main_campaign_default_alpha_0_5/FedNova-results/test2_robustez_alpha/FashionMNIST/FedNova__FashionMNIST__Setup-5__Clients-5__Rounds-10__Delay-0_05__Alpha-0_1__Seed-58.txt
FashionMNIST,$\alpha=0.1$,59,0.8274,0.8485,-2.11,3.102,4.563,results/main_campaign_default_alpha_0_5/FedHAD-results/test2_robustez_alpha/FashionMNIST-Standard/FedHAD__FashionMNIST__Mode-STANDARD__Cfg-E1L1F1__Setup-5__Clients-5__Rounds-10__Delay-0_05__Alpha-0_1__Seed-59.txt,results/main_campaign_default_alpha_0_5/FedNova-results/test2_robustez_alpha/FashionMNIST/FedNova__FashionMNIST__Setup-5__Clients-5__Rounds-10__Delay-0_05__Alpha-0_1__Seed-59.txt
FashionMNIST,$\alpha=0.1$,60,0.8151,0.8281,-1.3,3.042,4.563,results/main_campaign_default_alpha_0_5/FedHAD-results/test2_robustez_alpha/FashionMNIST-Standard/FedHAD__FashionMNIST__Mode-STANDARD__Cfg-E1L1F1__Setup-5__Clients-5__Rounds-10__Delay-0_05__Alpha-0_1__Seed-60.txt,results/main_campaign_default_alpha_0_5/FedNova-results/test2_robustez_alpha/FashionMNIST/FedNova__FashionMNIST__Setup-5__Clients-5__Rounds-10__Delay-0_05__Alpha-0_1__Seed-60.txt
FashionMNIST,$\alpha=0.1$,61,0.8647,0.8444,2.03,3.557,4.563,results/main_campaign_default_alpha_0_5/FedHAD-results/test2_robustez_alpha/FashionMNIST-Standard/FedHAD__FashionMNIST__Mode-STANDARD__Cfg-E1L1F1__Setup-5__Clients-5__Rounds-10__Delay-0_05__Alpha-0_1__Seed-61.txt,results/main_campaign_default_alpha_0_5/FedNova-results/test2_robustez_alpha/FashionMNIST/FedNova__FashionMNIST__Setup-5__Clients-5__Rounds-10__Delay-0_05__Alpha-0_1__Seed-61.txt
FashionMNIST,$\alpha=0.1$,62,0.7748,0.8209,-4.61,2.973,4.563,results/main_campaign_default_alpha_0_5/FedHAD-results/test2_robustez_alpha/FashionMNIST-Standard/FedHAD__FashionMNIST__Mode-STANDARD__Cfg-E1L1F1__Setup-5__Clients-5__Rounds-10__Delay-0_05__Alpha-0_1__Seed-62.txt,results/main_campaign_default_alpha_0_5/FedNova-results/test2_robustez_alpha/FashionMNIST/FedNova__FashionMNIST__Setup-5__Clients-5__Rounds-10__Delay-0_05__Alpha-0_1__Seed-62.txt
FashionMNIST,$\alpha=0.1$,63,0.7601,0.7607,-0.06,3.493,4.563,results/main_campaign_default_alpha_0_5/FedHAD-results/test2_robustez_alpha/FashionMNIST-Standard/FedHAD__FashionMNIST__Mode-STANDARD__Cfg-E1L1F1__Setup-5__Clients-5__Rounds-10__Delay-0_05__Alpha-0_1__Seed-63.txt,results/main_campaign_default_alpha_0_5/FedNova-results/test2_robustez_alpha/FashionMNIST/FedNova__FashionMNIST__Setup-5__Clients-5__Rounds-10__Delay-0_05__Alpha-0_1__Seed-63.txt
FashionMNIST,$\alpha=0.1$,64,0.8216,0.8193,0.23,3.338,4.563,results/main_campaign_default_alpha_0_5/FedHAD-results/test2_robustez_alpha/FashionMNIST-Standard/FedHAD__FashionMNIST__Mode-STANDARD__Cfg-E1L1F1__Setup-5__Clients-5__Rounds-10__Delay-0_05__Alpha-0_1__Seed-64.txt,results/main_campaign_default_alpha_0_5/FedNova-results/test2_robustez_alpha/FashionMNIST/FedNova__FashionMNIST__Setup-5__Clients-5__Rounds-10__Delay-0_05__Alpha-0_1__Seed-64.txt
FashionMNIST,$\alpha=0.1$,65,0.8311,0.828,0.31,3.242,4.563,results/main_campaign_default_alpha_0_5/FedHAD-results/test2_robustez_alpha/FashionMNIST-Standard/FedHAD__FashionMNIST__Mode-STANDARD__Cfg-E1L1F1__Setup-5__Clients-5__Rounds-10__Delay-0_05__Alpha-0_1__Seed-65.txt,results/main_campaign_default_alpha_0_5/FedNova-results/test2_robustez_alpha/FashionMNIST/FedNova__FashionMNIST__Setup-5__Clients-5__Rounds-10__Delay-0_05__Alpha-0_1__Seed-65.txt
FashionMNIST,$\alpha=0.1$,66,0.7545,0.7433,1.12,3.196,4.563,results/main_campaign_default_alpha_0_5/FedHAD-results/test2_robustez_alpha/FashionMNIST-Standard/FedHAD__FashionMNIST__Mode-STANDARD__Cfg-E1L1F1__Setup-5__Clients-5__Rounds-10__Delay-0_05__Alpha-0_1__Seed-66.txt,results/main_campaign_default_alpha_0_5/FedNova-results/test2_robustez_alpha/FashionMNIST/FedNova__FashionMNIST__Setup-5__Clients-5__Rounds-10__Delay-0_05__Alpha-0_1__Seed-66.txt
FashionMNIST,$\alpha=0.1$,67,0.7877,0.7885,-0.08,3.043,4.563,results/main_campaign_default_alpha_0_5/FedHAD-results/test2_robustez_alpha/FashionMNIST-Standard/FedHAD__FashionMNIST__Mode-STANDARD__Cfg-E1L1F1__Setup-5__Clients-5__Rounds-10__Delay-0_05__Alpha-0_1__Seed-67.txt,results/main_campaign_default_alpha_0_5/FedNova-results/test2_robustez_alpha/FashionMNIST/FedNova__FashionMNIST__Setup-5__Clients-5__Rounds-10__Delay-0_05__Alpha-0_1__Seed-67.txt
FashionMNIST,$\alpha=0.1$,68,0.827,0.8372,-1.02,3.137,4.563,results/main_campaign_default_alpha_0_5/FedHAD-results/test2_robustez_alpha/FashionMNIST-Standard/FedHAD__FashionMNIST__Mode-STANDARD__Cfg-E1L1F1__Setup-5__Clients-5__Rounds-10__Delay-0_05__Alpha-0_1__Seed-68.txt,results/main_campaign_default_alpha_0_5/FedNova-results/test2_robustez_alpha/FashionMNIST/FedNova__FashionMNIST__Setup-5__Clients-5__Rounds-10__Delay-0_05__Alpha-0_1__Seed-68.txt
FashionMNIST,$\alpha=0.1$,69,0.8295,0.7951,3.44,3.274,4.563,results/main_campaign_default_alpha_0_5/FedHAD-results/test2_robustez_alpha/FashionMNIST-Standard/FedHAD__FashionMNIST__Mode-STANDARD__Cfg-E1L1F1__Setup-5__Clients-5__Rounds-10__Delay-0_05__Alpha-0_1__Seed-69.txt,results/main_campaign_default_alpha_0_5/FedNova-results/test2_robustez_alpha/FashionMNIST/FedNova__FashionMNIST__Setup-5__Clients-5__Rounds-10__Delay-0_05__Alpha-0_1__Seed-69.txt
FashionMNIST,$\alpha=0.1$,70,0.7882,0.8249,-3.67,3.009,4.563,results/main_campaign_default_alpha_0_5/FedHAD-results/test2_robustez_alpha/FashionMNIST-Standard/FedHAD__FashionMNIST__Mode-STANDARD__Cfg-E1L1F1__Setup-5__Clients-5__Rounds-10__Delay-0_05__Alpha-0_1__Seed-70.txt,results/main_campaign_default_alpha_0_5/FedNova-results/test2_robustez_alpha/FashionMNIST/FedNova__FashionMNIST__Setup-5__Clients-5__Rounds-10__Delay-0_05__Alpha-0_1__Seed-70.txt
FashionMNIST,$\alpha=0.1$,71,0.8023,0.8218,-1.95,3.18,4.563,results/main_campaign_default_alpha_0_5/FedHAD-results/test2_robustez_alpha/FashionMNIST-Standard/FedHAD__FashionMNIST__Mode-STANDARD__Cfg-E1L1F1__Setup-5__Clients-5__Rounds-10__Delay-0_05__Alpha-0_1__Seed-71.txt,results/main_campaign_default_alpha_0_5/FedNova-results/test2_robustez_alpha/FashionMNIST/FedNova__FashionMNIST__Setup-5__Clients-5__Rounds-10__Delay-0_05__Alpha-0_1__Seed-71.txt
FashionMNIST,$\alpha=0.01$,42,0.7605,0.7679,-0.74,2.991,4.563,results/main_campaign_default_alpha_0_5/FedHAD-results/test2_robustez_alpha/FashionMNIST-Standard/FedHAD__FashionMNIST__Mode-STANDARD__Cfg-E1L1F1__Setup-5__Clients-5__Rounds-10__Delay-0_05__Alpha-0_01__Seed-42.txt,results/main_campaign_default_alpha_0_5/FedNova-results/test2_robustez_alpha/FashionMNIST/FedNova__FashionMNIST__Setup-5__Clients-5__Rounds-10__Delay-0_05__Alpha-0_01__Seed-42.txt
FashionMNIST,$\alpha=0.01$,43,0.7025,0.5264,17.61,2.898,4.563,results/main_campaign_default_alpha_0_5/FedHAD-results/test2_robustez_alpha/FashionMNIST-Standard/FedHAD__FashionMNIST__Mode-STANDARD__Cfg-E1L1F1__Setup-5__Clients-5__Rounds-10__Delay-0_05__Alpha-0_01__Seed-43.txt,results/main_campaign_default_alpha_0_5/FedNova-results/test2_robustez_alpha/FashionMNIST/FedNova__FashionMNIST__Setup-5__Clients-5__Rounds-10__Delay-0_05__Alpha-0_01__Seed-43.txt
FashionMNIST,$\alpha=0.01$,44,0.6924,0.76,-6.76,3.007,4.563,results/main_campaign_default_alpha_0_5/FedHAD-results/test2_robustez_alpha/FashionMNIST-Standard/FedHAD__FashionMNIST__Mode-STANDARD__Cfg-E1L1F1__Setup-5__Clients-5__Rounds-10__Delay-0_05__Alpha-0_01__Seed-44.txt,results/main_campaign_default_alpha_0_5/FedNova-results/test2_robustez_alpha/FashionMNIST/FedNova__FashionMNIST__Setup-5__Clients-5__Rounds-10__Delay-0_05__Alpha-0_01__Seed-44.txt
FashionMNIST,$\alpha=0.01$,45,0.7486,0.7616,-1.3,2.86,4.563,results/main_campaign_default_alpha_0_5/FedHAD-results/test2_robustez_alpha/FashionMNIST-Standard/FedHAD__FashionMNIST__Mode-STANDARD__Cfg-E1L1F1__Setup-5__Clients-5__Rounds-10__Delay-0_05__Alpha-0_01__Seed-45.txt,results/main_campaign_default_alpha_0_5/FedNova-results/test2_robustez_alpha/FashionMNIST/FedNova__FashionMNIST__Setup-5__Clients-5__Rounds-10__Delay-0_05__Alpha-0_01__Seed-45.txt
FashionMNIST,$\alpha=0.01$,46,0.6739,0.7767,-10.28,3.011,4.563,results/main_campaign_default_alpha_0_5/FedHAD-results/test2_robustez_alpha/FashionMNIST-Standard/FedHAD__FashionMNIST__Mode-STANDARD__Cfg-E1L1F1__Setup-5__Clients-5__Rounds-10__Delay-0_05__Alpha-0_01__Seed-46.txt,results/main_campaign_default_alpha_0_5/FedNova-results/test2_robustez_alpha/FashionMNIST/FedNova__FashionMNIST__Setup-5__Clients-5__Rounds-10__Delay-0_05__Alpha-0_01__Seed-46.txt
FashionMNIST,$\alpha=0.01$,47,0.7118,0.7945,-8.27,3.007,4.563,results/main_campaign_default_alpha_0_5/FedHAD-results/test2_robustez_alpha/FashionMNIST-Standard/FedHAD__FashionMNIST__Mode-STANDARD__Cfg-E1L1F1__Setup-5__Clients-5__Rounds-10__Delay-0_05__Alpha-0_01__Seed-47.txt,results/main_campaign_default_alpha_0_5/FedNova-results/test2_robustez_alpha/FashionMNIST/FedNova__FashionMNIST__Setup-5__Clients-5__Rounds-10__Delay-0_05__Alpha-0_01__Seed-47.txt
FashionMNIST,$\alpha=0.01$,48,0.7144,0.7401,-2.57,2.738,4.563,results/main_campaign_default_alpha_0_5/FedHAD-results/test2_robustez_alpha/FashionMNIST-Standard/FedHAD__FashionMNIST__Mode-STANDARD__Cfg-E1L1F1__Setup-5__Clients-5__Rounds-10__Delay-0_05__Alpha-0_01__Seed-48.txt,results/main_campaign_default_alpha_0_5/FedNova-results/test2_robustez_alpha/FashionMNIST/FedNova__FashionMNIST__Setup-5__Clients-5__Rounds-10__Delay-0_05__Alpha-0_01__Seed-48.txt
FashionMNIST,$\alpha=0.01$,49,0.7507,0.7727,-2.2,2.856,4.563,results/main_campaign_default_alpha_0_5/FedHAD-results/test2_robustez_alpha/FashionMNIST-Standard/FedHAD__FashionMNIST__Mode-STANDARD__Cfg-E1L1F1__Setup-5__Clients-5__Rounds-10__Delay-0_05__Alpha-0_01__Seed-49.txt,results/main_campaign_default_alpha_0_5/FedNova-results/test2_robustez_alpha/FashionMNIST/FedNova__FashionMNIST__Setup-5__Clients-5__Rounds-10__Delay-0_05__Alpha-0_01__Seed-49.txt
FashionMNIST,$\alpha=0.01$,50,0.6943,0.6308,6.35,2.937,4.563,results/main_campaign_default_alpha_0_5/FedHAD-results/test2_robustez_alpha/FashionMNIST-Standard/FedHAD__FashionMNIST__Mode-STANDARD__Cfg-E1L1F1__Setup-5__Clients-5__Rounds-10__Delay-0_05__Alpha-0_01__Seed-50.txt,results/main_campaign_default_alpha_0_5/FedNova-results/test2_robustez_alpha/FashionMNIST/FedNova__FashionMNIST__Setup-5__Clients-5__Rounds-10__Delay-0_05__Alpha-0_01__Seed-50.txt
FashionMNIST,$\alpha=0.01$,51,0.719,0.5253,19.37,3.011,4.563,results/main_campaign_default_alpha_0_5/FedHAD-results/test2_robustez_alpha/FashionMNIST-Standard/FedHAD__FashionMNIST__Mode-STANDARD__Cfg-E1L1F1__Setup-5__Clients-5__Rounds-10__Delay-0_05__Alpha-0_01__Seed-51.txt,results/main_campaign_default_alpha_0_5/FedNova-results/test2_robustez_alpha/FashionMNIST/FedNova__FashionMNIST__Setup-5__Clients-5__Rounds-10__Delay-0_05__Alpha-0_01__Seed-51.txt
FashionMNIST,$\alpha=0.01$,52,0.6763,0.7929,-11.66,3.326,4.563,results/main_campaign_default_alpha_0_5/FedHAD-results/test2_robustez_alpha/FashionMNIST-Standard/FedHAD__FashionMNIST__Mode-STANDARD__Cfg-E1L1F1__Setup-5__Clients-5__Rounds-10__Delay-0_05__Alpha-0_01__Seed-52.txt,results/main_campaign_default_alpha_0_5/FedNova-results/test2_robustez_alpha/FashionMNIST/FedNova__FashionMNIST__Setup-5__Clients-5__Rounds-10__Delay-0_05__Alpha-0_01__Seed-52.txt
FashionMNIST,$\alpha=0.01$,53,0.7356,0.7583,-2.27,2.915,4.563,results/main_campaign_default_alpha_0_5/FedHAD-results/test2_robustez_alpha/FashionMNIST-Standard/FedHAD__FashionMNIST__Mode-STANDARD__Cfg-E1L1F1__Setup-5__Clients-5__Rounds-10__Delay-0_05__Alpha-0_01__Seed-53.txt,results/main_campaign_default_alpha_0_5/FedNova-results/test2_robustez_alpha/FashionMNIST/FedNova__FashionMNIST__Setup-5__Clients-5__Rounds-10__Delay-0_05__Alpha-0_01__Seed-53.txt
FashionMNIST,$\alpha=0.01$,54,0.7092,0.688,2.12,3.191,4.563,results/main_campaign_default_alpha_0_5/FedHAD-results/test2_robustez_alpha/FashionMNIST-Standard/FedHAD__FashionMNIST__Mode-STANDARD__Cfg-E1L1F1__Setup-5__Clients-5__Rounds-10__Delay-0_05__Alpha-0_01__Seed-54.txt,results/main_campaign_default_alpha_0_5/FedNova-results/test2_robustez_alpha/FashionMNIST/FedNova__FashionMNIST__Setup-5__Clients-5__Rounds-10__Delay-0_05__Alpha-0_01__Seed-54.txt
FashionMNIST,$\alpha=0.01$,55,0.7166,0.7627,-4.61,3.284,4.563,results/main_campaign_default_alpha_0_5/FedHAD-results/test2_robustez_alpha/FashionMNIST-Standard/FedHAD__FashionMNIST__Mode-STANDARD__Cfg-E1L1F1__Setup-5__Clients-5__Rounds-10__Delay-0_05__Alpha-0_01__Seed-55.txt,results/main_campaign_default_alpha_0_5/FedNova-results/test2_robustez_alpha/FashionMNIST/FedNova__FashionMNIST__Setup-5__Clients-5__Rounds-10__Delay-0_05__Alpha-0_01__Seed-55.txt
FashionMNIST,$\alpha=0.01$,56,0.7129,0.7537,-4.08,2.652,4.563,results/main_campaign_default_alpha_0_5/FedHAD-results/test2_robustez_alpha/FashionMNIST-Standard/FedHAD__FashionMNIST__Mode-STANDARD__Cfg-E1L1F1__Setup-5__Clients-5__Rounds-10__Delay-0_05__Alpha-0_01__Seed-56.txt,results/main_campaign_default_alpha_0_5/FedNova-results/test2_robustez_alpha/FashionMNIST/FedNova__FashionMNIST__Setup-5__Clients-5__Rounds-10__Delay-0_05__Alpha-0_01__Seed-56.txt
FashionMNIST,$\alpha=0.01$,57,0.722,0.5347,18.73,3.1,4.563,results/main_campaign_default_alpha_0_5/FedHAD-results/test2_robustez_alpha/FashionMNIST-Standard/FedHAD__FashionMNIST__Mode-STANDARD__Cfg-E1L1F1__Setup-5__Clients-5__Rounds-10__Delay-0_05__Alpha-0_01__Seed-57.txt,results/main_campaign_default_alpha_0_5/FedNova-results/test2_robustez_alpha/FashionMNIST/FedNova__FashionMNIST__Setup-5__Clients-5__Rounds-10__Delay-0_05__Alpha-0_01__Seed-57.txt
FashionMNIST,$\alpha=0.01$,58,0.6916,0.4704,22.12,2.646,4.563,results/main_campaign_default_alpha_0_5/FedHAD-results/test2_robustez_alpha/FashionMNIST-Standard/FedHAD__FashionMNIST__Mode-STANDARD__Cfg-E1L1F1__Setup-5__Clients-5__Rounds-10__Delay-0_05__Alpha-0_01__Seed-58.txt,results/main_campaign_default_alpha_0_5/FedNova-results/test2_robustez_alpha/FashionMNIST/FedNova__FashionMNIST__Setup-5__Clients-5__Rounds-10__Delay-0_05__Alpha-0_01__Seed-58.txt
FashionMNIST,$\alpha=0.01$,59,0.6954,0.6332,6.22,3.009,4.563,results/main_campaign_default_alpha_0_5/FedHAD-results/test2_robustez_alpha/FashionMNIST-Standard/FedHAD__FashionMNIST__Mode-STANDARD__Cfg-E1L1F1__Setup-5__Clients-5__Rounds-10__Delay-0_05__Alpha-0_01__Seed-59.txt,results/main_campaign_default_alpha_0_5/FedNova-results/test2_robustez_alpha/FashionMNIST/FedNova__FashionMNIST__Setup-5__Clients-5__Rounds-10__Delay-0_05__Alpha-0_01__Seed-59.txt
FashionMNIST,$\alpha=0.01$,60,0.6681,0.6498,1.83,2.915,4.563,results/main_campaign_default_alpha_0_5/FedHAD-results/test2_robustez_alpha/FashionMNIST-Standard/FedHAD__FashionMNIST__Mode-STANDARD__Cfg-E1L1F1__Setup-5__Clients-5__Rounds-10__Delay-0_05__Alpha-0_01__Seed-60.txt,results/main_campaign_default_alpha_0_5/FedNova-results/test2_robustez_alpha/FashionMNIST/FedNova__FashionMNIST__Setup-5__Clients-5__Rounds-10__Delay-0_05__Alpha-0_01__Seed-60.txt
FashionMNIST,$\alpha=0.01$,61,0.7628,0.5955,16.73,3.098,4.563,results/main_campaign_default_alpha_0_5/FedHAD-results/test2_robustez_alpha/FashionMNIST-Standard/FedHAD__FashionMNIST__Mode-STANDARD__Cfg-E1L1F1__Setup-5__Clients-5__Rounds-10__Delay-0_05__Alpha-0_01__Seed-61.txt,results/main_campaign_default_alpha_0_5/FedNova-results/test2_robustez_alpha/FashionMNIST/FedNova__FashionMNIST__Setup-5__Clients-5__Rounds-10__Delay-0_05__Alpha-0_01__Seed-61.txt
FashionMNIST,$\alpha=0.01$,62,0.7008,0.5576,14.32,3.017,4.563,results/main_campaign_default_alpha_0_5/FedHAD-results/test2_robustez_alpha/FashionMNIST-Standard/FedHAD__FashionMNIST__Mode-STANDARD__Cfg-E1L1F1__Setup-5__Clients-5__Rounds-10__Delay-0_05__Alpha-0_01__Seed-62.txt,results/main_campaign_default_alpha_0_5/FedNova-results/test2_robustez_alpha/FashionMNIST/FedNova__FashionMNIST__Setup-5__Clients-5__Rounds-10__Delay-0_05__Alpha-0_01__Seed-62.txt
FashionMNIST,$\alpha=0.01$,63,0.7232,0.605,11.82,2.927,4.563,results/main_campaign_default_alpha_0_5/FedHAD-results/test2_robustez_alpha/FashionMNIST-Standard/FedHAD__FashionMNIST__Mode-STANDARD__Cfg-E1L1F1__Setup-5__Clients-5__Rounds-10__Delay-0_05__Alpha-0_01__Seed-63.txt,results/main_campaign_default_alpha_0_5/FedNova-results/test2_robustez_alpha/FashionMNIST/FedNova__FashionMNIST__Setup-5__Clients-5__Rounds-10__Delay-0_05__Alpha-0_01__Seed-63.txt
FashionMNIST,$\alpha=0.01$,64,0.6403,0.7304,-9.01,2.646,4.563,results/main_campaign_default_alpha_0_5/FedHAD-results/test2_robustez_alpha/FashionMNIST-Standard/FedHAD__FashionMNIST__Mode-STANDARD__Cfg-E1L1F1__Setup-5__Clients-5__Rounds-10__Delay-0_05__Alpha-0_01__Seed-64.txt,results/main_campaign_default_alpha_0_5/FedNova-results/test2_robustez_alpha/FashionMNIST/FedNova__FashionMNIST__Setup-5__Clients-5__Rounds-10__Delay-0_05__Alpha-0_01__Seed-64.txt
FashionMNIST,$\alpha=0.01$,65,0.6851,0.705,-1.99,2.877,4.563,results/main_campaign_default_alpha_0_5/FedHAD-results/test2_robustez_alpha/FashionMNIST-Standard/FedHAD__FashionMNIST__Mode-STANDARD__Cfg-E1L1F1__Setup-5__Clients-5__Rounds-10__Delay-0_05__Alpha-0_01__Seed-65.txt,results/main_campaign_default_alpha_0_5/FedNova-results/test2_robustez_alpha/FashionMNIST/FedNova__FashionMNIST__Setup-5__Clients-5__Rounds-10__Delay-0_05__Alpha-0_01__Seed-65.txt
FashionMNIST,$\alpha=0.01$,66,0.7439,0.6947,4.92,3.017,4.563,results/main_campaign_default_alpha_0_5/FedHAD-results/test2_robustez_alpha/FashionMNIST-Standard/FedHAD__FashionMNIST__Mode-STANDARD__Cfg-E1L1F1__Setup-5__Clients-5__Rounds-10__Delay-0_05__Alpha-0_01__Seed-66.txt,results/main_campaign_default_alpha_0_5/FedNova-results/test2_robustez_alpha/FashionMNIST/FedNova__FashionMNIST__Setup-5__Clients-5__Rounds-10__Delay-0_05__Alpha-0_01__Seed-66.txt
FashionMNIST,$\alpha=0.01$,67,0.6549,0.7273,-7.24,2.918,4.563,results/main_campaign_default_alpha_0_5/FedHAD-results/test2_robustez_alpha/FashionMNIST-Standard/FedHAD__FashionMNIST__Mode-STANDARD__Cfg-E1L1F1__Setup-5__Clients-5__Rounds-10__Delay-0_05__Alpha-0_01__Seed-67.txt,results/main_campaign_default_alpha_0_5/FedNova-results/test2_robustez_alpha/FashionMNIST/FedNova__FashionMNIST__Setup-5__Clients-5__Rounds-10__Delay-0_05__Alpha-0_01__Seed-67.txt
FashionMNIST,$\alpha=0.01$,68,0.6792,0.5933,8.59,2.646,4.563,results/main_campaign_default_alpha_0_5/FedHAD-results/test2_robustez_alpha/FashionMNIST-Standard/FedHAD__FashionMNIST__Mode-STANDARD__Cfg-E1L1F1__Setup-5__Clients-5__Rounds-10__Delay-0_05__Alpha-0_01__Seed-68.txt,results/main_campaign_default_alpha_0_5/FedNova-results/test2_robustez_alpha/FashionMNIST/FedNova__FashionMNIST__Setup-5__Clients-5__Rounds-10__Delay-0_05__Alpha-0_01__Seed-68.txt
FashionMNIST,$\alpha=0.01$,69,0.7429,0.6736,6.93,3.126,4.563,results/main_campaign_default_alpha_0_5/FedHAD-results/test2_robustez_alpha/FashionMNIST-Standard/FedHAD__FashionMNIST__Mode-STANDARD__Cfg-E1L1F1__Setup-5__Clients-5__Rounds-10__Delay-0_05__Alpha-0_01__Seed-69.txt,results/main_campaign_default_alpha_0_5/FedNova-results/test2_robustez_alpha/FashionMNIST/FedNova__FashionMNIST__Setup-5__Clients-5__Rounds-10__Delay-0_05__Alpha-0_01__Seed-69.txt
FashionMNIST,$\alpha=0.01$,70,0.7201,0.5937,12.64,2.926,4.563,results/main_campaign_default_alpha_0_5/FedHAD-results/test2_robustez_alpha/FashionMNIST-Standard/FedHAD__FashionMNIST__Mode-STANDARD__Cfg-E1L1F1__Setup-5__Clients-5__Rounds-10__Delay-0_05__Alpha-0_01__Seed-70.txt,results/main_campaign_default_alpha_0_5/FedNova-results/test2_robustez_alpha/FashionMNIST/FedNova__FashionMNIST__Setup-5__Clients-5__Rounds-10__Delay-0_05__Alpha-0_01__Seed-70.txt
FashionMNIST,$\alpha=0.01$,71,0.6655,0.6244,4.11,2.821,4.563,results/main_campaign_default_alpha_0_5/FedHAD-results/test2_robustez_alpha/FashionMNIST-Standard/FedHAD__FashionMNIST__Mode-STANDARD__Cfg-E1L1F1__Setup-5__Clients-5__Rounds-10__Delay-0_05__Alpha-0_01__Seed-71.txt,results/main_campaign_default_alpha_0_5/FedNova-results/test2_robustez_alpha/FashionMNIST/FedNova__FashionMNIST__Setup-5__Clients-5__Rounds-10__Delay-0_05__Alpha-0_01__Seed-71.txt
CIFAR-10,$\alpha=1.0$,42,0.8125,0.8158,-0.33,325.625,407.031,results/main_campaign_default_alpha_0_5/FedHAD-results/test2_robustez_alpha/CIFAR10-Standard/FedHAD__CIFAR10__Mode-STANDARD__Cfg-E1L1F1__Setup-5__Clients-5__Rounds-10__Delay-0_05__Alpha-1_0__Seed-42.txt,results/main_campaign_default_alpha_0_5/FedNova-results/test2_robustez_alpha/CIFAR10/FedNova__CIFAR10__Setup-5__Clients-5__Rounds-10__Delay-0_05__Alpha-1_0__Seed-42.txt
CIFAR-10,$\alpha=1.0$,43,0.816,0.8095,0.65,325.625,407.031,results/main_campaign_default_alpha_0_5/FedHAD-results/test2_robustez_alpha/CIFAR10-Standard/FedHAD__CIFAR10__Mode-STANDARD__Cfg-E1L1F1__Setup-5__Clients-5__Rounds-10__Delay-0_05__Alpha-1_0__Seed-43.txt,results/main_campaign_default_alpha_0_5/FedNova-results/test2_robustez_alpha/CIFAR10/FedNova__CIFAR10__Setup-5__Clients-5__Rounds-10__Delay-0_05__Alpha-1_0__Seed-43.txt
CIFAR-10,$\alpha=1.0$,44,0.8241,0.8136,1.05,325.625,407.031,results/main_campaign_default_alpha_0_5/FedHAD-results/test2_robustez_alpha/CIFAR10-Standard/FedHAD__CIFAR10__Mode-STANDARD__Cfg-E1L1F1__Setup-5__Clients-5__Rounds-10__Delay-0_05__Alpha-1_0__Seed-44.txt,results/main_campaign_default_alpha_0_5/FedNova-results/test2_robustez_alpha/CIFAR10/FedNova__CIFAR10__Setup-5__Clients-5__Rounds-10__Delay-0_05__Alpha-1_0__Seed-44.txt
CIFAR-10,$\alpha=1.0$,45,0.8235,0.8187,0.48,325.625,407.031,results/main_campaign_default_alpha_0_5/FedHAD-results/test2_robustez_alpha/CIFAR10-Standard/FedHAD__CIFAR10__Mode-STANDARD__Cfg-E1L1F1__Setup-5__Clients-5__Rounds-10__Delay-0_05__Alpha-1_0__Seed-45.txt,results/main_campaign_default_alpha_0_5/FedNova-results/test2_robustez_alpha/CIFAR10/FedNova__CIFAR10__Setup-5__Clients-5__Rounds-10__Delay-0_05__Alpha-1_0__Seed-45.txt
CIFAR-10,$\alpha=1.0$,46,0.8187,0.8189,-0.02,325.625,407.031,results/main_campaign_default_alpha_0_5/FedHAD-results/test2_robustez_alpha/CIFAR10-Standard/FedHAD__CIFAR10__Mode-STANDARD__Cfg-E1L1F1__Setup-5__Clients-5__Rounds-10__Delay-0_05__Alpha-1_0__Seed-46.txt,results/main_campaign_default_alpha_0_5/FedNova-results/test2_robustez_alpha/CIFAR10/FedNova__CIFAR10__Setup-5__Clients-5__Rounds-10__Delay-0_05__Alpha-1_0__Seed-46.txt
CIFAR-10,$\alpha=1.0$,47,0.8242,0.8187,0.55,325.632,407.04,results/main_campaign_default_alpha_0_5/FedHAD-results/test2_robustez_alpha/CIFAR10-Standard/FedHAD__CIFAR10__Mode-STANDARD__Cfg-E1L1F1__Setup-5__Clients-5__Rounds-10__Delay-0_05__Alpha-1_0__Seed-47.txt,results/main_campaign_default_alpha_0_5/FedNova-results/test2_robustez_alpha/CIFAR10/FedNova__CIFAR10__Setup-5__Clients-5__Rounds-10__Delay-0_05__Alpha-1_0__Seed-47.txt
CIFAR-10,$\alpha=1.0$,48,0.829,0.8224,0.66,325.625,407.031,results/main_campaign_default_alpha_0_5/FedHAD-results/test2_robustez_alpha/CIFAR10-Standard/FedHAD__CIFAR10__Mode-STANDARD__Cfg-E1L1F1__Setup-5__Clients-5__Rounds-10__Delay-0_05__Alpha-1_0__Seed-48.txt,results/main_campaign_default_alpha_0_5/FedNova-results/test2_robustez_alpha/CIFAR10/FedNova__CIFAR10__Setup-5__Clients-5__Rounds-10__Delay-0_05__Alpha-1_0__Seed-48.txt
CIFAR-10,$\alpha=1.0$,49,0.8254,0.8083,1.71,339.688,407.031,results/main_campaign_default_alpha_0_5/FedHAD-results/test2_robustez_alpha/CIFAR10-Standard/FedHAD__CIFAR10__Mode-STANDARD__Cfg-E1L1F1__Setup-5__Clients-5__Rounds-10__Delay-0_05__Alpha-1_0__Seed-49.txt,results/main_campaign_default_alpha_0_5/FedNova-results/test2_robustez_alpha/CIFAR10/FedNova__CIFAR10__Setup-5__Clients-5__Rounds-10__Delay-0_05__Alpha-1_0__Seed-49.txt
CIFAR-10,$\alpha=1.0$,50,0.8217,0.8135,0.82,325.632,407.04,results/main_campaign_default_alpha_0_5/FedHAD-results/test2_robustez_alpha/CIFAR10-Standard/FedHAD__CIFAR10__Mode-STANDARD__Cfg-E1L1F1__Setup-5__Clients-5__Rounds-10__Delay-0_05__Alpha-1_0__Seed-50.txt,results/main_campaign_default_alpha_0_5/FedNova-results/test2_robustez_alpha/CIFAR10/FedNova__CIFAR10__Setup-5__Clients-5__Rounds-10__Delay-0_05__Alpha-1_0__Seed-50.txt
CIFAR-10,$\alpha=1.0$,51,0.8239,0.819,0.49,325.625,407.031,results/main_campaign_default_alpha_0_5/FedHAD-results/test2_robustez_alpha/CIFAR10-Standard/FedHAD__CIFAR10__Mode-STANDARD__Cfg-E1L1F1__Setup-5__Clients-5__Rounds-10__Delay-0_05__Alpha-1_0__Seed-51.txt,results/main_campaign_default_alpha_0_5/FedNova-results/test2_robustez_alpha/CIFAR10/FedNova__CIFAR10__Setup-5__Clients-5__Rounds-10__Delay-0_05__Alpha-1_0__Seed-51.txt
CIFAR-10,$\alpha=1.0$,52,0.8191,0.8137,0.54,325.632,407.04,results/main_campaign_default_alpha_0_5/FedHAD-results/test2_robustez_alpha/CIFAR10-Standard/FedHAD__CIFAR10__Mode-STANDARD__Cfg-E1L1F1__Setup-5__Clients-5__Rounds-10__Delay-0_05__Alpha-1_0__Seed-52.txt,results/main_campaign_default_alpha_0_5/FedNova-results/test2_robustez_alpha/CIFAR10/FedNova__CIFAR10__Setup-5__Clients-5__Rounds-10__Delay-0_05__Alpha-1_0__Seed-52.txt
CIFAR-10,$\alpha=1.0$,53,0.8301,0.8183,1.18,352.833,407.031,results/main_campaign_default_alpha_0_5/FedHAD-results/test2_robustez_alpha/CIFAR10-Standard/FedHAD__CIFAR10__Mode-STANDARD__Cfg-E1L1F1__Setup-5__Clients-5__Rounds-10__Delay-0_05__Alpha-1_0__Seed-53.txt,results/main_campaign_default_alpha_0_5/FedNova-results/test2_robustez_alpha/CIFAR10/FedNova__CIFAR10__Setup-5__Clients-5__Rounds-10__Delay-0_05__Alpha-1_0__Seed-53.txt
CIFAR-10,$\alpha=1.0$,54,0.8206,0.8192,0.14,325.632,407.04,results/main_campaign_default_alpha_0_5/FedHAD-results/test2_robustez_alpha/CIFAR10-Standard/FedHAD__CIFAR10__Mode-STANDARD__Cfg-E1L1F1__Setup-5__Clients-5__Rounds-10__Delay-0_05__Alpha-1_0__Seed-54.txt,results/main_campaign_default_alpha_0_5/FedNova-results/test2_robustez_alpha/CIFAR10/FedNova__CIFAR10__Setup-5__Clients-5__Rounds-10__Delay-0_05__Alpha-1_0__Seed-54.txt
CIFAR-10,$\alpha=1.0$,55,0.8236,0.8177,0.59,355.957,407.031,results/main_campaign_default_alpha_0_5/FedHAD-results/test2_robustez_alpha/CIFAR10-Standard/FedHAD__CIFAR10__Mode-STANDARD__Cfg-E1L1F1__Setup-5__Clients-5__Rounds-10__Delay-0_05__Alpha-1_0__Seed-55.txt,results/main_campaign_default_alpha_0_5/FedNova-results/test2_robustez_alpha/CIFAR10/FedNova__CIFAR10__Setup-5__Clients-5__Rounds-10__Delay-0_05__Alpha-1_0__Seed-55.txt
CIFAR-10,$\alpha=1.0$,56,0.8227,0.8259,-0.32,325.625,407.031,results/main_campaign_default_alpha_0_5/FedHAD-results/test2_robustez_alpha/CIFAR10-Standard/FedHAD__CIFAR10__Mode-STANDARD__Cfg-E1L1F1__Setup-5__Clients-5__Rounds-10__Delay-0_05__Alpha-1_0__Seed-56.txt,results/main_campaign_default_alpha_0_5/FedNova-results/test2_robustez_alpha/CIFAR10/FedNova__CIFAR10__Setup-5__Clients-5__Rounds-10__Delay-0_05__Alpha-1_0__Seed-56.txt
CIFAR-10,$\alpha=1.0$,57,0.8111,0.8022,0.89,325.625,407.031,results/main_campaign_default_alpha_0_5/FedHAD-results/test2_robustez_alpha/CIFAR10-Standard/FedHAD__CIFAR10__Mode-STANDARD__Cfg-E1L1F1__Setup-5__Clients-5__Rounds-10__Delay-0_05__Alpha-1_0__Seed-57.txt,results/main_campaign_default_alpha_0_5/FedNova-results/test2_robustez_alpha/CIFAR10/FedNova__CIFAR10__Setup-5__Clients-5__Rounds-10__Delay-0_05__Alpha-1_0__Seed-57.txt
CIFAR-10,$\alpha=1.0$,58,0.8157,0.8195,-0.38,325.625,407.031,results/main_campaign_default_alpha_0_5/FedHAD-results/test2_robustez_alpha/CIFAR10-Standard/FedHAD__CIFAR10__Mode-STANDARD__Cfg-E1L1F1__Setup-5__Clients-5__Rounds-10__Delay-0_05__Alpha-1_0__Seed-58.txt,results/main_campaign_default_alpha_0_5/FedNova-results/test2_robustez_alpha/CIFAR10/FedNova__CIFAR10__Setup-5__Clients-5__Rounds-10__Delay-0_05__Alpha-1_0__Seed-58.txt
CIFAR-10,$\alpha=1.0$,59,0.82,0.8168,0.32,325.625,407.031,results/main_campaign_default_alpha_0_5/FedHAD-results/test2_robustez_alpha/CIFAR10-Standard/FedHAD__CIFAR10__Mode-STANDARD__Cfg-E1L1F1__Setup-5__Clients-5__Rounds-10__Delay-0_05__Alpha-1_0__Seed-59.txt,results/main_campaign_default_alpha_0_5/FedNova-results/test2_robustez_alpha/CIFAR10/FedNova__CIFAR10__Setup-5__Clients-5__Rounds-10__Delay-0_05__Alpha-1_0__Seed-59.txt
CIFAR-10,$\alpha=1.0$,60,0.8208,0.8134,0.74,325.632,407.04,results/main_campaign_default_alpha_0_5/FedHAD-results/test2_robustez_alpha/CIFAR10-Standard/FedHAD__CIFAR10__Mode-STANDARD__Cfg-E1L1F1__Setup-5__Clients-5__Rounds-10__Delay-0_05__Alpha-1_0__Seed-60.txt,results/main_campaign_default_alpha_0_5/FedNova-results/test2_robustez_alpha/CIFAR10/FedNova__CIFAR10__Setup-5__Clients-5__Rounds-10__Delay-0_05__Alpha-1_0__Seed-60.txt
CIFAR-10,$\alpha=1.0$,61,0.8165,0.8166,-0.01,345.688,407.031,results/main_campaign_default_alpha_0_5/FedHAD-results/test2_robustez_alpha/CIFAR10-Standard/FedHAD__CIFAR10__Mode-STANDARD__Cfg-E1L1F1__Setup-5__Clients-5__Rounds-10__Delay-0_05__Alpha-1_0__Seed-61.txt,results/main_campaign_default_alpha_0_5/FedNova-results/test2_robustez_alpha/CIFAR10/FedNova__CIFAR10__Setup-5__Clients-5__Rounds-10__Delay-0_05__Alpha-1_0__Seed-61.txt
CIFAR-10,$\alpha=1.0$,62,0.8243,0.8182,0.61,325.625,407.031,results/main_campaign_default_alpha_0_5/FedHAD-results/test2_robustez_alpha/CIFAR10-Standard/FedHAD__CIFAR10__Mode-STANDARD__Cfg-E1L1F1__Setup-5__Clients-5__Rounds-10__Delay-0_05__Alpha-1_0__Seed-62.txt,results/main_campaign_default_alpha_0_5/FedNova-results/test2_robustez_alpha/CIFAR10/FedNova__CIFAR10__Setup-5__Clients-5__Rounds-10__Delay-0_05__Alpha-1_0__Seed-62.txt
CIFAR-10,$\alpha=1.0$,63,0.8215,0.8217,-0.02,349.499,407.04,results/main_campaign_default_alpha_0_5/FedHAD-results/test2_robustez_alpha/CIFAR10-Standard/FedHAD__CIFAR10__Mode-STANDARD__Cfg-E1L1F1__Setup-5__Clients-5__Rounds-10__Delay-0_05__Alpha-1_0__Seed-63.txt,results/main_campaign_default_alpha_0_5/FedNova-results/test2_robustez_alpha/CIFAR10/FedNova__CIFAR10__Setup-5__Clients-5__Rounds-10__Delay-0_05__Alpha-1_0__Seed-63.txt
CIFAR-10,$\alpha=1.0$,64,0.8091,0.8087,0.04,341.518,407.031,results/main_campaign_default_alpha_0_5/FedHAD-results/test2_robustez_alpha/CIFAR10-Standard/FedHAD__CIFAR10__Mode-STANDARD__Cfg-E1L1F1__Setup-5__Clients-5__Rounds-10__Delay-0_05__Alpha-1_0__Seed-64.txt,results/main_campaign_default_alpha_0_5/FedNova-results/test2_robustez_alpha/CIFAR10/FedNova__CIFAR10__Setup-5__Clients-5__Rounds-10__Delay-0_05__Alpha-1_0__Seed-64.txt
CIFAR-10,$\alpha=1.0$,65,0.8194,0.8197,-0.03,325.632,407.04,results/main_campaign_default_alpha_0_5/FedHAD-results/test2_robustez_alpha/CIFAR10-Standard/FedHAD__CIFAR10__Mode-STANDARD__Cfg-E1L1F1__Setup-5__Clients-5__Rounds-10__Delay-0_05__Alpha-1_0__Seed-65.txt,results/main_campaign_default_alpha_0_5/FedNova-results/test2_robustez_alpha/CIFAR10/FedNova__CIFAR10__Setup-5__Clients-5__Rounds-10__Delay-0_05__Alpha-1_0__Seed-65.txt
CIFAR-10,$\alpha=1.0$,66,0.8131,0.807,0.61,325.618,407.022,results/main_campaign_default_alpha_0_5/FedHAD-results/test2_robustez_alpha/CIFAR10-Standard/FedHAD__CIFAR10__Mode-STANDARD__Cfg-E1L1F1__Setup-5__Clients-5__Rounds-10__Delay-0_05__Alpha-1_0__Seed-66.txt,results/main_campaign_default_alpha_0_5/FedNova-results/test2_robustez_alpha/CIFAR10/FedNova__CIFAR10__Setup-5__Clients-5__Rounds-10__Delay-0_05__Alpha-1_0__Seed-66.txt
CIFAR-10,$\alpha=1.0$,67,0.8155,0.8072,0.83,325.632,407.04,results/main_campaign_default_alpha_0_5/FedHAD-results/test2_robustez_alpha/CIFAR10-Standard/FedHAD__CIFAR10__Mode-STANDARD__Cfg-E1L1F1__Setup-5__Clients-5__Rounds-10__Delay-0_05__Alpha-1_0__Seed-67.txt,results/main_campaign_default_alpha_0_5/FedNova-results/test2_robustez_alpha/CIFAR10/FedNova__CIFAR10__Setup-5__Clients-5__Rounds-10__Delay-0_05__Alpha-1_0__Seed-67.txt
CIFAR-10,$\alpha=1.0$,68,0.8223,0.8248,-0.25,325.618,407.022,results/main_campaign_default_alpha_0_5/FedHAD-results/test2_robustez_alpha/CIFAR10-Standard/FedHAD__CIFAR10__Mode-STANDARD__Cfg-E1L1F1__Setup-5__Clients-5__Rounds-10__Delay-0_05__Alpha-1_0__Seed-68.txt,results/main_campaign_default_alpha_0_5/FedNova-results/test2_robustez_alpha/CIFAR10/FedNova__CIFAR10__Setup-5__Clients-5__Rounds-10__Delay-0_05__Alpha-1_0__Seed-68.txt
CIFAR-10,$\alpha=1.0$,69,0.821,0.8161,0.49,325.625,407.031,results/main_campaign_default_alpha_0_5/FedHAD-results/test2_robustez_alpha/CIFAR10-Standard/FedHAD__CIFAR10__Mode-STANDARD__Cfg-E1L1F1__Setup-5__Clients-5__Rounds-10__Delay-0_05__Alpha-1_0__Seed-69.txt,results/main_campaign_default_alpha_0_5/FedNova-results/test2_robustez_alpha/CIFAR10/FedNova__CIFAR10__Setup-5__Clients-5__Rounds-10__Delay-0_05__Alpha-1_0__Seed-69.txt
CIFAR-10,$\alpha=1.0$,70,0.8204,0.8203,0.01,325.618,407.022,results/main_campaign_default_alpha_0_5/FedHAD-results/test2_robustez_alpha/CIFAR10-Standard/FedHAD__CIFAR10__Mode-STANDARD__Cfg-E1L1F1__Setup-5__Clients-5__Rounds-10__Delay-0_05__Alpha-1_0__Seed-70.txt,results/main_campaign_default_alpha_0_5/FedNova-results/test2_robustez_alpha/CIFAR10/FedNova__CIFAR10__Setup-5__Clients-5__Rounds-10__Delay-0_05__Alpha-1_0__Seed-70.txt
CIFAR-10,$\alpha=1.0$,71,0.8264,0.8179,0.85,325.632,407.04,results/main_campaign_default_alpha_0_5/FedHAD-results/test2_robustez_alpha/CIFAR10-Standard/FedHAD__CIFAR10__Mode-STANDARD__Cfg-E1L1F1__Setup-5__Clients-5__Rounds-10__Delay-0_05__Alpha-1_0__Seed-71.txt,results/main_campaign_default_alpha_0_5/FedNova-results/test2_robustez_alpha/CIFAR10/FedNova__CIFAR10__Setup-5__Clients-5__Rounds-10__Delay-0_05__Alpha-1_0__Seed-71.txt
CIFAR-10,$\alpha=0.1$,42,0.6991,0.6785,2.06,290.783,407.04,results/main_campaign_default_alpha_0_5/FedHAD-results/test2_robustez_alpha/CIFAR10-Standard/FedHAD__CIFAR10__Mode-STANDARD__Cfg-E1L1F1__Setup-5__Clients-5__Rounds-10__Delay-0_05__Alpha-0_1__Seed-42.txt,results/main_campaign_default_alpha_0_5/FedNova-results/test2_robustez_alpha/CIFAR10/FedNova__CIFAR10__Setup-5__Clients-5__Rounds-10__Delay-0_05__Alpha-0_1__Seed-42.txt
CIFAR-10,$\alpha=0.1$,43,0.6651,0.6358,2.93,283.983,407.031,results/main_campaign_default_alpha_0_5/FedHAD-results/test2_robustez_alpha/CIFAR10-Standard/FedHAD__CIFAR10__Mode-STANDARD__Cfg-E1L1F1__Setup-5__Clients-5__Rounds-10__Delay-0_05__Alpha-0_1__Seed-43.txt,results/main_campaign_default_alpha_0_5/FedNova-results/test2_robustez_alpha/CIFAR10/FedNova__CIFAR10__Setup-5__Clients-5__Rounds-10__Delay-0_05__Alpha-0_1__Seed-43.txt
CIFAR-10,$\alpha=0.1$,44,0.655,0.5948,6.02,286.973,407.04,results/main_campaign_default_alpha_0_5/FedHAD-results/test2_robustez_alpha/CIFAR10-Standard/FedHAD__CIFAR10__Mode-STANDARD__Cfg-E1L1F1__Setup-5__Clients-5__Rounds-10__Delay-0_05__Alpha-0_1__Seed-44.txt,results/main_campaign_default_alpha_0_5/FedNova-results/test2_robustez_alpha/CIFAR10/FedNova__CIFAR10__Setup-5__Clients-5__Rounds-10__Delay-0_05__Alpha-0_1__Seed-44.txt
CIFAR-10,$\alpha=0.1$,45,0.6497,0.6731,-2.34,300.276,407.031,results/main_campaign_default_alpha_0_5/FedHAD-results/test2_robustez_alpha/CIFAR10-Standard/FedHAD__CIFAR10__Mode-STANDARD__Cfg-E1L1F1__Setup-5__Clients-5__Rounds-10__Delay-0_05__Alpha-0_1__Seed-45.txt,results/main_campaign_default_alpha_0_5/FedNova-results/test2_robustez_alpha/CIFAR10/FedNova__CIFAR10__Setup-5__Clients-5__Rounds-10__Delay-0_05__Alpha-0_1__Seed-45.txt
CIFAR-10,$\alpha=0.1$,46,0.7072,0.7057,0.15,274.453,407.04,results/main_campaign_default_alpha_0_5/FedHAD-results/test2_robustez_alpha/CIFAR10-Standard/FedHAD__CIFAR10__Mode-STANDARD__Cfg-E1L1F1__Setup-5__Clients-5__Rounds-10__Delay-0_05__Alpha-0_1__Seed-46.txt,results/main_campaign_default_alpha_0_5/FedNova-results/test2_robustez_alpha/CIFAR10/FedNova__CIFAR10__Setup-5__Clients-5__Rounds-10__Delay-0_05__Alpha-0_1__Seed-46.txt
CIFAR-10,$\alpha=0.1$,47,0.7121,0.7219,-0.98,311.709,407.04,results/main_campaign_default_alpha_0_5/FedHAD-results/test2_robustez_alpha/CIFAR10-Standard/FedHAD__CIFAR10__Mode-STANDARD__Cfg-E1L1F1__Setup-5__Clients-5__Rounds-10__Delay-0_05__Alpha-0_1__Seed-47.txt,results/main_campaign_default_alpha_0_5/FedNova-results/test2_robustez_alpha/CIFAR10/FedNova__CIFAR10__Setup-5__Clients-5__Rounds-10__Delay-0_05__Alpha-0_1__Seed-47.txt
CIFAR-10,$\alpha=0.1$,48,0.6694,0.704,-3.46,282.614,407.031,results/main_campaign_default_alpha_0_5/FedHAD-results/test2_robustez_alpha/CIFAR10-Standard/FedHAD__CIFAR10__Mode-STANDARD__Cfg-E1L1F1__Setup-5__Clients-5__Rounds-10__Delay-0_05__Alpha-0_1__Seed-48.txt,results/main_campaign_default_alpha_0_5/FedNova-results/test2_robustez_alpha/CIFAR10/FedNova__CIFAR10__Setup-5__Clients-5__Rounds-10__Delay-0_05__Alpha-0_1__Seed-48.txt
CIFAR-10,$\alpha=0.1$,49,0.6869,0.7177,-3.08,307.765,407.04,results/main_campaign_default_alpha_0_5/FedHAD-results/test2_robustez_alpha/CIFAR10-Standard/FedHAD__CIFAR10__Mode-STANDARD__Cfg-E1L1F1__Setup-5__Clients-5__Rounds-10__Delay-0_05__Alpha-0_1__Seed-49.txt,results/main_campaign_default_alpha_0_5/FedNova-results/test2_robustez_alpha/CIFAR10/FedNova__CIFAR10__Setup-5__Clients-5__Rounds-10__Delay-0_05__Alpha-0_1__Seed-49.txt
CIFAR-10,$\alpha=0.1$,50,0.7085,0.7096,-0.11,295.763,407.04,results/main_campaign_default_alpha_0_5/FedHAD-results/test2_robustez_alpha/CIFAR10-Standard/FedHAD__CIFAR10__Mode-STANDARD__Cfg-E1L1F1__Setup-5__Clients-5__Rounds-10__Delay-0_05__Alpha-0_1__Seed-50.txt,results/main_campaign_default_alpha_0_5/FedNova-results/test2_robustez_alpha/CIFAR10/FedNova__CIFAR10__Setup-5__Clients-5__Rounds-10__Delay-0_05__Alpha-0_1__Seed-50.txt
CIFAR-10,$\alpha=0.1$,51,0.7131,0.649,6.41,299.587,407.04,results/main_campaign_default_alpha_0_5/FedHAD-results/test2_robustez_alpha/CIFAR10-Standard/FedHAD__CIFAR10__Mode-STANDARD__Cfg-E1L1F1__Setup-5__Clients-5__Rounds-10__Delay-0_05__Alpha-0_1__Seed-51.txt,results/main_campaign_default_alpha_0_5/FedNova-results/test2_robustez_alpha/CIFAR10/FedNova__CIFAR10__Setup-5__Clients-5__Rounds-10__Delay-0_05__Alpha-0_1__Seed-51.txt
CIFAR-10,$\alpha=0.1$,52,0.7587,0.6858,7.29,277.813,407.031,results/main_campaign_default_alpha_0_5/FedHAD-results/test2_robustez_alpha/CIFAR10-Standard/FedHAD__CIFAR10__Mode-STANDARD__Cfg-E1L1F1__Setup-5__Clients-5__Rounds-10__Delay-0_05__Alpha-0_1__Seed-52.txt,results/main_campaign_default_alpha_0_5/FedNova-results/test2_robustez_alpha/CIFAR10/FedNova__CIFAR10__Setup-5__Clients-5__Rounds-10__Delay-0_05__Alpha-0_1__Seed-52.txt
CIFAR-10,$\alpha=0.1$,53,0.709,0.6808,2.82,298.69,407.04,results/main_campaign_default_alpha_0_5/FedHAD-results/test2_robustez_alpha/CIFAR10-Standard/FedHAD__CIFAR10__Mode-STANDARD__Cfg-E1L1F1__Setup-5__Clients-5__Rounds-10__Delay-0_05__Alpha-0_1__Seed-53.txt,results/main_campaign_default_alpha_0_5/FedNova-results/test2_robustez_alpha/CIFAR10/FedNova__CIFAR10__Setup-5__Clients-5__Rounds-10__Delay-0_05__Alpha-0_1__Seed-53.txt
CIFAR-10,$\alpha=0.1$,54,0.7012,0.6262,7.5,303.632,407.031,results/main_campaign_default_alpha_0_5/FedHAD-results/test2_robustez_alpha/CIFAR10-Standard/FedHAD__CIFAR10__Mode-STANDARD__Cfg-E1L1F1__Setup-5__Clients-5__Rounds-10__Delay-0_05__Alpha-0_1__Seed-54.txt,results/main_campaign_default_alpha_0_5/FedNova-results/test2_robustez_alpha/CIFAR10/FedNova__CIFAR10__Setup-5__Clients-5__Rounds-10__Delay-0_05__Alpha-0_1__Seed-54.txt
CIFAR-10,$\alpha=0.1$,55,0.6907,0.664,2.67,282.939,407.04,results/main_campaign_default_alpha_0_5/FedHAD-results/test2_robustez_alpha/CIFAR10-Standard/FedHAD__CIFAR10__Mode-STANDARD__Cfg-E1L1F1__Setup-5__Clients-5__Rounds-10__Delay-0_05__Alpha-0_1__Seed-55.txt,results/main_campaign_default_alpha_0_5/FedNova-results/test2_robustez_alpha/CIFAR10/FedNova__CIFAR10__Setup-5__Clients-5__Rounds-10__Delay-0_05__Alpha-0_1__Seed-55.txt
CIFAR-10,$\alpha=0.1$,56,0.6889,0.6709,1.8,275.799,407.04,results/main_campaign_default_alpha_0_5/FedHAD-results/test2_robustez_alpha/CIFAR10-Standard/FedHAD__CIFAR10__Mode-STANDARD__Cfg-E1L1F1__Setup-5__Clients-5__Rounds-10__Delay-0_05__Alpha-0_1__Seed-56.txt,results/main_campaign_default_alpha_0_5/FedNova-results/test2_robustez_alpha/CIFAR10/FedNova__CIFAR10__Setup-5__Clients-5__Rounds-10__Delay-0_05__Alpha-0_1__Seed-56.txt
CIFAR-10,$\alpha=0.1$,57,0.6806,0.6555,2.51,289.663,407.031,results/main_campaign_default_alpha_0_5/FedHAD-results/test2_robustez_alpha/CIFAR10-Standard/FedHAD__CIFAR10__Mode-STANDARD__Cfg-E1L1F1__Setup-5__Clients-5__Rounds-10__Delay-0_05__Alpha-0_1__Seed-57.txt,results/main_campaign_default_alpha_0_5/FedNova-results/test2_robustez_alpha/CIFAR10/FedNova__CIFAR10__Setup-5__Clients-5__Rounds-10__Delay-0_05__Alpha-0_1__Seed-57.txt
CIFAR-10,$\alpha=0.1$,58,0.712,0.7179,-0.59,288.99,407.031,results/main_campaign_default_alpha_0_5/FedHAD-results/test2_robustez_alpha/CIFAR10-Standard/FedHAD__CIFAR10__Mode-STANDARD__Cfg-E1L1F1__Setup-5__Clients-5__Rounds-10__Delay-0_05__Alpha-0_1__Seed-58.txt,results/main_campaign_default_alpha_0_5/FedNova-results/test2_robustez_alpha/CIFAR10/FedNova__CIFAR10__Setup-5__Clients-5__Rounds-10__Delay-0_05__Alpha-0_1__Seed-58.txt
CIFAR-10,$\alpha=0.1$,59,0.646,0.6842,-3.82,276.747,407.031,results/main_campaign_default_alpha_0_5/FedHAD-results/test2_robustez_alpha/CIFAR10-Standard/FedHAD__CIFAR10__Mode-STANDARD__Cfg-E1L1F1__Setup-5__Clients-5__Rounds-10__Delay-0_05__Alpha-0_1__Seed-59.txt,results/main_campaign_default_alpha_0_5/FedNova-results/test2_robustez_alpha/CIFAR10/FedNova__CIFAR10__Setup-5__Clients-5__Rounds-10__Delay-0_05__Alpha-0_1__Seed-59.txt
CIFAR-10,$\alpha=0.1$,60,0.6963,0.7171,-2.08,271.411,407.04,results/main_campaign_default_alpha_0_5/FedHAD-results/test2_robustez_alpha/CIFAR10-Standard/FedHAD__CIFAR10__Mode-STANDARD__Cfg-E1L1F1__Setup-5__Clients-5__Rounds-10__Delay-0_05__Alpha-0_1__Seed-60.txt,results/main_campaign_default_alpha_0_5/FedNova-results/test2_robustez_alpha/CIFAR10/FedNova__CIFAR10__Setup-5__Clients-5__Rounds-10__Delay-0_05__Alpha-0_1__Seed-60.txt
CIFAR-10,$\alpha=0.1$,61,0.7561,0.701,5.51,317.311,407.031,results/main_campaign_default_alpha_0_5/FedHAD-results/test2_robustez_alpha/CIFAR10-Standard/FedHAD__CIFAR10__Mode-STANDARD__Cfg-E1L1F1__Setup-5__Clients-5__Rounds-10__Delay-0_05__Alpha-0_1__Seed-61.txt,results/main_campaign_default_alpha_0_5/FedNova-results/test2_robustez_alpha/CIFAR10/FedNova__CIFAR10__Setup-5__Clients-5__Rounds-10__Delay-0_05__Alpha-0_1__Seed-61.txt
CIFAR-10,$\alpha=0.1$,62,0.6868,0.7203,-3.35,265.25,407.031,results/main_campaign_default_alpha_0_5/FedHAD-results/test2_robustez_alpha/CIFAR10-Standard/FedHAD__CIFAR10__Mode-STANDARD__Cfg-E1L1F1__Setup-5__Clients-5__Rounds-10__Delay-0_05__Alpha-0_1__Seed-62.txt,results/main_campaign_default_alpha_0_5/FedNova-results/test2_robustez_alpha/CIFAR10/FedNova__CIFAR10__Setup-5__Clients-5__Rounds-10__Delay-0_05__Alpha-0_1__Seed-62.txt
CIFAR-10,$\alpha=0.1$,63,0.6609,0.6309,3,311.633,407.031,results/main_campaign_default_alpha_0_5/FedHAD-results/test2_robustez_alpha/CIFAR10-Standard/FedHAD__CIFAR10__Mode-STANDARD__Cfg-E1L1F1__Setup-5__Clients-5__Rounds-10__Delay-0_05__Alpha-0_1__Seed-63.txt,results/main_campaign_default_alpha_0_5/FedNova-results/test2_robustez_alpha/CIFAR10/FedNova__CIFAR10__Setup-5__Clients-5__Rounds-10__Delay-0_05__Alpha-0_1__Seed-63.txt
CIFAR-10,$\alpha=0.1$,64,0.6685,0.6317,3.68,297.811,407.022,results/main_campaign_default_alpha_0_5/FedHAD-results/test2_robustez_alpha/CIFAR10-Standard/FedHAD__CIFAR10__Mode-STANDARD__Cfg-E1L1F1__Setup-5__Clients-5__Rounds-10__Delay-0_05__Alpha-0_1__Seed-64.txt,results/main_campaign_default_alpha_0_5/FedNova-results/test2_robustez_alpha/CIFAR10/FedNova__CIFAR10__Setup-5__Clients-5__Rounds-10__Delay-0_05__Alpha-0_1__Seed-64.txt
CIFAR-10,$\alpha=0.1$,65,0.663,0.6825,-1.95,289.231,407.031,results/main_campaign_default_alpha_0_5/FedHAD-results/test2_robustez_alpha/CIFAR10-Standard/FedHAD__CIFAR10__Mode-STANDARD__Cfg-E1L1F1__Setup-5__Clients-5__Rounds-10__Delay-0_05__Alpha-0_1__Seed-65.txt,results/main_campaign_default_alpha_0_5/FedNova-results/test2_robustez_alpha/CIFAR10/FedNova__CIFAR10__Setup-5__Clients-5__Rounds-10__Delay-0_05__Alpha-0_1__Seed-65.txt
CIFAR-10,$\alpha=0.1$,66,0.6521,0.6793,-2.72,285.099,407.04,results/main_campaign_default_alpha_0_5/FedHAD-results/test2_robustez_alpha/CIFAR10-Standard/FedHAD__CIFAR10__Mode-STANDARD__Cfg-E1L1F1__Setup-5__Clients-5__Rounds-10__Delay-0_05__Alpha-0_1__Seed-66.txt,results/main_campaign_default_alpha_0_5/FedNova-results/test2_robustez_alpha/CIFAR10/FedNova__CIFAR10__Setup-5__Clients-5__Rounds-10__Delay-0_05__Alpha-0_1__Seed-66.txt
CIFAR-10,$\alpha=0.1$,67,0.6412,0.5942,4.7,271.416,407.031,results/main_campaign_default_alpha_0_5/FedHAD-results/test2_robustez_alpha/CIFAR10-Standard/FedHAD__CIFAR10__Mode-STANDARD__Cfg-E1L1F1__Setup-5__Clients-5__Rounds-10__Delay-0_05__Alpha-0_1__Seed-67.txt,results/main_campaign_default_alpha_0_5/FedNova-results/test2_robustez_alpha/CIFAR10/FedNova__CIFAR10__Setup-5__Clients-5__Rounds-10__Delay-0_05__Alpha-0_1__Seed-67.txt
CIFAR-10,$\alpha=0.1$,68,0.7036,0.7165,-1.29,279.79,407.022,results/main_campaign_default_alpha_0_5/FedHAD-results/test2_robustez_alpha/CIFAR10-Standard/FedHAD__CIFAR10__Mode-STANDARD__Cfg-E1L1F1__Setup-5__Clients-5__Rounds-10__Delay-0_05__Alpha-0_1__Seed-68.txt,results/main_campaign_default_alpha_0_5/FedNova-results/test2_robustez_alpha/CIFAR10/FedNova__CIFAR10__Setup-5__Clients-5__Rounds-10__Delay-0_05__Alpha-0_1__Seed-68.txt
CIFAR-10,$\alpha=0.1$,69,0.7091,0.6919,1.72,292.078,407.031,results/main_campaign_default_alpha_0_5/FedHAD-results/test2_robustez_alpha/CIFAR10-Standard/FedHAD__CIFAR10__Mode-STANDARD__Cfg-E1L1F1__Setup-5__Clients-5__Rounds-10__Delay-0_05__Alpha-0_1__Seed-69.txt,results/main_campaign_default_alpha_0_5/FedNova-results/test2_robustez_alpha/CIFAR10/FedNova__CIFAR10__Setup-5__Clients-5__Rounds-10__Delay-0_05__Alpha-0_1__Seed-69.txt
CIFAR-10,$\alpha=0.1$,70,0.6212,0.6494,-2.82,268.43,407.04,results/main_campaign_default_alpha_0_5/FedHAD-results/test2_robustez_alpha/CIFAR10-Standard/FedHAD__CIFAR10__Mode-STANDARD__Cfg-E1L1F1__Setup-5__Clients-5__Rounds-10__Delay-0_05__Alpha-0_1__Seed-70.txt,results/main_campaign_default_alpha_0_5/FedNova-results/test2_robustez_alpha/CIFAR10/FedNova__CIFAR10__Setup-5__Clients-5__Rounds-10__Delay-0_05__Alpha-0_1__Seed-70.txt
CIFAR-10,$\alpha=0.1$,71,0.6475,0.6745,-2.7,283.724,407.04,results/main_campaign_default_alpha_0_5/FedHAD-results/test2_robustez_alpha/CIFAR10-Standard/FedHAD__CIFAR10__Mode-STANDARD__Cfg-E1L1F1__Setup-5__Clients-5__Rounds-10__Delay-0_05__Alpha-0_1__Seed-71.txt,results/main_campaign_default_alpha_0_5/FedNova-results/test2_robustez_alpha/CIFAR10/FedNova__CIFAR10__Setup-5__Clients-5__Rounds-10__Delay-0_05__Alpha-0_1__Seed-71.txt
CIFAR-10,$\alpha=0.01$,42,0.6412,0.4332,20.8,266.856,407.022,results/main_campaign_default_alpha_0_5/FedHAD-results/test2_robustez_alpha/CIFAR10-Standard/FedHAD__CIFAR10__Mode-STANDARD__Cfg-E1L1F1__Setup-5__Clients-5__Rounds-10__Delay-0_05__Alpha-0_01__Seed-42.txt,results/main_campaign_default_alpha_0_5/FedNova-results/test2_robustez_alpha/CIFAR10/FedNova__CIFAR10__Setup-5__Clients-5__Rounds-10__Delay-0_05__Alpha-0_01__Seed-42.txt
CIFAR-10,$\alpha=0.01$,43,0.5024,0.435,6.74,258.506,407.022,results/main_campaign_default_alpha_0_5/FedHAD-results/test2_robustez_alpha/CIFAR10-Standard/FedHAD__CIFAR10__Mode-STANDARD__Cfg-E1L1F1__Setup-5__Clients-5__Rounds-10__Delay-0_05__Alpha-0_01__Seed-43.txt,results/main_campaign_default_alpha_0_5/FedNova-results/test2_robustez_alpha/CIFAR10/FedNova__CIFAR10__Setup-5__Clients-5__Rounds-10__Delay-0_05__Alpha-0_01__Seed-43.txt
CIFAR-10,$\alpha=0.01$,44,0.5761,0.3001,27.6,268.211,407.04,results/main_campaign_default_alpha_0_5/FedHAD-results/test2_robustez_alpha/CIFAR10-Standard/FedHAD__CIFAR10__Mode-STANDARD__Cfg-E1L1F1__Setup-5__Clients-5__Rounds-10__Delay-0_05__Alpha-0_01__Seed-44.txt,results/main_campaign_default_alpha_0_5/FedNova-results/test2_robustez_alpha/CIFAR10/FedNova__CIFAR10__Setup-5__Clients-5__Rounds-10__Delay-0_05__Alpha-0_01__Seed-44.txt
CIFAR-10,$\alpha=0.01$,45,0.5865,0.4728,11.37,255.125,407.031,results/main_campaign_default_alpha_0_5/FedHAD-results/test2_robustez_alpha/CIFAR10-Standard/FedHAD__CIFAR10__Mode-STANDARD__Cfg-E1L1F1__Setup-5__Clients-5__Rounds-10__Delay-0_05__Alpha-0_01__Seed-45.txt,results/main_campaign_default_alpha_0_5/FedNova-results/test2_robustez_alpha/CIFAR10/FedNova__CIFAR10__Setup-5__Clients-5__Rounds-10__Delay-0_05__Alpha-0_01__Seed-45.txt
CIFAR-10,$\alpha=0.01$,46,0.578,0.412,16.6,268.629,407.013,results/main_campaign_default_alpha_0_5/FedHAD-results/test2_robustez_alpha/CIFAR10-Standard/FedHAD__CIFAR10__Mode-STANDARD__Cfg-E1L1F1__Setup-5__Clients-5__Rounds-10__Delay-0_05__Alpha-0_01__Seed-46.txt,results/main_campaign_default_alpha_0_5/FedNova-results/test2_robustez_alpha/CIFAR10/FedNova__CIFAR10__Setup-5__Clients-5__Rounds-10__Delay-0_05__Alpha-0_01__Seed-46.txt
CIFAR-10,$\alpha=0.01$,47,0.5691,0.4777,9.14,268.242,407.04,results/main_campaign_default_alpha_0_5/FedHAD-results/test2_robustez_alpha/CIFAR10-Standard/FedHAD__CIFAR10__Mode-STANDARD__Cfg-E1L1F1__Setup-5__Clients-5__Rounds-10__Delay-0_05__Alpha-0_01__Seed-47.txt,results/main_campaign_default_alpha_0_5/FedNova-results/test2_robustez_alpha/CIFAR10/FedNova__CIFAR10__Setup-5__Clients-5__Rounds-10__Delay-0_05__Alpha-0_01__Seed-47.txt
CIFAR-10,$\alpha=0.01$,48,0.5259,0.5,2.59,244.213,407.022,results/main_campaign_default_alpha_0_5/FedHAD-results/test2_robustez_alpha/CIFAR10-Standard/FedHAD__CIFAR10__Mode-STANDARD__Cfg-E1L1F1__Setup-5__Clients-5__Rounds-10__Delay-0_05__Alpha-0_01__Seed-48.txt,results/main_campaign_default_alpha_0_5/FedNova-results/test2_robustez_alpha/CIFAR10/FedNova__CIFAR10__Setup-5__Clients-5__Rounds-10__Delay-0_05__Alpha-0_01__Seed-48.txt
CIFAR-10,$\alpha=0.01$,49,0.5397,0.5114,2.83,254.763,407.04,results/main_campaign_default_alpha_0_5/FedHAD-results/test2_robustez_alpha/CIFAR10-Standard/FedHAD__CIFAR10__Mode-STANDARD__Cfg-E1L1F1__Setup-5__Clients-5__Rounds-10__Delay-0_05__Alpha-0_01__Seed-49.txt,results/main_campaign_default_alpha_0_5/FedNova-results/test2_robustez_alpha/CIFAR10/FedNova__CIFAR10__Setup-5__Clients-5__Rounds-10__Delay-0_05__Alpha-0_01__Seed-49.txt
CIFAR-10,$\alpha=0.01$,50,0.6021,0.5552,4.69,262.001,407.031,results/main_campaign_default_alpha_0_5/FedHAD-results/test2_robustez_alpha/CIFAR10-Standard/FedHAD__CIFAR10__Mode-STANDARD__Cfg-E1L1F1__Setup-5__Clients-5__Rounds-10__Delay-0_05__Alpha-0_01__Seed-50.txt,results/main_campaign_default_alpha_0_5/FedNova-results/test2_robustez_alpha/CIFAR10/FedNova__CIFAR10__Setup-5__Clients-5__Rounds-10__Delay-0_05__Alpha-0_01__Seed-50.txt
CIFAR-10,$\alpha=0.01$,51,0.5667,0.439,12.77,268.632,407.022,results/main_campaign_default_alpha_0_5/FedHAD-results/test2_robustez_alpha/CIFAR10-Standard/FedHAD__CIFAR10__Mode-STANDARD__Cfg-E1L1F1__Setup-5__Clients-5__Rounds-10__Delay-0_05__Alpha-0_01__Seed-51.txt,results/main_campaign_default_alpha_0_5/FedNova-results/test2_robustez_alpha/CIFAR10/FedNova__CIFAR10__Setup-5__Clients-5__Rounds-10__Delay-0_05__Alpha-0_01__Seed-51.txt
CIFAR-10,$\alpha=0.01$,52,0.5601,0.5929,-3.28,296.704,407.022,results/main_campaign_default_alpha_0_5/FedHAD-results/test2_robustez_alpha/CIFAR10-Standard/FedHAD__CIFAR10__Mode-STANDARD__Cfg-E1L1F1__Setup-5__Clients-5__Rounds-10__Delay-0_05__Alpha-0_01__Seed-52.txt,results/main_campaign_default_alpha_0_5/FedNova-results/test2_robustez_alpha/CIFAR10/FedNova__CIFAR10__Setup-5__Clients-5__Rounds-10__Delay-0_05__Alpha-0_01__Seed-52.txt
CIFAR-10,$\alpha=0.01$,53,0.6038,0.5333,7.05,260.009,407.031,results/main_campaign_default_alpha_0_5/FedHAD-results/test2_robustez_alpha/CIFAR10-Standard/FedHAD__CIFAR10__Mode-STANDARD__Cfg-E1L1F1__Setup-5__Clients-5__Rounds-10__Delay-0_05__Alpha-0_01__Seed-53.txt,results/main_campaign_default_alpha_0_5/FedNova-results/test2_robustez_alpha/CIFAR10/FedNova__CIFAR10__Setup-5__Clients-5__Rounds-10__Delay-0_05__Alpha-0_01__Seed-53.txt
CIFAR-10,$\alpha=0.01$,54,0.5521,0.4613,9.08,284.694,407.031,results/main_campaign_default_alpha_0_5/FedHAD-results/test2_robustez_alpha/CIFAR10-Standard/FedHAD__CIFAR10__Mode-STANDARD__Cfg-E1L1F1__Setup-5__Clients-5__Rounds-10__Delay-0_05__Alpha-0_01__Seed-54.txt,results/main_campaign_default_alpha_0_5/FedNova-results/test2_robustez_alpha/CIFAR10/FedNova__CIFAR10__Setup-5__Clients-5__Rounds-10__Delay-0_05__Alpha-0_01__Seed-54.txt
CIFAR-10,$\alpha=0.01$,55,0.5949,0.3944,20.05,292.981,407.022,results/main_campaign_default_alpha_0_5/FedHAD-results/test2_robustez_alpha/CIFAR10-Standard/FedHAD__CIFAR10__Mode-STANDARD__Cfg-E1L1F1__Setup-5__Clients-5__Rounds-10__Delay-0_05__Alpha-0_01__Seed-55.txt,results/main_campaign_default_alpha_0_5/FedNova-results/test2_robustez_alpha/CIFAR10/FedNova__CIFAR10__Setup-5__Clients-5__Rounds-10__Delay-0_05__Alpha-0_01__Seed-55.txt
CIFAR-10,$\alpha=0.01$,56,0.5666,0.514,5.26,236.581,407.04,results/main_campaign_default_alpha_0_5/FedHAD-results/test2_robustez_alpha/CIFAR10-Standard/FedHAD__CIFAR10__Mode-STANDARD__Cfg-E1L1F1__Setup-5__Clients-5__Rounds-10__Delay-0_05__Alpha-0_01__Seed-56.txt,results/main_campaign_default_alpha_0_5/FedNova-results/test2_robustez_alpha/CIFAR10/FedNova__CIFAR10__Setup-5__Clients-5__Rounds-10__Delay-0_05__Alpha-0_01__Seed-56.txt
CIFAR-10,$\alpha=0.01$,57,0.5455,0.5541,-0.86,276.581,407.022,results/main_campaign_default_alpha_0_5/FedHAD-results/test2_robustez_alpha/CIFAR10-Standard/FedHAD__CIFAR10__Mode-STANDARD__Cfg-E1L1F1__Setup-5__Clients-5__Rounds-10__Delay-0_05__Alpha-0_01__Seed-57.txt,results/main_campaign_default_alpha_0_5/FedNova-results/test2_robustez_alpha/CIFAR10/FedNova__CIFAR10__Setup-5__Clients-5__Rounds-10__Delay-0_05__Alpha-0_01__Seed-57.txt
CIFAR-10,$\alpha=0.01$,58,0.5333,0.482,5.13,236.078,407.031,results/main_campaign_default_alpha_0_5/FedHAD-results/test2_robustez_alpha/CIFAR10-Standard/FedHAD__CIFAR10__Mode-STANDARD__Cfg-E1L1F1__Setup-5__Clients-5__Rounds-10__Delay-0_05__Alpha-0_01__Seed-58.txt,results/main_campaign_default_alpha_0_5/FedNova-results/test2_robustez_alpha/CIFAR10/FedNova__CIFAR10__Setup-5__Clients-5__Rounds-10__Delay-0_05__Alpha-0_01__Seed-58.txt
CIFAR-10,$\alpha=0.01$,59,0.5837,0.3115,27.22,268.459,407.04,results/main_campaign_default_alpha_0_5/FedHAD-results/test2_robustez_alpha/CIFAR10-Standard/FedHAD__CIFAR10__Mode-STANDARD__Cfg-E1L1F1__Setup-5__Clients-5__Rounds-10__Delay-0_05__Alpha-0_01__Seed-59.txt,results/main_campaign_default_alpha_0_5/FedNova-results/test2_robustez_alpha/CIFAR10/FedNova__CIFAR10__Setup-5__Clients-5__Rounds-10__Delay-0_05__Alpha-0_01__Seed-59.txt
CIFAR-10,$\alpha=0.01$,60,0.5124,0.4646,4.78,259.995,407.031,results/main_campaign_default_alpha_0_5/FedHAD-results/test2_robustez_alpha/CIFAR10-Standard/FedHAD__CIFAR10__Mode-STANDARD__Cfg-E1L1F1__Setup-5__Clients-5__Rounds-10__Delay-0_05__Alpha-0_01__Seed-60.txt,results/main_campaign_default_alpha_0_5/FedNova-results/test2_robustez_alpha/CIFAR10/FedNova__CIFAR10__Setup-5__Clients-5__Rounds-10__Delay-0_05__Alpha-0_01__Seed-60.txt
CIFAR-10,$\alpha=0.01$,61,0.5385,0.5395,-0.1,276.335,407.04,results/main_campaign_default_alpha_0_5/FedHAD-results/test2_robustez_alpha/CIFAR10-Standard/FedHAD__CIFAR10__Mode-STANDARD__Cfg-E1L1F1__Setup-5__Clients-5__Rounds-10__Delay-0_05__Alpha-0_01__Seed-61.txt,results/main_campaign_default_alpha_0_5/FedNova-results/test2_robustez_alpha/CIFAR10/FedNova__CIFAR10__Setup-5__Clients-5__Rounds-10__Delay-0_05__Alpha-0_01__Seed-61.txt
CIFAR-10,$\alpha=0.01$,62,0.551,0.3812,16.98,269.15,407.031,results/main_campaign_default_alpha_0_5/FedHAD-results/test2_robustez_alpha/CIFAR10-Standard/FedHAD__CIFAR10__Mode-STANDARD__Cfg-E1L1F1__Setup-5__Clients-5__Rounds-10__Delay-0_05__Alpha-0_01__Seed-62.txt,results/main_campaign_default_alpha_0_5/FedNova-results/test2_robustez_alpha/CIFAR10/FedNova__CIFAR10__Setup-5__Clients-5__Rounds-10__Delay-0_05__Alpha-0_01__Seed-62.txt
CIFAR-10,$\alpha=0.01$,63,0.5638,0.5883,-2.45,261.082,407.031,results/main_campaign_default_alpha_0_5/FedHAD-results/test2_robustez_alpha/CIFAR10-Standard/FedHAD__CIFAR10__Mode-STANDARD__Cfg-E1L1F1__Setup-5__Clients-5__Rounds-10__Delay-0_05__Alpha-0_01__Seed-63.txt,results/main_campaign_default_alpha_0_5/FedNova-results/test2_robustez_alpha/CIFAR10/FedNova__CIFAR10__Setup-5__Clients-5__Rounds-10__Delay-0_05__Alpha-0_01__Seed-63.txt
CIFAR-10,$\alpha=0.01$,64,0.4875,0.4291,5.84,236.086,407.031,results/main_campaign_default_alpha_0_5/FedHAD-results/test2_robustez_alpha/CIFAR10-Standard/FedHAD__CIFAR10__Mode-STANDARD__Cfg-E1L1F1__Setup-5__Clients-5__Rounds-10__Delay-0_05__Alpha-0_01__Seed-64.txt,results/main_campaign_default_alpha_0_5/FedNova-results/test2_robustez_alpha/CIFAR10/FedNova__CIFAR10__Setup-5__Clients-5__Rounds-10__Delay-0_05__Alpha-0_01__Seed-64.txt
CIFAR-10,$\alpha=0.01$,65,0.58,0.5297,5.03,256.65,407.031,results/main_campaign_default_alpha_0_5/FedHAD-results/test2_robustez_alpha/CIFAR10-Standard/FedHAD__CIFAR10__Mode-STANDARD__Cfg-E1L1F1__Setup-5__Clients-5__Rounds-10__Delay-0_05__Alpha-0_01__Seed-65.txt,results/main_campaign_default_alpha_0_5/FedNova-results/test2_robustez_alpha/CIFAR10/FedNova__CIFAR10__Setup-5__Clients-5__Rounds-10__Delay-0_05__Alpha-0_01__Seed-65.txt
CIFAR-10,$\alpha=0.01$,66,0.6328,0.4042,22.86,269.153,407.04,results/main_campaign_default_alpha_0_5/FedHAD-results/test2_robustez_alpha/CIFAR10-Standard/FedHAD__CIFAR10__Mode-STANDARD__Cfg-E1L1F1__Setup-5__Clients-5__Rounds-10__Delay-0_05__Alpha-0_01__Seed-66.txt,results/main_campaign_default_alpha_0_5/FedNova-results/test2_robustez_alpha/CIFAR10/FedNova__CIFAR10__Setup-5__Clients-5__Rounds-10__Delay-0_05__Alpha-0_01__Seed-66.txt
CIFAR-10,$\alpha=0.01$,67,0.5077,0.4881,1.96,260.317,407.04,results/main_campaign_default_alpha_0_5/FedHAD-results/test2_robustez_alpha/CIFAR10-Standard/FedHAD__CIFAR10__Mode-STANDARD__Cfg-E1L1F1__Setup-5__Clients-5__Rounds-10__Delay-0_05__Alpha-0_01__Seed-67.txt,results/main_campaign_default_alpha_0_5/FedNova-results/test2_robustez_alpha/CIFAR10/FedNova__CIFAR10__Setup-5__Clients-5__Rounds-10__Delay-0_05__Alpha-0_01__Seed-67.txt
CIFAR-10,$\alpha=0.01$,68,0.4735,0.4176,5.59,236.078,407.031,results/main_campaign_default_alpha_0_5/FedHAD-results/test2_robustez_alpha/CIFAR10-Standard/FedHAD__CIFAR10__Mode-STANDARD__Cfg-E1L1F1__Setup-5__Clients-5__Rounds-10__Delay-0_05__Alpha-0_01__Seed-68.txt,results/main_campaign_default_alpha_0_5/FedNova-results/test2_robustez_alpha/CIFAR10/FedNova__CIFAR10__Setup-5__Clients-5__Rounds-10__Delay-0_05__Alpha-0_01__Seed-68.txt
CIFAR-10,$\alpha=0.01$,69,0.6054,0.4793,12.61,278.891,407.022,results/main_campaign_default_alpha_0_5/FedHAD-results/test2_robustez_alpha/CIFAR10-Standard/FedHAD__CIFAR10__Mode-STANDARD__Cfg-E1L1F1__Setup-5__Clients-5__Rounds-10__Delay-0_05__Alpha-0_01__Seed-69.txt,results/main_campaign_default_alpha_0_5/FedNova-results/test2_robustez_alpha/CIFAR10/FedNova__CIFAR10__Setup-5__Clients-5__Rounds-10__Delay-0_05__Alpha-0_01__Seed-69.txt
CIFAR-10,$\alpha=0.01$,70,0.531,0.4661,6.49,260.995,407.022,results/main_campaign_default_alpha_0_5/FedHAD-results/test2_robustez_alpha/CIFAR10-Standard/FedHAD__CIFAR10__Mode-STANDARD__Cfg-E1L1F1__Setup-5__Clients-5__Rounds-10__Delay-0_05__Alpha-0_01__Seed-70.txt,results/main_campaign_default_alpha_0_5/FedNova-results/test2_robustez_alpha/CIFAR10/FedNova__CIFAR10__Setup-5__Clients-5__Rounds-10__Delay-0_05__Alpha-0_01__Seed-70.txt
CIFAR-10,$\alpha=0.01$,71,0.5213,0.4131,10.82,251.625,407.031,results/main_campaign_default_alpha_0_5/FedHAD-results/test2_robustez_alpha/CIFAR10-Standard/FedHAD__CIFAR10__Mode-STANDARD__Cfg-E1L1F1__Setup-5__Clients-5__Rounds-10__Delay-0_05__Alpha-0_01__Seed-71.txt,results/main_campaign_default_alpha_0_5/FedNova-results/test2_robustez_alpha/CIFAR10/FedNova__CIFAR10__Setup-5__Clients-5__Rounds-10__Delay-0_05__Alpha-0_01__Seed-71.txt
FEMNIST,natural federation,42,0.659217877095,0.668267233021,-0.904935592594,11.133,12.3948317184,results/main_campaign_default_alpha_0_5/FedHAD-results/test8_femnist/FEMNIST-Standard/FedHAD__FEMNIST__Mode-STANDARD__Cfg-E1L1F1__Setup-10__Clients-10__Rounds-10__Delay-0_05__Partitioning-natural__Seed-42.txt,results/main_campaign_default_alpha_0_5/FedNova-results/test8_femnist/FEMNIST/FedNova__FEMNIST__Setup-10__Clients-10__Rounds-10__Delay-0_05__Partitioning-natural__Seed-42.txt
FEMNIST,natural federation,43,0.652870493992,0.642768135291,1.01023587005,11.133,12.3948317184,results/main_campaign_default_alpha_0_5/FedHAD-results/test8_femnist/FEMNIST-Standard/FedHAD__FEMNIST__Mode-STANDARD__Cfg-E1L1F1__Setup-10__Clients-10__Rounds-10__Delay-0_05__Partitioning-natural__Seed-43.txt,results/main_campaign_default_alpha_0_5/FedNova-results/test8_femnist/FEMNIST/FedNova__FEMNIST__Setup-10__Clients-10__Rounds-10__Delay-0_05__Partitioning-natural__Seed-43.txt
FEMNIST,natural federation,44,0.650092246771,0.660621878234,-1.05296314629,11.133,12.3948317184,results/main_campaign_default_alpha_0_5/FedHAD-results/test8_femnist/FEMNIST-Standard/FedHAD__FEMNIST__Mode-STANDARD__Cfg-E1L1F1__Setup-10__Clients-10__Rounds-10__Delay-0_05__Partitioning-natural__Seed-44.txt,results/main_campaign_default_alpha_0_5/FedNova-results/test8_femnist/FEMNIST/FedNova__FEMNIST__Setup-10__Clients-10__Rounds-10__Delay-0_05__Partitioning-natural__Seed-44.txt
FEMNIST,natural federation,45,0.638915168716,0.653151326756,-1.42361580394,11.133,12.3948317184,results/main_campaign_default_alpha_0_5/FedHAD-results/test8_femnist/FEMNIST-Standard/FedHAD__FEMNIST__Mode-STANDARD__Cfg-E1L1F1__Setup-10__Clients-10__Rounds-10__Delay-0_05__Partitioning-natural__Seed-45.txt,results/main_campaign_default_alpha_0_5/FedNova-results/test8_femnist/FEMNIST/FedNova__FEMNIST__Setup-10__Clients-10__Rounds-10__Delay-0_05__Partitioning-natural__Seed-45.txt
FEMNIST,natural federation,46,0.632398061274,0.639023522611,-0.662546133665,11.133,12.3948317184,results/main_campaign_default_alpha_0_5/FedHAD-results/test8_femnist/FEMNIST-Standard/FedHAD__FEMNIST__Mode-STANDARD__Cfg-E1L1F1__Setup-10__Clients-10__Rounds-10__Delay-0_05__Partitioning-natural__Seed-46.txt,results/main_campaign_default_alpha_0_5/FedNova-results/test8_femnist/FEMNIST/FedNova__FEMNIST__Setup-10__Clients-10__Rounds-10__Delay-0_05__Partitioning-natural__Seed-46.txt
FEMNIST,natural federation,47,0.641486013211,0.65443099703,-1.29449838188,11.133,12.3948317184,results/main_campaign_default_alpha_0_5/FedHAD-results/test8_femnist/FEMNIST-Standard/FedHAD__FEMNIST__Mode-STANDARD__Cfg-E1L1F1__Setup-10__Clients-10__Rounds-10__Delay-0_05__Partitioning-natural__Seed-47.txt,results/main_campaign_default_alpha_0_5/FedNova-results/test8_femnist/FEMNIST/FedNova__FEMNIST__Setup-10__Clients-10__Rounds-10__Delay-0_05__Partitioning-natural__Seed-47.txt
FEMNIST,natural federation,48,0.644819255548,0.636408375089,0.841088045812,11.133,12.3948317184,results/main_campaign_default_alpha_0_5/FedHAD-results/test8_femnist/FEMNIST-Standard/FedHAD__FEMNIST__Mode-STANDARD__Cfg-E1L1F1__Setup-10__Clients-10__Rounds-10__Delay-0_05__Partitioning-natural__Seed-48.txt,results/main_campaign_default_alpha_0_5/FedNova-results/test8_femnist/FEMNIST/FedNova__FEMNIST__Setup-10__Clients-10__Rounds-10__Delay-0_05__Partitioning-natural__Seed-48.txt
FEMNIST,natural federation,49,0.647169327982,0.634958585945,1.22107420374,11.133,12.3948317184,results/main_campaign_default_alpha_0_5/FedHAD-results/test8_femnist/FEMNIST-Standard/FedHAD__FEMNIST__Mode-STANDARD__Cfg-E1L1F1__Setup-10__Clients-10__Rounds-10__Delay-0_05__Partitioning-natural__Seed-49.txt,results/main_campaign_default_alpha_0_5/FedNova-results/test8_femnist/FEMNIST/FedNova__FEMNIST__Setup-10__Clients-10__Rounds-10__Delay-0_05__Partitioning-natural__Seed-49.txt
FEMNIST,natural federation,50,0.664790355465,0.662840173743,0.195018172148,11.133,12.3948317184,results/main_campaign_default_alpha_0_5/FedHAD-results/test8_femnist/FEMNIST-Standard/FedHAD__FEMNIST__Mode-STANDARD__Cfg-E1L1F1__Setup-10__Clients-10__Rounds-10__Delay-0_05__Partitioning-natural__Seed-50.txt,results/main_campaign_default_alpha_0_5/FedNova-results/test8_femnist/FEMNIST/FedNova__FEMNIST__Setup-10__Clients-10__Rounds-10__Delay-0_05__Partitioning-natural__Seed-50.txt
FEMNIST,natural federation,51,0.677992277992,0.666537966538,1.14543114543,11.133,12.3948317184,results/main_campaign_default_alpha_0_5/FedHAD-results/test8_femnist/FEMNIST-Standard/FedHAD__FEMNIST__Mode-STANDARD__Cfg-E1L1F1__Setup-10__Clients-10__Rounds-10__Delay-0_05__Partitioning-natural__Seed-51.txt,results/main_campaign_default_alpha_0_5/FedNova-results/test8_femnist/FEMNIST/FedNova__FEMNIST__Setup-10__Clients-10__Rounds-10__Delay-0_05__Partitioning-natural__Seed-51.txt
FEMNIST,natural federation,52,0.655575427359,0.651956910535,0.361851682402,11.133,12.3948317184,results/main_campaign_default_alpha_0_5/FedHAD-results/test8_femnist/FEMNIST-Standard/FedHAD__FEMNIST__Mode-STANDARD__Cfg-E1L1F1__Setup-10__Clients-10__Rounds-10__Delay-0_05__Partitioning-natural__Seed-52.txt,results/main_campaign_default_alpha_0_5/FedNova-results/test8_femnist/FEMNIST/FedNova__FEMNIST__Setup-10__Clients-10__Rounds-10__Delay-0_05__Partitioning-natural__Seed-52.txt
FEMNIST,natural federation,53,0.639047619048,0.634376417234,0.467120181406,11.133,12.3948317184,results/main_campaign_default_alpha_0_5/FedHAD-results/test8_femnist/FEMNIST-Standard/FedHAD__FEMNIST__Mode-STANDARD__Cfg-E1L1F1__Setup-10__Clients-10__Rounds-10__Delay-0_05__Partitioning-natural__Seed-53.txt,results/main_campaign_default_alpha_0_5/FedNova-results/test8_femnist/FEMNIST/FedNova__FEMNIST__Setup-10__Clients-10__Rounds-10__Delay-0_05__Partitioning-natural__Seed-53.txt
FEMNIST,natural federation,54,0.665974840103,0.644161124995,2.18137151086,11.133,12.3948317184,results/main_campaign_default_alpha_0_5/FedHAD-results/test8_femnist/FEMNIST-Standard/FedHAD__FEMNIST__Mode-STANDARD__Cfg-E1L1F1__Setup-10__Clients-10__Rounds-10__Delay-0_05__Partitioning-natural__Seed-54.txt,results/main_campaign_default_alpha_0_5/FedNova-results/test8_femnist/FEMNIST/FedNova__FEMNIST__Setup-10__Clients-10__Rounds-10__Delay-0_05__Partitioning-natural__Seed-54.txt
FEMNIST,natural federation,55,0.651616920955,0.657177171834,-0.556025087852,11.133,12.3948317184,results/main_campaign_default_alpha_0_5/FedHAD-results/test8_femnist/FEMNIST-Standard/FedHAD__FEMNIST__Mode-STANDARD__Cfg-E1L1F1__Setup-10__Clients-10__Rounds-10__Delay-0_05__Partitioning-natural__Seed-55.txt,results/main_campaign_default_alpha_0_5/FedNova-results/test8_femnist/FEMNIST/FedNova__FEMNIST__Setup-10__Clients-10__Rounds-10__Delay-0_05__Partitioning-natural__Seed-55.txt
FEMNIST,natural federation,56,0.667974039315,0.670775552131,-0.280151281692,11.133,12.3948317184,results/main_campaign_default_alpha_0_5/FedHAD-results/test8_femnist/FEMNIST-Standard/FedHAD__FEMNIST__Mode-STANDARD__Cfg-E1L1F1__Setup-10__Clients-10__Rounds-10__Delay-0_05__Partitioning-natural__Seed-56.txt,results/main_campaign_default_alpha_0_5/FedNova-results/test8_femnist/FEMNIST/FedNova__FEMNIST__Setup-10__Clients-10__Rounds-10__Delay-0_05__Partitioning-natural__Seed-56.txt
FEMNIST,natural federation,57,0.658318181818,0.649590909091,0.872727272727,11.133,12.3948317184,results/main_campaign_default_alpha_0_5/FedHAD-results/test8_femnist/FEMNIST-Standard/FedHAD__FEMNIST__Mode-STANDARD__Cfg-E1L1F1__Setup-10__Clients-10__Rounds-10__Delay-0_05__Partitioning-natural__Seed-57.txt,results/main_campaign_default_alpha_0_5/FedNova-results/test8_femnist/FEMNIST/FedNova__FEMNIST__Setup-10__Clients-10__Rounds-10__Delay-0_05__Partitioning-natural__Seed-57.txt
FEMNIST,natural federation,58,0.65686603674,0.670295937455,-1.34299007147,11.133,12.3948317184,results/main_campaign_default_alpha_0_5/FedHAD-results/test8_femnist/FEMNIST-Standard/FedHAD__FEMNIST__Mode-STANDARD__Cfg-E1L1F1__Setup-10__Clients-10__Rounds-10__Delay-0_05__Partitioning-natural__Seed-58.txt,results/main_campaign_default_alpha_0_5/FedNova-results/test8_femnist/FEMNIST/FedNova__FEMNIST__Setup-10__Clients-10__Rounds-10__Delay-0_05__Partitioning-natural__Seed-58.txt
FEMNIST,natural federation,59,0.641232638889,0.652907986111,-1.16753472222,11.133,12.3948317184,results/main_campaign_default_alpha_0_5/FedHAD-results/test8_femnist/FEMNIST-Standard/FedHAD__FEMNIST__Mode-STANDARD__Cfg-E1L1F1__Setup-10__Clients-10__Rounds-10__Delay-0_05__Partitioning-natural__Seed-59.txt,results/main_campaign_default_alpha_0_5/FedNova-results/test8_femnist/FEMNIST/FedNova__FEMNIST__Setup-10__Clients-10__Rounds-10__Delay-0_05__Partitioning-natural__Seed-59.txt
FEMNIST,natural federation,60,0.645904320567,0.637635727591,0.826859297624,11.133,12.3948317184,results/main_campaign_default_alpha_0_5/FedHAD-results/test8_femnist/FEMNIST-Standard/FedHAD__FEMNIST__Mode-STANDARD__Cfg-E1L1F1__Setup-10__Clients-10__Rounds-10__Delay-0_05__Partitioning-natural__Seed-60.txt,results/main_campaign_default_alpha_0_5/FedNova-results/test8_femnist/FEMNIST/FedNova__FEMNIST__Setup-10__Clients-10__Rounds-10__Delay-0_05__Partitioning-natural__Seed-60.txt
FEMNIST,natural federation,61,0.638326108113,0.632973546846,0.535256126692,11.133,12.3948317184,results/main_campaign_default_alpha_0_5/FedHAD-results/test8_femnist/FEMNIST-Standard/FedHAD__FEMNIST__Mode-STANDARD__Cfg-E1L1F1__Setup-10__Clients-10__Rounds-10__Delay-0_05__Partitioning-natural__Seed-61.txt,results/main_campaign_default_alpha_0_5/FedNova-results/test8_femnist/FEMNIST/FedNova__FEMNIST__Setup-10__Clients-10__Rounds-10__Delay-0_05__Partitioning-natural__Seed-61.txt
FEMNIST,natural federation,62,0.636622623901,0.666879512746,-3.02568888452,11.133,12.3948317184,results/main_campaign_default_alpha_0_5/FedHAD-results/test8_femnist/FEMNIST-Standard/FedHAD__FEMNIST__Mode-STANDARD__Cfg-E1L1F1__Setup-10__Clients-10__Rounds-10__Delay-0_05__Partitioning-natural__Seed-62.txt,results/main_campaign_default_alpha_0_5/FedNova-results/test8_femnist/FEMNIST/FedNova__FEMNIST__Setup-10__Clients-10__Rounds-10__Delay-0_05__Partitioning-natural__Seed-62.txt
FEMNIST,natural federation,63,0.647124586352,0.642294964672,0.482962167964,11.133,12.3948317184,results/main_campaign_default_alpha_0_5/FedHAD-results/test8_femnist/FEMNIST-Standard/FedHAD__FEMNIST__Mode-STANDARD__Cfg-E1L1F1__Setup-10__Clients-10__Rounds-10__Delay-0_05__Partitioning-natural__Seed-63.txt,results/main_campaign_default_alpha_0_5/FedNova-results/test8_femnist/FEMNIST/FedNova__FEMNIST__Setup-10__Clients-10__Rounds-10__Delay-0_05__Partitioning-natural__Seed-63.txt
FEMNIST,natural federation,64,0.659441340782,0.659798882682,-0.0357541899441,11.133,12.3948317184,results/main_campaign_default_alpha_0_5/FedHAD-results/test8_femnist/FEMNIST-Standard/FedHAD__FEMNIST__Mode-STANDARD__Cfg-E1L1F1__Setup-10__Clients-10__Rounds-10__Delay-0_05__Partitioning-natural__Seed-64.txt,results/main_campaign_default_alpha_0_5/FedNova-results/test8_femnist/FEMNIST/FedNova__FEMNIST__Setup-10__Clients-10__Rounds-10__Delay-0_05__Partitioning-natural__Seed-64.txt
FEMNIST,natural federation,65,0.666376270483,0.630533084422,3.5843186061,11.133,12.3948317184,results/main_campaign_default_alpha_0_5/FedHAD-results/test8_femnist/FEMNIST-Standard/FedHAD__FEMNIST__Mode-STANDARD__Cfg-E1L1F1__Setup-10__Clients-10__Rounds-10__Delay-0_05__Partitioning-natural__Seed-65.txt,results/main_campaign_default_alpha_0_5/FedNova-results/test8_femnist/FEMNIST/FedNova__FEMNIST__Setup-10__Clients-10__Rounds-10__Delay-0_05__Partitioning-natural__Seed-65.txt
FEMNIST,natural federation,66,0.666245968307,0.665264338802,0.0981629504978,11.133,12.3948317184,results/main_campaign_default_alpha_0_5/FedHAD-results/test8_femnist/FEMNIST-Standard/FedHAD__FEMNIST__Mode-STANDARD__Cfg-E1L1F1__Setup-10__Clients-10__Rounds-10__Delay-0_05__Partitioning-natural__Seed-66.txt,results/main_campaign_default_alpha_0_5/FedNova-results/test8_femnist/FEMNIST/FedNova__FEMNIST__Setup-10__Clients-10__Rounds-10__Delay-0_05__Partitioning-natural__Seed-66.txt
FEMNIST,natural federation,67,0.657796167247,0.628092334495,2.97038327526,11.133,12.3948317184,results/main_campaign_default_alpha_0_5/FedHAD-results/test8_femnist/FEMNIST-Standard/FedHAD__FEMNIST__Mode-STANDARD__Cfg-E1L1F1__Setup-10__Clients-10__Rounds-10__Delay-0_05__Partitioning-natural__Seed-67.txt,results/main_campaign_default_alpha_0_5/FedNova-results/test8_femnist/FEMNIST/FedNova__FEMNIST__Setup-10__Clients-10__Rounds-10__Delay-0_05__Partitioning-natural__Seed-67.txt
FEMNIST,natural federation,68,0.643439852166,0.644251138054,-0.0811285888133,11.133,12.3948317184,results/main_campaign_default_alpha_0_5/FedHAD-results/test8_femnist/FEMNIST-Standard/FedHAD__FEMNIST__Mode-STANDARD__Cfg-E1L1F1__Setup-10__Clients-10__Rounds-10__Delay-0_05__Partitioning-natural__Seed-68.txt,results/main_campaign_default_alpha_0_5/FedNova-results/test8_femnist/FEMNIST/FedNova__FEMNIST__Setup-10__Clients-10__Rounds-10__Delay-0_05__Partitioning-natural__Seed-68.txt
FEMNIST,natural federation,69,0.628472878473,0.644774144774,-1.63012663013,11.133,12.3948317184,results/main_campaign_default_alpha_0_5/FedHAD-results/test8_femnist/FEMNIST-Standard/FedHAD__FEMNIST__Mode-STANDARD__Cfg-E1L1F1__Setup-10__Clients-10__Rounds-10__Delay-0_05__Partitioning-natural__Seed-69.txt,results/main_campaign_default_alpha_0_5/FedNova-results/test8_femnist/FEMNIST/FedNova__FEMNIST__Setup-10__Clients-10__Rounds-10__Delay-0_05__Partitioning-natural__Seed-69.txt
FEMNIST,natural federation,70,0.646326707001,0.647752808989,-0.14261019879,11.133,12.3948317184,results/main_campaign_default_alpha_0_5/FedHAD-results/test8_femnist/FEMNIST-Standard/FedHAD__FEMNIST__Mode-STANDARD__Cfg-E1L1F1__Setup-10__Clients-10__Rounds-10__Delay-0_05__Partitioning-natural__Seed-70.txt,results/main_campaign_default_alpha_0_5/FedNova-results/test8_femnist/FEMNIST/FedNova__FEMNIST__Setup-10__Clients-10__Rounds-10__Delay-0_05__Partitioning-natural__Seed-70.txt
FEMNIST,natural federation,71,0.650117381097,0.649900008695,0.02173724024,11.133,12.3948317184,results/main_campaign_default_alpha_0_5/FedHAD-results/test8_femnist/FEMNIST-Standard/FedHAD__FEMNIST__Mode-STANDARD__Cfg-E1L1F1__Setup-10__Clients-10__Rounds-10__Delay-0_05__Partitioning-natural__Seed-71.txt,results/main_campaign_default_alpha_0_5/FedNova-results/test8_femnist/FEMNIST/FedNova__FEMNIST__Setup-10__Clients-10__Rounds-10__Delay-0_05__Partitioning-natural__Seed-71.txt
