campaign,method,seed,round,accuracy,loss,round_tflops,accumulated_tflops,reported_round_tflops,reported_accumulated_tflops,source_member
base_alpha_0.5/test8_femnist,FedAVG,42,0,0.0317650861074,4.12997694036,0,0,0,0,results/main_campaign_default_alpha_0_5/FedAVG-results/test8_femnist/FEMNIST/FedAVG__FEMNIST__Setup-10__Clients-10__Rounds-10__Delay-0_05__Partitioning-natural__Seed-42.txt
base_alpha_0.5/test8_femnist,FedAVG,42,1,0.17161457131,3.95187562994,1.23948317184,1.23948317184,1.23948317184,1.23948317184,results/main_campaign_default_alpha_0_5/FedAVG-results/test8_femnist/FEMNIST/FedAVG__FEMNIST__Setup-10__Clients-10__Rounds-10__Delay-0_05__Partitioning-natural__Seed-42.txt
base_alpha_0.5/test8_femnist,FedAVG,42,2,0.360358280622,3.1402862422,1.23948317184,2.47896634368,1.23948317184,2.47896634368,results/main_campaign_default_alpha_0_5/FedAVG-results/test8_femnist/FEMNIST/FedAVG__FEMNIST__Setup-10__Clients-10__Rounds-10__Delay-0_05__Partitioning-natural__Seed-42.txt
base_alpha_0.5/test8_femnist,FedAVG,42,3,0.515813287779,2.22806861466,1.23948317184,3.71844951552,1.23948317184,3.71844951552,results/main_campaign_default_alpha_0_5/FedAVG-results/test8_femnist/FEMNIST/FedAVG__FEMNIST__Setup-10__Clients-10__Rounds-10__Delay-0_05__Partitioning-natural__Seed-42.txt
base_alpha_0.5/test8_femnist,FedAVG,42,4,0.578789417794,1.69494810986,1.23948317184,4.95793268736,1.23948317184,4.95793268736,results/main_campaign_default_alpha_0_5/FedAVG-results/test8_femnist/FEMNIST/FedAVG__FEMNIST__Setup-10__Clients-10__Rounds-10__Delay-0_05__Partitioning-natural__Seed-42.txt
base_alpha_0.5/test8_femnist,FedAVG,42,5,0.609446419502,1.48463827344,1.23948317184,6.1974158592,1.23948317184,6.1974158592,results/main_campaign_default_alpha_0_5/FedAVG-results/test8_femnist/FEMNIST/FedAVG__FEMNIST__Setup-10__Clients-10__Rounds-10__Delay-0_05__Partitioning-natural__Seed-42.txt
base_alpha_0.5/test8_femnist,FedAVG,42,6,0.625652153839,1.37424748306,1.23948317184,7.43689903104,1.23948317184,7.43689903104,results/main_campaign_default_alpha_0_5/FedAVG-results/test8_femnist/FEMNIST/FedAVG__FEMNIST__Setup-10__Clients-10__Rounds-10__Delay-0_05__Partitioning-natural__Seed-42.txt
base_alpha_0.5/test8_femnist,FedAVG,42,7,0.639780229928,1.31403965024,1.23948317184,8.67638220288,1.23948317184,8.67638220288,results/main_campaign_default_alpha_0_5/FedAVG-results/test8_femnist/FEMNIST/FedAVG__FEMNIST__Setup-10__Clients-10__Rounds-10__Delay-0_05__Partitioning-natural__Seed-42.txt
base_alpha_0.5/test8_femnist,FedAVG,42,8,0.649799159703,1.29344451238,1.23948317184,9.91586537472,1.23948317184,9.91586537472,results/main_campaign_default_alpha_0_5/FedAVG-results/test8_femnist/FEMNIST/FedAVG__FEMNIST__Setup-10__Clients-10__Rounds-10__Delay-0_05__Partitioning-natural__Seed-42.txt
base_alpha_0.5/test8_femnist,FedAVG,42,9,0.655755113348,1.23250005113,1.23948317184,11.1553485466,1.23948317184,11.1553485466,results/main_campaign_default_alpha_0_5/FedAVG-results/test8_femnist/FEMNIST/FedAVG__FEMNIST__Setup-10__Clients-10__Rounds-10__Delay-0_05__Partitioning-natural__Seed-42.txt
base_alpha_0.5/test8_femnist,FedAVG,42,10,0.666882127522,1.20672950448,1.23948317184,12.3948317184,1.23948317184,12.3948317184,results/main_campaign_default_alpha_0_5/FedAVG-results/test8_femnist/FEMNIST/FedAVG__FEMNIST__Setup-10__Clients-10__Rounds-10__Delay-0_05__Partitioning-natural__Seed-42.txt
base_alpha_0.5/test8_femnist,FedAVG,43,0,0.00364931019137,4.11935133686,0,0,0,0,results/main_campaign_default_alpha_0_5/FedAVG-results/test8_femnist/FEMNIST/FedAVG__FEMNIST__Setup-10__Clients-10__Rounds-10__Delay-0_05__Partitioning-natural__Seed-43.txt
base_alpha_0.5/test8_femnist,FedAVG,43,1,0.159946595461,3.94330390751,1.23948317184,1.23948317184,1.23948317184,1.23948317184,results/main_campaign_default_alpha_0_5/FedAVG-results/test8_femnist/FEMNIST/FedAVG__FEMNIST__Setup-10__Clients-10__Rounds-10__Delay-0_05__Partitioning-natural__Seed-43.txt
base_alpha_0.5/test8_femnist,FedAVG,43,2,0.40315976858,2.85221524313,1.23948317184,2.47896634368,1.23948317184,2.47896634368,results/main_campaign_default_alpha_0_5/FedAVG-results/test8_femnist/FEMNIST/FedAVG__FEMNIST__Setup-10__Clients-10__Rounds-10__Delay-0_05__Partitioning-natural__Seed-43.txt
base_alpha_0.5/test8_femnist,FedAVG,43,3,0.506987093903,2.07785423662,1.23948317184,3.71844951552,1.23948317184,3.71844951552,results/main_campaign_default_alpha_0_5/FedAVG-results/test8_femnist/FEMNIST/FedAVG__FEMNIST__Setup-10__Clients-10__Rounds-10__Delay-0_05__Partitioning-natural__Seed-43.txt
base_alpha_0.5/test8_femnist,FedAVG,43,4,0.550734312417,1.73689951386,1.23948317184,4.95793268736,1.23948317184,4.95793268736,results/main_campaign_default_alpha_0_5/FedAVG-results/test8_femnist/FEMNIST/FedAVG__FEMNIST__Setup-10__Clients-10__Rounds-10__Delay-0_05__Partitioning-natural__Seed-43.txt
base_alpha_0.5/test8_femnist,FedAVG,43,5,0.581619937695,1.57203113099,1.23948317184,6.1974158592,1.23948317184,6.1974158592,results/main_campaign_default_alpha_0_5/FedAVG-results/test8_femnist/FEMNIST/FedAVG__FEMNIST__Setup-10__Clients-10__Rounds-10__Delay-0_05__Partitioning-natural__Seed-43.txt
base_alpha_0.5/test8_femnist,FedAVG,43,6,0.607610146862,1.46406127618,1.23948317184,7.43689903104,1.23948317184,7.43689903104,results/main_campaign_default_alpha_0_5/FedAVG-results/test8_femnist/FEMNIST/FedAVG__FEMNIST__Setup-10__Clients-10__Rounds-10__Delay-0_05__Partitioning-natural__Seed-43.txt
base_alpha_0.5/test8_femnist,FedAVG,43,7,0.619759679573,1.42243088912,1.23948317184,8.67638220288,1.23948317184,8.67638220288,results/main_campaign_default_alpha_0_5/FedAVG-results/test8_femnist/FEMNIST/FedAVG__FEMNIST__Setup-10__Clients-10__Rounds-10__Delay-0_05__Partitioning-natural__Seed-43.txt
base_alpha_0.5/test8_femnist,FedAVG,43,8,0.638629283489,1.35839046368,1.23948317184,9.91586537472,1.23948317184,9.91586537472,results/main_campaign_default_alpha_0_5/FedAVG-results/test8_femnist/FEMNIST/FedAVG__FEMNIST__Setup-10__Clients-10__Rounds-10__Delay-0_05__Partitioning-natural__Seed-43.txt
base_alpha_0.5/test8_femnist,FedAVG,43,9,0.647441032488,1.33429707989,1.23948317184,11.1553485466,1.23948317184,11.1553485466,results/main_campaign_default_alpha_0_5/FedAVG-results/test8_femnist/FEMNIST/FedAVG__FEMNIST__Setup-10__Clients-10__Rounds-10__Delay-0_05__Partitioning-natural__Seed-43.txt
base_alpha_0.5/test8_femnist,FedAVG,43,10,0.651312861593,1.32677621555,1.23948317184,12.3948317184,1.23948317184,12.3948317184,results/main_campaign_default_alpha_0_5/FedAVG-results/test8_femnist/FEMNIST/FedAVG__FEMNIST__Setup-10__Clients-10__Rounds-10__Delay-0_05__Partitioning-natural__Seed-43.txt
base_alpha_0.5/test8_femnist,FedAVG,44,0,0.00697475588354,4.13888061426,0,0,0,0,results/main_campaign_default_alpha_0_5/FedAVG-results/test8_femnist/FEMNIST/FedAVG__FEMNIST__Setup-10__Clients-10__Rounds-10__Delay-0_05__Partitioning-natural__Seed-44.txt
base_alpha_0.5/test8_femnist,FedAVG,44,1,0.120055798047,3.91715179677,1.23948317184,1.23948317184,1.23948317184,1.23948317184,results/main_campaign_default_alpha_0_5/FedAVG-results/test8_femnist/FEMNIST/FedAVG__FEMNIST__Setup-10__Clients-10__Rounds-10__Delay-0_05__Partitioning-natural__Seed-44.txt
base_alpha_0.5/test8_femnist,FedAVG,44,2,0.367862124826,2.98168760048,1.23948317184,2.47896634368,1.23948317184,2.47896634368,results/main_campaign_default_alpha_0_5/FedAVG-results/test8_femnist/FEMNIST/FedAVG__FEMNIST__Setup-10__Clients-10__Rounds-10__Delay-0_05__Partitioning-natural__Seed-44.txt
base_alpha_0.5/test8_femnist,FedAVG,44,3,0.477163299285,2.20340400599,1.23948317184,3.71844951552,1.23948317184,3.71844951552,results/main_campaign_default_alpha_0_5/FedAVG-results/test8_femnist/FEMNIST/FedAVG__FEMNIST__Setup-10__Clients-10__Rounds-10__Delay-0_05__Partitioning-natural__Seed-44.txt
base_alpha_0.5/test8_femnist,FedAVG,44,4,0.544795932142,1.76495082831,1.23948317184,4.95793268736,1.23948317184,4.95793268736,results/main_campaign_default_alpha_0_5/FedAVG-results/test8_femnist/FEMNIST/FedAVG__FEMNIST__Setup-10__Clients-10__Rounds-10__Delay-0_05__Partitioning-natural__Seed-44.txt
base_alpha_0.5/test8_femnist,FedAVG,44,5,0.587994420195,1.56619582417,1.23948317184,6.1974158592,1.23948317184,6.1974158592,results/main_campaign_default_alpha_0_5/FedAVG-results/test8_femnist/FEMNIST/FedAVG__FEMNIST__Setup-10__Clients-10__Rounds-10__Delay-0_05__Partitioning-natural__Seed-44.txt
base_alpha_0.5/test8_femnist,FedAVG,44,6,0.605273815416,1.43255027222,1.23948317184,7.43689903104,1.23948317184,7.43689903104,results/main_campaign_default_alpha_0_5/FedAVG-results/test8_femnist/FEMNIST/FedAVG__FEMNIST__Setup-10__Clients-10__Rounds-10__Delay-0_05__Partitioning-natural__Seed-44.txt
base_alpha_0.5/test8_femnist,FedAVG,44,7,0.620888268911,1.35665453938,1.23948317184,8.67638220288,1.23948317184,8.67638220288,results/main_campaign_default_alpha_0_5/FedAVG-results/test8_femnist/FEMNIST/FedAVG__FEMNIST__Setup-10__Clients-10__Rounds-10__Delay-0_05__Partitioning-natural__Seed-44.txt
base_alpha_0.5/test8_femnist,FedAVG,44,8,0.633532826351,1.31803425528,1.23948317184,9.91586537472,1.23948317184,9.91586537472,results/main_campaign_default_alpha_0_5/FedAVG-results/test8_femnist/FEMNIST/FedAVG__FEMNIST__Setup-10__Clients-10__Rounds-10__Delay-0_05__Partitioning-natural__Seed-44.txt
base_alpha_0.5/test8_femnist,FedAVG,44,9,0.6530171444,1.26172145445,1.23948317184,11.1553485466,1.23948317184,11.1553485466,results/main_campaign_default_alpha_0_5/FedAVG-results/test8_femnist/FEMNIST/FedAVG__FEMNIST__Setup-10__Clients-10__Rounds-10__Delay-0_05__Partitioning-natural__Seed-44.txt
base_alpha_0.5/test8_femnist,FedAVG,44,10,0.663951761688,1.2267107911,1.23948317184,12.3948317184,1.23948317184,12.3948317184,results/main_campaign_default_alpha_0_5/FedAVG-results/test8_femnist/FEMNIST/FedAVG__FEMNIST__Setup-10__Clients-10__Rounds-10__Delay-0_05__Partitioning-natural__Seed-44.txt
base_alpha_0.5/test8_femnist,FedAVG,45,0,0.00666756768933,4.13732754179,0,0,0,0,results/main_campaign_default_alpha_0_5/FedAVG-results/test8_femnist/FEMNIST/FedAVG__FEMNIST__Setup-10__Clients-10__Rounds-10__Delay-0_05__Partitioning-natural__Seed-45.txt
base_alpha_0.5/test8_femnist,FedAVG,45,1,0.112087218994,3.96194580581,1.23948317184,1.23948317184,1.23948317184,1.23948317184,results/main_campaign_default_alpha_0_5/FedAVG-results/test8_femnist/FEMNIST/FedAVG__FEMNIST__Setup-10__Clients-10__Rounds-10__Delay-0_05__Partitioning-natural__Seed-45.txt
base_alpha_0.5/test8_femnist,FedAVG,45,2,0.364869126459,3.02191790148,1.23948317184,2.47896634368,1.23948317184,2.47896634368,results/main_campaign_default_alpha_0_5/FedAVG-results/test8_femnist/FEMNIST/FedAVG__FEMNIST__Setup-10__Clients-10__Rounds-10__Delay-0_05__Partitioning-natural__Seed-45.txt
base_alpha_0.5/test8_femnist,FedAVG,45,3,0.487993873046,2.18147319964,1.23948317184,3.71844951552,1.23948317184,3.71844951552,results/main_campaign_default_alpha_0_5/FedAVG-results/test8_femnist/FEMNIST/FedAVG__FEMNIST__Setup-10__Clients-10__Rounds-10__Delay-0_05__Partitioning-natural__Seed-45.txt
base_alpha_0.5/test8_femnist,FedAVG,45,4,0.541604721359,1.80785962648,1.23948317184,4.95793268736,1.23948317184,4.95793268736,results/main_campaign_default_alpha_0_5/FedAVG-results/test8_femnist/FEMNIST/FedAVG__FEMNIST__Setup-10__Clients-10__Rounds-10__Delay-0_05__Partitioning-natural__Seed-45.txt
base_alpha_0.5/test8_femnist,FedAVG,45,5,0.583862684147,1.59070380117,1.23948317184,6.1974158592,1.23948317184,6.1974158592,results/main_campaign_default_alpha_0_5/FedAVG-results/test8_femnist/FEMNIST/FedAVG__FEMNIST__Setup-10__Clients-10__Rounds-10__Delay-0_05__Partitioning-natural__Seed-45.txt
base_alpha_0.5/test8_femnist,FedAVG,45,6,0.607829886922,1.46482716327,1.23948317184,7.43689903104,1.23948317184,7.43689903104,results/main_campaign_default_alpha_0_5/FedAVG-results/test8_femnist/FEMNIST/FedAVG__FEMNIST__Setup-10__Clients-10__Rounds-10__Delay-0_05__Partitioning-natural__Seed-45.txt
base_alpha_0.5/test8_femnist,FedAVG,45,7,0.61774113619,1.43296607668,1.23948317184,8.67638220288,1.23948317184,8.67638220288,results/main_campaign_default_alpha_0_5/FedAVG-results/test8_femnist/FEMNIST/FedAVG__FEMNIST__Setup-10__Clients-10__Rounds-10__Delay-0_05__Partitioning-natural__Seed-45.txt
base_alpha_0.5/test8_femnist,FedAVG,45,8,0.625489931072,1.38140652003,1.23948317184,9.91586537472,1.23948317184,9.91586537472,results/main_campaign_default_alpha_0_5/FedAVG-results/test8_femnist/FEMNIST/FedAVG__FEMNIST__Setup-10__Clients-10__Rounds-10__Delay-0_05__Partitioning-natural__Seed-45.txt
base_alpha_0.5/test8_femnist,FedAVG,45,9,0.641438032167,1.32269178413,1.23948317184,11.1553485466,1.23948317184,11.1553485466,results/main_campaign_default_alpha_0_5/FedAVG-results/test8_femnist/FEMNIST/FedAVG__FEMNIST__Setup-10__Clients-10__Rounds-10__Delay-0_05__Partitioning-natural__Seed-45.txt
base_alpha_0.5/test8_femnist,FedAVG,45,10,0.63837455512,1.36970185432,1.23948317184,12.3948317184,1.23948317184,12.3948317184,results/main_campaign_default_alpha_0_5/FedAVG-results/test8_femnist/FEMNIST/FedAVG__FEMNIST__Setup-10__Clients-10__Rounds-10__Delay-0_05__Partitioning-natural__Seed-45.txt
base_alpha_0.5/test8_femnist,FedAVG,46,0,0.00417982124594,4.12689059456,0,0,0,0,results/main_campaign_default_alpha_0_5/FedAVG-results/test8_femnist/FEMNIST/FedAVG__FEMNIST__Setup-10__Clients-10__Rounds-10__Delay-0_05__Partitioning-natural__Seed-46.txt
base_alpha_0.5/test8_femnist,FedAVG,46,1,0.106852238872,3.93859236308,1.23948317184,1.23948317184,1.23948317184,1.23948317184,results/main_campaign_default_alpha_0_5/FedAVG-results/test8_femnist/FEMNIST/FedAVG__FEMNIST__Setup-10__Clients-10__Rounds-10__Delay-0_05__Partitioning-natural__Seed-46.txt
base_alpha_0.5/test8_femnist,FedAVG,46,2,0.375116723732,2.97783168695,1.23948317184,2.47896634368,1.23948317184,2.47896634368,results/main_campaign_default_alpha_0_5/FedAVG-results/test8_femnist/FEMNIST/FedAVG__FEMNIST__Setup-10__Clients-10__Rounds-10__Delay-0_05__Partitioning-natural__Seed-46.txt
base_alpha_0.5/test8_femnist,FedAVG,46,3,0.490862199297,2.11314713018,1.23948317184,3.71844951552,1.23948317184,3.71844951552,results/main_campaign_default_alpha_0_5/FedAVG-results/test8_femnist/FEMNIST/FedAVG__FEMNIST__Setup-10__Clients-10__Rounds-10__Delay-0_05__Partitioning-natural__Seed-46.txt
base_alpha_0.5/test8_femnist,FedAVG,46,4,0.554849037307,1.75669191714,1.23948317184,4.95793268736,1.23948317184,4.95793268736,results/main_campaign_default_alpha_0_5/FedAVG-results/test8_femnist/FEMNIST/FedAVG__FEMNIST__Setup-10__Clients-10__Rounds-10__Delay-0_05__Partitioning-natural__Seed-46.txt
base_alpha_0.5/test8_femnist,FedAVG,46,5,0.5911779092,1.5388498462,1.23948317184,6.1974158592,1.23948317184,6.1974158592,results/main_campaign_default_alpha_0_5/FedAVG-results/test8_femnist/FEMNIST/FedAVG__FEMNIST__Setup-10__Clients-10__Rounds-10__Delay-0_05__Partitioning-natural__Seed-46.txt
base_alpha_0.5/test8_femnist,FedAVG,46,6,0.61643470141,1.43630129244,1.23948317184,7.43689903104,1.23948317184,7.43689903104,results/main_campaign_default_alpha_0_5/FedAVG-results/test8_femnist/FEMNIST/FedAVG__FEMNIST__Setup-10__Clients-10__Rounds-10__Delay-0_05__Partitioning-natural__Seed-46.txt
base_alpha_0.5/test8_femnist,FedAVG,46,7,0.630308150651,1.35279753944,1.23948317184,8.67638220288,1.23948317184,8.67638220288,results/main_campaign_default_alpha_0_5/FedAVG-results/test8_femnist/FEMNIST/FedAVG__FEMNIST__Setup-10__Clients-10__Rounds-10__Delay-0_05__Partitioning-natural__Seed-46.txt
base_alpha_0.5/test8_femnist,FedAVG,46,8,0.63746720619,1.33547967892,1.23948317184,9.91586537472,1.23948317184,9.91586537472,results/main_campaign_default_alpha_0_5/FedAVG-results/test8_femnist/FEMNIST/FedAVG__FEMNIST__Setup-10__Clients-10__Rounds-10__Delay-0_05__Partitioning-natural__Seed-46.txt
base_alpha_0.5/test8_femnist,FedAVG,46,9,0.642002756903,1.30475627122,1.23948317184,11.1553485466,1.23948317184,11.1553485466,results/main_campaign_default_alpha_0_5/FedAVG-results/test8_femnist/FEMNIST/FedAVG__FEMNIST__Setup-10__Clients-10__Rounds-10__Delay-0_05__Partitioning-natural__Seed-46.txt
base_alpha_0.5/test8_femnist,FedAVG,46,10,0.645826848682,1.3319965726,1.23948317184,12.3948317184,1.23948317184,12.3948317184,results/main_campaign_default_alpha_0_5/FedAVG-results/test8_femnist/FEMNIST/FedAVG__FEMNIST__Setup-10__Clients-10__Rounds-10__Delay-0_05__Partitioning-natural__Seed-46.txt
base_alpha_0.5/test8_femnist,FedAVG,47,0,0.0556368311389,4.12379082745,0,0,0,0,results/main_campaign_default_alpha_0_5/FedAVG-results/test8_femnist/FEMNIST/FedAVG__FEMNIST__Setup-10__Clients-10__Rounds-10__Delay-0_05__Partitioning-natural__Seed-47.txt
base_alpha_0.5/test8_femnist,FedAVG,47,1,0.136409983597,3.94423928131,1.23948317184,1.23948317184,1.23948317184,1.23948317184,results/main_campaign_default_alpha_0_5/FedAVG-results/test8_femnist/FEMNIST/FedAVG__FEMNIST__Setup-10__Clients-10__Rounds-10__Delay-0_05__Partitioning-natural__Seed-47.txt
base_alpha_0.5/test8_femnist,FedAVG,47,2,0.42071197411,2.86209805878,1.23948317184,2.47896634368,1.23948317184,2.47896634368,results/main_campaign_default_alpha_0_5/FedAVG-results/test8_femnist/FEMNIST/FedAVG__FEMNIST__Setup-10__Clients-10__Rounds-10__Delay-0_05__Partitioning-natural__Seed-47.txt
base_alpha_0.5/test8_femnist,FedAVG,47,3,0.518331338387,2.03499654993,1.23948317184,3.71844951552,1.23948317184,3.71844951552,results/main_campaign_default_alpha_0_5/FedAVG-results/test8_femnist/FEMNIST/FedAVG__FEMNIST__Setup-10__Clients-10__Rounds-10__Delay-0_05__Partitioning-natural__Seed-47.txt
base_alpha_0.5/test8_femnist,FedAVG,47,4,0.575076472935,1.66835342807,1.23948317184,4.95793268736,1.23948317184,4.95793268736,results/main_campaign_default_alpha_0_5/FedAVG-results/test8_femnist/FEMNIST/FedAVG__FEMNIST__Setup-10__Clients-10__Rounds-10__Delay-0_05__Partitioning-natural__Seed-47.txt
base_alpha_0.5/test8_femnist,FedAVG,47,5,0.598838498027,1.49407494105,1.23948317184,6.1974158592,1.23948317184,6.1974158592,results/main_campaign_default_alpha_0_5/FedAVG-results/test8_femnist/FEMNIST/FedAVG__FEMNIST__Setup-10__Clients-10__Rounds-10__Delay-0_05__Partitioning-natural__Seed-47.txt
base_alpha_0.5/test8_femnist,FedAVG,47,6,0.619098284346,1.39643250273,1.23948317184,7.43689903104,1.23948317184,7.43689903104,results/main_campaign_default_alpha_0_5/FedAVG-results/test8_femnist/FEMNIST/FedAVG__FEMNIST__Setup-10__Clients-10__Rounds-10__Delay-0_05__Partitioning-natural__Seed-47.txt
base_alpha_0.5/test8_femnist,FedAVG,47,7,0.63430420712,1.34180501048,1.23948317184,8.67638220288,1.23948317184,8.67638220288,results/main_campaign_default_alpha_0_5/FedAVG-results/test8_femnist/FEMNIST/FedAVG__FEMNIST__Setup-10__Clients-10__Rounds-10__Delay-0_05__Partitioning-natural__Seed-47.txt
base_alpha_0.5/test8_femnist,FedAVG,47,8,0.647515183757,1.29739434892,1.23948317184,9.91586537472,1.23948317184,9.91586537472,results/main_campaign_default_alpha_0_5/FedAVG-results/test8_femnist/FEMNIST/FedAVG__FEMNIST__Setup-10__Clients-10__Rounds-10__Delay-0_05__Partitioning-natural__Seed-47.txt
base_alpha_0.5/test8_femnist,FedAVG,47,9,0.658199228621,1.24149349136,1.23948317184,11.1553485466,1.23948317184,11.1553485466,results/main_campaign_default_alpha_0_5/FedAVG-results/test8_femnist/FEMNIST/FedAVG__FEMNIST__Setup-10__Clients-10__Rounds-10__Delay-0_05__Partitioning-natural__Seed-47.txt
base_alpha_0.5/test8_femnist,FedAVG,47,10,0.661701467394,1.25098474857,1.23948317184,12.3948317184,1.23948317184,12.3948317184,results/main_campaign_default_alpha_0_5/FedAVG-results/test8_femnist/FEMNIST/FedAVG__FEMNIST__Setup-10__Clients-10__Rounds-10__Delay-0_05__Partitioning-natural__Seed-47.txt
base_alpha_0.5/test8_femnist,FedAVG,48,0,0.00867931281317,4.13606990672,0,0,0,0,results/main_campaign_default_alpha_0_5/FedAVG-results/test8_femnist/FEMNIST/FedAVG__FEMNIST__Setup-10__Clients-10__Rounds-10__Delay-0_05__Partitioning-natural__Seed-48.txt
base_alpha_0.5/test8_femnist,FedAVG,48,1,0.160969935576,3.92925242347,1.23948317184,1.23948317184,1.23948317184,1.23948317184,results/main_campaign_default_alpha_0_5/FedAVG-results/test8_femnist/FEMNIST/FedAVG__FEMNIST__Setup-10__Clients-10__Rounds-10__Delay-0_05__Partitioning-natural__Seed-48.txt
base_alpha_0.5/test8_femnist,FedAVG,48,2,0.33670365068,2.88730502965,1.23948317184,2.47896634368,1.23948317184,2.47896634368,results/main_campaign_default_alpha_0_5/FedAVG-results/test8_femnist/FEMNIST/FedAVG__FEMNIST__Setup-10__Clients-10__Rounds-10__Delay-0_05__Partitioning-natural__Seed-48.txt
base_alpha_0.5/test8_femnist,FedAVG,48,3,0.454948103078,2.28736577609,1.23948317184,3.71844951552,1.23948317184,3.71844951552,results/main_campaign_default_alpha_0_5/FedAVG-results/test8_femnist/FEMNIST/FedAVG__FEMNIST__Setup-10__Clients-10__Rounds-10__Delay-0_05__Partitioning-natural__Seed-48.txt
base_alpha_0.5/test8_femnist,FedAVG,48,4,0.530153901217,1.83878061707,1.23948317184,4.95793268736,1.23948317184,4.95793268736,results/main_campaign_default_alpha_0_5/FedAVG-results/test8_femnist/FEMNIST/FedAVG__FEMNIST__Setup-10__Clients-10__Rounds-10__Delay-0_05__Partitioning-natural__Seed-48.txt
base_alpha_0.5/test8_femnist,FedAVG,48,5,0.586882605583,1.59052119523,1.23948317184,6.1974158592,1.23948317184,6.1974158592,results/main_campaign_default_alpha_0_5/FedAVG-results/test8_femnist/FEMNIST/FedAVG__FEMNIST__Setup-10__Clients-10__Rounds-10__Delay-0_05__Partitioning-natural__Seed-48.txt
base_alpha_0.5/test8_femnist,FedAVG,48,6,0.606478167502,1.46615442582,1.23948317184,7.43689903104,1.23948317184,7.43689903104,results/main_campaign_default_alpha_0_5/FedAVG-results/test8_femnist/FEMNIST/FedAVG__FEMNIST__Setup-10__Clients-10__Rounds-10__Delay-0_05__Partitioning-natural__Seed-48.txt
base_alpha_0.5/test8_femnist,FedAVG,48,7,0.6210182534,1.393749351,1.23948317184,8.67638220288,1.23948317184,8.67638220288,results/main_campaign_default_alpha_0_5/FedAVG-results/test8_femnist/FEMNIST/FedAVG__FEMNIST__Setup-10__Clients-10__Rounds-10__Delay-0_05__Partitioning-natural__Seed-48.txt
base_alpha_0.5/test8_femnist,FedAVG,48,8,0.636005726557,1.34761611277,1.23948317184,9.91586537472,1.23948317184,9.91586537472,results/main_campaign_default_alpha_0_5/FedAVG-results/test8_femnist/FEMNIST/FedAVG__FEMNIST__Setup-10__Clients-10__Rounds-10__Delay-0_05__Partitioning-natural__Seed-48.txt
base_alpha_0.5/test8_femnist,FedAVG,48,9,0.635916249105,1.36855832475,1.23948317184,11.1553485466,1.23948317184,11.1553485466,results/main_campaign_default_alpha_0_5/FedAVG-results/test8_femnist/FEMNIST/FedAVG__FEMNIST__Setup-10__Clients-10__Rounds-10__Delay-0_05__Partitioning-natural__Seed-48.txt
base_alpha_0.5/test8_femnist,FedAVG,48,10,0.647279885469,1.34771090945,1.23948317184,12.3948317184,1.23948317184,12.3948317184,results/main_campaign_default_alpha_0_5/FedAVG-results/test8_femnist/FEMNIST/FedAVG__FEMNIST__Setup-10__Clients-10__Rounds-10__Delay-0_05__Partitioning-natural__Seed-48.txt
base_alpha_0.5/test8_femnist,FedAVG,49,0,0.00384254120058,4.12537850785,0,0,0,0,results/main_campaign_default_alpha_0_5/FedAVG-results/test8_femnist/FEMNIST/FedAVG__FEMNIST__Setup-10__Clients-10__Rounds-10__Delay-0_05__Partitioning-natural__Seed-49.txt
base_alpha_0.5/test8_femnist,FedAVG,49,1,0.143625651097,3.95751492275,1.23948317184,1.23948317184,1.23948317184,1.23948317184,results/main_campaign_default_alpha_0_5/FedAVG-results/test8_femnist/FEMNIST/FedAVG__FEMNIST__Setup-10__Clients-10__Rounds-10__Delay-0_05__Partitioning-natural__Seed-49.txt
base_alpha_0.5/test8_femnist,FedAVG,49,2,0.344291691572,3.178272428,1.23948317184,2.47896634368,1.23948317184,2.47896634368,results/main_campaign_default_alpha_0_5/FedAVG-results/test8_femnist/FEMNIST/FedAVG__FEMNIST__Setup-10__Clients-10__Rounds-10__Delay-0_05__Partitioning-natural__Seed-49.txt
base_alpha_0.5/test8_femnist,FedAVG,49,3,0.459098283665,2.28491296492,1.23948317184,3.71844951552,1.23948317184,3.71844951552,results/main_campaign_default_alpha_0_5/FedAVG-results/test8_femnist/FEMNIST/FedAVG__FEMNIST__Setup-10__Clients-10__Rounds-10__Delay-0_05__Partitioning-natural__Seed-49.txt
base_alpha_0.5/test8_femnist,FedAVG,49,4,0.5306549398,1.86592573115,1.23948317184,4.95793268736,1.23948317184,4.95793268736,results/main_campaign_default_alpha_0_5/FedAVG-results/test8_femnist/FEMNIST/FedAVG__FEMNIST__Setup-10__Clients-10__Rounds-10__Delay-0_05__Partitioning-natural__Seed-49.txt
base_alpha_0.5/test8_femnist,FedAVG,49,5,0.572922893007,1.62501598677,1.23948317184,6.1974158592,1.23948317184,6.1974158592,results/main_campaign_default_alpha_0_5/FedAVG-results/test8_femnist/FEMNIST/FedAVG__FEMNIST__Setup-10__Clients-10__Rounds-10__Delay-0_05__Partitioning-natural__Seed-49.txt
base_alpha_0.5/test8_femnist,FedAVG,49,6,0.58773802408,1.54985176008,1.23948317184,7.43689903104,1.23948317184,7.43689903104,results/main_campaign_default_alpha_0_5/FedAVG-results/test8_femnist/FEMNIST/FedAVG__FEMNIST__Setup-10__Clients-10__Rounds-10__Delay-0_05__Partitioning-natural__Seed-49.txt
base_alpha_0.5/test8_femnist,FedAVG,49,7,0.611988728546,1.45500174294,1.23948317184,8.67638220288,1.23948317184,8.67638220288,results/main_campaign_default_alpha_0_5/FedAVG-results/test8_femnist/FEMNIST/FedAVG__FEMNIST__Setup-10__Clients-10__Rounds-10__Delay-0_05__Partitioning-natural__Seed-49.txt
base_alpha_0.5/test8_femnist,FedAVG,49,8,0.627102723935,1.38882361942,1.23948317184,9.91586537472,1.23948317184,9.91586537472,results/main_campaign_default_alpha_0_5/FedAVG-results/test8_femnist/FEMNIST/FedAVG__FEMNIST__Setup-10__Clients-10__Rounds-10__Delay-0_05__Partitioning-natural__Seed-49.txt
base_alpha_0.5/test8_femnist,FedAVG,49,9,0.633037315345,1.37766747292,1.23948317184,11.1553485466,1.23948317184,11.1553485466,results/main_campaign_default_alpha_0_5/FedAVG-results/test8_femnist/FEMNIST/FedAVG__FEMNIST__Setup-10__Clients-10__Rounds-10__Delay-0_05__Partitioning-natural__Seed-49.txt
base_alpha_0.5/test8_femnist,FedAVG,49,10,0.645034582871,1.36021021102,1.23948317184,12.3948317184,1.23948317184,12.3948317184,results/main_campaign_default_alpha_0_5/FedAVG-results/test8_femnist/FEMNIST/FedAVG__FEMNIST__Setup-10__Clients-10__Rounds-10__Delay-0_05__Partitioning-natural__Seed-49.txt
base_alpha_0.5/test8_femnist,FedAVG,50,0,0.049640989274,4.13291636376,0,0,0,0,results/main_campaign_default_alpha_0_5/FedAVG-results/test8_femnist/FEMNIST/FedAVG__FEMNIST__Setup-10__Clients-10__Rounds-10__Delay-0_05__Partitioning-natural__Seed-50.txt
base_alpha_0.5/test8_femnist,FedAVG,50,1,0.110185267264,3.95835632784,1.23948317184,1.23948317184,1.23948317184,1.23948317184,results/main_campaign_default_alpha_0_5/FedAVG-results/test8_femnist/FEMNIST/FedAVG__FEMNIST__Setup-10__Clients-10__Rounds-10__Delay-0_05__Partitioning-natural__Seed-50.txt
base_alpha_0.5/test8_femnist,FedAVG,50,2,0.317746653665,3.14602466824,1.23948317184,2.47896634368,1.23948317184,2.47896634368,results/main_campaign_default_alpha_0_5/FedAVG-results/test8_femnist/FEMNIST/FedAVG__FEMNIST__Setup-10__Clients-10__Rounds-10__Delay-0_05__Partitioning-natural__Seed-50.txt
base_alpha_0.5/test8_femnist,FedAVG,50,3,0.478237744881,2.38087003728,1.23948317184,3.71844951552,1.23948317184,3.71844951552,results/main_campaign_default_alpha_0_5/FedAVG-results/test8_femnist/FEMNIST/FedAVG__FEMNIST__Setup-10__Clients-10__Rounds-10__Delay-0_05__Partitioning-natural__Seed-50.txt
base_alpha_0.5/test8_femnist,FedAVG,50,4,0.554117542771,1.86835685764,1.23948317184,4.95793268736,1.23948317184,4.95793268736,results/main_campaign_default_alpha_0_5/FedAVG-results/test8_femnist/FEMNIST/FedAVG__FEMNIST__Setup-10__Clients-10__Rounds-10__Delay-0_05__Partitioning-natural__Seed-50.txt
base_alpha_0.5/test8_femnist,FedAVG,50,5,0.588777590639,1.64418100842,1.23948317184,6.1974158592,1.23948317184,6.1974158592,results/main_campaign_default_alpha_0_5/FedAVG-results/test8_femnist/FEMNIST/FedAVG__FEMNIST__Setup-10__Clients-10__Rounds-10__Delay-0_05__Partitioning-natural__Seed-50.txt
base_alpha_0.5/test8_femnist,FedAVG,50,6,0.606595160004,1.51140811521,1.23948317184,7.43689903104,1.23948317184,7.43689903104,results/main_campaign_default_alpha_0_5/FedAVG-results/test8_femnist/FEMNIST/FedAVG__FEMNIST__Setup-10__Clients-10__Rounds-10__Delay-0_05__Partitioning-natural__Seed-50.txt
base_alpha_0.5/test8_femnist,FedAVG,50,7,0.623304671572,1.43868820898,1.23948317184,8.67638220288,1.23948317184,8.67638220288,results/main_campaign_default_alpha_0_5/FedAVG-results/test8_femnist/FEMNIST/FedAVG__FEMNIST__Setup-10__Clients-10__Rounds-10__Delay-0_05__Partitioning-natural__Seed-50.txt
base_alpha_0.5/test8_femnist,FedAVG,50,8,0.633498803298,1.39758236677,1.23948317184,9.91586537472,1.23948317184,9.91586537472,results/main_campaign_default_alpha_0_5/FedAVG-results/test8_femnist/FEMNIST/FedAVG__FEMNIST__Setup-10__Clients-10__Rounds-10__Delay-0_05__Partitioning-natural__Seed-50.txt
base_alpha_0.5/test8_femnist,FedAVG,50,9,0.651360694974,1.31343745419,1.23948317184,11.1553485466,1.23948317184,11.1553485466,results/main_campaign_default_alpha_0_5/FedAVG-results/test8_femnist/FEMNIST/FedAVG__FEMNIST__Setup-10__Clients-10__Rounds-10__Delay-0_05__Partitioning-natural__Seed-50.txt
base_alpha_0.5/test8_femnist,FedAVG,50,10,0.658319297935,1.3021754807,1.23948317184,12.3948317184,1.23948317184,12.3948317184,results/main_campaign_default_alpha_0_5/FedAVG-results/test8_femnist/FEMNIST/FedAVG__FEMNIST__Setup-10__Clients-10__Rounds-10__Delay-0_05__Partitioning-natural__Seed-50.txt
base_alpha_0.5/test8_femnist,FedAVG,51,0,0.0112827112827,4.12532381158,0,0,0,0,results/main_campaign_default_alpha_0_5/FedAVG-results/test8_femnist/FEMNIST/FedAVG__FEMNIST__Setup-10__Clients-10__Rounds-10__Delay-0_05__Partitioning-natural__Seed-51.txt
base_alpha_0.5/test8_femnist,FedAVG,51,1,0.141999141999,3.90923275238,1.23948317184,1.23948317184,1.23948317184,1.23948317184,results/main_campaign_default_alpha_0_5/FedAVG-results/test8_femnist/FEMNIST/FedAVG__FEMNIST__Setup-10__Clients-10__Rounds-10__Delay-0_05__Partitioning-natural__Seed-51.txt
base_alpha_0.5/test8_femnist,FedAVG,51,2,0.432904332904,2.85067586555,1.23948317184,2.47896634368,1.23948317184,2.47896634368,results/main_campaign_default_alpha_0_5/FedAVG-results/test8_femnist/FEMNIST/FedAVG__FEMNIST__Setup-10__Clients-10__Rounds-10__Delay-0_05__Partitioning-natural__Seed-51.txt
base_alpha_0.5/test8_femnist,FedAVG,51,3,0.525311025311,2.00958097258,1.23948317184,3.71844951552,1.23948317184,3.71844951552,results/main_campaign_default_alpha_0_5/FedAVG-results/test8_femnist/FEMNIST/FedAVG__FEMNIST__Setup-10__Clients-10__Rounds-10__Delay-0_05__Partitioning-natural__Seed-51.txt
base_alpha_0.5/test8_femnist,FedAVG,51,4,0.573916773917,1.6406310637,1.23948317184,4.95793268736,1.23948317184,4.95793268736,results/main_campaign_default_alpha_0_5/FedAVG-results/test8_femnist/FEMNIST/FedAVG__FEMNIST__Setup-10__Clients-10__Rounds-10__Delay-0_05__Partitioning-natural__Seed-51.txt
base_alpha_0.5/test8_femnist,FedAVG,51,5,0.595581295581,1.49860127677,1.23948317184,6.1974158592,1.23948317184,6.1974158592,results/main_campaign_default_alpha_0_5/FedAVG-results/test8_femnist/FEMNIST/FedAVG__FEMNIST__Setup-10__Clients-10__Rounds-10__Delay-0_05__Partitioning-natural__Seed-51.txt
base_alpha_0.5/test8_femnist,FedAVG,51,6,0.624024024024,1.38674364795,1.23948317184,7.43689903104,1.23948317184,7.43689903104,results/main_campaign_default_alpha_0_5/FedAVG-results/test8_femnist/FEMNIST/FedAVG__FEMNIST__Setup-10__Clients-10__Rounds-10__Delay-0_05__Partitioning-natural__Seed-51.txt
base_alpha_0.5/test8_femnist,FedAVG,51,7,0.643114543115,1.2956859372,1.23948317184,8.67638220288,1.23948317184,8.67638220288,results/main_campaign_default_alpha_0_5/FedAVG-results/test8_femnist/FEMNIST/FedAVG__FEMNIST__Setup-10__Clients-10__Rounds-10__Delay-0_05__Partitioning-natural__Seed-51.txt
base_alpha_0.5/test8_femnist,FedAVG,51,8,0.652338052338,1.25954675035,1.23948317184,9.91586537472,1.23948317184,9.91586537472,results/main_campaign_default_alpha_0_5/FedAVG-results/test8_femnist/FEMNIST/FedAVG__FEMNIST__Setup-10__Clients-10__Rounds-10__Delay-0_05__Partitioning-natural__Seed-51.txt
base_alpha_0.5/test8_femnist,FedAVG,51,9,0.659116259116,1.25693368559,1.23948317184,11.1553485466,1.23948317184,11.1553485466,results/main_campaign_default_alpha_0_5/FedAVG-results/test8_femnist/FEMNIST/FedAVG__FEMNIST__Setup-10__Clients-10__Rounds-10__Delay-0_05__Partitioning-natural__Seed-51.txt
base_alpha_0.5/test8_femnist,FedAVG,51,10,0.675546975547,1.1921204203,1.23948317184,12.3948317184,1.23948317184,12.3948317184,results/main_campaign_default_alpha_0_5/FedAVG-results/test8_femnist/FEMNIST/FedAVG__FEMNIST__Setup-10__Clients-10__Rounds-10__Delay-0_05__Partitioning-natural__Seed-51.txt
base_alpha_0.5/test8_femnist,FedAVG,52,0,0.0165120825188,4.1218572717,0,0,0,0,results/main_campaign_default_alpha_0_5/FedAVG-results/test8_femnist/FEMNIST/FedAVG__FEMNIST__Setup-10__Clients-10__Rounds-10__Delay-0_05__Partitioning-natural__Seed-52.txt
base_alpha_0.5/test8_femnist,FedAVG,52,1,0.127771076821,3.9178157918,1.23948317184,1.23948317184,1.23948317184,1.23948317184,results/main_campaign_default_alpha_0_5/FedAVG-results/test8_femnist/FEMNIST/FedAVG__FEMNIST__Setup-10__Clients-10__Rounds-10__Delay-0_05__Partitioning-natural__Seed-52.txt
base_alpha_0.5/test8_femnist,FedAVG,52,2,0.355446491702,2.87937684793,1.23948317184,2.47896634368,1.23948317184,2.47896634368,results/main_campaign_default_alpha_0_5/FedAVG-results/test8_femnist/FEMNIST/FedAVG__FEMNIST__Setup-10__Clients-10__Rounds-10__Delay-0_05__Partitioning-natural__Seed-52.txt
base_alpha_0.5/test8_femnist,FedAVG,52,3,0.452813708772,2.19950315216,1.23948317184,3.71844951552,1.23948317184,3.71844951552,results/main_campaign_default_alpha_0_5/FedAVG-results/test8_femnist/FEMNIST/FedAVG__FEMNIST__Setup-10__Clients-10__Rounds-10__Delay-0_05__Partitioning-natural__Seed-52.txt
base_alpha_0.5/test8_femnist,FedAVG,52,4,0.556461340099,1.74730534262,1.23948317184,4.95793268736,1.23948317184,4.95793268736,results/main_campaign_default_alpha_0_5/FedAVG-results/test8_femnist/FEMNIST/FedAVG__FEMNIST__Setup-10__Clients-10__Rounds-10__Delay-0_05__Partitioning-natural__Seed-52.txt
base_alpha_0.5/test8_femnist,FedAVG,52,5,0.593686312024,1.55003189644,1.23948317184,6.1974158592,1.23948317184,6.1974158592,results/main_campaign_default_alpha_0_5/FedAVG-results/test8_femnist/FEMNIST/FedAVG__FEMNIST__Setup-10__Clients-10__Rounds-10__Delay-0_05__Partitioning-natural__Seed-52.txt
base_alpha_0.5/test8_femnist,FedAVG,52,6,0.621469866489,1.40634911164,1.23948317184,7.43689903104,1.23948317184,7.43689903104,results/main_campaign_default_alpha_0_5/FedAVG-results/test8_femnist/FEMNIST/FedAVG__FEMNIST__Setup-10__Clients-10__Rounds-10__Delay-0_05__Partitioning-natural__Seed-52.txt
base_alpha_0.5/test8_femnist,FedAVG,52,7,0.643347336023,1.32675508709,1.23948317184,8.67638220288,1.23948317184,8.67638220288,results/main_campaign_default_alpha_0_5/FedAVG-results/test8_femnist/FEMNIST/FedAVG__FEMNIST__Setup-10__Clients-10__Rounds-10__Delay-0_05__Partitioning-natural__Seed-52.txt
base_alpha_0.5/test8_femnist,FedAVG,52,8,0.649544565986,1.3122108333,1.23948317184,9.91586537472,1.23948317184,9.91586537472,results/main_campaign_default_alpha_0_5/FedAVG-results/test8_femnist/FEMNIST/FedAVG__FEMNIST__Setup-10__Clients-10__Rounds-10__Delay-0_05__Partitioning-natural__Seed-52.txt
base_alpha_0.5/test8_femnist,FedAVG,52,9,0.66805307158,1.24980008601,1.23948317184,11.1553485466,1.23948317184,11.1553485466,results/main_campaign_default_alpha_0_5/FedAVG-results/test8_femnist/FEMNIST/FedAVG__FEMNIST__Setup-10__Clients-10__Rounds-10__Delay-0_05__Partitioning-natural__Seed-52.txt
base_alpha_0.5/test8_femnist,FedAVG,52,10,0.674208709396,1.19840105349,1.23948317184,12.3948317184,1.23948317184,12.3948317184,results/main_campaign_default_alpha_0_5/FedAVG-results/test8_femnist/FEMNIST/FedAVG__FEMNIST__Setup-10__Clients-10__Rounds-10__Delay-0_05__Partitioning-natural__Seed-52.txt
base_alpha_0.5/test8_femnist,FedAVG,53,0,0.0049433106576,4.12068325371,0,0,0,0,results/main_campaign_default_alpha_0_5/FedAVG-results/test8_femnist/FEMNIST/FedAVG__FEMNIST__Setup-10__Clients-10__Rounds-10__Delay-0_05__Partitioning-natural__Seed-53.txt
base_alpha_0.5/test8_femnist,FedAVG,53,1,0.0765986394558,3.98459883134,1.23948317184,1.23948317184,1.23948317184,1.23948317184,results/main_campaign_default_alpha_0_5/FedAVG-results/test8_femnist/FEMNIST/FedAVG__FEMNIST__Setup-10__Clients-10__Rounds-10__Delay-0_05__Partitioning-natural__Seed-53.txt
base_alpha_0.5/test8_femnist,FedAVG,53,2,0.291156462585,3.18050220407,1.23948317184,2.47896634368,1.23948317184,2.47896634368,results/main_campaign_default_alpha_0_5/FedAVG-results/test8_femnist/FEMNIST/FedAVG__FEMNIST__Setup-10__Clients-10__Rounds-10__Delay-0_05__Partitioning-natural__Seed-53.txt
base_alpha_0.5/test8_femnist,FedAVG,53,3,0.486666666667,2.37959126524,1.23948317184,3.71844951552,1.23948317184,3.71844951552,results/main_campaign_default_alpha_0_5/FedAVG-results/test8_femnist/FEMNIST/FedAVG__FEMNIST__Setup-10__Clients-10__Rounds-10__Delay-0_05__Partitioning-natural__Seed-53.txt
base_alpha_0.5/test8_femnist,FedAVG,53,4,0.546485260771,1.8055546135,1.23948317184,4.95793268736,1.23948317184,4.95793268736,results/main_campaign_default_alpha_0_5/FedAVG-results/test8_femnist/FEMNIST/FedAVG__FEMNIST__Setup-10__Clients-10__Rounds-10__Delay-0_05__Partitioning-natural__Seed-53.txt
base_alpha_0.5/test8_femnist,FedAVG,53,5,0.58126984127,1.5961262827,1.23948317184,6.1974158592,1.23948317184,6.1974158592,results/main_campaign_default_alpha_0_5/FedAVG-results/test8_femnist/FEMNIST/FedAVG__FEMNIST__Setup-10__Clients-10__Rounds-10__Delay-0_05__Partitioning-natural__Seed-53.txt
base_alpha_0.5/test8_femnist,FedAVG,53,6,0.594829931973,1.50414190867,1.23948317184,7.43689903104,1.23948317184,7.43689903104,results/main_campaign_default_alpha_0_5/FedAVG-results/test8_femnist/FEMNIST/FedAVG__FEMNIST__Setup-10__Clients-10__Rounds-10__Delay-0_05__Partitioning-natural__Seed-53.txt
base_alpha_0.5/test8_femnist,FedAVG,53,7,0.616507936508,1.43055924371,1.23948317184,8.67638220288,1.23948317184,8.67638220288,results/main_campaign_default_alpha_0_5/FedAVG-results/test8_femnist/FEMNIST/FedAVG__FEMNIST__Setup-10__Clients-10__Rounds-10__Delay-0_05__Partitioning-natural__Seed-53.txt
base_alpha_0.5/test8_femnist,FedAVG,53,8,0.628344671202,1.38025745626,1.23948317184,9.91586537472,1.23948317184,9.91586537472,results/main_campaign_default_alpha_0_5/FedAVG-results/test8_femnist/FEMNIST/FedAVG__FEMNIST__Setup-10__Clients-10__Rounds-10__Delay-0_05__Partitioning-natural__Seed-53.txt
base_alpha_0.5/test8_femnist,FedAVG,53,9,0.636235827664,1.35603383272,1.23948317184,11.1553485466,1.23948317184,11.1553485466,results/main_campaign_default_alpha_0_5/FedAVG-results/test8_femnist/FEMNIST/FedAVG__FEMNIST__Setup-10__Clients-10__Rounds-10__Delay-0_05__Partitioning-natural__Seed-53.txt
base_alpha_0.5/test8_femnist,FedAVG,53,10,0.645215419501,1.31292658499,1.23948317184,12.3948317184,1.23948317184,12.3948317184,results/main_campaign_default_alpha_0_5/FedAVG-results/test8_femnist/FEMNIST/FedAVG__FEMNIST__Setup-10__Clients-10__Rounds-10__Delay-0_05__Partitioning-natural__Seed-53.txt
base_alpha_0.5/test8_femnist,FedAVG,54,0,0.00520987758906,4.13620287519,0,0,0,0,results/main_campaign_default_alpha_0_5/FedAVG-results/test8_femnist/FEMNIST/FedAVG__FEMNIST__Setup-10__Clients-10__Rounds-10__Delay-0_05__Partitioning-natural__Seed-54.txt
base_alpha_0.5/test8_femnist,FedAVG,54,1,0.0636621627346,3.95164426292,1.23948317184,1.23948317184,1.23948317184,1.23948317184,results/main_campaign_default_alpha_0_5/FedAVG-results/test8_femnist/FEMNIST/FedAVG__FEMNIST__Setup-10__Clients-10__Rounds-10__Delay-0_05__Partitioning-natural__Seed-54.txt
base_alpha_0.5/test8_femnist,FedAVG,54,2,0.396586047694,3.08236197393,1.23948317184,2.47896634368,1.23948317184,2.47896634368,results/main_campaign_default_alpha_0_5/FedAVG-results/test8_femnist/FEMNIST/FedAVG__FEMNIST__Setup-10__Clients-10__Rounds-10__Delay-0_05__Partitioning-natural__Seed-54.txt
base_alpha_0.5/test8_femnist,FedAVG,54,3,0.479054597823,2.21196816413,1.23948317184,3.71844951552,1.23948317184,3.71844951552,results/main_campaign_default_alpha_0_5/FedAVG-results/test8_femnist/FEMNIST/FedAVG__FEMNIST__Setup-10__Clients-10__Rounds-10__Delay-0_05__Partitioning-natural__Seed-54.txt
base_alpha_0.5/test8_femnist,FedAVG,54,4,0.539497649202,1.84603675273,1.23948317184,4.95793268736,1.23948317184,4.95793268736,results/main_campaign_default_alpha_0_5/FedAVG-results/test8_femnist/FEMNIST/FedAVG__FEMNIST__Setup-10__Clients-10__Rounds-10__Delay-0_05__Partitioning-natural__Seed-54.txt
base_alpha_0.5/test8_femnist,FedAVG,54,5,0.581981447753,1.58880547447,1.23948317184,6.1974158592,1.23948317184,6.1974158592,results/main_campaign_default_alpha_0_5/FedAVG-results/test8_femnist/FEMNIST/FedAVG__FEMNIST__Setup-10__Clients-10__Rounds-10__Delay-0_05__Partitioning-natural__Seed-54.txt
base_alpha_0.5/test8_femnist,FedAVG,54,6,0.610233385573,1.43461737137,1.23948317184,7.43689903104,1.23948317184,7.43689903104,results/main_campaign_default_alpha_0_5/FedAVG-results/test8_femnist/FEMNIST/FedAVG__FEMNIST__Setup-10__Clients-10__Rounds-10__Delay-0_05__Partitioning-natural__Seed-54.txt
base_alpha_0.5/test8_femnist,FedAVG,54,7,0.628955059511,1.3609119998,1.23948317184,8.67638220288,1.23948317184,8.67638220288,results/main_campaign_default_alpha_0_5/FedAVG-results/test8_femnist/FEMNIST/FedAVG__FEMNIST__Setup-10__Clients-10__Rounds-10__Delay-0_05__Partitioning-natural__Seed-54.txt
base_alpha_0.5/test8_femnist,FedAVG,54,8,0.641069083824,1.29787914109,1.23948317184,9.91586537472,1.23948317184,9.91586537472,results/main_campaign_default_alpha_0_5/FedAVG-results/test8_femnist/FEMNIST/FedAVG__FEMNIST__Setup-10__Clients-10__Rounds-10__Delay-0_05__Partitioning-natural__Seed-54.txt
base_alpha_0.5/test8_femnist,FedAVG,54,9,0.646406031598,1.25657241375,1.23948317184,11.1553485466,1.23948317184,11.1553485466,results/main_campaign_default_alpha_0_5/FedAVG-results/test8_femnist/FEMNIST/FedAVG__FEMNIST__Setup-10__Clients-10__Rounds-10__Delay-0_05__Partitioning-natural__Seed-54.txt
base_alpha_0.5/test8_femnist,FedAVG,54,10,0.658096488627,1.23274232921,1.23948317184,12.3948317184,1.23948317184,12.3948317184,results/main_campaign_default_alpha_0_5/FedAVG-results/test8_femnist/FEMNIST/FedAVG__FEMNIST__Setup-10__Clients-10__Rounds-10__Delay-0_05__Partitioning-natural__Seed-54.txt
base_alpha_0.5/test8_femnist,FedAVG,55,0,0.00391441661848,4.13339334461,0,0,0,0,results/main_campaign_default_alpha_0_5/FedAVG-results/test8_femnist/FEMNIST/FedAVG__FEMNIST__Setup-10__Clients-10__Rounds-10__Delay-0_05__Partitioning-natural__Seed-55.txt
base_alpha_0.5/test8_femnist,FedAVG,55,1,0.0735287576175,3.94318758518,1.23948317184,1.23948317184,1.23948317184,1.23948317184,results/main_campaign_default_alpha_0_5/FedAVG-results/test8_femnist/FEMNIST/FedAVG__FEMNIST__Setup-10__Clients-10__Rounds-10__Delay-0_05__Partitioning-natural__Seed-55.txt
base_alpha_0.5/test8_femnist,FedAVG,55,2,0.380410124105,3.05717609052,1.23948317184,2.47896634368,1.23948317184,2.47896634368,results/main_campaign_default_alpha_0_5/FedAVG-results/test8_femnist/FEMNIST/FedAVG__FEMNIST__Setup-10__Clients-10__Rounds-10__Delay-0_05__Partitioning-natural__Seed-55.txt
base_alpha_0.5/test8_femnist,FedAVG,55,3,0.492460299809,2.25323591639,1.23948317184,3.71844951552,1.23948317184,3.71844951552,results/main_campaign_default_alpha_0_5/FedAVG-results/test8_femnist/FEMNIST/FedAVG__FEMNIST__Setup-10__Clients-10__Rounds-10__Delay-0_05__Partitioning-natural__Seed-55.txt
base_alpha_0.5/test8_femnist,FedAVG,55,4,0.552688937325,1.80548811192,1.23948317184,4.95793268736,1.23948317184,4.95793268736,results/main_campaign_default_alpha_0_5/FedAVG-results/test8_femnist/FEMNIST/FedAVG__FEMNIST__Setup-10__Clients-10__Rounds-10__Delay-0_05__Partitioning-natural__Seed-55.txt
base_alpha_0.5/test8_femnist,FedAVG,55,5,0.576308883057,1.60937554555,1.23948317184,6.1974158592,1.23948317184,6.1974158592,results/main_campaign_default_alpha_0_5/FedAVG-results/test8_femnist/FEMNIST/FedAVG__FEMNIST__Setup-10__Clients-10__Rounds-10__Delay-0_05__Partitioning-natural__Seed-55.txt
base_alpha_0.5/test8_femnist,FedAVG,55,6,0.593834793826,1.50992946576,1.23948317184,7.43689903104,1.23948317184,7.43689903104,results/main_campaign_default_alpha_0_5/FedAVG-results/test8_femnist/FEMNIST/FedAVG__FEMNIST__Setup-10__Clients-10__Rounds-10__Delay-0_05__Partitioning-natural__Seed-55.txt
base_alpha_0.5/test8_femnist,FedAVG,55,7,0.612828610827,1.42212935981,1.23948317184,8.67638220288,1.23948317184,8.67638220288,results/main_campaign_default_alpha_0_5/FedAVG-results/test8_femnist/FEMNIST/FedAVG__FEMNIST__Setup-10__Clients-10__Rounds-10__Delay-0_05__Partitioning-natural__Seed-55.txt
base_alpha_0.5/test8_femnist,FedAVG,55,8,0.629598327477,1.37978367124,1.23948317184,9.91586537472,1.23948317184,9.91586537472,results/main_campaign_default_alpha_0_5/FedAVG-results/test8_femnist/FEMNIST/FedAVG__FEMNIST__Setup-10__Clients-10__Rounds-10__Delay-0_05__Partitioning-natural__Seed-55.txt
base_alpha_0.5/test8_femnist,FedAVG,55,9,0.642409145501,1.35362644923,1.23948317184,11.1553485466,1.23948317184,11.1553485466,results/main_campaign_default_alpha_0_5/FedAVG-results/test8_femnist/FEMNIST/FedAVG__FEMNIST__Setup-10__Clients-10__Rounds-10__Delay-0_05__Partitioning-natural__Seed-55.txt
base_alpha_0.5/test8_femnist,FedAVG,55,10,0.654552733419,1.27409881937,1.23948317184,12.3948317184,1.23948317184,12.3948317184,results/main_campaign_default_alpha_0_5/FedAVG-results/test8_femnist/FEMNIST/FedAVG__FEMNIST__Setup-10__Clients-10__Rounds-10__Delay-0_05__Partitioning-natural__Seed-55.txt
base_alpha_0.5/test8_femnist,FedAVG,56,0,0.00396880982397,4.12154276182,0,0,0,0,results/main_campaign_default_alpha_0_5/FedAVG-results/test8_femnist/FEMNIST/FedAVG__FEMNIST__Setup-10__Clients-10__Rounds-10__Delay-0_05__Partitioning-natural__Seed-56.txt
base_alpha_0.5/test8_femnist,FedAVG,56,1,0.116122706261,3.93850039968,1.23948317184,1.23948317184,1.23948317184,1.23948317184,results/main_campaign_default_alpha_0_5/FedAVG-results/test8_femnist/FEMNIST/FedAVG__FEMNIST__Setup-10__Clients-10__Rounds-10__Delay-0_05__Partitioning-natural__Seed-56.txt
base_alpha_0.5/test8_femnist,FedAVG,56,2,0.380118597376,3.04076782635,1.23948317184,2.47896634368,1.23948317184,2.47896634368,results/main_campaign_default_alpha_0_5/FedAVG-results/test8_femnist/FEMNIST/FedAVG__FEMNIST__Setup-10__Clients-10__Rounds-10__Delay-0_05__Partitioning-natural__Seed-56.txt
base_alpha_0.5/test8_femnist,FedAVG,56,3,0.486249241257,2.2068921232,1.23948317184,3.71844951552,1.23948317184,3.71844951552,results/main_campaign_default_alpha_0_5/FedAVG-results/test8_femnist/FEMNIST/FedAVG__FEMNIST__Setup-10__Clients-10__Rounds-10__Delay-0_05__Partitioning-natural__Seed-56.txt
base_alpha_0.5/test8_femnist,FedAVG,56,4,0.554045851426,1.76210349411,1.23948317184,4.95793268736,1.23948317184,4.95793268736,results/main_campaign_default_alpha_0_5/FedAVG-results/test8_femnist/FEMNIST/FedAVG__FEMNIST__Setup-10__Clients-10__Rounds-10__Delay-0_05__Partitioning-natural__Seed-56.txt
base_alpha_0.5/test8_femnist,FedAVG,56,5,0.595088014194,1.54216660717,1.23948317184,6.1974158592,1.23948317184,6.1974158592,results/main_campaign_default_alpha_0_5/FedAVG-results/test8_femnist/FEMNIST/FedAVG__FEMNIST__Setup-10__Clients-10__Rounds-10__Delay-0_05__Partitioning-natural__Seed-56.txt
base_alpha_0.5/test8_femnist,FedAVG,56,6,0.626698417145,1.40361368012,1.23948317184,7.43689903104,1.23948317184,7.43689903104,results/main_campaign_default_alpha_0_5/FedAVG-results/test8_femnist/FEMNIST/FedAVG__FEMNIST__Setup-10__Clients-10__Rounds-10__Delay-0_05__Partitioning-natural__Seed-56.txt
base_alpha_0.5/test8_femnist,FedAVG,56,7,0.640192370547,1.35191685649,1.23948317184,8.67638220288,1.23948317184,8.67638220288,results/main_campaign_default_alpha_0_5/FedAVG-results/test8_femnist/FEMNIST/FedAVG__FEMNIST__Setup-10__Clients-10__Rounds-10__Delay-0_05__Partitioning-natural__Seed-56.txt
base_alpha_0.5/test8_femnist,FedAVG,56,8,0.652052108138,1.28729080361,1.23948317184,9.91586537472,1.23948317184,9.91586537472,results/main_campaign_default_alpha_0_5/FedAVG-results/test8_femnist/FEMNIST/FedAVG__FEMNIST__Setup-10__Clients-10__Rounds-10__Delay-0_05__Partitioning-natural__Seed-56.txt
base_alpha_0.5/test8_femnist,FedAVG,56,9,0.664145305131,1.23589204815,1.23948317184,11.1553485466,1.23948317184,11.1553485466,results/main_campaign_default_alpha_0_5/FedAVG-results/test8_femnist/FEMNIST/FedAVG__FEMNIST__Setup-10__Clients-10__Rounds-10__Delay-0_05__Partitioning-natural__Seed-56.txt
base_alpha_0.5/test8_femnist,FedAVG,56,10,0.674230751272,1.20627139567,1.23948317184,12.3948317184,1.23948317184,12.3948317184,results/main_campaign_default_alpha_0_5/FedAVG-results/test8_femnist/FEMNIST/FedAVG__FEMNIST__Setup-10__Clients-10__Rounds-10__Delay-0_05__Partitioning-natural__Seed-56.txt
base_alpha_0.5/test8_femnist,FedAVG,57,0,0.0505,4.12420221398,0,0,0,0,results/main_campaign_default_alpha_0_5/FedAVG-results/test8_femnist/FEMNIST/FedAVG__FEMNIST__Setup-10__Clients-10__Rounds-10__Delay-0_05__Partitioning-natural__Seed-57.txt
base_alpha_0.5/test8_femnist,FedAVG,57,1,0.146409090909,3.9240992794,1.23948317184,1.23948317184,1.23948317184,1.23948317184,results/main_campaign_default_alpha_0_5/FedAVG-results/test8_femnist/FEMNIST/FedAVG__FEMNIST__Setup-10__Clients-10__Rounds-10__Delay-0_05__Partitioning-natural__Seed-57.txt
base_alpha_0.5/test8_femnist,FedAVG,57,2,0.395772727273,3.03386603303,1.23948317184,2.47896634368,1.23948317184,2.47896634368,results/main_campaign_default_alpha_0_5/FedAVG-results/test8_femnist/FEMNIST/FedAVG__FEMNIST__Setup-10__Clients-10__Rounds-10__Delay-0_05__Partitioning-natural__Seed-57.txt
base_alpha_0.5/test8_femnist,FedAVG,57,3,0.496272727273,2.18701853856,1.23948317184,3.71844951552,1.23948317184,3.71844951552,results/main_campaign_default_alpha_0_5/FedAVG-results/test8_femnist/FEMNIST/FedAVG__FEMNIST__Setup-10__Clients-10__Rounds-10__Delay-0_05__Partitioning-natural__Seed-57.txt
base_alpha_0.5/test8_femnist,FedAVG,57,4,0.555454545455,1.75369918615,1.23948317184,4.95793268736,1.23948317184,4.95793268736,results/main_campaign_default_alpha_0_5/FedAVG-results/test8_femnist/FEMNIST/FedAVG__FEMNIST__Setup-10__Clients-10__Rounds-10__Delay-0_05__Partitioning-natural__Seed-57.txt
base_alpha_0.5/test8_femnist,FedAVG,57,5,0.580045454545,1.56575013657,1.23948317184,6.1974158592,1.23948317184,6.1974158592,results/main_campaign_default_alpha_0_5/FedAVG-results/test8_femnist/FEMNIST/FedAVG__FEMNIST__Setup-10__Clients-10__Rounds-10__Delay-0_05__Partitioning-natural__Seed-57.txt
base_alpha_0.5/test8_femnist,FedAVG,57,6,0.611818181818,1.45801833607,1.23948317184,7.43689903104,1.23948317184,7.43689903104,results/main_campaign_default_alpha_0_5/FedAVG-results/test8_femnist/FEMNIST/FedAVG__FEMNIST__Setup-10__Clients-10__Rounds-10__Delay-0_05__Partitioning-natural__Seed-57.txt
base_alpha_0.5/test8_femnist,FedAVG,57,7,0.628363636364,1.38056408113,1.23948317184,8.67638220288,1.23948317184,8.67638220288,results/main_campaign_default_alpha_0_5/FedAVG-results/test8_femnist/FEMNIST/FedAVG__FEMNIST__Setup-10__Clients-10__Rounds-10__Delay-0_05__Partitioning-natural__Seed-57.txt
base_alpha_0.5/test8_femnist,FedAVG,57,8,0.637363636364,1.31227465547,1.23948317184,9.91586537472,1.23948317184,9.91586537472,results/main_campaign_default_alpha_0_5/FedAVG-results/test8_femnist/FEMNIST/FedAVG__FEMNIST__Setup-10__Clients-10__Rounds-10__Delay-0_05__Partitioning-natural__Seed-57.txt
base_alpha_0.5/test8_femnist,FedAVG,57,9,0.655454545455,1.25798990589,1.23948317184,11.1553485466,1.23948317184,11.1553485466,results/main_campaign_default_alpha_0_5/FedAVG-results/test8_femnist/FEMNIST/FedAVG__FEMNIST__Setup-10__Clients-10__Rounds-10__Delay-0_05__Partitioning-natural__Seed-57.txt
base_alpha_0.5/test8_femnist,FedAVG,57,10,0.657772727273,1.25502822667,1.23948317184,12.3948317184,1.23948317184,12.3948317184,results/main_campaign_default_alpha_0_5/FedAVG-results/test8_femnist/FEMNIST/FedAVG__FEMNIST__Setup-10__Clients-10__Rounds-10__Delay-0_05__Partitioning-natural__Seed-57.txt
base_alpha_0.5/test8_femnist,FedAVG,58,0,0.0172670152046,4.11922344676,0,0,0,0,results/main_campaign_default_alpha_0_5/FedAVG-results/test8_femnist/FEMNIST/FedAVG__FEMNIST__Setup-10__Clients-10__Rounds-10__Delay-0_05__Partitioning-natural__Seed-58.txt
base_alpha_0.5/test8_femnist,FedAVG,58,1,0.112043743105,3.96928868239,1.23948317184,1.23948317184,1.23948317184,1.23948317184,results/main_campaign_default_alpha_0_5/FedAVG-results/test8_femnist/FEMNIST/FedAVG__FEMNIST__Setup-10__Clients-10__Rounds-10__Delay-0_05__Partitioning-natural__Seed-58.txt
base_alpha_0.5/test8_femnist,FedAVG,58,2,0.366876109166,2.96699244471,1.23948317184,2.47896634368,1.23948317184,2.47896634368,results/main_campaign_default_alpha_0_5/FedAVG-results/test8_femnist/FEMNIST/FedAVG__FEMNIST__Setup-10__Clients-10__Rounds-10__Delay-0_05__Partitioning-natural__Seed-58.txt
base_alpha_0.5/test8_femnist,FedAVG,58,3,0.523094632836,2.12467505018,1.23948317184,3.71844951552,1.23948317184,3.71844951552,results/main_campaign_default_alpha_0_5/FedAVG-results/test8_femnist/FEMNIST/FedAVG__FEMNIST__Setup-10__Clients-10__Rounds-10__Delay-0_05__Partitioning-natural__Seed-58.txt
base_alpha_0.5/test8_femnist,FedAVG,58,4,0.572017842582,1.70779911586,1.23948317184,4.95793268736,1.23948317184,4.95793268736,results/main_campaign_default_alpha_0_5/FedAVG-results/test8_femnist/FEMNIST/FedAVG__FEMNIST__Setup-10__Clients-10__Rounds-10__Delay-0_05__Partitioning-natural__Seed-58.txt
base_alpha_0.5/test8_femnist,FedAVG,58,5,0.601755479879,1.49681921583,1.23948317184,6.1974158592,1.23948317184,6.1974158592,results/main_campaign_default_alpha_0_5/FedAVG-results/test8_femnist/FEMNIST/FedAVG__FEMNIST__Setup-10__Clients-10__Rounds-10__Delay-0_05__Partitioning-natural__Seed-58.txt
base_alpha_0.5/test8_femnist,FedAVG,58,6,0.626840615857,1.37886602297,1.23948317184,7.43689903104,1.23948317184,7.43689903104,results/main_campaign_default_alpha_0_5/FedAVG-results/test8_femnist/FEMNIST/FedAVG__FEMNIST__Setup-10__Clients-10__Rounds-10__Delay-0_05__Partitioning-natural__Seed-58.txt
base_alpha_0.5/test8_femnist,FedAVG,58,7,0.644827090028,1.29958166482,1.23948317184,8.67638220288,1.23948317184,8.67638220288,results/main_campaign_default_alpha_0_5/FedAVG-results/test8_femnist/FEMNIST/FedAVG__FEMNIST__Setup-10__Clients-10__Rounds-10__Delay-0_05__Partitioning-natural__Seed-58.txt
base_alpha_0.5/test8_femnist,FedAVG,58,8,0.662525780613,1.23979529365,1.23948317184,9.91586537472,1.23948317184,9.91586537472,results/main_campaign_default_alpha_0_5/FedAVG-results/test8_femnist/FEMNIST/FedAVG__FEMNIST__Setup-10__Clients-10__Rounds-10__Delay-0_05__Partitioning-natural__Seed-58.txt
base_alpha_0.5/test8_femnist,FedAVG,58,9,0.667609957312,1.19600534653,1.23948317184,11.1553485466,1.23948317184,11.1553485466,results/main_campaign_default_alpha_0_5/FedAVG-results/test8_femnist/FEMNIST/FedAVG__FEMNIST__Setup-10__Clients-10__Rounds-10__Delay-0_05__Partitioning-natural__Seed-58.txt
base_alpha_0.5/test8_femnist,FedAVG,58,10,0.678641661471,1.17185257882,1.23948317184,12.3948317184,1.23948317184,12.3948317184,results/main_campaign_default_alpha_0_5/FedAVG-results/test8_femnist/FEMNIST/FedAVG__FEMNIST__Setup-10__Clients-10__Rounds-10__Delay-0_05__Partitioning-natural__Seed-58.txt
base_alpha_0.5/test8_femnist,FedAVG,59,0,0.00685763888889,4.13190249205,0,0,0,0,results/main_campaign_default_alpha_0_5/FedAVG-results/test8_femnist/FEMNIST/FedAVG__FEMNIST__Setup-10__Clients-10__Rounds-10__Delay-0_05__Partitioning-natural__Seed-59.txt
base_alpha_0.5/test8_femnist,FedAVG,59,1,0.196484375,3.96540772153,1.23948317184,1.23948317184,1.23948317184,1.23948317184,results/main_campaign_default_alpha_0_5/FedAVG-results/test8_femnist/FEMNIST/FedAVG__FEMNIST__Setup-10__Clients-10__Rounds-10__Delay-0_05__Partitioning-natural__Seed-59.txt
base_alpha_0.5/test8_femnist,FedAVG,59,2,0.363585069444,3.04057179921,1.23948317184,2.47896634368,1.23948317184,2.47896634368,results/main_campaign_default_alpha_0_5/FedAVG-results/test8_femnist/FEMNIST/FedAVG__FEMNIST__Setup-10__Clients-10__Rounds-10__Delay-0_05__Partitioning-natural__Seed-59.txt
base_alpha_0.5/test8_femnist,FedAVG,59,3,0.490494791667,2.14397050507,1.23948317184,3.71844951552,1.23948317184,3.71844951552,results/main_campaign_default_alpha_0_5/FedAVG-results/test8_femnist/FEMNIST/FedAVG__FEMNIST__Setup-10__Clients-10__Rounds-10__Delay-0_05__Partitioning-natural__Seed-59.txt
base_alpha_0.5/test8_femnist,FedAVG,59,4,0.544097222222,1.74834227744,1.23948317184,4.95793268736,1.23948317184,4.95793268736,results/main_campaign_default_alpha_0_5/FedAVG-results/test8_femnist/FEMNIST/FedAVG__FEMNIST__Setup-10__Clients-10__Rounds-10__Delay-0_05__Partitioning-natural__Seed-59.txt
base_alpha_0.5/test8_femnist,FedAVG,59,5,0.587282986111,1.5500501934,1.23948317184,6.1974158592,1.23948317184,6.1974158592,results/main_campaign_default_alpha_0_5/FedAVG-results/test8_femnist/FEMNIST/FedAVG__FEMNIST__Setup-10__Clients-10__Rounds-10__Delay-0_05__Partitioning-natural__Seed-59.txt
base_alpha_0.5/test8_femnist,FedAVG,59,6,0.604600694444,1.43386726338,1.23948317184,7.43689903104,1.23948317184,7.43689903104,results/main_campaign_default_alpha_0_5/FedAVG-results/test8_femnist/FEMNIST/FedAVG__FEMNIST__Setup-10__Clients-10__Rounds-10__Delay-0_05__Partitioning-natural__Seed-59.txt
base_alpha_0.5/test8_femnist,FedAVG,59,7,0.624479166667,1.36083491064,1.23948317184,8.67638220288,1.23948317184,8.67638220288,results/main_campaign_default_alpha_0_5/FedAVG-results/test8_femnist/FEMNIST/FedAVG__FEMNIST__Setup-10__Clients-10__Rounds-10__Delay-0_05__Partitioning-natural__Seed-59.txt
base_alpha_0.5/test8_femnist,FedAVG,59,8,0.631597222222,1.33868935833,1.23948317184,9.91586537472,1.23948317184,9.91586537472,results/main_campaign_default_alpha_0_5/FedAVG-results/test8_femnist/FEMNIST/FedAVG__FEMNIST__Setup-10__Clients-10__Rounds-10__Delay-0_05__Partitioning-natural__Seed-59.txt
base_alpha_0.5/test8_femnist,FedAVG,59,9,0.643185763889,1.2834450331,1.23948317184,11.1553485466,1.23948317184,11.1553485466,results/main_campaign_default_alpha_0_5/FedAVG-results/test8_femnist/FEMNIST/FedAVG__FEMNIST__Setup-10__Clients-10__Rounds-10__Delay-0_05__Partitioning-natural__Seed-59.txt
base_alpha_0.5/test8_femnist,FedAVG,59,10,0.650998263889,1.30052785288,1.23948317184,12.3948317184,1.23948317184,12.3948317184,results/main_campaign_default_alpha_0_5/FedAVG-results/test8_femnist/FEMNIST/FedAVG__FEMNIST__Setup-10__Clients-10__Rounds-10__Delay-0_05__Partitioning-natural__Seed-59.txt
base_alpha_0.5/test8_femnist,FedAVG,60,0,0.00358911453364,4.13819053897,0,0,0,0,results/main_campaign_default_alpha_0_5/FedAVG-results/test8_femnist/FEMNIST/FedAVG__FEMNIST__Setup-10__Clients-10__Rounds-10__Delay-0_05__Partitioning-natural__Seed-60.txt
base_alpha_0.5/test8_femnist,FedAVG,60,1,0.128572077598,3.94357124195,1.23948317184,1.23948317184,1.23948317184,1.23948317184,results/main_campaign_default_alpha_0_5/FedAVG-results/test8_femnist/FEMNIST/FedAVG__FEMNIST__Setup-10__Clients-10__Rounds-10__Delay-0_05__Partitioning-natural__Seed-60.txt
base_alpha_0.5/test8_femnist,FedAVG,60,2,0.436645313707,2.90767748114,1.23948317184,2.47896634368,1.23948317184,2.47896634368,results/main_campaign_default_alpha_0_5/FedAVG-results/test8_femnist/FEMNIST/FedAVG__FEMNIST__Setup-10__Clients-10__Rounds-10__Delay-0_05__Partitioning-natural__Seed-60.txt
base_alpha_0.5/test8_femnist,FedAVG,60,3,0.519649266276,2.08262224346,1.23948317184,3.71844951552,1.23948317184,3.71844951552,results/main_campaign_default_alpha_0_5/FedAVG-results/test8_femnist/FEMNIST/FedAVG__FEMNIST__Setup-10__Clients-10__Rounds-10__Delay-0_05__Partitioning-natural__Seed-60.txt
base_alpha_0.5/test8_femnist,FedAVG,60,4,0.56467220935,1.74877370391,1.23948317184,4.95793268736,1.23948317184,4.95793268736,results/main_campaign_default_alpha_0_5/FedAVG-results/test8_femnist/FEMNIST/FedAVG__FEMNIST__Setup-10__Clients-10__Rounds-10__Delay-0_05__Partitioning-natural__Seed-60.txt
base_alpha_0.5/test8_femnist,FedAVG,60,5,0.583208395802,1.60265053271,1.23948317184,6.1974158592,1.23948317184,6.1974158592,results/main_campaign_default_alpha_0_5/FedAVG-results/test8_femnist/FEMNIST/FedAVG__FEMNIST__Setup-10__Clients-10__Rounds-10__Delay-0_05__Partitioning-natural__Seed-60.txt
base_alpha_0.5/test8_femnist,FedAVG,60,6,0.598564354187,1.53060364921,1.23948317184,7.43689903104,1.23948317184,7.43689903104,results/main_campaign_default_alpha_0_5/FedAVG-results/test8_femnist/FEMNIST/FedAVG__FEMNIST__Setup-10__Clients-10__Rounds-10__Delay-0_05__Partitioning-natural__Seed-60.txt
base_alpha_0.5/test8_femnist,FedAVG,60,7,0.616191904048,1.47446542584,1.23948317184,8.67638220288,1.23948317184,8.67638220288,results/main_campaign_default_alpha_0_5/FedAVG-results/test8_femnist/FEMNIST/FedAVG__FEMNIST__Setup-10__Clients-10__Rounds-10__Delay-0_05__Partitioning-natural__Seed-60.txt
base_alpha_0.5/test8_femnist,FedAVG,60,8,0.628140475217,1.40411710845,1.23948317184,9.91586537472,1.23948317184,9.91586537472,results/main_campaign_default_alpha_0_5/FedAVG-results/test8_femnist/FEMNIST/FedAVG__FEMNIST__Setup-10__Clients-10__Rounds-10__Delay-0_05__Partitioning-natural__Seed-60.txt
base_alpha_0.5/test8_femnist,FedAVG,60,9,0.636181909045,1.3865714853,1.23948317184,11.1553485466,1.23948317184,11.1553485466,results/main_campaign_default_alpha_0_5/FedAVG-results/test8_femnist/FEMNIST/FedAVG__FEMNIST__Setup-10__Clients-10__Rounds-10__Delay-0_05__Partitioning-natural__Seed-60.txt
base_alpha_0.5/test8_femnist,FedAVG,60,10,0.647312707283,1.37575209106,1.23948317184,12.3948317184,1.23948317184,12.3948317184,results/main_campaign_default_alpha_0_5/FedAVG-results/test8_femnist/FEMNIST/FedAVG__FEMNIST__Setup-10__Clients-10__Rounds-10__Delay-0_05__Partitioning-natural__Seed-60.txt
base_alpha_0.5/test8_femnist,FedAVG,61,0,0.0100858179244,4.12988126813,0,0,0,0,results/main_campaign_default_alpha_0_5/FedAVG-results/test8_femnist/FEMNIST/FedAVG__FEMNIST__Setup-10__Clients-10__Rounds-10__Delay-0_05__Partitioning-natural__Seed-61.txt
base_alpha_0.5/test8_femnist,FedAVG,61,1,0.161019198443,3.9183966344,1.23948317184,1.23948317184,1.23948317184,1.23948317184,results/main_campaign_default_alpha_0_5/FedAVG-results/test8_femnist/FEMNIST/FedAVG__FEMNIST__Setup-10__Clients-10__Rounds-10__Delay-0_05__Partitioning-natural__Seed-61.txt
base_alpha_0.5/test8_femnist,FedAVG,61,2,0.376802618774,2.98368274977,1.23948317184,2.47896634368,1.23948317184,2.47896634368,results/main_campaign_default_alpha_0_5/FedAVG-results/test8_femnist/FEMNIST/FedAVG__FEMNIST__Setup-10__Clients-10__Rounds-10__Delay-0_05__Partitioning-natural__Seed-61.txt
base_alpha_0.5/test8_femnist,FedAVG,61,3,0.465009289569,2.14537069585,1.23948317184,3.71844951552,1.23948317184,3.71844951552,results/main_campaign_default_alpha_0_5/FedAVG-results/test8_femnist/FEMNIST/FedAVG__FEMNIST__Setup-10__Clients-10__Rounds-10__Delay-0_05__Partitioning-natural__Seed-61.txt
base_alpha_0.5/test8_femnist,FedAVG,61,4,0.546934442183,1.74342121249,1.23948317184,4.95793268736,1.23948317184,4.95793268736,results/main_campaign_default_alpha_0_5/FedAVG-results/test8_femnist/FEMNIST/FedAVG__FEMNIST__Setup-10__Clients-10__Rounds-10__Delay-0_05__Partitioning-natural__Seed-61.txt
base_alpha_0.5/test8_femnist,FedAVG,61,5,0.588914447492,1.56052584649,1.23948317184,6.1974158592,1.23948317184,6.1974158592,results/main_campaign_default_alpha_0_5/FedAVG-results/test8_femnist/FEMNIST/FedAVG__FEMNIST__Setup-10__Clients-10__Rounds-10__Delay-0_05__Partitioning-natural__Seed-61.txt
base_alpha_0.5/test8_femnist,FedAVG,61,6,0.600990887375,1.46173809184,1.23948317184,7.43689903104,1.23948317184,7.43689903104,results/main_campaign_default_alpha_0_5/FedAVG-results/test8_femnist/FEMNIST/FedAVG__FEMNIST__Setup-10__Clients-10__Rounds-10__Delay-0_05__Partitioning-natural__Seed-61.txt
base_alpha_0.5/test8_femnist,FedAVG,61,7,0.608466778731,1.4365458511,1.23948317184,8.67638220288,1.23948317184,8.67638220288,results/main_campaign_default_alpha_0_5/FedAVG-results/test8_femnist/FEMNIST/FedAVG__FEMNIST__Setup-10__Clients-10__Rounds-10__Delay-0_05__Partitioning-natural__Seed-61.txt
base_alpha_0.5/test8_femnist,FedAVG,61,8,0.629788551712,1.33873309548,1.23948317184,9.91586537472,1.23948317184,9.91586537472,results/main_campaign_default_alpha_0_5/FedAVG-results/test8_femnist/FEMNIST/FedAVG__FEMNIST__Setup-10__Clients-10__Rounds-10__Delay-0_05__Partitioning-natural__Seed-61.txt
base_alpha_0.5/test8_femnist,FedAVG,61,9,0.642351588074,1.32109080658,1.23948317184,11.1553485466,1.23948317184,11.1553485466,results/main_campaign_default_alpha_0_5/FedAVG-results/test8_femnist/FEMNIST/FedAVG__FEMNIST__Setup-10__Clients-10__Rounds-10__Delay-0_05__Partitioning-natural__Seed-61.txt
base_alpha_0.5/test8_femnist,FedAVG,61,10,0.648146509776,1.31451385856,1.23948317184,12.3948317184,1.23948317184,12.3948317184,results/main_campaign_default_alpha_0_5/FedAVG-results/test8_femnist/FEMNIST/FedAVG__FEMNIST__Setup-10__Clients-10__Rounds-10__Delay-0_05__Partitioning-natural__Seed-61.txt
base_alpha_0.5/test8_femnist,FedAVG,62,0,0.0545704602387,4.13200360128,0,0,0,0,results/main_campaign_default_alpha_0_5/FedAVG-results/test8_femnist/FEMNIST/FedAVG__FEMNIST__Setup-10__Clients-10__Rounds-10__Delay-0_05__Partitioning-natural__Seed-62.txt
base_alpha_0.5/test8_femnist,FedAVG,62,1,0.177022447075,3.95388176041,1.23948317184,1.23948317184,1.23948317184,1.23948317184,results/main_campaign_default_alpha_0_5/FedAVG-results/test8_femnist/FEMNIST/FedAVG__FEMNIST__Setup-10__Clients-10__Rounds-10__Delay-0_05__Partitioning-natural__Seed-62.txt
base_alpha_0.5/test8_femnist,FedAVG,62,2,0.394469276487,3.01512413896,1.23948317184,2.47896634368,1.23948317184,2.47896634368,results/main_campaign_default_alpha_0_5/FedAVG-results/test8_femnist/FEMNIST/FedAVG__FEMNIST__Setup-10__Clients-10__Rounds-10__Delay-0_05__Partitioning-natural__Seed-62.txt
base_alpha_0.5/test8_femnist,FedAVG,62,3,0.500663097402,2.18681109832,1.23948317184,3.71844951552,1.23948317184,3.71844951552,results/main_campaign_default_alpha_0_5/FedAVG-results/test8_femnist/FEMNIST/FedAVG__FEMNIST__Setup-10__Clients-10__Rounds-10__Delay-0_05__Partitioning-natural__Seed-62.txt
base_alpha_0.5/test8_femnist,FedAVG,62,4,0.563583673068,1.80029611163,1.23948317184,4.95793268736,1.23948317184,4.95793268736,results/main_campaign_default_alpha_0_5/FedAVG-results/test8_femnist/FEMNIST/FedAVG__FEMNIST__Setup-10__Clients-10__Rounds-10__Delay-0_05__Partitioning-natural__Seed-62.txt
base_alpha_0.5/test8_femnist,FedAVG,62,5,0.584164251682,1.56765117993,1.23948317184,6.1974158592,1.23948317184,6.1974158592,results/main_campaign_default_alpha_0_5/FedAVG-results/test8_femnist/FEMNIST/FedAVG__FEMNIST__Setup-10__Clients-10__Rounds-10__Delay-0_05__Partitioning-natural__Seed-62.txt
base_alpha_0.5/test8_femnist,FedAVG,62,6,0.594086153544,1.48492679516,1.23948317184,7.43689903104,1.23948317184,7.43689903104,results/main_campaign_default_alpha_0_5/FedAVG-results/test8_femnist/FEMNIST/FedAVG__FEMNIST__Setup-10__Clients-10__Rounds-10__Delay-0_05__Partitioning-natural__Seed-62.txt
base_alpha_0.5/test8_femnist,FedAVG,62,7,0.617466476742,1.41798241048,1.23948317184,8.67638220288,1.23948317184,8.67638220288,results/main_campaign_default_alpha_0_5/FedAVG-results/test8_femnist/FEMNIST/FedAVG__FEMNIST__Setup-10__Clients-10__Rounds-10__Delay-0_05__Partitioning-natural__Seed-62.txt
base_alpha_0.5/test8_femnist,FedAVG,62,8,0.624293924063,1.37152710316,1.23948317184,9.91586537472,1.23948317184,9.91586537472,results/main_campaign_default_alpha_0_5/FedAVG-results/test8_femnist/FEMNIST/FedAVG__FEMNIST__Setup-10__Clients-10__Rounds-10__Delay-0_05__Partitioning-natural__Seed-62.txt
base_alpha_0.5/test8_femnist,FedAVG,62,9,0.637310280466,1.31003630713,1.23948317184,11.1553485466,1.23948317184,11.1553485466,results/main_campaign_default_alpha_0_5/FedAVG-results/test8_femnist/FEMNIST/FedAVG__FEMNIST__Setup-10__Clients-10__Rounds-10__Delay-0_05__Partitioning-natural__Seed-62.txt
base_alpha_0.5/test8_femnist,FedAVG,62,10,0.641632693158,1.31569679418,1.23948317184,12.3948317184,1.23948317184,12.3948317184,results/main_campaign_default_alpha_0_5/FedAVG-results/test8_femnist/FEMNIST/FedAVG__FEMNIST__Setup-10__Clients-10__Rounds-10__Delay-0_05__Partitioning-natural__Seed-62.txt
base_alpha_0.5/test8_femnist,FedAVG,63,0,0.0141311152849,4.13798147335,0,0,0,0,results/main_campaign_default_alpha_0_5/FedAVG-results/test8_femnist/FEMNIST/FedAVG__FEMNIST__Setup-10__Clients-10__Rounds-10__Delay-0_05__Partitioning-natural__Seed-63.txt
base_alpha_0.5/test8_femnist,FedAVG,63,1,0.130802253823,3.99306911783,1.23948317184,1.23948317184,1.23948317184,1.23948317184,results/main_campaign_default_alpha_0_5/FedAVG-results/test8_femnist/FEMNIST/FedAVG__FEMNIST__Setup-10__Clients-10__Rounds-10__Delay-0_05__Partitioning-natural__Seed-63.txt
base_alpha_0.5/test8_femnist,FedAVG,63,2,0.376084428942,3.08740512944,1.23948317184,2.47896634368,1.23948317184,2.47896634368,results/main_campaign_default_alpha_0_5/FedAVG-results/test8_femnist/FEMNIST/FedAVG__FEMNIST__Setup-10__Clients-10__Rounds-10__Delay-0_05__Partitioning-natural__Seed-63.txt
base_alpha_0.5/test8_femnist,FedAVG,63,3,0.469412396029,2.32420838198,1.23948317184,3.71844951552,1.23948317184,3.71844951552,results/main_campaign_default_alpha_0_5/FedAVG-results/test8_femnist/FEMNIST/FedAVG__FEMNIST__Setup-10__Clients-10__Rounds-10__Delay-0_05__Partitioning-natural__Seed-63.txt
base_alpha_0.5/test8_femnist,FedAVG,63,4,0.539307754226,1.84685291413,1.23948317184,4.95793268736,1.23948317184,4.95793268736,results/main_campaign_default_alpha_0_5/FedAVG-results/test8_femnist/FEMNIST/FedAVG__FEMNIST__Setup-10__Clients-10__Rounds-10__Delay-0_05__Partitioning-natural__Seed-63.txt
base_alpha_0.5/test8_femnist,FedAVG,63,5,0.580091226187,1.5909677342,1.23948317184,6.1974158592,1.23948317184,6.1974158592,results/main_campaign_default_alpha_0_5/FedAVG-results/test8_femnist/FEMNIST/FedAVG__FEMNIST__Setup-10__Clients-10__Rounds-10__Delay-0_05__Partitioning-natural__Seed-63.txt
base_alpha_0.5/test8_femnist,FedAVG,63,6,0.609426706019,1.43383458826,1.23948317184,7.43689903104,1.23948317184,7.43689903104,results/main_campaign_default_alpha_0_5/FedAVG-results/test8_femnist/FEMNIST/FedAVG__FEMNIST__Setup-10__Clients-10__Rounds-10__Delay-0_05__Partitioning-natural__Seed-63.txt
base_alpha_0.5/test8_femnist,FedAVG,63,7,0.62136660406,1.37190400414,1.23948317184,8.67638220288,1.23948317184,8.67638220288,results/main_campaign_default_alpha_0_5/FedAVG-results/test8_femnist/FEMNIST/FedAVG__FEMNIST__Setup-10__Clients-10__Rounds-10__Delay-0_05__Partitioning-natural__Seed-63.txt
base_alpha_0.5/test8_femnist,FedAVG,63,8,0.634916375995,1.36075901431,1.23948317184,9.91586537472,1.23948317184,9.91586537472,results/main_campaign_default_alpha_0_5/FedAVG-results/test8_femnist/FEMNIST/FedAVG__FEMNIST__Setup-10__Clients-10__Rounds-10__Delay-0_05__Partitioning-natural__Seed-63.txt
base_alpha_0.5/test8_femnist,FedAVG,63,9,0.648376710491,1.30740441412,1.23948317184,11.1553485466,1.23948317184,11.1553485466,results/main_campaign_default_alpha_0_5/FedAVG-results/test8_femnist/FEMNIST/FedAVG__FEMNIST__Setup-10__Clients-10__Rounds-10__Delay-0_05__Partitioning-natural__Seed-63.txt
base_alpha_0.5/test8_femnist,FedAVG,63,10,0.650523209015,1.30574207324,1.23948317184,12.3948317184,1.23948317184,12.3948317184,results/main_campaign_default_alpha_0_5/FedAVG-results/test8_femnist/FEMNIST/FedAVG__FEMNIST__Setup-10__Clients-10__Rounds-10__Delay-0_05__Partitioning-natural__Seed-63.txt
base_alpha_0.5/test8_femnist,FedAVG,64,0,0.0394189944134,4.12315496018,0,0,0,0,results/main_campaign_default_alpha_0_5/FedAVG-results/test8_femnist/FEMNIST/FedAVG__FEMNIST__Setup-10__Clients-10__Rounds-10__Delay-0_05__Partitioning-natural__Seed-64.txt
base_alpha_0.5/test8_femnist,FedAVG,64,1,0.109944134078,4.00112105457,1.23948317184,1.23948317184,1.23948317184,1.23948317184,results/main_campaign_default_alpha_0_5/FedAVG-results/test8_femnist/FEMNIST/FedAVG__FEMNIST__Setup-10__Clients-10__Rounds-10__Delay-0_05__Partitioning-natural__Seed-64.txt
base_alpha_0.5/test8_femnist,FedAVG,64,2,0.365988826816,3.17624497847,1.23948317184,2.47896634368,1.23948317184,2.47896634368,results/main_campaign_default_alpha_0_5/FedAVG-results/test8_femnist/FEMNIST/FedAVG__FEMNIST__Setup-10__Clients-10__Rounds-10__Delay-0_05__Partitioning-natural__Seed-64.txt
base_alpha_0.5/test8_femnist,FedAVG,64,3,0.482145251397,2.2465626001,1.23948317184,3.71844951552,1.23948317184,3.71844951552,results/main_campaign_default_alpha_0_5/FedAVG-results/test8_femnist/FEMNIST/FedAVG__FEMNIST__Setup-10__Clients-10__Rounds-10__Delay-0_05__Partitioning-natural__Seed-64.txt
base_alpha_0.5/test8_femnist,FedAVG,64,4,0.544849162011,1.81987661621,1.23948317184,4.95793268736,1.23948317184,4.95793268736,results/main_campaign_default_alpha_0_5/FedAVG-results/test8_femnist/FEMNIST/FedAVG__FEMNIST__Setup-10__Clients-10__Rounds-10__Delay-0_05__Partitioning-natural__Seed-64.txt
base_alpha_0.5/test8_femnist,FedAVG,64,5,0.580737430168,1.57665916433,1.23948317184,6.1974158592,1.23948317184,6.1974158592,results/main_campaign_default_alpha_0_5/FedAVG-results/test8_femnist/FEMNIST/FedAVG__FEMNIST__Setup-10__Clients-10__Rounds-10__Delay-0_05__Partitioning-natural__Seed-64.txt
base_alpha_0.5/test8_femnist,FedAVG,64,6,0.606837988827,1.46193343087,1.23948317184,7.43689903104,1.23948317184,7.43689903104,results/main_campaign_default_alpha_0_5/FedAVG-results/test8_femnist/FEMNIST/FedAVG__FEMNIST__Setup-10__Clients-10__Rounds-10__Delay-0_05__Partitioning-natural__Seed-64.txt
base_alpha_0.5/test8_femnist,FedAVG,64,7,0.630972067039,1.36322663275,1.23948317184,8.67638220288,1.23948317184,8.67638220288,results/main_campaign_default_alpha_0_5/FedAVG-results/test8_femnist/FEMNIST/FedAVG__FEMNIST__Setup-10__Clients-10__Rounds-10__Delay-0_05__Partitioning-natural__Seed-64.txt
base_alpha_0.5/test8_femnist,FedAVG,64,8,0.646972067039,1.29674640758,1.23948317184,9.91586537472,1.23948317184,9.91586537472,results/main_campaign_default_alpha_0_5/FedAVG-results/test8_femnist/FEMNIST/FedAVG__FEMNIST__Setup-10__Clients-10__Rounds-10__Delay-0_05__Partitioning-natural__Seed-64.txt
base_alpha_0.5/test8_femnist,FedAVG,64,9,0.662659217877,1.23705664946,1.23948317184,11.1553485466,1.23948317184,11.1553485466,results/main_campaign_default_alpha_0_5/FedAVG-results/test8_femnist/FEMNIST/FedAVG__FEMNIST__Setup-10__Clients-10__Rounds-10__Delay-0_05__Partitioning-natural__Seed-64.txt
base_alpha_0.5/test8_femnist,FedAVG,64,10,0.668469273743,1.21517791231,1.23948317184,12.3948317184,1.23948317184,12.3948317184,results/main_campaign_default_alpha_0_5/FedAVG-results/test8_femnist/FEMNIST/FedAVG__FEMNIST__Setup-10__Clients-10__Rounds-10__Delay-0_05__Partitioning-natural__Seed-64.txt
base_alpha_0.5/test8_femnist,FedAVG,65,0,0.00427297241236,4.12721926419,0,0,0,0,results/main_campaign_default_alpha_0_5/FedAVG-results/test8_femnist/FEMNIST/FedAVG__FEMNIST__Setup-10__Clients-10__Rounds-10__Delay-0_05__Partitioning-natural__Seed-65.txt
base_alpha_0.5/test8_femnist,FedAVG,65,1,0.112673719145,3.96143267922,1.23948317184,1.23948317184,1.23948317184,1.23948317184,results/main_campaign_default_alpha_0_5/FedAVG-results/test8_femnist/FEMNIST/FedAVG__FEMNIST__Setup-10__Clients-10__Rounds-10__Delay-0_05__Partitioning-natural__Seed-65.txt
base_alpha_0.5/test8_femnist,FedAVG,65,2,0.337191454055,3.28806139319,1.23948317184,2.47896634368,1.23948317184,2.47896634368,results/main_campaign_default_alpha_0_5/FedAVG-results/test8_femnist/FEMNIST/FedAVG__FEMNIST__Setup-10__Clients-10__Rounds-10__Delay-0_05__Partitioning-natural__Seed-65.txt
base_alpha_0.5/test8_femnist,FedAVG,65,3,0.463181912466,2.3371638027,1.23948317184,3.71844951552,1.23948317184,3.71844951552,results/main_campaign_default_alpha_0_5/FedAVG-results/test8_femnist/FEMNIST/FedAVG__FEMNIST__Setup-10__Clients-10__Rounds-10__Delay-0_05__Partitioning-natural__Seed-65.txt
base_alpha_0.5/test8_femnist,FedAVG,65,4,0.540593237917,1.84987304646,1.23948317184,4.95793268736,1.23948317184,4.95793268736,results/main_campaign_default_alpha_0_5/FedAVG-results/test8_femnist/FEMNIST/FedAVG__FEMNIST__Setup-10__Clients-10__Rounds-10__Delay-0_05__Partitioning-natural__Seed-65.txt
base_alpha_0.5/test8_femnist,FedAVG,65,5,0.587595934453,1.57571114439,1.23948317184,6.1974158592,1.23948317184,6.1974158592,results/main_campaign_default_alpha_0_5/FedAVG-results/test8_femnist/FEMNIST/FedAVG__FEMNIST__Setup-10__Clients-10__Rounds-10__Delay-0_05__Partitioning-natural__Seed-65.txt
base_alpha_0.5/test8_femnist,FedAVG,65,6,0.601783862269,1.45528126827,1.23948317184,7.43689903104,1.23948317184,7.43689903104,results/main_campaign_default_alpha_0_5/FedAVG-results/test8_femnist/FEMNIST/FedAVG__FEMNIST__Setup-10__Clients-10__Rounds-10__Delay-0_05__Partitioning-natural__Seed-65.txt
base_alpha_0.5/test8_femnist,FedAVG,65,7,0.628624766646,1.35952140629,1.23948317184,8.67638220288,1.23948317184,8.67638220288,results/main_campaign_default_alpha_0_5/FedAVG-results/test8_femnist/FEMNIST/FedAVG__FEMNIST__Setup-10__Clients-10__Rounds-10__Delay-0_05__Partitioning-natural__Seed-65.txt
base_alpha_0.5/test8_femnist,FedAVG,65,8,0.638290811035,1.30199440611,1.23948317184,9.91586537472,1.23948317184,9.91586537472,results/main_campaign_default_alpha_0_5/FedAVG-results/test8_femnist/FEMNIST/FedAVG__FEMNIST__Setup-10__Clients-10__Rounds-10__Delay-0_05__Partitioning-natural__Seed-65.txt
base_alpha_0.5/test8_femnist,FedAVG,65,9,0.650280024891,1.26633931603,1.23948317184,11.1553485466,1.23948317184,11.1553485466,results/main_campaign_default_alpha_0_5/FedAVG-results/test8_femnist/FEMNIST/FedAVG__FEMNIST__Setup-10__Clients-10__Rounds-10__Delay-0_05__Partitioning-natural__Seed-65.txt
base_alpha_0.5/test8_femnist,FedAVG,65,10,0.66650072599,1.21415919407,1.23948317184,12.3948317184,1.23948317184,12.3948317184,results/main_campaign_default_alpha_0_5/FedAVG-results/test8_femnist/FEMNIST/FedAVG__FEMNIST__Setup-10__Clients-10__Rounds-10__Delay-0_05__Partitioning-natural__Seed-65.txt
base_alpha_0.5/test8_femnist,FedAVG,66,0,0.0145842097882,4.12977243672,0,0,0,0,results/main_campaign_default_alpha_0_5/FedAVG-results/test8_femnist/FEMNIST/FedAVG__FEMNIST__Setup-10__Clients-10__Rounds-10__Delay-0_05__Partitioning-natural__Seed-66.txt
base_alpha_0.5/test8_femnist,FedAVG,66,1,0.0809143177675,3.95405140884,1.23948317184,1.23948317184,1.23948317184,1.23948317184,results/main_campaign_default_alpha_0_5/FedAVG-results/test8_femnist/FEMNIST/FedAVG__FEMNIST__Setup-10__Clients-10__Rounds-10__Delay-0_05__Partitioning-natural__Seed-66.txt
base_alpha_0.5/test8_femnist,FedAVG,66,2,0.408685083906,2.96857910455,1.23948317184,2.47896634368,1.23948317184,2.47896634368,results/main_campaign_default_alpha_0_5/FedAVG-results/test8_femnist/FEMNIST/FedAVG__FEMNIST__Setup-10__Clients-10__Rounds-10__Delay-0_05__Partitioning-natural__Seed-66.txt
base_alpha_0.5/test8_femnist,FedAVG,66,3,0.502033375403,2.17087724327,1.23948317184,3.71844951552,1.23948317184,3.71844951552,results/main_campaign_default_alpha_0_5/FedAVG-results/test8_femnist/FEMNIST/FedAVG__FEMNIST__Setup-10__Clients-10__Rounds-10__Delay-0_05__Partitioning-natural__Seed-66.txt
base_alpha_0.5/test8_femnist,FedAVG,66,4,0.565932781751,1.7678310058,1.23948317184,4.95793268736,1.23948317184,4.95793268736,results/main_campaign_default_alpha_0_5/FedAVG-results/test8_femnist/FEMNIST/FedAVG__FEMNIST__Setup-10__Clients-10__Rounds-10__Delay-0_05__Partitioning-natural__Seed-66.txt
base_alpha_0.5/test8_femnist,FedAVG,66,5,0.575562099752,1.59108953492,1.23948317184,6.1974158592,1.23948317184,6.1974158592,results/main_campaign_default_alpha_0_5/FedAVG-results/test8_femnist/FEMNIST/FedAVG__FEMNIST__Setup-10__Clients-10__Rounds-10__Delay-0_05__Partitioning-natural__Seed-66.txt
base_alpha_0.5/test8_femnist,FedAVG,66,6,0.61566867667,1.45744246131,1.23948317184,7.43689903104,1.23948317184,7.43689903104,results/main_campaign_default_alpha_0_5/FedAVG-results/test8_femnist/FEMNIST/FedAVG__FEMNIST__Setup-10__Clients-10__Rounds-10__Delay-0_05__Partitioning-natural__Seed-66.txt
base_alpha_0.5/test8_femnist,FedAVG,66,7,0.630206142196,1.3545363149,1.23948317184,8.67638220288,1.23948317184,8.67638220288,results/main_campaign_default_alpha_0_5/FedAVG-results/test8_femnist/FEMNIST/FedAVG__FEMNIST__Setup-10__Clients-10__Rounds-10__Delay-0_05__Partitioning-natural__Seed-66.txt
base_alpha_0.5/test8_femnist,FedAVG,66,8,0.638760342168,1.30228974068,1.23948317184,9.91586537472,1.23948317184,9.91586537472,results/main_campaign_default_alpha_0_5/FedAVG-results/test8_femnist/FEMNIST/FedAVG__FEMNIST__Setup-10__Clients-10__Rounds-10__Delay-0_05__Partitioning-natural__Seed-66.txt
base_alpha_0.5/test8_femnist,FedAVG,66,9,0.655261066704,1.25945369703,1.23948317184,11.1553485466,1.23948317184,11.1553485466,results/main_campaign_default_alpha_0_5/FedAVG-results/test8_femnist/FEMNIST/FedAVG__FEMNIST__Setup-10__Clients-10__Rounds-10__Delay-0_05__Partitioning-natural__Seed-66.txt
base_alpha_0.5/test8_femnist,FedAVG,66,10,0.661758519142,1.24789611293,1.23948317184,12.3948317184,1.23948317184,12.3948317184,results/main_campaign_default_alpha_0_5/FedAVG-results/test8_femnist/FEMNIST/FedAVG__FEMNIST__Setup-10__Clients-10__Rounds-10__Delay-0_05__Partitioning-natural__Seed-66.txt
base_alpha_0.5/test8_femnist,FedAVG,67,0,0.0421167247387,4.12277372606,0,0,0,0,results/main_campaign_default_alpha_0_5/FedAVG-results/test8_femnist/FEMNIST/FedAVG__FEMNIST__Setup-10__Clients-10__Rounds-10__Delay-0_05__Partitioning-natural__Seed-67.txt
base_alpha_0.5/test8_femnist,FedAVG,67,1,0.138153310105,3.89615495928,1.23948317184,1.23948317184,1.23948317184,1.23948317184,results/main_campaign_default_alpha_0_5/FedAVG-results/test8_femnist/FEMNIST/FedAVG__FEMNIST__Setup-10__Clients-10__Rounds-10__Delay-0_05__Partitioning-natural__Seed-67.txt
base_alpha_0.5/test8_femnist,FedAVG,67,2,0.363632404181,2.97151837515,1.23948317184,2.47896634368,1.23948317184,2.47896634368,results/main_campaign_default_alpha_0_5/FedAVG-results/test8_femnist/FEMNIST/FedAVG__FEMNIST__Setup-10__Clients-10__Rounds-10__Delay-0_05__Partitioning-natural__Seed-67.txt
base_alpha_0.5/test8_femnist,FedAVG,67,3,0.497996515679,2.19635259133,1.23948317184,3.71844951552,1.23948317184,3.71844951552,results/main_campaign_default_alpha_0_5/FedAVG-results/test8_femnist/FEMNIST/FedAVG__FEMNIST__Setup-10__Clients-10__Rounds-10__Delay-0_05__Partitioning-natural__Seed-67.txt
base_alpha_0.5/test8_femnist,FedAVG,67,4,0.545862369338,1.81470072411,1.23948317184,4.95793268736,1.23948317184,4.95793268736,results/main_campaign_default_alpha_0_5/FedAVG-results/test8_femnist/FEMNIST/FedAVG__FEMNIST__Setup-10__Clients-10__Rounds-10__Delay-0_05__Partitioning-natural__Seed-67.txt
base_alpha_0.5/test8_femnist,FedAVG,67,5,0.574738675958,1.6392482741,1.23948317184,6.1974158592,1.23948317184,6.1974158592,results/main_campaign_default_alpha_0_5/FedAVG-results/test8_femnist/FEMNIST/FedAVG__FEMNIST__Setup-10__Clients-10__Rounds-10__Delay-0_05__Partitioning-natural__Seed-67.txt
base_alpha_0.5/test8_femnist,FedAVG,67,6,0.599869337979,1.53001448169,1.23948317184,7.43689903104,1.23948317184,7.43689903104,results/main_campaign_default_alpha_0_5/FedAVG-results/test8_femnist/FEMNIST/FedAVG__FEMNIST__Setup-10__Clients-10__Rounds-10__Delay-0_05__Partitioning-natural__Seed-67.txt
base_alpha_0.5/test8_femnist,FedAVG,67,7,0.616289198606,1.44733097711,1.23948317184,8.67638220288,1.23948317184,8.67638220288,results/main_campaign_default_alpha_0_5/FedAVG-results/test8_femnist/FEMNIST/FedAVG__FEMNIST__Setup-10__Clients-10__Rounds-10__Delay-0_05__Partitioning-natural__Seed-67.txt
base_alpha_0.5/test8_femnist,FedAVG,67,8,0.629834494774,1.37490485134,1.23948317184,9.91586537472,1.23948317184,9.91586537472,results/main_campaign_default_alpha_0_5/FedAVG-results/test8_femnist/FEMNIST/FedAVG__FEMNIST__Setup-10__Clients-10__Rounds-10__Delay-0_05__Partitioning-natural__Seed-67.txt
base_alpha_0.5/test8_femnist,FedAVG,67,9,0.641986062718,1.34699511756,1.23948317184,11.1553485466,1.23948317184,11.1553485466,results/main_campaign_default_alpha_0_5/FedAVG-results/test8_femnist/FEMNIST/FedAVG__FEMNIST__Setup-10__Clients-10__Rounds-10__Delay-0_05__Partitioning-natural__Seed-67.txt
base_alpha_0.5/test8_femnist,FedAVG,67,10,0.657534843206,1.27833434586,1.23948317184,12.3948317184,1.23948317184,12.3948317184,results/main_campaign_default_alpha_0_5/FedAVG-results/test8_femnist/FEMNIST/FedAVG__FEMNIST__Setup-10__Clients-10__Rounds-10__Delay-0_05__Partitioning-natural__Seed-67.txt
base_alpha_0.5/test8_femnist,FedAVG,68,0,0.00522828683463,4.11948695918,0,0,0,0,results/main_campaign_default_alpha_0_5/FedAVG-results/test8_femnist/FEMNIST/FedAVG__FEMNIST__Setup-10__Clients-10__Rounds-10__Delay-0_05__Partitioning-natural__Seed-68.txt
base_alpha_0.5/test8_femnist,FedAVG,68,1,0.104791093884,3.9551276654,1.23948317184,1.23948317184,1.23948317184,1.23948317184,results/main_campaign_default_alpha_0_5/FedAVG-results/test8_femnist/FEMNIST/FedAVG__FEMNIST__Setup-10__Clients-10__Rounds-10__Delay-0_05__Partitioning-natural__Seed-68.txt
base_alpha_0.5/test8_femnist,FedAVG,68,2,0.358903862622,3.00538607213,1.23948317184,2.47896634368,1.23948317184,2.47896634368,results/main_campaign_default_alpha_0_5/FedAVG-results/test8_femnist/FEMNIST/FedAVG__FEMNIST__Setup-10__Clients-10__Rounds-10__Delay-0_05__Partitioning-natural__Seed-68.txt
base_alpha_0.5/test8_femnist,FedAVG,68,3,0.47149231532,2.18983461119,1.23948317184,3.71844951552,1.23948317184,3.71844951552,results/main_campaign_default_alpha_0_5/FedAVG-results/test8_femnist/FEMNIST/FedAVG__FEMNIST__Setup-10__Clients-10__Rounds-10__Delay-0_05__Partitioning-natural__Seed-68.txt
base_alpha_0.5/test8_femnist,FedAVG,68,4,0.557804119529,1.78077187941,1.23948317184,4.95793268736,1.23948317184,4.95793268736,results/main_campaign_default_alpha_0_5/FedAVG-results/test8_femnist/FEMNIST/FedAVG__FEMNIST__Setup-10__Clients-10__Rounds-10__Delay-0_05__Partitioning-natural__Seed-68.txt
base_alpha_0.5/test8_femnist,FedAVG,68,5,0.578131338171,1.60551611512,1.23948317184,6.1974158592,1.23948317184,6.1974158592,results/main_campaign_default_alpha_0_5/FedAVG-results/test8_femnist/FEMNIST/FedAVG__FEMNIST__Setup-10__Clients-10__Rounds-10__Delay-0_05__Partitioning-natural__Seed-68.txt
base_alpha_0.5/test8_femnist,FedAVG,68,6,0.611619416776,1.45441604858,1.23948317184,7.43689903104,1.23948317184,7.43689903104,results/main_campaign_default_alpha_0_5/FedAVG-results/test8_femnist/FEMNIST/FedAVG__FEMNIST__Setup-10__Clients-10__Rounds-10__Delay-0_05__Partitioning-natural__Seed-68.txt
base_alpha_0.5/test8_femnist,FedAVG,68,7,0.627484563032,1.38110659072,1.23948317184,8.67638220288,1.23948317184,8.67638220288,results/main_campaign_default_alpha_0_5/FedAVG-results/test8_femnist/FEMNIST/FedAVG__FEMNIST__Setup-10__Clients-10__Rounds-10__Delay-0_05__Partitioning-natural__Seed-68.txt
base_alpha_0.5/test8_femnist,FedAVG,68,8,0.628656420426,1.36117253295,1.23948317184,9.91586537472,1.23948317184,9.91586537472,results/main_campaign_default_alpha_0_5/FedAVG-results/test8_femnist/FEMNIST/FedAVG__FEMNIST__Setup-10__Clients-10__Rounds-10__Delay-0_05__Partitioning-natural__Seed-68.txt
base_alpha_0.5/test8_femnist,FedAVG,68,9,0.638031279578,1.31363220364,1.23948317184,11.1553485466,1.23948317184,11.1553485466,results/main_campaign_default_alpha_0_5/FedAVG-results/test8_femnist/FEMNIST/FedAVG__FEMNIST__Setup-10__Clients-10__Rounds-10__Delay-0_05__Partitioning-natural__Seed-68.txt
base_alpha_0.5/test8_femnist,FedAVG,68,10,0.651868211115,1.26785363269,1.23948317184,12.3948317184,1.23948317184,12.3948317184,results/main_campaign_default_alpha_0_5/FedAVG-results/test8_femnist/FEMNIST/FedAVG__FEMNIST__Setup-10__Clients-10__Rounds-10__Delay-0_05__Partitioning-natural__Seed-68.txt
base_alpha_0.5/test8_femnist,FedAVG,69,0,0.011529011529,4.13916950995,0,0,0,0,results/main_campaign_default_alpha_0_5/FedAVG-results/test8_femnist/FEMNIST/FedAVG__FEMNIST__Setup-10__Clients-10__Rounds-10__Delay-0_05__Partitioning-natural__Seed-69.txt
base_alpha_0.5/test8_femnist,FedAVG,69,1,0.106123606124,3.8961836705,1.23948317184,1.23948317184,1.23948317184,1.23948317184,results/main_campaign_default_alpha_0_5/FedAVG-results/test8_femnist/FEMNIST/FedAVG__FEMNIST__Setup-10__Clients-10__Rounds-10__Delay-0_05__Partitioning-natural__Seed-69.txt
base_alpha_0.5/test8_femnist,FedAVG,69,2,0.400018900019,2.81177489781,1.23948317184,2.47896634368,1.23948317184,2.47896634368,results/main_campaign_default_alpha_0_5/FedAVG-results/test8_femnist/FEMNIST/FedAVG__FEMNIST__Setup-10__Clients-10__Rounds-10__Delay-0_05__Partitioning-natural__Seed-69.txt
base_alpha_0.5/test8_femnist,FedAVG,69,3,0.501701001701,2.15820170992,1.23948317184,3.71844951552,1.23948317184,3.71844951552,results/main_campaign_default_alpha_0_5/FedAVG-results/test8_femnist/FEMNIST/FedAVG__FEMNIST__Setup-10__Clients-10__Rounds-10__Delay-0_05__Partitioning-natural__Seed-69.txt
base_alpha_0.5/test8_femnist,FedAVG,69,4,0.544037044037,1.83641594043,1.23948317184,4.95793268736,1.23948317184,4.95793268736,results/main_campaign_default_alpha_0_5/FedAVG-results/test8_femnist/FEMNIST/FedAVG__FEMNIST__Setup-10__Clients-10__Rounds-10__Delay-0_05__Partitioning-natural__Seed-69.txt
base_alpha_0.5/test8_femnist,FedAVG,69,5,0.567236817237,1.6656273715,1.23948317184,6.1974158592,1.23948317184,6.1974158592,results/main_campaign_default_alpha_0_5/FedAVG-results/test8_femnist/FEMNIST/FedAVG__FEMNIST__Setup-10__Clients-10__Rounds-10__Delay-0_05__Partitioning-natural__Seed-69.txt
base_alpha_0.5/test8_femnist,FedAVG,69,6,0.600784350784,1.51129327188,1.23948317184,7.43689903104,1.23948317184,7.43689903104,results/main_campaign_default_alpha_0_5/FedAVG-results/test8_femnist/FEMNIST/FedAVG__FEMNIST__Setup-10__Clients-10__Rounds-10__Delay-0_05__Partitioning-natural__Seed-69.txt
base_alpha_0.5/test8_femnist,FedAVG,69,7,0.611982611983,1.44319888845,1.23948317184,8.67638220288,1.23948317184,8.67638220288,results/main_campaign_default_alpha_0_5/FedAVG-results/test8_femnist/FEMNIST/FedAVG__FEMNIST__Setup-10__Clients-10__Rounds-10__Delay-0_05__Partitioning-natural__Seed-69.txt
base_alpha_0.5/test8_femnist,FedAVG,69,8,0.623511623512,1.4112218704,1.23948317184,9.91586537472,1.23948317184,9.91586537472,results/main_campaign_default_alpha_0_5/FedAVG-results/test8_femnist/FEMNIST/FedAVG__FEMNIST__Setup-10__Clients-10__Rounds-10__Delay-0_05__Partitioning-natural__Seed-69.txt
base_alpha_0.5/test8_femnist,FedAVG,69,9,0.642364392364,1.36231803448,1.23948317184,11.1553485466,1.23948317184,11.1553485466,results/main_campaign_default_alpha_0_5/FedAVG-results/test8_femnist/FEMNIST/FedAVG__FEMNIST__Setup-10__Clients-10__Rounds-10__Delay-0_05__Partitioning-natural__Seed-69.txt
base_alpha_0.5/test8_femnist,FedAVG,69,10,0.648743148743,1.33665311448,1.23948317184,12.3948317184,1.23948317184,12.3948317184,results/main_campaign_default_alpha_0_5/FedAVG-results/test8_femnist/FEMNIST/FedAVG__FEMNIST__Setup-10__Clients-10__Rounds-10__Delay-0_05__Partitioning-natural__Seed-69.txt
base_alpha_0.5/test8_femnist,FedAVG,70,0,0.0493085566119,4.12875169047,0,0,0,0,results/main_campaign_default_alpha_0_5/FedAVG-results/test8_femnist/FEMNIST/FedAVG__FEMNIST__Setup-10__Clients-10__Rounds-10__Delay-0_05__Partitioning-natural__Seed-70.txt
base_alpha_0.5/test8_femnist,FedAVG,70,1,0.129083837511,3.99148093498,1.23948317184,1.23948317184,1.23948317184,1.23948317184,results/main_campaign_default_alpha_0_5/FedAVG-results/test8_femnist/FEMNIST/FedAVG__FEMNIST__Setup-10__Clients-10__Rounds-10__Delay-0_05__Partitioning-natural__Seed-70.txt
base_alpha_0.5/test8_femnist,FedAVG,70,2,0.32290406223,3.20801345661,1.23948317184,2.47896634368,1.23948317184,2.47896634368,results/main_campaign_default_alpha_0_5/FedAVG-results/test8_femnist/FEMNIST/FedAVG__FEMNIST__Setup-10__Clients-10__Rounds-10__Delay-0_05__Partitioning-natural__Seed-70.txt
base_alpha_0.5/test8_femnist,FedAVG,70,3,0.487251512532,2.23579058903,1.23948317184,3.71844951552,1.23948317184,3.71844951552,results/main_campaign_default_alpha_0_5/FedAVG-results/test8_femnist/FEMNIST/FedAVG__FEMNIST__Setup-10__Clients-10__Rounds-10__Delay-0_05__Partitioning-natural__Seed-70.txt
base_alpha_0.5/test8_femnist,FedAVG,70,4,0.562878133103,1.74975696731,1.23948317184,4.95793268736,1.23948317184,4.95793268736,results/main_campaign_default_alpha_0_5/FedAVG-results/test8_femnist/FEMNIST/FedAVG__FEMNIST__Setup-10__Clients-10__Rounds-10__Delay-0_05__Partitioning-natural__Seed-70.txt
base_alpha_0.5/test8_femnist,FedAVG,70,5,0.588807260156,1.53549824457,1.23948317184,6.1974158592,1.23948317184,6.1974158592,results/main_campaign_default_alpha_0_5/FedAVG-results/test8_femnist/FEMNIST/FedAVG__FEMNIST__Setup-10__Clients-10__Rounds-10__Delay-0_05__Partitioning-natural__Seed-70.txt
base_alpha_0.5/test8_femnist,FedAVG,70,6,0.614952463267,1.40723081847,1.23948317184,7.43689903104,1.23948317184,7.43689903104,results/main_campaign_default_alpha_0_5/FedAVG-results/test8_femnist/FEMNIST/FedAVG__FEMNIST__Setup-10__Clients-10__Rounds-10__Delay-0_05__Partitioning-natural__Seed-70.txt
base_alpha_0.5/test8_femnist,FedAVG,70,7,0.627355229041,1.32796610098,1.23948317184,8.67638220288,1.23948317184,8.67638220288,results/main_campaign_default_alpha_0_5/FedAVG-results/test8_femnist/FEMNIST/FedAVG__FEMNIST__Setup-10__Clients-10__Rounds-10__Delay-0_05__Partitioning-natural__Seed-70.txt
base_alpha_0.5/test8_femnist,FedAVG,70,8,0.63841832325,1.29797002204,1.23948317184,9.91586537472,1.23948317184,9.91586537472,results/main_campaign_default_alpha_0_5/FedAVG-results/test8_femnist/FEMNIST/FedAVG__FEMNIST__Setup-10__Clients-10__Rounds-10__Delay-0_05__Partitioning-natural__Seed-70.txt
base_alpha_0.5/test8_femnist,FedAVG,70,9,0.647018150389,1.28300527389,1.23948317184,11.1553485466,1.23948317184,11.1553485466,results/main_campaign_default_alpha_0_5/FedAVG-results/test8_femnist/FEMNIST/FedAVG__FEMNIST__Setup-10__Clients-10__Rounds-10__Delay-0_05__Partitioning-natural__Seed-70.txt
base_alpha_0.5/test8_femnist,FedAVG,70,10,0.653327571305,1.25933663235,1.23948317184,12.3948317184,1.23948317184,12.3948317184,results/main_campaign_default_alpha_0_5/FedAVG-results/test8_femnist/FEMNIST/FedAVG__FEMNIST__Setup-10__Clients-10__Rounds-10__Delay-0_05__Partitioning-natural__Seed-70.txt
base_alpha_0.5/test8_femnist,FedAVG,71,0,0.0125641248587,4.12522475971,0,0,0,0,results/main_campaign_default_alpha_0_5/FedAVG-results/test8_femnist/FEMNIST/FedAVG__FEMNIST__Setup-10__Clients-10__Rounds-10__Delay-0_05__Partitioning-natural__Seed-71.txt
base_alpha_0.5/test8_femnist,FedAVG,71,1,0.141900704287,3.9772688504,1.23948317184,1.23948317184,1.23948317184,1.23948317184,results/main_campaign_default_alpha_0_5/FedAVG-results/test8_femnist/FEMNIST/FedAVG__FEMNIST__Setup-10__Clients-10__Rounds-10__Delay-0_05__Partitioning-natural__Seed-71.txt
base_alpha_0.5/test8_femnist,FedAVG,71,2,0.292496304669,3.19339148396,1.23948317184,2.47896634368,1.23948317184,2.47896634368,results/main_campaign_default_alpha_0_5/FedAVG-results/test8_femnist/FEMNIST/FedAVG__FEMNIST__Setup-10__Clients-10__Rounds-10__Delay-0_05__Partitioning-natural__Seed-71.txt
base_alpha_0.5/test8_femnist,FedAVG,71,3,0.482218937484,2.31723101078,1.23948317184,3.71844951552,1.23948317184,3.71844951552,results/main_campaign_default_alpha_0_5/FedAVG-results/test8_femnist/FEMNIST/FedAVG__FEMNIST__Setup-10__Clients-10__Rounds-10__Delay-0_05__Partitioning-natural__Seed-71.txt
base_alpha_0.5/test8_femnist,FedAVG,71,4,0.554603947483,1.88330019628,1.23948317184,4.95793268736,1.23948317184,4.95793268736,results/main_campaign_default_alpha_0_5/FedAVG-results/test8_femnist/FEMNIST/FedAVG__FEMNIST__Setup-10__Clients-10__Rounds-10__Delay-0_05__Partitioning-natural__Seed-71.txt
base_alpha_0.5/test8_femnist,FedAVG,71,5,0.584297017651,1.61339495475,1.23948317184,6.1974158592,1.23948317184,6.1974158592,results/main_campaign_default_alpha_0_5/FedAVG-results/test8_femnist/FEMNIST/FedAVG__FEMNIST__Setup-10__Clients-10__Rounds-10__Delay-0_05__Partitioning-natural__Seed-71.txt
base_alpha_0.5/test8_femnist,FedAVG,71,6,0.599339187897,1.50728477106,1.23948317184,7.43689903104,1.23948317184,7.43689903104,results/main_campaign_default_alpha_0_5/FedAVG-results/test8_femnist/FEMNIST/FedAVG__FEMNIST__Setup-10__Clients-10__Rounds-10__Delay-0_05__Partitioning-natural__Seed-71.txt
base_alpha_0.5/test8_femnist,FedAVG,71,7,0.619946091644,1.42371805978,1.23948317184,8.67638220288,1.23948317184,8.67638220288,results/main_campaign_default_alpha_0_5/FedAVG-results/test8_femnist/FEMNIST/FedAVG__FEMNIST__Setup-10__Clients-10__Rounds-10__Delay-0_05__Partitioning-natural__Seed-71.txt
base_alpha_0.5/test8_femnist,FedAVG,71,8,0.631075558647,1.3471209274,1.23948317184,9.91586537472,1.23948317184,9.91586537472,results/main_campaign_default_alpha_0_5/FedAVG-results/test8_femnist/FEMNIST/FedAVG__FEMNIST__Setup-10__Clients-10__Rounds-10__Delay-0_05__Partitioning-natural__Seed-71.txt
base_alpha_0.5/test8_femnist,FedAVG,71,9,0.639900878185,1.31808198347,1.23948317184,11.1553485466,1.23948317184,11.1553485466,results/main_campaign_default_alpha_0_5/FedAVG-results/test8_femnist/FEMNIST/FedAVG__FEMNIST__Setup-10__Clients-10__Rounds-10__Delay-0_05__Partitioning-natural__Seed-71.txt
base_alpha_0.5/test8_femnist,FedAVG,71,10,0.650899921746,1.29954999209,1.23948317184,12.3948317184,1.23948317184,12.3948317184,results/main_campaign_default_alpha_0_5/FedAVG-results/test8_femnist/FEMNIST/FedAVG__FEMNIST__Setup-10__Clients-10__Rounds-10__Delay-0_05__Partitioning-natural__Seed-71.txt
base_alpha_0.5/test8_femnist,FedAvgM,42,0,0.051064222725,4.11394862729,0,0,0,0,results/main_campaign_default_alpha_0_5/FedAvgM-results/test8_femnist/FEMNIST/FedAvgM__FEMNIST__Setup-10__Clients-10__Rounds-10__Delay-0_05__Partitioning-natural__Seed-42.txt
base_alpha_0.5/test8_femnist,FedAvgM,42,1,0.186527540514,3.91537453886,1.23948317184,1.23948317184,1.23948317184,1.23948317184,results/main_campaign_default_alpha_0_5/FedAvgM-results/test8_femnist/FEMNIST/FedAvgM__FEMNIST__Setup-10__Clients-10__Rounds-10__Delay-0_05__Partitioning-natural__Seed-42.txt
base_alpha_0.5/test8_femnist,FedAvgM,42,2,0.332009788079,2.85256194914,1.23948317184,2.47896634368,1.23948317184,2.47896634368,results/main_campaign_default_alpha_0_5/FedAvgM-results/test8_femnist/FEMNIST/FedAvgM__FEMNIST__Setup-10__Clients-10__Rounds-10__Delay-0_05__Partitioning-natural__Seed-42.txt
base_alpha_0.5/test8_femnist,FedAvgM,42,3,0.356387644859,5.69300528927,1.23948317184,3.71844951552,1.23948317184,3.71844951552,results/main_campaign_default_alpha_0_5/FedAvgM-results/test8_femnist/FEMNIST/FedAvgM__FEMNIST__Setup-10__Clients-10__Rounds-10__Delay-0_05__Partitioning-natural__Seed-42.txt
base_alpha_0.5/test8_femnist,FedAvgM,42,4,0.40011080844,3.80304427533,1.23948317184,4.95793268736,1.23948317184,4.95793268736,results/main_campaign_default_alpha_0_5/FedAvgM-results/test8_femnist/FEMNIST/FedAvgM__FEMNIST__Setup-10__Clients-10__Rounds-10__Delay-0_05__Partitioning-natural__Seed-42.txt
base_alpha_0.5/test8_femnist,FedAvgM,42,5,0.46470289487,2.59052325618,1.23948317184,6.1974158592,1.23948317184,6.1974158592,results/main_campaign_default_alpha_0_5/FedAvgM-results/test8_femnist/FEMNIST/FedAvgM__FEMNIST__Setup-10__Clients-10__Rounds-10__Delay-0_05__Partitioning-natural__Seed-42.txt
base_alpha_0.5/test8_femnist,FedAvgM,42,6,0.541991781707,2.07281207768,1.23948317184,7.43689903104,1.23948317184,7.43689903104,results/main_campaign_default_alpha_0_5/FedAvgM-results/test8_femnist/FEMNIST/FedAvgM__FEMNIST__Setup-10__Clients-10__Rounds-10__Delay-0_05__Partitioning-natural__Seed-42.txt
base_alpha_0.5/test8_femnist,FedAvgM,42,7,0.598365575511,1.91627534581,1.23948317184,8.67638220288,1.23948317184,8.67638220288,results/main_campaign_default_alpha_0_5/FedAvgM-results/test8_femnist/FEMNIST/FedAvgM__FEMNIST__Setup-10__Clients-10__Rounds-10__Delay-0_05__Partitioning-natural__Seed-42.txt
base_alpha_0.5/test8_femnist,FedAvgM,42,8,0.619003647444,2.14511667482,1.23948317184,9.91586537472,1.23948317184,9.91586537472,results/main_campaign_default_alpha_0_5/FedAvgM-results/test8_femnist/FEMNIST/FedAvgM__FEMNIST__Setup-10__Clients-10__Rounds-10__Delay-0_05__Partitioning-natural__Seed-42.txt
base_alpha_0.5/test8_femnist,FedAvgM,42,9,0.645366822106,2.20754767558,1.23948317184,11.1553485466,1.23948317184,11.1553485466,results/main_campaign_default_alpha_0_5/FedAvgM-results/test8_femnist/FEMNIST/FedAvgM__FEMNIST__Setup-10__Clients-10__Rounds-10__Delay-0_05__Partitioning-natural__Seed-42.txt
base_alpha_0.5/test8_femnist,FedAvgM,42,10,0.644258737707,2.29364659368,1.23948317184,12.3948317184,1.23948317184,12.3948317184,results/main_campaign_default_alpha_0_5/FedAvgM-results/test8_femnist/FEMNIST/FedAvgM__FEMNIST__Setup-10__Clients-10__Rounds-10__Delay-0_05__Partitioning-natural__Seed-42.txt
base_alpha_0.5/test8_femnist,FedAvgM,43,0,0.00769915442813,4.13896841759,0,0,0,0,results/main_campaign_default_alpha_0_5/FedAvgM-results/test8_femnist/FEMNIST/FedAvgM__FEMNIST__Setup-10__Clients-10__Rounds-10__Delay-0_05__Partitioning-natural__Seed-43.txt
base_alpha_0.5/test8_femnist,FedAvgM,43,1,0.173742768135,3.96444296268,1.23948317184,1.23948317184,1.23948317184,1.23948317184,results/main_campaign_default_alpha_0_5/FedAvgM-results/test8_femnist/FEMNIST/FedAvgM__FEMNIST__Setup-10__Clients-10__Rounds-10__Delay-0_05__Partitioning-natural__Seed-43.txt
base_alpha_0.5/test8_femnist,FedAvgM,43,2,0.341255006676,2.78436681028,1.23948317184,2.47896634368,1.23948317184,2.47896634368,results/main_campaign_default_alpha_0_5/FedAvgM-results/test8_femnist/FEMNIST/FedAvgM__FEMNIST__Setup-10__Clients-10__Rounds-10__Delay-0_05__Partitioning-natural__Seed-43.txt
base_alpha_0.5/test8_femnist,FedAvgM,43,3,0.457365376057,3.90569175556,1.23948317184,3.71844951552,1.23948317184,3.71844951552,results/main_campaign_default_alpha_0_5/FedAvgM-results/test8_femnist/FEMNIST/FedAvgM__FEMNIST__Setup-10__Clients-10__Rounds-10__Delay-0_05__Partitioning-natural__Seed-43.txt
base_alpha_0.5/test8_femnist,FedAvgM,43,4,0.483088562528,3.34674754063,1.23948317184,4.95793268736,1.23948317184,4.95793268736,results/main_campaign_default_alpha_0_5/FedAvgM-results/test8_femnist/FEMNIST/FedAvgM__FEMNIST__Setup-10__Clients-10__Rounds-10__Delay-0_05__Partitioning-natural__Seed-43.txt
base_alpha_0.5/test8_femnist,FedAvgM,43,5,0.540364931019,2.40186957168,1.23948317184,6.1974158592,1.23948317184,6.1974158592,results/main_campaign_default_alpha_0_5/FedAvgM-results/test8_femnist/FEMNIST/FedAvgM__FEMNIST__Setup-10__Clients-10__Rounds-10__Delay-0_05__Partitioning-natural__Seed-43.txt
base_alpha_0.5/test8_femnist,FedAvgM,43,6,0.575567423231,2.09044048475,1.23948317184,7.43689903104,1.23948317184,7.43689903104,results/main_campaign_default_alpha_0_5/FedAvgM-results/test8_femnist/FEMNIST/FedAvgM__FEMNIST__Setup-10__Clients-10__Rounds-10__Delay-0_05__Partitioning-natural__Seed-43.txt
base_alpha_0.5/test8_femnist,FedAvgM,43,7,0.567912772586,2.3625366321,1.23948317184,8.67638220288,1.23948317184,8.67638220288,results/main_campaign_default_alpha_0_5/FedAvgM-results/test8_femnist/FEMNIST/FedAvgM__FEMNIST__Setup-10__Clients-10__Rounds-10__Delay-0_05__Partitioning-natural__Seed-43.txt
base_alpha_0.5/test8_femnist,FedAvgM,43,8,0.605073431242,2.48680650521,1.23948317184,9.91586537472,1.23948317184,9.91586537472,results/main_campaign_default_alpha_0_5/FedAvgM-results/test8_femnist/FEMNIST/FedAvgM__FEMNIST__Setup-10__Clients-10__Rounds-10__Delay-0_05__Partitioning-natural__Seed-43.txt
base_alpha_0.5/test8_femnist,FedAvgM,43,9,0.623364485981,2.41373700471,1.23948317184,11.1553485466,1.23948317184,11.1553485466,results/main_campaign_default_alpha_0_5/FedAvgM-results/test8_femnist/FEMNIST/FedAvgM__FEMNIST__Setup-10__Clients-10__Rounds-10__Delay-0_05__Partitioning-natural__Seed-43.txt
base_alpha_0.5/test8_femnist,FedAvgM,43,10,0.640809968847,2.18050078228,1.23948317184,12.3948317184,1.23948317184,12.3948317184,results/main_campaign_default_alpha_0_5/FedAvgM-results/test8_femnist/FEMNIST/FedAvgM__FEMNIST__Setup-10__Clients-10__Rounds-10__Delay-0_05__Partitioning-natural__Seed-43.txt
base_alpha_0.5/test8_femnist,FedAvgM,44,0,0.00724474643387,4.13059501569,0,0,0,0,results/main_campaign_default_alpha_0_5/FedAvgM-results/test8_femnist/FEMNIST/FedAvgM__FEMNIST__Setup-10__Clients-10__Rounds-10__Delay-0_05__Partitioning-natural__Seed-44.txt
base_alpha_0.5/test8_femnist,FedAvgM,44,1,0.188948386806,3.97685709046,1.23948317184,1.23948317184,1.23948317184,1.23948317184,results/main_campaign_default_alpha_0_5/FedAvgM-results/test8_femnist/FEMNIST/FedAvgM__FEMNIST__Setup-10__Clients-10__Rounds-10__Delay-0_05__Partitioning-natural__Seed-44.txt
base_alpha_0.5/test8_femnist,FedAvgM,44,2,0.276965306214,2.90738053953,1.23948317184,2.47896634368,1.23948317184,2.47896634368,results/main_campaign_default_alpha_0_5/FedAvgM-results/test8_femnist/FEMNIST/FedAvgM__FEMNIST__Setup-10__Clients-10__Rounds-10__Delay-0_05__Partitioning-natural__Seed-44.txt
base_alpha_0.5/test8_femnist,FedAvgM,44,3,0.454484093057,4.98760287649,1.23948317184,3.71844951552,1.23948317184,3.71844951552,results/main_campaign_default_alpha_0_5/FedAvgM-results/test8_femnist/FEMNIST/FedAvgM__FEMNIST__Setup-10__Clients-10__Rounds-10__Delay-0_05__Partitioning-natural__Seed-44.txt
base_alpha_0.5/test8_femnist,FedAvgM,44,4,0.527156549521,3.05566475078,1.23948317184,4.95793268736,1.23948317184,4.95793268736,results/main_campaign_default_alpha_0_5/FedAvgM-results/test8_femnist/FEMNIST/FedAvgM__FEMNIST__Setup-10__Clients-10__Rounds-10__Delay-0_05__Partitioning-natural__Seed-44.txt
base_alpha_0.5/test8_femnist,FedAvgM,44,5,0.547810826621,2.31949481418,1.23948317184,6.1974158592,1.23948317184,6.1974158592,results/main_campaign_default_alpha_0_5/FedAvgM-results/test8_femnist/FEMNIST/FedAvgM__FEMNIST__Setup-10__Clients-10__Rounds-10__Delay-0_05__Partitioning-natural__Seed-44.txt
base_alpha_0.5/test8_femnist,FedAvgM,44,6,0.581244656437,1.89430103187,1.23948317184,7.43689903104,1.23948317184,7.43689903104,results/main_campaign_default_alpha_0_5/FedAvgM-results/test8_femnist/FEMNIST/FedAvgM__FEMNIST__Setup-10__Clients-10__Rounds-10__Delay-0_05__Partitioning-natural__Seed-44.txt
base_alpha_0.5/test8_femnist,FedAvgM,44,7,0.608378706745,1.9841297748,1.23948317184,8.67638220288,1.23948317184,8.67638220288,results/main_campaign_default_alpha_0_5/FedAvgM-results/test8_femnist/FEMNIST/FedAvgM__FEMNIST__Setup-10__Clients-10__Rounds-10__Delay-0_05__Partitioning-natural__Seed-44.txt
base_alpha_0.5/test8_femnist,FedAvgM,44,8,0.624128155515,2.13466745339,1.23948317184,9.91586537472,1.23948317184,9.91586537472,results/main_campaign_default_alpha_0_5/FedAvgM-results/test8_femnist/FEMNIST/FedAvgM__FEMNIST__Setup-10__Clients-10__Rounds-10__Delay-0_05__Partitioning-natural__Seed-44.txt
base_alpha_0.5/test8_femnist,FedAvgM,44,9,0.649237276695,2.14878005109,1.23948317184,11.1553485466,1.23948317184,11.1553485466,results/main_campaign_default_alpha_0_5/FedAvgM-results/test8_femnist/FEMNIST/FedAvgM__FEMNIST__Setup-10__Clients-10__Rounds-10__Delay-0_05__Partitioning-natural__Seed-44.txt
base_alpha_0.5/test8_femnist,FedAvgM,44,10,0.658641947532,2.09407171336,1.23948317184,12.3948317184,1.23948317184,12.3948317184,results/main_campaign_default_alpha_0_5/FedAvgM-results/test8_femnist/FEMNIST/FedAvgM__FEMNIST__Setup-10__Clients-10__Rounds-10__Delay-0_05__Partitioning-natural__Seed-44.txt
base_alpha_0.5/test8_femnist,FedAvgM,45,0,0.00391944857413,4.13043040149,0,0,0,0,results/main_campaign_default_alpha_0_5/FedAvgM-results/test8_femnist/FEMNIST/FedAvgM__FEMNIST__Setup-10__Clients-10__Rounds-10__Delay-0_05__Partitioning-natural__Seed-45.txt
base_alpha_0.5/test8_femnist,FedAvgM,45,1,0.19646799117,3.95065736047,1.23948317184,1.23948317184,1.23948317184,1.23948317184,results/main_campaign_default_alpha_0_5/FedAvgM-results/test8_femnist/FEMNIST/FedAvgM__FEMNIST__Setup-10__Clients-10__Rounds-10__Delay-0_05__Partitioning-natural__Seed-45.txt
base_alpha_0.5/test8_femnist,FedAvgM,45,2,0.326936072442,2.90805031952,1.23948317184,2.47896634368,1.23948317184,2.47896634368,results/main_campaign_default_alpha_0_5/FedAvgM-results/test8_femnist/FEMNIST/FedAvgM__FEMNIST__Setup-10__Clients-10__Rounds-10__Delay-0_05__Partitioning-natural__Seed-45.txt
base_alpha_0.5/test8_femnist,FedAvgM,45,3,0.291931342073,6.23975510893,1.23948317184,3.71844951552,1.23948317184,3.71844951552,results/main_campaign_default_alpha_0_5/FedAvgM-results/test8_femnist/FEMNIST/FedAvgM__FEMNIST__Setup-10__Clients-10__Rounds-10__Delay-0_05__Partitioning-natural__Seed-45.txt
base_alpha_0.5/test8_femnist,FedAvgM,45,4,0.452853989278,3.52335160432,1.23948317184,4.95793268736,1.23948317184,4.95793268736,results/main_campaign_default_alpha_0_5/FedAvgM-results/test8_femnist/FEMNIST/FedAvgM__FEMNIST__Setup-10__Clients-10__Rounds-10__Delay-0_05__Partitioning-natural__Seed-45.txt
base_alpha_0.5/test8_femnist,FedAvgM,45,5,0.554804703338,2.18663916658,1.23948317184,6.1974158592,1.23948317184,6.1974158592,results/main_campaign_default_alpha_0_5/FedAvgM-results/test8_femnist/FEMNIST/FedAvgM__FEMNIST__Setup-10__Clients-10__Rounds-10__Delay-0_05__Partitioning-natural__Seed-45.txt
base_alpha_0.5/test8_femnist,FedAvgM,45,6,0.578952110646,2.0022921162,1.23948317184,7.43689903104,1.23948317184,7.43689903104,results/main_campaign_default_alpha_0_5/FedAvgM-results/test8_femnist/FEMNIST/FedAvgM__FEMNIST__Setup-10__Clients-10__Rounds-10__Delay-0_05__Partitioning-natural__Seed-45.txt
base_alpha_0.5/test8_femnist,FedAvgM,45,7,0.581474974096,2.20887033308,1.23948317184,8.67638220288,1.23948317184,8.67638220288,results/main_campaign_default_alpha_0_5/FedAvgM-results/test8_femnist/FEMNIST/FedAvgM__FEMNIST__Setup-10__Clients-10__Rounds-10__Delay-0_05__Partitioning-natural__Seed-45.txt
base_alpha_0.5/test8_femnist,FedAvgM,45,8,0.599315222778,2.47358575767,1.23948317184,9.91586537472,1.23948317184,9.91586537472,results/main_campaign_default_alpha_0_5/FedAvgM-results/test8_femnist/FEMNIST/FedAvgM__FEMNIST__Setup-10__Clients-10__Rounds-10__Delay-0_05__Partitioning-natural__Seed-45.txt
base_alpha_0.5/test8_femnist,FedAvgM,45,9,0.635311078074,2.28162492994,1.23948317184,11.1553485466,1.23948317184,11.1553485466,results/main_campaign_default_alpha_0_5/FedAvgM-results/test8_femnist/FEMNIST/FedAvgM__FEMNIST__Setup-10__Clients-10__Rounds-10__Delay-0_05__Partitioning-natural__Seed-45.txt
base_alpha_0.5/test8_femnist,FedAvgM,45,10,0.640672162905,2.21301837345,1.23948317184,12.3948317184,1.23948317184,12.3948317184,results/main_campaign_default_alpha_0_5/FedAvgM-results/test8_femnist/FEMNIST/FedAvgM__FEMNIST__Setup-10__Clients-10__Rounds-10__Delay-0_05__Partitioning-natural__Seed-45.txt
base_alpha_0.5/test8_femnist,FedAvgM,46,0,0.00413535506247,4.13414951607,0,0,0,0,results/main_campaign_default_alpha_0_5/FedAvgM-results/test8_femnist/FEMNIST/FedAvgM__FEMNIST__Setup-10__Clients-10__Rounds-10__Delay-0_05__Partitioning-natural__Seed-46.txt
base_alpha_0.5/test8_femnist,FedAvgM,46,1,0.143848103517,3.97385408606,1.23948317184,1.23948317184,1.23948317184,1.23948317184,results/main_campaign_default_alpha_0_5/FedAvgM-results/test8_femnist/FEMNIST/FedAvgM__FEMNIST__Setup-10__Clients-10__Rounds-10__Delay-0_05__Partitioning-natural__Seed-46.txt
base_alpha_0.5/test8_femnist,FedAvgM,46,2,0.324158477478,2.90391535616,1.23948317184,2.47896634368,1.23948317184,2.47896634368,results/main_campaign_default_alpha_0_5/FedAvgM-results/test8_femnist/FEMNIST/FedAvgM__FEMNIST__Setup-10__Clients-10__Rounds-10__Delay-0_05__Partitioning-natural__Seed-46.txt
base_alpha_0.5/test8_femnist,FedAvgM,46,3,0.419004846814,4.13104160559,1.23948317184,3.71844951552,1.23948317184,3.71844951552,results/main_campaign_default_alpha_0_5/FedAvgM-results/test8_femnist/FEMNIST/FedAvgM__FEMNIST__Setup-10__Clients-10__Rounds-10__Delay-0_05__Partitioning-natural__Seed-46.txt
base_alpha_0.5/test8_femnist,FedAvgM,46,4,0.468095513362,3.18330920216,1.23948317184,4.95793268736,1.23948317184,4.95793268736,results/main_campaign_default_alpha_0_5/FedAvgM-results/test8_femnist/FEMNIST/FedAvgM__FEMNIST__Setup-10__Clients-10__Rounds-10__Delay-0_05__Partitioning-natural__Seed-46.txt
base_alpha_0.5/test8_femnist,FedAvgM,46,5,0.505847303126,2.38651576224,1.23948317184,6.1974158592,1.23948317184,6.1974158592,results/main_campaign_default_alpha_0_5/FedAvgM-results/test8_femnist/FEMNIST/FedAvgM__FEMNIST__Setup-10__Clients-10__Rounds-10__Delay-0_05__Partitioning-natural__Seed-46.txt
base_alpha_0.5/test8_femnist,FedAvgM,46,6,0.554226510739,2.08642022155,1.23948317184,7.43689903104,1.23948317184,7.43689903104,results/main_campaign_default_alpha_0_5/FedAvgM-results/test8_femnist/FEMNIST/FedAvgM__FEMNIST__Setup-10__Clients-10__Rounds-10__Delay-0_05__Partitioning-natural__Seed-46.txt
base_alpha_0.5/test8_femnist,FedAvgM,46,7,0.583840988928,2.08006317706,1.23948317184,8.67638220288,1.23948317184,8.67638220288,results/main_campaign_default_alpha_0_5/FedAvgM-results/test8_femnist/FEMNIST/FedAvgM__FEMNIST__Setup-10__Clients-10__Rounds-10__Delay-0_05__Partitioning-natural__Seed-46.txt
base_alpha_0.5/test8_femnist,FedAvgM,46,8,0.602472319801,2.16580498525,1.23948317184,9.91586537472,1.23948317184,9.91586537472,results/main_campaign_default_alpha_0_5/FedAvgM-results/test8_femnist/FEMNIST/FedAvgM__FEMNIST__Setup-10__Clients-10__Rounds-10__Delay-0_05__Partitioning-natural__Seed-46.txt
base_alpha_0.5/test8_femnist,FedAvgM,46,9,0.609586909156,2.019657792,1.23948317184,11.1553485466,1.23948317184,11.1553485466,results/main_campaign_default_alpha_0_5/FedAvgM-results/test8_femnist/FEMNIST/FedAvgM__FEMNIST__Setup-10__Clients-10__Rounds-10__Delay-0_05__Partitioning-natural__Seed-46.txt
base_alpha_0.5/test8_femnist,FedAvgM,46,10,0.630530481569,1.93507951503,1.23948317184,12.3948317184,1.23948317184,12.3948317184,results/main_campaign_default_alpha_0_5/FedAvgM-results/test8_femnist/FEMNIST/FedAvgM__FEMNIST__Setup-10__Clients-10__Rounds-10__Delay-0_05__Partitioning-natural__Seed-46.txt
base_alpha_0.5/test8_femnist,FedAvgM,47,0,0.00421155295474,4.12939205418,0,0,0,0,results/main_campaign_default_alpha_0_5/FedAvgM-results/test8_femnist/FEMNIST/FedAvgM__FEMNIST__Setup-10__Clients-10__Rounds-10__Delay-0_05__Partitioning-natural__Seed-47.txt
base_alpha_0.5/test8_femnist,FedAvgM,47,1,0.0773152458217,3.93781119337,1.23948317184,1.23948317184,1.23948317184,1.23948317184,results/main_campaign_default_alpha_0_5/FedAvgM-results/test8_femnist/FEMNIST/FedAvgM__FEMNIST__Setup-10__Clients-10__Rounds-10__Delay-0_05__Partitioning-natural__Seed-47.txt
base_alpha_0.5/test8_femnist,FedAvgM,47,2,0.34654430997,2.81372221002,1.23948317184,2.47896634368,1.23948317184,2.47896634368,results/main_campaign_default_alpha_0_5/FedAvgM-results/test8_femnist/FEMNIST/FedAvgM__FEMNIST__Setup-10__Clients-10__Rounds-10__Delay-0_05__Partitioning-natural__Seed-47.txt
base_alpha_0.5/test8_femnist,FedAvgM,47,3,0.438622157202,4.06427500371,1.23948317184,3.71844951552,1.23948317184,3.71844951552,results/main_campaign_default_alpha_0_5/FedAvgM-results/test8_femnist/FEMNIST/FedAvgM__FEMNIST__Setup-10__Clients-10__Rounds-10__Delay-0_05__Partitioning-natural__Seed-47.txt
base_alpha_0.5/test8_femnist,FedAvgM,47,4,0.523562530478,2.96118562261,1.23948317184,4.95793268736,1.23948317184,4.95793268736,results/main_campaign_default_alpha_0_5/FedAvgM-results/test8_femnist/FEMNIST/FedAvgM__FEMNIST__Setup-10__Clients-10__Rounds-10__Delay-0_05__Partitioning-natural__Seed-47.txt
base_alpha_0.5/test8_femnist,FedAvgM,47,5,0.553752715343,2.20298927498,1.23948317184,6.1974158592,1.23948317184,6.1974158592,results/main_campaign_default_alpha_0_5/FedAvgM-results/test8_femnist/FEMNIST/FedAvgM__FEMNIST__Setup-10__Clients-10__Rounds-10__Delay-0_05__Partitioning-natural__Seed-47.txt
base_alpha_0.5/test8_femnist,FedAvgM,47,6,0.567628674026,1.93496768189,1.23948317184,7.43689903104,1.23948317184,7.43689903104,results/main_campaign_default_alpha_0_5/FedAvgM-results/test8_femnist/FEMNIST/FedAvgM__FEMNIST__Setup-10__Clients-10__Rounds-10__Delay-0_05__Partitioning-natural__Seed-47.txt
base_alpha_0.5/test8_femnist,FedAvgM,47,7,0.606906946846,1.90042522568,1.23948317184,8.67638220288,1.23948317184,8.67638220288,results/main_campaign_default_alpha_0_5/FedAvgM-results/test8_femnist/FEMNIST/FedAvgM__FEMNIST__Setup-10__Clients-10__Rounds-10__Delay-0_05__Partitioning-natural__Seed-47.txt
base_alpha_0.5/test8_femnist,FedAvgM,47,8,0.620782905528,2.0629877682,1.23948317184,9.91586537472,1.23948317184,9.91586537472,results/main_campaign_default_alpha_0_5/FedAvgM-results/test8_femnist/FEMNIST/FedAvgM__FEMNIST__Setup-10__Clients-10__Rounds-10__Delay-0_05__Partitioning-natural__Seed-47.txt
base_alpha_0.5/test8_femnist,FedAvgM,47,9,0.640422041938,2.09491766364,1.23948317184,11.1553485466,1.23948317184,11.1553485466,results/main_campaign_default_alpha_0_5/FedAvgM-results/test8_femnist/FEMNIST/FedAvgM__FEMNIST__Setup-10__Clients-10__Rounds-10__Delay-0_05__Partitioning-natural__Seed-47.txt
base_alpha_0.5/test8_femnist,FedAvgM,47,10,0.648401826484,1.98838194031,1.23948317184,12.3948317184,1.23948317184,12.3948317184,results/main_campaign_default_alpha_0_5/FedAvgM-results/test8_femnist/FEMNIST/FedAvgM__FEMNIST__Setup-10__Clients-10__Rounds-10__Delay-0_05__Partitioning-natural__Seed-47.txt
base_alpha_0.5/test8_femnist,FedAvgM,48,0,0.0146743020759,4.12938866619,0,0,0,0,results/main_campaign_default_alpha_0_5/FedAvgM-results/test8_femnist/FEMNIST/FedAvgM__FEMNIST__Setup-10__Clients-10__Rounds-10__Delay-0_05__Partitioning-natural__Seed-48.txt
base_alpha_0.5/test8_femnist,FedAvgM,48,1,0.133366141732,3.9325170645,1.23948317184,1.23948317184,1.23948317184,1.23948317184,results/main_campaign_default_alpha_0_5/FedAvgM-results/test8_femnist/FEMNIST/FedAvgM__FEMNIST__Setup-10__Clients-10__Rounds-10__Delay-0_05__Partitioning-natural__Seed-48.txt
base_alpha_0.5/test8_femnist,FedAvgM,48,2,0.339477451682,2.86707560847,1.23948317184,2.47896634368,1.23948317184,2.47896634368,results/main_campaign_default_alpha_0_5/FedAvgM-results/test8_femnist/FEMNIST/FedAvgM__FEMNIST__Setup-10__Clients-10__Rounds-10__Delay-0_05__Partitioning-natural__Seed-48.txt
base_alpha_0.5/test8_femnist,FedAvgM,48,3,0.417099141016,4.5252488901,1.23948317184,3.71844951552,1.23948317184,3.71844951552,results/main_campaign_default_alpha_0_5/FedAvgM-results/test8_femnist/FEMNIST/FedAvgM__FEMNIST__Setup-10__Clients-10__Rounds-10__Delay-0_05__Partitioning-natural__Seed-48.txt
base_alpha_0.5/test8_femnist,FedAvgM,48,4,0.418217609162,4.36611583221,1.23948317184,4.95793268736,1.23948317184,4.95793268736,results/main_campaign_default_alpha_0_5/FedAvgM-results/test8_femnist/FEMNIST/FedAvgM__FEMNIST__Setup-10__Clients-10__Rounds-10__Delay-0_05__Partitioning-natural__Seed-48.txt
base_alpha_0.5/test8_femnist,FedAvgM,48,5,0.501252684324,2.97426050453,1.23948317184,6.1974158592,1.23948317184,6.1974158592,results/main_campaign_default_alpha_0_5/FedAvgM-results/test8_femnist/FEMNIST/FedAvgM__FEMNIST__Setup-10__Clients-10__Rounds-10__Delay-0_05__Partitioning-natural__Seed-48.txt
base_alpha_0.5/test8_femnist,FedAvgM,48,6,0.569300286328,2.32924343969,1.23948317184,7.43689903104,1.23948317184,7.43689903104,results/main_campaign_default_alpha_0_5/FedAvgM-results/test8_femnist/FEMNIST/FedAvgM__FEMNIST__Setup-10__Clients-10__Rounds-10__Delay-0_05__Partitioning-natural__Seed-48.txt
base_alpha_0.5/test8_femnist,FedAvgM,48,7,0.59811202577,2.21492714215,1.23948317184,8.67638220288,1.23948317184,8.67638220288,results/main_campaign_default_alpha_0_5/FedAvgM-results/test8_femnist/FEMNIST/FedAvgM__FEMNIST__Setup-10__Clients-10__Rounds-10__Delay-0_05__Partitioning-natural__Seed-48.txt
base_alpha_0.5/test8_femnist,FedAvgM,48,8,0.625402648533,2.24537110717,1.23948317184,9.91586537472,1.23948317184,9.91586537472,results/main_campaign_default_alpha_0_5/FedAvgM-results/test8_femnist/FEMNIST/FedAvgM__FEMNIST__Setup-10__Clients-10__Rounds-10__Delay-0_05__Partitioning-natural__Seed-48.txt
base_alpha_0.5/test8_femnist,FedAvgM,48,9,0.64070329277,2.23867485876,1.23948317184,11.1553485466,1.23948317184,11.1553485466,results/main_campaign_default_alpha_0_5/FedAvgM-results/test8_femnist/FEMNIST/FedAvgM__FEMNIST__Setup-10__Clients-10__Rounds-10__Delay-0_05__Partitioning-natural__Seed-48.txt
base_alpha_0.5/test8_femnist,FedAvgM,48,10,0.641284896206,2.25838519935,1.23948317184,12.3948317184,1.23948317184,12.3948317184,results/main_campaign_default_alpha_0_5/FedAvgM-results/test8_femnist/FEMNIST/FedAvgM__FEMNIST__Setup-10__Clients-10__Rounds-10__Delay-0_05__Partitioning-natural__Seed-48.txt
base_alpha_0.5/test8_femnist,FedAvgM,49,0,0.0119972675263,4.13563365312,0,0,0,0,results/main_campaign_default_alpha_0_5/FedAvgM-results/test8_femnist/FEMNIST/FedAvgM__FEMNIST__Setup-10__Clients-10__Rounds-10__Delay-0_05__Partitioning-natural__Seed-49.txt
base_alpha_0.5/test8_femnist,FedAvgM,49,1,0.120570403894,3.96286701201,1.23948317184,1.23948317184,1.23948317184,1.23948317184,results/main_campaign_default_alpha_0_5/FedAvgM-results/test8_femnist/FEMNIST/FedAvgM__FEMNIST__Setup-10__Clients-10__Rounds-10__Delay-0_05__Partitioning-natural__Seed-49.txt
base_alpha_0.5/test8_femnist,FedAvgM,49,2,0.326317137734,2.78647739679,1.23948317184,2.47896634368,1.23948317184,2.47896634368,results/main_campaign_default_alpha_0_5/FedAvgM-results/test8_femnist/FEMNIST/FedAvgM__FEMNIST__Setup-10__Clients-10__Rounds-10__Delay-0_05__Partitioning-natural__Seed-49.txt
base_alpha_0.5/test8_femnist,FedAvgM,49,3,0.467893433524,3.73019356062,1.23948317184,3.71844951552,1.23948317184,3.71844951552,results/main_campaign_default_alpha_0_5/FedAvgM-results/test8_femnist/FEMNIST/FedAvgM__FEMNIST__Setup-10__Clients-10__Rounds-10__Delay-0_05__Partitioning-natural__Seed-49.txt
base_alpha_0.5/test8_femnist,FedAvgM,49,4,0.496883272137,3.20994140627,1.23948317184,4.95793268736,1.23948317184,4.95793268736,results/main_campaign_default_alpha_0_5/FedAvgM-results/test8_femnist/FEMNIST/FedAvgM__FEMNIST__Setup-10__Clients-10__Rounds-10__Delay-0_05__Partitioning-natural__Seed-49.txt
base_alpha_0.5/test8_femnist,FedAvgM,49,5,0.543079156349,2.31136891901,1.23948317184,6.1974158592,1.23948317184,6.1974158592,results/main_campaign_default_alpha_0_5/FedAvgM-results/test8_femnist/FEMNIST/FedAvgM__FEMNIST__Setup-10__Clients-10__Rounds-10__Delay-0_05__Partitioning-natural__Seed-49.txt
base_alpha_0.5/test8_femnist,FedAvgM,49,6,0.551233882674,2.12227057784,1.23948317184,7.43689903104,1.23948317184,7.43689903104,results/main_campaign_default_alpha_0_5/FedAvgM-results/test8_femnist/FEMNIST/FedAvgM__FEMNIST__Setup-10__Clients-10__Rounds-10__Delay-0_05__Partitioning-natural__Seed-49.txt
base_alpha_0.5/test8_femnist,FedAvgM,49,7,0.593886090001,2.26917564794,1.23948317184,8.67638220288,1.23948317184,8.67638220288,results/main_campaign_default_alpha_0_5/FedAvgM-results/test8_femnist/FEMNIST/FedAvgM__FEMNIST__Setup-10__Clients-10__Rounds-10__Delay-0_05__Partitioning-natural__Seed-49.txt
base_alpha_0.5/test8_femnist,FedAvgM,49,8,0.620442319187,2.55460799406,1.23948317184,9.91586537472,1.23948317184,9.91586537472,results/main_campaign_default_alpha_0_5/FedAvgM-results/test8_femnist/FEMNIST/FedAvgM__FEMNIST__Setup-10__Clients-10__Rounds-10__Delay-0_05__Partitioning-natural__Seed-49.txt
base_alpha_0.5/test8_femnist,FedAvgM,49,9,0.633250789856,2.75162774034,1.23948317184,11.1553485466,1.23948317184,11.1553485466,results/main_campaign_default_alpha_0_5/FedAvgM-results/test8_femnist/FEMNIST/FedAvgM__FEMNIST__Setup-10__Clients-10__Rounds-10__Delay-0_05__Partitioning-natural__Seed-49.txt
base_alpha_0.5/test8_femnist,FedAvgM,49,10,0.644137989924,2.18772657542,1.23948317184,12.3948317184,1.23948317184,12.3948317184,results/main_campaign_default_alpha_0_5/FedAvgM-results/test8_femnist/FEMNIST/FedAvgM__FEMNIST__Setup-10__Clients-10__Rounds-10__Delay-0_05__Partitioning-natural__Seed-49.txt
base_alpha_0.5/test8_femnist,FedAvgM,50,0,0.00407765269036,4.12418979749,0,0,0,0,results/main_campaign_default_alpha_0_5/FedAvgM-results/test8_femnist/FEMNIST/FedAvgM__FEMNIST__Setup-10__Clients-10__Rounds-10__Delay-0_05__Partitioning-natural__Seed-50.txt
base_alpha_0.5/test8_femnist,FedAvgM,50,1,0.18189876784,3.93237747077,1.23948317184,1.23948317184,1.23948317184,1.23948317184,results/main_campaign_default_alpha_0_5/FedAvgM-results/test8_femnist/FEMNIST/FedAvgM__FEMNIST__Setup-10__Clients-10__Rounds-10__Delay-0_05__Partitioning-natural__Seed-50.txt
base_alpha_0.5/test8_femnist,FedAvgM,50,2,0.369736725468,2.68658052855,1.23948317184,2.47896634368,1.23948317184,2.47896634368,results/main_campaign_default_alpha_0_5/FedAvgM-results/test8_femnist/FEMNIST/FedAvgM__FEMNIST__Setup-10__Clients-10__Rounds-10__Delay-0_05__Partitioning-natural__Seed-50.txt
base_alpha_0.5/test8_femnist,FedAvgM,50,3,0.430546937328,3.93141067113,1.23948317184,3.71844951552,1.23948317184,3.71844951552,results/main_campaign_default_alpha_0_5/FedAvgM-results/test8_femnist/FEMNIST/FedAvgM__FEMNIST__Setup-10__Clients-10__Rounds-10__Delay-0_05__Partitioning-natural__Seed-50.txt
base_alpha_0.5/test8_femnist,FedAvgM,50,4,0.51147947877,2.6191114449,1.23948317184,4.95793268736,1.23948317184,4.95793268736,results/main_campaign_default_alpha_0_5/FedAvgM-results/test8_femnist/FEMNIST/FedAvgM__FEMNIST__Setup-10__Clients-10__Rounds-10__Delay-0_05__Partitioning-natural__Seed-50.txt
base_alpha_0.5/test8_femnist,FedAvgM,50,5,0.55336406347,2.1447484407,1.23948317184,6.1974158592,1.23948317184,6.1974158592,results/main_campaign_default_alpha_0_5/FedAvgM-results/test8_femnist/FEMNIST/FedAvgM__FEMNIST__Setup-10__Clients-10__Rounds-10__Delay-0_05__Partitioning-natural__Seed-50.txt
base_alpha_0.5/test8_femnist,FedAvgM,50,6,0.581686020743,2.06380553018,1.23948317184,7.43689903104,1.23948317184,7.43689903104,results/main_campaign_default_alpha_0_5/FedAvgM-results/test8_femnist/FEMNIST/FedAvgM__FEMNIST__Setup-10__Clients-10__Rounds-10__Delay-0_05__Partitioning-natural__Seed-50.txt
base_alpha_0.5/test8_femnist,FedAvgM,50,7,0.599193333924,2.05820161255,1.23948317184,8.67638220288,1.23948317184,8.67638220288,results/main_campaign_default_alpha_0_5/FedAvgM-results/test8_femnist/FEMNIST/FedAvgM__FEMNIST__Setup-10__Clients-10__Rounds-10__Delay-0_05__Partitioning-natural__Seed-50.txt
base_alpha_0.5/test8_femnist,FedAvgM,50,8,0.631548621576,2.06271884076,1.23948317184,9.91586537472,1.23948317184,9.91586537472,results/main_campaign_default_alpha_0_5/FedAvgM-results/test8_femnist/FEMNIST/FedAvgM__FEMNIST__Setup-10__Clients-10__Rounds-10__Delay-0_05__Partitioning-natural__Seed-50.txt
base_alpha_0.5/test8_femnist,FedAvgM,50,9,0.654463256803,2.22051800364,1.23948317184,11.1553485466,1.23948317184,11.1553485466,results/main_campaign_default_alpha_0_5/FedAvgM-results/test8_femnist/FEMNIST/FedAvgM__FEMNIST__Setup-10__Clients-10__Rounds-10__Delay-0_05__Partitioning-natural__Seed-50.txt
base_alpha_0.5/test8_femnist,FedAvgM,50,10,0.653443843631,1.95520839918,1.23948317184,12.3948317184,1.23948317184,12.3948317184,results/main_campaign_default_alpha_0_5/FedAvgM-results/test8_femnist/FEMNIST/FedAvgM__FEMNIST__Setup-10__Clients-10__Rounds-10__Delay-0_05__Partitioning-natural__Seed-50.txt
base_alpha_0.5/test8_femnist,FedAvgM,51,0,0.0041613041613,4.13466145099,0,0,0,0,results/main_campaign_default_alpha_0_5/FedAvgM-results/test8_femnist/FEMNIST/FedAvgM__FEMNIST__Setup-10__Clients-10__Rounds-10__Delay-0_05__Partitioning-natural__Seed-51.txt
base_alpha_0.5/test8_femnist,FedAvgM,51,1,0.145688545689,3.9937204883,1.23948317184,1.23948317184,1.23948317184,1.23948317184,results/main_campaign_default_alpha_0_5/FedAvgM-results/test8_femnist/FEMNIST/FedAvgM__FEMNIST__Setup-10__Clients-10__Rounds-10__Delay-0_05__Partitioning-natural__Seed-51.txt
base_alpha_0.5/test8_femnist,FedAvgM,51,2,0.37323037323,2.7566835438,1.23948317184,2.47896634368,1.23948317184,2.47896634368,results/main_campaign_default_alpha_0_5/FedAvgM-results/test8_femnist/FEMNIST/FedAvgM__FEMNIST__Setup-10__Clients-10__Rounds-10__Delay-0_05__Partitioning-natural__Seed-51.txt
base_alpha_0.5/test8_femnist,FedAvgM,51,3,0.464993564994,3.39112921606,1.23948317184,3.71844951552,1.23948317184,3.71844951552,results/main_campaign_default_alpha_0_5/FedAvgM-results/test8_femnist/FEMNIST/FedAvgM__FEMNIST__Setup-10__Clients-10__Rounds-10__Delay-0_05__Partitioning-natural__Seed-51.txt
base_alpha_0.5/test8_femnist,FedAvgM,51,4,0.547533247533,2.76743398251,1.23948317184,4.95793268736,1.23948317184,4.95793268736,results/main_campaign_default_alpha_0_5/FedAvgM-results/test8_femnist/FEMNIST/FedAvgM__FEMNIST__Setup-10__Clients-10__Rounds-10__Delay-0_05__Partitioning-natural__Seed-51.txt
base_alpha_0.5/test8_femnist,FedAvgM,51,5,0.556756756757,2.16164731073,1.23948317184,6.1974158592,1.23948317184,6.1974158592,results/main_campaign_default_alpha_0_5/FedAvgM-results/test8_femnist/FEMNIST/FedAvgM__FEMNIST__Setup-10__Clients-10__Rounds-10__Delay-0_05__Partitioning-natural__Seed-51.txt
base_alpha_0.5/test8_femnist,FedAvgM,51,6,0.590948090948,1.82084900766,1.23948317184,7.43689903104,1.23948317184,7.43689903104,results/main_campaign_default_alpha_0_5/FedAvgM-results/test8_femnist/FEMNIST/FedAvgM__FEMNIST__Setup-10__Clients-10__Rounds-10__Delay-0_05__Partitioning-natural__Seed-51.txt
base_alpha_0.5/test8_femnist,FedAvgM,51,7,0.650750750751,1.67210080781,1.23948317184,8.67638220288,1.23948317184,8.67638220288,results/main_campaign_default_alpha_0_5/FedAvgM-results/test8_femnist/FEMNIST/FedAvgM__FEMNIST__Setup-10__Clients-10__Rounds-10__Delay-0_05__Partitioning-natural__Seed-51.txt
base_alpha_0.5/test8_femnist,FedAvgM,51,8,0.662591162591,1.97006677309,1.23948317184,9.91586537472,1.23948317184,9.91586537472,results/main_campaign_default_alpha_0_5/FedAvgM-results/test8_femnist/FEMNIST/FedAvgM__FEMNIST__Setup-10__Clients-10__Rounds-10__Delay-0_05__Partitioning-natural__Seed-51.txt
base_alpha_0.5/test8_femnist,FedAvgM,51,9,0.661818961819,2.01194438102,1.23948317184,11.1553485466,1.23948317184,11.1553485466,results/main_campaign_default_alpha_0_5/FedAvgM-results/test8_femnist/FEMNIST/FedAvgM__FEMNIST__Setup-10__Clients-10__Rounds-10__Delay-0_05__Partitioning-natural__Seed-51.txt
base_alpha_0.5/test8_femnist,FedAvgM,51,10,0.680909480909,1.85957838054,1.23948317184,12.3948317184,1.23948317184,12.3948317184,results/main_campaign_default_alpha_0_5/FedAvgM-results/test8_femnist/FEMNIST/FedAvgM__FEMNIST__Setup-10__Clients-10__Rounds-10__Delay-0_05__Partitioning-natural__Seed-51.txt
base_alpha_0.5/test8_femnist,FedAvgM,52,0,0.00382647756104,4.14121600956,0,0,0,0,results/main_campaign_default_alpha_0_5/FedAvgM-results/test8_femnist/FEMNIST/FedAvgM__FEMNIST__Setup-10__Clients-10__Rounds-10__Delay-0_05__Partitioning-natural__Seed-52.txt
base_alpha_0.5/test8_femnist,FedAvgM,52,1,0.139915983862,3.96984719419,1.23948317184,1.23948317184,1.23948317184,1.23948317184,results/main_campaign_default_alpha_0_5/FedAvgM-results/test8_femnist/FEMNIST/FedAvgM__FEMNIST__Setup-10__Clients-10__Rounds-10__Delay-0_05__Partitioning-natural__Seed-52.txt
base_alpha_0.5/test8_femnist,FedAvgM,52,2,0.332570810631,2.87911331116,1.23948317184,2.47896634368,1.23948317184,2.47896634368,results/main_campaign_default_alpha_0_5/FedAvgM-results/test8_femnist/FEMNIST/FedAvgM__FEMNIST__Setup-10__Clients-10__Rounds-10__Delay-0_05__Partitioning-natural__Seed-52.txt
base_alpha_0.5/test8_femnist,FedAvgM,52,3,0.391798028532,4.39309364028,1.23948317184,3.71844951552,1.23948317184,3.71844951552,results/main_campaign_default_alpha_0_5/FedAvgM-results/test8_femnist/FEMNIST/FedAvgM__FEMNIST__Setup-10__Clients-10__Rounds-10__Delay-0_05__Partitioning-natural__Seed-52.txt
base_alpha_0.5/test8_femnist,FedAvgM,52,4,0.514370086928,3.05297365717,1.23948317184,4.95793268736,1.23948317184,4.95793268736,results/main_campaign_default_alpha_0_5/FedAvgM-results/test8_femnist/FEMNIST/FedAvgM__FEMNIST__Setup-10__Clients-10__Rounds-10__Delay-0_05__Partitioning-natural__Seed-52.txt
base_alpha_0.5/test8_femnist,FedAvgM,52,5,0.528386640602,2.15390111808,1.23948317184,6.1974158592,1.23948317184,6.1974158592,results/main_campaign_default_alpha_0_5/FedAvgM-results/test8_femnist/FEMNIST/FedAvgM__FEMNIST__Setup-10__Clients-10__Rounds-10__Delay-0_05__Partitioning-natural__Seed-52.txt
base_alpha_0.5/test8_femnist,FedAvgM,52,6,0.55371625837,1.93050774096,1.23948317184,7.43689903104,1.23948317184,7.43689903104,results/main_campaign_default_alpha_0_5/FedAvgM-results/test8_femnist/FEMNIST/FedAvgM__FEMNIST__Setup-10__Clients-10__Rounds-10__Delay-0_05__Partitioning-natural__Seed-52.txt
base_alpha_0.5/test8_femnist,FedAvgM,52,7,0.600382647756,1.80807486314,1.23948317184,8.67638220288,1.23948317184,8.67638220288,results/main_campaign_default_alpha_0_5/FedAvgM-results/test8_femnist/FEMNIST/FedAvgM__FEMNIST__Setup-10__Clients-10__Rounds-10__Delay-0_05__Partitioning-natural__Seed-52.txt
base_alpha_0.5/test8_femnist,FedAvgM,52,8,0.626252963441,1.98772235989,1.23948317184,9.91586537472,1.23948317184,9.91586537472,results/main_campaign_default_alpha_0_5/FedAvgM-results/test8_femnist/FEMNIST/FedAvgM__FEMNIST__Setup-10__Clients-10__Rounds-10__Delay-0_05__Partitioning-natural__Seed-52.txt
base_alpha_0.5/test8_femnist,FedAvgM,52,9,0.652788753483,2.07453812508,1.23948317184,11.1553485466,1.23948317184,11.1553485466,results/main_campaign_default_alpha_0_5/FedAvgM-results/test8_femnist/FEMNIST/FedAvgM__FEMNIST__Setup-10__Clients-10__Rounds-10__Delay-0_05__Partitioning-natural__Seed-52.txt
base_alpha_0.5/test8_femnist,FedAvgM,52,10,0.669924718213,1.97683258885,1.23948317184,12.3948317184,1.23948317184,12.3948317184,results/main_campaign_default_alpha_0_5/FedAvgM-results/test8_femnist/FEMNIST/FedAvgM__FEMNIST__Setup-10__Clients-10__Rounds-10__Delay-0_05__Partitioning-natural__Seed-52.txt
base_alpha_0.5/test8_femnist,FedAvgM,53,0,0.00730158730159,4.13539577934,0,0,0,0,results/main_campaign_default_alpha_0_5/FedAvgM-results/test8_femnist/FEMNIST/FedAvgM__FEMNIST__Setup-10__Clients-10__Rounds-10__Delay-0_05__Partitioning-natural__Seed-53.txt
base_alpha_0.5/test8_femnist,FedAvgM,53,1,0.151972789116,3.95677463756,1.23948317184,1.23948317184,1.23948317184,1.23948317184,results/main_campaign_default_alpha_0_5/FedAvgM-results/test8_femnist/FEMNIST/FedAvgM__FEMNIST__Setup-10__Clients-10__Rounds-10__Delay-0_05__Partitioning-natural__Seed-53.txt
base_alpha_0.5/test8_femnist,FedAvgM,53,2,0.282675736961,2.93497640986,1.23948317184,2.47896634368,1.23948317184,2.47896634368,results/main_campaign_default_alpha_0_5/FedAvgM-results/test8_femnist/FEMNIST/FedAvgM__FEMNIST__Setup-10__Clients-10__Rounds-10__Delay-0_05__Partitioning-natural__Seed-53.txt
base_alpha_0.5/test8_femnist,FedAvgM,53,3,0.392380952381,3.88452498555,1.23948317184,3.71844951552,1.23948317184,3.71844951552,results/main_campaign_default_alpha_0_5/FedAvgM-results/test8_femnist/FEMNIST/FedAvgM__FEMNIST__Setup-10__Clients-10__Rounds-10__Delay-0_05__Partitioning-natural__Seed-53.txt
base_alpha_0.5/test8_femnist,FedAvgM,53,4,0.310702947846,4.20746112086,1.23948317184,4.95793268736,1.23948317184,4.95793268736,results/main_campaign_default_alpha_0_5/FedAvgM-results/test8_femnist/FEMNIST/FedAvgM__FEMNIST__Setup-10__Clients-10__Rounds-10__Delay-0_05__Partitioning-natural__Seed-53.txt
base_alpha_0.5/test8_femnist,FedAvgM,53,5,0.185850340136,4.97746285369,1.23948317184,6.1974158592,1.23948317184,6.1974158592,results/main_campaign_default_alpha_0_5/FedAvgM-results/test8_femnist/FEMNIST/FedAvgM__FEMNIST__Setup-10__Clients-10__Rounds-10__Delay-0_05__Partitioning-natural__Seed-53.txt
base_alpha_0.5/test8_femnist,FedAvgM,53,6,0.270566893424,3.88300195666,1.23948317184,7.43689903104,1.23948317184,7.43689903104,results/main_campaign_default_alpha_0_5/FedAvgM-results/test8_femnist/FEMNIST/FedAvgM__FEMNIST__Setup-10__Clients-10__Rounds-10__Delay-0_05__Partitioning-natural__Seed-53.txt
base_alpha_0.5/test8_femnist,FedAvgM,53,7,0.466167800454,2.53392927961,1.23948317184,8.67638220288,1.23948317184,8.67638220288,results/main_campaign_default_alpha_0_5/FedAvgM-results/test8_femnist/FEMNIST/FedAvgM__FEMNIST__Setup-10__Clients-10__Rounds-10__Delay-0_05__Partitioning-natural__Seed-53.txt
base_alpha_0.5/test8_femnist,FedAvgM,53,8,0.612970521542,2.14716592713,1.23948317184,9.91586537472,1.23948317184,9.91586537472,results/main_campaign_default_alpha_0_5/FedAvgM-results/test8_femnist/FEMNIST/FedAvgM__FEMNIST__Setup-10__Clients-10__Rounds-10__Delay-0_05__Partitioning-natural__Seed-53.txt
base_alpha_0.5/test8_femnist,FedAvgM,53,9,0.637959183673,1.97696204729,1.23948317184,11.1553485466,1.23948317184,11.1553485466,results/main_campaign_default_alpha_0_5/FedAvgM-results/test8_femnist/FEMNIST/FedAvgM__FEMNIST__Setup-10__Clients-10__Rounds-10__Delay-0_05__Partitioning-natural__Seed-53.txt
base_alpha_0.5/test8_femnist,FedAvgM,53,10,0.637324263039,2.07140526334,1.23948317184,12.3948317184,1.23948317184,12.3948317184,results/main_campaign_default_alpha_0_5/FedAvgM-results/test8_femnist/FEMNIST/FedAvgM__FEMNIST__Setup-10__Clients-10__Rounds-10__Delay-0_05__Partitioning-natural__Seed-53.txt
base_alpha_0.5/test8_femnist,FedAvgM,54,0,0.0149942818417,4.11704484349,0,0,0,0,results/main_campaign_default_alpha_0_5/FedAvgM-results/test8_femnist/FEMNIST/FedAvgM__FEMNIST__Setup-10__Clients-10__Rounds-10__Delay-0_05__Partitioning-natural__Seed-54.txt
base_alpha_0.5/test8_femnist,FedAvgM,54,1,0.0986911770935,3.94294518189,1.23948317184,1.23948317184,1.23948317184,1.23948317184,results/main_campaign_default_alpha_0_5/FedAvgM-results/test8_femnist/FEMNIST/FedAvgM__FEMNIST__Setup-10__Clients-10__Rounds-10__Delay-0_05__Partitioning-natural__Seed-54.txt
base_alpha_0.5/test8_femnist,FedAvgM,54,2,0.326485662247,2.77667744246,1.23948317184,2.47896634368,1.23948317184,2.47896634368,results/main_campaign_default_alpha_0_5/FedAvgM-results/test8_femnist/FEMNIST/FedAvgM__FEMNIST__Setup-10__Clients-10__Rounds-10__Delay-0_05__Partitioning-natural__Seed-54.txt
base_alpha_0.5/test8_femnist,FedAvgM,54,3,0.412003896819,4.38010251426,1.23948317184,3.71844951552,1.23948317184,3.71844951552,results/main_campaign_default_alpha_0_5/FedAvgM-results/test8_femnist/FEMNIST/FedAvgM__FEMNIST__Setup-10__Clients-10__Rounds-10__Delay-0_05__Partitioning-natural__Seed-54.txt
base_alpha_0.5/test8_femnist,FedAvgM,54,4,0.492481680715,3.37512503786,1.23948317184,4.95793268736,1.23948317184,4.95793268736,results/main_campaign_default_alpha_0_5/FedAvgM-results/test8_femnist/FEMNIST/FedAvgM__FEMNIST__Setup-10__Clients-10__Rounds-10__Delay-0_05__Partitioning-natural__Seed-54.txt
base_alpha_0.5/test8_femnist,FedAvgM,54,5,0.526451776865,2.55265261558,1.23948317184,6.1974158592,1.23948317184,6.1974158592,results/main_campaign_default_alpha_0_5/FedAvgM-results/test8_femnist/FEMNIST/FedAvgM__FEMNIST__Setup-10__Clients-10__Rounds-10__Delay-0_05__Partitioning-natural__Seed-54.txt
base_alpha_0.5/test8_femnist,FedAvgM,54,6,0.550849252404,2.09641463042,1.23948317184,7.43689903104,1.23948317184,7.43689903104,results/main_campaign_default_alpha_0_5/FedAvgM-results/test8_femnist/FEMNIST/FedAvgM__FEMNIST__Setup-10__Clients-10__Rounds-10__Delay-0_05__Partitioning-natural__Seed-54.txt
base_alpha_0.5/test8_femnist,FedAvgM,54,7,0.60150789953,1.87893147207,1.23948317184,8.67638220288,1.23948317184,8.67638220288,results/main_campaign_default_alpha_0_5/FedAvgM-results/test8_femnist/FEMNIST/FedAvgM__FEMNIST__Setup-10__Clients-10__Rounds-10__Delay-0_05__Partitioning-natural__Seed-54.txt
base_alpha_0.5/test8_femnist,FedAvgM,54,8,0.630522258461,1.87838117484,1.23948317184,9.91586537472,1.23948317184,9.91586537472,results/main_campaign_default_alpha_0_5/FedAvgM-results/test8_femnist/FEMNIST/FedAvgM__FEMNIST__Setup-10__Clients-10__Rounds-10__Delay-0_05__Partitioning-natural__Seed-54.txt
base_alpha_0.5/test8_femnist,FedAvgM,54,9,0.645177686475,2.05945787538,1.23948317184,11.1553485466,1.23948317184,11.1553485466,results/main_campaign_default_alpha_0_5/FedAvgM-results/test8_femnist/FEMNIST/FedAvgM__FEMNIST__Setup-10__Clients-10__Rounds-10__Delay-0_05__Partitioning-natural__Seed-54.txt
base_alpha_0.5/test8_femnist,FedAvgM,54,10,0.655216231098,1.93914467264,1.23948317184,12.3948317184,1.23948317184,12.3948317184,results/main_campaign_default_alpha_0_5/FedAvgM-results/test8_femnist/FEMNIST/FedAvgM__FEMNIST__Setup-10__Clients-10__Rounds-10__Delay-0_05__Partitioning-natural__Seed-54.txt
base_alpha_0.5/test8_femnist,FedAvgM,55,0,0.00422579066767,4.11927970311,0,0,0,0,results/main_campaign_default_alpha_0_5/FedAvgM-results/test8_femnist/FEMNIST/FedAvgM__FEMNIST__Setup-10__Clients-10__Rounds-10__Delay-0_05__Partitioning-natural__Seed-55.txt
base_alpha_0.5/test8_femnist,FedAvgM,55,1,0.168586806637,3.94210931118,1.23948317184,1.23948317184,1.23948317184,1.23948317184,results/main_campaign_default_alpha_0_5/FedAvgM-results/test8_femnist/FEMNIST/FedAvgM__FEMNIST__Setup-10__Clients-10__Rounds-10__Delay-0_05__Partitioning-natural__Seed-55.txt
base_alpha_0.5/test8_femnist,FedAvgM,55,2,0.3322805925,2.76804400795,1.23948317184,2.47896634368,1.23948317184,2.47896634368,results/main_campaign_default_alpha_0_5/FedAvgM-results/test8_femnist/FEMNIST/FedAvgM__FEMNIST__Setup-10__Clients-10__Rounds-10__Delay-0_05__Partitioning-natural__Seed-55.txt
base_alpha_0.5/test8_femnist,FedAvgM,55,3,0.459454650594,4.19840635027,1.23948317184,3.71844951552,1.23948317184,3.71844951552,results/main_campaign_default_alpha_0_5/FedAvgM-results/test8_femnist/FEMNIST/FedAvgM__FEMNIST__Setup-10__Clients-10__Rounds-10__Delay-0_05__Partitioning-natural__Seed-55.txt
base_alpha_0.5/test8_femnist,FedAvgM,55,4,0.550286908945,3.2455930969,1.23948317184,4.95793268736,1.23948317184,4.95793268736,results/main_campaign_default_alpha_0_5/FedAvgM-results/test8_femnist/FEMNIST/FedAvgM__FEMNIST__Setup-10__Clients-10__Rounds-10__Delay-0_05__Partitioning-natural__Seed-55.txt
base_alpha_0.5/test8_femnist,FedAvgM,55,5,0.556247497887,2.27948731278,1.23948317184,6.1974158592,1.23948317184,6.1974158592,results/main_campaign_default_alpha_0_5/FedAvgM-results/test8_femnist/FEMNIST/FedAvgM__FEMNIST__Setup-10__Clients-10__Rounds-10__Delay-0_05__Partitioning-natural__Seed-55.txt
base_alpha_0.5/test8_femnist,FedAvgM,55,6,0.558649526267,2.20139818555,1.23948317184,7.43689903104,1.23948317184,7.43689903104,results/main_campaign_default_alpha_0_5/FedAvgM-results/test8_femnist/FEMNIST/FedAvgM__FEMNIST__Setup-10__Clients-10__Rounds-10__Delay-0_05__Partitioning-natural__Seed-55.txt
base_alpha_0.5/test8_femnist,FedAvgM,55,7,0.587206974779,2.29363728291,1.23948317184,8.67638220288,1.23948317184,8.67638220288,results/main_campaign_default_alpha_0_5/FedAvgM-results/test8_femnist/FEMNIST/FedAvgM__FEMNIST__Setup-10__Clients-10__Rounds-10__Delay-0_05__Partitioning-natural__Seed-55.txt
base_alpha_0.5/test8_femnist,FedAvgM,55,8,0.607757662026,2.60137315098,1.23948317184,9.91586537472,1.23948317184,9.91586537472,results/main_campaign_default_alpha_0_5/FedAvgM-results/test8_femnist/FEMNIST/FedAvgM__FEMNIST__Setup-10__Clients-10__Rounds-10__Delay-0_05__Partitioning-natural__Seed-55.txt
base_alpha_0.5/test8_femnist,FedAvgM,55,9,0.644944619901,2.30288728618,1.23948317184,11.1553485466,1.23948317184,11.1553485466,results/main_campaign_default_alpha_0_5/FedAvgM-results/test8_femnist/FEMNIST/FedAvgM__FEMNIST__Setup-10__Clients-10__Rounds-10__Delay-0_05__Partitioning-natural__Seed-55.txt
base_alpha_0.5/test8_femnist,FedAvgM,55,10,0.654597215426,2.22301865553,1.23948317184,12.3948317184,1.23948317184,12.3948317184,results/main_campaign_default_alpha_0_5/FedAvgM-results/test8_femnist/FEMNIST/FedAvgM__FEMNIST__Setup-10__Clients-10__Rounds-10__Delay-0_05__Partitioning-natural__Seed-55.txt
base_alpha_0.5/test8_femnist,FedAvgM,56,0,0.00303497221833,4.13128820087,0,0,0,0,results/main_campaign_default_alpha_0_5/FedAvgM-results/test8_femnist/FEMNIST/FedAvgM__FEMNIST__Setup-10__Clients-10__Rounds-10__Delay-0_05__Partitioning-natural__Seed-56.txt
base_alpha_0.5/test8_femnist,FedAvgM,56,1,0.106364103282,3.96861654897,1.23948317184,1.23948317184,1.23948317184,1.23948317184,results/main_campaign_default_alpha_0_5/FedAvgM-results/test8_femnist/FEMNIST/FedAvgM__FEMNIST__Setup-10__Clients-10__Rounds-10__Delay-0_05__Partitioning-natural__Seed-56.txt
base_alpha_0.5/test8_femnist,FedAvgM,56,2,0.31129476584,2.77464880416,1.23948317184,2.47896634368,1.23948317184,2.47896634368,results/main_campaign_default_alpha_0_5/FedAvgM-results/test8_femnist/FEMNIST/FedAvgM__FEMNIST__Setup-10__Clients-10__Rounds-10__Delay-0_05__Partitioning-natural__Seed-56.txt
base_alpha_0.5/test8_femnist,FedAvgM,56,3,0.354064528179,5.45811572979,1.23948317184,3.71844951552,1.23948317184,3.71844951552,results/main_campaign_default_alpha_0_5/FedAvgM-results/test8_femnist/FEMNIST/FedAvgM__FEMNIST__Setup-10__Clients-10__Rounds-10__Delay-0_05__Partitioning-natural__Seed-56.txt
base_alpha_0.5/test8_femnist,FedAvgM,56,4,0.44544053789,4.23290114433,1.23948317184,4.95793268736,1.23948317184,4.95793268736,results/main_campaign_default_alpha_0_5/FedAvgM-results/test8_femnist/FEMNIST/FedAvgM__FEMNIST__Setup-10__Clients-10__Rounds-10__Delay-0_05__Partitioning-natural__Seed-56.txt
base_alpha_0.5/test8_femnist,FedAvgM,56,5,0.525330345053,2.50835624414,1.23948317184,6.1974158592,1.23948317184,6.1974158592,results/main_campaign_default_alpha_0_5/FedAvgM-results/test8_femnist/FEMNIST/FedAvgM__FEMNIST__Setup-10__Clients-10__Rounds-10__Delay-0_05__Partitioning-natural__Seed-56.txt
base_alpha_0.5/test8_femnist,FedAvgM,56,6,0.583228276603,1.91178274501,1.23948317184,7.43689903104,1.23948317184,7.43689903104,results/main_campaign_default_alpha_0_5/FedAvgM-results/test8_femnist/FEMNIST/FedAvgM__FEMNIST__Setup-10__Clients-10__Rounds-10__Delay-0_05__Partitioning-natural__Seed-56.txt
base_alpha_0.5/test8_femnist,FedAvgM,56,7,0.571275155251,2.11790980273,1.23948317184,8.67638220288,1.23948317184,8.67638220288,results/main_campaign_default_alpha_0_5/FedAvgM-results/test8_femnist/FEMNIST/FedAvgM__FEMNIST__Setup-10__Clients-10__Rounds-10__Delay-0_05__Partitioning-natural__Seed-56.txt
base_alpha_0.5/test8_femnist,FedAvgM,56,8,0.618947565018,2.11383671736,1.23948317184,9.91586537472,1.23948317184,9.91586537472,results/main_campaign_default_alpha_0_5/FedAvgM-results/test8_femnist/FEMNIST/FedAvgM__FEMNIST__Setup-10__Clients-10__Rounds-10__Delay-0_05__Partitioning-natural__Seed-56.txt
base_alpha_0.5/test8_femnist,FedAvgM,56,9,0.633048512864,2.24212062571,1.23948317184,11.1553485466,1.23948317184,11.1553485466,results/main_campaign_default_alpha_0_5/FedAvgM-results/test8_femnist/FEMNIST/FedAvgM__FEMNIST__Setup-10__Clients-10__Rounds-10__Delay-0_05__Partitioning-natural__Seed-56.txt
base_alpha_0.5/test8_femnist,FedAvgM,56,10,0.642760423962,2.28265680055,1.23948317184,12.3948317184,1.23948317184,12.3948317184,results/main_campaign_default_alpha_0_5/FedAvgM-results/test8_femnist/FEMNIST/FedAvgM__FEMNIST__Setup-10__Clients-10__Rounds-10__Delay-0_05__Partitioning-natural__Seed-56.txt
base_alpha_0.5/test8_femnist,FedAvgM,57,0,0.0140454545455,4.13481935536,0,0,0,0,results/main_campaign_default_alpha_0_5/FedAvgM-results/test8_femnist/FEMNIST/FedAvgM__FEMNIST__Setup-10__Clients-10__Rounds-10__Delay-0_05__Partitioning-natural__Seed-57.txt
base_alpha_0.5/test8_femnist,FedAvgM,57,1,0.0954090909091,3.93476549495,1.23948317184,1.23948317184,1.23948317184,1.23948317184,results/main_campaign_default_alpha_0_5/FedAvgM-results/test8_femnist/FEMNIST/FedAvgM__FEMNIST__Setup-10__Clients-10__Rounds-10__Delay-0_05__Partitioning-natural__Seed-57.txt
base_alpha_0.5/test8_femnist,FedAvgM,57,2,0.214772727273,3.08671841084,1.23948317184,2.47896634368,1.23948317184,2.47896634368,results/main_campaign_default_alpha_0_5/FedAvgM-results/test8_femnist/FEMNIST/FedAvgM__FEMNIST__Setup-10__Clients-10__Rounds-10__Delay-0_05__Partitioning-natural__Seed-57.txt
base_alpha_0.5/test8_femnist,FedAvgM,57,3,0.4145,3.89954533802,1.23948317184,3.71844951552,1.23948317184,3.71844951552,results/main_campaign_default_alpha_0_5/FedAvgM-results/test8_femnist/FEMNIST/FedAvgM__FEMNIST__Setup-10__Clients-10__Rounds-10__Delay-0_05__Partitioning-natural__Seed-57.txt
base_alpha_0.5/test8_femnist,FedAvgM,57,4,0.454863636364,3.45508248485,1.23948317184,4.95793268736,1.23948317184,4.95793268736,results/main_campaign_default_alpha_0_5/FedAvgM-results/test8_femnist/FEMNIST/FedAvgM__FEMNIST__Setup-10__Clients-10__Rounds-10__Delay-0_05__Partitioning-natural__Seed-57.txt
base_alpha_0.5/test8_femnist,FedAvgM,57,5,0.540409090909,2.28066832594,1.23948317184,6.1974158592,1.23948317184,6.1974158592,results/main_campaign_default_alpha_0_5/FedAvgM-results/test8_femnist/FEMNIST/FedAvgM__FEMNIST__Setup-10__Clients-10__Rounds-10__Delay-0_05__Partitioning-natural__Seed-57.txt
base_alpha_0.5/test8_femnist,FedAvgM,57,6,0.574681818182,1.96053026668,1.23948317184,7.43689903104,1.23948317184,7.43689903104,results/main_campaign_default_alpha_0_5/FedAvgM-results/test8_femnist/FEMNIST/FedAvgM__FEMNIST__Setup-10__Clients-10__Rounds-10__Delay-0_05__Partitioning-natural__Seed-57.txt
base_alpha_0.5/test8_femnist,FedAvgM,57,7,0.583863636364,1.9917985278,1.23948317184,8.67638220288,1.23948317184,8.67638220288,results/main_campaign_default_alpha_0_5/FedAvgM-results/test8_femnist/FEMNIST/FedAvgM__FEMNIST__Setup-10__Clients-10__Rounds-10__Delay-0_05__Partitioning-natural__Seed-57.txt
base_alpha_0.5/test8_femnist,FedAvgM,57,8,0.605136363636,2.06379692104,1.23948317184,9.91586537472,1.23948317184,9.91586537472,results/main_campaign_default_alpha_0_5/FedAvgM-results/test8_femnist/FEMNIST/FedAvgM__FEMNIST__Setup-10__Clients-10__Rounds-10__Delay-0_05__Partitioning-natural__Seed-57.txt
base_alpha_0.5/test8_femnist,FedAvgM,57,9,0.62,2.14891075566,1.23948317184,11.1553485466,1.23948317184,11.1553485466,results/main_campaign_default_alpha_0_5/FedAvgM-results/test8_femnist/FEMNIST/FedAvgM__FEMNIST__Setup-10__Clients-10__Rounds-10__Delay-0_05__Partitioning-natural__Seed-57.txt
base_alpha_0.5/test8_femnist,FedAvgM,57,10,0.641909090909,2.09741024177,1.23948317184,12.3948317184,1.23948317184,12.3948317184,results/main_campaign_default_alpha_0_5/FedAvgM-results/test8_femnist/FEMNIST/FedAvgM__FEMNIST__Setup-10__Clients-10__Rounds-10__Delay-0_05__Partitioning-natural__Seed-57.txt
base_alpha_0.5/test8_femnist,FedAvgM,58,0,0.00388507842103,4.12718850213,0,0,0,0,results/main_campaign_default_alpha_0_5/FedAvgM-results/test8_femnist/FEMNIST/FedAvgM__FEMNIST__Setup-10__Clients-10__Rounds-10__Delay-0_05__Partitioning-natural__Seed-58.txt
base_alpha_0.5/test8_femnist,FedAvgM,58,1,0.129358722241,3.97710839344,1.23948317184,1.23948317184,1.23948317184,1.23948317184,results/main_campaign_default_alpha_0_5/FedAvgM-results/test8_femnist/FEMNIST/FedAvgM__FEMNIST__Setup-10__Clients-10__Rounds-10__Delay-0_05__Partitioning-natural__Seed-58.txt
base_alpha_0.5/test8_femnist,FedAvgM,58,2,0.273874046717,2.82530349665,1.23948317184,2.47896634368,1.23948317184,2.47896634368,results/main_campaign_default_alpha_0_5/FedAvgM-results/test8_femnist/FEMNIST/FedAvgM__FEMNIST__Setup-10__Clients-10__Rounds-10__Delay-0_05__Partitioning-natural__Seed-58.txt
base_alpha_0.5/test8_femnist,FedAvgM,58,3,0.447167729867,3.42046853353,1.23948317184,3.71844951552,1.23948317184,3.71844951552,results/main_campaign_default_alpha_0_5/FedAvgM-results/test8_femnist/FEMNIST/FedAvgM__FEMNIST__Setup-10__Clients-10__Rounds-10__Delay-0_05__Partitioning-natural__Seed-58.txt
base_alpha_0.5/test8_femnist,FedAvgM,58,4,0.498009496858,2.75765289434,1.23948317184,4.95793268736,1.23948317184,4.95793268736,results/main_campaign_default_alpha_0_5/FedAvgM-results/test8_femnist/FEMNIST/FedAvgM__FEMNIST__Setup-10__Clients-10__Rounds-10__Delay-0_05__Partitioning-natural__Seed-58.txt
base_alpha_0.5/test8_femnist,FedAvgM,58,5,0.486881864838,2.5028219059,1.23948317184,6.1974158592,1.23948317184,6.1974158592,results/main_campaign_default_alpha_0_5/FedAvgM-results/test8_femnist/FEMNIST/FedAvgM__FEMNIST__Setup-10__Clients-10__Rounds-10__Delay-0_05__Partitioning-natural__Seed-58.txt
base_alpha_0.5/test8_femnist,FedAvgM,58,6,0.528850304571,2.06095326516,1.23948317184,7.43689903104,1.23948317184,7.43689903104,results/main_campaign_default_alpha_0_5/FedAvgM-results/test8_femnist/FEMNIST/FedAvgM__FEMNIST__Setup-10__Clients-10__Rounds-10__Delay-0_05__Partitioning-natural__Seed-58.txt
base_alpha_0.5/test8_femnist,FedAvgM,58,7,0.58559163509,1.92146332212,1.23948317184,8.67638220288,1.23948317184,8.67638220288,results/main_campaign_default_alpha_0_5/FedAvgM-results/test8_femnist/FEMNIST/FedAvgM__FEMNIST__Setup-10__Clients-10__Rounds-10__Delay-0_05__Partitioning-natural__Seed-58.txt
base_alpha_0.5/test8_femnist,FedAvgM,58,8,0.613794426591,2.07478617691,1.23948317184,9.91586537472,1.23948317184,9.91586537472,results/main_campaign_default_alpha_0_5/FedAvgM-results/test8_femnist/FEMNIST/FedAvgM__FEMNIST__Setup-10__Clients-10__Rounds-10__Delay-0_05__Partitioning-natural__Seed-58.txt
base_alpha_0.5/test8_femnist,FedAvgM,58,9,0.651254256799,2.02991120527,1.23948317184,11.1553485466,1.23948317184,11.1553485466,results/main_campaign_default_alpha_0_5/FedAvgM-results/test8_femnist/FEMNIST/FedAvgM__FEMNIST__Setup-10__Clients-10__Rounds-10__Delay-0_05__Partitioning-natural__Seed-58.txt
base_alpha_0.5/test8_femnist,FedAvgM,58,10,0.655954722049,1.81019765114,1.23948317184,12.3948317184,1.23948317184,12.3948317184,results/main_campaign_default_alpha_0_5/FedAvgM-results/test8_femnist/FEMNIST/FedAvgM__FEMNIST__Setup-10__Clients-10__Rounds-10__Delay-0_05__Partitioning-natural__Seed-58.txt
base_alpha_0.5/test8_femnist,FedAvgM,59,0,0.00703125,4.11830902563,0,0,0,0,results/main_campaign_default_alpha_0_5/FedAvgM-results/test8_femnist/FEMNIST/FedAvgM__FEMNIST__Setup-10__Clients-10__Rounds-10__Delay-0_05__Partitioning-natural__Seed-59.txt
base_alpha_0.5/test8_femnist,FedAvgM,59,1,0.119401041667,3.92324194544,1.23948317184,1.23948317184,1.23948317184,1.23948317184,results/main_campaign_default_alpha_0_5/FedAvgM-results/test8_femnist/FEMNIST/FedAvgM__FEMNIST__Setup-10__Clients-10__Rounds-10__Delay-0_05__Partitioning-natural__Seed-59.txt
base_alpha_0.5/test8_femnist,FedAvgM,59,2,0.338541666667,2.80087968393,1.23948317184,2.47896634368,1.23948317184,2.47896634368,results/main_campaign_default_alpha_0_5/FedAvgM-results/test8_femnist/FEMNIST/FedAvgM__FEMNIST__Setup-10__Clients-10__Rounds-10__Delay-0_05__Partitioning-natural__Seed-59.txt
base_alpha_0.5/test8_femnist,FedAvgM,59,3,0.452994791667,3.73530258801,1.23948317184,3.71844951552,1.23948317184,3.71844951552,results/main_campaign_default_alpha_0_5/FedAvgM-results/test8_femnist/FEMNIST/FedAvgM__FEMNIST__Setup-10__Clients-10__Rounds-10__Delay-0_05__Partitioning-natural__Seed-59.txt
base_alpha_0.5/test8_femnist,FedAvgM,59,4,0.497569444444,2.70660242082,1.23948317184,4.95793268736,1.23948317184,4.95793268736,results/main_campaign_default_alpha_0_5/FedAvgM-results/test8_femnist/FEMNIST/FedAvgM__FEMNIST__Setup-10__Clients-10__Rounds-10__Delay-0_05__Partitioning-natural__Seed-59.txt
base_alpha_0.5/test8_femnist,FedAvgM,59,5,0.550086805556,2.61518316468,1.23948317184,6.1974158592,1.23948317184,6.1974158592,results/main_campaign_default_alpha_0_5/FedAvgM-results/test8_femnist/FEMNIST/FedAvgM__FEMNIST__Setup-10__Clients-10__Rounds-10__Delay-0_05__Partitioning-natural__Seed-59.txt
base_alpha_0.5/test8_femnist,FedAvgM,59,6,0.565451388889,2.33951426289,1.23948317184,7.43689903104,1.23948317184,7.43689903104,results/main_campaign_default_alpha_0_5/FedAvgM-results/test8_femnist/FEMNIST/FedAvgM__FEMNIST__Setup-10__Clients-10__Rounds-10__Delay-0_05__Partitioning-natural__Seed-59.txt
base_alpha_0.5/test8_femnist,FedAvgM,59,7,0.579470486111,2.22640789551,1.23948317184,8.67638220288,1.23948317184,8.67638220288,results/main_campaign_default_alpha_0_5/FedAvgM-results/test8_femnist/FEMNIST/FedAvgM__FEMNIST__Setup-10__Clients-10__Rounds-10__Delay-0_05__Partitioning-natural__Seed-59.txt
base_alpha_0.5/test8_femnist,FedAvgM,59,8,0.609375,2.17051614198,1.23948317184,9.91586537472,1.23948317184,9.91586537472,results/main_campaign_default_alpha_0_5/FedAvgM-results/test8_femnist/FEMNIST/FedAvgM__FEMNIST__Setup-10__Clients-10__Rounds-10__Delay-0_05__Partitioning-natural__Seed-59.txt
base_alpha_0.5/test8_femnist,FedAvgM,59,9,0.641623263889,2.15310445355,1.23948317184,11.1553485466,1.23948317184,11.1553485466,results/main_campaign_default_alpha_0_5/FedAvgM-results/test8_femnist/FEMNIST/FedAvgM__FEMNIST__Setup-10__Clients-10__Rounds-10__Delay-0_05__Partitioning-natural__Seed-59.txt
base_alpha_0.5/test8_femnist,FedAvgM,59,10,0.653038194444,2.17001011722,1.23948317184,12.3948317184,1.23948317184,12.3948317184,results/main_campaign_default_alpha_0_5/FedAvgM-results/test8_femnist/FEMNIST/FedAvgM__FEMNIST__Setup-10__Clients-10__Rounds-10__Delay-0_05__Partitioning-natural__Seed-59.txt
base_alpha_0.5/test8_femnist,FedAvgM,60,0,0.00522466039707,4.12836570204,0,0,0,0,results/main_campaign_default_alpha_0_5/FedAvgM-results/test8_femnist/FEMNIST/FedAvgM__FEMNIST__Setup-10__Clients-10__Rounds-10__Delay-0_05__Partitioning-natural__Seed-60.txt
base_alpha_0.5/test8_femnist,FedAvgM,60,1,0.128526645768,3.96628143306,1.23948317184,1.23948317184,1.23948317184,1.23948317184,results/main_campaign_default_alpha_0_5/FedAvgM-results/test8_femnist/FEMNIST/FedAvgM__FEMNIST__Setup-10__Clients-10__Rounds-10__Delay-0_05__Partitioning-natural__Seed-60.txt
base_alpha_0.5/test8_femnist,FedAvgM,60,2,0.284857571214,2.99905210366,1.23948317184,2.47896634368,1.23948317184,2.47896634368,results/main_campaign_default_alpha_0_5/FedAvgM-results/test8_femnist/FEMNIST/FedAvgM__FEMNIST__Setup-10__Clients-10__Rounds-10__Delay-0_05__Partitioning-natural__Seed-60.txt
base_alpha_0.5/test8_femnist,FedAvgM,60,3,0.443051201672,3.97041558309,1.23948317184,3.71844951552,1.23948317184,3.71844951552,results/main_campaign_default_alpha_0_5/FedAvgM-results/test8_femnist/FEMNIST/FedAvgM__FEMNIST__Setup-10__Clients-10__Rounds-10__Delay-0_05__Partitioning-natural__Seed-60.txt
base_alpha_0.5/test8_femnist,FedAvgM,60,4,0.496978783336,3.70235850267,1.23948317184,4.95793268736,1.23948317184,4.95793268736,results/main_campaign_default_alpha_0_5/FedAvgM-results/test8_femnist/FEMNIST/FedAvgM__FEMNIST__Setup-10__Clients-10__Rounds-10__Delay-0_05__Partitioning-natural__Seed-60.txt
base_alpha_0.5/test8_femnist,FedAvgM,60,5,0.544000726909,2.40947001432,1.23948317184,6.1974158592,1.23948317184,6.1974158592,results/main_campaign_default_alpha_0_5/FedAvgM-results/test8_femnist/FEMNIST/FedAvgM__FEMNIST__Setup-10__Clients-10__Rounds-10__Delay-0_05__Partitioning-natural__Seed-60.txt
base_alpha_0.5/test8_femnist,FedAvgM,60,6,0.566444050702,1.98813818151,1.23948317184,7.43689903104,1.23948317184,7.43689903104,results/main_campaign_default_alpha_0_5/FedAvgM-results/test8_femnist/FEMNIST/FedAvgM__FEMNIST__Setup-10__Clients-10__Rounds-10__Delay-0_05__Partitioning-natural__Seed-60.txt
base_alpha_0.5/test8_femnist,FedAvgM,60,7,0.578301758212,2.13936012623,1.23948317184,8.67638220288,1.23948317184,8.67638220288,results/main_campaign_default_alpha_0_5/FedAvgM-results/test8_femnist/FEMNIST/FedAvgM__FEMNIST__Setup-10__Clients-10__Rounds-10__Delay-0_05__Partitioning-natural__Seed-60.txt
base_alpha_0.5/test8_femnist,FedAvgM,60,8,0.628685657171,2.07644921192,1.23948317184,9.91586537472,1.23948317184,9.91586537472,results/main_campaign_default_alpha_0_5/FedAvgM-results/test8_femnist/FEMNIST/FedAvgM__FEMNIST__Setup-10__Clients-10__Rounds-10__Delay-0_05__Partitioning-natural__Seed-60.txt
base_alpha_0.5/test8_femnist,FedAvgM,60,9,0.633955749398,2.25364670426,1.23948317184,11.1553485466,1.23948317184,11.1553485466,results/main_campaign_default_alpha_0_5/FedAvgM-results/test8_femnist/FEMNIST/FedAvgM__FEMNIST__Setup-10__Clients-10__Rounds-10__Delay-0_05__Partitioning-natural__Seed-60.txt
base_alpha_0.5/test8_femnist,FedAvgM,60,10,0.649811457907,2.12721326701,1.23948317184,12.3948317184,1.23948317184,12.3948317184,results/main_campaign_default_alpha_0_5/FedAvgM-results/test8_femnist/FEMNIST/FedAvgM__FEMNIST__Setup-10__Clients-10__Rounds-10__Delay-0_05__Partitioning-natural__Seed-60.txt
base_alpha_0.5/test8_femnist,FedAvgM,61,0,0.00623728213749,4.13927375651,0,0,0,0,results/main_campaign_default_alpha_0_5/FedAvgM-results/test8_femnist/FEMNIST/FedAvgM__FEMNIST__Setup-10__Clients-10__Rounds-10__Delay-0_05__Partitioning-natural__Seed-61.txt
base_alpha_0.5/test8_femnist,FedAvgM,61,1,0.132973546846,3.96962677126,1.23948317184,1.23948317184,1.23948317184,1.23948317184,results/main_campaign_default_alpha_0_5/FedAvgM-results/test8_femnist/FEMNIST/FedAvgM__FEMNIST__Setup-10__Clients-10__Rounds-10__Delay-0_05__Partitioning-natural__Seed-61.txt
base_alpha_0.5/test8_femnist,FedAvgM,61,2,0.393921967619,2.69690262538,1.23948317184,2.47896634368,1.23948317184,2.47896634368,results/main_campaign_default_alpha_0_5/FedAvgM-results/test8_femnist/FEMNIST/FedAvgM__FEMNIST__Setup-10__Clients-10__Rounds-10__Delay-0_05__Partitioning-natural__Seed-61.txt
base_alpha_0.5/test8_femnist,FedAvgM,61,3,0.451826948598,3.84316914957,1.23948317184,3.71844951552,1.23948317184,3.71844951552,results/main_campaign_default_alpha_0_5/FedAvgM-results/test8_femnist/FEMNIST/FedAvgM__FEMNIST__Setup-10__Clients-10__Rounds-10__Delay-0_05__Partitioning-natural__Seed-61.txt
base_alpha_0.5/test8_femnist,FedAvgM,61,4,0.520038927718,2.78985806939,1.23948317184,4.95793268736,1.23948317184,4.95793268736,results/main_campaign_default_alpha_0_5/FedAvgM-results/test8_femnist/FEMNIST/FedAvgM__FEMNIST__Setup-10__Clients-10__Rounds-10__Delay-0_05__Partitioning-natural__Seed-61.txt
base_alpha_0.5/test8_femnist,FedAvgM,61,5,0.540254799611,2.23294669705,1.23948317184,6.1974158592,1.23948317184,6.1974158592,results/main_campaign_default_alpha_0_5/FedAvgM-results/test8_femnist/FEMNIST/FedAvgM__FEMNIST__Setup-10__Clients-10__Rounds-10__Delay-0_05__Partitioning-natural__Seed-61.txt
base_alpha_0.5/test8_femnist,FedAvgM,61,6,0.533044324516,2.28702609492,1.23948317184,7.43689903104,1.23948317184,7.43689903104,results/main_campaign_default_alpha_0_5/FedAvgM-results/test8_femnist/FEMNIST/FedAvgM__FEMNIST__Setup-10__Clients-10__Rounds-10__Delay-0_05__Partitioning-natural__Seed-61.txt
base_alpha_0.5/test8_femnist,FedAvgM,61,7,0.576926479696,2.19238430058,1.23948317184,8.67638220288,1.23948317184,8.67638220288,results/main_campaign_default_alpha_0_5/FedAvgM-results/test8_femnist/FEMNIST/FedAvgM__FEMNIST__Setup-10__Clients-10__Rounds-10__Delay-0_05__Partitioning-natural__Seed-61.txt
base_alpha_0.5/test8_femnist,FedAvgM,61,8,0.610590108821,2.16692940225,1.23948317184,9.91586537472,1.23948317184,9.91586537472,results/main_campaign_default_alpha_0_5/FedAvgM-results/test8_femnist/FEMNIST/FedAvgM__FEMNIST__Setup-10__Clients-10__Rounds-10__Delay-0_05__Partitioning-natural__Seed-61.txt
base_alpha_0.5/test8_femnist,FedAvgM,61,9,0.628594178537,2.22648330546,1.23948317184,11.1553485466,1.23948317184,11.1553485466,results/main_campaign_default_alpha_0_5/FedAvgM-results/test8_femnist/FEMNIST/FedAvgM__FEMNIST__Setup-10__Clients-10__Rounds-10__Delay-0_05__Partitioning-natural__Seed-61.txt
base_alpha_0.5/test8_femnist,FedAvgM,61,10,0.634610280457,2.07789025593,1.23948317184,12.3948317184,1.23948317184,12.3948317184,results/main_campaign_default_alpha_0_5/FedAvgM-results/test8_femnist/FEMNIST/FedAvgM__FEMNIST__Setup-10__Clients-10__Rounds-10__Delay-0_05__Partitioning-natural__Seed-61.txt
base_alpha_0.5/test8_femnist,FedAvgM,62,0,0.0164055208998,4.12535221246,0,0,0,0,results/main_campaign_default_alpha_0_5/FedAvgM-results/test8_femnist/FEMNIST/FedAvgM__FEMNIST__Setup-10__Clients-10__Rounds-10__Delay-0_05__Partitioning-natural__Seed-62.txt
base_alpha_0.5/test8_femnist,FedAvgM,62,1,0.0908689031878,3.96669826353,1.23948317184,1.23948317184,1.23948317184,1.23948317184,results/main_campaign_default_alpha_0_5/FedAvgM-results/test8_femnist/FEMNIST/FedAvgM__FEMNIST__Setup-10__Clients-10__Rounds-10__Delay-0_05__Partitioning-natural__Seed-62.txt
base_alpha_0.5/test8_femnist,FedAvgM,62,2,0.334986983644,2.82951738453,1.23948317184,2.47896634368,1.23948317184,2.47896634368,results/main_campaign_default_alpha_0_5/FedAvgM-results/test8_femnist/FEMNIST/FedAvgM__FEMNIST__Setup-10__Clients-10__Rounds-10__Delay-0_05__Partitioning-natural__Seed-62.txt
base_alpha_0.5/test8_femnist,FedAvgM,62,3,0.40537354487,4.49526812755,1.23948317184,3.71844951552,1.23948317184,3.71844951552,results/main_campaign_default_alpha_0_5/FedAvgM-results/test8_femnist/FEMNIST/FedAvgM__FEMNIST__Setup-10__Clients-10__Rounds-10__Delay-0_05__Partitioning-natural__Seed-62.txt
base_alpha_0.5/test8_femnist,FedAvgM,62,4,0.511763839088,3.16942301485,1.23948317184,4.95793268736,1.23948317184,4.95793268736,results/main_campaign_default_alpha_0_5/FedAvgM-results/test8_femnist/FEMNIST/FedAvgM__FEMNIST__Setup-10__Clients-10__Rounds-10__Delay-0_05__Partitioning-natural__Seed-62.txt
base_alpha_0.5/test8_femnist,FedAvgM,62,5,0.515545950194,2.52106708962,1.23948317184,6.1974158592,1.23948317184,6.1974158592,results/main_campaign_default_alpha_0_5/FedAvgM-results/test8_femnist/FEMNIST/FedAvgM__FEMNIST__Setup-10__Clients-10__Rounds-10__Delay-0_05__Partitioning-natural__Seed-62.txt
base_alpha_0.5/test8_femnist,FedAvgM,62,6,0.520163072842,2.33955894404,1.23948317184,7.43689903104,1.23948317184,7.43689903104,results/main_campaign_default_alpha_0_5/FedAvgM-results/test8_femnist/FEMNIST/FedAvgM__FEMNIST__Setup-10__Clients-10__Rounds-10__Delay-0_05__Partitioning-natural__Seed-62.txt
base_alpha_0.5/test8_femnist,FedAvgM,62,7,0.575028243037,2.02321256162,1.23948317184,8.67638220288,1.23948317184,8.67638220288,results/main_campaign_default_alpha_0_5/FedAvgM-results/test8_femnist/FEMNIST/FedAvgM__FEMNIST__Setup-10__Clients-10__Rounds-10__Delay-0_05__Partitioning-natural__Seed-62.txt
base_alpha_0.5/test8_femnist,FedAvgM,62,8,0.609902254531,2.079129519,1.23948317184,9.91586537472,1.23948317184,9.91586537472,results/main_campaign_default_alpha_0_5/FedAvgM-results/test8_femnist/FEMNIST/FedAvgM__FEMNIST__Setup-10__Clients-10__Rounds-10__Delay-0_05__Partitioning-natural__Seed-62.txt
base_alpha_0.5/test8_femnist,FedAvgM,62,9,0.631563436318,2.19244769387,1.23948317184,11.1553485466,1.23948317184,11.1553485466,results/main_campaign_default_alpha_0_5/FedAvgM-results/test8_femnist/FEMNIST/FedAvgM__FEMNIST__Setup-10__Clients-10__Rounds-10__Delay-0_05__Partitioning-natural__Seed-62.txt
base_alpha_0.5/test8_femnist,FedAvgM,62,10,0.643008006287,2.16014986554,1.23948317184,12.3948317184,1.23948317184,12.3948317184,results/main_campaign_default_alpha_0_5/FedAvgM-results/test8_femnist/FEMNIST/FedAvgM__FEMNIST__Setup-10__Clients-10__Rounds-10__Delay-0_05__Partitioning-natural__Seed-62.txt
base_alpha_0.5/test8_femnist,FedAvgM,63,0,0.0138180842501,4.13353818986,0,0,0,0,results/main_campaign_default_alpha_0_5/FedAvgM-results/test8_femnist/FEMNIST/FedAvgM__FEMNIST__Setup-10__Clients-10__Rounds-10__Delay-0_05__Partitioning-natural__Seed-63.txt
base_alpha_0.5/test8_femnist,FedAvgM,63,1,0.176012878991,3.96828392464,1.23948317184,1.23948317184,1.23948317184,1.23948317184,results/main_campaign_default_alpha_0_5/FedAvgM-results/test8_femnist/FEMNIST/FedAvgM__FEMNIST__Setup-10__Clients-10__Rounds-10__Delay-0_05__Partitioning-natural__Seed-63.txt
base_alpha_0.5/test8_femnist,FedAvgM,63,2,0.324970932832,2.88484602663,1.23948317184,2.47896634368,1.23948317184,2.47896634368,results/main_campaign_default_alpha_0_5/FedAvgM-results/test8_femnist/FEMNIST/FedAvgM__FEMNIST__Setup-10__Clients-10__Rounds-10__Delay-0_05__Partitioning-natural__Seed-63.txt
base_alpha_0.5/test8_femnist,FedAvgM,63,3,0.436723012253,3.76981030514,1.23948317184,3.71844951552,1.23948317184,3.71844951552,results/main_campaign_default_alpha_0_5/FedAvgM-results/test8_femnist/FEMNIST/FedAvgM__FEMNIST__Setup-10__Clients-10__Rounds-10__Delay-0_05__Partitioning-natural__Seed-63.txt
base_alpha_0.5/test8_femnist,FedAvgM,63,4,0.476075485198,3.26096082461,1.23948317184,4.95793268736,1.23948317184,4.95793268736,results/main_campaign_default_alpha_0_5/FedAvgM-results/test8_femnist/FEMNIST/FedAvgM__FEMNIST__Setup-10__Clients-10__Rounds-10__Delay-0_05__Partitioning-natural__Seed-63.txt
base_alpha_0.5/test8_femnist,FedAvgM,63,5,0.548877560147,2.34891922644,1.23948317184,6.1974158592,1.23948317184,6.1974158592,results/main_campaign_default_alpha_0_5/FedAvgM-results/test8_femnist/FEMNIST/FedAvgM__FEMNIST__Setup-10__Clients-10__Rounds-10__Delay-0_05__Partitioning-natural__Seed-63.txt
base_alpha_0.5/test8_femnist,FedAvgM,63,6,0.58711206511,2.03457113584,1.23948317184,7.43689903104,1.23948317184,7.43689903104,results/main_campaign_default_alpha_0_5/FedAvgM-results/test8_femnist/FEMNIST/FedAvgM__FEMNIST__Setup-10__Clients-10__Rounds-10__Delay-0_05__Partitioning-natural__Seed-63.txt
base_alpha_0.5/test8_femnist,FedAvgM,63,7,0.588453626688,2.07382615401,1.23948317184,8.67638220288,1.23948317184,8.67638220288,results/main_campaign_default_alpha_0_5/FedAvgM-results/test8_femnist/FEMNIST/FedAvgM__FEMNIST__Setup-10__Clients-10__Rounds-10__Delay-0_05__Partitioning-natural__Seed-63.txt
base_alpha_0.5/test8_femnist,FedAvgM,63,8,0.59435649763,2.25845452673,1.23948317184,9.91586537472,1.23948317184,9.91586537472,results/main_campaign_default_alpha_0_5/FedAvgM-results/test8_femnist/FEMNIST/FedAvgM__FEMNIST__Setup-10__Clients-10__Rounds-10__Delay-0_05__Partitioning-natural__Seed-63.txt
base_alpha_0.5/test8_femnist,FedAvgM,63,9,0.627001162687,2.06485272207,1.23948317184,11.1553485466,1.23948317184,11.1553485466,results/main_campaign_default_alpha_0_5/FedAvgM-results/test8_femnist/FEMNIST/FedAvgM__FEMNIST__Setup-10__Clients-10__Rounds-10__Delay-0_05__Partitioning-natural__Seed-63.txt
base_alpha_0.5/test8_femnist,FedAvgM,63,10,0.644173150881,1.93922361148,1.23948317184,12.3948317184,1.23948317184,12.3948317184,results/main_campaign_default_alpha_0_5/FedAvgM-results/test8_femnist/FEMNIST/FedAvgM__FEMNIST__Setup-10__Clients-10__Rounds-10__Delay-0_05__Partitioning-natural__Seed-63.txt
base_alpha_0.5/test8_femnist,FedAvgM,64,0,0.0516648044693,4.12159225481,0,0,0,0,results/main_campaign_default_alpha_0_5/FedAvgM-results/test8_femnist/FEMNIST/FedAvgM__FEMNIST__Setup-10__Clients-10__Rounds-10__Delay-0_05__Partitioning-natural__Seed-64.txt
base_alpha_0.5/test8_femnist,FedAvgM,64,1,0.178234636872,3.90951094475,1.23948317184,1.23948317184,1.23948317184,1.23948317184,results/main_campaign_default_alpha_0_5/FedAvgM-results/test8_femnist/FEMNIST/FedAvgM__FEMNIST__Setup-10__Clients-10__Rounds-10__Delay-0_05__Partitioning-natural__Seed-64.txt
base_alpha_0.5/test8_femnist,FedAvgM,64,2,0.399508379888,2.63443359914,1.23948317184,2.47896634368,1.23948317184,2.47896634368,results/main_campaign_default_alpha_0_5/FedAvgM-results/test8_femnist/FEMNIST/FedAvgM__FEMNIST__Setup-10__Clients-10__Rounds-10__Delay-0_05__Partitioning-natural__Seed-64.txt
base_alpha_0.5/test8_femnist,FedAvgM,64,3,0.496581005587,3.81864466722,1.23948317184,3.71844951552,1.23948317184,3.71844951552,results/main_campaign_default_alpha_0_5/FedAvgM-results/test8_femnist/FEMNIST/FedAvgM__FEMNIST__Setup-10__Clients-10__Rounds-10__Delay-0_05__Partitioning-natural__Seed-64.txt
base_alpha_0.5/test8_femnist,FedAvgM,64,4,0.543776536313,2.84642241748,1.23948317184,4.95793268736,1.23948317184,4.95793268736,results/main_campaign_default_alpha_0_5/FedAvgM-results/test8_femnist/FEMNIST/FedAvgM__FEMNIST__Setup-10__Clients-10__Rounds-10__Delay-0_05__Partitioning-natural__Seed-64.txt
base_alpha_0.5/test8_femnist,FedAvgM,64,5,0.522145251397,2.41442010202,1.23948317184,6.1974158592,1.23948317184,6.1974158592,results/main_campaign_default_alpha_0_5/FedAvgM-results/test8_femnist/FEMNIST/FedAvgM__FEMNIST__Setup-10__Clients-10__Rounds-10__Delay-0_05__Partitioning-natural__Seed-64.txt
base_alpha_0.5/test8_femnist,FedAvgM,64,6,0.574837988827,1.97433019868,1.23948317184,7.43689903104,1.23948317184,7.43689903104,results/main_campaign_default_alpha_0_5/FedAvgM-results/test8_femnist/FEMNIST/FedAvgM__FEMNIST__Setup-10__Clients-10__Rounds-10__Delay-0_05__Partitioning-natural__Seed-64.txt
base_alpha_0.5/test8_femnist,FedAvgM,64,7,0.611039106145,1.85342161509,1.23948317184,8.67638220288,1.23948317184,8.67638220288,results/main_campaign_default_alpha_0_5/FedAvgM-results/test8_femnist/FEMNIST/FedAvgM__FEMNIST__Setup-10__Clients-10__Rounds-10__Delay-0_05__Partitioning-natural__Seed-64.txt
base_alpha_0.5/test8_femnist,FedAvgM,64,8,0.650234636872,1.85160850555,1.23948317184,9.91586537472,1.23948317184,9.91586537472,results/main_campaign_default_alpha_0_5/FedAvgM-results/test8_femnist/FEMNIST/FedAvgM__FEMNIST__Setup-10__Clients-10__Rounds-10__Delay-0_05__Partitioning-natural__Seed-64.txt
base_alpha_0.5/test8_femnist,FedAvgM,64,9,0.667396648045,1.87276383047,1.23948317184,11.1553485466,1.23948317184,11.1553485466,results/main_campaign_default_alpha_0_5/FedAvgM-results/test8_femnist/FEMNIST/FedAvgM__FEMNIST__Setup-10__Clients-10__Rounds-10__Delay-0_05__Partitioning-natural__Seed-64.txt
base_alpha_0.5/test8_femnist,FedAvgM,64,10,0.675351955307,1.82641067407,1.23948317184,12.3948317184,1.23948317184,12.3948317184,results/main_campaign_default_alpha_0_5/FedAvgM-results/test8_femnist/FEMNIST/FedAvgM__FEMNIST__Setup-10__Clients-10__Rounds-10__Delay-0_05__Partitioning-natural__Seed-64.txt
base_alpha_0.5/test8_femnist,FedAvgM,65,0,0.0162621862684,4.12260544658,0,0,0,0,results/main_campaign_default_alpha_0_5/FedAvgM-results/test8_femnist/FEMNIST/FedAvgM__FEMNIST__Setup-10__Clients-10__Rounds-10__Delay-0_05__Partitioning-natural__Seed-65.txt
base_alpha_0.5/test8_femnist,FedAvgM,65,1,0.116324414022,3.94853605592,1.23948317184,1.23948317184,1.23948317184,1.23948317184,results/main_campaign_default_alpha_0_5/FedAvgM-results/test8_femnist/FEMNIST/FedAvgM__FEMNIST__Setup-10__Clients-10__Rounds-10__Delay-0_05__Partitioning-natural__Seed-65.txt
base_alpha_0.5/test8_femnist,FedAvgM,65,2,0.299564405725,3.00122682328,1.23948317184,2.47896634368,1.23948317184,2.47896634368,results/main_campaign_default_alpha_0_5/FedAvgM-results/test8_femnist/FEMNIST/FedAvgM__FEMNIST__Setup-10__Clients-10__Rounds-10__Delay-0_05__Partitioning-natural__Seed-65.txt
base_alpha_0.5/test8_femnist,FedAvgM,65,3,0.448537647791,4.00391523319,1.23948317184,3.71844951552,1.23948317184,3.71844951552,results/main_campaign_default_alpha_0_5/FedAvgM-results/test8_femnist/FEMNIST/FedAvgM__FEMNIST__Setup-10__Clients-10__Rounds-10__Delay-0_05__Partitioning-natural__Seed-65.txt
base_alpha_0.5/test8_femnist,FedAvgM,65,4,0.507031736154,3.24168783752,1.23948317184,4.95793268736,1.23948317184,4.95793268736,results/main_campaign_default_alpha_0_5/FedAvgM-results/test8_femnist/FEMNIST/FedAvgM__FEMNIST__Setup-10__Clients-10__Rounds-10__Delay-0_05__Partitioning-natural__Seed-65.txt
base_alpha_0.5/test8_femnist,FedAvgM,65,5,0.559510475005,2.26222779528,1.23948317184,6.1974158592,1.23948317184,6.1974158592,results/main_campaign_default_alpha_0_5/FedAvgM-results/test8_femnist/FEMNIST/FedAvgM__FEMNIST__Setup-10__Clients-10__Rounds-10__Delay-0_05__Partitioning-natural__Seed-65.txt
base_alpha_0.5/test8_femnist,FedAvgM,65,6,0.575814146443,2.03757931281,1.23948317184,7.43689903104,1.23948317184,7.43689903104,results/main_campaign_default_alpha_0_5/FedAvgM-results/test8_femnist/FEMNIST/FedAvgM__FEMNIST__Setup-10__Clients-10__Rounds-10__Delay-0_05__Partitioning-natural__Seed-65.txt
base_alpha_0.5/test8_femnist,FedAvgM,65,7,0.596224849616,1.97226556022,1.23948317184,8.67638220288,1.23948317184,8.67638220288,results/main_campaign_default_alpha_0_5/FedAvgM-results/test8_femnist/FEMNIST/FedAvgM__FEMNIST__Setup-10__Clients-10__Rounds-10__Delay-0_05__Partitioning-natural__Seed-65.txt
base_alpha_0.5/test8_femnist,FedAvgM,65,8,0.627048330222,2.05609542057,1.23948317184,9.91586537472,1.23948317184,9.91586537472,results/main_campaign_default_alpha_0_5/FedAvgM-results/test8_femnist/FEMNIST/FedAvgM__FEMNIST__Setup-10__Clients-10__Rounds-10__Delay-0_05__Partitioning-natural__Seed-65.txt
base_alpha_0.5/test8_femnist,FedAvgM,65,9,0.653806264261,1.99760277158,1.23948317184,11.1553485466,1.23948317184,11.1553485466,results/main_campaign_default_alpha_0_5/FedAvgM-results/test8_femnist/FEMNIST/FedAvgM__FEMNIST__Setup-10__Clients-10__Rounds-10__Delay-0_05__Partitioning-natural__Seed-65.txt
base_alpha_0.5/test8_femnist,FedAvgM,65,10,0.66741339971,1.96658500105,1.23948317184,12.3948317184,1.23948317184,12.3948317184,results/main_campaign_default_alpha_0_5/FedAvgM-results/test8_femnist/FEMNIST/FedAvgM__FEMNIST__Setup-10__Clients-10__Rounds-10__Delay-0_05__Partitioning-natural__Seed-65.txt
base_alpha_0.5/test8_femnist,FedAvgM,66,0,0.0196325900996,4.11861910245,0,0,0,0,results/main_campaign_default_alpha_0_5/FedAvgM-results/test8_femnist/FEMNIST/FedAvgM__FEMNIST__Setup-10__Clients-10__Rounds-10__Delay-0_05__Partitioning-natural__Seed-66.txt
base_alpha_0.5/test8_femnist,FedAvgM,66,1,0.0662833637171,3.96317046003,1.23948317184,1.23948317184,1.23948317184,1.23948317184,results/main_campaign_default_alpha_0_5/FedAvgM-results/test8_femnist/FEMNIST/FedAvgM__FEMNIST__Setup-10__Clients-10__Rounds-10__Delay-0_05__Partitioning-natural__Seed-66.txt
base_alpha_0.5/test8_femnist,FedAvgM,66,2,0.304258402281,2.8642036997,1.23948317184,2.47896634368,1.23948317184,2.47896634368,results/main_campaign_default_alpha_0_5/FedAvgM-results/test8_femnist/FEMNIST/FedAvgM__FEMNIST__Setup-10__Clients-10__Rounds-10__Delay-0_05__Partitioning-natural__Seed-66.txt
base_alpha_0.5/test8_femnist,FedAvgM,66,3,0.393446454448,4.40133663118,1.23948317184,3.71844951552,1.23948317184,3.71844951552,results/main_campaign_default_alpha_0_5/FedAvgM-results/test8_femnist/FEMNIST/FedAvgM__FEMNIST__Setup-10__Clients-10__Rounds-10__Delay-0_05__Partitioning-natural__Seed-66.txt
base_alpha_0.5/test8_femnist,FedAvgM,66,4,0.476838218109,3.4011683304,1.23948317184,4.95793268736,1.23948317184,4.95793268736,results/main_campaign_default_alpha_0_5/FedAvgM-results/test8_femnist/FEMNIST/FedAvgM__FEMNIST__Setup-10__Clients-10__Rounds-10__Delay-0_05__Partitioning-natural__Seed-66.txt
base_alpha_0.5/test8_femnist,FedAvgM,66,5,0.507689431122,2.34210794083,1.23948317184,6.1974158592,1.23948317184,6.1974158592,results/main_campaign_default_alpha_0_5/FedAvgM-results/test8_femnist/FEMNIST/FedAvgM__FEMNIST__Setup-10__Clients-10__Rounds-10__Delay-0_05__Partitioning-natural__Seed-66.txt
base_alpha_0.5/test8_femnist,FedAvgM,66,6,0.534333660543,2.10158448845,1.23948317184,7.43689903104,1.23948317184,7.43689903104,results/main_campaign_default_alpha_0_5/FedAvgM-results/test8_femnist/FEMNIST/FedAvgM__FEMNIST__Setup-10__Clients-10__Rounds-10__Delay-0_05__Partitioning-natural__Seed-66.txt
base_alpha_0.5/test8_femnist,FedAvgM,66,7,0.560136493245,2.03907896518,1.23948317184,8.67638220288,1.23948317184,8.67638220288,results/main_campaign_default_alpha_0_5/FedAvgM-results/test8_femnist/FEMNIST/FedAvgM__FEMNIST__Setup-10__Clients-10__Rounds-10__Delay-0_05__Partitioning-natural__Seed-66.txt
base_alpha_0.5/test8_femnist,FedAvgM,66,8,0.590380030851,2.1081998101,1.23948317184,9.91586537472,1.23948317184,9.91586537472,results/main_campaign_default_alpha_0_5/FedAvgM-results/test8_femnist/FEMNIST/FedAvgM__FEMNIST__Setup-10__Clients-10__Rounds-10__Delay-0_05__Partitioning-natural__Seed-66.txt
base_alpha_0.5/test8_femnist,FedAvgM,66,9,0.633711961857,2.15008358866,1.23948317184,11.1553485466,1.23948317184,11.1553485466,results/main_campaign_default_alpha_0_5/FedAvgM-results/test8_femnist/FEMNIST/FedAvgM__FEMNIST__Setup-10__Clients-10__Rounds-10__Delay-0_05__Partitioning-natural__Seed-66.txt
base_alpha_0.5/test8_femnist,FedAvgM,66,10,0.650539896228,1.97798868737,1.23948317184,12.3948317184,1.23948317184,12.3948317184,results/main_campaign_default_alpha_0_5/FedAvgM-results/test8_femnist/FEMNIST/FedAvgM__FEMNIST__Setup-10__Clients-10__Rounds-10__Delay-0_05__Partitioning-natural__Seed-66.txt
base_alpha_0.5/test8_femnist,FedAvgM,67,0,0.0154616724739,4.12624392825,0,0,0,0,results/main_campaign_default_alpha_0_5/FedAvgM-results/test8_femnist/FEMNIST/FedAvgM__FEMNIST__Setup-10__Clients-10__Rounds-10__Delay-0_05__Partitioning-natural__Seed-67.txt
base_alpha_0.5/test8_femnist,FedAvgM,67,1,0.154921602787,3.91962077643,1.23948317184,1.23948317184,1.23948317184,1.23948317184,results/main_campaign_default_alpha_0_5/FedAvgM-results/test8_femnist/FEMNIST/FedAvgM__FEMNIST__Setup-10__Clients-10__Rounds-10__Delay-0_05__Partitioning-natural__Seed-67.txt
base_alpha_0.5/test8_femnist,FedAvgM,67,2,0.312325783972,2.82605450594,1.23948317184,2.47896634368,1.23948317184,2.47896634368,results/main_campaign_default_alpha_0_5/FedAvgM-results/test8_femnist/FEMNIST/FedAvgM__FEMNIST__Setup-10__Clients-10__Rounds-10__Delay-0_05__Partitioning-natural__Seed-67.txt
base_alpha_0.5/test8_femnist,FedAvgM,67,3,0.381489547038,4.29642196798,1.23948317184,3.71844951552,1.23948317184,3.71844951552,results/main_campaign_default_alpha_0_5/FedAvgM-results/test8_femnist/FEMNIST/FedAvgM__FEMNIST__Setup-10__Clients-10__Rounds-10__Delay-0_05__Partitioning-natural__Seed-67.txt
base_alpha_0.5/test8_femnist,FedAvgM,67,4,0.377961672474,3.233200894,1.23948317184,4.95793268736,1.23948317184,4.95793268736,results/main_campaign_default_alpha_0_5/FedAvgM-results/test8_femnist/FEMNIST/FedAvgM__FEMNIST__Setup-10__Clients-10__Rounds-10__Delay-0_05__Partitioning-natural__Seed-67.txt
base_alpha_0.5/test8_femnist,FedAvgM,67,5,0.530400696864,2.18493525841,1.23948317184,6.1974158592,1.23948317184,6.1974158592,results/main_campaign_default_alpha_0_5/FedAvgM-results/test8_femnist/FEMNIST/FedAvgM__FEMNIST__Setup-10__Clients-10__Rounds-10__Delay-0_05__Partitioning-natural__Seed-67.txt
base_alpha_0.5/test8_femnist,FedAvgM,67,6,0.572473867596,1.90664024021,1.23948317184,7.43689903104,1.23948317184,7.43689903104,results/main_campaign_default_alpha_0_5/FedAvgM-results/test8_femnist/FEMNIST/FedAvgM__FEMNIST__Setup-10__Clients-10__Rounds-10__Delay-0_05__Partitioning-natural__Seed-67.txt
base_alpha_0.5/test8_femnist,FedAvgM,67,7,0.57456445993,2.07591437479,1.23948317184,8.67638220288,1.23948317184,8.67638220288,results/main_campaign_default_alpha_0_5/FedAvgM-results/test8_femnist/FEMNIST/FedAvgM__FEMNIST__Setup-10__Clients-10__Rounds-10__Delay-0_05__Partitioning-natural__Seed-67.txt
base_alpha_0.5/test8_femnist,FedAvgM,67,8,0.596864111498,2.29170490055,1.23948317184,9.91586537472,1.23948317184,9.91586537472,results/main_campaign_default_alpha_0_5/FedAvgM-results/test8_femnist/FEMNIST/FedAvgM__FEMNIST__Setup-10__Clients-10__Rounds-10__Delay-0_05__Partitioning-natural__Seed-67.txt
base_alpha_0.5/test8_femnist,FedAvgM,67,9,0.630226480836,2.40554487788,1.23948317184,11.1553485466,1.23948317184,11.1553485466,results/main_campaign_default_alpha_0_5/FedAvgM-results/test8_femnist/FEMNIST/FedAvgM__FEMNIST__Setup-10__Clients-10__Rounds-10__Delay-0_05__Partitioning-natural__Seed-67.txt
base_alpha_0.5/test8_femnist,FedAvgM,67,10,0.635844947735,2.36281597469,1.23948317184,12.3948317184,1.23948317184,12.3948317184,results/main_campaign_default_alpha_0_5/FedAvgM-results/test8_femnist/FEMNIST/FedAvgM__FEMNIST__Setup-10__Clients-10__Rounds-10__Delay-0_05__Partitioning-natural__Seed-67.txt
base_alpha_0.5/test8_femnist,FedAvgM,68,0,0.00378600081129,4.12611499479,0,0,0,0,results/main_campaign_default_alpha_0_5/FedAvgM-results/test8_femnist/FEMNIST/FedAvgM__FEMNIST__Setup-10__Clients-10__Rounds-10__Delay-0_05__Partitioning-natural__Seed-68.txt
base_alpha_0.5/test8_femnist,FedAvgM,68,1,0.171001036643,3.9690648419,1.23948317184,1.23948317184,1.23948317184,1.23948317184,results/main_campaign_default_alpha_0_5/FedAvgM-results/test8_femnist/FEMNIST/FedAvgM__FEMNIST__Setup-10__Clients-10__Rounds-10__Delay-0_05__Partitioning-natural__Seed-68.txt
base_alpha_0.5/test8_femnist,FedAvgM,68,2,0.27060891513,2.90437063534,1.23948317184,2.47896634368,1.23948317184,2.47896634368,results/main_campaign_default_alpha_0_5/FedAvgM-results/test8_femnist/FEMNIST/FedAvgM__FEMNIST__Setup-10__Clients-10__Rounds-10__Delay-0_05__Partitioning-natural__Seed-68.txt
base_alpha_0.5/test8_femnist,FedAvgM,68,3,0.422274304773,3.52948582534,1.23948317184,3.71844951552,1.23948317184,3.71844951552,results/main_campaign_default_alpha_0_5/FedAvgM-results/test8_femnist/FEMNIST/FedAvgM__FEMNIST__Setup-10__Clients-10__Rounds-10__Delay-0_05__Partitioning-natural__Seed-68.txt
base_alpha_0.5/test8_femnist,FedAvgM,68,4,0.465858385541,2.83341229483,1.23948317184,4.95793268736,1.23948317184,4.95793268736,results/main_campaign_default_alpha_0_5/FedAvgM-results/test8_femnist/FEMNIST/FedAvgM__FEMNIST__Setup-10__Clients-10__Rounds-10__Delay-0_05__Partitioning-natural__Seed-68.txt
base_alpha_0.5/test8_femnist,FedAvgM,68,5,0.548294046063,2.26080130116,1.23948317184,6.1974158592,1.23948317184,6.1974158592,results/main_campaign_default_alpha_0_5/FedAvgM-results/test8_femnist/FEMNIST/FedAvgM__FEMNIST__Setup-10__Clients-10__Rounds-10__Delay-0_05__Partitioning-natural__Seed-68.txt
base_alpha_0.5/test8_femnist,FedAvgM,68,6,0.552305404065,2.23811874088,1.23948317184,7.43689903104,1.23948317184,7.43689903104,results/main_campaign_default_alpha_0_5/FedAvgM-results/test8_femnist/FEMNIST/FedAvgM__FEMNIST__Setup-10__Clients-10__Rounds-10__Delay-0_05__Partitioning-natural__Seed-68.txt
base_alpha_0.5/test8_femnist,FedAvgM,68,7,0.596565556407,1.99148065927,1.23948317184,8.67638220288,1.23948317184,8.67638220288,results/main_campaign_default_alpha_0_5/FedAvgM-results/test8_femnist/FEMNIST/FedAvgM__FEMNIST__Setup-10__Clients-10__Rounds-10__Delay-0_05__Partitioning-natural__Seed-68.txt
base_alpha_0.5/test8_femnist,FedAvgM,68,8,0.609410916302,2.14482430464,1.23948317184,9.91586537472,1.23948317184,9.91586537472,results/main_campaign_default_alpha_0_5/FedAvgM-results/test8_femnist/FEMNIST/FedAvgM__FEMNIST__Setup-10__Clients-10__Rounds-10__Delay-0_05__Partitioning-natural__Seed-68.txt
base_alpha_0.5/test8_femnist,FedAvgM,68,9,0.627304277279,2.08882840075,1.23948317184,11.1553485466,1.23948317184,11.1553485466,results/main_campaign_default_alpha_0_5/FedAvgM-results/test8_femnist/FEMNIST/FedAvgM__FEMNIST__Setup-10__Clients-10__Rounds-10__Delay-0_05__Partitioning-natural__Seed-68.txt
base_alpha_0.5/test8_femnist,FedAvgM,68,10,0.648577996124,2.00325422548,1.23948317184,12.3948317184,1.23948317184,12.3948317184,results/main_campaign_default_alpha_0_5/FedAvgM-results/test8_femnist/FEMNIST/FedAvgM__FEMNIST__Setup-10__Clients-10__Rounds-10__Delay-0_05__Partitioning-natural__Seed-68.txt
base_alpha_0.5/test8_femnist,FedAvgM,69,0,0.003591003591,4.1215003652,0,0,0,0,results/main_campaign_default_alpha_0_5/FedAvgM-results/test8_femnist/FEMNIST/FedAvgM__FEMNIST__Setup-10__Clients-10__Rounds-10__Delay-0_05__Partitioning-natural__Seed-69.txt
base_alpha_0.5/test8_femnist,FedAvgM,69,1,0.250661500662,3.90632126854,1.23948317184,1.23948317184,1.23948317184,1.23948317184,results/main_campaign_default_alpha_0_5/FedAvgM-results/test8_femnist/FEMNIST/FedAvgM__FEMNIST__Setup-10__Clients-10__Rounds-10__Delay-0_05__Partitioning-natural__Seed-69.txt
base_alpha_0.5/test8_femnist,FedAvgM,69,2,0.386221886222,2.71808245605,1.23948317184,2.47896634368,1.23948317184,2.47896634368,results/main_campaign_default_alpha_0_5/FedAvgM-results/test8_femnist/FEMNIST/FedAvgM__FEMNIST__Setup-10__Clients-10__Rounds-10__Delay-0_05__Partitioning-natural__Seed-69.txt
base_alpha_0.5/test8_femnist,FedAvgM,69,3,0.431156681157,4.16816256741,1.23948317184,3.71844951552,1.23948317184,3.71844951552,results/main_campaign_default_alpha_0_5/FedAvgM-results/test8_femnist/FEMNIST/FedAvgM__FEMNIST__Setup-10__Clients-10__Rounds-10__Delay-0_05__Partitioning-natural__Seed-69.txt
base_alpha_0.5/test8_femnist,FedAvgM,69,4,0.512568512569,3.00388898495,1.23948317184,4.95793268736,1.23948317184,4.95793268736,results/main_campaign_default_alpha_0_5/FedAvgM-results/test8_femnist/FEMNIST/FedAvgM__FEMNIST__Setup-10__Clients-10__Rounds-10__Delay-0_05__Partitioning-natural__Seed-69.txt
base_alpha_0.5/test8_femnist,FedAvgM,69,5,0.531468531469,2.22857250468,1.23948317184,6.1974158592,1.23948317184,6.1974158592,results/main_campaign_default_alpha_0_5/FedAvgM-results/test8_femnist/FEMNIST/FedAvgM__FEMNIST__Setup-10__Clients-10__Rounds-10__Delay-0_05__Partitioning-natural__Seed-69.txt
base_alpha_0.5/test8_femnist,FedAvgM,69,6,0.530003780004,2.21855162472,1.23948317184,7.43689903104,1.23948317184,7.43689903104,results/main_campaign_default_alpha_0_5/FedAvgM-results/test8_femnist/FEMNIST/FedAvgM__FEMNIST__Setup-10__Clients-10__Rounds-10__Delay-0_05__Partitioning-natural__Seed-69.txt
base_alpha_0.5/test8_femnist,FedAvgM,69,7,0.405405405405,3.15270869882,1.23948317184,8.67638220288,1.23948317184,8.67638220288,results/main_campaign_default_alpha_0_5/FedAvgM-results/test8_femnist/FEMNIST/FedAvgM__FEMNIST__Setup-10__Clients-10__Rounds-10__Delay-0_05__Partitioning-natural__Seed-69.txt
base_alpha_0.5/test8_femnist,FedAvgM,69,8,0.503024003024,3.06625082479,1.23948317184,9.91586537472,1.23948317184,9.91586537472,results/main_campaign_default_alpha_0_5/FedAvgM-results/test8_femnist/FEMNIST/FedAvgM__FEMNIST__Setup-10__Clients-10__Rounds-10__Delay-0_05__Partitioning-natural__Seed-69.txt
base_alpha_0.5/test8_femnist,FedAvgM,69,9,0.610943110943,2.65242599301,1.23948317184,11.1553485466,1.23948317184,11.1553485466,results/main_campaign_default_alpha_0_5/FedAvgM-results/test8_femnist/FEMNIST/FedAvgM__FEMNIST__Setup-10__Clients-10__Rounds-10__Delay-0_05__Partitioning-natural__Seed-69.txt
base_alpha_0.5/test8_femnist,FedAvgM,69,10,0.624881874882,2.44514663,1.23948317184,12.3948317184,1.23948317184,12.3948317184,results/main_campaign_default_alpha_0_5/FedAvgM-results/test8_femnist/FEMNIST/FedAvgM__FEMNIST__Setup-10__Clients-10__Rounds-10__Delay-0_05__Partitioning-natural__Seed-69.txt
base_alpha_0.5/test8_femnist,FedAvgM,70,0,0.0493085566119,4.11749690904,0,0,0,0,results/main_campaign_default_alpha_0_5/FedAvgM-results/test8_femnist/FEMNIST/FedAvgM__FEMNIST__Setup-10__Clients-10__Rounds-10__Delay-0_05__Partitioning-natural__Seed-70.txt
base_alpha_0.5/test8_femnist,FedAvgM,70,1,0.162748487468,3.95207346852,1.23948317184,1.23948317184,1.23948317184,1.23948317184,results/main_campaign_default_alpha_0_5/FedAvgM-results/test8_femnist/FEMNIST/FedAvgM__FEMNIST__Setup-10__Clients-10__Rounds-10__Delay-0_05__Partitioning-natural__Seed-70.txt
base_alpha_0.5/test8_femnist,FedAvgM,70,2,0.340751944685,2.74856646949,1.23948317184,2.47896634368,1.23948317184,2.47896634368,results/main_campaign_default_alpha_0_5/FedAvgM-results/test8_femnist/FEMNIST/FedAvgM__FEMNIST__Setup-10__Clients-10__Rounds-10__Delay-0_05__Partitioning-natural__Seed-70.txt
base_alpha_0.5/test8_femnist,FedAvgM,70,3,0.445159896283,4.08361023076,1.23948317184,3.71844951552,1.23948317184,3.71844951552,results/main_campaign_default_alpha_0_5/FedAvgM-results/test8_femnist/FEMNIST/FedAvgM__FEMNIST__Setup-10__Clients-10__Rounds-10__Delay-0_05__Partitioning-natural__Seed-70.txt
base_alpha_0.5/test8_femnist,FedAvgM,70,4,0.51724286949,2.88718732654,1.23948317184,4.95793268736,1.23948317184,4.95793268736,results/main_campaign_default_alpha_0_5/FedAvgM-results/test8_femnist/FEMNIST/FedAvgM__FEMNIST__Setup-10__Clients-10__Rounds-10__Delay-0_05__Partitioning-natural__Seed-70.txt
base_alpha_0.5/test8_femnist,FedAvgM,70,5,0.532238547969,2.38588848155,1.23948317184,6.1974158592,1.23948317184,6.1974158592,results/main_campaign_default_alpha_0_5/FedAvgM-results/test8_femnist/FEMNIST/FedAvgM__FEMNIST__Setup-10__Clients-10__Rounds-10__Delay-0_05__Partitioning-natural__Seed-70.txt
base_alpha_0.5/test8_femnist,FedAvgM,70,6,0.561754537597,2.06148436883,1.23948317184,7.43689903104,1.23948317184,7.43689903104,results/main_campaign_default_alpha_0_5/FedAvgM-results/test8_femnist/FEMNIST/FedAvgM__FEMNIST__Setup-10__Clients-10__Rounds-10__Delay-0_05__Partitioning-natural__Seed-70.txt
base_alpha_0.5/test8_femnist,FedAvgM,70,7,0.602765773552,1.92575448666,1.23948317184,8.67638220288,1.23948317184,8.67638220288,results/main_campaign_default_alpha_0_5/FedAvgM-results/test8_femnist/FEMNIST/FedAvgM__FEMNIST__Setup-10__Clients-10__Rounds-10__Delay-0_05__Partitioning-natural__Seed-70.txt
base_alpha_0.5/test8_femnist,FedAvgM,70,8,0.621823681936,2.13226903233,1.23948317184,9.91586537472,1.23948317184,9.91586537472,results/main_campaign_default_alpha_0_5/FedAvgM-results/test8_femnist/FEMNIST/FedAvgM__FEMNIST__Setup-10__Clients-10__Rounds-10__Delay-0_05__Partitioning-natural__Seed-70.txt
base_alpha_0.5/test8_femnist,FedAvgM,70,9,0.642955920484,2.29132597976,1.23948317184,11.1553485466,1.23948317184,11.1553485466,results/main_campaign_default_alpha_0_5/FedAvgM-results/test8_femnist/FEMNIST/FedAvgM__FEMNIST__Setup-10__Clients-10__Rounds-10__Delay-0_05__Partitioning-natural__Seed-70.txt
base_alpha_0.5/test8_femnist,FedAvgM,70,10,0.656222990493,2.13152113622,1.23948317184,12.3948317184,1.23948317184,12.3948317184,results/main_campaign_default_alpha_0_5/FedAvgM-results/test8_femnist/FEMNIST/FedAvgM__FEMNIST__Setup-10__Clients-10__Rounds-10__Delay-0_05__Partitioning-natural__Seed-70.txt
base_alpha_0.5/test8_femnist,FedAvgM,71,0,0.0513868359273,4.12314145464,0,0,0,0,results/main_campaign_default_alpha_0_5/FedAvgM-results/test8_femnist/FEMNIST/FedAvgM__FEMNIST__Setup-10__Clients-10__Rounds-10__Delay-0_05__Partitioning-natural__Seed-71.txt
base_alpha_0.5/test8_femnist,FedAvgM,71,1,0.106512477176,3.92940336571,1.23948317184,1.23948317184,1.23948317184,1.23948317184,results/main_campaign_default_alpha_0_5/FedAvgM-results/test8_femnist/FEMNIST/FedAvgM__FEMNIST__Setup-10__Clients-10__Rounds-10__Delay-0_05__Partitioning-natural__Seed-71.txt
base_alpha_0.5/test8_femnist,FedAvgM,71,2,0.304973480567,2.88595657133,1.23948317184,2.47896634368,1.23948317184,2.47896634368,results/main_campaign_default_alpha_0_5/FedAvgM-results/test8_femnist/FEMNIST/FedAvgM__FEMNIST__Setup-10__Clients-10__Rounds-10__Delay-0_05__Partitioning-natural__Seed-71.txt
base_alpha_0.5/test8_femnist,FedAvgM,71,3,0.43204938701,3.76815850606,1.23948317184,3.71844951552,1.23948317184,3.71844951552,results/main_campaign_default_alpha_0_5/FedAvgM-results/test8_femnist/FEMNIST/FedAvgM__FEMNIST__Setup-10__Clients-10__Rounds-10__Delay-0_05__Partitioning-natural__Seed-71.txt
base_alpha_0.5/test8_femnist,FedAvgM,71,4,0.450873837058,2.94641194979,1.23948317184,4.95793268736,1.23948317184,4.95793268736,results/main_campaign_default_alpha_0_5/FedAvgM-results/test8_femnist/FEMNIST/FedAvgM__FEMNIST__Setup-10__Clients-10__Rounds-10__Delay-0_05__Partitioning-natural__Seed-71.txt
base_alpha_0.5/test8_femnist,FedAvgM,71,5,0.518867924528,2.18062029655,1.23948317184,6.1974158592,1.23948317184,6.1974158592,results/main_campaign_default_alpha_0_5/FedAvgM-results/test8_femnist/FEMNIST/FedAvgM__FEMNIST__Setup-10__Clients-10__Rounds-10__Delay-0_05__Partitioning-natural__Seed-71.txt
base_alpha_0.5/test8_femnist,FedAvgM,71,6,0.55521259021,2.19518793818,1.23948317184,7.43689903104,1.23948317184,7.43689903104,results/main_campaign_default_alpha_0_5/FedAvgM-results/test8_femnist/FEMNIST/FedAvgM__FEMNIST__Setup-10__Clients-10__Rounds-10__Delay-0_05__Partitioning-natural__Seed-71.txt
base_alpha_0.5/test8_femnist,FedAvgM,71,7,0.5561255543,2.30929234384,1.23948317184,8.67638220288,1.23948317184,8.67638220288,results/main_campaign_default_alpha_0_5/FedAvgM-results/test8_femnist/FEMNIST/FedAvgM__FEMNIST__Setup-10__Clients-10__Rounds-10__Delay-0_05__Partitioning-natural__Seed-71.txt
base_alpha_0.5/test8_femnist,FedAvgM,71,8,0.580688635771,2.41350888441,1.23948317184,9.91586537472,1.23948317184,9.91586537472,results/main_campaign_default_alpha_0_5/FedAvgM-results/test8_femnist/FEMNIST/FedAvgM__FEMNIST__Setup-10__Clients-10__Rounds-10__Delay-0_05__Partitioning-natural__Seed-71.txt
base_alpha_0.5/test8_femnist,FedAvgM,71,9,0.621467698461,2.43214058329,1.23948317184,11.1553485466,1.23948317184,11.1553485466,results/main_campaign_default_alpha_0_5/FedAvgM-results/test8_femnist/FEMNIST/FedAvgM__FEMNIST__Setup-10__Clients-10__Rounds-10__Delay-0_05__Partitioning-natural__Seed-71.txt
base_alpha_0.5/test8_femnist,FedAvgM,71,10,0.65394313538,2.12909204804,1.23948317184,12.3948317184,1.23948317184,12.3948317184,results/main_campaign_default_alpha_0_5/FedAvgM-results/test8_femnist/FEMNIST/FedAvgM__FEMNIST__Setup-10__Clients-10__Rounds-10__Delay-0_05__Partitioning-natural__Seed-71.txt
base_alpha_0.5/test8_femnist,FedHAD,42,0,0.00674084676116,4.1318072828,0,0,0,0,results/main_campaign_default_alpha_0_5/FedHAD-results/test8_femnist/FEMNIST-Standard/FedHAD__FEMNIST__Mode-STANDARD__Cfg-E1L1F1__Setup-10__Clients-10__Rounds-10__Delay-0_05__Partitioning-natural__Seed-42.txt
base_alpha_0.5/test8_femnist,FedHAD,42,1,0.0698554873263,3.95396902775,1.11331940966,1.11331940966,1.11331940966,1.11331940966,results/main_campaign_default_alpha_0_5/FedHAD-results/test8_femnist/FEMNIST-Standard/FedHAD__FEMNIST__Mode-STANDARD__Cfg-E1L1F1__Setup-10__Clients-10__Rounds-10__Delay-0_05__Partitioning-natural__Seed-42.txt
base_alpha_0.5/test8_femnist,FedHAD,42,2,0.359804238423,3.26131636317,1.11331940966,2.22663881933,1.11331940966,2.22663881933,results/main_campaign_default_alpha_0_5/FedHAD-results/test8_femnist/FEMNIST-Standard/FedHAD__FEMNIST__Mode-STANDARD__Cfg-E1L1F1__Setup-10__Clients-10__Rounds-10__Delay-0_05__Partitioning-natural__Seed-42.txt
base_alpha_0.5/test8_femnist,FedHAD,42,3,0.482247564523,2.33631191083,1.11331940966,3.33995822899,1.11331940966,3.33995822899,results/main_campaign_default_alpha_0_5/FedHAD-results/test8_femnist/FEMNIST-Standard/FedHAD__FEMNIST__Mode-STANDARD__Cfg-E1L1F1__Setup-10__Clients-10__Rounds-10__Delay-0_05__Partitioning-natural__Seed-42.txt
base_alpha_0.5/test8_femnist,FedHAD,42,4,0.545916247288,1.89322524271,1.11331940966,4.45327763866,1.11331940966,4.45327763866,results/main_campaign_default_alpha_0_5/FedHAD-results/test8_femnist/FEMNIST-Standard/FedHAD__FEMNIST__Mode-STANDARD__Cfg-E1L1F1__Setup-10__Clients-10__Rounds-10__Delay-0_05__Partitioning-natural__Seed-42.txt
base_alpha_0.5/test8_femnist,FedHAD,42,5,0.579897502193,1.60923751095,1.11331940966,5.56659704832,1.11331940966,5.56659704832,results/main_campaign_default_alpha_0_5/FedHAD-results/test8_femnist/FEMNIST-Standard/FedHAD__FEMNIST__Mode-STANDARD__Cfg-E1L1F1__Setup-10__Clients-10__Rounds-10__Delay-0_05__Partitioning-natural__Seed-42.txt
base_alpha_0.5/test8_femnist,FedHAD,42,6,0.611893439217,1.45882047392,1.11331940966,6.67991645798,1.11331940966,6.67991645798,results/main_campaign_default_alpha_0_5/FedHAD-results/test8_femnist/FEMNIST-Standard/FedHAD__FEMNIST__Mode-STANDARD__Cfg-E1L1F1__Setup-10__Clients-10__Rounds-10__Delay-0_05__Partitioning-natural__Seed-42.txt
base_alpha_0.5/test8_femnist,FedHAD,42,7,0.632023639134,1.35320463492,1.11331940966,7.79323586765,1.11331940966,7.79323586765,results/main_campaign_default_alpha_0_5/FedHAD-results/test8_femnist/FEMNIST-Standard/FedHAD__FEMNIST__Mode-STANDARD__Cfg-E1L1F1__Setup-10__Clients-10__Rounds-10__Delay-0_05__Partitioning-natural__Seed-42.txt
base_alpha_0.5/test8_femnist,FedHAD,42,8,0.638025762962,1.31688814393,1.11331940966,8.90655527731,1.11331940966,8.90655527731,results/main_campaign_default_alpha_0_5/FedHAD-results/test8_femnist/FEMNIST-Standard/FedHAD__FEMNIST__Mode-STANDARD__Cfg-E1L1F1__Setup-10__Clients-10__Rounds-10__Delay-0_05__Partitioning-natural__Seed-42.txt
base_alpha_0.5/test8_femnist,FedHAD,42,9,0.645597673023,1.27019724334,1.11331940966,10.019874687,1.11331940966,10.019874687,results/main_campaign_default_alpha_0_5/FedHAD-results/test8_femnist/FEMNIST-Standard/FedHAD__FEMNIST__Mode-STANDARD__Cfg-E1L1F1__Setup-10__Clients-10__Rounds-10__Delay-0_05__Partitioning-natural__Seed-42.txt
base_alpha_0.5/test8_femnist,FedHAD,42,10,0.659217877095,1.22836337529,1.11331940966,11.1331940966,1.11331940966,11.1331940966,results/main_campaign_default_alpha_0_5/FedHAD-results/test8_femnist/FEMNIST-Standard/FedHAD__FEMNIST__Mode-STANDARD__Cfg-E1L1F1__Setup-10__Clients-10__Rounds-10__Delay-0_05__Partitioning-natural__Seed-42.txt
base_alpha_0.5/test8_femnist,FedHAD,43,0,0.0172229639519,4.11756726534,0,0,0,0,results/main_campaign_default_alpha_0_5/FedHAD-results/test8_femnist/FEMNIST-Standard/FedHAD__FEMNIST__Mode-STANDARD__Cfg-E1L1F1__Setup-10__Clients-10__Rounds-10__Delay-0_05__Partitioning-natural__Seed-43.txt
base_alpha_0.5/test8_femnist,FedHAD,43,1,0.140587449933,3.94072646959,1.11331940966,1.11331940966,1.11331940966,1.11331940966,results/main_campaign_default_alpha_0_5/FedHAD-results/test8_femnist/FEMNIST-Standard/FedHAD__FEMNIST__Mode-STANDARD__Cfg-E1L1F1__Setup-10__Clients-10__Rounds-10__Delay-0_05__Partitioning-natural__Seed-43.txt
base_alpha_0.5/test8_femnist,FedHAD,43,2,0.361726746773,3.07948592364,1.11331940966,2.22663881933,1.11331940966,2.22663881933,results/main_campaign_default_alpha_0_5/FedHAD-results/test8_femnist/FEMNIST-Standard/FedHAD__FEMNIST__Mode-STANDARD__Cfg-E1L1F1__Setup-10__Clients-10__Rounds-10__Delay-0_05__Partitioning-natural__Seed-43.txt
base_alpha_0.5/test8_femnist,FedHAD,43,3,0.496751223854,2.21055239777,1.11331940966,3.33995822899,1.11331940966,3.33995822899,results/main_campaign_default_alpha_0_5/FedHAD-results/test8_femnist/FEMNIST-Standard/FedHAD__FEMNIST__Mode-STANDARD__Cfg-E1L1F1__Setup-10__Clients-10__Rounds-10__Delay-0_05__Partitioning-natural__Seed-43.txt
base_alpha_0.5/test8_femnist,FedHAD,43,4,0.551624388073,1.79769091498,1.11331940966,4.45327763866,1.11331940966,4.45327763866,results/main_campaign_default_alpha_0_5/FedHAD-results/test8_femnist/FEMNIST-Standard/FedHAD__FEMNIST__Mode-STANDARD__Cfg-E1L1F1__Setup-10__Clients-10__Rounds-10__Delay-0_05__Partitioning-natural__Seed-43.txt
base_alpha_0.5/test8_femnist,FedHAD,43,5,0.57681352915,1.60005723578,1.11331940966,5.56659704832,1.11331940966,5.56659704832,results/main_campaign_default_alpha_0_5/FedHAD-results/test8_femnist/FEMNIST-Standard/FedHAD__FEMNIST__Mode-STANDARD__Cfg-E1L1F1__Setup-10__Clients-10__Rounds-10__Delay-0_05__Partitioning-natural__Seed-43.txt
base_alpha_0.5/test8_femnist,FedHAD,43,6,0.599599465955,1.49590413444,1.11331940966,6.67991645798,1.11331940966,6.67991645798,results/main_campaign_default_alpha_0_5/FedHAD-results/test8_femnist/FEMNIST-Standard/FedHAD__FEMNIST__Mode-STANDARD__Cfg-E1L1F1__Setup-10__Clients-10__Rounds-10__Delay-0_05__Partitioning-natural__Seed-43.txt
base_alpha_0.5/test8_femnist,FedHAD,43,7,0.620916777926,1.4183578562,1.11331940966,7.79323586765,1.11331940966,7.79323586765,results/main_campaign_default_alpha_0_5/FedHAD-results/test8_femnist/FEMNIST-Standard/FedHAD__FEMNIST__Mode-STANDARD__Cfg-E1L1F1__Setup-10__Clients-10__Rounds-10__Delay-0_05__Partitioning-natural__Seed-43.txt
base_alpha_0.5/test8_femnist,FedHAD,43,8,0.632354250111,1.36866135083,1.11331940966,8.90655527731,1.11331940966,8.90655527731,results/main_campaign_default_alpha_0_5/FedHAD-results/test8_femnist/FEMNIST-Standard/FedHAD__FEMNIST__Mode-STANDARD__Cfg-E1L1F1__Setup-10__Clients-10__Rounds-10__Delay-0_05__Partitioning-natural__Seed-43.txt
base_alpha_0.5/test8_femnist,FedHAD,43,9,0.641121495327,1.35652100635,1.11331940966,10.019874687,1.11331940966,10.019874687,results/main_campaign_default_alpha_0_5/FedHAD-results/test8_femnist/FEMNIST-Standard/FedHAD__FEMNIST__Mode-STANDARD__Cfg-E1L1F1__Setup-10__Clients-10__Rounds-10__Delay-0_05__Partitioning-natural__Seed-43.txt
base_alpha_0.5/test8_femnist,FedHAD,43,10,0.652870493992,1.29943799176,1.11331940966,11.1331940966,1.11331940966,11.1331940966,results/main_campaign_default_alpha_0_5/FedHAD-results/test8_femnist/FEMNIST-Standard/FedHAD__FEMNIST__Mode-STANDARD__Cfg-E1L1F1__Setup-10__Clients-10__Rounds-10__Delay-0_05__Partitioning-natural__Seed-43.txt
base_alpha_0.5/test8_femnist,FedHAD,44,0,0.0070197543086,4.13745220511,0,0,0,0,results/main_campaign_default_alpha_0_5/FedHAD-results/test8_femnist/FEMNIST-Standard/FedHAD__FEMNIST__Mode-STANDARD__Cfg-E1L1F1__Setup-10__Clients-10__Rounds-10__Delay-0_05__Partitioning-natural__Seed-44.txt
base_alpha_0.5/test8_femnist,FedHAD,44,1,0.152139675111,3.96809540305,1.11331940966,1.11331940966,1.11331940966,1.11331940966,results/main_campaign_default_alpha_0_5/FedHAD-results/test8_femnist/FEMNIST-Standard/FedHAD__FEMNIST__Mode-STANDARD__Cfg-E1L1F1__Setup-10__Clients-10__Rounds-10__Delay-0_05__Partitioning-natural__Seed-44.txt
base_alpha_0.5/test8_femnist,FedHAD,44,2,0.359672411466,3.14692840296,1.11331940966,2.22663881933,1.11331940966,2.22663881933,results/main_campaign_default_alpha_0_5/FedHAD-results/test8_femnist/FEMNIST-Standard/FedHAD__FEMNIST__Mode-STANDARD__Cfg-E1L1F1__Setup-10__Clients-10__Rounds-10__Delay-0_05__Partitioning-natural__Seed-44.txt
base_alpha_0.5/test8_femnist,FedHAD,44,3,0.462268820591,2.30049940852,1.11331940966,3.33995822899,1.11331940966,3.33995822899,results/main_campaign_default_alpha_0_5/FedHAD-results/test8_femnist/FEMNIST-Standard/FedHAD__FEMNIST__Mode-STANDARD__Cfg-E1L1F1__Setup-10__Clients-10__Rounds-10__Delay-0_05__Partitioning-natural__Seed-44.txt
base_alpha_0.5/test8_femnist,FedHAD,44,4,0.521756738514,1.89984663465,1.11331940966,4.45327763866,1.11331940966,4.45327763866,results/main_campaign_default_alpha_0_5/FedHAD-results/test8_femnist/FEMNIST-Standard/FedHAD__FEMNIST__Mode-STANDARD__Cfg-E1L1F1__Setup-10__Clients-10__Rounds-10__Delay-0_05__Partitioning-natural__Seed-44.txt
base_alpha_0.5/test8_femnist,FedHAD,44,5,0.565765198218,1.67938666773,1.11331940966,5.56659704832,1.11331940966,5.56659704832,results/main_campaign_default_alpha_0_5/FedHAD-results/test8_femnist/FEMNIST-Standard/FedHAD__FEMNIST__Mode-STANDARD__Cfg-E1L1F1__Setup-10__Clients-10__Rounds-10__Delay-0_05__Partitioning-natural__Seed-44.txt
base_alpha_0.5/test8_femnist,FedHAD,44,6,0.590649327274,1.54522654087,1.11331940966,6.67991645798,1.11331940966,6.67991645798,results/main_campaign_default_alpha_0_5/FedHAD-results/test8_femnist/FEMNIST-Standard/FedHAD__FEMNIST__Mode-STANDARD__Cfg-E1L1F1__Setup-10__Clients-10__Rounds-10__Delay-0_05__Partitioning-natural__Seed-44.txt
base_alpha_0.5/test8_femnist,FedHAD,44,7,0.608558700445,1.45527609056,1.11331940966,7.79323586765,1.11331940966,7.79323586765,results/main_campaign_default_alpha_0_5/FedHAD-results/test8_femnist/FEMNIST-Standard/FedHAD__FEMNIST__Mode-STANDARD__Cfg-E1L1F1__Setup-10__Clients-10__Rounds-10__Delay-0_05__Partitioning-natural__Seed-44.txt
base_alpha_0.5/test8_femnist,FedHAD,44,8,0.624308149215,1.3988346884,1.11331940966,8.90655527731,1.11331940966,8.90655527731,results/main_campaign_default_alpha_0_5/FedHAD-results/test8_femnist/FEMNIST-Standard/FedHAD__FEMNIST__Mode-STANDARD__Cfg-E1L1F1__Setup-10__Clients-10__Rounds-10__Delay-0_05__Partitioning-natural__Seed-44.txt
base_alpha_0.5/test8_femnist,FedHAD,44,9,0.638527651532,1.34689932265,1.11331940966,10.019874687,1.11331940966,10.019874687,results/main_campaign_default_alpha_0_5/FedHAD-results/test8_femnist/FEMNIST-Standard/FedHAD__FEMNIST__Mode-STANDARD__Cfg-E1L1F1__Setup-10__Clients-10__Rounds-10__Delay-0_05__Partitioning-natural__Seed-44.txt
base_alpha_0.5/test8_femnist,FedHAD,44,10,0.650092246771,1.28922633648,1.11331940966,11.1331940966,1.11331940966,11.1331940966,results/main_campaign_default_alpha_0_5/FedHAD-results/test8_femnist/FEMNIST-Standard/FedHAD__FEMNIST__Mode-STANDARD__Cfg-E1L1F1__Setup-10__Clients-10__Rounds-10__Delay-0_05__Partitioning-natural__Seed-44.txt
base_alpha_0.5/test8_femnist,FedHAD,45,0,0.00581159616164,4.12297071714,0,0,0,0,results/main_campaign_default_alpha_0_5/FedHAD-results/test8_femnist/FEMNIST-Standard/FedHAD__FEMNIST__Mode-STANDARD__Cfg-E1L1F1__Setup-10__Clients-10__Rounds-10__Delay-0_05__Partitioning-natural__Seed-45.txt
base_alpha_0.5/test8_femnist,FedHAD,45,1,0.15461548858,3.93216521275,1.11331940966,1.11331940966,1.11331940966,1.11331940966,results/main_campaign_default_alpha_0_5/FedHAD-results/test8_femnist/FEMNIST-Standard/FedHAD__FEMNIST__Mode-STANDARD__Cfg-E1L1F1__Setup-10__Clients-10__Rounds-10__Delay-0_05__Partitioning-natural__Seed-45.txt
base_alpha_0.5/test8_femnist,FedHAD,45,2,0.337252781907,3.06169829981,1.11331940966,2.22663881933,1.11331940966,2.22663881933,results/main_campaign_default_alpha_0_5/FedHAD-results/test8_femnist/FEMNIST-Standard/FedHAD__FEMNIST__Mode-STANDARD__Cfg-E1L1F1__Setup-10__Clients-10__Rounds-10__Delay-0_05__Partitioning-natural__Seed-45.txt
base_alpha_0.5/test8_femnist,FedHAD,45,3,0.417443798712,2.31124381238,1.11331940966,3.33995822899,1.11331940966,3.33995822899,results/main_campaign_default_alpha_0_5/FedHAD-results/test8_femnist/FEMNIST-Standard/FedHAD__FEMNIST__Mode-STANDARD__Cfg-E1L1F1__Setup-10__Clients-10__Rounds-10__Delay-0_05__Partitioning-natural__Seed-45.txt
base_alpha_0.5/test8_femnist,FedHAD,45,4,0.522322836419,1.90739166722,1.11331940966,4.45327763866,1.11331940966,4.45327763866,results/main_campaign_default_alpha_0_5/FedHAD-results/test8_femnist/FEMNIST-Standard/FedHAD__FEMNIST__Mode-STANDARD__Cfg-E1L1F1__Setup-10__Clients-10__Rounds-10__Delay-0_05__Partitioning-natural__Seed-45.txt
base_alpha_0.5/test8_femnist,FedHAD,45,5,0.555705725999,1.72190729913,1.11331940966,5.56659704832,1.11331940966,5.56659704832,results/main_campaign_default_alpha_0_5/FedHAD-results/test8_femnist/FEMNIST-Standard/FedHAD__FEMNIST__Mode-STANDARD__Cfg-E1L1F1__Setup-10__Clients-10__Rounds-10__Delay-0_05__Partitioning-natural__Seed-45.txt
base_alpha_0.5/test8_femnist,FedHAD,45,6,0.583592377348,1.61672424832,1.11331940966,6.67991645798,1.11331940966,6.67991645798,results/main_campaign_default_alpha_0_5/FedHAD-results/test8_femnist/FEMNIST-Standard/FedHAD__FEMNIST__Mode-STANDARD__Cfg-E1L1F1__Setup-10__Clients-10__Rounds-10__Delay-0_05__Partitioning-natural__Seed-45.txt
base_alpha_0.5/test8_femnist,FedHAD,45,7,0.587827183854,1.55205903388,1.11331940966,7.79323586765,1.11331940966,7.79323586765,results/main_campaign_default_alpha_0_5/FedHAD-results/test8_femnist/FEMNIST-Standard/FedHAD__FEMNIST__Mode-STANDARD__Cfg-E1L1F1__Setup-10__Clients-10__Rounds-10__Delay-0_05__Partitioning-natural__Seed-45.txt
base_alpha_0.5/test8_femnist,FedHAD,45,8,0.609722034509,1.46420139359,1.11331940966,8.90655527731,1.11331940966,8.90655527731,results/main_campaign_default_alpha_0_5/FedHAD-results/test8_femnist/FEMNIST-Standard/FedHAD__FEMNIST__Mode-STANDARD__Cfg-E1L1F1__Setup-10__Clients-10__Rounds-10__Delay-0_05__Partitioning-natural__Seed-45.txt
base_alpha_0.5/test8_femnist,FedHAD,45,9,0.620849664369,1.44630035047,1.11331940966,10.019874687,1.11331940966,10.019874687,results/main_campaign_default_alpha_0_5/FedHAD-results/test8_femnist/FEMNIST-Standard/FedHAD__FEMNIST__Mode-STANDARD__Cfg-E1L1F1__Setup-10__Clients-10__Rounds-10__Delay-0_05__Partitioning-natural__Seed-45.txt
base_alpha_0.5/test8_femnist,FedHAD,45,10,0.638915168716,1.35368045683,1.11331940966,11.1331940966,1.11331940966,11.1331940966,results/main_campaign_default_alpha_0_5/FedHAD-results/test8_femnist/FEMNIST-Standard/FedHAD__FEMNIST__Mode-STANDARD__Cfg-E1L1F1__Setup-10__Clients-10__Rounds-10__Delay-0_05__Partitioning-natural__Seed-45.txt
base_alpha_0.5/test8_femnist,FedHAD,46,0,0.0414869491752,4.11833043319,0,0,0,0,results/main_campaign_default_alpha_0_5/FedHAD-results/test8_femnist/FEMNIST-Standard/FedHAD__FEMNIST__Mode-STANDARD__Cfg-E1L1F1__Setup-10__Clients-10__Rounds-10__Delay-0_05__Partitioning-natural__Seed-46.txt
base_alpha_0.5/test8_femnist,FedHAD,46,1,0.0944017075014,3.95550026513,1.11331940966,1.11331940966,1.11331940966,1.11331940966,results/main_campaign_default_alpha_0_5/FedHAD-results/test8_femnist/FEMNIST-Standard/FedHAD__FEMNIST__Mode-STANDARD__Cfg-E1L1F1__Setup-10__Clients-10__Rounds-10__Delay-0_05__Partitioning-natural__Seed-46.txt
base_alpha_0.5/test8_femnist,FedHAD,46,2,0.381564320334,3.18706382748,1.11331940966,2.22663881933,1.11331940966,2.22663881933,results/main_campaign_default_alpha_0_5/FedHAD-results/test8_femnist/FEMNIST-Standard/FedHAD__FEMNIST__Mode-STANDARD__Cfg-E1L1F1__Setup-10__Clients-10__Rounds-10__Delay-0_05__Partitioning-natural__Seed-46.txt
base_alpha_0.5/test8_femnist,FedHAD,46,3,0.489750544711,2.22064026335,1.11331940966,3.33995822899,1.11331940966,3.33995822899,results/main_campaign_default_alpha_0_5/FedHAD-results/test8_femnist/FEMNIST-Standard/FedHAD__FEMNIST__Mode-STANDARD__Cfg-E1L1F1__Setup-10__Clients-10__Rounds-10__Delay-0_05__Partitioning-natural__Seed-46.txt
base_alpha_0.5/test8_femnist,FedHAD,46,4,0.546444928632,1.82862643059,1.11331940966,4.45327763866,1.11331940966,4.45327763866,results/main_campaign_default_alpha_0_5/FedHAD-results/test8_femnist/FEMNIST-Standard/FedHAD__FEMNIST__Mode-STANDARD__Cfg-E1L1F1__Setup-10__Clients-10__Rounds-10__Delay-0_05__Partitioning-natural__Seed-46.txt
base_alpha_0.5/test8_femnist,FedHAD,46,5,0.566098981724,1.65340762983,1.11331940966,5.56659704832,1.11331940966,5.56659704832,results/main_campaign_default_alpha_0_5/FedHAD-results/test8_femnist/FEMNIST-Standard/FedHAD__FEMNIST__Mode-STANDARD__Cfg-E1L1F1__Setup-10__Clients-10__Rounds-10__Delay-0_05__Partitioning-natural__Seed-46.txt
base_alpha_0.5/test8_femnist,FedHAD,46,6,0.590599848815,1.53489435084,1.11331940966,6.67991645798,1.11331940966,6.67991645798,results/main_campaign_default_alpha_0_5/FedHAD-results/test8_femnist/FEMNIST-Standard/FedHAD__FEMNIST__Mode-STANDARD__Cfg-E1L1F1__Setup-10__Clients-10__Rounds-10__Delay-0_05__Partitioning-natural__Seed-46.txt
base_alpha_0.5/test8_femnist,FedHAD,46,7,0.606251945396,1.45930588257,1.11331940966,7.79323586765,1.11331940966,7.79323586765,results/main_campaign_default_alpha_0_5/FedHAD-results/test8_femnist/FEMNIST-Standard/FedHAD__FEMNIST__Mode-STANDARD__Cfg-E1L1F1__Setup-10__Clients-10__Rounds-10__Delay-0_05__Partitioning-natural__Seed-46.txt
base_alpha_0.5/test8_femnist,FedHAD,46,8,0.623682689315,1.37629369806,1.11331940966,8.90655527731,1.11331940966,8.90655527731,results/main_campaign_default_alpha_0_5/FedHAD-results/test8_femnist/FEMNIST-Standard/FedHAD__FEMNIST__Mode-STANDARD__Cfg-E1L1F1__Setup-10__Clients-10__Rounds-10__Delay-0_05__Partitioning-natural__Seed-46.txt
base_alpha_0.5/test8_femnist,FedHAD,46,9,0.632398061274,1.34201896173,1.11331940966,10.019874687,1.11331940966,10.019874687,results/main_campaign_default_alpha_0_5/FedHAD-results/test8_femnist/FEMNIST-Standard/FedHAD__FEMNIST__Mode-STANDARD__Cfg-E1L1F1__Setup-10__Clients-10__Rounds-10__Delay-0_05__Partitioning-natural__Seed-46.txt
base_alpha_0.5/test8_femnist,FedHAD,46,10,0.632398061274,1.3586300756,1.11331940966,11.1331940966,1.11331940966,11.1331940966,results/main_campaign_default_alpha_0_5/FedHAD-results/test8_femnist/FEMNIST-Standard/FedHAD__FEMNIST__Mode-STANDARD__Cfg-E1L1F1__Setup-10__Clients-10__Rounds-10__Delay-0_05__Partitioning-natural__Seed-46.txt
base_alpha_0.5/test8_femnist,FedHAD,47,0,0.0346677306379,4.13126415627,0,0,0,0,results/main_campaign_default_alpha_0_5/FedHAD-results/test8_femnist/FEMNIST-Standard/FedHAD__FEMNIST__Mode-STANDARD__Cfg-E1L1F1__Setup-10__Clients-10__Rounds-10__Delay-0_05__Partitioning-natural__Seed-47.txt
base_alpha_0.5/test8_femnist,FedHAD,47,1,0.187835261781,3.95004358227,1.11331940966,1.11331940966,1.11331940966,1.11331940966,results/main_campaign_default_alpha_0_5/FedHAD-results/test8_femnist/FEMNIST-Standard/FedHAD__FEMNIST__Mode-STANDARD__Cfg-E1L1F1__Setup-10__Clients-10__Rounds-10__Delay-0_05__Partitioning-natural__Seed-47.txt
base_alpha_0.5/test8_femnist,FedHAD,47,2,0.313516868378,3.22233514041,1.11331940966,2.22663881933,1.11331940966,2.22663881933,results/main_campaign_default_alpha_0_5/FedHAD-results/test8_femnist/FEMNIST-Standard/FedHAD__FEMNIST__Mode-STANDARD__Cfg-E1L1F1__Setup-10__Clients-10__Rounds-10__Delay-0_05__Partitioning-natural__Seed-47.txt
base_alpha_0.5/test8_femnist,FedHAD,47,3,0.47133927384,2.27829600761,1.11331940966,3.33995822899,1.11331940966,3.33995822899,results/main_campaign_default_alpha_0_5/FedHAD-results/test8_femnist/FEMNIST-Standard/FedHAD__FEMNIST__Mode-STANDARD__Cfg-E1L1F1__Setup-10__Clients-10__Rounds-10__Delay-0_05__Partitioning-natural__Seed-47.txt
base_alpha_0.5/test8_femnist,FedHAD,47,4,0.523518198342,1.85507726662,1.11331940966,4.45327763866,1.11331940966,4.45327763866,results/main_campaign_default_alpha_0_5/FedHAD-results/test8_femnist/FEMNIST-Standard/FedHAD__FEMNIST__Mode-STANDARD__Cfg-E1L1F1__Setup-10__Clients-10__Rounds-10__Delay-0_05__Partitioning-natural__Seed-47.txt
base_alpha_0.5/test8_femnist,FedHAD,47,5,0.567894666844,1.62438361766,1.11331940966,5.56659704832,1.11331940966,5.56659704832,results/main_campaign_default_alpha_0_5/FedHAD-results/test8_femnist/FEMNIST-Standard/FedHAD__FEMNIST__Mode-STANDARD__Cfg-E1L1F1__Setup-10__Clients-10__Rounds-10__Delay-0_05__Partitioning-natural__Seed-47.txt
base_alpha_0.5/test8_femnist,FedHAD,47,6,0.589484417254,1.5226508699,1.11331940966,6.67991645798,1.11331940966,6.67991645798,results/main_campaign_default_alpha_0_5/FedHAD-results/test8_femnist/FEMNIST-Standard/FedHAD__FEMNIST__Mode-STANDARD__Cfg-E1L1F1__Setup-10__Clients-10__Rounds-10__Delay-0_05__Partitioning-natural__Seed-47.txt
base_alpha_0.5/test8_femnist,FedHAD,47,7,0.608502903755,1.47098882684,1.11331940966,7.79323586765,1.11331940966,7.79323586765,results/main_campaign_default_alpha_0_5/FedHAD-results/test8_femnist/FEMNIST-Standard/FedHAD__FEMNIST__Mode-STANDARD__Cfg-E1L1F1__Setup-10__Clients-10__Rounds-10__Delay-0_05__Partitioning-natural__Seed-47.txt
base_alpha_0.5/test8_femnist,FedHAD,47,8,0.622689187392,1.39400885666,1.11331940966,8.90655527731,1.11331940966,8.90655527731,results/main_campaign_default_alpha_0_5/FedHAD-results/test8_femnist/FEMNIST-Standard/FedHAD__FEMNIST__Mode-STANDARD__Cfg-E1L1F1__Setup-10__Clients-10__Rounds-10__Delay-0_05__Partitioning-natural__Seed-47.txt
base_alpha_0.5/test8_femnist,FedHAD,47,9,0.632663918074,1.34438063923,1.11331940966,10.019874687,1.11331940966,10.019874687,results/main_campaign_default_alpha_0_5/FedHAD-results/test8_femnist/FEMNIST-Standard/FedHAD__FEMNIST__Mode-STANDARD__Cfg-E1L1F1__Setup-10__Clients-10__Rounds-10__Delay-0_05__Partitioning-natural__Seed-47.txt
base_alpha_0.5/test8_femnist,FedHAD,47,10,0.641486013211,1.31237569187,1.11331940966,11.1331940966,1.11331940966,11.1331940966,results/main_campaign_default_alpha_0_5/FedHAD-results/test8_femnist/FEMNIST-Standard/FedHAD__FEMNIST__Mode-STANDARD__Cfg-E1L1F1__Setup-10__Clients-10__Rounds-10__Delay-0_05__Partitioning-natural__Seed-47.txt
base_alpha_0.5/test8_femnist,FedHAD,48,0,0.00442913385827,4.1300099007,0,0,0,0,results/main_campaign_default_alpha_0_5/FedHAD-results/test8_femnist/FEMNIST-Standard/FedHAD__FEMNIST__Mode-STANDARD__Cfg-E1L1F1__Setup-10__Clients-10__Rounds-10__Delay-0_05__Partitioning-natural__Seed-48.txt
base_alpha_0.5/test8_femnist,FedHAD,48,1,0.169559770938,3.94099407275,1.11331940966,1.11331940966,1.11331940966,1.11331940966,results/main_campaign_default_alpha_0_5/FedHAD-results/test8_femnist/FEMNIST-Standard/FedHAD__FEMNIST__Mode-STANDARD__Cfg-E1L1F1__Setup-10__Clients-10__Rounds-10__Delay-0_05__Partitioning-natural__Seed-48.txt
base_alpha_0.5/test8_femnist,FedHAD,48,2,0.359028274875,3.18762183428,1.11331940966,2.22663881933,1.11331940966,2.22663881933,results/main_campaign_default_alpha_0_5/FedHAD-results/test8_femnist/FEMNIST-Standard/FedHAD__FEMNIST__Mode-STANDARD__Cfg-E1L1F1__Setup-10__Clients-10__Rounds-10__Delay-0_05__Partitioning-natural__Seed-48.txt
base_alpha_0.5/test8_femnist,FedHAD,48,3,0.480628131711,2.34473495323,1.11331940966,3.33995822899,1.11331940966,3.33995822899,results/main_campaign_default_alpha_0_5/FedHAD-results/test8_femnist/FEMNIST-Standard/FedHAD__FEMNIST__Mode-STANDARD__Cfg-E1L1F1__Setup-10__Clients-10__Rounds-10__Delay-0_05__Partitioning-natural__Seed-48.txt
base_alpha_0.5/test8_femnist,FedHAD,48,4,0.529930207588,1.90553436692,1.11331940966,4.45327763866,1.11331940966,4.45327763866,results/main_campaign_default_alpha_0_5/FedHAD-results/test8_femnist/FEMNIST-Standard/FedHAD__FEMNIST__Mode-STANDARD__Cfg-E1L1F1__Setup-10__Clients-10__Rounds-10__Delay-0_05__Partitioning-natural__Seed-48.txt
base_alpha_0.5/test8_femnist,FedHAD,48,5,0.557712956335,1.70832960902,1.11331940966,5.56659704832,1.11331940966,5.56659704832,results/main_campaign_default_alpha_0_5/FedHAD-results/test8_femnist/FEMNIST-Standard/FedHAD__FEMNIST__Mode-STANDARD__Cfg-E1L1F1__Setup-10__Clients-10__Rounds-10__Delay-0_05__Partitioning-natural__Seed-48.txt
base_alpha_0.5/test8_femnist,FedHAD,48,6,0.582990336435,1.58437876669,1.11331940966,6.67991645798,1.11331940966,6.67991645798,results/main_campaign_default_alpha_0_5/FedHAD-results/test8_femnist/FEMNIST-Standard/FedHAD__FEMNIST__Mode-STANDARD__Cfg-E1L1F1__Setup-10__Clients-10__Rounds-10__Delay-0_05__Partitioning-natural__Seed-48.txt
base_alpha_0.5/test8_femnist,FedHAD,48,7,0.600348962062,1.50006584393,1.11331940966,7.79323586765,1.11331940966,7.79323586765,results/main_campaign_default_alpha_0_5/FedHAD-results/test8_femnist/FEMNIST-Standard/FedHAD__FEMNIST__Mode-STANDARD__Cfg-E1L1F1__Setup-10__Clients-10__Rounds-10__Delay-0_05__Partitioning-natural__Seed-48.txt
base_alpha_0.5/test8_femnist,FedHAD,48,8,0.616096993558,1.421201803,1.11331940966,8.90655527731,1.11331940966,8.90655527731,results/main_campaign_default_alpha_0_5/FedHAD-results/test8_femnist/FEMNIST-Standard/FedHAD__FEMNIST__Mode-STANDARD__Cfg-E1L1F1__Setup-10__Clients-10__Rounds-10__Delay-0_05__Partitioning-natural__Seed-48.txt
base_alpha_0.5/test8_femnist,FedHAD,48,9,0.630323908375,1.3571305602,1.11331940966,10.019874687,1.11331940966,10.019874687,results/main_campaign_default_alpha_0_5/FedHAD-results/test8_femnist/FEMNIST-Standard/FedHAD__FEMNIST__Mode-STANDARD__Cfg-E1L1F1__Setup-10__Clients-10__Rounds-10__Delay-0_05__Partitioning-natural__Seed-48.txt
base_alpha_0.5/test8_femnist,FedHAD,48,10,0.644819255548,1.31780413147,1.11331940966,11.1331940966,1.11331940966,11.1331940966,results/main_campaign_default_alpha_0_5/FedHAD-results/test8_femnist/FEMNIST-Standard/FedHAD__FEMNIST__Mode-STANDARD__Cfg-E1L1F1__Setup-10__Clients-10__Rounds-10__Delay-0_05__Partitioning-natural__Seed-48.txt
base_alpha_0.5/test8_femnist,FedHAD,49,0,0.021091281701,4.12638667576,0,0,0,0,results/main_campaign_default_alpha_0_5/FedHAD-results/test8_femnist/FEMNIST-Standard/FedHAD__FEMNIST__Mode-STANDARD__Cfg-E1L1F1__Setup-10__Clients-10__Rounds-10__Delay-0_05__Partitioning-natural__Seed-49.txt
base_alpha_0.5/test8_femnist,FedHAD,49,1,0.0648962513876,3.96169784916,1.11331940966,1.11331940966,1.11331940966,1.11331940966,results/main_campaign_default_alpha_0_5/FedHAD-results/test8_femnist/FEMNIST-Standard/FedHAD__FEMNIST__Mode-STANDARD__Cfg-E1L1F1__Setup-10__Clients-10__Rounds-10__Delay-0_05__Partitioning-natural__Seed-49.txt
base_alpha_0.5/test8_femnist,FedHAD,49,2,0.337588591922,3.40635379111,1.11331940966,2.22663881933,1.11331940966,2.22663881933,results/main_campaign_default_alpha_0_5/FedHAD-results/test8_femnist/FEMNIST-Standard/FedHAD__FEMNIST__Mode-STANDARD__Cfg-E1L1F1__Setup-10__Clients-10__Rounds-10__Delay-0_05__Partitioning-natural__Seed-49.txt
base_alpha_0.5/test8_femnist,FedHAD,49,3,0.459055588763,2.43901869921,1.11331940966,3.33995822899,1.11331940966,3.33995822899,results/main_campaign_default_alpha_0_5/FedHAD-results/test8_femnist/FEMNIST-Standard/FedHAD__FEMNIST__Mode-STANDARD__Cfg-E1L1F1__Setup-10__Clients-10__Rounds-10__Delay-0_05__Partitioning-natural__Seed-49.txt
base_alpha_0.5/test8_femnist,FedHAD,49,4,0.51609597814,2.01022767871,1.11331940966,4.45327763866,1.11331940966,4.45327763866,results/main_campaign_default_alpha_0_5/FedHAD-results/test8_femnist/FEMNIST-Standard/FedHAD__FEMNIST__Mode-STANDARD__Cfg-E1L1F1__Setup-10__Clients-10__Rounds-10__Delay-0_05__Partitioning-natural__Seed-49.txt
base_alpha_0.5/test8_femnist,FedHAD,49,5,0.560370591751,1.73165392917,1.11331940966,5.56659704832,1.11331940966,5.56659704832,results/main_campaign_default_alpha_0_5/FedHAD-results/test8_femnist/FEMNIST-Standard/FedHAD__FEMNIST__Mode-STANDARD__Cfg-E1L1F1__Setup-10__Clients-10__Rounds-10__Delay-0_05__Partitioning-natural__Seed-49.txt
base_alpha_0.5/test8_femnist,FedHAD,49,6,0.593886090001,1.56383485907,1.11331940966,6.67991645798,1.11331940966,6.67991645798,results/main_campaign_default_alpha_0_5/FedHAD-results/test8_femnist/FEMNIST-Standard/FedHAD__FEMNIST__Mode-STANDARD__Cfg-E1L1F1__Setup-10__Clients-10__Rounds-10__Delay-0_05__Partitioning-natural__Seed-49.txt
base_alpha_0.5/test8_femnist,FedHAD,49,7,0.608786610879,1.4878967455,1.11331940966,7.79323586765,1.11331940966,7.79323586765,results/main_campaign_default_alpha_0_5/FedHAD-results/test8_femnist/FEMNIST-Standard/FedHAD__FEMNIST__Mode-STANDARD__Cfg-E1L1F1__Setup-10__Clients-10__Rounds-10__Delay-0_05__Partitioning-natural__Seed-49.txt
base_alpha_0.5/test8_femnist,FedHAD,49,8,0.624028690974,1.41007713981,1.11331940966,8.90655527731,1.11331940966,8.90655527731,results/main_campaign_default_alpha_0_5/FedHAD-results/test8_femnist/FEMNIST-Standard/FedHAD__FEMNIST__Mode-STANDARD__Cfg-E1L1F1__Setup-10__Clients-10__Rounds-10__Delay-0_05__Partitioning-natural__Seed-49.txt
base_alpha_0.5/test8_femnist,FedHAD,49,9,0.634061992998,1.36867366691,1.11331940966,10.019874687,1.11331940966,10.019874687,results/main_campaign_default_alpha_0_5/FedHAD-results/test8_femnist/FEMNIST-Standard/FedHAD__FEMNIST__Mode-STANDARD__Cfg-E1L1F1__Setup-10__Clients-10__Rounds-10__Delay-0_05__Partitioning-natural__Seed-49.txt
base_alpha_0.5/test8_femnist,FedHAD,49,10,0.647169327982,1.3310916905,1.11331940966,11.1331940966,1.11331940966,11.1331940966,results/main_campaign_default_alpha_0_5/FedHAD-results/test8_femnist/FEMNIST-Standard/FedHAD__FEMNIST__Mode-STANDARD__Cfg-E1L1F1__Setup-10__Clients-10__Rounds-10__Delay-0_05__Partitioning-natural__Seed-49.txt
base_alpha_0.5/test8_femnist,FedHAD,50,0,0.00403333037851,4.12326032639,0,0,0,0,results/main_campaign_default_alpha_0_5/FedHAD-results/test8_femnist/FEMNIST-Standard/FedHAD__FEMNIST__Mode-STANDARD__Cfg-E1L1F1__Setup-10__Clients-10__Rounds-10__Delay-0_05__Partitioning-natural__Seed-50.txt
base_alpha_0.5/test8_femnist,FedHAD,50,1,0.160180835032,3.93435004372,1.11331940966,1.11331940966,1.11331940966,1.11331940966,results/main_campaign_default_alpha_0_5/FedHAD-results/test8_femnist/FEMNIST-Standard/FedHAD__FEMNIST__Mode-STANDARD__Cfg-E1L1F1__Setup-10__Clients-10__Rounds-10__Delay-0_05__Partitioning-natural__Seed-50.txt
base_alpha_0.5/test8_femnist,FedHAD,50,2,0.397349525751,3.13384895136,1.11331940966,2.22663881933,1.11331940966,2.22663881933,results/main_campaign_default_alpha_0_5/FedHAD-results/test8_femnist/FEMNIST-Standard/FedHAD__FEMNIST__Mode-STANDARD__Cfg-E1L1F1__Setup-10__Clients-10__Rounds-10__Delay-0_05__Partitioning-natural__Seed-50.txt
base_alpha_0.5/test8_femnist,FedHAD,50,3,0.478104777945,2.34941505969,1.11331940966,3.33995822899,1.11331940966,3.33995822899,results/main_campaign_default_alpha_0_5/FedHAD-results/test8_femnist/FEMNIST-Standard/FedHAD__FEMNIST__Mode-STANDARD__Cfg-E1L1F1__Setup-10__Clients-10__Rounds-10__Delay-0_05__Partitioning-natural__Seed-50.txt
base_alpha_0.5/test8_femnist,FedHAD,50,4,0.559081641698,1.86732541841,1.11331940966,4.45327763866,1.11331940966,4.45327763866,results/main_campaign_default_alpha_0_5/FedHAD-results/test8_femnist/FEMNIST-Standard/FedHAD__FEMNIST__Mode-STANDARD__Cfg-E1L1F1__Setup-10__Clients-10__Rounds-10__Delay-0_05__Partitioning-natural__Seed-50.txt
base_alpha_0.5/test8_femnist,FedHAD,50,5,0.598439854623,1.62244546423,1.11331940966,5.56659704832,1.11331940966,5.56659704832,results/main_campaign_default_alpha_0_5/FedHAD-results/test8_femnist/FEMNIST-Standard/FedHAD__FEMNIST__Mode-STANDARD__Cfg-E1L1F1__Setup-10__Clients-10__Rounds-10__Delay-0_05__Partitioning-natural__Seed-50.txt
base_alpha_0.5/test8_femnist,FedHAD,50,6,0.614750465384,1.47165129518,1.11331940966,6.67991645798,1.11331940966,6.67991645798,results/main_campaign_default_alpha_0_5/FedHAD-results/test8_femnist/FEMNIST-Standard/FedHAD__FEMNIST__Mode-STANDARD__Cfg-E1L1F1__Setup-10__Clients-10__Rounds-10__Delay-0_05__Partitioning-natural__Seed-50.txt
base_alpha_0.5/test8_femnist,FedHAD,50,7,0.637443489052,1.37965314525,1.11331940966,7.79323586765,1.11331940966,7.79323586765,results/main_campaign_default_alpha_0_5/FedHAD-results/test8_femnist/FEMNIST-Standard/FedHAD__FEMNIST__Mode-STANDARD__Cfg-E1L1F1__Setup-10__Clients-10__Rounds-10__Delay-0_05__Partitioning-natural__Seed-50.txt
base_alpha_0.5/test8_femnist,FedHAD,50,8,0.651050438791,1.33283628317,1.11331940966,8.90655527731,1.11331940966,8.90655527731,results/main_campaign_default_alpha_0_5/FedHAD-results/test8_femnist/FEMNIST-Standard/FedHAD__FEMNIST__Mode-STANDARD__Cfg-E1L1F1__Setup-10__Clients-10__Rounds-10__Delay-0_05__Partitioning-natural__Seed-50.txt
base_alpha_0.5/test8_femnist,FedHAD,50,9,0.659338711107,1.29342765613,1.11331940966,10.019874687,1.11331940966,10.019874687,results/main_campaign_default_alpha_0_5/FedHAD-results/test8_femnist/FEMNIST-Standard/FedHAD__FEMNIST__Mode-STANDARD__Cfg-E1L1F1__Setup-10__Clients-10__Rounds-10__Delay-0_05__Partitioning-natural__Seed-50.txt
base_alpha_0.5/test8_femnist,FedHAD,50,10,0.664790355465,1.26741291003,1.11331940966,11.1331940966,1.11331940966,11.1331940966,results/main_campaign_default_alpha_0_5/FedHAD-results/test8_femnist/FEMNIST-Standard/FedHAD__FEMNIST__Mode-STANDARD__Cfg-E1L1F1__Setup-10__Clients-10__Rounds-10__Delay-0_05__Partitioning-natural__Seed-50.txt
base_alpha_0.5/test8_femnist,FedHAD,51,0,0.0041184041184,4.13656359169,0,0,0,0,results/main_campaign_default_alpha_0_5/FedHAD-results/test8_femnist/FEMNIST-Standard/FedHAD__FEMNIST__Mode-STANDARD__Cfg-E1L1F1__Setup-10__Clients-10__Rounds-10__Delay-0_05__Partitioning-natural__Seed-51.txt
base_alpha_0.5/test8_femnist,FedHAD,51,1,0.0671385671386,3.94680293362,1.11331940966,1.11331940966,1.11331940966,1.11331940966,results/main_campaign_default_alpha_0_5/FedHAD-results/test8_femnist/FEMNIST-Standard/FedHAD__FEMNIST__Mode-STANDARD__Cfg-E1L1F1__Setup-10__Clients-10__Rounds-10__Delay-0_05__Partitioning-natural__Seed-51.txt
base_alpha_0.5/test8_femnist,FedHAD,51,2,0.392664092664,3.11969169777,1.11331940966,2.22663881933,1.11331940966,2.22663881933,results/main_campaign_default_alpha_0_5/FedHAD-results/test8_femnist/FEMNIST-Standard/FedHAD__FEMNIST__Mode-STANDARD__Cfg-E1L1F1__Setup-10__Clients-10__Rounds-10__Delay-0_05__Partitioning-natural__Seed-51.txt
base_alpha_0.5/test8_femnist,FedHAD,51,3,0.489918489918,2.2471391754,1.11331940966,3.33995822899,1.11331940966,3.33995822899,results/main_campaign_default_alpha_0_5/FedHAD-results/test8_femnist/FEMNIST-Standard/FedHAD__FEMNIST__Mode-STANDARD__Cfg-E1L1F1__Setup-10__Clients-10__Rounds-10__Delay-0_05__Partitioning-natural__Seed-51.txt
base_alpha_0.5/test8_femnist,FedHAD,51,4,0.568897468897,1.74827574246,1.11331940966,4.45327763866,1.11331940966,4.45327763866,results/main_campaign_default_alpha_0_5/FedHAD-results/test8_femnist/FEMNIST-Standard/FedHAD__FEMNIST__Mode-STANDARD__Cfg-E1L1F1__Setup-10__Clients-10__Rounds-10__Delay-0_05__Partitioning-natural__Seed-51.txt
base_alpha_0.5/test8_femnist,FedHAD,51,5,0.599485199485,1.52365559572,1.11331940966,5.56659704832,1.11331940966,5.56659704832,results/main_campaign_default_alpha_0_5/FedHAD-results/test8_femnist/FEMNIST-Standard/FedHAD__FEMNIST__Mode-STANDARD__Cfg-E1L1F1__Setup-10__Clients-10__Rounds-10__Delay-0_05__Partitioning-natural__Seed-51.txt
base_alpha_0.5/test8_femnist,FedHAD,51,6,0.624581724582,1.38946756825,1.11331940966,6.67991645798,1.11331940966,6.67991645798,results/main_campaign_default_alpha_0_5/FedHAD-results/test8_femnist/FEMNIST-Standard/FedHAD__FEMNIST__Mode-STANDARD__Cfg-E1L1F1__Setup-10__Clients-10__Rounds-10__Delay-0_05__Partitioning-natural__Seed-51.txt
base_alpha_0.5/test8_femnist,FedHAD,51,7,0.647232947233,1.30162832482,1.11331940966,7.79323586765,1.11331940966,7.79323586765,results/main_campaign_default_alpha_0_5/FedHAD-results/test8_femnist/FEMNIST-Standard/FedHAD__FEMNIST__Mode-STANDARD__Cfg-E1L1F1__Setup-10__Clients-10__Rounds-10__Delay-0_05__Partitioning-natural__Seed-51.txt
base_alpha_0.5/test8_femnist,FedHAD,51,8,0.660188760189,1.26439368026,1.11331940966,8.90655527731,1.11331940966,8.90655527731,results/main_campaign_default_alpha_0_5/FedHAD-results/test8_femnist/FEMNIST-Standard/FedHAD__FEMNIST__Mode-STANDARD__Cfg-E1L1F1__Setup-10__Clients-10__Rounds-10__Delay-0_05__Partitioning-natural__Seed-51.txt
base_alpha_0.5/test8_femnist,FedHAD,51,9,0.669412269412,1.22403229146,1.11331940966,10.019874687,1.11331940966,10.019874687,results/main_campaign_default_alpha_0_5/FedHAD-results/test8_femnist/FEMNIST-Standard/FedHAD__FEMNIST__Mode-STANDARD__Cfg-E1L1F1__Setup-10__Clients-10__Rounds-10__Delay-0_05__Partitioning-natural__Seed-51.txt
base_alpha_0.5/test8_femnist,FedHAD,51,10,0.677992277992,1.19799467914,1.11331940966,11.1331940966,1.11331940966,11.1331940966,results/main_campaign_default_alpha_0_5/FedHAD-results/test8_femnist/FEMNIST-Standard/FedHAD__FEMNIST__Mode-STANDARD__Cfg-E1L1F1__Setup-10__Clients-10__Rounds-10__Delay-0_05__Partitioning-natural__Seed-51.txt
base_alpha_0.5/test8_femnist,FedHAD,52,0,0.00286985817078,4.13340049055,0,0,0,0,results/main_campaign_default_alpha_0_5/FedHAD-results/test8_femnist/FEMNIST-Standard/FedHAD__FEMNIST__Mode-STANDARD__Cfg-E1L1F1__Setup-10__Clients-10__Rounds-10__Delay-0_05__Partitioning-natural__Seed-52.txt
base_alpha_0.5/test8_femnist,FedHAD,52,1,0.141579669758,3.97496338246,1.11331940966,1.11331940966,1.11331940966,1.11331940966,results/main_campaign_default_alpha_0_5/FedHAD-results/test8_femnist/FEMNIST-Standard/FedHAD__FEMNIST__Mode-STANDARD__Cfg-E1L1F1__Setup-10__Clients-10__Rounds-10__Delay-0_05__Partitioning-natural__Seed-52.txt
base_alpha_0.5/test8_femnist,FedHAD,52,2,0.370752401947,3.21772685716,1.11331940966,2.22663881933,1.11331940966,2.22663881933,results/main_campaign_default_alpha_0_5/FedHAD-results/test8_femnist/FEMNIST-Standard/FedHAD__FEMNIST__Mode-STANDARD__Cfg-E1L1F1__Setup-10__Clients-10__Rounds-10__Delay-0_05__Partitioning-natural__Seed-52.txt
base_alpha_0.5/test8_femnist,FedHAD,52,3,0.451025246433,2.29133108545,1.11331940966,3.33995822899,1.11331940966,3.33995822899,results/main_campaign_default_alpha_0_5/FedHAD-results/test8_femnist/FEMNIST-Standard/FedHAD__FEMNIST__Mode-STANDARD__Cfg-E1L1F1__Setup-10__Clients-10__Rounds-10__Delay-0_05__Partitioning-natural__Seed-52.txt
base_alpha_0.5/test8_femnist,FedHAD,52,4,0.522605332113,1.87014545218,1.11331940966,4.45327763866,1.11331940966,4.45327763866,results/main_campaign_default_alpha_0_5/FedHAD-results/test8_femnist/FEMNIST-Standard/FedHAD__FEMNIST__Mode-STANDARD__Cfg-E1L1F1__Setup-10__Clients-10__Rounds-10__Delay-0_05__Partitioning-natural__Seed-52.txt
base_alpha_0.5/test8_femnist,FedHAD,52,5,0.563906334484,1.67008836796,1.11331940966,5.56659704832,1.11331940966,5.56659704832,results/main_campaign_default_alpha_0_5/FedHAD-results/test8_femnist/FEMNIST-Standard/FedHAD__FEMNIST__Mode-STANDARD__Cfg-E1L1F1__Setup-10__Clients-10__Rounds-10__Delay-0_05__Partitioning-natural__Seed-52.txt
base_alpha_0.5/test8_femnist,FedHAD,52,6,0.595641142952,1.50361492848,1.11331940966,6.67991645798,1.11331940966,6.67991645798,results/main_campaign_default_alpha_0_5/FedHAD-results/test8_femnist/FEMNIST-Standard/FedHAD__FEMNIST__Mode-STANDARD__Cfg-E1L1F1__Setup-10__Clients-10__Rounds-10__Delay-0_05__Partitioning-natural__Seed-52.txt
base_alpha_0.5/test8_femnist,FedHAD,52,7,0.612111633324,1.45210668332,1.11331940966,7.79323586765,1.11331940966,7.79323586765,results/main_campaign_default_alpha_0_5/FedHAD-results/test8_femnist/FEMNIST-Standard/FedHAD__FEMNIST__Mode-STANDARD__Cfg-E1L1F1__Setup-10__Clients-10__Rounds-10__Delay-0_05__Partitioning-natural__Seed-52.txt
base_alpha_0.5/test8_femnist,FedHAD,52,8,0.634779353658,1.35194971968,1.11331940966,8.90655527731,1.11331940966,8.90655527731,results/main_campaign_default_alpha_0_5/FedHAD-results/test8_femnist/FEMNIST-Standard/FedHAD__FEMNIST__Mode-STANDARD__Cfg-E1L1F1__Setup-10__Clients-10__Rounds-10__Delay-0_05__Partitioning-natural__Seed-52.txt
base_alpha_0.5/test8_femnist,FedHAD,52,9,0.63586074949,1.33463045316,1.11331940966,10.019874687,1.11331940966,10.019874687,results/main_campaign_default_alpha_0_5/FedHAD-results/test8_femnist/FEMNIST-Standard/FedHAD__FEMNIST__Mode-STANDARD__Cfg-E1L1F1__Setup-10__Clients-10__Rounds-10__Delay-0_05__Partitioning-natural__Seed-52.txt
base_alpha_0.5/test8_femnist,FedHAD,52,10,0.655575427359,1.29881250815,1.11331940966,11.1331940966,1.11331940966,11.1331940966,results/main_campaign_default_alpha_0_5/FedHAD-results/test8_femnist/FEMNIST-Standard/FedHAD__FEMNIST__Mode-STANDARD__Cfg-E1L1F1__Setup-10__Clients-10__Rounds-10__Delay-0_05__Partitioning-natural__Seed-52.txt
base_alpha_0.5/test8_femnist,FedHAD,53,0,0.00204081632653,4.13009570665,0,0,0,0,results/main_campaign_default_alpha_0_5/FedHAD-results/test8_femnist/FEMNIST-Standard/FedHAD__FEMNIST__Mode-STANDARD__Cfg-E1L1F1__Setup-10__Clients-10__Rounds-10__Delay-0_05__Partitioning-natural__Seed-53.txt
base_alpha_0.5/test8_femnist,FedHAD,53,1,0.161723356009,3.94603644767,1.11331940966,1.11331940966,1.11331940966,1.11331940966,results/main_campaign_default_alpha_0_5/FedHAD-results/test8_femnist/FEMNIST-Standard/FedHAD__FEMNIST__Mode-STANDARD__Cfg-E1L1F1__Setup-10__Clients-10__Rounds-10__Delay-0_05__Partitioning-natural__Seed-53.txt
base_alpha_0.5/test8_femnist,FedHAD,53,2,0.340498866213,3.10918857172,1.11331940966,2.22663881933,1.11331940966,2.22663881933,results/main_campaign_default_alpha_0_5/FedHAD-results/test8_femnist/FEMNIST-Standard/FedHAD__FEMNIST__Mode-STANDARD__Cfg-E1L1F1__Setup-10__Clients-10__Rounds-10__Delay-0_05__Partitioning-natural__Seed-53.txt
base_alpha_0.5/test8_femnist,FedHAD,53,3,0.474557823129,2.33644441802,1.11331940966,3.33995822899,1.11331940966,3.33995822899,results/main_campaign_default_alpha_0_5/FedHAD-results/test8_femnist/FEMNIST-Standard/FedHAD__FEMNIST__Mode-STANDARD__Cfg-E1L1F1__Setup-10__Clients-10__Rounds-10__Delay-0_05__Partitioning-natural__Seed-53.txt
base_alpha_0.5/test8_femnist,FedHAD,53,4,0.551156462585,1.88300522656,1.11331940966,4.45327763866,1.11331940966,4.45327763866,results/main_campaign_default_alpha_0_5/FedHAD-results/test8_femnist/FEMNIST-Standard/FedHAD__FEMNIST__Mode-STANDARD__Cfg-E1L1F1__Setup-10__Clients-10__Rounds-10__Delay-0_05__Partitioning-natural__Seed-53.txt
base_alpha_0.5/test8_femnist,FedHAD,53,5,0.576961451247,1.66478944648,1.11331940966,5.56659704832,1.11331940966,5.56659704832,results/main_campaign_default_alpha_0_5/FedHAD-results/test8_femnist/FEMNIST-Standard/FedHAD__FEMNIST__Mode-STANDARD__Cfg-E1L1F1__Setup-10__Clients-10__Rounds-10__Delay-0_05__Partitioning-natural__Seed-53.txt
base_alpha_0.5/test8_femnist,FedHAD,53,6,0.590430839002,1.5483240288,1.11331940966,6.67991645798,1.11331940966,6.67991645798,results/main_campaign_default_alpha_0_5/FedHAD-results/test8_femnist/FEMNIST-Standard/FedHAD__FEMNIST__Mode-STANDARD__Cfg-E1L1F1__Setup-10__Clients-10__Rounds-10__Delay-0_05__Partitioning-natural__Seed-53.txt
base_alpha_0.5/test8_femnist,FedHAD,53,7,0.608752834467,1.45766134756,1.11331940966,7.79323586765,1.11331940966,7.79323586765,results/main_campaign_default_alpha_0_5/FedHAD-results/test8_femnist/FEMNIST-Standard/FedHAD__FEMNIST__Mode-STANDARD__Cfg-E1L1F1__Setup-10__Clients-10__Rounds-10__Delay-0_05__Partitioning-natural__Seed-53.txt
base_alpha_0.5/test8_femnist,FedHAD,53,8,0.624399092971,1.41912977404,1.11331940966,8.90655527731,1.11331940966,8.90655527731,results/main_campaign_default_alpha_0_5/FedHAD-results/test8_femnist/FEMNIST-Standard/FedHAD__FEMNIST__Mode-STANDARD__Cfg-E1L1F1__Setup-10__Clients-10__Rounds-10__Delay-0_05__Partitioning-natural__Seed-53.txt
base_alpha_0.5/test8_femnist,FedHAD,53,9,0.634829931973,1.35343317154,1.11331940966,10.019874687,1.11331940966,10.019874687,results/main_campaign_default_alpha_0_5/FedHAD-results/test8_femnist/FEMNIST-Standard/FedHAD__FEMNIST__Mode-STANDARD__Cfg-E1L1F1__Setup-10__Clients-10__Rounds-10__Delay-0_05__Partitioning-natural__Seed-53.txt
base_alpha_0.5/test8_femnist,FedHAD,53,10,0.639047619048,1.33998433298,1.11331940966,11.1331940966,1.11331940966,11.1331940966,results/main_campaign_default_alpha_0_5/FedHAD-results/test8_femnist/FEMNIST-Standard/FedHAD__FEMNIST__Mode-STANDARD__Cfg-E1L1F1__Setup-10__Clients-10__Rounds-10__Delay-0_05__Partitioning-natural__Seed-53.txt
base_alpha_0.5/test8_femnist,FedHAD,54,0,0.00355796518277,4.14131733748,0,0,0,0,results/main_campaign_default_alpha_0_5/FedHAD-results/test8_femnist/FEMNIST-Standard/FedHAD__FEMNIST__Mode-STANDARD__Cfg-E1L1F1__Setup-10__Clients-10__Rounds-10__Delay-0_05__Partitioning-natural__Seed-54.txt
base_alpha_0.5/test8_femnist,FedHAD,54,1,0.123427506459,3.99002073176,1.11331940966,1.11331940966,1.11331940966,1.11331940966,results/main_campaign_default_alpha_0_5/FedHAD-results/test8_femnist/FEMNIST-Standard/FedHAD__FEMNIST__Mode-STANDARD__Cfg-E1L1F1__Setup-10__Clients-10__Rounds-10__Delay-0_05__Partitioning-natural__Seed-54.txt
base_alpha_0.5/test8_femnist,FedHAD,54,2,0.350163073404,3.22542868254,1.11331940966,2.22663881933,1.11331940966,2.22663881933,results/main_campaign_default_alpha_0_5/FedHAD-results/test8_femnist/FEMNIST-Standard/FedHAD__FEMNIST__Mode-STANDARD__Cfg-E1L1F1__Setup-10__Clients-10__Rounds-10__Delay-0_05__Partitioning-natural__Seed-54.txt
base_alpha_0.5/test8_femnist,FedHAD,54,3,0.473760006777,2.34401113651,1.11331940966,3.33995822899,1.11331940966,3.33995822899,results/main_campaign_default_alpha_0_5/FedHAD-results/test8_femnist/FEMNIST-Standard/FedHAD__FEMNIST__Mode-STANDARD__Cfg-E1L1F1__Setup-10__Clients-10__Rounds-10__Delay-0_05__Partitioning-natural__Seed-54.txt
base_alpha_0.5/test8_femnist,FedHAD,54,4,0.549790334195,1.84643830244,1.11331940966,4.45327763866,1.11331940966,4.45327763866,results/main_campaign_default_alpha_0_5/FedHAD-results/test8_femnist/FEMNIST-Standard/FedHAD__FEMNIST__Mode-STANDARD__Cfg-E1L1F1__Setup-10__Clients-10__Rounds-10__Delay-0_05__Partitioning-natural__Seed-54.txt
base_alpha_0.5/test8_femnist,FedHAD,54,5,0.586513617688,1.60048642375,1.11331940966,5.56659704832,1.11331940966,5.56659704832,results/main_campaign_default_alpha_0_5/FedHAD-results/test8_femnist/FEMNIST-Standard/FedHAD__FEMNIST__Mode-STANDARD__Cfg-E1L1F1__Setup-10__Clients-10__Rounds-10__Delay-0_05__Partitioning-natural__Seed-54.txt
base_alpha_0.5/test8_femnist,FedHAD,54,6,0.598585285273,1.50666574299,1.11331940966,6.67991645798,1.11331940966,6.67991645798,results/main_campaign_default_alpha_0_5/FedHAD-results/test8_femnist/FEMNIST-Standard/FedHAD__FEMNIST__Mode-STANDARD__Cfg-E1L1F1__Setup-10__Clients-10__Rounds-10__Delay-0_05__Partitioning-natural__Seed-54.txt
base_alpha_0.5/test8_femnist,FedHAD,54,7,0.626498369266,1.38227234221,1.11331940966,7.79323586765,1.11331940966,7.79323586765,results/main_campaign_default_alpha_0_5/FedHAD-results/test8_femnist/FEMNIST-Standard/FedHAD__FEMNIST__Mode-STANDARD__Cfg-E1L1F1__Setup-10__Clients-10__Rounds-10__Delay-0_05__Partitioning-natural__Seed-54.txt
base_alpha_0.5/test8_femnist,FedHAD,54,8,0.646575458512,1.29474037664,1.11331940966,8.90655527731,1.11331940966,8.90655527731,results/main_campaign_default_alpha_0_5/FedHAD-results/test8_femnist/FEMNIST-Standard/FedHAD__FEMNIST__Mode-STANDARD__Cfg-E1L1F1__Setup-10__Clients-10__Rounds-10__Delay-0_05__Partitioning-natural__Seed-54.txt
base_alpha_0.5/test8_femnist,FedHAD,54,9,0.651488839002,1.26875088756,1.11331940966,10.019874687,1.11331940966,10.019874687,results/main_campaign_default_alpha_0_5/FedHAD-results/test8_femnist/FEMNIST-Standard/FedHAD__FEMNIST__Mode-STANDARD__Cfg-E1L1F1__Setup-10__Clients-10__Rounds-10__Delay-0_05__Partitioning-natural__Seed-54.txt
base_alpha_0.5/test8_femnist,FedHAD,54,10,0.665974840103,1.19253915175,1.11331940966,11.1331940966,1.11331940966,11.1331940966,results/main_campaign_default_alpha_0_5/FedHAD-results/test8_femnist/FEMNIST-Standard/FedHAD__FEMNIST__Mode-STANDARD__Cfg-E1L1F1__Setup-10__Clients-10__Rounds-10__Delay-0_05__Partitioning-natural__Seed-54.txt
base_alpha_0.5/test8_femnist,FedHAD,55,0,0.0034695965482,4.13528832235,0,0,0,0,results/main_campaign_default_alpha_0_5/FedHAD-results/test8_femnist/FEMNIST-Standard/FedHAD__FEMNIST__Mode-STANDARD__Cfg-E1L1F1__Setup-10__Clients-10__Rounds-10__Delay-0_05__Partitioning-natural__Seed-55.txt
base_alpha_0.5/test8_femnist,FedHAD,55,1,0.0657888883946,3.96460050646,1.11331940966,1.11331940966,1.11331940966,1.11331940966,results/main_campaign_default_alpha_0_5/FedHAD-results/test8_femnist/FEMNIST-Standard/FedHAD__FEMNIST__Mode-STANDARD__Cfg-E1L1F1__Setup-10__Clients-10__Rounds-10__Delay-0_05__Partitioning-natural__Seed-55.txt
base_alpha_0.5/test8_femnist,FedHAD,55,2,0.332414038521,3.14968826464,1.11331940966,2.22663881933,1.11331940966,2.22663881933,results/main_campaign_default_alpha_0_5/FedHAD-results/test8_femnist/FEMNIST-Standard/FedHAD__FEMNIST__Mode-STANDARD__Cfg-E1L1F1__Setup-10__Clients-10__Rounds-10__Delay-0_05__Partitioning-natural__Seed-55.txt
base_alpha_0.5/test8_femnist,FedHAD,55,3,0.483119078333,2.36061822934,1.11331940966,3.33995822899,1.11331940966,3.33995822899,results/main_campaign_default_alpha_0_5/FedHAD-results/test8_femnist/FEMNIST-Standard/FedHAD__FEMNIST__Mode-STANDARD__Cfg-E1L1F1__Setup-10__Clients-10__Rounds-10__Delay-0_05__Partitioning-natural__Seed-55.txt
base_alpha_0.5/test8_femnist,FedHAD,55,4,0.541212579512,1.88456864776,1.11331940966,4.45327763866,1.11331940966,4.45327763866,results/main_campaign_default_alpha_0_5/FedHAD-results/test8_femnist/FEMNIST-Standard/FedHAD__FEMNIST__Mode-STANDARD__Cfg-E1L1F1__Setup-10__Clients-10__Rounds-10__Delay-0_05__Partitioning-natural__Seed-55.txt
base_alpha_0.5/test8_femnist,FedHAD,55,5,0.581691205907,1.63792251151,1.11331940966,5.56659704832,1.11331940966,5.56659704832,results/main_campaign_default_alpha_0_5/FedHAD-results/test8_femnist/FEMNIST-Standard/FedHAD__FEMNIST__Mode-STANDARD__Cfg-E1L1F1__Setup-10__Clients-10__Rounds-10__Delay-0_05__Partitioning-natural__Seed-55.txt
base_alpha_0.5/test8_femnist,FedHAD,55,6,0.604777367555,1.5012241881,1.11331940966,6.67991645798,1.11331940966,6.67991645798,results/main_campaign_default_alpha_0_5/FedHAD-results/test8_femnist/FEMNIST-Standard/FedHAD__FEMNIST__Mode-STANDARD__Cfg-E1L1F1__Setup-10__Clients-10__Rounds-10__Delay-0_05__Partitioning-natural__Seed-55.txt
base_alpha_0.5/test8_femnist,FedHAD,55,7,0.620657444064,1.40111919117,1.11331940966,7.79323586765,1.11331940966,7.79323586765,results/main_campaign_default_alpha_0_5/FedHAD-results/test8_femnist/FEMNIST-Standard/FedHAD__FEMNIST__Mode-STANDARD__Cfg-E1L1F1__Setup-10__Clients-10__Rounds-10__Delay-0_05__Partitioning-natural__Seed-55.txt
base_alpha_0.5/test8_femnist,FedHAD,55,8,0.633023442018,1.35380443389,1.11331940966,8.90655527731,1.11331940966,8.90655527731,results/main_campaign_default_alpha_0_5/FedHAD-results/test8_femnist/FEMNIST-Standard/FedHAD__FEMNIST__Mode-STANDARD__Cfg-E1L1F1__Setup-10__Clients-10__Rounds-10__Delay-0_05__Partitioning-natural__Seed-55.txt
base_alpha_0.5/test8_femnist,FedHAD,55,9,0.651972777012,1.27469772584,1.11331940966,10.019874687,1.11331940966,10.019874687,results/main_campaign_default_alpha_0_5/FedHAD-results/test8_femnist/FEMNIST-Standard/FedHAD__FEMNIST__Mode-STANDARD__Cfg-E1L1F1__Setup-10__Clients-10__Rounds-10__Delay-0_05__Partitioning-natural__Seed-55.txt
base_alpha_0.5/test8_femnist,FedHAD,55,10,0.651616920955,1.32228145453,1.11331940966,11.1331940966,1.11331940966,11.1331940966,results/main_campaign_default_alpha_0_5/FedHAD-results/test8_femnist/FEMNIST-Standard/FedHAD__FEMNIST__Mode-STANDARD__Cfg-E1L1F1__Setup-10__Clients-10__Rounds-10__Delay-0_05__Partitioning-natural__Seed-55.txt
base_alpha_0.5/test8_femnist,FedHAD,56,0,0.0158752392959,4.11768037816,0,0,0,0,results/main_campaign_default_alpha_0_5/FedHAD-results/test8_femnist/FEMNIST-Standard/FedHAD__FEMNIST__Mode-STANDARD__Cfg-E1L1F1__Setup-10__Clients-10__Rounds-10__Delay-0_05__Partitioning-natural__Seed-56.txt
base_alpha_0.5/test8_femnist,FedHAD,56,1,0.153429518607,3.91666375185,1.11331940966,1.11331940966,1.11331940966,1.11331940966,results/main_campaign_default_alpha_0_5/FedHAD-results/test8_femnist/FEMNIST-Standard/FedHAD__FEMNIST__Mode-STANDARD__Cfg-E1L1F1__Setup-10__Clients-10__Rounds-10__Delay-0_05__Partitioning-natural__Seed-56.txt
base_alpha_0.5/test8_femnist,FedHAD,56,2,0.435728626792,3.09565406081,1.11331940966,2.22663881933,1.11331940966,2.22663881933,results/main_campaign_default_alpha_0_5/FedHAD-results/test8_femnist/FEMNIST-Standard/FedHAD__FEMNIST__Mode-STANDARD__Cfg-E1L1F1__Setup-10__Clients-10__Rounds-10__Delay-0_05__Partitioning-natural__Seed-56.txt
base_alpha_0.5/test8_femnist,FedHAD,56,3,0.515291590792,2.17687212162,1.11331940966,3.33995822899,1.11331940966,3.33995822899,results/main_campaign_default_alpha_0_5/FedHAD-results/test8_femnist/FEMNIST-Standard/FedHAD__FEMNIST__Mode-STANDARD__Cfg-E1L1F1__Setup-10__Clients-10__Rounds-10__Delay-0_05__Partitioning-natural__Seed-56.txt
base_alpha_0.5/test8_femnist,FedHAD,56,4,0.567539804828,1.73531603018,1.11331940966,4.45327763866,1.11331940966,4.45327763866,results/main_campaign_default_alpha_0_5/FedHAD-results/test8_femnist/FEMNIST-Standard/FedHAD__FEMNIST__Mode-STANDARD__Cfg-E1L1F1__Setup-10__Clients-10__Rounds-10__Delay-0_05__Partitioning-natural__Seed-56.txt
base_alpha_0.5/test8_femnist,FedHAD,56,5,0.608115048793,1.52970861535,1.11331940966,5.56659704832,1.11331940966,5.56659704832,results/main_campaign_default_alpha_0_5/FedHAD-results/test8_femnist/FEMNIST-Standard/FedHAD__FEMNIST__Mode-STANDARD__Cfg-E1L1F1__Setup-10__Clients-10__Rounds-10__Delay-0_05__Partitioning-natural__Seed-56.txt
base_alpha_0.5/test8_femnist,FedHAD,56,6,0.625157585096,1.40431625027,1.11331940966,6.67991645798,1.11331940966,6.67991645798,results/main_campaign_default_alpha_0_5/FedHAD-results/test8_femnist/FEMNIST-Standard/FedHAD__FEMNIST__Mode-STANDARD__Cfg-E1L1F1__Setup-10__Clients-10__Rounds-10__Delay-0_05__Partitioning-natural__Seed-56.txt
base_alpha_0.5/test8_femnist,FedHAD,56,7,0.640145678666,1.32365662153,1.11331940966,7.79323586765,1.11331940966,7.79323586765,results/main_campaign_default_alpha_0_5/FedHAD-results/test8_femnist/FEMNIST-Standard/FedHAD__FEMNIST__Mode-STANDARD__Cfg-E1L1F1__Setup-10__Clients-10__Rounds-10__Delay-0_05__Partitioning-natural__Seed-56.txt
base_alpha_0.5/test8_femnist,FedHAD,56,8,0.646215623103,1.2917218267,1.11331940966,8.90655527731,1.11331940966,8.90655527731,results/main_campaign_default_alpha_0_5/FedHAD-results/test8_femnist/FEMNIST-Standard/FedHAD__FEMNIST__Mode-STANDARD__Cfg-E1L1F1__Setup-10__Clients-10__Rounds-10__Delay-0_05__Partitioning-natural__Seed-56.txt
base_alpha_0.5/test8_femnist,FedHAD,56,9,0.661530559836,1.24206910302,1.11331940966,10.019874687,1.11331940966,10.019874687,results/main_campaign_default_alpha_0_5/FedHAD-results/test8_femnist/FEMNIST-Standard/FedHAD__FEMNIST__Mode-STANDARD__Cfg-E1L1F1__Setup-10__Clients-10__Rounds-10__Delay-0_05__Partitioning-natural__Seed-56.txt
base_alpha_0.5/test8_femnist,FedHAD,56,10,0.667974039315,1.20240328927,1.11331940966,11.1331940966,1.11331940966,11.1331940966,results/main_campaign_default_alpha_0_5/FedHAD-results/test8_femnist/FEMNIST-Standard/FedHAD__FEMNIST__Mode-STANDARD__Cfg-E1L1F1__Setup-10__Clients-10__Rounds-10__Delay-0_05__Partitioning-natural__Seed-56.txt
base_alpha_0.5/test8_femnist,FedHAD,57,0,0.007,4.12450425408,0,0,0,0,results/main_campaign_default_alpha_0_5/FedHAD-results/test8_femnist/FEMNIST-Standard/FedHAD__FEMNIST__Mode-STANDARD__Cfg-E1L1F1__Setup-10__Clients-10__Rounds-10__Delay-0_05__Partitioning-natural__Seed-57.txt
base_alpha_0.5/test8_femnist,FedHAD,57,1,0.183818181818,3.93478774105,1.11331940966,1.11331940966,1.11331940966,1.11331940966,results/main_campaign_default_alpha_0_5/FedHAD-results/test8_femnist/FEMNIST-Standard/FedHAD__FEMNIST__Mode-STANDARD__Cfg-E1L1F1__Setup-10__Clients-10__Rounds-10__Delay-0_05__Partitioning-natural__Seed-57.txt
base_alpha_0.5/test8_femnist,FedHAD,57,2,0.3805,3.18306643018,1.11331940966,2.22663881933,1.11331940966,2.22663881933,results/main_campaign_default_alpha_0_5/FedHAD-results/test8_femnist/FEMNIST-Standard/FedHAD__FEMNIST__Mode-STANDARD__Cfg-E1L1F1__Setup-10__Clients-10__Rounds-10__Delay-0_05__Partitioning-natural__Seed-57.txt
base_alpha_0.5/test8_femnist,FedHAD,57,3,0.493318181818,2.24968737134,1.11331940966,3.33995822899,1.11331940966,3.33995822899,results/main_campaign_default_alpha_0_5/FedHAD-results/test8_femnist/FEMNIST-Standard/FedHAD__FEMNIST__Mode-STANDARD__Cfg-E1L1F1__Setup-10__Clients-10__Rounds-10__Delay-0_05__Partitioning-natural__Seed-57.txt
base_alpha_0.5/test8_femnist,FedHAD,57,4,0.553454545455,1.80648822464,1.11331940966,4.45327763866,1.11331940966,4.45327763866,results/main_campaign_default_alpha_0_5/FedHAD-results/test8_femnist/FEMNIST-Standard/FedHAD__FEMNIST__Mode-STANDARD__Cfg-E1L1F1__Setup-10__Clients-10__Rounds-10__Delay-0_05__Partitioning-natural__Seed-57.txt
base_alpha_0.5/test8_femnist,FedHAD,57,5,0.587,1.591168816,1.11331940966,5.56659704832,1.11331940966,5.56659704832,results/main_campaign_default_alpha_0_5/FedHAD-results/test8_femnist/FEMNIST-Standard/FedHAD__FEMNIST__Mode-STANDARD__Cfg-E1L1F1__Setup-10__Clients-10__Rounds-10__Delay-0_05__Partitioning-natural__Seed-57.txt
base_alpha_0.5/test8_femnist,FedHAD,57,6,0.609681818182,1.47090046332,1.11331940966,6.67991645798,1.11331940966,6.67991645798,results/main_campaign_default_alpha_0_5/FedHAD-results/test8_femnist/FEMNIST-Standard/FedHAD__FEMNIST__Mode-STANDARD__Cfg-E1L1F1__Setup-10__Clients-10__Rounds-10__Delay-0_05__Partitioning-natural__Seed-57.txt
base_alpha_0.5/test8_femnist,FedHAD,57,7,0.619090909091,1.43219015061,1.11331940966,7.79323586765,1.11331940966,7.79323586765,results/main_campaign_default_alpha_0_5/FedHAD-results/test8_femnist/FEMNIST-Standard/FedHAD__FEMNIST__Mode-STANDARD__Cfg-E1L1F1__Setup-10__Clients-10__Rounds-10__Delay-0_05__Partitioning-natural__Seed-57.txt
base_alpha_0.5/test8_femnist,FedHAD,57,8,0.631727272727,1.37607052413,1.11331940966,8.90655527731,1.11331940966,8.90655527731,results/main_campaign_default_alpha_0_5/FedHAD-results/test8_femnist/FEMNIST-Standard/FedHAD__FEMNIST__Mode-STANDARD__Cfg-E1L1F1__Setup-10__Clients-10__Rounds-10__Delay-0_05__Partitioning-natural__Seed-57.txt
base_alpha_0.5/test8_femnist,FedHAD,57,9,0.641727272727,1.33545610165,1.11331940966,10.019874687,1.11331940966,10.019874687,results/main_campaign_default_alpha_0_5/FedHAD-results/test8_femnist/FEMNIST-Standard/FedHAD__FEMNIST__Mode-STANDARD__Cfg-E1L1F1__Setup-10__Clients-10__Rounds-10__Delay-0_05__Partitioning-natural__Seed-57.txt
base_alpha_0.5/test8_femnist,FedHAD,57,10,0.658318181818,1.2896714103,1.11331940966,11.1331940966,1.11331940966,11.1331940966,results/main_campaign_default_alpha_0_5/FedHAD-results/test8_femnist/FEMNIST-Standard/FedHAD__FEMNIST__Mode-STANDARD__Cfg-E1L1F1__Setup-10__Clients-10__Rounds-10__Delay-0_05__Partitioning-natural__Seed-57.txt
base_alpha_0.5/test8_femnist,FedHAD,58,0,0.00781812077318,4.12328313726,0,0,0,0,results/main_campaign_default_alpha_0_5/FedHAD-results/test8_femnist/FEMNIST-Standard/FedHAD__FEMNIST__Mode-STANDARD__Cfg-E1L1F1__Setup-10__Clients-10__Rounds-10__Delay-0_05__Partitioning-natural__Seed-58.txt
base_alpha_0.5/test8_femnist,FedHAD,58,1,0.125665499544,3.92590943099,1.11331940966,1.11331940966,1.11331940966,1.11331940966,results/main_campaign_default_alpha_0_5/FedHAD-results/test8_femnist/FEMNIST-Standard/FedHAD__FEMNIST__Mode-STANDARD__Cfg-E1L1F1__Setup-10__Clients-10__Rounds-10__Delay-0_05__Partitioning-natural__Seed-58.txt
base_alpha_0.5/test8_femnist,FedHAD,58,2,0.37814763298,3.0169305471,1.11331940966,2.22663881933,1.11331940966,2.22663881933,results/main_campaign_default_alpha_0_5/FedHAD-results/test8_femnist/FEMNIST-Standard/FedHAD__FEMNIST__Mode-STANDARD__Cfg-E1L1F1__Setup-10__Clients-10__Rounds-10__Delay-0_05__Partitioning-natural__Seed-58.txt
base_alpha_0.5/test8_femnist,FedHAD,58,3,0.476281836059,2.18889243714,1.11331940966,3.33995822899,1.11331940966,3.33995822899,results/main_campaign_default_alpha_0_5/FedHAD-results/test8_femnist/FEMNIST-Standard/FedHAD__FEMNIST__Mode-STANDARD__Cfg-E1L1F1__Setup-10__Clients-10__Rounds-10__Delay-0_05__Partitioning-natural__Seed-58.txt
base_alpha_0.5/test8_femnist,FedHAD,58,4,0.552544486546,1.81844782762,1.11331940966,4.45327763866,1.11331940966,4.45327763866,results/main_campaign_default_alpha_0_5/FedHAD-results/test8_femnist/FEMNIST-Standard/FedHAD__FEMNIST__Mode-STANDARD__Cfg-E1L1F1__Setup-10__Clients-10__Rounds-10__Delay-0_05__Partitioning-natural__Seed-58.txt
base_alpha_0.5/test8_femnist,FedHAD,58,5,0.594464962348,1.56341826883,1.11331940966,5.56659704832,1.11331940966,5.56659704832,results/main_campaign_default_alpha_0_5/FedHAD-results/test8_femnist/FEMNIST-Standard/FedHAD__FEMNIST__Mode-STANDARD__Cfg-E1L1F1__Setup-10__Clients-10__Rounds-10__Delay-0_05__Partitioning-natural__Seed-58.txt
base_alpha_0.5/test8_femnist,FedHAD,58,6,0.616144659216,1.45041292197,1.11331940966,6.67991645798,1.11331940966,6.67991645798,results/main_campaign_default_alpha_0_5/FedHAD-results/test8_femnist/FEMNIST-Standard/FedHAD__FEMNIST__Mode-STANDARD__Cfg-E1L1F1__Setup-10__Clients-10__Rounds-10__Delay-0_05__Partitioning-natural__Seed-58.txt
base_alpha_0.5/test8_femnist,FedHAD,58,7,0.622044222744,1.38792804507,1.11331940966,7.79323586765,1.11331940966,7.79323586765,results/main_campaign_default_alpha_0_5/FedHAD-results/test8_femnist/FEMNIST-Standard/FedHAD__FEMNIST__Mode-STANDARD__Cfg-E1L1F1__Setup-10__Clients-10__Rounds-10__Delay-0_05__Partitioning-natural__Seed-58.txt
base_alpha_0.5/test8_femnist,FedHAD,58,8,0.636001726702,1.35091509854,1.11331940966,8.90655527731,1.11331940966,8.90655527731,results/main_campaign_default_alpha_0_5/FedHAD-results/test8_femnist/FEMNIST-Standard/FedHAD__FEMNIST__Mode-STANDARD__Cfg-E1L1F1__Setup-10__Clients-10__Rounds-10__Delay-0_05__Partitioning-natural__Seed-58.txt
base_alpha_0.5/test8_femnist,FedHAD,58,9,0.654995443427,1.27916231768,1.11331940966,10.019874687,1.11331940966,10.019874687,results/main_campaign_default_alpha_0_5/FedHAD-results/test8_femnist/FEMNIST-Standard/FedHAD__FEMNIST__Mode-STANDARD__Cfg-E1L1F1__Setup-10__Clients-10__Rounds-10__Delay-0_05__Partitioning-natural__Seed-58.txt
base_alpha_0.5/test8_femnist,FedHAD,58,10,0.65686603674,1.26020714853,1.11331940966,11.1331940966,1.11331940966,11.1331940966,results/main_campaign_default_alpha_0_5/FedHAD-results/test8_femnist/FEMNIST-Standard/FedHAD__FEMNIST__Mode-STANDARD__Cfg-E1L1F1__Setup-10__Clients-10__Rounds-10__Delay-0_05__Partitioning-natural__Seed-58.txt
base_alpha_0.5/test8_femnist,FedHAD,59,0,0.0139756944444,4.1305995418,0,0,0,0,results/main_campaign_default_alpha_0_5/FedHAD-results/test8_femnist/FEMNIST-Standard/FedHAD__FEMNIST__Mode-STANDARD__Cfg-E1L1F1__Setup-10__Clients-10__Rounds-10__Delay-0_05__Partitioning-natural__Seed-59.txt
base_alpha_0.5/test8_femnist,FedHAD,59,1,0.139887152778,3.9568009413,1.11331940966,1.11331940966,1.11331940966,1.11331940966,results/main_campaign_default_alpha_0_5/FedHAD-results/test8_femnist/FEMNIST-Standard/FedHAD__FEMNIST__Mode-STANDARD__Cfg-E1L1F1__Setup-10__Clients-10__Rounds-10__Delay-0_05__Partitioning-natural__Seed-59.txt
base_alpha_0.5/test8_femnist,FedHAD,59,2,0.355338541667,3.26308893528,1.11331940966,2.22663881933,1.11331940966,2.22663881933,results/main_campaign_default_alpha_0_5/FedHAD-results/test8_femnist/FEMNIST-Standard/FedHAD__FEMNIST__Mode-STANDARD__Cfg-E1L1F1__Setup-10__Clients-10__Rounds-10__Delay-0_05__Partitioning-natural__Seed-59.txt
base_alpha_0.5/test8_femnist,FedHAD,59,3,0.434114583333,2.41771231525,1.11331940966,3.33995822899,1.11331940966,3.33995822899,results/main_campaign_default_alpha_0_5/FedHAD-results/test8_femnist/FEMNIST-Standard/FedHAD__FEMNIST__Mode-STANDARD__Cfg-E1L1F1__Setup-10__Clients-10__Rounds-10__Delay-0_05__Partitioning-natural__Seed-59.txt
base_alpha_0.5/test8_femnist,FedHAD,59,4,0.512369791667,1.92876232391,1.11331940966,4.45327763866,1.11331940966,4.45327763866,results/main_campaign_default_alpha_0_5/FedHAD-results/test8_femnist/FEMNIST-Standard/FedHAD__FEMNIST__Mode-STANDARD__Cfg-E1L1F1__Setup-10__Clients-10__Rounds-10__Delay-0_05__Partitioning-natural__Seed-59.txt
base_alpha_0.5/test8_femnist,FedHAD,59,5,0.561241319444,1.65281484342,1.11331940966,5.56659704832,1.11331940966,5.56659704832,results/main_campaign_default_alpha_0_5/FedHAD-results/test8_femnist/FEMNIST-Standard/FedHAD__FEMNIST__Mode-STANDARD__Cfg-E1L1F1__Setup-10__Clients-10__Rounds-10__Delay-0_05__Partitioning-natural__Seed-59.txt
base_alpha_0.5/test8_femnist,FedHAD,59,6,0.589539930556,1.51270929741,1.11331940966,6.67991645798,1.11331940966,6.67991645798,results/main_campaign_default_alpha_0_5/FedHAD-results/test8_femnist/FEMNIST-Standard/FedHAD__FEMNIST__Mode-STANDARD__Cfg-E1L1F1__Setup-10__Clients-10__Rounds-10__Delay-0_05__Partitioning-natural__Seed-59.txt
base_alpha_0.5/test8_femnist,FedHAD,59,7,0.608506944444,1.43036200263,1.11331940966,7.79323586765,1.11331940966,7.79323586765,results/main_campaign_default_alpha_0_5/FedHAD-results/test8_femnist/FEMNIST-Standard/FedHAD__FEMNIST__Mode-STANDARD__Cfg-E1L1F1__Setup-10__Clients-10__Rounds-10__Delay-0_05__Partitioning-natural__Seed-59.txt
base_alpha_0.5/test8_femnist,FedHAD,59,8,0.62734375,1.3483734996,1.11331940966,8.90655527731,1.11331940966,8.90655527731,results/main_campaign_default_alpha_0_5/FedHAD-results/test8_femnist/FEMNIST-Standard/FedHAD__FEMNIST__Mode-STANDARD__Cfg-E1L1F1__Setup-10__Clients-10__Rounds-10__Delay-0_05__Partitioning-natural__Seed-59.txt
base_alpha_0.5/test8_femnist,FedHAD,59,9,0.633333333333,1.32386780512,1.11331940966,10.019874687,1.11331940966,10.019874687,results/main_campaign_default_alpha_0_5/FedHAD-results/test8_femnist/FEMNIST-Standard/FedHAD__FEMNIST__Mode-STANDARD__Cfg-E1L1F1__Setup-10__Clients-10__Rounds-10__Delay-0_05__Partitioning-natural__Seed-59.txt
base_alpha_0.5/test8_femnist,FedHAD,59,10,0.641232638889,1.32511115999,1.11331940966,11.1331940966,1.11331940966,11.1331940966,results/main_campaign_default_alpha_0_5/FedHAD-results/test8_femnist/FEMNIST-Standard/FedHAD__FEMNIST__Mode-STANDARD__Cfg-E1L1F1__Setup-10__Clients-10__Rounds-10__Delay-0_05__Partitioning-natural__Seed-59.txt
base_alpha_0.5/test8_femnist,FedHAD,60,0,0.0483394666303,4.11466911363,0,0,0,0,results/main_campaign_default_alpha_0_5/FedHAD-results/test8_femnist/FEMNIST-Standard/FedHAD__FEMNIST__Mode-STANDARD__Cfg-E1L1F1__Setup-10__Clients-10__Rounds-10__Delay-0_05__Partitioning-natural__Seed-60.txt
base_alpha_0.5/test8_femnist,FedHAD,60,1,0.054881650084,3.9571042279,1.11331940966,1.11331940966,1.11331940966,1.11331940966,results/main_campaign_default_alpha_0_5/FedHAD-results/test8_femnist/FEMNIST-Standard/FedHAD__FEMNIST__Mode-STANDARD__Cfg-E1L1F1__Setup-10__Clients-10__Rounds-10__Delay-0_05__Partitioning-natural__Seed-60.txt
base_alpha_0.5/test8_femnist,FedHAD,60,2,0.335059742856,3.2626781214,1.11331940966,2.22663881933,1.11331940966,2.22663881933,results/main_campaign_default_alpha_0_5/FedHAD-results/test8_femnist/FEMNIST-Standard/FedHAD__FEMNIST__Mode-STANDARD__Cfg-E1L1F1__Setup-10__Clients-10__Rounds-10__Delay-0_05__Partitioning-natural__Seed-60.txt
base_alpha_0.5/test8_femnist,FedHAD,60,3,0.46694834401,2.39001709393,1.11331940966,3.33995822899,1.11331940966,3.33995822899,results/main_campaign_default_alpha_0_5/FedHAD-results/test8_femnist/FEMNIST-Standard/FedHAD__FEMNIST__Mode-STANDARD__Cfg-E1L1F1__Setup-10__Clients-10__Rounds-10__Delay-0_05__Partitioning-natural__Seed-60.txt
base_alpha_0.5/test8_femnist,FedHAD,60,4,0.536368179547,1.90881102526,1.11331940966,4.45327763866,1.11331940966,4.45327763866,results/main_campaign_default_alpha_0_5/FedHAD-results/test8_femnist/FEMNIST-Standard/FedHAD__FEMNIST__Mode-STANDARD__Cfg-E1L1F1__Setup-10__Clients-10__Rounds-10__Delay-0_05__Partitioning-natural__Seed-60.txt
base_alpha_0.5/test8_femnist,FedHAD,60,5,0.56562627777,1.70130175108,1.11331940966,5.56659704832,1.11331940966,5.56659704832,results/main_campaign_default_alpha_0_5/FedHAD-results/test8_femnist/FEMNIST-Standard/FedHAD__FEMNIST__Mode-STANDARD__Cfg-E1L1F1__Setup-10__Clients-10__Rounds-10__Delay-0_05__Partitioning-natural__Seed-60.txt
base_alpha_0.5/test8_femnist,FedHAD,60,6,0.591749579756,1.5844653947,1.11331940966,6.67991645798,1.11331940966,6.67991645798,results/main_campaign_default_alpha_0_5/FedHAD-results/test8_femnist/FEMNIST-Standard/FedHAD__FEMNIST__Mode-STANDARD__Cfg-E1L1F1__Setup-10__Clients-10__Rounds-10__Delay-0_05__Partitioning-natural__Seed-60.txt
base_alpha_0.5/test8_femnist,FedHAD,60,7,0.612239334878,1.50087098554,1.11331940966,7.79323586765,1.11331940966,7.79323586765,results/main_campaign_default_alpha_0_5/FedHAD-results/test8_femnist/FEMNIST-Standard/FedHAD__FEMNIST__Mode-STANDARD__Cfg-E1L1F1__Setup-10__Clients-10__Rounds-10__Delay-0_05__Partitioning-natural__Seed-60.txt
base_alpha_0.5/test8_femnist,FedHAD,60,8,0.629230839126,1.41391771948,1.11331940966,8.90655527731,1.11331940966,8.90655527731,results/main_campaign_default_alpha_0_5/FedHAD-results/test8_femnist/FEMNIST-Standard/FedHAD__FEMNIST__Mode-STANDARD__Cfg-E1L1F1__Setup-10__Clients-10__Rounds-10__Delay-0_05__Partitioning-natural__Seed-60.txt
base_alpha_0.5/test8_femnist,FedHAD,60,9,0.640270773704,1.37388037986,1.11331940966,10.019874687,1.11331940966,10.019874687,results/main_campaign_default_alpha_0_5/FedHAD-results/test8_femnist/FEMNIST-Standard/FedHAD__FEMNIST__Mode-STANDARD__Cfg-E1L1F1__Setup-10__Clients-10__Rounds-10__Delay-0_05__Partitioning-natural__Seed-60.txt
base_alpha_0.5/test8_femnist,FedHAD,60,10,0.645904320567,1.3543395032,1.11331940966,11.1331940966,1.11331940966,11.1331940966,results/main_campaign_default_alpha_0_5/FedHAD-results/test8_femnist/FEMNIST-Standard/FedHAD__FEMNIST__Mode-STANDARD__Cfg-E1L1F1__Setup-10__Clients-10__Rounds-10__Delay-0_05__Partitioning-natural__Seed-60.txt
base_alpha_0.5/test8_femnist,FedHAD,61,0,0.00411395204813,4.11984335882,0,0,0,0,results/main_campaign_default_alpha_0_5/FedHAD-results/test8_femnist/FEMNIST-Standard/FedHAD__FEMNIST__Mode-STANDARD__Cfg-E1L1F1__Setup-10__Clients-10__Rounds-10__Delay-0_05__Partitioning-natural__Seed-61.txt
base_alpha_0.5/test8_femnist,FedHAD,61,1,0.107139697425,3.94191316222,1.11331940966,1.11331940966,1.11331940966,1.11331940966,results/main_campaign_default_alpha_0_5/FedHAD-results/test8_femnist/FEMNIST-Standard/FedHAD__FEMNIST__Mode-STANDARD__Cfg-E1L1F1__Setup-10__Clients-10__Rounds-10__Delay-0_05__Partitioning-natural__Seed-61.txt
base_alpha_0.5/test8_femnist,FedHAD,61,2,0.311377510395,3.24913306058,1.11331940966,2.22663881933,1.11331940966,2.22663881933,results/main_campaign_default_alpha_0_5/FedHAD-results/test8_femnist/FEMNIST-Standard/FedHAD__FEMNIST__Mode-STANDARD__Cfg-E1L1F1__Setup-10__Clients-10__Rounds-10__Delay-0_05__Partitioning-natural__Seed-61.txt
base_alpha_0.5/test8_femnist,FedHAD,61,3,0.464699637264,2.35721545334,1.11331940966,3.33995822899,1.11331940966,3.33995822899,results/main_campaign_default_alpha_0_5/FedHAD-results/test8_femnist/FEMNIST-Standard/FedHAD__FEMNIST__Mode-STANDARD__Cfg-E1L1F1__Setup-10__Clients-10__Rounds-10__Delay-0_05__Partitioning-natural__Seed-61.txt
base_alpha_0.5/test8_femnist,FedHAD,61,4,0.53773334513,1.85532009301,1.11331940966,4.45327763866,1.11331940966,4.45327763866,results/main_campaign_default_alpha_0_5/FedHAD-results/test8_femnist/FEMNIST-Standard/FedHAD__FEMNIST__Mode-STANDARD__Cfg-E1L1F1__Setup-10__Clients-10__Rounds-10__Delay-0_05__Partitioning-natural__Seed-61.txt
base_alpha_0.5/test8_femnist,FedHAD,61,5,0.573520304344,1.63424163785,1.11331940966,5.56659704832,1.11331940966,5.56659704832,results/main_campaign_default_alpha_0_5/FedHAD-results/test8_femnist/FEMNIST-Standard/FedHAD__FEMNIST__Mode-STANDARD__Cfg-E1L1F1__Setup-10__Clients-10__Rounds-10__Delay-0_05__Partitioning-natural__Seed-61.txt
base_alpha_0.5/test8_femnist,FedHAD,61,6,0.594443952933,1.53322806,1.11331940966,6.67991645798,1.11331940966,6.67991645798,results/main_campaign_default_alpha_0_5/FedHAD-results/test8_femnist/FEMNIST-Standard/FedHAD__FEMNIST__Mode-STANDARD__Cfg-E1L1F1__Setup-10__Clients-10__Rounds-10__Delay-0_05__Partitioning-natural__Seed-61.txt
base_alpha_0.5/test8_femnist,FedHAD,61,7,0.6073166416,1.45775149888,1.11331940966,7.79323586765,1.11331940966,7.79323586765,results/main_campaign_default_alpha_0_5/FedHAD-results/test8_femnist/FEMNIST-Standard/FedHAD__FEMNIST__Mode-STANDARD__Cfg-E1L1F1__Setup-10__Clients-10__Rounds-10__Delay-0_05__Partitioning-natural__Seed-61.txt
base_alpha_0.5/test8_femnist,FedHAD,61,8,0.622047244094,1.39630830468,1.11331940966,8.90655527731,1.11331940966,8.90655527731,results/main_campaign_default_alpha_0_5/FedHAD-results/test8_femnist/FEMNIST-Standard/FedHAD__FEMNIST__Mode-STANDARD__Cfg-E1L1F1__Setup-10__Clients-10__Rounds-10__Delay-0_05__Partitioning-natural__Seed-61.txt
base_alpha_0.5/test8_femnist,FedHAD,61,9,0.620056622136,1.41140377202,1.11331940966,10.019874687,1.11331940966,10.019874687,results/main_campaign_default_alpha_0_5/FedHAD-results/test8_femnist/FEMNIST-Standard/FedHAD__FEMNIST__Mode-STANDARD__Cfg-E1L1F1__Setup-10__Clients-10__Rounds-10__Delay-0_05__Partitioning-natural__Seed-61.txt
base_alpha_0.5/test8_femnist,FedHAD,61,10,0.638326108113,1.34058701367,1.11331940966,11.1331940966,1.11331940966,11.1331940966,results/main_campaign_default_alpha_0_5/FedHAD-results/test8_femnist/FEMNIST-Standard/FedHAD__FEMNIST__Mode-STANDARD__Cfg-E1L1F1__Setup-10__Clients-10__Rounds-10__Delay-0_05__Partitioning-natural__Seed-61.txt
base_alpha_0.5/test8_femnist,FedHAD,62,0,0.00432241269218,4.12231057507,0,0,0,0,results/main_campaign_default_alpha_0_5/FedHAD-results/test8_femnist/FEMNIST-Standard/FedHAD__FEMNIST__Mode-STANDARD__Cfg-E1L1F1__Setup-10__Clients-10__Rounds-10__Delay-0_05__Partitioning-natural__Seed-62.txt
base_alpha_0.5/test8_femnist,FedHAD,62,1,0.0633626406012,3.93534513955,1.11331940966,1.11331940966,1.11331940966,1.11331940966,results/main_campaign_default_alpha_0_5/FedHAD-results/test8_femnist/FEMNIST-Standard/FedHAD__FEMNIST__Mode-STANDARD__Cfg-E1L1F1__Setup-10__Clients-10__Rounds-10__Delay-0_05__Partitioning-natural__Seed-62.txt
base_alpha_0.5/test8_femnist,FedHAD,62,2,0.383024706518,3.25460598024,1.11331940966,2.22663881933,1.11331940966,2.22663881933,results/main_campaign_default_alpha_0_5/FedHAD-results/test8_femnist/FEMNIST-Standard/FedHAD__FEMNIST__Mode-STANDARD__Cfg-E1L1F1__Setup-10__Clients-10__Rounds-10__Delay-0_05__Partitioning-natural__Seed-62.txt
base_alpha_0.5/test8_femnist,FedHAD,62,3,0.450218576551,2.4371064699,1.11331940966,3.33995822899,1.11331940966,3.33995822899,results/main_campaign_default_alpha_0_5/FedHAD-results/test8_femnist/FEMNIST-Standard/FedHAD__FEMNIST__Mode-STANDARD__Cfg-E1L1F1__Setup-10__Clients-10__Rounds-10__Delay-0_05__Partitioning-natural__Seed-62.txt
base_alpha_0.5/test8_femnist,FedHAD,62,4,0.539564811631,1.9107787889,1.11331940966,4.45327763866,1.11331940966,4.45327763866,results/main_campaign_default_alpha_0_5/FedHAD-results/test8_femnist/FEMNIST-Standard/FedHAD__FEMNIST__Mode-STANDARD__Cfg-E1L1F1__Setup-10__Clients-10__Rounds-10__Delay-0_05__Partitioning-natural__Seed-62.txt
base_alpha_0.5/test8_femnist,FedHAD,62,5,0.564909867872,1.6858039568,1.11331940966,5.56659704832,1.11331940966,5.56659704832,results/main_campaign_default_alpha_0_5/FedHAD-results/test8_femnist/FEMNIST-Standard/FedHAD__FEMNIST__Mode-STANDARD__Cfg-E1L1F1__Setup-10__Clients-10__Rounds-10__Delay-0_05__Partitioning-natural__Seed-62.txt
base_alpha_0.5/test8_femnist,FedHAD,62,6,0.58991109583,1.5561299227,1.11331940966,6.67991645798,1.11331940966,6.67991645798,results/main_campaign_default_alpha_0_5/FedHAD-results/test8_femnist/FEMNIST-Standard/FedHAD__FEMNIST__Mode-STANDARD__Cfg-E1L1F1__Setup-10__Clients-10__Rounds-10__Delay-0_05__Partitioning-natural__Seed-62.txt
base_alpha_0.5/test8_femnist,FedHAD,62,7,0.609018124662,1.46649212148,1.11331940966,7.79323586765,1.11331940966,7.79323586765,results/main_campaign_default_alpha_0_5/FedHAD-results/test8_femnist/FEMNIST-Standard/FedHAD__FEMNIST__Mode-STANDARD__Cfg-E1L1F1__Setup-10__Clients-10__Rounds-10__Delay-0_05__Partitioning-natural__Seed-62.txt
base_alpha_0.5/test8_femnist,FedHAD,62,8,0.621494179478,1.39932977547,1.11331940966,8.90655527731,1.11331940966,8.90655527731,results/main_campaign_default_alpha_0_5/FedHAD-results/test8_femnist/FEMNIST-Standard/FedHAD__FEMNIST__Mode-STANDARD__Cfg-E1L1F1__Setup-10__Clients-10__Rounds-10__Delay-0_05__Partitioning-natural__Seed-62.txt
base_alpha_0.5/test8_femnist,FedHAD,62,9,0.628960165038,1.3631728868,1.11331940966,10.019874687,1.11331940966,10.019874687,results/main_campaign_default_alpha_0_5/FedHAD-results/test8_femnist/FEMNIST-Standard/FedHAD__FEMNIST__Mode-STANDARD__Cfg-E1L1F1__Setup-10__Clients-10__Rounds-10__Delay-0_05__Partitioning-natural__Seed-62.txt
base_alpha_0.5/test8_femnist,FedHAD,62,10,0.636622623901,1.32078131467,1.11331940966,11.1331940966,1.11331940966,11.1331940966,results/main_campaign_default_alpha_0_5/FedHAD-results/test8_femnist/FEMNIST-Standard/FedHAD__FEMNIST__Mode-STANDARD__Cfg-E1L1F1__Setup-10__Clients-10__Rounds-10__Delay-0_05__Partitioning-natural__Seed-62.txt
base_alpha_0.5/test8_femnist,FedHAD,63,0,0.00366693497898,4.12523557564,0,0,0,0,results/main_campaign_default_alpha_0_5/FedHAD-results/test8_femnist/FEMNIST-Standard/FedHAD__FEMNIST__Mode-STANDARD__Cfg-E1L1F1__Setup-10__Clients-10__Rounds-10__Delay-0_05__Partitioning-natural__Seed-63.txt
base_alpha_0.5/test8_femnist,FedHAD,63,1,0.126464538056,3.95711662168,1.11331940966,1.11331940966,1.11331940966,1.11331940966,results/main_campaign_default_alpha_0_5/FedHAD-results/test8_femnist/FEMNIST-Standard/FedHAD__FEMNIST__Mode-STANDARD__Cfg-E1L1F1__Setup-10__Clients-10__Rounds-10__Delay-0_05__Partitioning-natural__Seed-63.txt
base_alpha_0.5/test8_femnist,FedHAD,63,2,0.376084428942,3.19120343537,1.11331940966,2.22663881933,1.11331940966,2.22663881933,results/main_campaign_default_alpha_0_5/FedHAD-results/test8_femnist/FEMNIST-Standard/FedHAD__FEMNIST__Mode-STANDARD__Cfg-E1L1F1__Setup-10__Clients-10__Rounds-10__Delay-0_05__Partitioning-natural__Seed-63.txt
base_alpha_0.5/test8_femnist,FedHAD,63,3,0.474242017709,2.29506667547,1.11331940966,3.33995822899,1.11331940966,3.33995822899,results/main_campaign_default_alpha_0_5/FedHAD-results/test8_femnist/FEMNIST-Standard/FedHAD__FEMNIST__Mode-STANDARD__Cfg-E1L1F1__Setup-10__Clients-10__Rounds-10__Delay-0_05__Partitioning-natural__Seed-63.txt
base_alpha_0.5/test8_femnist,FedHAD,63,4,0.5408729094,1.88596986376,1.11331940966,4.45327763866,1.11331940966,4.45327763866,results/main_campaign_default_alpha_0_5/FedHAD-results/test8_femnist/FEMNIST-Standard/FedHAD__FEMNIST__Mode-STANDARD__Cfg-E1L1F1__Setup-10__Clients-10__Rounds-10__Delay-0_05__Partitioning-natural__Seed-63.txt
base_alpha_0.5/test8_femnist,FedHAD,63,5,0.58353456757,1.61573999158,1.11331940966,5.56659704832,1.11331940966,5.56659704832,results/main_campaign_default_alpha_0_5/FedHAD-results/test8_femnist/FEMNIST-Standard/FedHAD__FEMNIST__Mode-STANDARD__Cfg-E1L1F1__Setup-10__Clients-10__Rounds-10__Delay-0_05__Partitioning-natural__Seed-63.txt
base_alpha_0.5/test8_femnist,FedHAD,63,6,0.606788301583,1.49780999458,1.11331940966,6.67991645798,1.11331940966,6.67991645798,results/main_campaign_default_alpha_0_5/FedHAD-results/test8_femnist/FEMNIST-Standard/FedHAD__FEMNIST__Mode-STANDARD__Cfg-E1L1F1__Setup-10__Clients-10__Rounds-10__Delay-0_05__Partitioning-natural__Seed-63.txt
base_alpha_0.5/test8_femnist,FedHAD,63,7,0.618772918344,1.41953084278,1.11331940966,7.79323586765,1.11331940966,7.79323586765,results/main_campaign_default_alpha_0_5/FedHAD-results/test8_femnist/FEMNIST-Standard/FedHAD__FEMNIST__Mode-STANDARD__Cfg-E1L1F1__Setup-10__Clients-10__Rounds-10__Delay-0_05__Partitioning-natural__Seed-63.txt
base_alpha_0.5/test8_femnist,FedHAD,63,8,0.630086754315,1.39063202789,1.11331940966,8.90655527731,1.11331940966,8.90655527731,results/main_campaign_default_alpha_0_5/FedHAD-results/test8_femnist/FEMNIST-Standard/FedHAD__FEMNIST__Mode-STANDARD__Cfg-E1L1F1__Setup-10__Clients-10__Rounds-10__Delay-0_05__Partitioning-natural__Seed-63.txt
base_alpha_0.5/test8_femnist,FedHAD,63,9,0.634737501118,1.37199877516,1.11331940966,10.019874687,1.11331940966,10.019874687,results/main_campaign_default_alpha_0_5/FedHAD-results/test8_femnist/FEMNIST-Standard/FedHAD__FEMNIST__Mode-STANDARD__Cfg-E1L1F1__Setup-10__Clients-10__Rounds-10__Delay-0_05__Partitioning-natural__Seed-63.txt
base_alpha_0.5/test8_femnist,FedHAD,63,10,0.647124586352,1.31559682567,1.11331940966,11.1331940966,1.11331940966,11.1331940966,results/main_campaign_default_alpha_0_5/FedHAD-results/test8_femnist/FEMNIST-Standard/FedHAD__FEMNIST__Mode-STANDARD__Cfg-E1L1F1__Setup-10__Clients-10__Rounds-10__Delay-0_05__Partitioning-natural__Seed-63.txt
base_alpha_0.5/test8_femnist,FedHAD,64,0,0.0190391061453,4.11410020432,0,0,0,0,results/main_campaign_default_alpha_0_5/FedHAD-results/test8_femnist/FEMNIST-Standard/FedHAD__FEMNIST__Mode-STANDARD__Cfg-E1L1F1__Setup-10__Clients-10__Rounds-10__Delay-0_05__Partitioning-natural__Seed-64.txt
base_alpha_0.5/test8_femnist,FedHAD,64,1,0.183687150838,3.92522051602,1.11331940966,1.11331940966,1.11331940966,1.11331940966,results/main_campaign_default_alpha_0_5/FedHAD-results/test8_femnist/FEMNIST-Standard/FedHAD__FEMNIST__Mode-STANDARD__Cfg-E1L1F1__Setup-10__Clients-10__Rounds-10__Delay-0_05__Partitioning-natural__Seed-64.txt
base_alpha_0.5/test8_femnist,FedHAD,64,2,0.351597765363,3.21867725981,1.11331940966,2.22663881933,1.11331940966,2.22663881933,results/main_campaign_default_alpha_0_5/FedHAD-results/test8_femnist/FEMNIST-Standard/FedHAD__FEMNIST__Mode-STANDARD__Cfg-E1L1F1__Setup-10__Clients-10__Rounds-10__Delay-0_05__Partitioning-natural__Seed-64.txt
base_alpha_0.5/test8_femnist,FedHAD,64,3,0.469363128492,2.38414481992,1.11331940966,3.33995822899,1.11331940966,3.33995822899,results/main_campaign_default_alpha_0_5/FedHAD-results/test8_femnist/FEMNIST-Standard/FedHAD__FEMNIST__Mode-STANDARD__Cfg-E1L1F1__Setup-10__Clients-10__Rounds-10__Delay-0_05__Partitioning-natural__Seed-64.txt
base_alpha_0.5/test8_femnist,FedHAD,64,4,0.551061452514,1.90373018435,1.11331940966,4.45327763866,1.11331940966,4.45327763866,results/main_campaign_default_alpha_0_5/FedHAD-results/test8_femnist/FEMNIST-Standard/FedHAD__FEMNIST__Mode-STANDARD__Cfg-E1L1F1__Setup-10__Clients-10__Rounds-10__Delay-0_05__Partitioning-natural__Seed-64.txt
base_alpha_0.5/test8_femnist,FedHAD,64,5,0.589988826816,1.6168596547,1.11331940966,5.56659704832,1.11331940966,5.56659704832,results/main_campaign_default_alpha_0_5/FedHAD-results/test8_femnist/FEMNIST-Standard/FedHAD__FEMNIST__Mode-STANDARD__Cfg-E1L1F1__Setup-10__Clients-10__Rounds-10__Delay-0_05__Partitioning-natural__Seed-64.txt
base_alpha_0.5/test8_femnist,FedHAD,64,6,0.613944134078,1.46100439054,1.11331940966,6.67991645798,1.11331940966,6.67991645798,results/main_campaign_default_alpha_0_5/FedHAD-results/test8_femnist/FEMNIST-Standard/FedHAD__FEMNIST__Mode-STANDARD__Cfg-E1L1F1__Setup-10__Clients-10__Rounds-10__Delay-0_05__Partitioning-natural__Seed-64.txt
base_alpha_0.5/test8_femnist,FedHAD,64,7,0.630793296089,1.39238707838,1.11331940966,7.79323586765,1.11331940966,7.79323586765,results/main_campaign_default_alpha_0_5/FedHAD-results/test8_femnist/FEMNIST-Standard/FedHAD__FEMNIST__Mode-STANDARD__Cfg-E1L1F1__Setup-10__Clients-10__Rounds-10__Delay-0_05__Partitioning-natural__Seed-64.txt
base_alpha_0.5/test8_femnist,FedHAD,64,8,0.645094972067,1.32259661804,1.11331940966,8.90655527731,1.11331940966,8.90655527731,results/main_campaign_default_alpha_0_5/FedHAD-results/test8_femnist/FEMNIST-Standard/FedHAD__FEMNIST__Mode-STANDARD__Cfg-E1L1F1__Setup-10__Clients-10__Rounds-10__Delay-0_05__Partitioning-natural__Seed-64.txt
base_alpha_0.5/test8_femnist,FedHAD,64,9,0.654212290503,1.26971042221,1.11331940966,10.019874687,1.11331940966,10.019874687,results/main_campaign_default_alpha_0_5/FedHAD-results/test8_femnist/FEMNIST-Standard/FedHAD__FEMNIST__Mode-STANDARD__Cfg-E1L1F1__Setup-10__Clients-10__Rounds-10__Delay-0_05__Partitioning-natural__Seed-64.txt
base_alpha_0.5/test8_femnist,FedHAD,64,10,0.659441340782,1.24138980094,1.11331940966,11.1331940966,1.11331940966,11.1331940966,results/main_campaign_default_alpha_0_5/FedHAD-results/test8_femnist/FEMNIST-Standard/FedHAD__FEMNIST__Mode-STANDARD__Cfg-E1L1F1__Setup-10__Clients-10__Rounds-10__Delay-0_05__Partitioning-natural__Seed-64.txt
base_alpha_0.5/test8_femnist,FedHAD,65,0,0.00377515038374,4.13057605745,0,0,0,0,results/main_campaign_default_alpha_0_5/FedHAD-results/test8_femnist/FEMNIST-Standard/FedHAD__FEMNIST__Mode-STANDARD__Cfg-E1L1F1__Setup-10__Clients-10__Rounds-10__Delay-0_05__Partitioning-natural__Seed-65.txt
base_alpha_0.5/test8_femnist,FedHAD,65,1,0.0455922007882,3.96729082945,1.11331940966,1.11331940966,1.11331940966,1.11331940966,results/main_campaign_default_alpha_0_5/FedHAD-results/test8_femnist/FEMNIST-Standard/FedHAD__FEMNIST__Mode-STANDARD__Cfg-E1L1F1__Setup-10__Clients-10__Rounds-10__Delay-0_05__Partitioning-natural__Seed-65.txt
base_alpha_0.5/test8_femnist,FedHAD,65,2,0.29890064302,3.27974128779,1.11331940966,2.22663881933,1.11331940966,2.22663881933,results/main_campaign_default_alpha_0_5/FedHAD-results/test8_femnist/FEMNIST-Standard/FedHAD__FEMNIST__Mode-STANDARD__Cfg-E1L1F1__Setup-10__Clients-10__Rounds-10__Delay-0_05__Partitioning-natural__Seed-65.txt
base_alpha_0.5/test8_femnist,FedHAD,65,3,0.447666459241,2.46533980502,1.11331940966,3.33995822899,1.11331940966,3.33995822899,results/main_campaign_default_alpha_0_5/FedHAD-results/test8_femnist/FEMNIST-Standard/FedHAD__FEMNIST__Mode-STANDARD__Cfg-E1L1F1__Setup-10__Clients-10__Rounds-10__Delay-0_05__Partitioning-natural__Seed-65.txt
base_alpha_0.5/test8_femnist,FedHAD,65,4,0.525783032566,1.93611377683,1.11331940966,4.45327763866,1.11331940966,4.45327763866,results/main_campaign_default_alpha_0_5/FedHAD-results/test8_femnist/FEMNIST-Standard/FedHAD__FEMNIST__Mode-STANDARD__Cfg-E1L1F1__Setup-10__Clients-10__Rounds-10__Delay-0_05__Partitioning-natural__Seed-65.txt
base_alpha_0.5/test8_femnist,FedHAD,65,5,0.577100186683,1.6529913706,1.11331940966,5.56659704832,1.11331940966,5.56659704832,results/main_campaign_default_alpha_0_5/FedHAD-results/test8_femnist/FEMNIST-Standard/FedHAD__FEMNIST__Mode-STANDARD__Cfg-E1L1F1__Setup-10__Clients-10__Rounds-10__Delay-0_05__Partitioning-natural__Seed-65.txt
base_alpha_0.5/test8_femnist,FedHAD,65,6,0.60087118855,1.51159210695,1.11331940966,6.67991645798,1.11331940966,6.67991645798,results/main_campaign_default_alpha_0_5/FedHAD-results/test8_femnist/FEMNIST-Standard/FedHAD__FEMNIST__Mode-STANDARD__Cfg-E1L1F1__Setup-10__Clients-10__Rounds-10__Delay-0_05__Partitioning-natural__Seed-65.txt
base_alpha_0.5/test8_femnist,FedHAD,65,7,0.614934660859,1.43980219547,1.11331940966,7.79323586765,1.11331940966,7.79323586765,results/main_campaign_default_alpha_0_5/FedHAD-results/test8_femnist/FEMNIST-Standard/FedHAD__FEMNIST__Mode-STANDARD__Cfg-E1L1F1__Setup-10__Clients-10__Rounds-10__Delay-0_05__Partitioning-natural__Seed-65.txt
base_alpha_0.5/test8_femnist,FedHAD,65,8,0.632441402199,1.35995678761,1.11331940966,8.90655527731,1.11331940966,8.90655527731,results/main_campaign_default_alpha_0_5/FedHAD-results/test8_femnist/FEMNIST-Standard/FedHAD__FEMNIST__Mode-STANDARD__Cfg-E1L1F1__Setup-10__Clients-10__Rounds-10__Delay-0_05__Partitioning-natural__Seed-65.txt
base_alpha_0.5/test8_femnist,FedHAD,65,9,0.642812694462,1.31314292354,1.11331940966,10.019874687,1.11331940966,10.019874687,results/main_campaign_default_alpha_0_5/FedHAD-results/test8_femnist/FEMNIST-Standard/FedHAD__FEMNIST__Mode-STANDARD__Cfg-E1L1F1__Setup-10__Clients-10__Rounds-10__Delay-0_05__Partitioning-natural__Seed-65.txt
base_alpha_0.5/test8_femnist,FedHAD,65,10,0.666376270483,1.2221343184,1.11331940966,11.1331940966,1.11331940966,11.1331940966,results/main_campaign_default_alpha_0_5/FedHAD-results/test8_femnist/FEMNIST-Standard/FedHAD__FEMNIST__Mode-STANDARD__Cfg-E1L1F1__Setup-10__Clients-10__Rounds-10__Delay-0_05__Partitioning-natural__Seed-65.txt
base_alpha_0.5/test8_femnist,FedHAD,66,0,0.00434721637919,4.12925504828,0,0,0,0,results/main_campaign_default_alpha_0_5/FedHAD-results/test8_femnist/FEMNIST-Standard/FedHAD__FEMNIST__Mode-STANDARD__Cfg-E1L1F1__Setup-10__Clients-10__Rounds-10__Delay-0_05__Partitioning-natural__Seed-66.txt
base_alpha_0.5/test8_femnist,FedHAD,66,1,0.126022530734,3.9699267724,1.11331940966,1.11331940966,1.11331940966,1.11331940966,results/main_campaign_default_alpha_0_5/FedHAD-results/test8_femnist/FEMNIST-Standard/FedHAD__FEMNIST__Mode-STANDARD__Cfg-E1L1F1__Setup-10__Clients-10__Rounds-10__Delay-0_05__Partitioning-natural__Seed-66.txt
base_alpha_0.5/test8_femnist,FedHAD,66,2,0.405179264245,3.2055338631,1.11331940966,2.22663881933,1.11331940966,2.22663881933,results/main_campaign_default_alpha_0_5/FedHAD-results/test8_femnist/FEMNIST-Standard/FedHAD__FEMNIST__Mode-STANDARD__Cfg-E1L1F1__Setup-10__Clients-10__Rounds-10__Delay-0_05__Partitioning-natural__Seed-66.txt
base_alpha_0.5/test8_femnist,FedHAD,66,3,0.504884775394,2.20163145824,1.11331940966,3.33995822899,1.11331940966,3.33995822899,results/main_campaign_default_alpha_0_5/FedHAD-results/test8_femnist/FEMNIST-Standard/FedHAD__FEMNIST__Mode-STANDARD__Cfg-E1L1F1__Setup-10__Clients-10__Rounds-10__Delay-0_05__Partitioning-natural__Seed-66.txt
base_alpha_0.5/test8_femnist,FedHAD,66,4,0.575375122704,1.71867326768,1.11331940966,4.45327763866,1.11331940966,4.45327763866,results/main_campaign_default_alpha_0_5/FedHAD-results/test8_femnist/FEMNIST-Standard/FedHAD__FEMNIST__Mode-STANDARD__Cfg-E1L1F1__Setup-10__Clients-10__Rounds-10__Delay-0_05__Partitioning-natural__Seed-66.txt
base_alpha_0.5/test8_femnist,FedHAD,66,5,0.60716122096,1.51049994657,1.11331940966,5.56659704832,1.11331940966,5.56659704832,results/main_campaign_default_alpha_0_5/FedHAD-results/test8_femnist/FEMNIST-Standard/FedHAD__FEMNIST__Mode-STANDARD__Cfg-E1L1F1__Setup-10__Clients-10__Rounds-10__Delay-0_05__Partitioning-natural__Seed-66.txt
base_alpha_0.5/test8_femnist,FedHAD,66,6,0.626560089749,1.39999513234,1.11331940966,6.67991645798,1.11331940966,6.67991645798,results/main_campaign_default_alpha_0_5/FedHAD-results/test8_femnist/FEMNIST-Standard/FedHAD__FEMNIST__Mode-STANDARD__Cfg-E1L1F1__Setup-10__Clients-10__Rounds-10__Delay-0_05__Partitioning-natural__Seed-66.txt
base_alpha_0.5/test8_femnist,FedHAD,66,7,0.637311270042,1.32464915752,1.11331940966,7.79323586765,1.11331940966,7.79323586765,results/main_campaign_default_alpha_0_5/FedHAD-results/test8_femnist/FEMNIST-Standard/FedHAD__FEMNIST__Mode-STANDARD__Cfg-E1L1F1__Setup-10__Clients-10__Rounds-10__Delay-0_05__Partitioning-natural__Seed-66.txt
base_alpha_0.5/test8_femnist,FedHAD,66,8,0.648950591315,1.27507117623,1.11331940966,8.90655527731,1.11331940966,8.90655527731,results/main_campaign_default_alpha_0_5/FedHAD-results/test8_femnist/FEMNIST-Standard/FedHAD__FEMNIST__Mode-STANDARD__Cfg-E1L1F1__Setup-10__Clients-10__Rounds-10__Delay-0_05__Partitioning-natural__Seed-66.txt
base_alpha_0.5/test8_femnist,FedHAD,66,9,0.654139204413,1.23635125165,1.11331940966,10.019874687,1.11331940966,10.019874687,results/main_campaign_default_alpha_0_5/FedHAD-results/test8_femnist/FEMNIST-Standard/FedHAD__FEMNIST__Mode-STANDARD__Cfg-E1L1F1__Setup-10__Clients-10__Rounds-10__Delay-0_05__Partitioning-natural__Seed-66.txt
base_alpha_0.5/test8_femnist,FedHAD,66,10,0.666245968307,1.20626087738,1.11331940966,11.1331940966,1.11331940966,11.1331940966,results/main_campaign_default_alpha_0_5/FedHAD-results/test8_femnist/FEMNIST-Standard/FedHAD__FEMNIST__Mode-STANDARD__Cfg-E1L1F1__Setup-10__Clients-10__Rounds-10__Delay-0_05__Partitioning-natural__Seed-66.txt
base_alpha_0.5/test8_femnist,FedHAD,67,0,0.0036149825784,4.11822551468,0,0,0,0,results/main_campaign_default_alpha_0_5/FedHAD-results/test8_femnist/FEMNIST-Standard/FedHAD__FEMNIST__Mode-STANDARD__Cfg-E1L1F1__Setup-10__Clients-10__Rounds-10__Delay-0_05__Partitioning-natural__Seed-67.txt
base_alpha_0.5/test8_femnist,FedHAD,67,1,0.169468641115,3.91544933884,1.11331940966,1.11331940966,1.11331940966,1.11331940966,results/main_campaign_default_alpha_0_5/FedHAD-results/test8_femnist/FEMNIST-Standard/FedHAD__FEMNIST__Mode-STANDARD__Cfg-E1L1F1__Setup-10__Clients-10__Rounds-10__Delay-0_05__Partitioning-natural__Seed-67.txt
base_alpha_0.5/test8_femnist,FedHAD,67,2,0.380531358885,3.1271598791,1.11331940966,2.22663881933,1.11331940966,2.22663881933,results/main_campaign_default_alpha_0_5/FedHAD-results/test8_femnist/FEMNIST-Standard/FedHAD__FEMNIST__Mode-STANDARD__Cfg-E1L1F1__Setup-10__Clients-10__Rounds-10__Delay-0_05__Partitioning-natural__Seed-67.txt
base_alpha_0.5/test8_femnist,FedHAD,67,3,0.478179442509,2.29792616126,1.11331940966,3.33995822899,1.11331940966,3.33995822899,results/main_campaign_default_alpha_0_5/FedHAD-results/test8_femnist/FEMNIST-Standard/FedHAD__FEMNIST__Mode-STANDARD__Cfg-E1L1F1__Setup-10__Clients-10__Rounds-10__Delay-0_05__Partitioning-natural__Seed-67.txt
base_alpha_0.5/test8_femnist,FedHAD,67,4,0.541506968641,1.87409943554,1.11331940966,4.45327763866,1.11331940966,4.45327763866,results/main_campaign_default_alpha_0_5/FedHAD-results/test8_femnist/FEMNIST-Standard/FedHAD__FEMNIST__Mode-STANDARD__Cfg-E1L1F1__Setup-10__Clients-10__Rounds-10__Delay-0_05__Partitioning-natural__Seed-67.txt
base_alpha_0.5/test8_femnist,FedHAD,67,5,0.58318815331,1.63531313815,1.11331940966,5.56659704832,1.11331940966,5.56659704832,results/main_campaign_default_alpha_0_5/FedHAD-results/test8_femnist/FEMNIST-Standard/FedHAD__FEMNIST__Mode-STANDARD__Cfg-E1L1F1__Setup-10__Clients-10__Rounds-10__Delay-0_05__Partitioning-natural__Seed-67.txt
base_alpha_0.5/test8_femnist,FedHAD,67,6,0.592987804878,1.55400252355,1.11331940966,6.67991645798,1.11331940966,6.67991645798,results/main_campaign_default_alpha_0_5/FedHAD-results/test8_femnist/FEMNIST-Standard/FedHAD__FEMNIST__Mode-STANDARD__Cfg-E1L1F1__Setup-10__Clients-10__Rounds-10__Delay-0_05__Partitioning-natural__Seed-67.txt
base_alpha_0.5/test8_femnist,FedHAD,67,7,0.623083623693,1.43229833787,1.11331940966,7.79323586765,1.11331940966,7.79323586765,results/main_campaign_default_alpha_0_5/FedHAD-results/test8_femnist/FEMNIST-Standard/FedHAD__FEMNIST__Mode-STANDARD__Cfg-E1L1F1__Setup-10__Clients-10__Rounds-10__Delay-0_05__Partitioning-natural__Seed-67.txt
base_alpha_0.5/test8_femnist,FedHAD,67,8,0.638327526132,1.3669596358,1.11331940966,8.90655527731,1.11331940966,8.90655527731,results/main_campaign_default_alpha_0_5/FedHAD-results/test8_femnist/FEMNIST-Standard/FedHAD__FEMNIST__Mode-STANDARD__Cfg-E1L1F1__Setup-10__Clients-10__Rounds-10__Delay-0_05__Partitioning-natural__Seed-67.txt
base_alpha_0.5/test8_femnist,FedHAD,67,9,0.648432055749,1.32885698171,1.11331940966,10.019874687,1.11331940966,10.019874687,results/main_campaign_default_alpha_0_5/FedHAD-results/test8_femnist/FEMNIST-Standard/FedHAD__FEMNIST__Mode-STANDARD__Cfg-E1L1F1__Setup-10__Clients-10__Rounds-10__Delay-0_05__Partitioning-natural__Seed-67.txt
base_alpha_0.5/test8_femnist,FedHAD,67,10,0.657796167247,1.28838905366,1.11331940966,11.1331940966,1.11331940966,11.1331940966,results/main_campaign_default_alpha_0_5/FedHAD-results/test8_femnist/FEMNIST-Standard/FedHAD__FEMNIST__Mode-STANDARD__Cfg-E1L1F1__Setup-10__Clients-10__Rounds-10__Delay-0_05__Partitioning-natural__Seed-67.txt
base_alpha_0.5/test8_femnist,FedHAD,68,0,0.00468742957588,4.11930072879,0,0,0,0,results/main_campaign_default_alpha_0_5/FedHAD-results/test8_femnist/FEMNIST-Standard/FedHAD__FEMNIST__Mode-STANDARD__Cfg-E1L1F1__Setup-10__Clients-10__Rounds-10__Delay-0_05__Partitioning-natural__Seed-68.txt
base_alpha_0.5/test8_femnist,FedHAD,68,1,0.141749673232,3.90037540054,1.11331940966,1.11331940966,1.11331940966,1.11331940966,results/main_campaign_default_alpha_0_5/FedHAD-results/test8_femnist/FEMNIST-Standard/FedHAD__FEMNIST__Mode-STANDARD__Cfg-E1L1F1__Setup-10__Clients-10__Rounds-10__Delay-0_05__Partitioning-natural__Seed-68.txt
base_alpha_0.5/test8_femnist,FedHAD,68,2,0.37143372245,3.14518893896,1.11331940966,2.22663881933,1.11331940966,2.22663881933,results/main_campaign_default_alpha_0_5/FedHAD-results/test8_femnist/FEMNIST-Standard/FedHAD__FEMNIST__Mode-STANDARD__Cfg-E1L1F1__Setup-10__Clients-10__Rounds-10__Delay-0_05__Partitioning-natural__Seed-68.txt
base_alpha_0.5/test8_femnist,FedHAD,68,3,0.460134312886,2.33830352595,1.11331940966,3.33995822899,1.11331940966,3.33995822899,results/main_campaign_default_alpha_0_5/FedHAD-results/test8_femnist/FEMNIST-Standard/FedHAD__FEMNIST__Mode-STANDARD__Cfg-E1L1F1__Setup-10__Clients-10__Rounds-10__Delay-0_05__Partitioning-natural__Seed-68.txt
base_alpha_0.5/test8_femnist,FedHAD,68,4,0.529048541939,1.90941389003,1.11331940966,4.45327763866,1.11331940966,4.45327763866,results/main_campaign_default_alpha_0_5/FedHAD-results/test8_femnist/FEMNIST-Standard/FedHAD__FEMNIST__Mode-STANDARD__Cfg-E1L1F1__Setup-10__Clients-10__Rounds-10__Delay-0_05__Partitioning-natural__Seed-68.txt
base_alpha_0.5/test8_femnist,FedHAD,68,5,0.572226979763,1.67700710214,1.11331940966,5.56659704832,1.11331940966,5.56659704832,results/main_campaign_default_alpha_0_5/FedHAD-results/test8_femnist/FEMNIST-Standard/FedHAD__FEMNIST__Mode-STANDARD__Cfg-E1L1F1__Setup-10__Clients-10__Rounds-10__Delay-0_05__Partitioning-natural__Seed-68.txt
base_alpha_0.5/test8_femnist,FedHAD,68,6,0.586965340064,1.57583635777,1.11331940966,6.67991645798,1.11331940966,6.67991645798,results/main_campaign_default_alpha_0_5/FedHAD-results/test8_femnist/FEMNIST-Standard/FedHAD__FEMNIST__Mode-STANDARD__Cfg-E1L1F1__Setup-10__Clients-10__Rounds-10__Delay-0_05__Partitioning-natural__Seed-68.txt
base_alpha_0.5/test8_femnist,FedHAD,68,7,0.609230630549,1.47372195574,1.11331940966,7.79323586765,1.11331940966,7.79323586765,results/main_campaign_default_alpha_0_5/FedHAD-results/test8_femnist/FEMNIST-Standard/FedHAD__FEMNIST__Mode-STANDARD__Cfg-E1L1F1__Setup-10__Clients-10__Rounds-10__Delay-0_05__Partitioning-natural__Seed-68.txt
base_alpha_0.5/test8_femnist,FedHAD,68,8,0.625366205436,1.41648237286,1.11331940966,8.90655527731,1.11331940966,8.90655527731,results/main_campaign_default_alpha_0_5/FedHAD-results/test8_femnist/FEMNIST-Standard/FedHAD__FEMNIST__Mode-STANDARD__Cfg-E1L1F1__Setup-10__Clients-10__Rounds-10__Delay-0_05__Partitioning-natural__Seed-68.txt
base_alpha_0.5/test8_femnist,FedHAD,68,9,0.632307206923,1.37782038283,1.11331940966,10.019874687,1.11331940966,10.019874687,results/main_campaign_default_alpha_0_5/FedHAD-results/test8_femnist/FEMNIST-Standard/FedHAD__FEMNIST__Mode-STANDARD__Cfg-E1L1F1__Setup-10__Clients-10__Rounds-10__Delay-0_05__Partitioning-natural__Seed-68.txt
base_alpha_0.5/test8_femnist,FedHAD,68,10,0.643439852166,1.34511328558,1.11331940966,11.1331940966,1.11331940966,11.1331940966,results/main_campaign_default_alpha_0_5/FedHAD-results/test8_femnist/FEMNIST-Standard/FedHAD__FEMNIST__Mode-STANDARD__Cfg-E1L1F1__Setup-10__Clients-10__Rounds-10__Delay-0_05__Partitioning-natural__Seed-68.txt
base_alpha_0.5/test8_femnist,FedHAD,69,0,0.0130882630883,4.11831853999,0,0,0,0,results/main_campaign_default_alpha_0_5/FedHAD-results/test8_femnist/FEMNIST-Standard/FedHAD__FEMNIST__Mode-STANDARD__Cfg-E1L1F1__Setup-10__Clients-10__Rounds-10__Delay-0_05__Partitioning-natural__Seed-69.txt
base_alpha_0.5/test8_femnist,FedHAD,69,1,0.149215649216,3.94856127614,1.11331940966,1.11331940966,1.11331940966,1.11331940966,results/main_campaign_default_alpha_0_5/FedHAD-results/test8_femnist/FEMNIST-Standard/FedHAD__FEMNIST__Mode-STANDARD__Cfg-E1L1F1__Setup-10__Clients-10__Rounds-10__Delay-0_05__Partitioning-natural__Seed-69.txt
base_alpha_0.5/test8_femnist,FedHAD,69,2,0.350642600643,3.23579739078,1.11331940966,2.22663881933,1.11331940966,2.22663881933,results/main_campaign_default_alpha_0_5/FedHAD-results/test8_femnist/FEMNIST-Standard/FedHAD__FEMNIST__Mode-STANDARD__Cfg-E1L1F1__Setup-10__Clients-10__Rounds-10__Delay-0_05__Partitioning-natural__Seed-69.txt
base_alpha_0.5/test8_femnist,FedHAD,69,3,0.496881496881,2.27902373126,1.11331940966,3.33995822899,1.11331940966,3.33995822899,results/main_campaign_default_alpha_0_5/FedHAD-results/test8_femnist/FEMNIST-Standard/FedHAD__FEMNIST__Mode-STANDARD__Cfg-E1L1F1__Setup-10__Clients-10__Rounds-10__Delay-0_05__Partitioning-natural__Seed-69.txt
base_alpha_0.5/test8_femnist,FedHAD,69,4,0.534681534682,1.90412649336,1.11331940966,4.45327763866,1.11331940966,4.45327763866,results/main_campaign_default_alpha_0_5/FedHAD-results/test8_femnist/FEMNIST-Standard/FedHAD__FEMNIST__Mode-STANDARD__Cfg-E1L1F1__Setup-10__Clients-10__Rounds-10__Delay-0_05__Partitioning-natural__Seed-69.txt
base_alpha_0.5/test8_femnist,FedHAD,69,5,0.568748818749,1.67561560451,1.11331940966,5.56659704832,1.11331940966,5.56659704832,results/main_campaign_default_alpha_0_5/FedHAD-results/test8_femnist/FEMNIST-Standard/FedHAD__FEMNIST__Mode-STANDARD__Cfg-E1L1F1__Setup-10__Clients-10__Rounds-10__Delay-0_05__Partitioning-natural__Seed-69.txt
base_alpha_0.5/test8_femnist,FedHAD,69,6,0.587932337932,1.57913183718,1.11331940966,6.67991645798,1.11331940966,6.67991645798,results/main_campaign_default_alpha_0_5/FedHAD-results/test8_femnist/FEMNIST-Standard/FedHAD__FEMNIST__Mode-STANDARD__Cfg-E1L1F1__Setup-10__Clients-10__Rounds-10__Delay-0_05__Partitioning-natural__Seed-69.txt
base_alpha_0.5/test8_femnist,FedHAD,69,7,0.601067851068,1.53101876327,1.11331940966,7.79323586765,1.11331940966,7.79323586765,results/main_campaign_default_alpha_0_5/FedHAD-results/test8_femnist/FEMNIST-Standard/FedHAD__FEMNIST__Mode-STANDARD__Cfg-E1L1F1__Setup-10__Clients-10__Rounds-10__Delay-0_05__Partitioning-natural__Seed-69.txt
base_alpha_0.5/test8_femnist,FedHAD,69,8,0.61632961633,1.46377454897,1.11331940966,8.90655527731,1.11331940966,8.90655527731,results/main_campaign_default_alpha_0_5/FedHAD-results/test8_femnist/FEMNIST-Standard/FedHAD__FEMNIST__Mode-STANDARD__Cfg-E1L1F1__Setup-10__Clients-10__Rounds-10__Delay-0_05__Partitioning-natural__Seed-69.txt
base_alpha_0.5/test8_femnist,FedHAD,69,9,0.625826875827,1.44298246812,1.11331940966,10.019874687,1.11331940966,10.019874687,results/main_campaign_default_alpha_0_5/FedHAD-results/test8_femnist/FEMNIST-Standard/FedHAD__FEMNIST__Mode-STANDARD__Cfg-E1L1F1__Setup-10__Clients-10__Rounds-10__Delay-0_05__Partitioning-natural__Seed-69.txt
base_alpha_0.5/test8_femnist,FedHAD,69,10,0.628472878473,1.42885976553,1.11331940966,11.1331940966,1.11331940966,11.1331940966,results/main_campaign_default_alpha_0_5/FedHAD-results/test8_femnist/FEMNIST-Standard/FedHAD__FEMNIST__Mode-STANDARD__Cfg-E1L1F1__Setup-10__Clients-10__Rounds-10__Delay-0_05__Partitioning-natural__Seed-69.txt
base_alpha_0.5/test8_femnist,FedHAD,70,0,0.0133102852204,4.13720831043,0,0,0,0,results/main_campaign_default_alpha_0_5/FedHAD-results/test8_femnist/FEMNIST-Standard/FedHAD__FEMNIST__Mode-STANDARD__Cfg-E1L1F1__Setup-10__Clients-10__Rounds-10__Delay-0_05__Partitioning-natural__Seed-70.txt
base_alpha_0.5/test8_femnist,FedHAD,70,1,0.135911840968,3.94267980374,1.11331940966,1.11331940966,1.11331940966,1.11331940966,results/main_campaign_default_alpha_0_5/FedHAD-results/test8_femnist/FEMNIST-Standard/FedHAD__FEMNIST__Mode-STANDARD__Cfg-E1L1F1__Setup-10__Clients-10__Rounds-10__Delay-0_05__Partitioning-natural__Seed-70.txt
base_alpha_0.5/test8_femnist,FedHAD,70,2,0.403284356093,2.98196504308,1.11331940966,2.22663881933,1.11331940966,2.22663881933,results/main_campaign_default_alpha_0_5/FedHAD-results/test8_femnist/FEMNIST-Standard/FedHAD__FEMNIST__Mode-STANDARD__Cfg-E1L1F1__Setup-10__Clients-10__Rounds-10__Delay-0_05__Partitioning-natural__Seed-70.txt
base_alpha_0.5/test8_femnist,FedHAD,70,3,0.502074330164,2.13334267644,1.11331940966,3.33995822899,1.11331940966,3.33995822899,results/main_campaign_default_alpha_0_5/FedHAD-results/test8_femnist/FEMNIST-Standard/FedHAD__FEMNIST__Mode-STANDARD__Cfg-E1L1F1__Setup-10__Clients-10__Rounds-10__Delay-0_05__Partitioning-natural__Seed-70.txt
base_alpha_0.5/test8_femnist,FedHAD,70,4,0.555142610199,1.76089535934,1.11331940966,4.45327763866,1.11331940966,4.45327763866,results/main_campaign_default_alpha_0_5/FedHAD-results/test8_femnist/FEMNIST-Standard/FedHAD__FEMNIST__Mode-STANDARD__Cfg-E1L1F1__Setup-10__Clients-10__Rounds-10__Delay-0_05__Partitioning-natural__Seed-70.txt
base_alpha_0.5/test8_femnist,FedHAD,70,5,0.586171132239,1.57683793437,1.11331940966,5.56659704832,1.11331940966,5.56659704832,results/main_campaign_default_alpha_0_5/FedHAD-results/test8_femnist/FEMNIST-Standard/FedHAD__FEMNIST__Mode-STANDARD__Cfg-E1L1F1__Setup-10__Clients-10__Rounds-10__Delay-0_05__Partitioning-natural__Seed-70.txt
base_alpha_0.5/test8_femnist,FedHAD,70,6,0.601987899741,1.47200945221,1.11331940966,6.67991645798,1.11331940966,6.67991645798,results/main_campaign_default_alpha_0_5/FedHAD-results/test8_femnist/FEMNIST-Standard/FedHAD__FEMNIST__Mode-STANDARD__Cfg-E1L1F1__Setup-10__Clients-10__Rounds-10__Delay-0_05__Partitioning-natural__Seed-70.txt
base_alpha_0.5/test8_femnist,FedHAD,70,7,0.61378565255,1.42981700234,1.11331940966,7.79323586765,1.11331940966,7.79323586765,results/main_campaign_default_alpha_0_5/FedHAD-results/test8_femnist/FEMNIST-Standard/FedHAD__FEMNIST__Mode-STANDARD__Cfg-E1L1F1__Setup-10__Clients-10__Rounds-10__Delay-0_05__Partitioning-natural__Seed-70.txt
base_alpha_0.5/test8_femnist,FedHAD,70,8,0.629688850475,1.35452575065,1.11331940966,8.90655527731,1.11331940966,8.90655527731,results/main_campaign_default_alpha_0_5/FedHAD-results/test8_femnist/FEMNIST-Standard/FedHAD__FEMNIST__Mode-STANDARD__Cfg-E1L1F1__Setup-10__Clients-10__Rounds-10__Delay-0_05__Partitioning-natural__Seed-70.txt
base_alpha_0.5/test8_femnist,FedHAD,70,9,0.64580812446,1.31657995691,1.11331940966,10.019874687,1.11331940966,10.019874687,results/main_campaign_default_alpha_0_5/FedHAD-results/test8_femnist/FEMNIST-Standard/FedHAD__FEMNIST__Mode-STANDARD__Cfg-E1L1F1__Setup-10__Clients-10__Rounds-10__Delay-0_05__Partitioning-natural__Seed-70.txt
base_alpha_0.5/test8_femnist,FedHAD,70,10,0.646326707001,1.30982450174,1.11331940966,11.1331940966,1.11331940966,11.1331940966,results/main_campaign_default_alpha_0_5/FedHAD-results/test8_femnist/FEMNIST-Standard/FedHAD__FEMNIST__Mode-STANDARD__Cfg-E1L1F1__Setup-10__Clients-10__Rounds-10__Delay-0_05__Partitioning-natural__Seed-70.txt
base_alpha_0.5/test8_femnist,FedHAD,71,0,0.0515607338492,4.11898197886,0,0,0,0,results/main_campaign_default_alpha_0_5/FedHAD-results/test8_femnist/FEMNIST-Standard/FedHAD__FEMNIST__Mode-STANDARD__Cfg-E1L1F1__Setup-10__Clients-10__Rounds-10__Delay-0_05__Partitioning-natural__Seed-71.txt
base_alpha_0.5/test8_femnist,FedHAD,71,1,0.0701678114947,3.9378745276,1.11331940966,1.11331940966,1.11331940966,1.11331940966,results/main_campaign_default_alpha_0_5/FedHAD-results/test8_femnist/FEMNIST-Standard/FedHAD__FEMNIST__Mode-STANDARD__Cfg-E1L1F1__Setup-10__Clients-10__Rounds-10__Delay-0_05__Partitioning-natural__Seed-71.txt
base_alpha_0.5/test8_femnist,FedHAD,71,2,0.384183984001,3.09892121343,1.11331940966,2.22663881933,1.11331940966,2.22663881933,results/main_campaign_default_alpha_0_5/FedHAD-results/test8_femnist/FEMNIST-Standard/FedHAD__FEMNIST__Mode-STANDARD__Cfg-E1L1F1__Setup-10__Clients-10__Rounds-10__Delay-0_05__Partitioning-natural__Seed-71.txt
base_alpha_0.5/test8_femnist,FedHAD,71,3,0.515694287453,2.20013556979,1.11331940966,3.33995822899,1.11331940966,3.33995822899,results/main_campaign_default_alpha_0_5/FedHAD-results/test8_femnist/FEMNIST-Standard/FedHAD__FEMNIST__Mode-STANDARD__Cfg-E1L1F1__Setup-10__Clients-10__Rounds-10__Delay-0_05__Partitioning-natural__Seed-71.txt
base_alpha_0.5/test8_femnist,FedHAD,71,4,0.556908094948,1.79288515586,1.11331940966,4.45327763866,1.11331940966,4.45327763866,results/main_campaign_default_alpha_0_5/FedHAD-results/test8_femnist/FEMNIST-Standard/FedHAD__FEMNIST__Mode-STANDARD__Cfg-E1L1F1__Setup-10__Clients-10__Rounds-10__Delay-0_05__Partitioning-natural__Seed-71.txt
base_alpha_0.5/test8_femnist,FedHAD,71,5,0.592035475176,1.5670299427,1.11331940966,5.56659704832,1.11331940966,5.56659704832,results/main_campaign_default_alpha_0_5/FedHAD-results/test8_femnist/FEMNIST-Standard/FedHAD__FEMNIST__Mode-STANDARD__Cfg-E1L1F1__Setup-10__Clients-10__Rounds-10__Delay-0_05__Partitioning-natural__Seed-71.txt
base_alpha_0.5/test8_femnist,FedHAD,71,6,0.605642987566,1.45401037769,1.11331940966,6.67991645798,1.11331940966,6.67991645798,results/main_campaign_default_alpha_0_5/FedHAD-results/test8_femnist/FEMNIST-Standard/FedHAD__FEMNIST__Mode-STANDARD__Cfg-E1L1F1__Setup-10__Clients-10__Rounds-10__Delay-0_05__Partitioning-natural__Seed-71.txt
base_alpha_0.5/test8_femnist,FedHAD,71,7,0.624945656899,1.38104205763,1.11331940966,7.79323586765,1.11331940966,7.79323586765,results/main_campaign_default_alpha_0_5/FedHAD-results/test8_femnist/FEMNIST-Standard/FedHAD__FEMNIST__Mode-STANDARD__Cfg-E1L1F1__Setup-10__Clients-10__Rounds-10__Delay-0_05__Partitioning-natural__Seed-71.txt
base_alpha_0.5/test8_femnist,FedHAD,71,8,0.63403182332,1.33015872116,1.11331940966,8.90655527731,1.11331940966,8.90655527731,results/main_campaign_default_alpha_0_5/FedHAD-results/test8_femnist/FEMNIST-Standard/FedHAD__FEMNIST__Mode-STANDARD__Cfg-E1L1F1__Setup-10__Clients-10__Rounds-10__Delay-0_05__Partitioning-natural__Seed-71.txt
base_alpha_0.5/test8_femnist,FedHAD,71,9,0.644856968959,1.27798402713,1.11331940966,10.019874687,1.11331940966,10.019874687,results/main_campaign_default_alpha_0_5/FedHAD-results/test8_femnist/FEMNIST-Standard/FedHAD__FEMNIST__Mode-STANDARD__Cfg-E1L1F1__Setup-10__Clients-10__Rounds-10__Delay-0_05__Partitioning-natural__Seed-71.txt
base_alpha_0.5/test8_femnist,FedHAD,71,10,0.650117381097,1.27138175493,1.11331940966,11.1331940966,1.11331940966,11.1331940966,results/main_campaign_default_alpha_0_5/FedHAD-results/test8_femnist/FEMNIST-Standard/FedHAD__FEMNIST__Mode-STANDARD__Cfg-E1L1F1__Setup-10__Clients-10__Rounds-10__Delay-0_05__Partitioning-natural__Seed-71.txt
base_alpha_0.5/test8_femnist,FedProx,42,0,0.0318112562907,4.11516106655,0,0,0,0,results/main_campaign_default_alpha_0_5/FedProx-results/test8_femnist/FEMNIST/FedProx__FEMNIST__Setup-10__Clients-10__Rounds-10__Delay-0_05__Partitioning-natural__Seed-42.txt
base_alpha_0.5/test8_femnist,FedProx,42,1,0.208643058313,3.91641191167,1.23948317184,1.23948317184,1.23948317184,1.23948317184,results/main_campaign_default_alpha_0_5/FedProx-results/test8_femnist/FEMNIST/FedProx__FEMNIST__Setup-10__Clients-10__Rounds-10__Delay-0_05__Partitioning-natural__Seed-42.txt
base_alpha_0.5/test8_femnist,FedProx,42,2,0.370746571864,2.76857644435,1.23948317184,2.47896634368,1.23948317184,2.47896634368,results/main_campaign_default_alpha_0_5/FedProx-results/test8_femnist/FEMNIST/FedProx__FEMNIST__Setup-10__Clients-10__Rounds-10__Delay-0_05__Partitioning-natural__Seed-42.txt
base_alpha_0.5/test8_femnist,FedProx,42,3,0.483586499838,2.13960870771,1.23948317184,3.71844951552,1.23948317184,3.71844951552,results/main_campaign_default_alpha_0_5/FedProx-results/test8_femnist/FEMNIST/FedProx__FEMNIST__Setup-10__Clients-10__Rounds-10__Delay-0_05__Partitioning-natural__Seed-42.txt
base_alpha_0.5/test8_femnist,FedProx,42,4,0.552564753682,1.78524835046,1.23948317184,4.95793268736,1.23948317184,4.95793268736,results/main_campaign_default_alpha_0_5/FedProx-results/test8_femnist/FEMNIST/FedProx__FEMNIST__Setup-10__Clients-10__Rounds-10__Delay-0_05__Partitioning-natural__Seed-42.txt
base_alpha_0.5/test8_femnist,FedProx,42,5,0.589270049402,1.55048280949,1.23948317184,6.1974158592,1.23948317184,6.1974158592,results/main_campaign_default_alpha_0_5/FedProx-results/test8_femnist/FEMNIST/FedProx__FEMNIST__Setup-10__Clients-10__Rounds-10__Delay-0_05__Partitioning-natural__Seed-42.txt
base_alpha_0.5/test8_femnist,FedProx,42,6,0.613694076365,1.43104370029,1.23948317184,7.43689903104,1.23948317184,7.43689903104,results/main_campaign_default_alpha_0_5/FedProx-results/test8_femnist/FEMNIST/FedProx__FEMNIST__Setup-10__Clients-10__Rounds-10__Delay-0_05__Partitioning-natural__Seed-42.txt
base_alpha_0.5/test8_femnist,FedProx,42,7,0.641811717993,1.32294197837,1.23948317184,8.67638220288,1.23948317184,8.67638220288,results/main_campaign_default_alpha_0_5/FedProx-results/test8_femnist/FEMNIST/FedProx__FEMNIST__Setup-10__Clients-10__Rounds-10__Delay-0_05__Partitioning-natural__Seed-42.txt
base_alpha_0.5/test8_femnist,FedProx,42,8,0.652384689967,1.27676859462,1.23948317184,9.91586537472,1.23948317184,9.91586537472,results/main_campaign_default_alpha_0_5/FedProx-results/test8_femnist/FEMNIST/FedProx__FEMNIST__Setup-10__Clients-10__Rounds-10__Delay-0_05__Partitioning-natural__Seed-42.txt
base_alpha_0.5/test8_femnist,FedProx,42,9,0.66097234406,1.22955436313,1.23948317184,11.1553485466,1.23948317184,11.1553485466,results/main_campaign_default_alpha_0_5/FedProx-results/test8_femnist/FEMNIST/FedProx__FEMNIST__Setup-10__Clients-10__Rounds-10__Delay-0_05__Partitioning-natural__Seed-42.txt
base_alpha_0.5/test8_femnist,FedProx,42,10,0.667990211921,1.22455251032,1.23948317184,12.3948317184,1.23948317184,12.3948317184,results/main_campaign_default_alpha_0_5/FedProx-results/test8_femnist/FEMNIST/FedProx__FEMNIST__Setup-10__Clients-10__Rounds-10__Delay-0_05__Partitioning-natural__Seed-42.txt
base_alpha_0.5/test8_femnist,FedProx,43,0,0.0114374721851,4.13272908966,0,0,0,0,results/main_campaign_default_alpha_0_5/FedProx-results/test8_femnist/FEMNIST/FedProx__FEMNIST__Setup-10__Clients-10__Rounds-10__Delay-0_05__Partitioning-natural__Seed-43.txt
base_alpha_0.5/test8_femnist,FedProx,43,1,0.154472630174,3.98004586464,1.23948317184,1.23948317184,1.23948317184,1.23948317184,results/main_campaign_default_alpha_0_5/FedProx-results/test8_femnist/FEMNIST/FedProx__FEMNIST__Setup-10__Clients-10__Rounds-10__Delay-0_05__Partitioning-natural__Seed-43.txt
base_alpha_0.5/test8_femnist,FedProx,43,2,0.390476190476,2.94073605862,1.23948317184,2.47896634368,1.23948317184,2.47896634368,results/main_campaign_default_alpha_0_5/FedProx-results/test8_femnist/FEMNIST/FedProx__FEMNIST__Setup-10__Clients-10__Rounds-10__Delay-0_05__Partitioning-natural__Seed-43.txt
base_alpha_0.5/test8_femnist,FedProx,43,3,0.503738317757,2.12807007544,1.23948317184,3.71844951552,1.23948317184,3.71844951552,results/main_campaign_default_alpha_0_5/FedProx-results/test8_femnist/FEMNIST/FedProx__FEMNIST__Setup-10__Clients-10__Rounds-10__Delay-0_05__Partitioning-natural__Seed-43.txt
base_alpha_0.5/test8_femnist,FedProx,43,4,0.56466399644,1.7287683835,1.23948317184,4.95793268736,1.23948317184,4.95793268736,results/main_campaign_default_alpha_0_5/FedProx-results/test8_femnist/FEMNIST/FedProx__FEMNIST__Setup-10__Clients-10__Rounds-10__Delay-0_05__Partitioning-natural__Seed-43.txt
base_alpha_0.5/test8_femnist,FedProx,43,5,0.591232754784,1.54357583902,1.23948317184,6.1974158592,1.23948317184,6.1974158592,results/main_campaign_default_alpha_0_5/FedProx-results/test8_femnist/FEMNIST/FedProx__FEMNIST__Setup-10__Clients-10__Rounds-10__Delay-0_05__Partitioning-natural__Seed-43.txt
base_alpha_0.5/test8_femnist,FedProx,43,6,0.6072541166,1.45526713832,1.23948317184,7.43689903104,1.23948317184,7.43689903104,results/main_campaign_default_alpha_0_5/FedProx-results/test8_femnist/FEMNIST/FedProx__FEMNIST__Setup-10__Clients-10__Rounds-10__Delay-0_05__Partitioning-natural__Seed-43.txt
base_alpha_0.5/test8_femnist,FedProx,43,7,0.628749443703,1.38603502139,1.23948317184,8.67638220288,1.23948317184,8.67638220288,results/main_campaign_default_alpha_0_5/FedProx-results/test8_femnist/FEMNIST/FedProx__FEMNIST__Setup-10__Clients-10__Rounds-10__Delay-0_05__Partitioning-natural__Seed-43.txt
base_alpha_0.5/test8_femnist,FedProx,43,8,0.642857142857,1.34942830131,1.23948317184,9.91586537472,1.23948317184,9.91586537472,results/main_campaign_default_alpha_0_5/FedProx-results/test8_femnist/FEMNIST/FedProx__FEMNIST__Setup-10__Clients-10__Rounds-10__Delay-0_05__Partitioning-natural__Seed-43.txt
base_alpha_0.5/test8_femnist,FedProx,43,9,0.648865153538,1.31347390942,1.23948317184,11.1553485466,1.23948317184,11.1553485466,results/main_campaign_default_alpha_0_5/FedProx-results/test8_femnist/FEMNIST/FedProx__FEMNIST__Setup-10__Clients-10__Rounds-10__Delay-0_05__Partitioning-natural__Seed-43.txt
base_alpha_0.5/test8_femnist,FedProx,43,10,0.659902091678,1.28573474567,1.23948317184,12.3948317184,1.23948317184,12.3948317184,results/main_campaign_default_alpha_0_5/FedProx-results/test8_femnist/FEMNIST/FedProx__FEMNIST__Setup-10__Clients-10__Rounds-10__Delay-0_05__Partitioning-natural__Seed-43.txt
base_alpha_0.5/test8_femnist,FedProx,44,0,0.013049543266,4.13861145898,0,0,0,0,results/main_campaign_default_alpha_0_5/FedProx-results/test8_femnist/FEMNIST/FedProx__FEMNIST__Setup-10__Clients-10__Rounds-10__Delay-0_05__Partitioning-natural__Seed-44.txt
base_alpha_0.5/test8_femnist,FedProx,44,1,0.0944516941907,4.00078182454,1.23948317184,1.23948317184,1.23948317184,1.23948317184,results/main_campaign_default_alpha_0_5/FedProx-results/test8_femnist/FEMNIST/FedProx__FEMNIST__Setup-10__Clients-10__Rounds-10__Delay-0_05__Partitioning-natural__Seed-44.txt
base_alpha_0.5/test8_femnist,FedProx,44,2,0.337263195788,3.02535345282,1.23948317184,2.47896634368,1.23948317184,2.47896634368,results/main_campaign_default_alpha_0_5/FedProx-results/test8_femnist/FEMNIST/FedProx__FEMNIST__Setup-10__Clients-10__Rounds-10__Delay-0_05__Partitioning-natural__Seed-44.txt
base_alpha_0.5/test8_femnist,FedProx,44,3,0.466678666247,2.22028947475,1.23948317184,3.71844951552,1.23948317184,3.71844951552,results/main_campaign_default_alpha_0_5/FedProx-results/test8_femnist/FEMNIST/FedProx__FEMNIST__Setup-10__Clients-10__Rounds-10__Delay-0_05__Partitioning-natural__Seed-44.txt
base_alpha_0.5/test8_femnist,FedProx,44,4,0.540341088062,1.80988336318,1.23948317184,4.95793268736,1.23948317184,4.95793268736,results/main_campaign_default_alpha_0_5/FedProx-results/test8_femnist/FEMNIST/FedProx__FEMNIST__Setup-10__Clients-10__Rounds-10__Delay-0_05__Partitioning-natural__Seed-44.txt
base_alpha_0.5/test8_femnist,FedProx,44,5,0.593214237502,1.53154186263,1.23948317184,6.1974158592,1.23948317184,6.1974158592,results/main_campaign_default_alpha_0_5/FedProx-results/test8_femnist/FEMNIST/FedProx__FEMNIST__Setup-10__Clients-10__Rounds-10__Delay-0_05__Partitioning-natural__Seed-44.txt
base_alpha_0.5/test8_femnist,FedProx,44,6,0.612023579175,1.41343830949,1.23948317184,7.43689903104,1.23948317184,7.43689903104,results/main_campaign_default_alpha_0_5/FedProx-results/test8_femnist/FEMNIST/FedProx__FEMNIST__Setup-10__Clients-10__Rounds-10__Delay-0_05__Partitioning-natural__Seed-44.txt
base_alpha_0.5/test8_femnist,FedProx,44,7,0.634972775953,1.32947349659,1.23948317184,8.67638220288,1.23948317184,8.67638220288,results/main_campaign_default_alpha_0_5/FedProx-results/test8_femnist/FEMNIST/FedProx__FEMNIST__Setup-10__Clients-10__Rounds-10__Delay-0_05__Partitioning-natural__Seed-44.txt
base_alpha_0.5/test8_femnist,FedProx,44,8,0.649912253071,1.27387941135,1.23948317184,9.91586537472,1.23948317184,9.91586537472,results/main_campaign_default_alpha_0_5/FedProx-results/test8_femnist/FEMNIST/FedProx__FEMNIST__Setup-10__Clients-10__Rounds-10__Delay-0_05__Partitioning-natural__Seed-44.txt
base_alpha_0.5/test8_femnist,FedProx,44,9,0.662331818386,1.23337485553,1.23948317184,11.1553485466,1.23948317184,11.1553485466,results/main_campaign_default_alpha_0_5/FedProx-results/test8_femnist/FEMNIST/FedProx__FEMNIST__Setup-10__Clients-10__Rounds-10__Delay-0_05__Partitioning-natural__Seed-44.txt
base_alpha_0.5/test8_femnist,FedProx,44,10,0.670161544346,1.19544691558,1.23948317184,12.3948317184,1.23948317184,12.3948317184,results/main_campaign_default_alpha_0_5/FedProx-results/test8_femnist/FEMNIST/FedProx__FEMNIST__Setup-10__Clients-10__Rounds-10__Delay-0_05__Partitioning-natural__Seed-44.txt
base_alpha_0.5/test8_femnist,FedProx,45,0,0.0130197774474,4.12922152295,0,0,0,0,results/main_campaign_default_alpha_0_5/FedProx-results/test8_femnist/FEMNIST/FedProx__FEMNIST__Setup-10__Clients-10__Rounds-10__Delay-0_05__Partitioning-natural__Seed-45.txt
base_alpha_0.5/test8_femnist,FedProx,45,1,0.103257196919,3.99516045317,1.23948317184,1.23948317184,1.23948317184,1.23948317184,results/main_campaign_default_alpha_0_5/FedProx-results/test8_femnist/FEMNIST/FedProx__FEMNIST__Setup-10__Clients-10__Rounds-10__Delay-0_05__Partitioning-natural__Seed-45.txt
base_alpha_0.5/test8_femnist,FedProx,45,2,0.403568049736,3.21004869293,1.23948317184,2.47896634368,1.23948317184,2.47896634368,results/main_campaign_default_alpha_0_5/FedProx-results/test8_femnist/FEMNIST/FedProx__FEMNIST__Setup-10__Clients-10__Rounds-10__Delay-0_05__Partitioning-natural__Seed-45.txt
base_alpha_0.5/test8_femnist,FedProx,45,3,0.487137901518,2.25726400207,1.23948317184,3.71844951552,1.23948317184,3.71844951552,results/main_campaign_default_alpha_0_5/FedProx-results/test8_femnist/FEMNIST/FedProx__FEMNIST__Setup-10__Clients-10__Rounds-10__Delay-0_05__Partitioning-natural__Seed-45.txt
base_alpha_0.5/test8_femnist,FedProx,45,4,0.544713249538,1.81458529174,1.23948317184,4.95793268736,1.23948317184,4.95793268736,results/main_campaign_default_alpha_0_5/FedProx-results/test8_femnist/FEMNIST/FedProx__FEMNIST__Setup-10__Clients-10__Rounds-10__Delay-0_05__Partitioning-natural__Seed-45.txt
base_alpha_0.5/test8_femnist,FedProx,45,5,0.574987610938,1.62187027995,1.23948317184,6.1974158592,1.23948317184,6.1974158592,results/main_campaign_default_alpha_0_5/FedProx-results/test8_femnist/FEMNIST/FedProx__FEMNIST__Setup-10__Clients-10__Rounds-10__Delay-0_05__Partitioning-natural__Seed-45.txt
base_alpha_0.5/test8_femnist,FedProx,45,6,0.605036716673,1.4884367661,1.23948317184,7.43689903104,1.23948317184,7.43689903104,results/main_campaign_default_alpha_0_5/FedProx-results/test8_femnist/FEMNIST/FedProx__FEMNIST__Setup-10__Clients-10__Rounds-10__Delay-0_05__Partitioning-natural__Seed-45.txt
base_alpha_0.5/test8_femnist,FedProx,45,7,0.616614857864,1.43797920481,1.23948317184,8.67638220288,1.23948317184,8.67638220288,results/main_campaign_default_alpha_0_5/FedProx-results/test8_femnist/FEMNIST/FedProx__FEMNIST__Setup-10__Clients-10__Rounds-10__Delay-0_05__Partitioning-natural__Seed-45.txt
base_alpha_0.5/test8_femnist,FedProx,45,8,0.631166373834,1.38790792619,1.23948317184,9.91586537472,1.23948317184,9.91586537472,results/main_campaign_default_alpha_0_5/FedProx-results/test8_femnist/FEMNIST/FedProx__FEMNIST__Setup-10__Clients-10__Rounds-10__Delay-0_05__Partitioning-natural__Seed-45.txt
base_alpha_0.5/test8_femnist,FedProx,45,9,0.645672838672,1.35205385042,1.23948317184,11.1553485466,1.23948317184,11.1553485466,results/main_campaign_default_alpha_0_5/FedProx-results/test8_femnist/FEMNIST/FedProx__FEMNIST__Setup-10__Clients-10__Rounds-10__Delay-0_05__Partitioning-natural__Seed-45.txt
base_alpha_0.5/test8_femnist,FedProx,45,10,0.656259854935,1.28504216687,1.23948317184,12.3948317184,1.23948317184,12.3948317184,results/main_campaign_default_alpha_0_5/FedProx-results/test8_femnist/FEMNIST/FedProx__FEMNIST__Setup-10__Clients-10__Rounds-10__Delay-0_05__Partitioning-natural__Seed-45.txt
base_alpha_0.5/test8_femnist,FedProx,46,0,0.0520699008404,4.12826473476,0,0,0,0,results/main_campaign_default_alpha_0_5/FedProx-results/test8_femnist/FEMNIST/FedProx__FEMNIST__Setup-10__Clients-10__Rounds-10__Delay-0_05__Partitioning-natural__Seed-46.txt
base_alpha_0.5/test8_femnist,FedProx,46,1,0.172395393303,3.97423870439,1.23948317184,1.23948317184,1.23948317184,1.23948317184,results/main_campaign_default_alpha_0_5/FedProx-results/test8_femnist/FEMNIST/FedProx__FEMNIST__Setup-10__Clients-10__Rounds-10__Delay-0_05__Partitioning-natural__Seed-46.txt
base_alpha_0.5/test8_femnist,FedProx,46,2,0.349370803504,3.08910711594,1.23948317184,2.47896634368,1.23948317184,2.47896634368,results/main_campaign_default_alpha_0_5/FedProx-results/test8_femnist/FEMNIST/FedProx__FEMNIST__Setup-10__Clients-10__Rounds-10__Delay-0_05__Partitioning-natural__Seed-46.txt
base_alpha_0.5/test8_femnist,FedProx,46,3,0.491395793499,2.19620614758,1.23948317184,3.71844951552,1.23948317184,3.71844951552,results/main_campaign_default_alpha_0_5/FedProx-results/test8_femnist/FEMNIST/FedProx__FEMNIST__Setup-10__Clients-10__Rounds-10__Delay-0_05__Partitioning-natural__Seed-46.txt
base_alpha_0.5/test8_femnist,FedProx,46,4,0.544132687091,1.81364320575,1.23948317184,4.95793268736,1.23948317184,4.95793268736,results/main_campaign_default_alpha_0_5/FedProx-results/test8_femnist/FEMNIST/FedProx__FEMNIST__Setup-10__Clients-10__Rounds-10__Delay-0_05__Partitioning-natural__Seed-46.txt
base_alpha_0.5/test8_femnist,FedProx,46,5,0.572679976878,1.62552235659,1.23948317184,6.1974158592,1.23948317184,6.1974158592,results/main_campaign_default_alpha_0_5/FedProx-results/test8_femnist/FEMNIST/FedProx__FEMNIST__Setup-10__Clients-10__Rounds-10__Delay-0_05__Partitioning-natural__Seed-46.txt
base_alpha_0.5/test8_femnist,FedProx,46,6,0.593979278759,1.50885507417,1.23948317184,7.43689903104,1.23948317184,7.43689903104,results/main_campaign_default_alpha_0_5/FedProx-results/test8_femnist/FEMNIST/FedProx__FEMNIST__Setup-10__Clients-10__Rounds-10__Delay-0_05__Partitioning-natural__Seed-46.txt
base_alpha_0.5/test8_femnist,FedProx,46,7,0.604695628974,1.44864209529,1.23948317184,8.67638220288,1.23948317184,8.67638220288,results/main_campaign_default_alpha_0_5/FedProx-results/test8_femnist/FEMNIST/FedProx__FEMNIST__Setup-10__Clients-10__Rounds-10__Delay-0_05__Partitioning-natural__Seed-46.txt
base_alpha_0.5/test8_femnist,FedProx,46,8,0.626306194139,1.35008802447,1.23948317184,9.91586537472,1.23948317184,9.91586537472,results/main_campaign_default_alpha_0_5/FedProx-results/test8_femnist/FEMNIST/FedProx__FEMNIST__Setup-10__Clients-10__Rounds-10__Delay-0_05__Partitioning-natural__Seed-46.txt
base_alpha_0.5/test8_femnist,FedProx,46,9,0.635510694117,1.32031345596,1.23948317184,11.1553485466,1.23948317184,11.1553485466,results/main_campaign_default_alpha_0_5/FedProx-results/test8_femnist/FEMNIST/FedProx__FEMNIST__Setup-10__Clients-10__Rounds-10__Delay-0_05__Partitioning-natural__Seed-46.txt
base_alpha_0.5/test8_femnist,FedProx,46,10,0.640980034684,1.32125569075,1.23948317184,12.3948317184,1.23948317184,12.3948317184,results/main_campaign_default_alpha_0_5/FedProx-results/test8_femnist/FEMNIST/FedProx__FEMNIST__Setup-10__Clients-10__Rounds-10__Delay-0_05__Partitioning-natural__Seed-46.txt
base_alpha_0.5/test8_femnist,FedProx,47,0,0.0102850556368,4.12882350963,0,0,0,0,results/main_campaign_default_alpha_0_5/FedProx-results/test8_femnist/FEMNIST/FedProx__FEMNIST__Setup-10__Clients-10__Rounds-10__Delay-0_05__Partitioning-natural__Seed-47.txt
base_alpha_0.5/test8_femnist,FedProx,47,1,0.21895642151,3.95128626559,1.23948317184,1.23948317184,1.23948317184,1.23948317184,results/main_campaign_default_alpha_0_5/FedProx-results/test8_femnist/FEMNIST/FedProx__FEMNIST__Setup-10__Clients-10__Rounds-10__Delay-0_05__Partitioning-natural__Seed-47.txt
base_alpha_0.5/test8_femnist,FedProx,47,2,0.374828212972,2.9245137964,1.23948317184,2.47896634368,1.23948317184,2.47896634368,results/main_campaign_default_alpha_0_5/FedProx-results/test8_femnist/FEMNIST/FedProx__FEMNIST__Setup-10__Clients-10__Rounds-10__Delay-0_05__Partitioning-natural__Seed-47.txt
base_alpha_0.5/test8_femnist,FedProx,47,3,0.499357184023,2.07573074887,1.23948317184,3.71844951552,1.23948317184,3.71844951552,results/main_campaign_default_alpha_0_5/FedProx-results/test8_femnist/FEMNIST/FedProx__FEMNIST__Setup-10__Clients-10__Rounds-10__Delay-0_05__Partitioning-natural__Seed-47.txt
base_alpha_0.5/test8_femnist,FedProx,47,4,0.566254377798,1.70483092914,1.23948317184,4.95793268736,1.23948317184,4.95793268736,results/main_campaign_default_alpha_0_5/FedProx-results/test8_femnist/FEMNIST/FedProx__FEMNIST__Setup-10__Clients-10__Rounds-10__Delay-0_05__Partitioning-natural__Seed-47.txt
base_alpha_0.5/test8_femnist,FedProx,47,5,0.595868244891,1.52717846585,1.23948317184,6.1974158592,1.23948317184,6.1974158592,results/main_campaign_default_alpha_0_5/FedProx-results/test8_femnist/FEMNIST/FedProx__FEMNIST__Setup-10__Clients-10__Rounds-10__Delay-0_05__Partitioning-natural__Seed-47.txt
base_alpha_0.5/test8_femnist,FedProx,47,6,0.610896839119,1.42630795619,1.23948317184,7.43689903104,1.23948317184,7.43689903104,results/main_campaign_default_alpha_0_5/FedProx-results/test8_femnist/FEMNIST/FedProx__FEMNIST__Setup-10__Clients-10__Rounds-10__Delay-0_05__Partitioning-natural__Seed-47.txt
base_alpha_0.5/test8_femnist,FedProx,47,7,0.631821607483,1.35540623027,1.23948317184,8.67638220288,1.23948317184,8.67638220288,results/main_campaign_default_alpha_0_5/FedProx-results/test8_femnist/FEMNIST/FedProx__FEMNIST__Setup-10__Clients-10__Rounds-10__Delay-0_05__Partitioning-natural__Seed-47.txt
base_alpha_0.5/test8_femnist,FedProx,47,8,0.646451212484,1.29334787072,1.23948317184,9.91586537472,1.23948317184,9.91586537472,results/main_campaign_default_alpha_0_5/FedProx-results/test8_femnist/FEMNIST/FedProx__FEMNIST__Setup-10__Clients-10__Rounds-10__Delay-0_05__Partitioning-natural__Seed-47.txt
base_alpha_0.5/test8_femnist,FedProx,47,9,0.665691359667,1.22925814548,1.23948317184,11.1553485466,1.23948317184,11.1553485466,results/main_campaign_default_alpha_0_5/FedProx-results/test8_femnist/FEMNIST/FedProx__FEMNIST__Setup-10__Clients-10__Rounds-10__Delay-0_05__Partitioning-natural__Seed-47.txt
base_alpha_0.5/test8_femnist,FedProx,47,10,0.667198652303,1.2086397262,1.23948317184,12.3948317184,1.23948317184,12.3948317184,results/main_campaign_default_alpha_0_5/FedProx-results/test8_femnist/FEMNIST/FedProx__FEMNIST__Setup-10__Clients-10__Rounds-10__Delay-0_05__Partitioning-natural__Seed-47.txt
base_alpha_0.5/test8_femnist,FedProx,48,0,0.0366410164639,4.11558188177,0,0,0,0,results/main_campaign_default_alpha_0_5/FedProx-results/test8_femnist/FEMNIST/FedProx__FEMNIST__Setup-10__Clients-10__Rounds-10__Delay-0_05__Partitioning-natural__Seed-48.txt
base_alpha_0.5/test8_femnist,FedProx,48,1,0.13112920544,3.93074162141,1.23948317184,1.23948317184,1.23948317184,1.23948317184,results/main_campaign_default_alpha_0_5/FedProx-results/test8_femnist/FEMNIST/FedProx__FEMNIST__Setup-10__Clients-10__Rounds-10__Delay-0_05__Partitioning-natural__Seed-48.txt
base_alpha_0.5/test8_femnist,FedProx,48,2,0.368960272011,3.06073733509,1.23948317184,2.47896634368,1.23948317184,2.47896634368,results/main_campaign_default_alpha_0_5/FedProx-results/test8_femnist/FEMNIST/FedProx__FEMNIST__Setup-10__Clients-10__Rounds-10__Delay-0_05__Partitioning-natural__Seed-48.txt
base_alpha_0.5/test8_femnist,FedProx,48,3,0.486712598425,2.21038774388,1.23948317184,3.71844951552,1.23948317184,3.71844951552,results/main_campaign_default_alpha_0_5/FedProx-results/test8_femnist/FEMNIST/FedProx__FEMNIST__Setup-10__Clients-10__Rounds-10__Delay-0_05__Partitioning-natural__Seed-48.txt
base_alpha_0.5/test8_femnist,FedProx,48,4,0.549883679313,1.79325389141,1.23948317184,4.95793268736,1.23948317184,4.95793268736,results/main_campaign_default_alpha_0_5/FedProx-results/test8_femnist/FEMNIST/FedProx__FEMNIST__Setup-10__Clients-10__Rounds-10__Delay-0_05__Partitioning-natural__Seed-48.txt
base_alpha_0.5/test8_femnist,FedProx,48,5,0.568718682892,1.64258472482,1.23948317184,6.1974158592,1.23948317184,6.1974158592,results/main_campaign_default_alpha_0_5/FedProx-results/test8_femnist/FEMNIST/FedProx__FEMNIST__Setup-10__Clients-10__Rounds-10__Delay-0_05__Partitioning-natural__Seed-48.txt
base_alpha_0.5/test8_femnist,FedProx,48,6,0.606746599857,1.48231470376,1.23948317184,7.43689903104,1.23948317184,7.43689903104,results/main_campaign_default_alpha_0_5/FedProx-results/test8_femnist/FEMNIST/FedProx__FEMNIST__Setup-10__Clients-10__Rounds-10__Delay-0_05__Partitioning-natural__Seed-48.txt
base_alpha_0.5/test8_femnist,FedProx,48,7,0.610594130279,1.44540844189,1.23948317184,8.67638220288,1.23948317184,8.67638220288,results/main_campaign_default_alpha_0_5/FedProx-results/test8_femnist/FEMNIST/FedProx__FEMNIST__Setup-10__Clients-10__Rounds-10__Delay-0_05__Partitioning-natural__Seed-48.txt
base_alpha_0.5/test8_femnist,FedProx,48,8,0.621823550465,1.39479843442,1.23948317184,9.91586537472,1.23948317184,9.91586537472,results/main_campaign_default_alpha_0_5/FedProx-results/test8_femnist/FEMNIST/FedProx__FEMNIST__Setup-10__Clients-10__Rounds-10__Delay-0_05__Partitioning-natural__Seed-48.txt
base_alpha_0.5/test8_femnist,FedProx,48,9,0.631039727989,1.3901579587,1.23948317184,11.1553485466,1.23948317184,11.1553485466,results/main_campaign_default_alpha_0_5/FedProx-results/test8_femnist/FEMNIST/FedProx__FEMNIST__Setup-10__Clients-10__Rounds-10__Delay-0_05__Partitioning-natural__Seed-48.txt
base_alpha_0.5/test8_femnist,FedProx,48,10,0.639226914817,1.35669392042,1.23948317184,12.3948317184,1.23948317184,12.3948317184,results/main_campaign_default_alpha_0_5/FedProx-results/test8_femnist/FEMNIST/FedProx__FEMNIST__Setup-10__Clients-10__Rounds-10__Delay-0_05__Partitioning-natural__Seed-48.txt
base_alpha_0.5/test8_femnist,FedProx,49,0,0.0519596960123,4.13222400713,0,0,0,0,results/main_campaign_default_alpha_0_5/FedProx-results/test8_femnist/FEMNIST/FedProx__FEMNIST__Setup-10__Clients-10__Rounds-10__Delay-0_05__Partitioning-natural__Seed-49.txt
base_alpha_0.5/test8_femnist,FedProx,49,1,0.0940568696098,3.95549961181,1.23948317184,1.23948317184,1.23948317184,1.23948317184,results/main_campaign_default_alpha_0_5/FedProx-results/test8_femnist/FEMNIST/FedProx__FEMNIST__Setup-10__Clients-10__Rounds-10__Delay-0_05__Partitioning-natural__Seed-49.txt
base_alpha_0.5/test8_femnist,FedProx,49,2,0.38715737341,3.06625760356,1.23948317184,2.47896634368,1.23948317184,2.47896634368,results/main_campaign_default_alpha_0_5/FedProx-results/test8_femnist/FEMNIST/FedProx__FEMNIST__Setup-10__Clients-10__Rounds-10__Delay-0_05__Partitioning-natural__Seed-49.txt
base_alpha_0.5/test8_femnist,FedProx,49,3,0.50977713261,2.08617162978,1.23948317184,3.71844951552,1.23948317184,3.71844951552,results/main_campaign_default_alpha_0_5/FedProx-results/test8_femnist/FEMNIST/FedProx__FEMNIST__Setup-10__Clients-10__Rounds-10__Delay-0_05__Partitioning-natural__Seed-49.txt
base_alpha_0.5/test8_femnist,FedProx,49,4,0.560797540774,1.71144726562,1.23948317184,4.95793268736,1.23948317184,4.95793268736,results/main_campaign_default_alpha_0_5/FedProx-results/test8_femnist/FEMNIST/FedProx__FEMNIST__Setup-10__Clients-10__Rounds-10__Delay-0_05__Partitioning-natural__Seed-49.txt
base_alpha_0.5/test8_femnist,FedProx,49,5,0.594868072752,1.51923940916,1.23948317184,6.1974158592,1.23948317184,6.1974158592,results/main_campaign_default_alpha_0_5/FedProx-results/test8_femnist/FEMNIST/FedProx__FEMNIST__Setup-10__Clients-10__Rounds-10__Delay-0_05__Partitioning-natural__Seed-49.txt
base_alpha_0.5/test8_femnist,FedProx,49,6,0.615404320724,1.41457677965,1.23948317184,7.43689903104,1.23948317184,7.43689903104,results/main_campaign_default_alpha_0_5/FedProx-results/test8_femnist/FEMNIST/FedProx__FEMNIST__Setup-10__Clients-10__Rounds-10__Delay-0_05__Partitioning-natural__Seed-49.txt
base_alpha_0.5/test8_femnist,FedProx,49,7,0.633976603194,1.34187802558,1.23948317184,8.67638220288,1.23948317184,8.67638220288,results/main_campaign_default_alpha_0_5/FedProx-results/test8_femnist/FEMNIST/FedProx__FEMNIST__Setup-10__Clients-10__Rounds-10__Delay-0_05__Partitioning-natural__Seed-49.txt
base_alpha_0.5/test8_femnist,FedProx,49,8,0.649944496627,1.2614096571,1.23948317184,9.91586537472,1.23948317184,9.91586537472,results/main_campaign_default_alpha_0_5/FedProx-results/test8_femnist/FEMNIST/FedProx__FEMNIST__Setup-10__Clients-10__Rounds-10__Delay-0_05__Partitioning-natural__Seed-49.txt
base_alpha_0.5/test8_femnist,FedProx,49,9,0.654726325677,1.25009746056,1.23948317184,11.1553485466,1.23948317184,11.1553485466,results/main_campaign_default_alpha_0_5/FedProx-results/test8_femnist/FEMNIST/FedProx__FEMNIST__Setup-10__Clients-10__Rounds-10__Delay-0_05__Partitioning-natural__Seed-49.txt
base_alpha_0.5/test8_femnist,FedProx,49,10,0.661557510033,1.22838510666,1.23948317184,12.3948317184,1.23948317184,12.3948317184,results/main_campaign_default_alpha_0_5/FedProx-results/test8_femnist/FEMNIST/FedProx__FEMNIST__Setup-10__Clients-10__Rounds-10__Delay-0_05__Partitioning-natural__Seed-49.txt
base_alpha_0.5/test8_femnist,FedProx,50,0,0.0050527435511,4.13251097719,0,0,0,0,results/main_campaign_default_alpha_0_5/FedProx-results/test8_femnist/FEMNIST/FedProx__FEMNIST__Setup-10__Clients-10__Rounds-10__Delay-0_05__Partitioning-natural__Seed-50.txt
base_alpha_0.5/test8_femnist,FedProx,50,1,0.0495966669621,3.98279168261,1.23948317184,1.23948317184,1.23948317184,1.23948317184,results/main_campaign_default_alpha_0_5/FedProx-results/test8_femnist/FEMNIST/FedProx__FEMNIST__Setup-10__Clients-10__Rounds-10__Delay-0_05__Partitioning-natural__Seed-50.txt
base_alpha_0.5/test8_femnist,FedProx,50,2,0.409139260704,3.12030952983,1.23948317184,2.47896634368,1.23948317184,2.47896634368,results/main_campaign_default_alpha_0_5/FedProx-results/test8_femnist/FEMNIST/FedProx__FEMNIST__Setup-10__Clients-10__Rounds-10__Delay-0_05__Partitioning-natural__Seed-50.txt
base_alpha_0.5/test8_femnist,FedProx,50,3,0.533817923943,2.11012007785,1.23948317184,3.71844951552,1.23948317184,3.71844951552,results/main_campaign_default_alpha_0_5/FedProx-results/test8_femnist/FEMNIST/FedProx__FEMNIST__Setup-10__Clients-10__Rounds-10__Delay-0_05__Partitioning-natural__Seed-50.txt
base_alpha_0.5/test8_femnist,FedProx,50,4,0.576766244127,1.69371991393,1.23948317184,4.95793268736,1.23948317184,4.95793268736,results/main_campaign_default_alpha_0_5/FedProx-results/test8_femnist/FEMNIST/FedProx__FEMNIST__Setup-10__Clients-10__Rounds-10__Delay-0_05__Partitioning-natural__Seed-50.txt
base_alpha_0.5/test8_femnist,FedProx,50,5,0.604290399787,1.53093948259,1.23948317184,6.1974158592,1.23948317184,6.1974158592,results/main_campaign_default_alpha_0_5/FedProx-results/test8_femnist/FEMNIST/FedProx__FEMNIST__Setup-10__Clients-10__Rounds-10__Delay-0_05__Partitioning-natural__Seed-50.txt
base_alpha_0.5/test8_femnist,FedProx,50,6,0.631770233135,1.38424500594,1.23948317184,7.43689903104,1.23948317184,7.43689903104,results/main_campaign_default_alpha_0_5/FedProx-results/test8_femnist/FEMNIST/FedProx__FEMNIST__Setup-10__Clients-10__Rounds-10__Delay-0_05__Partitioning-natural__Seed-50.txt
base_alpha_0.5/test8_femnist,FedProx,50,7,0.648169488521,1.332216785,1.23948317184,8.67638220288,1.23948317184,8.67638220288,results/main_campaign_default_alpha_0_5/FedProx-results/test8_femnist/FEMNIST/FedProx__FEMNIST__Setup-10__Clients-10__Rounds-10__Delay-0_05__Partitioning-natural__Seed-50.txt
base_alpha_0.5/test8_femnist,FedProx,50,8,0.658009041752,1.29762591674,1.23948317184,9.91586537472,1.23948317184,9.91586537472,results/main_campaign_default_alpha_0_5/FedProx-results/test8_femnist/FEMNIST/FedProx__FEMNIST__Setup-10__Clients-10__Rounds-10__Delay-0_05__Partitioning-natural__Seed-50.txt
base_alpha_0.5/test8_femnist,FedProx,50,9,0.670109032887,1.2459799801,1.23948317184,11.1553485466,1.23948317184,11.1553485466,results/main_campaign_default_alpha_0_5/FedProx-results/test8_femnist/FEMNIST/FedProx__FEMNIST__Setup-10__Clients-10__Rounds-10__Delay-0_05__Partitioning-natural__Seed-50.txt
base_alpha_0.5/test8_femnist,FedProx,50,10,0.67830866058,1.23029624723,1.23948317184,12.3948317184,1.23948317184,12.3948317184,results/main_campaign_default_alpha_0_5/FedProx-results/test8_femnist/FEMNIST/FedProx__FEMNIST__Setup-10__Clients-10__Rounds-10__Delay-0_05__Partitioning-natural__Seed-50.txt
base_alpha_0.5/test8_femnist,FedProx,51,0,0.0480909480909,4.12174315442,0,0,0,0,results/main_campaign_default_alpha_0_5/FedProx-results/test8_femnist/FEMNIST/FedProx__FEMNIST__Setup-10__Clients-10__Rounds-10__Delay-0_05__Partitioning-natural__Seed-51.txt
base_alpha_0.5/test8_femnist,FedProx,51,1,0.0716430716431,3.9490576446,1.23948317184,1.23948317184,1.23948317184,1.23948317184,results/main_campaign_default_alpha_0_5/FedProx-results/test8_femnist/FEMNIST/FedProx__FEMNIST__Setup-10__Clients-10__Rounds-10__Delay-0_05__Partitioning-natural__Seed-51.txt
base_alpha_0.5/test8_femnist,FedProx,51,2,0.358515658516,3.20817536138,1.23948317184,2.47896634368,1.23948317184,2.47896634368,results/main_campaign_default_alpha_0_5/FedProx-results/test8_femnist/FEMNIST/FedProx__FEMNIST__Setup-10__Clients-10__Rounds-10__Delay-0_05__Partitioning-natural__Seed-51.txt
base_alpha_0.5/test8_femnist,FedProx,51,3,0.496525096525,2.27760583558,1.23948317184,3.71844951552,1.23948317184,3.71844951552,results/main_campaign_default_alpha_0_5/FedProx-results/test8_femnist/FEMNIST/FedProx__FEMNIST__Setup-10__Clients-10__Rounds-10__Delay-0_05__Partitioning-natural__Seed-51.txt
base_alpha_0.5/test8_femnist,FedProx,51,4,0.567138567139,1.76332393519,1.23948317184,4.95793268736,1.23948317184,4.95793268736,results/main_campaign_default_alpha_0_5/FedProx-results/test8_femnist/FEMNIST/FedProx__FEMNIST__Setup-10__Clients-10__Rounds-10__Delay-0_05__Partitioning-natural__Seed-51.txt
base_alpha_0.5/test8_femnist,FedProx,51,5,0.607979407979,1.52197614934,1.23948317184,6.1974158592,1.23948317184,6.1974158592,results/main_campaign_default_alpha_0_5/FedProx-results/test8_femnist/FEMNIST/FedProx__FEMNIST__Setup-10__Clients-10__Rounds-10__Delay-0_05__Partitioning-natural__Seed-51.txt
base_alpha_0.5/test8_femnist,FedProx,51,6,0.628743028743,1.41434593995,1.23948317184,7.43689903104,1.23948317184,7.43689903104,results/main_campaign_default_alpha_0_5/FedProx-results/test8_femnist/FEMNIST/FedProx__FEMNIST__Setup-10__Clients-10__Rounds-10__Delay-0_05__Partitioning-natural__Seed-51.txt
base_alpha_0.5/test8_femnist,FedProx,51,7,0.649506649507,1.31442986508,1.23948317184,8.67638220288,1.23948317184,8.67638220288,results/main_campaign_default_alpha_0_5/FedProx-results/test8_femnist/FEMNIST/FedProx__FEMNIST__Setup-10__Clients-10__Rounds-10__Delay-0_05__Partitioning-natural__Seed-51.txt
base_alpha_0.5/test8_femnist,FedProx,51,8,0.666452166452,1.24469306295,1.23948317184,9.91586537472,1.23948317184,9.91586537472,results/main_campaign_default_alpha_0_5/FedProx-results/test8_femnist/FEMNIST/FedProx__FEMNIST__Setup-10__Clients-10__Rounds-10__Delay-0_05__Partitioning-natural__Seed-51.txt
base_alpha_0.5/test8_femnist,FedProx,51,9,0.672200772201,1.23953037678,1.23948317184,11.1553485466,1.23948317184,11.1553485466,results/main_campaign_default_alpha_0_5/FedProx-results/test8_femnist/FEMNIST/FedProx__FEMNIST__Setup-10__Clients-10__Rounds-10__Delay-0_05__Partitioning-natural__Seed-51.txt
base_alpha_0.5/test8_femnist,FedProx,51,10,0.683183183183,1.16120968255,1.23948317184,12.3948317184,1.23948317184,12.3948317184,results/main_campaign_default_alpha_0_5/FedProx-results/test8_femnist/FEMNIST/FedProx__FEMNIST__Setup-10__Clients-10__Rounds-10__Delay-0_05__Partitioning-natural__Seed-51.txt
base_alpha_0.5/test8_femnist,FedProx,52,0,0.0242482219357,4.11514567377,0,0,0,0,results/main_campaign_default_alpha_0_5/FedProx-results/test8_femnist/FEMNIST/FedProx__FEMNIST__Setup-10__Clients-10__Rounds-10__Delay-0_05__Partitioning-natural__Seed-52.txt
base_alpha_0.5/test8_femnist,FedProx,52,1,0.123071164164,3.95826114376,1.23948317184,1.23948317184,1.23948317184,1.23948317184,results/main_campaign_default_alpha_0_5/FedProx-results/test8_femnist/FEMNIST/FedProx__FEMNIST__Setup-10__Clients-10__Rounds-10__Delay-0_05__Partitioning-natural__Seed-52.txt
base_alpha_0.5/test8_femnist,FedProx,52,2,0.359938443622,3.14017006162,1.23948317184,2.47896634368,1.23948317184,2.47896634368,results/main_campaign_default_alpha_0_5/FedProx-results/test8_femnist/FEMNIST/FedProx__FEMNIST__Setup-10__Clients-10__Rounds-10__Delay-0_05__Partitioning-natural__Seed-52.txt
base_alpha_0.5/test8_femnist,FedProx,52,3,0.469284199143,2.17962473105,1.23948317184,3.71844951552,1.23948317184,3.71844951552,results/main_campaign_default_alpha_0_5/FedProx-results/test8_femnist/FEMNIST/FedProx__FEMNIST__Setup-10__Clients-10__Rounds-10__Delay-0_05__Partitioning-natural__Seed-52.txt
base_alpha_0.5/test8_femnist,FedProx,52,4,0.572557501144,1.75039685376,1.23948317184,4.95793268736,1.23948317184,4.95793268736,results/main_campaign_default_alpha_0_5/FedProx-results/test8_femnist/FEMNIST/FedProx__FEMNIST__Setup-10__Clients-10__Rounds-10__Delay-0_05__Partitioning-natural__Seed-52.txt
base_alpha_0.5/test8_femnist,FedProx,52,5,0.603294098074,1.50277679547,1.23948317184,6.1974158592,1.23948317184,6.1974158592,results/main_campaign_default_alpha_0_5/FedProx-results/test8_femnist/FEMNIST/FedProx__FEMNIST__Setup-10__Clients-10__Rounds-10__Delay-0_05__Partitioning-natural__Seed-52.txt
base_alpha_0.5/test8_femnist,FedProx,52,6,0.629164413759,1.3787782574,1.23948317184,7.43689903104,1.23948317184,7.43689903104,results/main_campaign_default_alpha_0_5/FedProx-results/test8_femnist/FEMNIST/FedProx__FEMNIST__Setup-10__Clients-10__Rounds-10__Delay-0_05__Partitioning-natural__Seed-52.txt
base_alpha_0.5/test8_femnist,FedProx,52,7,0.648546354448,1.31048782591,1.23948317184,8.67638220288,1.23948317184,8.67638220288,results/main_campaign_default_alpha_0_5/FedProx-results/test8_femnist/FEMNIST/FedProx__FEMNIST__Setup-10__Clients-10__Rounds-10__Delay-0_05__Partitioning-natural__Seed-52.txt
base_alpha_0.5/test8_femnist,FedProx,52,8,0.658486877677,1.25498751971,1.23948317184,9.91586537472,1.23948317184,9.91586537472,results/main_campaign_default_alpha_0_5/FedProx-results/test8_femnist/FEMNIST/FedProx__FEMNIST__Setup-10__Clients-10__Rounds-10__Delay-0_05__Partitioning-natural__Seed-52.txt
base_alpha_0.5/test8_femnist,FedProx,52,9,0.670091086803,1.24076630356,1.23948317184,11.1553485466,1.23948317184,11.1553485466,results/main_campaign_default_alpha_0_5/FedProx-results/test8_femnist/FEMNIST/FedProx__FEMNIST__Setup-10__Clients-10__Rounds-10__Delay-0_05__Partitioning-natural__Seed-52.txt
base_alpha_0.5/test8_femnist,FedProx,52,10,0.670839745456,1.23752755603,1.23948317184,12.3948317184,1.23948317184,12.3948317184,results/main_campaign_default_alpha_0_5/FedProx-results/test8_femnist/FEMNIST/FedProx__FEMNIST__Setup-10__Clients-10__Rounds-10__Delay-0_05__Partitioning-natural__Seed-52.txt
base_alpha_0.5/test8_femnist,FedProx,53,0,0.00643990929705,4.13295448857,0,0,0,0,results/main_campaign_default_alpha_0_5/FedProx-results/test8_femnist/FEMNIST/FedProx__FEMNIST__Setup-10__Clients-10__Rounds-10__Delay-0_05__Partitioning-natural__Seed-53.txt
base_alpha_0.5/test8_femnist,FedProx,53,1,0.130702947846,3.97495536592,1.23948317184,1.23948317184,1.23948317184,1.23948317184,results/main_campaign_default_alpha_0_5/FedProx-results/test8_femnist/FEMNIST/FedProx__FEMNIST__Setup-10__Clients-10__Rounds-10__Delay-0_05__Partitioning-natural__Seed-53.txt
base_alpha_0.5/test8_femnist,FedProx,53,2,0.402811791383,2.9432110621,1.23948317184,2.47896634368,1.23948317184,2.47896634368,results/main_campaign_default_alpha_0_5/FedProx-results/test8_femnist/FEMNIST/FedProx__FEMNIST__Setup-10__Clients-10__Rounds-10__Delay-0_05__Partitioning-natural__Seed-53.txt
base_alpha_0.5/test8_femnist,FedProx,53,3,0.49977324263,2.17124868211,1.23948317184,3.71844951552,1.23948317184,3.71844951552,results/main_campaign_default_alpha_0_5/FedProx-results/test8_femnist/FEMNIST/FedProx__FEMNIST__Setup-10__Clients-10__Rounds-10__Delay-0_05__Partitioning-natural__Seed-53.txt
base_alpha_0.5/test8_femnist,FedProx,53,4,0.561405895692,1.76980175507,1.23948317184,4.95793268736,1.23948317184,4.95793268736,results/main_campaign_default_alpha_0_5/FedProx-results/test8_femnist/FEMNIST/FedProx__FEMNIST__Setup-10__Clients-10__Rounds-10__Delay-0_05__Partitioning-natural__Seed-53.txt
base_alpha_0.5/test8_femnist,FedProx,53,5,0.588072562358,1.57607880145,1.23948317184,6.1974158592,1.23948317184,6.1974158592,results/main_campaign_default_alpha_0_5/FedProx-results/test8_femnist/FEMNIST/FedProx__FEMNIST__Setup-10__Clients-10__Rounds-10__Delay-0_05__Partitioning-natural__Seed-53.txt
base_alpha_0.5/test8_femnist,FedProx,53,6,0.607256235828,1.46913209021,1.23948317184,7.43689903104,1.23948317184,7.43689903104,results/main_campaign_default_alpha_0_5/FedProx-results/test8_femnist/FEMNIST/FedProx__FEMNIST__Setup-10__Clients-10__Rounds-10__Delay-0_05__Partitioning-natural__Seed-53.txt
base_alpha_0.5/test8_femnist,FedProx,53,7,0.621405895692,1.40906206562,1.23948317184,8.67638220288,1.23948317184,8.67638220288,results/main_campaign_default_alpha_0_5/FedProx-results/test8_femnist/FEMNIST/FedProx__FEMNIST__Setup-10__Clients-10__Rounds-10__Delay-0_05__Partitioning-natural__Seed-53.txt
base_alpha_0.5/test8_femnist,FedProx,53,8,0.628344671202,1.35688097851,1.23948317184,9.91586537472,1.23948317184,9.91586537472,results/main_campaign_default_alpha_0_5/FedProx-results/test8_femnist/FEMNIST/FedProx__FEMNIST__Setup-10__Clients-10__Rounds-10__Delay-0_05__Partitioning-natural__Seed-53.txt
base_alpha_0.5/test8_femnist,FedProx,53,9,0.645351473923,1.29736091538,1.23948317184,11.1553485466,1.23948317184,11.1553485466,results/main_campaign_default_alpha_0_5/FedProx-results/test8_femnist/FEMNIST/FedProx__FEMNIST__Setup-10__Clients-10__Rounds-10__Delay-0_05__Partitioning-natural__Seed-53.txt
base_alpha_0.5/test8_femnist,FedProx,53,10,0.649070294785,1.29229016309,1.23948317184,12.3948317184,1.23948317184,12.3948317184,results/main_campaign_default_alpha_0_5/FedProx-results/test8_femnist/FEMNIST/FedProx__FEMNIST__Setup-10__Clients-10__Rounds-10__Delay-0_05__Partitioning-natural__Seed-53.txt
base_alpha_0.5/test8_femnist,FedProx,54,0,0.0153331356686,4.12817132809,0,0,0,0,results/main_campaign_default_alpha_0_5/FedProx-results/test8_femnist/FEMNIST/FedProx__FEMNIST__Setup-10__Clients-10__Rounds-10__Delay-0_05__Partitioning-natural__Seed-54.txt
base_alpha_0.5/test8_femnist,FedProx,54,1,0.120716675844,3.9589049221,1.23948317184,1.23948317184,1.23948317184,1.23948317184,results/main_campaign_default_alpha_0_5/FedProx-results/test8_femnist/FEMNIST/FedProx__FEMNIST__Setup-10__Clients-10__Rounds-10__Delay-0_05__Partitioning-natural__Seed-54.txt
base_alpha_0.5/test8_femnist,FedProx,54,2,0.358888559448,3.03057222286,1.23948317184,2.47896634368,1.23948317184,2.47896634368,results/main_campaign_default_alpha_0_5/FedProx-results/test8_femnist/FEMNIST/FedProx__FEMNIST__Setup-10__Clients-10__Rounds-10__Delay-0_05__Partitioning-natural__Seed-54.txt
base_alpha_0.5/test8_femnist,FedProx,54,3,0.473632936592,2.2361759565,1.23948317184,3.71844951552,1.23948317184,3.71844951552,results/main_campaign_default_alpha_0_5/FedProx-results/test8_femnist/FEMNIST/FedProx__FEMNIST__Setup-10__Clients-10__Rounds-10__Delay-0_05__Partitioning-natural__Seed-54.txt
base_alpha_0.5/test8_femnist,FedProx,54,4,0.537125672413,1.83577697415,1.23948317184,4.95793268736,1.23948317184,4.95793268736,results/main_campaign_default_alpha_0_5/FedProx-results/test8_femnist/FEMNIST/FedProx__FEMNIST__Setup-10__Clients-10__Rounds-10__Delay-0_05__Partitioning-natural__Seed-54.txt
base_alpha_0.5/test8_femnist,FedProx,54,5,0.57012156381,1.6488836864,1.23948317184,6.1974158592,1.23948317184,6.1974158592,results/main_campaign_default_alpha_0_5/FedProx-results/test8_femnist/FEMNIST/FedProx__FEMNIST__Setup-10__Clients-10__Rounds-10__Delay-0_05__Partitioning-natural__Seed-54.txt
base_alpha_0.5/test8_femnist,FedProx,54,6,0.596086238299,1.51436949235,1.23948317184,7.43689903104,1.23948317184,7.43689903104,results/main_campaign_default_alpha_0_5/FedProx-results/test8_femnist/FEMNIST/FedProx__FEMNIST__Setup-10__Clients-10__Rounds-10__Delay-0_05__Partitioning-natural__Seed-54.txt
base_alpha_0.5/test8_femnist,FedProx,54,7,0.617095175569,1.42638922927,1.23948317184,8.67638220288,1.23948317184,8.67638220288,results/main_campaign_default_alpha_0_5/FedProx-results/test8_femnist/FEMNIST/FedProx__FEMNIST__Setup-10__Clients-10__Rounds-10__Delay-0_05__Partitioning-natural__Seed-54.txt
base_alpha_0.5/test8_femnist,FedProx,54,8,0.637765259011,1.32150069355,1.23948317184,9.91586537472,1.23948317184,9.91586537472,results/main_campaign_default_alpha_0_5/FedProx-results/test8_femnist/FEMNIST/FedProx__FEMNIST__Setup-10__Clients-10__Rounds-10__Delay-0_05__Partitioning-natural__Seed-54.txt
base_alpha_0.5/test8_femnist,FedProx,54,9,0.643737557711,1.31257269374,1.23948317184,11.1553485466,1.23948317184,11.1553485466,results/main_campaign_default_alpha_0_5/FedProx-results/test8_femnist/FEMNIST/FedProx__FEMNIST__Setup-10__Clients-10__Rounds-10__Delay-0_05__Partitioning-natural__Seed-54.txt
base_alpha_0.5/test8_femnist,FedProx,54,10,0.653860815791,1.27607047387,1.23948317184,12.3948317184,1.23948317184,12.3948317184,results/main_campaign_default_alpha_0_5/FedProx-results/test8_femnist/FEMNIST/FedProx__FEMNIST__Setup-10__Clients-10__Rounds-10__Delay-0_05__Partitioning-natural__Seed-54.txt
base_alpha_0.5/test8_femnist,FedProx,55,0,0.0124994439749,4.12760017871,0,0,0,0,results/main_campaign_default_alpha_0_5/FedProx-results/test8_femnist/FEMNIST/FedProx__FEMNIST__Setup-10__Clients-10__Rounds-10__Delay-0_05__Partitioning-natural__Seed-55.txt
base_alpha_0.5/test8_femnist,FedProx,55,1,0.08367065522,3.98611848882,1.23948317184,1.23948317184,1.23948317184,1.23948317184,results/main_campaign_default_alpha_0_5/FedProx-results/test8_femnist/FEMNIST/FedProx__FEMNIST__Setup-10__Clients-10__Rounds-10__Delay-0_05__Partitioning-natural__Seed-55.txt
base_alpha_0.5/test8_femnist,FedProx,55,2,0.345135892531,2.97887281985,1.23948317184,2.47896634368,1.23948317184,2.47896634368,results/main_campaign_default_alpha_0_5/FedProx-results/test8_femnist/FEMNIST/FedProx__FEMNIST__Setup-10__Clients-10__Rounds-10__Delay-0_05__Partitioning-natural__Seed-55.txt
base_alpha_0.5/test8_femnist,FedProx,55,3,0.502557715404,2.14414517044,1.23948317184,3.71844951552,1.23948317184,3.71844951552,results/main_campaign_default_alpha_0_5/FedProx-results/test8_femnist/FEMNIST/FedProx__FEMNIST__Setup-10__Clients-10__Rounds-10__Delay-0_05__Partitioning-natural__Seed-55.txt
base_alpha_0.5/test8_femnist,FedProx,55,4,0.547617988524,1.76373191902,1.23948317184,4.95793268736,1.23948317184,4.95793268736,results/main_campaign_default_alpha_0_5/FedProx-results/test8_femnist/FEMNIST/FedProx__FEMNIST__Setup-10__Clients-10__Rounds-10__Delay-0_05__Partitioning-natural__Seed-55.txt
base_alpha_0.5/test8_femnist,FedProx,55,5,0.582180507985,1.60181210271,1.23948317184,6.1974158592,1.23948317184,6.1974158592,results/main_campaign_default_alpha_0_5/FedProx-results/test8_femnist/FEMNIST/FedProx__FEMNIST__Setup-10__Clients-10__Rounds-10__Delay-0_05__Partitioning-natural__Seed-55.txt
base_alpha_0.5/test8_femnist,FedProx,55,6,0.610737956497,1.4694237381,1.23948317184,7.43689903104,1.23948317184,7.43689903104,results/main_campaign_default_alpha_0_5/FedProx-results/test8_femnist/FEMNIST/FedProx__FEMNIST__Setup-10__Clients-10__Rounds-10__Delay-0_05__Partitioning-natural__Seed-55.txt
base_alpha_0.5/test8_femnist,FedProx,55,7,0.619011609804,1.43234459174,1.23948317184,8.67638220288,1.23948317184,8.67638220288,results/main_campaign_default_alpha_0_5/FedProx-results/test8_femnist/FEMNIST/FedProx__FEMNIST__Setup-10__Clients-10__Rounds-10__Delay-0_05__Partitioning-natural__Seed-55.txt
base_alpha_0.5/test8_femnist,FedProx,55,8,0.636003736489,1.34573100546,1.23948317184,9.91586537472,1.23948317184,9.91586537472,results/main_campaign_default_alpha_0_5/FedProx-results/test8_femnist/FEMNIST/FedProx__FEMNIST__Setup-10__Clients-10__Rounds-10__Delay-0_05__Partitioning-natural__Seed-55.txt
base_alpha_0.5/test8_femnist,FedProx,55,9,0.641208131311,1.37238158038,1.23948317184,11.1553485466,1.23948317184,11.1553485466,results/main_campaign_default_alpha_0_5/FedProx-results/test8_femnist/FEMNIST/FedProx__FEMNIST__Setup-10__Clients-10__Rounds-10__Delay-0_05__Partitioning-natural__Seed-55.txt
base_alpha_0.5/test8_femnist,FedProx,55,10,0.659623682221,1.27630958625,1.23948317184,12.3948317184,1.23948317184,12.3948317184,results/main_campaign_default_alpha_0_5/FedProx-results/test8_femnist/FEMNIST/FedProx__FEMNIST__Setup-10__Clients-10__Rounds-10__Delay-0_05__Partitioning-natural__Seed-55.txt
base_alpha_0.5/test8_femnist,FedProx,56,0,0.0129336508381,4.11202851398,0,0,0,0,results/main_campaign_default_alpha_0_5/FedProx-results/test8_femnist/FEMNIST/FedProx__FEMNIST__Setup-10__Clients-10__Rounds-10__Delay-0_05__Partitioning-natural__Seed-56.txt
base_alpha_0.5/test8_femnist,FedProx,56,1,0.153382826726,3.90628685648,1.23948317184,1.23948317184,1.23948317184,1.23948317184,results/main_campaign_default_alpha_0_5/FedProx-results/test8_femnist/FEMNIST/FedProx__FEMNIST__Setup-10__Clients-10__Rounds-10__Delay-0_05__Partitioning-natural__Seed-56.txt
base_alpha_0.5/test8_femnist,FedProx,56,2,0.341924639305,2.97000092163,1.23948317184,2.47896634368,1.23948317184,2.47896634368,results/main_campaign_default_alpha_0_5/FedProx-results/test8_femnist/FEMNIST/FedProx__FEMNIST__Setup-10__Clients-10__Rounds-10__Delay-0_05__Partitioning-natural__Seed-56.txt
base_alpha_0.5/test8_femnist,FedProx,56,3,0.49661483868,2.16015018213,1.23948317184,3.71844951552,1.23948317184,3.71844951552,results/main_campaign_default_alpha_0_5/FedProx-results/test8_femnist/FEMNIST/FedProx__FEMNIST__Setup-10__Clients-10__Rounds-10__Delay-0_05__Partitioning-natural__Seed-56.txt
base_alpha_0.5/test8_femnist,FedProx,56,4,0.577438483448,1.6859370006,1.23948317184,4.95793268736,1.23948317184,4.95793268736,results/main_campaign_default_alpha_0_5/FedProx-results/test8_femnist/FEMNIST/FedProx__FEMNIST__Setup-10__Clients-10__Rounds-10__Delay-0_05__Partitioning-natural__Seed-56.txt
base_alpha_0.5/test8_femnist,FedProx,56,5,0.597095765046,1.54583800425,1.23948317184,6.1974158592,1.23948317184,6.1974158592,results/main_campaign_default_alpha_0_5/FedProx-results/test8_femnist/FEMNIST/FedProx__FEMNIST__Setup-10__Clients-10__Rounds-10__Delay-0_05__Partitioning-natural__Seed-56.txt
base_alpha_0.5/test8_femnist,FedProx,56,6,0.630293691927,1.36309177422,1.23948317184,7.43689903104,1.23948317184,7.43689903104,results/main_campaign_default_alpha_0_5/FedProx-results/test8_femnist/FEMNIST/FedProx__FEMNIST__Setup-10__Clients-10__Rounds-10__Delay-0_05__Partitioning-natural__Seed-56.txt
base_alpha_0.5/test8_femnist,FedProx,56,7,0.639445300462,1.31932993741,1.23948317184,8.67638220288,1.23948317184,8.67638220288,results/main_campaign_default_alpha_0_5/FedProx-results/test8_femnist/FEMNIST/FedProx__FEMNIST__Setup-10__Clients-10__Rounds-10__Delay-0_05__Partitioning-natural__Seed-56.txt
base_alpha_0.5/test8_femnist,FedProx,56,8,0.659662884624,1.23447219815,1.23948317184,9.91586537472,1.23948317184,9.91586537472,results/main_campaign_default_alpha_0_5/FedProx-results/test8_femnist/FEMNIST/FedProx__FEMNIST__Setup-10__Clients-10__Rounds-10__Delay-0_05__Partitioning-natural__Seed-56.txt
base_alpha_0.5/test8_femnist,FedProx,56,9,0.669748330765,1.21144925677,1.23948317184,11.1553485466,1.23948317184,11.1553485466,results/main_campaign_default_alpha_0_5/FedProx-results/test8_femnist/FEMNIST/FedProx__FEMNIST__Setup-10__Clients-10__Rounds-10__Delay-0_05__Partitioning-natural__Seed-56.txt
base_alpha_0.5/test8_femnist,FedProx,56,10,0.677405799132,1.18993593403,1.23948317184,12.3948317184,1.23948317184,12.3948317184,results/main_campaign_default_alpha_0_5/FedProx-results/test8_femnist/FEMNIST/FedProx__FEMNIST__Setup-10__Clients-10__Rounds-10__Delay-0_05__Partitioning-natural__Seed-56.txt
base_alpha_0.5/test8_femnist,FedProx,57,0,0.00395454545455,4.12679987058,0,0,0,0,results/main_campaign_default_alpha_0_5/FedProx-results/test8_femnist/FEMNIST/FedProx__FEMNIST__Setup-10__Clients-10__Rounds-10__Delay-0_05__Partitioning-natural__Seed-57.txt
base_alpha_0.5/test8_femnist,FedProx,57,1,0.167,3.93764464153,1.23948317184,1.23948317184,1.23948317184,1.23948317184,results/main_campaign_default_alpha_0_5/FedProx-results/test8_femnist/FEMNIST/FedProx__FEMNIST__Setup-10__Clients-10__Rounds-10__Delay-0_05__Partitioning-natural__Seed-57.txt
base_alpha_0.5/test8_femnist,FedProx,57,2,0.384045454545,3.07312575167,1.23948317184,2.47896634368,1.23948317184,2.47896634368,results/main_campaign_default_alpha_0_5/FedProx-results/test8_femnist/FEMNIST/FedProx__FEMNIST__Setup-10__Clients-10__Rounds-10__Delay-0_05__Partitioning-natural__Seed-57.txt
base_alpha_0.5/test8_femnist,FedProx,57,3,0.511318181818,2.17405814578,1.23948317184,3.71844951552,1.23948317184,3.71844951552,results/main_campaign_default_alpha_0_5/FedProx-results/test8_femnist/FEMNIST/FedProx__FEMNIST__Setup-10__Clients-10__Rounds-10__Delay-0_05__Partitioning-natural__Seed-57.txt
base_alpha_0.5/test8_femnist,FedProx,57,4,0.555227272727,1.7419357742,1.23948317184,4.95793268736,1.23948317184,4.95793268736,results/main_campaign_default_alpha_0_5/FedProx-results/test8_femnist/FEMNIST/FedProx__FEMNIST__Setup-10__Clients-10__Rounds-10__Delay-0_05__Partitioning-natural__Seed-57.txt
base_alpha_0.5/test8_femnist,FedProx,57,5,0.600863636364,1.5347969131,1.23948317184,6.1974158592,1.23948317184,6.1974158592,results/main_campaign_default_alpha_0_5/FedProx-results/test8_femnist/FEMNIST/FedProx__FEMNIST__Setup-10__Clients-10__Rounds-10__Delay-0_05__Partitioning-natural__Seed-57.txt
base_alpha_0.5/test8_femnist,FedProx,57,6,0.617181818182,1.42633764876,1.23948317184,7.43689903104,1.23948317184,7.43689903104,results/main_campaign_default_alpha_0_5/FedProx-results/test8_femnist/FEMNIST/FedProx__FEMNIST__Setup-10__Clients-10__Rounds-10__Delay-0_05__Partitioning-natural__Seed-57.txt
base_alpha_0.5/test8_femnist,FedProx,57,7,0.6345,1.34358301774,1.23948317184,8.67638220288,1.23948317184,8.67638220288,results/main_campaign_default_alpha_0_5/FedProx-results/test8_femnist/FEMNIST/FedProx__FEMNIST__Setup-10__Clients-10__Rounds-10__Delay-0_05__Partitioning-natural__Seed-57.txt
base_alpha_0.5/test8_femnist,FedProx,57,8,0.645727272727,1.29459710652,1.23948317184,9.91586537472,1.23948317184,9.91586537472,results/main_campaign_default_alpha_0_5/FedProx-results/test8_femnist/FEMNIST/FedProx__FEMNIST__Setup-10__Clients-10__Rounds-10__Delay-0_05__Partitioning-natural__Seed-57.txt
base_alpha_0.5/test8_femnist,FedProx,57,9,0.655954545455,1.24420470816,1.23948317184,11.1553485466,1.23948317184,11.1553485466,results/main_campaign_default_alpha_0_5/FedProx-results/test8_femnist/FEMNIST/FedProx__FEMNIST__Setup-10__Clients-10__Rounds-10__Delay-0_05__Partitioning-natural__Seed-57.txt
base_alpha_0.5/test8_femnist,FedProx,57,10,0.664909090909,1.22225546473,1.23948317184,12.3948317184,1.23948317184,12.3948317184,results/main_campaign_default_alpha_0_5/FedProx-results/test8_femnist/FEMNIST/FedProx__FEMNIST__Setup-10__Clients-10__Rounds-10__Delay-0_05__Partitioning-natural__Seed-57.txt
base_alpha_0.5/test8_femnist,FedProx,58,0,0.0164516283755,4.12996784442,0,0,0,0,results/main_campaign_default_alpha_0_5/FedProx-results/test8_femnist/FEMNIST/FedProx__FEMNIST__Setup-10__Clients-10__Rounds-10__Delay-0_05__Partitioning-natural__Seed-58.txt
base_alpha_0.5/test8_femnist,FedProx,58,1,0.178713607367,3.96522623337,1.23948317184,1.23948317184,1.23948317184,1.23948317184,results/main_campaign_default_alpha_0_5/FedProx-results/test8_femnist/FEMNIST/FedProx__FEMNIST__Setup-10__Clients-10__Rounds-10__Delay-0_05__Partitioning-natural__Seed-58.txt
base_alpha_0.5/test8_femnist,FedProx,58,2,0.386637248789,3.04968238532,1.23948317184,2.47896634368,1.23948317184,2.47896634368,results/main_campaign_default_alpha_0_5/FedProx-results/test8_femnist/FEMNIST/FedProx__FEMNIST__Setup-10__Clients-10__Rounds-10__Delay-0_05__Partitioning-natural__Seed-58.txt
base_alpha_0.5/test8_femnist,FedProx,58,3,0.501127152381,2.15862537891,1.23948317184,3.71844951552,1.23948317184,3.71844951552,results/main_campaign_default_alpha_0_5/FedProx-results/test8_femnist/FEMNIST/FedProx__FEMNIST__Setup-10__Clients-10__Rounds-10__Delay-0_05__Partitioning-natural__Seed-58.txt
base_alpha_0.5/test8_femnist,FedProx,58,4,0.590531919996,1.66497467876,1.23948317184,4.95793268736,1.23948317184,4.95793268736,results/main_campaign_default_alpha_0_5/FedProx-results/test8_femnist/FEMNIST/FedProx__FEMNIST__Setup-10__Clients-10__Rounds-10__Delay-0_05__Partitioning-natural__Seed-58.txt
base_alpha_0.5/test8_femnist,FedProx,58,5,0.619550098326,1.44335800036,1.23948317184,6.1974158592,1.23948317184,6.1974158592,results/main_campaign_default_alpha_0_5/FedProx-results/test8_femnist/FEMNIST/FedProx__FEMNIST__Setup-10__Clients-10__Rounds-10__Delay-0_05__Partitioning-natural__Seed-58.txt
base_alpha_0.5/test8_femnist,FedProx,58,6,0.634850592355,1.32866450401,1.23948317184,7.43689903104,1.23948317184,7.43689903104,results/main_campaign_default_alpha_0_5/FedProx-results/test8_femnist/FEMNIST/FedProx__FEMNIST__Setup-10__Clients-10__Rounds-10__Delay-0_05__Partitioning-natural__Seed-58.txt
base_alpha_0.5/test8_femnist,FedProx,58,7,0.647800853758,1.23940454487,1.23948317184,8.67638220288,1.23948317184,8.67638220288,results/main_campaign_default_alpha_0_5/FedProx-results/test8_femnist/FEMNIST/FedProx__FEMNIST__Setup-10__Clients-10__Rounds-10__Delay-0_05__Partitioning-natural__Seed-58.txt
base_alpha_0.5/test8_femnist,FedProx,58,8,0.668521272003,1.17757575226,1.23948317184,9.91586537472,1.23948317184,9.91586537472,results/main_campaign_default_alpha_0_5/FedProx-results/test8_femnist/FEMNIST/FedProx__FEMNIST__Setup-10__Clients-10__Rounds-10__Delay-0_05__Partitioning-natural__Seed-58.txt
base_alpha_0.5/test8_femnist,FedProx,58,9,0.678353877884,1.15072011251,1.23948317184,11.1553485466,1.23948317184,11.1553485466,results/main_campaign_default_alpha_0_5/FedProx-results/test8_femnist/FEMNIST/FedProx__FEMNIST__Setup-10__Clients-10__Rounds-10__Delay-0_05__Partitioning-natural__Seed-58.txt
base_alpha_0.5/test8_femnist,FedProx,58,10,0.684637152861,1.11866510699,1.23948317184,12.3948317184,1.23948317184,12.3948317184,results/main_campaign_default_alpha_0_5/FedProx-results/test8_femnist/FEMNIST/FedProx__FEMNIST__Setup-10__Clients-10__Rounds-10__Delay-0_05__Partitioning-natural__Seed-58.txt
base_alpha_0.5/test8_femnist,FedProx,59,0,0.0474392361111,4.11455771923,0,0,0,0,results/main_campaign_default_alpha_0_5/FedProx-results/test8_femnist/FEMNIST/FedProx__FEMNIST__Setup-10__Clients-10__Rounds-10__Delay-0_05__Partitioning-natural__Seed-59.txt
base_alpha_0.5/test8_femnist,FedProx,59,1,0.126779513889,3.93589787251,1.23948317184,1.23948317184,1.23948317184,1.23948317184,results/main_campaign_default_alpha_0_5/FedProx-results/test8_femnist/FEMNIST/FedProx__FEMNIST__Setup-10__Clients-10__Rounds-10__Delay-0_05__Partitioning-natural__Seed-59.txt
base_alpha_0.5/test8_femnist,FedProx,59,2,0.366493055556,3.04610780709,1.23948317184,2.47896634368,1.23948317184,2.47896634368,results/main_campaign_default_alpha_0_5/FedProx-results/test8_femnist/FEMNIST/FedProx__FEMNIST__Setup-10__Clients-10__Rounds-10__Delay-0_05__Partitioning-natural__Seed-59.txt
base_alpha_0.5/test8_femnist,FedProx,59,3,0.499045138889,2.18387048112,1.23948317184,3.71844951552,1.23948317184,3.71844951552,results/main_campaign_default_alpha_0_5/FedProx-results/test8_femnist/FEMNIST/FedProx__FEMNIST__Setup-10__Clients-10__Rounds-10__Delay-0_05__Partitioning-natural__Seed-59.txt
base_alpha_0.5/test8_femnist,FedProx,59,4,0.539626736111,1.80388280178,1.23948317184,4.95793268736,1.23948317184,4.95793268736,results/main_campaign_default_alpha_0_5/FedProx-results/test8_femnist/FEMNIST/FedProx__FEMNIST__Setup-10__Clients-10__Rounds-10__Delay-0_05__Partitioning-natural__Seed-59.txt
base_alpha_0.5/test8_femnist,FedProx,59,5,0.575737847222,1.61736450572,1.23948317184,6.1974158592,1.23948317184,6.1974158592,results/main_campaign_default_alpha_0_5/FedProx-results/test8_femnist/FEMNIST/FedProx__FEMNIST__Setup-10__Clients-10__Rounds-10__Delay-0_05__Partitioning-natural__Seed-59.txt
base_alpha_0.5/test8_femnist,FedProx,59,6,0.599305555556,1.4984170862,1.23948317184,7.43689903104,1.23948317184,7.43689903104,results/main_campaign_default_alpha_0_5/FedProx-results/test8_femnist/FEMNIST/FedProx__FEMNIST__Setup-10__Clients-10__Rounds-10__Delay-0_05__Partitioning-natural__Seed-59.txt
base_alpha_0.5/test8_femnist,FedProx,59,7,0.615104166667,1.41964229552,1.23948317184,8.67638220288,1.23948317184,8.67638220288,results/main_campaign_default_alpha_0_5/FedProx-results/test8_femnist/FEMNIST/FedProx__FEMNIST__Setup-10__Clients-10__Rounds-10__Delay-0_05__Partitioning-natural__Seed-59.txt
base_alpha_0.5/test8_femnist,FedProx,59,8,0.625607638889,1.37885761485,1.23948317184,9.91586537472,1.23948317184,9.91586537472,results/main_campaign_default_alpha_0_5/FedProx-results/test8_femnist/FEMNIST/FedProx__FEMNIST__Setup-10__Clients-10__Rounds-10__Delay-0_05__Partitioning-natural__Seed-59.txt
base_alpha_0.5/test8_femnist,FedProx,59,9,0.638715277778,1.33477476889,1.23948317184,11.1553485466,1.23948317184,11.1553485466,results/main_campaign_default_alpha_0_5/FedProx-results/test8_femnist/FEMNIST/FedProx__FEMNIST__Setup-10__Clients-10__Rounds-10__Delay-0_05__Partitioning-natural__Seed-59.txt
base_alpha_0.5/test8_femnist,FedProx,59,10,0.646006944444,1.3265591265,1.23948317184,12.3948317184,1.23948317184,12.3948317184,results/main_campaign_default_alpha_0_5/FedProx-results/test8_femnist/FEMNIST/FedProx__FEMNIST__Setup-10__Clients-10__Rounds-10__Delay-0_05__Partitioning-natural__Seed-59.txt
base_alpha_0.5/test8_femnist,FedProx,60,0,0.0154468220435,4.13543227539,0,0,0,0,results/main_campaign_default_alpha_0_5/FedProx-results/test8_femnist/FEMNIST/FedProx__FEMNIST__Setup-10__Clients-10__Rounds-10__Delay-0_05__Partitioning-natural__Seed-60.txt
base_alpha_0.5/test8_femnist,FedProx,60,1,0.1421107628,3.97682350318,1.23948317184,1.23948317184,1.23948317184,1.23948317184,results/main_campaign_default_alpha_0_5/FedProx-results/test8_femnist/FEMNIST/FedProx__FEMNIST__Setup-10__Clients-10__Rounds-10__Delay-0_05__Partitioning-natural__Seed-60.txt
base_alpha_0.5/test8_femnist,FedProx,60,2,0.341147608014,3.05057129318,1.23948317184,2.47896634368,1.23948317184,2.47896634368,results/main_campaign_default_alpha_0_5/FedProx-results/test8_femnist/FEMNIST/FedProx__FEMNIST__Setup-10__Clients-10__Rounds-10__Delay-0_05__Partitioning-natural__Seed-60.txt
base_alpha_0.5/test8_femnist,FedProx,60,3,0.466494025714,2.20237841282,1.23948317184,3.71844951552,1.23948317184,3.71844951552,results/main_campaign_default_alpha_0_5/FedProx-results/test8_femnist/FEMNIST/FedProx__FEMNIST__Setup-10__Clients-10__Rounds-10__Delay-0_05__Partitioning-natural__Seed-60.txt
base_alpha_0.5/test8_femnist,FedProx,60,4,0.555540411612,1.82057050934,1.23948317184,4.95793268736,1.23948317184,4.95793268736,results/main_campaign_default_alpha_0_5/FedProx-results/test8_femnist/FEMNIST/FedProx__FEMNIST__Setup-10__Clients-10__Rounds-10__Delay-0_05__Partitioning-natural__Seed-60.txt
base_alpha_0.5/test8_femnist,FedProx,60,5,0.589114533642,1.58733000097,1.23948317184,6.1974158592,1.23948317184,6.1974158592,results/main_campaign_default_alpha_0_5/FedProx-results/test8_femnist/FEMNIST/FedProx__FEMNIST__Setup-10__Clients-10__Rounds-10__Delay-0_05__Partitioning-natural__Seed-60.txt
base_alpha_0.5/test8_femnist,FedProx,60,6,0.60910453864,1.46470571624,1.23948317184,7.43689903104,1.23948317184,7.43689903104,results/main_campaign_default_alpha_0_5/FedProx-results/test8_femnist/FEMNIST/FedProx__FEMNIST__Setup-10__Clients-10__Rounds-10__Delay-0_05__Partitioning-natural__Seed-60.txt
base_alpha_0.5/test8_femnist,FedProx,60,7,0.631275271455,1.40009683923,1.23948317184,8.67638220288,1.23948317184,8.67638220288,results/main_campaign_default_alpha_0_5/FedProx-results/test8_femnist/FEMNIST/FedProx__FEMNIST__Setup-10__Clients-10__Rounds-10__Delay-0_05__Partitioning-natural__Seed-60.txt
base_alpha_0.5/test8_femnist,FedProx,60,8,0.644904820317,1.32351111691,1.23948317184,9.91586537472,1.23948317184,9.91586537472,results/main_campaign_default_alpha_0_5/FedProx-results/test8_femnist/FEMNIST/FedProx__FEMNIST__Setup-10__Clients-10__Rounds-10__Delay-0_05__Partitioning-natural__Seed-60.txt
base_alpha_0.5/test8_femnist,FedProx,60,9,0.653673163418,1.29034216883,1.23948317184,11.1553485466,1.23948317184,11.1553485466,results/main_campaign_default_alpha_0_5/FedProx-results/test8_femnist/FEMNIST/FedProx__FEMNIST__Setup-10__Clients-10__Rounds-10__Delay-0_05__Partitioning-natural__Seed-60.txt
base_alpha_0.5/test8_femnist,FedProx,60,10,0.658988687474,1.30368791053,1.23948317184,12.3948317184,1.23948317184,12.3948317184,results/main_campaign_default_alpha_0_5/FedProx-results/test8_femnist/FEMNIST/FedProx__FEMNIST__Setup-10__Clients-10__Rounds-10__Delay-0_05__Partitioning-natural__Seed-60.txt
base_alpha_0.5/test8_femnist,FedProx,61,0,0.015659559409,4.13525774339,0,0,0,0,results/main_campaign_default_alpha_0_5/FedProx-results/test8_femnist/FEMNIST/FedProx__FEMNIST__Setup-10__Clients-10__Rounds-10__Delay-0_05__Partitioning-natural__Seed-61.txt
base_alpha_0.5/test8_femnist,FedProx,61,1,0.105856852163,3.9908496875,1.23948317184,1.23948317184,1.23948317184,1.23948317184,results/main_campaign_default_alpha_0_5/FedProx-results/test8_femnist/FEMNIST/FedProx__FEMNIST__Setup-10__Clients-10__Rounds-10__Delay-0_05__Partitioning-natural__Seed-61.txt
base_alpha_0.5/test8_femnist,FedProx,61,2,0.395956825622,3.07953262694,1.23948317184,2.47896634368,1.23948317184,2.47896634368,results/main_campaign_default_alpha_0_5/FedProx-results/test8_femnist/FEMNIST/FedProx__FEMNIST__Setup-10__Clients-10__Rounds-10__Delay-0_05__Partitioning-natural__Seed-61.txt
base_alpha_0.5/test8_femnist,FedProx,61,3,0.479739892064,2.15007907967,1.23948317184,3.71844951552,1.23948317184,3.71844951552,results/main_campaign_default_alpha_0_5/FedProx-results/test8_femnist/FEMNIST/FedProx__FEMNIST__Setup-10__Clients-10__Rounds-10__Delay-0_05__Partitioning-natural__Seed-61.txt
base_alpha_0.5/test8_femnist,FedProx,61,4,0.54087410422,1.777959953,1.23948317184,4.95793268736,1.23948317184,4.95793268736,results/main_campaign_default_alpha_0_5/FedProx-results/test8_femnist/FEMNIST/FedProx__FEMNIST__Setup-10__Clients-10__Rounds-10__Delay-0_05__Partitioning-natural__Seed-61.txt
base_alpha_0.5/test8_femnist,FedProx,61,5,0.566840661771,1.59642086997,1.23948317184,6.1974158592,1.23948317184,6.1974158592,results/main_campaign_default_alpha_0_5/FedProx-results/test8_femnist/FEMNIST/FedProx__FEMNIST__Setup-10__Clients-10__Rounds-10__Delay-0_05__Partitioning-natural__Seed-61.txt
base_alpha_0.5/test8_femnist,FedProx,61,6,0.592895691409,1.49346168503,1.23948317184,7.43689903104,1.23948317184,7.43689903104,results/main_campaign_default_alpha_0_5/FedProx-results/test8_femnist/FEMNIST/FedProx__FEMNIST__Setup-10__Clients-10__Rounds-10__Delay-0_05__Partitioning-natural__Seed-61.txt
base_alpha_0.5/test8_femnist,FedProx,61,7,0.610988233212,1.41555672085,1.23948317184,8.67638220288,1.23948317184,8.67638220288,results/main_campaign_default_alpha_0_5/FedProx-results/test8_femnist/FEMNIST/FedProx__FEMNIST__Setup-10__Clients-10__Rounds-10__Delay-0_05__Partitioning-natural__Seed-61.txt
base_alpha_0.5/test8_femnist,FedProx,61,8,0.617535167655,1.40853886289,1.23948317184,9.91586537472,1.23948317184,9.91586537472,results/main_campaign_default_alpha_0_5/FedProx-results/test8_femnist/FEMNIST/FedProx__FEMNIST__Setup-10__Clients-10__Rounds-10__Delay-0_05__Partitioning-natural__Seed-61.txt
base_alpha_0.5/test8_femnist,FedProx,61,9,0.634212156065,1.34044947196,1.23948317184,11.1553485466,1.23948317184,11.1553485466,results/main_campaign_default_alpha_0_5/FedProx-results/test8_femnist/FEMNIST/FedProx__FEMNIST__Setup-10__Clients-10__Rounds-10__Delay-0_05__Partitioning-natural__Seed-61.txt
base_alpha_0.5/test8_femnist,FedProx,61,10,0.633814031673,1.38392948134,1.23948317184,12.3948317184,1.23948317184,12.3948317184,results/main_campaign_default_alpha_0_5/FedProx-results/test8_femnist/FEMNIST/FedProx__FEMNIST__Setup-10__Clients-10__Rounds-10__Delay-0_05__Partitioning-natural__Seed-61.txt
base_alpha_0.5/test8_femnist,FedProx,62,0,0.052802200501,4.11524593758,0,0,0,0,results/main_campaign_default_alpha_0_5/FedProx-results/test8_femnist/FEMNIST/FedProx__FEMNIST__Setup-10__Clients-10__Rounds-10__Delay-0_05__Partitioning-natural__Seed-62.txt
base_alpha_0.5/test8_femnist,FedProx,62,1,0.135124514957,3.93729935951,1.23948317184,1.23948317184,1.23948317184,1.23948317184,results/main_campaign_default_alpha_0_5/FedProx-results/test8_femnist/FEMNIST/FedProx__FEMNIST__Setup-10__Clients-10__Rounds-10__Delay-0_05__Partitioning-natural__Seed-62.txt
base_alpha_0.5/test8_femnist,FedProx,62,2,0.328847192888,3.23366259164,1.23948317184,2.47896634368,1.23948317184,2.47896634368,results/main_campaign_default_alpha_0_5/FedProx-results/test8_femnist/FEMNIST/FedProx__FEMNIST__Setup-10__Clients-10__Rounds-10__Delay-0_05__Partitioning-natural__Seed-62.txt
base_alpha_0.5/test8_femnist,FedProx,62,3,0.489365882411,2.33028975094,1.23948317184,3.71844951552,1.23948317184,3.71844951552,results/main_campaign_default_alpha_0_5/FedProx-results/test8_femnist/FEMNIST/FedProx__FEMNIST__Setup-10__Clients-10__Rounds-10__Delay-0_05__Partitioning-natural__Seed-62.txt
base_alpha_0.5/test8_femnist,FedProx,62,4,0.542511911194,1.82273377506,1.23948317184,4.95793268736,1.23948317184,4.95793268736,results/main_campaign_default_alpha_0_5/FedProx-results/test8_femnist/FEMNIST/FedProx__FEMNIST__Setup-10__Clients-10__Rounds-10__Delay-0_05__Partitioning-natural__Seed-62.txt
base_alpha_0.5/test8_femnist,FedProx,62,5,0.569723463824,1.61675088073,1.23948317184,6.1974158592,1.23948317184,6.1974158592,results/main_campaign_default_alpha_0_5/FedProx-results/test8_femnist/FEMNIST/FedProx__FEMNIST__Setup-10__Clients-10__Rounds-10__Delay-0_05__Partitioning-natural__Seed-62.txt
base_alpha_0.5/test8_femnist,FedProx,62,6,0.59575617663,1.49953786721,1.23948317184,7.43689903104,1.23948317184,7.43689903104,results/main_campaign_default_alpha_0_5/FedProx-results/test8_femnist/FEMNIST/FedProx__FEMNIST__Setup-10__Clients-10__Rounds-10__Delay-0_05__Partitioning-natural__Seed-62.txt
base_alpha_0.5/test8_femnist,FedProx,62,7,0.611572277617,1.43168665174,1.23948317184,8.67638220288,1.23948317184,8.67638220288,results/main_campaign_default_alpha_0_5/FedProx-results/test8_femnist/FEMNIST/FedProx__FEMNIST__Setup-10__Clients-10__Rounds-10__Delay-0_05__Partitioning-natural__Seed-62.txt
base_alpha_0.5/test8_femnist,FedProx,62,8,0.628861928385,1.355183397,1.23948317184,9.91586537472,1.23948317184,9.91586537472,results/main_campaign_default_alpha_0_5/FedProx-results/test8_femnist/FEMNIST/FedProx__FEMNIST__Setup-10__Clients-10__Rounds-10__Delay-0_05__Partitioning-natural__Seed-62.txt
base_alpha_0.5/test8_femnist,FedProx,62,9,0.641337983202,1.31316496212,1.23948317184,11.1553485466,1.23948317184,11.1553485466,results/main_campaign_default_alpha_0_5/FedProx-results/test8_femnist/FEMNIST/FedProx__FEMNIST__Setup-10__Clients-10__Rounds-10__Delay-0_05__Partitioning-natural__Seed-62.txt
base_alpha_0.5/test8_femnist,FedProx,62,10,0.637555872096,1.32391404306,1.23948317184,12.3948317184,1.23948317184,12.3948317184,results/main_campaign_default_alpha_0_5/FedProx-results/test8_femnist/FEMNIST/FedProx__FEMNIST__Setup-10__Clients-10__Rounds-10__Delay-0_05__Partitioning-natural__Seed-62.txt
base_alpha_0.5/test8_femnist,FedProx,63,0,0.00433771576782,4.13752218829,0,0,0,0,results/main_campaign_default_alpha_0_5/FedProx-results/test8_femnist/FEMNIST/FedProx__FEMNIST__Setup-10__Clients-10__Rounds-10__Delay-0_05__Partitioning-natural__Seed-63.txt
base_alpha_0.5/test8_femnist,FedProx,63,1,0.0630533941508,3.93016553529,1.23948317184,1.23948317184,1.23948317184,1.23948317184,results/main_campaign_default_alpha_0_5/FedProx-results/test8_femnist/FEMNIST/FedProx__FEMNIST__Setup-10__Clients-10__Rounds-10__Delay-0_05__Partitioning-natural__Seed-63.txt
base_alpha_0.5/test8_femnist,FedProx,63,2,0.373535461944,3.05570942664,1.23948317184,2.47896634368,1.23948317184,2.47896634368,results/main_campaign_default_alpha_0_5/FedProx-results/test8_femnist/FEMNIST/FedProx__FEMNIST__Setup-10__Clients-10__Rounds-10__Delay-0_05__Partitioning-natural__Seed-63.txt
base_alpha_0.5/test8_femnist,FedProx,63,3,0.490877381272,2.19459743546,1.23948317184,3.71844951552,1.23948317184,3.71844951552,results/main_campaign_default_alpha_0_5/FedProx-results/test8_femnist/FEMNIST/FedProx__FEMNIST__Setup-10__Clients-10__Rounds-10__Delay-0_05__Partitioning-natural__Seed-63.txt
base_alpha_0.5/test8_femnist,FedProx,63,4,0.539844378857,1.82168226199,1.23948317184,4.95793268736,1.23948317184,4.95793268736,results/main_campaign_default_alpha_0_5/FedProx-results/test8_femnist/FEMNIST/FedProx__FEMNIST__Setup-10__Clients-10__Rounds-10__Delay-0_05__Partitioning-natural__Seed-63.txt
base_alpha_0.5/test8_femnist,FedProx,63,5,0.577408103032,1.60886774604,1.23948317184,6.1974158592,1.23948317184,6.1974158592,results/main_campaign_default_alpha_0_5/FedProx-results/test8_femnist/FEMNIST/FedProx__FEMNIST__Setup-10__Clients-10__Rounds-10__Delay-0_05__Partitioning-natural__Seed-63.txt
base_alpha_0.5/test8_femnist,FedProx,63,6,0.601600930149,1.48547617978,1.23948317184,7.43689903104,1.23948317184,7.43689903104,results/main_campaign_default_alpha_0_5/FedProx-results/test8_femnist/FEMNIST/FedProx__FEMNIST__Setup-10__Clients-10__Rounds-10__Delay-0_05__Partitioning-natural__Seed-63.txt
base_alpha_0.5/test8_femnist,FedProx,63,7,0.618281012432,1.40571839599,1.23948317184,8.67638220288,1.23948317184,8.67638220288,results/main_campaign_default_alpha_0_5/FedProx-results/test8_femnist/FEMNIST/FedProx__FEMNIST__Setup-10__Clients-10__Rounds-10__Delay-0_05__Partitioning-natural__Seed-63.txt
base_alpha_0.5/test8_femnist,FedProx,63,8,0.634290313925,1.34534087874,1.23948317184,9.91586537472,1.23948317184,9.91586537472,results/main_campaign_default_alpha_0_5/FedProx-results/test8_femnist/FEMNIST/FedProx__FEMNIST__Setup-10__Clients-10__Rounds-10__Delay-0_05__Partitioning-natural__Seed-63.txt
base_alpha_0.5/test8_femnist,FedProx,63,9,0.645738306055,1.320765154,1.23948317184,11.1553485466,1.23948317184,11.1553485466,results/main_campaign_default_alpha_0_5/FedProx-results/test8_femnist/FEMNIST/FedProx__FEMNIST__Setup-10__Clients-10__Rounds-10__Delay-0_05__Partitioning-natural__Seed-63.txt
base_alpha_0.5/test8_femnist,FedProx,63,10,0.65325105089,1.28979588432,1.23948317184,12.3948317184,1.23948317184,12.3948317184,results/main_campaign_default_alpha_0_5/FedProx-results/test8_femnist/FEMNIST/FedProx__FEMNIST__Setup-10__Clients-10__Rounds-10__Delay-0_05__Partitioning-natural__Seed-63.txt
base_alpha_0.5/test8_femnist,FedProx,64,0,0.0164022346369,4.12801937357,0,0,0,0,results/main_campaign_default_alpha_0_5/FedProx-results/test8_femnist/FEMNIST/FedProx__FEMNIST__Setup-10__Clients-10__Rounds-10__Delay-0_05__Partitioning-natural__Seed-64.txt
base_alpha_0.5/test8_femnist,FedProx,64,1,0.0919329608939,3.97244931236,1.23948317184,1.23948317184,1.23948317184,1.23948317184,results/main_campaign_default_alpha_0_5/FedProx-results/test8_femnist/FEMNIST/FedProx__FEMNIST__Setup-10__Clients-10__Rounds-10__Delay-0_05__Partitioning-natural__Seed-64.txt
base_alpha_0.5/test8_femnist,FedProx,64,2,0.369698324022,3.0767371891,1.23948317184,2.47896634368,1.23948317184,2.47896634368,results/main_campaign_default_alpha_0_5/FedProx-results/test8_femnist/FEMNIST/FedProx__FEMNIST__Setup-10__Clients-10__Rounds-10__Delay-0_05__Partitioning-natural__Seed-64.txt
base_alpha_0.5/test8_femnist,FedProx,64,3,0.502927374302,2.21591594157,1.23948317184,3.71844951552,1.23948317184,3.71844951552,results/main_campaign_default_alpha_0_5/FedProx-results/test8_femnist/FEMNIST/FedProx__FEMNIST__Setup-10__Clients-10__Rounds-10__Delay-0_05__Partitioning-natural__Seed-64.txt
base_alpha_0.5/test8_femnist,FedProx,64,4,0.572156424581,1.72757001405,1.23948317184,4.95793268736,1.23948317184,4.95793268736,results/main_campaign_default_alpha_0_5/FedProx-results/test8_femnist/FEMNIST/FedProx__FEMNIST__Setup-10__Clients-10__Rounds-10__Delay-0_05__Partitioning-natural__Seed-64.txt
base_alpha_0.5/test8_femnist,FedProx,64,5,0.604737430168,1.52221197472,1.23948317184,6.1974158592,1.23948317184,6.1974158592,results/main_campaign_default_alpha_0_5/FedProx-results/test8_femnist/FEMNIST/FedProx__FEMNIST__Setup-10__Clients-10__Rounds-10__Delay-0_05__Partitioning-natural__Seed-64.txt
base_alpha_0.5/test8_femnist,FedProx,64,6,0.620067039106,1.43082535278,1.23948317184,7.43689903104,1.23948317184,7.43689903104,results/main_campaign_default_alpha_0_5/FedProx-results/test8_femnist/FEMNIST/FedProx__FEMNIST__Setup-10__Clients-10__Rounds-10__Delay-0_05__Partitioning-natural__Seed-64.txt
base_alpha_0.5/test8_femnist,FedProx,64,7,0.640268156425,1.35395072937,1.23948317184,8.67638220288,1.23948317184,8.67638220288,results/main_campaign_default_alpha_0_5/FedProx-results/test8_femnist/FEMNIST/FedProx__FEMNIST__Setup-10__Clients-10__Rounds-10__Delay-0_05__Partitioning-natural__Seed-64.txt
base_alpha_0.5/test8_femnist,FedProx,64,8,0.648938547486,1.29872797563,1.23948317184,9.91586537472,1.23948317184,9.91586537472,results/main_campaign_default_alpha_0_5/FedProx-results/test8_femnist/FEMNIST/FedProx__FEMNIST__Setup-10__Clients-10__Rounds-10__Delay-0_05__Partitioning-natural__Seed-64.txt
base_alpha_0.5/test8_femnist,FedProx,64,9,0.654882681564,1.30950581252,1.23948317184,11.1553485466,1.23948317184,11.1553485466,results/main_campaign_default_alpha_0_5/FedProx-results/test8_femnist/FEMNIST/FedProx__FEMNIST__Setup-10__Clients-10__Rounds-10__Delay-0_05__Partitioning-natural__Seed-64.txt
base_alpha_0.5/test8_femnist,FedProx,64,10,0.661988826816,1.25958359354,1.23948317184,12.3948317184,1.23948317184,12.3948317184,results/main_campaign_default_alpha_0_5/FedProx-results/test8_femnist/FEMNIST/FedProx__FEMNIST__Setup-10__Clients-10__Rounds-10__Delay-0_05__Partitioning-natural__Seed-64.txt
base_alpha_0.5/test8_femnist,FedProx,65,0,0.00369218004563,4.12513313034,0,0,0,0,results/main_campaign_default_alpha_0_5/FedProx-results/test8_femnist/FEMNIST/FedProx__FEMNIST__Setup-10__Clients-10__Rounds-10__Delay-0_05__Partitioning-natural__Seed-65.txt
base_alpha_0.5/test8_femnist,FedProx,65,1,0.1588467123,3.96301731,1.23948317184,1.23948317184,1.23948317184,1.23948317184,results/main_campaign_default_alpha_0_5/FedProx-results/test8_femnist/FEMNIST/FedProx__FEMNIST__Setup-10__Clients-10__Rounds-10__Delay-0_05__Partitioning-natural__Seed-65.txt
base_alpha_0.5/test8_femnist,FedProx,65,2,0.359468989836,3.05704799377,1.23948317184,2.47896634368,1.23948317184,2.47896634368,results/main_campaign_default_alpha_0_5/FedProx-results/test8_femnist/FEMNIST/FedProx__FEMNIST__Setup-10__Clients-10__Rounds-10__Delay-0_05__Partitioning-natural__Seed-65.txt
base_alpha_0.5/test8_femnist,FedProx,65,3,0.486496577474,2.1741235285,1.23948317184,3.71844951552,1.23948317184,3.71844951552,results/main_campaign_default_alpha_0_5/FedProx-results/test8_femnist/FEMNIST/FedProx__FEMNIST__Setup-10__Clients-10__Rounds-10__Delay-0_05__Partitioning-natural__Seed-65.txt
base_alpha_0.5/test8_femnist,FedProx,65,4,0.557062850031,1.75455897729,1.23948317184,4.95793268736,1.23948317184,4.95793268736,results/main_campaign_default_alpha_0_5/FedProx-results/test8_femnist/FEMNIST/FedProx__FEMNIST__Setup-10__Clients-10__Rounds-10__Delay-0_05__Partitioning-natural__Seed-65.txt
base_alpha_0.5/test8_femnist,FedProx,65,5,0.585521676001,1.57650567777,1.23948317184,6.1974158592,1.23948317184,6.1974158592,results/main_campaign_default_alpha_0_5/FedProx-results/test8_femnist/FEMNIST/FedProx__FEMNIST__Setup-10__Clients-10__Rounds-10__Delay-0_05__Partitioning-natural__Seed-65.txt
base_alpha_0.5/test8_femnist,FedProx,65,6,0.617174859988,1.4346561281,1.23948317184,7.43689903104,1.23948317184,7.43689903104,results/main_campaign_default_alpha_0_5/FedProx-results/test8_femnist/FEMNIST/FedProx__FEMNIST__Setup-10__Clients-10__Rounds-10__Delay-0_05__Partitioning-natural__Seed-65.txt
base_alpha_0.5/test8_femnist,FedProx,65,7,0.633312590749,1.38206171751,1.23948317184,8.67638220288,1.23948317184,8.67638220288,results/main_campaign_default_alpha_0_5/FedProx-results/test8_femnist/FEMNIST/FedProx__FEMNIST__Setup-10__Clients-10__Rounds-10__Delay-0_05__Partitioning-natural__Seed-65.txt
base_alpha_0.5/test8_femnist,FedProx,65,8,0.645592200788,1.32391036239,1.23948317184,9.91586537472,1.23948317184,9.91586537472,results/main_campaign_default_alpha_0_5/FedProx-results/test8_femnist/FEMNIST/FedProx__FEMNIST__Setup-10__Clients-10__Rounds-10__Delay-0_05__Partitioning-natural__Seed-65.txt
base_alpha_0.5/test8_femnist,FedProx,65,9,0.660485376478,1.27558794927,1.23948317184,11.1553485466,1.23948317184,11.1553485466,results/main_campaign_default_alpha_0_5/FedProx-results/test8_femnist/FEMNIST/FedProx__FEMNIST__Setup-10__Clients-10__Rounds-10__Delay-0_05__Partitioning-natural__Seed-65.txt
base_alpha_0.5/test8_femnist,FedProx,65,10,0.668201617922,1.24952849461,1.23948317184,12.3948317184,1.23948317184,12.3948317184,results/main_campaign_default_alpha_0_5/FedProx-results/test8_femnist/FEMNIST/FedProx__FEMNIST__Setup-10__Clients-10__Rounds-10__Delay-0_05__Partitioning-natural__Seed-65.txt
base_alpha_0.5/test8_femnist,FedProx,66,0,0.00392651801991,4.12679457946,0,0,0,0,results/main_campaign_default_alpha_0_5/FedProx-results/test8_femnist/FEMNIST/FedProx__FEMNIST__Setup-10__Clients-10__Rounds-10__Delay-0_05__Partitioning-natural__Seed-66.txt
base_alpha_0.5/test8_femnist,FedProx,66,1,0.172533071565,3.949857974,1.23948317184,1.23948317184,1.23948317184,1.23948317184,results/main_campaign_default_alpha_0_5/FedProx-results/test8_femnist/FEMNIST/FedProx__FEMNIST__Setup-10__Clients-10__Rounds-10__Delay-0_05__Partitioning-natural__Seed-66.txt
base_alpha_0.5/test8_femnist,FedProx,66,2,0.327396812041,2.8477851876,1.23948317184,2.47896634368,1.23948317184,2.47896634368,results/main_campaign_default_alpha_0_5/FedProx-results/test8_femnist/FEMNIST/FedProx__FEMNIST__Setup-10__Clients-10__Rounds-10__Delay-0_05__Partitioning-natural__Seed-66.txt
base_alpha_0.5/test8_femnist,FedProx,66,3,0.464731454214,2.15100513508,1.23948317184,3.71844951552,1.23948317184,3.71844951552,results/main_campaign_default_alpha_0_5/FedProx-results/test8_femnist/FEMNIST/FedProx__FEMNIST__Setup-10__Clients-10__Rounds-10__Delay-0_05__Partitioning-natural__Seed-66.txt
base_alpha_0.5/test8_femnist,FedProx,66,4,0.535549011359,1.75552450286,1.23948317184,4.95793268736,1.23948317184,4.95793268736,results/main_campaign_default_alpha_0_5/FedProx-results/test8_femnist/FEMNIST/FedProx__FEMNIST__Setup-10__Clients-10__Rounds-10__Delay-0_05__Partitioning-natural__Seed-66.txt
base_alpha_0.5/test8_femnist,FedProx,66,5,0.581872575141,1.57586144761,1.23948317184,6.1974158592,1.23948317184,6.1974158592,results/main_campaign_default_alpha_0_5/FedProx-results/test8_femnist/FEMNIST/FedProx__FEMNIST__Setup-10__Clients-10__Rounds-10__Delay-0_05__Partitioning-natural__Seed-66.txt
base_alpha_0.5/test8_femnist,FedProx,66,6,0.611181227504,1.45127201285,1.23948317184,7.43689903104,1.23948317184,7.43689903104,results/main_campaign_default_alpha_0_5/FedProx-results/test8_femnist/FEMNIST/FedProx__FEMNIST__Setup-10__Clients-10__Rounds-10__Delay-0_05__Partitioning-natural__Seed-66.txt
base_alpha_0.5/test8_femnist,FedProx,66,7,0.639928948722,1.34426214754,1.23948317184,8.67638220288,1.23948317184,8.67638220288,results/main_campaign_default_alpha_0_5/FedProx-results/test8_femnist/FEMNIST/FedProx__FEMNIST__Setup-10__Clients-10__Rounds-10__Delay-0_05__Partitioning-natural__Seed-66.txt
base_alpha_0.5/test8_femnist,FedProx,66,8,0.64011592577,1.32748805795,1.23948317184,9.91586537472,1.23948317184,9.91586537472,results/main_campaign_default_alpha_0_5/FedProx-results/test8_femnist/FEMNIST/FedProx__FEMNIST__Setup-10__Clients-10__Rounds-10__Delay-0_05__Partitioning-natural__Seed-66.txt
base_alpha_0.5/test8_femnist,FedProx,66,9,0.659374561773,1.26731531348,1.23948317184,11.1553485466,1.23948317184,11.1553485466,results/main_campaign_default_alpha_0_5/FedProx-results/test8_femnist/FEMNIST/FedProx__FEMNIST__Setup-10__Clients-10__Rounds-10__Delay-0_05__Partitioning-natural__Seed-66.txt
base_alpha_0.5/test8_femnist,FedProx,66,10,0.669097368298,1.20329575651,1.23948317184,12.3948317184,1.23948317184,12.3948317184,results/main_campaign_default_alpha_0_5/FedProx-results/test8_femnist/FEMNIST/FedProx__FEMNIST__Setup-10__Clients-10__Rounds-10__Delay-0_05__Partitioning-natural__Seed-66.txt
base_alpha_0.5/test8_femnist,FedProx,67,0,0.00635888501742,4.12738456028,0,0,0,0,results/main_campaign_default_alpha_0_5/FedProx-results/test8_femnist/FEMNIST/FedProx__FEMNIST__Setup-10__Clients-10__Rounds-10__Delay-0_05__Partitioning-natural__Seed-67.txt
base_alpha_0.5/test8_femnist,FedProx,67,1,0.177787456446,3.91613368523,1.23948317184,1.23948317184,1.23948317184,1.23948317184,results/main_campaign_default_alpha_0_5/FedProx-results/test8_femnist/FEMNIST/FedProx__FEMNIST__Setup-10__Clients-10__Rounds-10__Delay-0_05__Partitioning-natural__Seed-67.txt
base_alpha_0.5/test8_femnist,FedProx,67,2,0.40243902439,2.9320665426,1.23948317184,2.47896634368,1.23948317184,2.47896634368,results/main_campaign_default_alpha_0_5/FedProx-results/test8_femnist/FEMNIST/FedProx__FEMNIST__Setup-10__Clients-10__Rounds-10__Delay-0_05__Partitioning-natural__Seed-67.txt
base_alpha_0.5/test8_femnist,FedProx,67,3,0.523257839721,2.09632085408,1.23948317184,3.71844951552,1.23948317184,3.71844951552,results/main_campaign_default_alpha_0_5/FedProx-results/test8_femnist/FEMNIST/FedProx__FEMNIST__Setup-10__Clients-10__Rounds-10__Delay-0_05__Partitioning-natural__Seed-67.txt
base_alpha_0.5/test8_femnist,FedProx,67,4,0.580139372822,1.6593874879,1.23948317184,4.95793268736,1.23948317184,4.95793268736,results/main_campaign_default_alpha_0_5/FedProx-results/test8_femnist/FEMNIST/FedProx__FEMNIST__Setup-10__Clients-10__Rounds-10__Delay-0_05__Partitioning-natural__Seed-67.txt
base_alpha_0.5/test8_femnist,FedProx,67,5,0.60487804878,1.4998901508,1.23948317184,6.1974158592,1.23948317184,6.1974158592,results/main_campaign_default_alpha_0_5/FedProx-results/test8_femnist/FEMNIST/FedProx__FEMNIST__Setup-10__Clients-10__Rounds-10__Delay-0_05__Partitioning-natural__Seed-67.txt
base_alpha_0.5/test8_femnist,FedProx,67,6,0.624608013937,1.40113945647,1.23948317184,7.43689903104,1.23948317184,7.43689903104,results/main_campaign_default_alpha_0_5/FedProx-results/test8_femnist/FEMNIST/FedProx__FEMNIST__Setup-10__Clients-10__Rounds-10__Delay-0_05__Partitioning-natural__Seed-67.txt
base_alpha_0.5/test8_femnist,FedProx,67,7,0.637848432056,1.34973667648,1.23948317184,8.67638220288,1.23948317184,8.67638220288,results/main_campaign_default_alpha_0_5/FedProx-results/test8_femnist/FEMNIST/FedProx__FEMNIST__Setup-10__Clients-10__Rounds-10__Delay-0_05__Partitioning-natural__Seed-67.txt
base_alpha_0.5/test8_femnist,FedProx,67,8,0.648954703833,1.30169698224,1.23948317184,9.91586537472,1.23948317184,9.91586537472,results/main_campaign_default_alpha_0_5/FedProx-results/test8_femnist/FEMNIST/FedProx__FEMNIST__Setup-10__Clients-10__Rounds-10__Delay-0_05__Partitioning-natural__Seed-67.txt
base_alpha_0.5/test8_femnist,FedProx,67,9,0.655270034843,1.28634309916,1.23948317184,11.1553485466,1.23948317184,11.1553485466,results/main_campaign_default_alpha_0_5/FedProx-results/test8_femnist/FEMNIST/FedProx__FEMNIST__Setup-10__Clients-10__Rounds-10__Delay-0_05__Partitioning-natural__Seed-67.txt
base_alpha_0.5/test8_femnist,FedProx,67,10,0.666202090592,1.26907527085,1.23948317184,12.3948317184,1.23948317184,12.3948317184,results/main_campaign_default_alpha_0_5/FedProx-results/test8_femnist/FEMNIST/FedProx__FEMNIST__Setup-10__Clients-10__Rounds-10__Delay-0_05__Partitioning-natural__Seed-67.txt
base_alpha_0.5/test8_femnist,FedProx,68,0,0.0036507864966,4.12951840152,0,0,0,0,results/main_campaign_default_alpha_0_5/FedProx-results/test8_femnist/FEMNIST/FedProx__FEMNIST__Setup-10__Clients-10__Rounds-10__Delay-0_05__Partitioning-natural__Seed-68.txt
base_alpha_0.5/test8_femnist,FedProx,68,1,0.134538243115,3.96568609021,1.23948317184,1.23948317184,1.23948317184,1.23948317184,results/main_campaign_default_alpha_0_5/FedProx-results/test8_femnist/FEMNIST/FedProx__FEMNIST__Setup-10__Clients-10__Rounds-10__Delay-0_05__Partitioning-natural__Seed-68.txt
base_alpha_0.5/test8_femnist,FedProx,68,2,0.36836886465,3.10775245985,1.23948317184,2.47896634368,1.23948317184,2.47896634368,results/main_campaign_default_alpha_0_5/FedProx-results/test8_femnist/FEMNIST/FedProx__FEMNIST__Setup-10__Clients-10__Rounds-10__Delay-0_05__Partitioning-natural__Seed-68.txt
base_alpha_0.5/test8_femnist,FedProx,68,3,0.458151169604,2.29520771774,1.23948317184,3.71844951552,1.23948317184,3.71844951552,results/main_campaign_default_alpha_0_5/FedProx-results/test8_femnist/FEMNIST/FedProx__FEMNIST__Setup-10__Clients-10__Rounds-10__Delay-0_05__Partitioning-natural__Seed-68.txt
base_alpha_0.5/test8_femnist,FedProx,68,4,0.52647946996,1.85547999915,1.23948317184,4.95793268736,1.23948317184,4.95793268736,results/main_campaign_default_alpha_0_5/FedProx-results/test8_femnist/FEMNIST/FedProx__FEMNIST__Setup-10__Clients-10__Rounds-10__Delay-0_05__Partitioning-natural__Seed-68.txt
base_alpha_0.5/test8_femnist,FedProx,68,5,0.575336909001,1.61989876428,1.23948317184,6.1974158592,1.23948317184,6.1974158592,results/main_campaign_default_alpha_0_5/FedProx-results/test8_femnist/FEMNIST/FedProx__FEMNIST__Setup-10__Clients-10__Rounds-10__Delay-0_05__Partitioning-natural__Seed-68.txt
base_alpha_0.5/test8_femnist,FedProx,68,6,0.592554198404,1.5120505755,1.23948317184,7.43689903104,1.23948317184,7.43689903104,results/main_campaign_default_alpha_0_5/FedProx-results/test8_femnist/FEMNIST/FedProx__FEMNIST__Setup-10__Clients-10__Rounds-10__Delay-0_05__Partitioning-natural__Seed-68.txt
base_alpha_0.5/test8_femnist,FedProx,68,7,0.611844773967,1.4278243226,1.23948317184,8.67638220288,1.23948317184,8.67638220288,results/main_campaign_default_alpha_0_5/FedProx-results/test8_femnist/FEMNIST/FedProx__FEMNIST__Setup-10__Clients-10__Rounds-10__Delay-0_05__Partitioning-natural__Seed-68.txt
base_alpha_0.5/test8_femnist,FedProx,68,8,0.625140848244,1.36661161093,1.23948317184,9.91586537472,1.23948317184,9.91586537472,results/main_campaign_default_alpha_0_5/FedProx-results/test8_femnist/FEMNIST/FedProx__FEMNIST__Setup-10__Clients-10__Rounds-10__Delay-0_05__Partitioning-natural__Seed-68.txt
base_alpha_0.5/test8_femnist,FedProx,68,9,0.636679136431,1.32610210216,1.23948317184,11.1553485466,1.23948317184,11.1553485466,results/main_campaign_default_alpha_0_5/FedProx-results/test8_femnist/FEMNIST/FedProx__FEMNIST__Setup-10__Clients-10__Rounds-10__Delay-0_05__Partitioning-natural__Seed-68.txt
base_alpha_0.5/test8_femnist,FedProx,68,10,0.655834497679,1.27125814447,1.23948317184,12.3948317184,1.23948317184,12.3948317184,results/main_campaign_default_alpha_0_5/FedProx-results/test8_femnist/FEMNIST/FedProx__FEMNIST__Setup-10__Clients-10__Rounds-10__Delay-0_05__Partitioning-natural__Seed-68.txt
base_alpha_0.5/test8_femnist,FedProx,69,0,0.004158004158,4.13809104688,0,0,0,0,results/main_campaign_default_alpha_0_5/FedProx-results/test8_femnist/FEMNIST/FedProx__FEMNIST__Setup-10__Clients-10__Rounds-10__Delay-0_05__Partitioning-natural__Seed-69.txt
base_alpha_0.5/test8_femnist,FedProx,69,1,0.0893970893971,3.98577701029,1.23948317184,1.23948317184,1.23948317184,1.23948317184,results/main_campaign_default_alpha_0_5/FedProx-results/test8_femnist/FEMNIST/FedProx__FEMNIST__Setup-10__Clients-10__Rounds-10__Delay-0_05__Partitioning-natural__Seed-69.txt
base_alpha_0.5/test8_femnist,FedProx,69,2,0.409752409752,3.1673098276,1.23948317184,2.47896634368,1.23948317184,2.47896634368,results/main_campaign_default_alpha_0_5/FedProx-results/test8_femnist/FEMNIST/FedProx__FEMNIST__Setup-10__Clients-10__Rounds-10__Delay-0_05__Partitioning-natural__Seed-69.txt
base_alpha_0.5/test8_femnist,FedProx,69,3,0.484076734077,2.29526534254,1.23948317184,3.71844951552,1.23948317184,3.71844951552,results/main_campaign_default_alpha_0_5/FedProx-results/test8_femnist/FEMNIST/FedProx__FEMNIST__Setup-10__Clients-10__Rounds-10__Delay-0_05__Partitioning-natural__Seed-69.txt
base_alpha_0.5/test8_femnist,FedProx,69,4,0.548100548101,1.88413731612,1.23948317184,4.95793268736,1.23948317184,4.95793268736,results/main_campaign_default_alpha_0_5/FedProx-results/test8_femnist/FEMNIST/FedProx__FEMNIST__Setup-10__Clients-10__Rounds-10__Delay-0_05__Partitioning-natural__Seed-69.txt
base_alpha_0.5/test8_femnist,FedProx,69,5,0.562653562654,1.68247176607,1.23948317184,6.1974158592,1.23948317184,6.1974158592,results/main_campaign_default_alpha_0_5/FedProx-results/test8_femnist/FEMNIST/FedProx__FEMNIST__Setup-10__Clients-10__Rounds-10__Delay-0_05__Partitioning-natural__Seed-69.txt
base_alpha_0.5/test8_femnist,FedProx,69,6,0.586609336609,1.5673769735,1.23948317184,7.43689903104,1.23948317184,7.43689903104,results/main_campaign_default_alpha_0_5/FedProx-results/test8_femnist/FEMNIST/FedProx__FEMNIST__Setup-10__Clients-10__Rounds-10__Delay-0_05__Partitioning-natural__Seed-69.txt
base_alpha_0.5/test8_femnist,FedProx,69,7,0.600406350406,1.50825297844,1.23948317184,8.67638220288,1.23948317184,8.67638220288,results/main_campaign_default_alpha_0_5/FedProx-results/test8_femnist/FEMNIST/FedProx__FEMNIST__Setup-10__Clients-10__Rounds-10__Delay-0_05__Partitioning-natural__Seed-69.txt
base_alpha_0.5/test8_femnist,FedProx,69,8,0.617132867133,1.4450914658,1.23948317184,9.91586537472,1.23948317184,9.91586537472,results/main_campaign_default_alpha_0_5/FedProx-results/test8_femnist/FEMNIST/FedProx__FEMNIST__Setup-10__Clients-10__Rounds-10__Delay-0_05__Partitioning-natural__Seed-69.txt
base_alpha_0.5/test8_femnist,FedProx,69,9,0.622141372141,1.42296797946,1.23948317184,11.1553485466,1.23948317184,11.1553485466,results/main_campaign_default_alpha_0_5/FedProx-results/test8_femnist/FEMNIST/FedProx__FEMNIST__Setup-10__Clients-10__Rounds-10__Delay-0_05__Partitioning-natural__Seed-69.txt
base_alpha_0.5/test8_femnist,FedProx,69,10,0.636316386316,1.40266504756,1.23948317184,12.3948317184,1.23948317184,12.3948317184,results/main_campaign_default_alpha_0_5/FedProx-results/test8_femnist/FEMNIST/FedProx__FEMNIST__Setup-10__Clients-10__Rounds-10__Delay-0_05__Partitioning-natural__Seed-69.txt
base_alpha_0.5/test8_femnist,FedProx,70,0,0.0038029386344,4.13437743372,0,0,0,0,results/main_campaign_default_alpha_0_5/FedProx-results/test8_femnist/FEMNIST/FedProx__FEMNIST__Setup-10__Clients-10__Rounds-10__Delay-0_05__Partitioning-natural__Seed-70.txt
base_alpha_0.5/test8_femnist,FedProx,70,1,0.10566119274,3.95940766767,1.23948317184,1.23948317184,1.23948317184,1.23948317184,results/main_campaign_default_alpha_0_5/FedProx-results/test8_femnist/FEMNIST/FedProx__FEMNIST__Setup-10__Clients-10__Rounds-10__Delay-0_05__Partitioning-natural__Seed-70.txt
base_alpha_0.5/test8_femnist,FedProx,70,2,0.370181503889,3.18653833238,1.23948317184,2.47896634368,1.23948317184,2.47896634368,results/main_campaign_default_alpha_0_5/FedProx-results/test8_femnist/FEMNIST/FedProx__FEMNIST__Setup-10__Clients-10__Rounds-10__Delay-0_05__Partitioning-natural__Seed-70.txt
base_alpha_0.5/test8_femnist,FedProx,70,3,0.481892826275,2.18696084768,1.23948317184,3.71844951552,1.23948317184,3.71844951552,results/main_campaign_default_alpha_0_5/FedProx-results/test8_femnist/FEMNIST/FedProx__FEMNIST__Setup-10__Clients-10__Rounds-10__Delay-0_05__Partitioning-natural__Seed-70.txt
base_alpha_0.5/test8_femnist,FedProx,70,4,0.54433880726,1.81016964368,1.23948317184,4.95793268736,1.23948317184,4.95793268736,results/main_campaign_default_alpha_0_5/FedProx-results/test8_femnist/FEMNIST/FedProx__FEMNIST__Setup-10__Clients-10__Rounds-10__Delay-0_05__Partitioning-natural__Seed-70.txt
base_alpha_0.5/test8_femnist,FedProx,70,5,0.584701815039,1.60601833314,1.23948317184,6.1974158592,1.23948317184,6.1974158592,results/main_campaign_default_alpha_0_5/FedProx-results/test8_femnist/FEMNIST/FedProx__FEMNIST__Setup-10__Clients-10__Rounds-10__Delay-0_05__Partitioning-natural__Seed-70.txt
base_alpha_0.5/test8_femnist,FedProx,70,6,0.603154710458,1.50069684657,1.23948317184,7.43689903104,1.23948317184,7.43689903104,results/main_campaign_default_alpha_0_5/FedProx-results/test8_femnist/FEMNIST/FedProx__FEMNIST__Setup-10__Clients-10__Rounds-10__Delay-0_05__Partitioning-natural__Seed-70.txt
base_alpha_0.5/test8_femnist,FedProx,70,7,0.624675885912,1.39805724536,1.23948317184,8.67638220288,1.23948317184,8.67638220288,results/main_campaign_default_alpha_0_5/FedProx-results/test8_femnist/FEMNIST/FedProx__FEMNIST__Setup-10__Clients-10__Rounds-10__Delay-0_05__Partitioning-natural__Seed-70.txt
base_alpha_0.5/test8_femnist,FedProx,70,8,0.634917891098,1.35060479561,1.23948317184,9.91586537472,1.23948317184,9.91586537472,results/main_campaign_default_alpha_0_5/FedProx-results/test8_femnist/FEMNIST/FedProx__FEMNIST__Setup-10__Clients-10__Rounds-10__Delay-0_05__Partitioning-natural__Seed-70.txt
base_alpha_0.5/test8_femnist,FedProx,70,9,0.648141745895,1.3166518049,1.23948317184,11.1553485466,1.23948317184,11.1553485466,results/main_campaign_default_alpha_0_5/FedProx-results/test8_femnist/FEMNIST/FedProx__FEMNIST__Setup-10__Clients-10__Rounds-10__Delay-0_05__Partitioning-natural__Seed-70.txt
base_alpha_0.5/test8_femnist,FedProx,70,10,0.650216076059,1.31961785579,1.23948317184,12.3948317184,1.23948317184,12.3948317184,results/main_campaign_default_alpha_0_5/FedProx-results/test8_femnist/FEMNIST/FedProx__FEMNIST__Setup-10__Clients-10__Rounds-10__Delay-0_05__Partitioning-natural__Seed-70.txt
base_alpha_0.5/test8_femnist,FedProx,71,0,0.0169115729067,4.12647473942,0,0,0,0,results/main_campaign_default_alpha_0_5/FedProx-results/test8_femnist/FEMNIST/FedProx__FEMNIST__Setup-10__Clients-10__Rounds-10__Delay-0_05__Partitioning-natural__Seed-71.txt
base_alpha_0.5/test8_femnist,FedProx,71,1,0.186070776454,3.92088150725,1.23948317184,1.23948317184,1.23948317184,1.23948317184,results/main_campaign_default_alpha_0_5/FedProx-results/test8_femnist/FEMNIST/FedProx__FEMNIST__Setup-10__Clients-10__Rounds-10__Delay-0_05__Partitioning-natural__Seed-71.txt
base_alpha_0.5/test8_femnist,FedProx,71,2,0.391574645683,2.94819180889,1.23948317184,2.47896634368,1.23948317184,2.47896634368,results/main_campaign_default_alpha_0_5/FedProx-results/test8_femnist/FEMNIST/FedProx__FEMNIST__Setup-10__Clients-10__Rounds-10__Delay-0_05__Partitioning-natural__Seed-71.txt
base_alpha_0.5/test8_femnist,FedProx,71,3,0.511651160769,2.10062173069,1.23948317184,3.71844951552,1.23948317184,3.71844951552,results/main_campaign_default_alpha_0_5/FedProx-results/test8_femnist/FEMNIST/FedProx__FEMNIST__Setup-10__Clients-10__Rounds-10__Delay-0_05__Partitioning-natural__Seed-71.txt
base_alpha_0.5/test8_femnist,FedProx,71,4,0.570167811495,1.72222532995,1.23948317184,4.95793268736,1.23948317184,4.95793268736,results/main_campaign_default_alpha_0_5/FedProx-results/test8_femnist/FEMNIST/FedProx__FEMNIST__Setup-10__Clients-10__Rounds-10__Delay-0_05__Partitioning-natural__Seed-71.txt
base_alpha_0.5/test8_femnist,FedProx,71,5,0.58694896096,1.5487710896,1.23948317184,6.1974158592,1.23948317184,6.1974158592,results/main_campaign_default_alpha_0_5/FedProx-results/test8_femnist/FEMNIST/FedProx__FEMNIST__Setup-10__Clients-10__Rounds-10__Delay-0_05__Partitioning-natural__Seed-71.txt
base_alpha_0.5/test8_femnist,FedProx,71,6,0.606816798539,1.45771984108,1.23948317184,7.43689903104,1.23948317184,7.43689903104,results/main_campaign_default_alpha_0_5/FedProx-results/test8_femnist/FEMNIST/FedProx__FEMNIST__Setup-10__Clients-10__Rounds-10__Delay-0_05__Partitioning-natural__Seed-71.txt
base_alpha_0.5/test8_femnist,FedProx,71,7,0.619467872359,1.38470103025,1.23948317184,8.67638220288,1.23948317184,8.67638220288,results/main_campaign_default_alpha_0_5/FedProx-results/test8_femnist/FEMNIST/FedProx__FEMNIST__Setup-10__Clients-10__Rounds-10__Delay-0_05__Partitioning-natural__Seed-71.txt
base_alpha_0.5/test8_femnist,FedProx,71,8,0.635553430137,1.33996939263,1.23948317184,9.91586537472,1.23948317184,9.91586537472,results/main_campaign_default_alpha_0_5/FedProx-results/test8_femnist/FEMNIST/FedProx__FEMNIST__Setup-10__Clients-10__Rounds-10__Delay-0_05__Partitioning-natural__Seed-71.txt
base_alpha_0.5/test8_femnist,FedProx,71,9,0.651769411356,1.28009791024,1.23948317184,11.1553485466,1.23948317184,11.1553485466,results/main_campaign_default_alpha_0_5/FedProx-results/test8_femnist/FEMNIST/FedProx__FEMNIST__Setup-10__Clients-10__Rounds-10__Delay-0_05__Partitioning-natural__Seed-71.txt
base_alpha_0.5/test8_femnist,FedProx,71,10,0.658855751674,1.26227100262,1.23948317184,12.3948317184,1.23948317184,12.3948317184,results/main_campaign_default_alpha_0_5/FedProx-results/test8_femnist/FEMNIST/FedProx__FEMNIST__Setup-10__Clients-10__Rounds-10__Delay-0_05__Partitioning-natural__Seed-71.txt
