scenario_id,dataset,partitioning,alpha,n_clients,seed,n_methods,sha_indices_identical,sha_counts_identical,negative_control_passed,reseed_stress_passed,sha256_indices,sha256_counts
MNIST_alpha-1.0_K-3_seed-42,MNIST,dirichlet,1.0,3,42,5,True,True,True,True,0e8a7f7892b59e8a22a91ce844740d58681e0c20413e118dcd0f943a3a8e79eb,21fe4a68bfe70723b4740948f236c6da50f20d9d9a1c0ea05b517ae45af897a1
MNIST_alpha-1.0_K-3_seed-43,MNIST,dirichlet,1.0,3,43,5,True,True,True,True,ee8fbc3ee0db8f45a4429bff78d281dc4830bb45095c38b6c58fa8e4884cf154,594dff1b7dd3ccb005690917a753f0d8b251dfa88ec2304ce96936b7f5c06b58
MNIST_alpha-1.0_K-3_seed-44,MNIST,dirichlet,1.0,3,44,5,True,True,True,True,f9ef9b9ff1a54bd70cc4a46fe6030052b9bcffb1c386981e27191b56a10e5cfd,d3676687435f00c7c7fe14aa1eb0796f56bf47bbae6e7584063a5e4e4100910a
MNIST_alpha-1.0_K-3_seed-45,MNIST,dirichlet,1.0,3,45,5,True,True,True,True,be35da06be97ca4011d6e50c025fc9dc8cbb7f69f15fe7960f86ad4e6b5981ff,2ef3d8cb7e56b0e04728f77e614a417ea98c85dac49bdb3ef19c2ec951b0232f
MNIST_alpha-1.0_K-3_seed-46,MNIST,dirichlet,1.0,3,46,5,True,True,True,True,ea58f2ec06e21cc316070f52723dd4fc384f211aa59fe4b22300d58e39976442,ebd9a8882b2f134284eb7cdc3029d64836ee8c8ea563247c39507db3c92edfba
MNIST_alpha-1.0_K-3_seed-47,MNIST,dirichlet,1.0,3,47,5,True,True,True,True,99e0e645eace9a3617b7ec33fbcd9505b8685c6abda45d371b34539bde30496a,c7562b2b79cf1c6872a7de9d90eea461c6fb3017c3870fa4490f12202a633d82
MNIST_alpha-1.0_K-3_seed-48,MNIST,dirichlet,1.0,3,48,5,True,True,True,True,67fdcfd1f0c0b3398fc478fc29dfa0586d722938ba96e35e79d05940362c85da,6481bff8ca5442da72692cf0da841991cf41e21a2ef11e397f9f4f78e5c98142
MNIST_alpha-1.0_K-3_seed-49,MNIST,dirichlet,1.0,3,49,5,True,True,True,True,aa652152f392684f4cec6183d89b6172d8a4809ad3f681f941d0374ad854a80c,8c23de00cf9baa5dd8e6ceb98522cd8940ebba7e73955cf40d71dab4d04a27b2
MNIST_alpha-1.0_K-3_seed-50,MNIST,dirichlet,1.0,3,50,5,True,True,True,True,7ee85815bed493ddffc824a4940a11321c20d8634bf89b9931d4a695315a57cd,2c01ff30623dded6719da0557dba61217f1afcf9431de7689d538bed24e49a74
MNIST_alpha-1.0_K-3_seed-51,MNIST,dirichlet,1.0,3,51,5,True,True,True,True,311abee3f7f5fb14506b3211896647ac885ab7d704b2b820330bd914c4c91e43,33ce07a80bba4fe360e82e4e859c61ac5c794b13aefbc7b15a2d064023640578
MNIST_alpha-1.0_K-3_seed-52,MNIST,dirichlet,1.0,3,52,5,True,True,True,True,13bdefe42b3ce0692302260c73e9f14c5adf8787bf764bd46fd6033c14621028,05957878552bb195ec3567ec569f36a9af84e55aa44cc6cd5048e93f453100a4
MNIST_alpha-1.0_K-3_seed-53,MNIST,dirichlet,1.0,3,53,5,True,True,True,True,91ccc5385864dd781631f42c500c8140165ecda1b5c2921e718b917ee132408a,4e627129ae8d4f7f59a4ea1954e86ac32dc2744767584289cf77a08baf62fad4
MNIST_alpha-1.0_K-3_seed-54,MNIST,dirichlet,1.0,3,54,5,True,True,True,True,610fb4f22729e207c8f30b5b303509d61951ddca7b6b5e374cc3ceff4b672af2,965103ee61970887be945103f92c0a72eaac7669fbb249e90419eea471a0b1d4
MNIST_alpha-1.0_K-3_seed-55,MNIST,dirichlet,1.0,3,55,5,True,True,True,True,2a8f2af9fe65caea033282ef02b0811a4be3c23e6f8d4e719aa0b70095098146,2b934ae89b9b132b58164adfa744b0a0aea61dd59a662c1084e6e5f2df72fa36
MNIST_alpha-1.0_K-3_seed-56,MNIST,dirichlet,1.0,3,56,5,True,True,True,True,66d6f2bd1ae5a836df8f57ad9e78ad81702821bef18f425713d0901ee930ee28,9b77c8ab06b99ad7637fc362af34af3e8daeeca10b61b794271d30b6ba261b7d
MNIST_alpha-1.0_K-3_seed-57,MNIST,dirichlet,1.0,3,57,5,True,True,True,True,4760ab9069c852dd721f329d87cee41f29997ab5171e4ae7a7e1b7c98d8da8fc,d74a4480b9ce249aca21c995b42eac223d83176bd822804eeb37523698587251
MNIST_alpha-1.0_K-3_seed-58,MNIST,dirichlet,1.0,3,58,5,True,True,True,True,81d4f546bb3981c002461c0b0240b4e6dc07c9a6078205f08e3c5bf5111e2dab,1c44b296ef702e22942e74a6677917c88f38df98087f5cf448f141e14ae15e25
MNIST_alpha-1.0_K-3_seed-59,MNIST,dirichlet,1.0,3,59,5,True,True,True,True,d4f26ce7195dd54f6bdd89b1d077e5ff512cc806b57539ed6014dfd163cfa800,b1b3781948e9ffd412636e40c195f0ce551146f1b0ea028e13edf4f00c87f19e
MNIST_alpha-1.0_K-3_seed-60,MNIST,dirichlet,1.0,3,60,5,True,True,True,True,ba3958c738a1e75cfec3fca2d9727fde9094c8edef864f88d8874b2dcef7a411,3dd0aeff6cbed9f4b848b5d4a8068ca5f0b8e93c9ab6be8848252c50b6e69aad
MNIST_alpha-1.0_K-3_seed-61,MNIST,dirichlet,1.0,3,61,5,True,True,True,True,5c62d1d797a12e5d37b3ad82479e10f41a9421261e0b365dacf6665d2bc3850c,93b84772498380c7cf33a3cf8dde666bce49d856255c6154336bbb60cf5c8ce2
MNIST_alpha-1.0_K-3_seed-62,MNIST,dirichlet,1.0,3,62,5,True,True,True,True,268cf64413d0577ec28ba1baf4877ddc2c692faeb06bb1244db044ed2fed370c,bf0521b76705abb03e23f26e89a595ed1ca897b943c4d7e499215af55b06671c
MNIST_alpha-1.0_K-3_seed-63,MNIST,dirichlet,1.0,3,63,5,True,True,True,True,562a7d3820c10259666c902af1e9185e798a5c5ee0e6f2e921a0990a0c4e227e,7902a43432a833c1bf9eea8f5d856ef2f5c2a361277a5d3031be7a09b2e782b8
MNIST_alpha-1.0_K-3_seed-64,MNIST,dirichlet,1.0,3,64,5,True,True,True,True,df78700a9fcb3eda0d3609ad42cba583ff10cc067ccb5606deab0f35469117fd,cf42d0f236a294932521363195b1d599e55c94e5b44db33632696678201deb85
MNIST_alpha-1.0_K-3_seed-65,MNIST,dirichlet,1.0,3,65,5,True,True,True,True,702ac83348abfed72d910b6d0c5d6b13ca7774dbbff3b20a66870921d17e71fb,7da488eb2d26d242f65ff32cbb46c9b23507fc5befeddd0414733ed00fe5328e
MNIST_alpha-1.0_K-3_seed-66,MNIST,dirichlet,1.0,3,66,5,True,True,True,True,04be70dea47af5e761fac6fd4b7133253ed9f2800f77b609a86799756fb7025a,2156be3458b6075a3c267a89444fe0e18c27502a46bceea0e7cfde804481560e
MNIST_alpha-1.0_K-3_seed-67,MNIST,dirichlet,1.0,3,67,5,True,True,True,True,b4b76587b47398327c45d546f3dc85fae1d5910fe0400d7d13d45aa7802699b6,7303e08e4097ae4f467e1f13817b4d346aa72c13f9d64e837cf6435baf107964
MNIST_alpha-1.0_K-3_seed-68,MNIST,dirichlet,1.0,3,68,5,True,True,True,True,ecca8d251deafab3b98594d32137a338d31ed1b71edf48da58104e30239ae4c4,89a4f346535d5ad694625ffed3ea3444c309657f443b328ea07fd5abe70119f6
MNIST_alpha-1.0_K-3_seed-69,MNIST,dirichlet,1.0,3,69,5,True,True,True,True,031f36aa5a08f13d852ff77565d0611f98fd89750f098b0de03907f0c4debed7,fb52ce90d79b1563700d0ee5bcb907301f12baf0efd915e371e344a173964a40
MNIST_alpha-1.0_K-3_seed-70,MNIST,dirichlet,1.0,3,70,5,True,True,True,True,2bf54a8f2eee665b6974d4d3c71e2286c712ae4a3fc7bb17b6d66f0d404d471a,c880ef77ec8ae1a1f2c080323db966a2550c9d7ae969fff0b19b07ca592583be
MNIST_alpha-1.0_K-3_seed-71,MNIST,dirichlet,1.0,3,71,5,True,True,True,True,4419b0c73e7388acf90d71a2516d7fb63245ea350f0a16564228c9cd79031588,8a5ae0d4202fc75a88f2bb08fed3e209223ba42ca42783f0f0929d9f478612a1
MNIST_alpha-1.0_K-5_seed-42,MNIST,dirichlet,1.0,5,42,5,True,True,True,True,714a522690f8cc3f0fba03ed611fb8ff1651718c1770add3d9aa322a32fcd361,8bdfdf965c3bc276b7dae6cde4f07f76377f7da463c912a80e4c78e3012852f4
MNIST_alpha-1.0_K-5_seed-43,MNIST,dirichlet,1.0,5,43,5,True,True,True,True,be01ed3cc8fddb1e670732d000fe82e8c92fe7be38c3e478ca35fb3fa88786fb,e48eb908e6ee783d98cbbe0e84b36a632c568b885f27cd4d6165c13106566a88
MNIST_alpha-1.0_K-5_seed-44,MNIST,dirichlet,1.0,5,44,5,True,True,True,True,19a3fb915f70709fcbfc1f934566484fe9f4f2bb23ec338e48250fdf65b1bfa1,be540140ca4d171fe9cd5afe8861471f52a9c60ac5a50c8d2d3a6af36487be31
MNIST_alpha-1.0_K-5_seed-45,MNIST,dirichlet,1.0,5,45,5,True,True,True,True,cdeb80cf0892a7d8a6e22864fa1a5b518a8500762bc69d9d9d9a9a4c4ace5a7f,203b7782ca2cdfd9ef816546d3e8848d5005ecc67748ddebf82444576a0e284e
MNIST_alpha-1.0_K-5_seed-46,MNIST,dirichlet,1.0,5,46,5,True,True,True,True,f13cd0ef060cfb0a3d446416d20f60f897cfe2b89a0bd91180f5772e5e27dcb9,12dc0c74fed8fd6fa6edb9d21d6c7e761861bcc755c7b0409c45e3e002885669
MNIST_alpha-1.0_K-5_seed-47,MNIST,dirichlet,1.0,5,47,5,True,True,True,True,46c9f8d45a6f9fb369fe21200bbc637655bff8198d63f83301cfab5fc15bc07b,9c5fe48bd52c1dd8f3107f9f40783dd1e843c2d847f9669c7b2a64c625559b82
MNIST_alpha-1.0_K-5_seed-48,MNIST,dirichlet,1.0,5,48,5,True,True,True,True,5c812e95d715331cc1339793bfa0f575c1d258fbe3994ea0492b7e4aea87e920,cff33f6f77461ede563c72516507866552eeedb4ba0c3242dd4fde28c18b00cc
MNIST_alpha-1.0_K-5_seed-49,MNIST,dirichlet,1.0,5,49,5,True,True,True,True,4b7df73b89ea0305875a526e112f044c7f295d1eb634348a07f5390413518d78,7232b265ade18dda9b708c3985f47e5ebb0cd1d34d510bce69df0c02f3bf53b4
MNIST_alpha-1.0_K-5_seed-50,MNIST,dirichlet,1.0,5,50,5,True,True,True,True,cb183022d418936c184afd5bc155e5fcb479950f60745f699d59d7bc59bbac1c,be2a843c778a13c50dd5d8e19ba022105de95f9fdccc3552441a49cd256cc578
MNIST_alpha-1.0_K-5_seed-51,MNIST,dirichlet,1.0,5,51,5,True,True,True,True,5a6ba191acbd19a85d05ca2c904dba928206a78229f696752451ae4b1f5f76ee,307fcc72977b0f8a668d4833893581421e62ecf005ce79a94915e3590671c5c2
MNIST_alpha-1.0_K-5_seed-52,MNIST,dirichlet,1.0,5,52,5,True,True,True,True,032d273ff4619c920033efeac5651d4d291f10a2240407153f1a555c76c436e3,26f813caeba512e523fff158af6370358514046a624541460dc5d2e6a9c00de7
MNIST_alpha-1.0_K-5_seed-53,MNIST,dirichlet,1.0,5,53,5,True,True,True,True,39dcbf33781c68cbcb0669736fd452bfa31378371e218f8a26d302d5fc92a344,d78995455d8840db342930833dc5eac53e00495e00a966ff3c2ff9f33830bd70
MNIST_alpha-1.0_K-5_seed-54,MNIST,dirichlet,1.0,5,54,5,True,True,True,True,05ac89eba98e6d8f17cd43722a05ba1bbbbaeac6279a912e1a52b90f07676863,41f4eef7193c1188d1098632f2182df7ab9d2c4cdbc5ed895080f2928e557ece
MNIST_alpha-1.0_K-5_seed-55,MNIST,dirichlet,1.0,5,55,5,True,True,True,True,7cbc4f934f523bf9a25fab3fde4ce47904b1ed464d23ad6f80e4ed11f31b0fbd,7c41b863dc9cdc2cfba075a13ed5f285f893a26c5caf77ee7566ddda85951dff
MNIST_alpha-1.0_K-5_seed-56,MNIST,dirichlet,1.0,5,56,5,True,True,True,True,f4cc42dc0ccd078f3fba3a8fc1d8c31afc16260d847440e6513eaa00e88f9b18,f3c2133fa97a75d8f5e0fbf3ddd1e668ee6557f0937e2e1bad8818cdedd96625
MNIST_alpha-1.0_K-5_seed-57,MNIST,dirichlet,1.0,5,57,5,True,True,True,True,85c9295529dbb46005dcbd1a510f044adde54620a91c54f1bc1a343d37a5c231,e6224d588c634e75cc880f8b21ee1db350f0558764ebb181e59dc3cf78e8fba8
MNIST_alpha-1.0_K-5_seed-58,MNIST,dirichlet,1.0,5,58,5,True,True,True,True,d63ff0e046149577e8e3974715a414b26e6bd5a639589a26af2d9801a6444393,c18d77aa72a53fdd8bc05207f3b1d2cb9cdb042639752d31330892b0ac1f765a
MNIST_alpha-1.0_K-5_seed-59,MNIST,dirichlet,1.0,5,59,5,True,True,True,True,e8282dd60d5a96deb96637c77282f1b3f77abc646880b63dc92c30d200bd07e6,f49a55bd30adc47275846169778376b48d23950d995cc75f3d6912bee5fc30ec
MNIST_alpha-1.0_K-5_seed-60,MNIST,dirichlet,1.0,5,60,5,True,True,True,True,8a41c695c11a25e67a6ee99c4df43de00ba4420d5341921ebf704f3cd335c2c6,81bb73b338b6ca74280918d95bd1aef25701e983f7bd36f29e2558bc5f9566d9
MNIST_alpha-1.0_K-5_seed-61,MNIST,dirichlet,1.0,5,61,5,True,True,True,True,5536ec42bc085e2723be0ef021717fd233e0368d3e186f5f2630f9d7662ab507,6f9673a0987830417a5c8c97175909011eebb272d5e3c9be35aa2c6381c25c2e
MNIST_alpha-1.0_K-5_seed-62,MNIST,dirichlet,1.0,5,62,5,True,True,True,True,fcbdfc56bed98f6e7869ac9b40d138aa102f413a07584e26ba1046cccd93dc07,6200aa9d2d1baf43cb90e19f820900d297ef62dae37420b348a944ec81579355
MNIST_alpha-1.0_K-5_seed-63,MNIST,dirichlet,1.0,5,63,5,True,True,True,True,ea6d0adb4840404cd8c1570c6c9e954dcec8759b771f7ef3d723ee2ce5cb383c,d02a60abe79ad2047f170a8f1ed3735cce61abacc62e903a76cd1452f9229a65
MNIST_alpha-1.0_K-5_seed-64,MNIST,dirichlet,1.0,5,64,5,True,True,True,True,bcbee142716b08ddd2b959bda78c46be3b054665f9b43ae48817f90345858562,2ff30200aa217880091faadc038906312f4fbaacfdd4661e7222bef1301303a7
MNIST_alpha-1.0_K-5_seed-65,MNIST,dirichlet,1.0,5,65,5,True,True,True,True,7c1603145599d8833b6a3aab7d0f70a768ebb14e39158544fb524aff1f26772e,ae9f8436352467d72cbfb943eba65aeb145df50f331268a7956ded7755eac6be
MNIST_alpha-1.0_K-5_seed-66,MNIST,dirichlet,1.0,5,66,5,True,True,True,True,758c70c6403605b4955c0b10094ed18ecb7370978146f2d2b55fe8d333acec45,cc0185179d661f518784a14921ef5a0a9eb6d9ef5c052595acc0b7a403eaa94a
MNIST_alpha-1.0_K-5_seed-67,MNIST,dirichlet,1.0,5,67,5,True,True,True,True,80ef904a30cb0008668791a5fa8df151c907c131e74ea01cb35428263be48e10,e36aa4bf4b4017ad6b94344a67ed37878b3ad0307f8ccd604e42833b0a128218
MNIST_alpha-1.0_K-5_seed-68,MNIST,dirichlet,1.0,5,68,5,True,True,True,True,364d1f8b67bde94ec0dd05ec2d0c2a271525f828743a3d73a64c43cb3228f551,4632658a827d3959acb154ee40a23df674b6649400085585f63b000ecc582389
MNIST_alpha-1.0_K-5_seed-69,MNIST,dirichlet,1.0,5,69,5,True,True,True,True,2e2ef41964b7603fa18bfb0dcd0b458ee7985aa731a0103e04382c09b72aa751,ec023b1fbce933eaf203f5d916343d8fd8749a98fbcd6378078ece3875b5e026
MNIST_alpha-1.0_K-5_seed-70,MNIST,dirichlet,1.0,5,70,5,True,True,True,True,d297ee1baf3d4ed819ff8b2bceb0d497a84ced85ceefa97c3c1a19da5156855a,1e33692d54113ab6f1ad22e88755e588cf96e61e41afb06a680e410bdc367603
MNIST_alpha-1.0_K-5_seed-71,MNIST,dirichlet,1.0,5,71,5,True,True,True,True,8ae2f35b92c0f62483b985493a27a464df9f412a6374007fc08e6bf69087c605,570a4898f13bb2d79e4c1ef4a13e66397c8e8912e753c0e96fc77d948f0a05ce
MNIST_alpha-1.0_K-10_seed-42,MNIST,dirichlet,1.0,10,42,5,True,True,True,True,fd4f828719f0c02385f06607c4697308a93ca73420e65466f1fbcc4c4183cc43,3ea907671ac29ab868c672ef4c3c94516114b8e4e2724c0b66bfd20e27dd5560
MNIST_alpha-1.0_K-10_seed-43,MNIST,dirichlet,1.0,10,43,5,True,True,True,True,a18afa4c3ab805c0ea4a33251d85d6294e99d41bc04d8bad3c0c19a28e102a1b,e2be1e3105b1d5db32cb6122eadf6e65fb2346e91ba66a586884b7f4fa68eedd
MNIST_alpha-1.0_K-10_seed-44,MNIST,dirichlet,1.0,10,44,5,True,True,True,True,3f6f36d11d8d14487d299efd7c660b284af926f251266454f7a2f0eb959e0382,7c53521cc5e03583fb1acc1f79816d848835bd689d3df64d81fd074fc9dac1cb
MNIST_alpha-1.0_K-10_seed-45,MNIST,dirichlet,1.0,10,45,5,True,True,True,True,0353e2170027003ba9a92bbc1409a8264c3bb5a8a7015dee68121b006ed1d777,0db46f9b188d14fc8f6efb10b368902c580e615ba29323fb1a9f6eb5dfe04e6c
MNIST_alpha-1.0_K-10_seed-46,MNIST,dirichlet,1.0,10,46,5,True,True,True,True,0ae603e3407f1ebe79828e9a3e441e112dfcd79a96ddca6854ccc228c86f1226,ca2eb43a79cfdfca03516341a2c99776aee8a9a168aed155fe64ff9b485f5fbe
MNIST_alpha-1.0_K-10_seed-47,MNIST,dirichlet,1.0,10,47,5,True,True,True,True,a1171a1f131e0e65758788321483d5934b17a86d42f1d0284d3fc94ab85f650f,8c76920f8dfb80114192d0fc7478c0dc5da8afe9d8fc58e9beb86ca7e42789f4
MNIST_alpha-1.0_K-10_seed-48,MNIST,dirichlet,1.0,10,48,5,True,True,True,True,9afe8f20937d0be3de908affb2b613b1bb514f33c1b3316f338d6ff23fac2010,f127897af2abf4a2e2a48c2085b3740fb35833c351a192c25f814e1d5a4b8c19
MNIST_alpha-1.0_K-10_seed-49,MNIST,dirichlet,1.0,10,49,5,True,True,True,True,16ea6f85bcb1b93eaeb0ad339941fa56ef750ab82491f6d9cfaf5eb1533318f6,7c51a7b0d1f9b98832f8f7b2867296e35c7952aa40fc31425338d969d91fe63e
MNIST_alpha-1.0_K-10_seed-50,MNIST,dirichlet,1.0,10,50,5,True,True,True,True,25f3adf019a8f4189876800b132e9f5c25b2d2a6a6181c2e20b54770bd2dddf0,98467671f86d17097cb4dd6c749d9b08fcaec7afb9f8a746afef3c330d406d94
MNIST_alpha-1.0_K-10_seed-51,MNIST,dirichlet,1.0,10,51,5,True,True,True,True,ef60c7f127c9f58bafc9088096d1b787311e18358297886a24a9cc3ec56f57c0,fa341d3b34c6c38cba2bc95c519d507bd26d2e6edaba00eceab87d0dbaad449b
MNIST_alpha-1.0_K-10_seed-52,MNIST,dirichlet,1.0,10,52,5,True,True,True,True,854a177cedeefa5c49a638bd0f7601f5cb9b5bc0aa7b3c524d6b103db4adc432,a2016a41e5d37f91df683ab672a6d74e52e2d7bb7e6900679bcd4a1748b09713
MNIST_alpha-1.0_K-10_seed-53,MNIST,dirichlet,1.0,10,53,5,True,True,True,True,b3e10a7e7d8c4c760a73eb0e10d3b85f13e0c9edd0cd1b38bb79b89d076b91da,810075417e1b0b8e59ebffa7519ba214bfe790814b92a36601078a8a0949c9b3
MNIST_alpha-1.0_K-10_seed-54,MNIST,dirichlet,1.0,10,54,5,True,True,True,True,17e68785c79966b70e03f8dcaa97a635f0b774491605bcbbf4bbcca586b12a07,afca272fb2c1ef36c0842e58f98eac967fe8d2aae2dc30e807bba0222781bf4c
MNIST_alpha-1.0_K-10_seed-55,MNIST,dirichlet,1.0,10,55,5,True,True,True,True,b4c340ae396bd2160d6d762154be59bdcb6b943586ca4b8988a42a64dc1c6c1e,34ff5e3b0c6978f27479baba02ea25e083df05c5a147978e6834520ea0ca2f48
MNIST_alpha-1.0_K-10_seed-56,MNIST,dirichlet,1.0,10,56,5,True,True,True,True,5aca00c7fa57e747bc539b786c55de1afb06c5fed0a3a342348da2900d77c0e5,fd5a40d4cfb29b4da5361c344268980c166d7e51ef2a36f66e62f60003e2df58
MNIST_alpha-1.0_K-10_seed-57,MNIST,dirichlet,1.0,10,57,5,True,True,True,True,6a77f9c13e3acac3882e163fb91b625f172549345c519738b1004e1d8377c4a4,d8b0bb9012621a30b428b7c03749f1fd22711fda8a42648a321f546cff8b9d8e
MNIST_alpha-1.0_K-10_seed-58,MNIST,dirichlet,1.0,10,58,5,True,True,True,True,59ddb268ceeb1063d8fae9225a78ef1dc49fc3f85fe2f64df270dbc385816d9f,b240f09d6364f3289614174cbaf504bcd1654903719fb93bf975a479d3cf4636
MNIST_alpha-1.0_K-10_seed-59,MNIST,dirichlet,1.0,10,59,5,True,True,True,True,dc7c4a020cbbbd1ef7b1de9ca4fa1820360a5060a7f29a9a782584a192642cfc,fd05c8e3a99c1860a38d87893367d0f01d83a84f48cc2b311a9b1723d7e35ded
MNIST_alpha-1.0_K-10_seed-60,MNIST,dirichlet,1.0,10,60,5,True,True,True,True,dbedea576c86878a881ede83b7cbe6b416ba2a59e2d59e50f10ffa3d90739ca0,6ca5f500ebedac1c319afefb7064d5d93f08cbcd69838babea25c2935614d4d8
MNIST_alpha-1.0_K-10_seed-61,MNIST,dirichlet,1.0,10,61,5,True,True,True,True,d941e9728f7cd84d7c154b83578cfdd6a9455f268d51396e2f5ee877ebd371fb,d442833d25bec5972241a24ae6c3ea44dcb295869ea04f5956b89c86e23ff94f
MNIST_alpha-1.0_K-10_seed-62,MNIST,dirichlet,1.0,10,62,5,True,True,True,True,b99a28d71b79e4ff749ced2f2b7dbab7b9931f9aae96f459c2761658b2627264,1aa153d82cfcef0d384faf741c6b31245d5474648a968e28f450bae46b272b23
MNIST_alpha-1.0_K-10_seed-63,MNIST,dirichlet,1.0,10,63,5,True,True,True,True,d84fc61365b26c543d9e2cf19db1265efbf07251ea49e9b6b40d5c0d43a9b70f,34f3964f6a02adfbe613457c61ff5e2b2562bc100f71ef524a6d7aeade19b2a8
MNIST_alpha-1.0_K-10_seed-64,MNIST,dirichlet,1.0,10,64,5,True,True,True,True,a4febf94dc0d30f6c45d93565347841f4f8b73f2190ad3b4dd840526a0b278e0,6f0213ad1fa6bb336e5a766aac9d0208117ce87acef9ded9c5c724c4f91e9244
MNIST_alpha-1.0_K-10_seed-65,MNIST,dirichlet,1.0,10,65,5,True,True,True,True,a28fd95c6b1ef5dfd892678ef8fa724f16bb489c550fb11571346344cb65e5b8,89738c31f8fbab09c5905b85a7cc93078651470de22bc86ecc9e57a61dc4552a
MNIST_alpha-1.0_K-10_seed-66,MNIST,dirichlet,1.0,10,66,5,True,True,True,True,b3f2054157fa1f5228412007fc511d5d67fb1cebacfa24a0fad4d240a6ce0c00,f724d886f093f3b8940536844dd2721b6737f8316c46ba33f8814742ef4dede9
MNIST_alpha-1.0_K-10_seed-67,MNIST,dirichlet,1.0,10,67,5,True,True,True,True,c0ba07e7c6ede7f7cc6d7a79a7ae076f2edc07d3a838797f4ae9cb71ea73236d,735be506566a8c25817a720420f16ee48be3abdf393c3b3e479190767a0d31b9
MNIST_alpha-1.0_K-10_seed-68,MNIST,dirichlet,1.0,10,68,5,True,True,True,True,0f2bc9f51c6ee3b779fd15378389247c27c4551ea0f6cfca5e3cd351889214a1,f1ae2443945cbe4646acd432681db34d6c2edaef6047563f9e4425a65282cad1
MNIST_alpha-1.0_K-10_seed-69,MNIST,dirichlet,1.0,10,69,5,True,True,True,True,3d87a98444aea6574fc35ad1d8fd128341b921b28f0439ce068c83d0f5d25d1a,52ce8ff5f19593c34960e79dd9df64cd8f5709a7abf668b84886b2ce5662a350
MNIST_alpha-1.0_K-10_seed-70,MNIST,dirichlet,1.0,10,70,5,True,True,True,True,77eedb8eb64c6171a644e5897f452f857b015ab49662d1b893a86d8b0bdc5e90,4c65418490867ba0422ac62b6d21ba84ff7aef9e79aa9a84b47ae431d2156f38
MNIST_alpha-1.0_K-10_seed-71,MNIST,dirichlet,1.0,10,71,5,True,True,True,True,b4b97daaca4a5e98dcdf75e61799e07d25ea9d7eeedb0f742d78acbfc8f5bdd0,a914c36ed122e249ba804d3b7f947a5c97118362ba5f6dac8126fb698063e98f
MNIST_alpha-0.5_K-3_seed-42,MNIST,dirichlet,0.5,3,42,5,True,True,True,True,c78504258f3799e4441644bc93e3c0919a5775784fa4f93c9cee90cb2fdbb749,959ef29046714ededc98e4ce2cb1c75898129e9c6347f807d3ec76dc696a52dc
MNIST_alpha-0.5_K-3_seed-43,MNIST,dirichlet,0.5,3,43,5,True,True,True,True,c77da305a774b511af67de6fa55a6d05dc466b7303a93a8ef7f3a812c1d064a9,02778d5577eb704f27158b2198aeb64dec08cb18dbc15b261ae344982fc3aacb
MNIST_alpha-0.5_K-3_seed-44,MNIST,dirichlet,0.5,3,44,5,True,True,True,True,4f7763e0562bfeed352f69d4e2eef63c9ff67575c91213bd7cd5f0becb617632,5597d1c5ff88b33f420edf3263bb21277c836f51dbbf81ea341677551e3b59c2
MNIST_alpha-0.5_K-3_seed-45,MNIST,dirichlet,0.5,3,45,5,True,True,True,True,fd1ec045dbaabfc5ed81a6d1bf3b3f62e7bda084e830c297c85b77077da79e74,c18699ff8ee5222a8cca52ac9898c6518b2d99f0153f2063cf4893554bf33988
MNIST_alpha-0.5_K-3_seed-46,MNIST,dirichlet,0.5,3,46,5,True,True,True,True,07b025f745cc62e7d6ab4e01245214ed9a31ceb1e671988987e54c064621af95,3bfb6fceb06f6c5e6f907d2e86eacb325e70469933a54fadb66e3f8fa713a1ce
MNIST_alpha-0.5_K-3_seed-47,MNIST,dirichlet,0.5,3,47,5,True,True,True,True,d8fdf13c20f401e02a9385090fe799d84b28ce668491a9ba254822e6230982c4,1860a4a2ab4dfe532d427bebb707b2b2a9cb40fa08940455ef09c74cd0894d01
MNIST_alpha-0.5_K-3_seed-48,MNIST,dirichlet,0.5,3,48,5,True,True,True,True,9654dd60accc6148a78108014e6a97c05dec0ca2ffd827eb82bcc0f0767e4aa9,d2d5ce380773b581deb0be8d29e9a1645c976d5f69b9e078d2ca025b44230124
MNIST_alpha-0.5_K-3_seed-49,MNIST,dirichlet,0.5,3,49,5,True,True,True,True,e1392bd9886eb56b999513a37be0b13e1148791f12c1dcfe37fbfbbbbe3d34b2,a6d10e9d428cf1e93b9b40a9b57a8f34a1d5ac84964a7279e3db8f7a0c036136
MNIST_alpha-0.5_K-3_seed-50,MNIST,dirichlet,0.5,3,50,5,True,True,True,True,c162f5d7cc06e5b7bb7eeff3c126b4906036707417829a9d136b57c47a4ed0eb,eac091608186f4a9ca081fbf38c4b6ed8512463c1391c4d5b8264bc949b8968e
MNIST_alpha-0.5_K-3_seed-51,MNIST,dirichlet,0.5,3,51,5,True,True,True,True,d018e19835e414a901494710d621601efcc99cffedfe9ead38f717a9d9bd16d4,64ae33e6bbe98f628f6cd56a94260d897f3d5a3b1232699cd1393c0d8313730b
MNIST_alpha-0.5_K-3_seed-52,MNIST,dirichlet,0.5,3,52,5,True,True,True,True,6a04ea4db5639e0d491de13a530fd826b8d109316226afe3044e49542b3f0960,6b908d6e57b4e31301ab4d56ab23d782ec277423edbffcf1437e809b6d90d632
MNIST_alpha-0.5_K-3_seed-53,MNIST,dirichlet,0.5,3,53,5,True,True,True,True,6b9fcd385092821ca6ef500eef76474910717428ef09afdac7f2a112c32ae8fa,d8c8e9be3bea266455d921fb37eff3f11105266a4a970775fbd7c248b3ae9a95
MNIST_alpha-0.5_K-3_seed-54,MNIST,dirichlet,0.5,3,54,5,True,True,True,True,e88fd6e63da12a0eb425273c38d4b2f144a748738873dc17c67ac6f0354d9a7c,6b2cc38c09ed64a18047f687142fd6655da390dd670a4ea382d0e69b75fbcbfe
MNIST_alpha-0.5_K-3_seed-55,MNIST,dirichlet,0.5,3,55,5,True,True,True,True,294f3a6d3e6cd4c6b69b9312853dae0e9d09a15ceeb634df17e97a620fb46efd,4f99cd45e6f60b6ecff415bd0710895497cefe30760fcf1c6014c93871400369
MNIST_alpha-0.5_K-3_seed-56,MNIST,dirichlet,0.5,3,56,5,True,True,True,True,581aa77b9d0a7e14d7329ea936103b021c7b551d15f4f493e7ed81c9081d3fe6,be2d539d16dad2ff02accad69dcea9b595626d78469b698b7543e75bd0fcb811
MNIST_alpha-0.5_K-3_seed-57,MNIST,dirichlet,0.5,3,57,5,True,True,True,True,b6edaceee42f56952f6ca7c68b703cfb2761966c3eb51551ff06bad90a5727b2,3221bee7ceb127a273b8c73eb2ef3903271a8a280c3c45e7a6637a188d2f3ea4
MNIST_alpha-0.5_K-3_seed-58,MNIST,dirichlet,0.5,3,58,5,True,True,True,True,4fd142678ffb23e7b710d33e02e3739b99d137e67cc6b40205a1191db90f0ff2,e748aa324d7ec26dfc2dfa45449fe81ff6985468bd43059a5d99a93c37396074
MNIST_alpha-0.5_K-3_seed-59,MNIST,dirichlet,0.5,3,59,5,True,True,True,True,bbf26473360a85f7076f932c8f9bab8151eb852a34e31bfb32cffcded1310033,5c084500e6d281d509799d43f8e1228645fafc4d91ce06ffc573a96ef50b9f4f
MNIST_alpha-0.5_K-3_seed-60,MNIST,dirichlet,0.5,3,60,5,True,True,True,True,9401b1cb124922eb44d9ceb6a4df738d6a570715f5912bc0c29f7add0cf40888,b8e4364aefd8940e812c8a0e766cb71959e7fcfeba114051e88750a5d69d252a
MNIST_alpha-0.5_K-3_seed-61,MNIST,dirichlet,0.5,3,61,5,True,True,True,True,776a1ac74d3a46314ce1c735c8cf2eee6e6854d74388524cbc7c3e3e34c37ba5,bf9f70f8f2b8cc7a974913518b25c66c6ce5e68920fa7641bfff8a0f2b079dc1
MNIST_alpha-0.5_K-3_seed-62,MNIST,dirichlet,0.5,3,62,5,True,True,True,True,95cc969b7109739a21d9225c95f7aa761df45bf5a0a1fe605a12539b31008c36,c72cf7d1131298a58e8536618f591859b977401f7be469cf2d31fa0ee59e469f
MNIST_alpha-0.5_K-3_seed-63,MNIST,dirichlet,0.5,3,63,5,True,True,True,True,530e7a7865a16c0055f5535cdf5c6f41a406582e6378af881fdd4c328ff23bd4,7368345a8c6d9b007ebc16458bf5ee2b7415d3fc0029dae6d02861a5fe9367cb
MNIST_alpha-0.5_K-3_seed-64,MNIST,dirichlet,0.5,3,64,5,True,True,True,True,252230e7084bac797ba85bf7d5442fc46e84f0667ec7dc67bb22bd4de0401980,1f1f63b7b93875450d9074657f499300998bfec8f6aebfcc52fcd616a56d5d94
MNIST_alpha-0.5_K-3_seed-65,MNIST,dirichlet,0.5,3,65,5,True,True,True,True,0fd7e40acce505157c7fb238a87ec13b535af2b29d08585e2e641dba716b966d,28e7c5bed82f675ce7c20769f83dacf4a4c01857d8a2e731c1768e5304ad9ad4
MNIST_alpha-0.5_K-3_seed-66,MNIST,dirichlet,0.5,3,66,5,True,True,True,True,9a5c25caf61c89efc08cb20c436fed3bfe82bc3943ad447a3271651d3e02b25d,837f8ecf692bb5f21e815d8121bd66de372e2da754e437b5fd8cacf86c1b8cdb
MNIST_alpha-0.5_K-3_seed-67,MNIST,dirichlet,0.5,3,67,5,True,True,True,True,5c69e7a2b480d54d362fe85c204b1b6606959d7e2685c4d9248aa2bef292d19b,e6ce865a4cf848ff8749c1b2b37ea5e2e1c98a1e6c172ec3480abeb4fb8b7f25
MNIST_alpha-0.5_K-3_seed-68,MNIST,dirichlet,0.5,3,68,5,True,True,True,True,5edf6612e60c168b75df1a102f11a1cbb122aaf0746a5c0d0d3183910733251a,7d1e63ccb44f6cf63c2a41074118410fe0eb8539e70ed331a4227b64fd1f3dcd
MNIST_alpha-0.5_K-3_seed-69,MNIST,dirichlet,0.5,3,69,5,True,True,True,True,48c8de8d736d86605a74e8f576f1d16eb7d0c8c4fddef11abf25003a94fdf6e5,00cf2dcb4c3dfc7b994f89e8b3b428071a6a2950de0a3952358dbde15636a0d2
MNIST_alpha-0.5_K-3_seed-70,MNIST,dirichlet,0.5,3,70,5,True,True,True,True,e0c1bded3f126946d31b9e569d4ca09c6442452a61ff8cc9cf959e8eadeaa7c9,1c9af22cbeaad8e89f559cf0c2ccf9d850e6630b2331b63de577d3c9a9188ac0
MNIST_alpha-0.5_K-3_seed-71,MNIST,dirichlet,0.5,3,71,5,True,True,True,True,d13f1d03682d388e2a3d48e3b090602c4544b07b3c0802aab9c148e4aa0e051a,9988f933ab5dfc26063f2cd0aced315417db3ca30daef903a2c5333be9f86b18
MNIST_alpha-0.5_K-5_seed-42,MNIST,dirichlet,0.5,5,42,5,True,True,True,True,1a048383218446f7a2c5f81e9bc231e8393891259e4c87d815c2097e88bee9b3,24c1004afbad806e89c526b0931115bd9c4eb4c88bb20919a3b5b12f4c9f2c57
MNIST_alpha-0.5_K-5_seed-43,MNIST,dirichlet,0.5,5,43,5,True,True,True,True,e5e6572b02d087e6fae28b22c2889ac0a652a8f561371883cd34657a4f5438b5,73461cd782cc371baa0fafb487abebc7f5763b10a33bb4dd3ca4eec6821e1eae
MNIST_alpha-0.5_K-5_seed-44,MNIST,dirichlet,0.5,5,44,5,True,True,True,True,ebd48743da3cbed2d7156101f0ce13ac7a8b8a2b4e08d2b2dd1a0063bb405f21,fe60542b0f5044b9241a9ce83198a82d8d7260d8fb6a16c72e3cdd1e456255d5
MNIST_alpha-0.5_K-5_seed-45,MNIST,dirichlet,0.5,5,45,5,True,True,True,True,e795f99af6a9f06a15b3335aa617ba58eca152683d4ac96fee5a15595d4166a2,e1b187d3ecb94bf436b37fe4ad9aaec4b89846a513aec720d9ab8ee495949c8b
MNIST_alpha-0.5_K-5_seed-46,MNIST,dirichlet,0.5,5,46,5,True,True,True,True,ad7c2dbebfd2ac118928ff53fd53a8296ca110b5b31c78935702c13b76fcb7d6,e173a9e18f05b1c28a1ee0f436b2154fdf1fad90810333c128b54a92cc4c3695
MNIST_alpha-0.5_K-5_seed-47,MNIST,dirichlet,0.5,5,47,5,True,True,True,True,946048f067c2b05c83c17d726f0e2d0ff9bdf65fd73d6fbbd4074793ca350b19,b61e357d807778af4f5e562489345bf33dfaf7de3a3b294681d277c4503a3a73
MNIST_alpha-0.5_K-5_seed-48,MNIST,dirichlet,0.5,5,48,5,True,True,True,True,3f0461936be97f1ce173943574aaccf6c3038fffb7a88f5c9b517e22a1154be4,6d7a6177ec61ad03992e747f39ad6f34a052b035508f0a1774a30b6c06715a5e
MNIST_alpha-0.5_K-5_seed-49,MNIST,dirichlet,0.5,5,49,5,True,True,True,True,db8ec2bb7ba9e32e18810bb1d97bf4d0737ca978f794a56b8c2b52d87a8bc9d4,770847b93c618bef0b668269d20b15733207ffdd725e8a7345eea89dbde955be
MNIST_alpha-0.5_K-5_seed-50,MNIST,dirichlet,0.5,5,50,5,True,True,True,True,79e3b920b2883336ff3490d751ec711e4c9942096cb1d03f1a6e4b36937440f8,8760c45438b95aaa097e6c7c7d1367ddc93893bfab65bace8d670d941cfc4236
MNIST_alpha-0.5_K-5_seed-51,MNIST,dirichlet,0.5,5,51,5,True,True,True,True,1c145d3881128e6968d16228ed2326e131a8f0b4db35f62326cc64181ceaf2f2,336c78c16ad84121b2a4a75230c234e7d588f116d879297e1db51321b549f536
MNIST_alpha-0.5_K-5_seed-52,MNIST,dirichlet,0.5,5,52,5,True,True,True,True,28296a6cf6fc3a4f8cc395854fb65ab246d59984c29c3897dbd4422c2a228d95,bbd6d79fbf8daae4c3c556fe8dcb9c5c473baa02a95c03688abbe952351860a3
MNIST_alpha-0.5_K-5_seed-53,MNIST,dirichlet,0.5,5,53,5,True,True,True,True,56519cd0b9a5e0d83e21ba5a95f041ac87c39e859cba51531af139bddbdb888e,4401e4b780e376f502782dccc6af93befbe2a2e00acc4c9240b3a0fbb6005578
MNIST_alpha-0.5_K-5_seed-54,MNIST,dirichlet,0.5,5,54,5,True,True,True,True,95e3cfa23aeca7445ee71bf4e8846b55cd1815f70fba10c57a99171a37bcec7f,85aa83fbb6b1f646a47009279778576da36e4d402b4090a83a7465cc66ec21a6
MNIST_alpha-0.5_K-5_seed-55,MNIST,dirichlet,0.5,5,55,5,True,True,True,True,93567241e72b75316bd7e194b75a228b66d4c03509c1e6f0619b5ec9345f409d,bab82a35bf1932d6e0fae3ebf4e68f01f0b1607c37c6de3bad3debd5060cebdd
MNIST_alpha-0.5_K-5_seed-56,MNIST,dirichlet,0.5,5,56,5,True,True,True,True,fe3b77f4750c6cfcdeb7608cdda566b88d65dc28ea9af7ff48d635304fdd25b8,4c57d056ef9267ed25a1c44c52162e03658ca3a1ea37902dfa9018a4f7565959
MNIST_alpha-0.5_K-5_seed-57,MNIST,dirichlet,0.5,5,57,5,True,True,True,True,ef5b874206be03d6388c0dd09871e0d9b02d22c8ceeb63d73dc7b0c7b23bfa24,4562d458a4a8306906e221e55db07df3238b45be58304730d8f5cb3ad1753782
MNIST_alpha-0.5_K-5_seed-58,MNIST,dirichlet,0.5,5,58,5,True,True,True,True,95231901a678b4626880a22bbba982a05a937097885f927fa2126b9d70bca437,15941260d1f144e1b250040a6829ae55f44b554416ca3ac68e2410de7c9d193d
MNIST_alpha-0.5_K-5_seed-59,MNIST,dirichlet,0.5,5,59,5,True,True,True,True,a03973030f80b73c8f3310a9c83513bf2ba0b2df75814b378e7963ea8aebb392,86164dbd3bed814f2a0ac17ae646e97fa5cc2cfb452498a7cb9ff5731d93ac68
MNIST_alpha-0.5_K-5_seed-60,MNIST,dirichlet,0.5,5,60,5,True,True,True,True,2317b26f68702d3476a813ead637458b79c58a189a3edde3c066c3cb01850c60,ff2abe99529787f0817c082f7dbdb59cb07021ea3a815319ecb931ad34f21947
MNIST_alpha-0.5_K-5_seed-61,MNIST,dirichlet,0.5,5,61,5,True,True,True,True,2adcef089775f0c2945a6f0a18542e04cf1975f5220d00a558a2c3bb1905ac1a,a56898f1dbe7e52ca274c1c9ba348828d92348a4dd3d39a66207e02fb570710e
MNIST_alpha-0.5_K-5_seed-62,MNIST,dirichlet,0.5,5,62,5,True,True,True,True,b281bf907eea31e0d0a3df0e89f80987288cc316e3c33347c4cbfefe83842c0e,a6f938bad0f13bc8eb7b0021dca6682f8e917dccba95f65dbf712522b4f32b00
MNIST_alpha-0.5_K-5_seed-63,MNIST,dirichlet,0.5,5,63,5,True,True,True,True,8fc17b89d3c34ea8651157a70ecfbadc3d8402859f0af9c1bb913cf44a9520cc,6afa728c1d5e70847336e33e58790a4293061543b643f16ad9078959251dbd8c
MNIST_alpha-0.5_K-5_seed-64,MNIST,dirichlet,0.5,5,64,5,True,True,True,True,968996451f6886526971b5c8c12d605ca854df0541e7d351118fc91d52088085,aa184663184734f31e7d6930ae1a62a2ca304050ec0edab0d52baeeb2e3323f9
MNIST_alpha-0.5_K-5_seed-65,MNIST,dirichlet,0.5,5,65,5,True,True,True,True,addf00591c1097b8d11fdf960d2cf4245bcd114f9b35d5972ec1ba95341498e9,2db9093612f3e51ed3530aa68c165b15f47129757deda2f8c955d7b8f86ec8eb
MNIST_alpha-0.5_K-5_seed-66,MNIST,dirichlet,0.5,5,66,5,True,True,True,True,0dc787447bc957235667a42153fee466f968274997e269db2f9cb19dafc7982e,472876a040765b2e50b5ffb5356002a2385703ee44ba6f28fbfb78f13b675848
MNIST_alpha-0.5_K-5_seed-67,MNIST,dirichlet,0.5,5,67,5,True,True,True,True,1b9f2f9ce4793efea221e10c5a2b42e9a151fe7cab1b03b31d352f6f7261a5dc,365d3b19c98e69484103e267a3f12acd8a7627af02fd035ecd28c436f0194686
MNIST_alpha-0.5_K-5_seed-68,MNIST,dirichlet,0.5,5,68,5,True,True,True,True,78126d30f2abbbb7faa40ed51d9160e014a2f6378d8ec3cb3c20681d8a5d2060,d30fcc688d39057fa3ef88b1a28157e962fd40cf02ae5074bad07aa13bac29fc
MNIST_alpha-0.5_K-5_seed-69,MNIST,dirichlet,0.5,5,69,5,True,True,True,True,7bb268e470920f65489222e097e09967f88f47e3f60a57c4183d07cb54c43896,dd319bf9ca6b55f212001df70f7ae2fe685b935b5a284930cfc2e8c66b28c9eb
MNIST_alpha-0.5_K-5_seed-70,MNIST,dirichlet,0.5,5,70,5,True,True,True,True,2d06c1a65fa762853f578273946be57cc5f981fd2012f962090f4db96cf3efa8,aca85006ac14548da99afa78806051c9b229b55099a7612d8b582f5b27adf82f
MNIST_alpha-0.5_K-5_seed-71,MNIST,dirichlet,0.5,5,71,5,True,True,True,True,3dcd5e082eadb85f77184ade97e8df9f9bdbd6ca7b78f02eca0df43dab71e0e9,979b6a9d3242d12ebce90ccb59287ae71036b1cfa988c9ae111ac70048c50c48
MNIST_alpha-0.5_K-10_seed-42,MNIST,dirichlet,0.5,10,42,5,True,True,True,True,5999ffb0cd92a8ac3df0e4be487c50cabdce913c318faec7ea64a5c87e59dcb2,be11b683ddbca55966f52018ad2d87ac9c101f81bb81104267a309f113964565
MNIST_alpha-0.5_K-10_seed-43,MNIST,dirichlet,0.5,10,43,5,True,True,True,True,bdcd629bb1e4a04b6b9d5092445098253f7f663cfddb3e6702ed87d19947477a,f745e9402a96d828db4dda80879b5cfe01732d8cb00b53d4c9a4403f4f90ea60
MNIST_alpha-0.5_K-10_seed-44,MNIST,dirichlet,0.5,10,44,5,True,True,True,True,68a6268ed90c949033256351636c3c1ef5fa78b5044eb75d2ae46164ba2a765e,a7ffef398cf72ec7f2383e1241a32429e1cd5d3be3a8eae9a6b5ed6317dd143b
MNIST_alpha-0.5_K-10_seed-45,MNIST,dirichlet,0.5,10,45,5,True,True,True,True,9fd5232410ac270a0e82e3e16b4d10a4b8779e0f66660452e236fd16f1e68e1f,a6678edf6149abc9e604ffd2887dd832a196d3d84044d8ac6c5f63a07b4ad463
MNIST_alpha-0.5_K-10_seed-46,MNIST,dirichlet,0.5,10,46,5,True,True,True,True,02f545f0b7d66c22b35bf14f0c466bbbc5892d28fa0abedb496d8fe376c13bb9,c925500dc45117556d39d344fef5c04adb299eaef67abb2d47933efe8c1842e8
MNIST_alpha-0.5_K-10_seed-47,MNIST,dirichlet,0.5,10,47,5,True,True,True,True,e3e2949654dd168fc6c40c78b7659dd265615ef33a0330edbdf1e31016b2d1b5,cbe29cfb43cac19fa6cbc0213ba2c1d48c6f78ff782b6c3c03f81449587bab24
MNIST_alpha-0.5_K-10_seed-48,MNIST,dirichlet,0.5,10,48,5,True,True,True,True,ff47980a7b540beb89e7dfb7d5344e4593f7eec756d4126da649f2fd81b72d9c,fe56f4d4200a5d958be6942a446847a88f461dda5da8cbc53f84d3045d3b861b
MNIST_alpha-0.5_K-10_seed-49,MNIST,dirichlet,0.5,10,49,5,True,True,True,True,01d9a8f37d28e0e055e15acda9abea735b35783ea464acccf29aca179578db37,cde72a7f92cca824d4524242246d2cd740b56953dcdd8aad93b890e4670f106b
MNIST_alpha-0.5_K-10_seed-50,MNIST,dirichlet,0.5,10,50,5,True,True,True,True,a748a628b6b803c30d57648ecefb71814dd549c84cfbbef0c906c284f91e24a1,2a6b02b3365c9aab6be89df1a9de3189b1c64b68076587419302173011d8fab0
MNIST_alpha-0.5_K-10_seed-51,MNIST,dirichlet,0.5,10,51,5,True,True,True,True,0a628125c27f0000e96908dc5e7f4c449b76f3e138d7c7b18693149721d8620e,785aa8bfb6e6b231396bde5f542329ef9991581c184c9ae49cf6742d851cc8ac
MNIST_alpha-0.5_K-10_seed-52,MNIST,dirichlet,0.5,10,52,5,True,True,True,True,1a4263791b29d7eefba747080fcece52f13015f86fcdefc49226a40d7364a279,2e576b46e0e130a00fd52514fa809f237877b953a0b8c6241e2d6f296ae9a44f
MNIST_alpha-0.5_K-10_seed-53,MNIST,dirichlet,0.5,10,53,5,True,True,True,True,8e855b3c4e756bd370de2a160cac6eb11860acd872f71bfd33862c5c84391be4,2b6e8337812c369bb9b5c0c8eac911873b1229a9025674b45f0d8d7983073454
MNIST_alpha-0.5_K-10_seed-54,MNIST,dirichlet,0.5,10,54,5,True,True,True,True,c1c5371a16175ed0ac98c7a8955bfcaeca5b5e8c4b30c185fcdbbb98bb88905b,517eab179a009ddfc02b2aaf9ab92102b7f546fb3a623154b7be773477b9ef98
MNIST_alpha-0.5_K-10_seed-55,MNIST,dirichlet,0.5,10,55,5,True,True,True,True,749d3717a70230a2508fc8cdad4be456699a06c4a9be4a7f9150f40b464f5dcf,2027a0447aad53783510a7ca3ace36babc4c41328ad5ab20c576b4c4234ff620
MNIST_alpha-0.5_K-10_seed-56,MNIST,dirichlet,0.5,10,56,5,True,True,True,True,5572ba4fe94bdee9353cf48d127ecda21ce3de8500668112a50b98444cf3ab39,253ec0f2d8413b9becf3f763a604db7201ec0fb61647c14c2e2deac29fe3bfa3
MNIST_alpha-0.5_K-10_seed-57,MNIST,dirichlet,0.5,10,57,5,True,True,True,True,24213f1192d56b702821f152e4e4e049d16bdd678d9447d7492ec1c81be0700f,7b8847804f92ddbc79ad181d9b072093675da321abfb72614d853debed17da2b
MNIST_alpha-0.5_K-10_seed-58,MNIST,dirichlet,0.5,10,58,5,True,True,True,True,6fc5cfa97ac4ec8c6a149c6247c25a7c2e1564bdcc7229e955aa9f912fb3b8ad,bccc72f6d64b6e592f6b80628ba4ad4f0991377d7f05f41249765f0134ed1614
MNIST_alpha-0.5_K-10_seed-59,MNIST,dirichlet,0.5,10,59,5,True,True,True,True,713ce764b96a166fcb9e1308c9cce67ceb30ff6aaf0b9c09190415074764c713,6aea79f2aa6e7451c2cd383278583d4fa72f1f24e2a039449d17646bb69ca19d
MNIST_alpha-0.5_K-10_seed-60,MNIST,dirichlet,0.5,10,60,5,True,True,True,True,556131f19658081076d29253bcc0a7226d123830acfc074ea56483ff23472005,9be871d19090aff29d7aeb490c1b2c0ab1fbdaa02c762dc80b2660c667127cab
MNIST_alpha-0.5_K-10_seed-61,MNIST,dirichlet,0.5,10,61,5,True,True,True,True,1792f126e3b51e65d420717da9ce85f37b6f09a5e32270e157dc6400b7af2884,fae804d548986afbad06e60b4d436cfc9259f856abfb51b269998cee5f785378
MNIST_alpha-0.5_K-10_seed-62,MNIST,dirichlet,0.5,10,62,5,True,True,True,True,e716ee9dee661748bc32e81c2d069a50e0c5c49a830765fc2b5a19a2c4e473bc,1b9bbf052ae614706dc98f0923ac00b5c22e42b897f3f29b6f624740aa15d2eb
MNIST_alpha-0.5_K-10_seed-63,MNIST,dirichlet,0.5,10,63,5,True,True,True,True,7af32a5bcc0ceb6337d647c399d1f1a0b04f2251904aa6d93c4589d077cfa493,277c7ac9a0b537841e9fade2ee0424ddd137db1fe057e0940403bc2436fe9c80
MNIST_alpha-0.5_K-10_seed-64,MNIST,dirichlet,0.5,10,64,5,True,True,True,True,0515313eac6157e8887172c1f50f6d0e4453c5ba09e28d0649cd54736045977b,4b6166f37f1403345ead69458961c37f394b062603a5b23ca77fb6f26da2e0f8
MNIST_alpha-0.5_K-10_seed-65,MNIST,dirichlet,0.5,10,65,5,True,True,True,True,122cac75e963b90bc47075333d2eb77a689ece4d5096e2b7bc5264206c25447e,7408d8771fd54fd0b87bedacdb65d8f0d58fc298e0ea9a620a018c3fdc7d6ce7
MNIST_alpha-0.5_K-10_seed-66,MNIST,dirichlet,0.5,10,66,5,True,True,True,True,b646d6d340fa7346a1b6e013d70d7b0e2f2ffd2e82538b16eefa48652b52423c,0d6d7a872cd0f4bb5c331a4842a99cca48cf18bd9e73a3ca103c6bdf6d531fc1
MNIST_alpha-0.5_K-10_seed-67,MNIST,dirichlet,0.5,10,67,5,True,True,True,True,02c2611ce05c686137d08a29947f1efcb8463d2f102d3212c7de2bb628d4025d,37ce9a2bb4886ab29dde0f1ebe399d78815b12913f57316e367c2203e4c93d66
MNIST_alpha-0.5_K-10_seed-68,MNIST,dirichlet,0.5,10,68,5,True,True,True,True,c6e0f85421e0e6344b10667f4d9cc240f0e375d52665c3b1849c384b2961d8ad,633563f14d18555b210a87fc2e2d504149502ffec01ab7c2bb6818dd70239c1e
MNIST_alpha-0.5_K-10_seed-69,MNIST,dirichlet,0.5,10,69,5,True,True,True,True,cf0e84a7bd4f99687a338947e287a6712f1088ba34e324f2f25f7904c3b457ac,0cd5205405f37a554df85a6c92dc3481939588ef694ca912d6895aa40cc26896
MNIST_alpha-0.5_K-10_seed-70,MNIST,dirichlet,0.5,10,70,5,True,True,True,True,e2a72670f176f65406091db503b6d9e263ba5414d5781ed6c12d775642763ed1,bbf08af9f7bdc7e8817e8156bc5bd09ec82c1384b5f1bdc02abc237bc1ea7c50
MNIST_alpha-0.5_K-10_seed-71,MNIST,dirichlet,0.5,10,71,5,True,True,True,True,f2ed1b27f7c0b67cc4b4342fc9c54ca3e6f2d8c12102e2f9522e086026230bf0,197d3d7d11b44d057bd9b0076b7afab14586f1fc1b6bdf05d7c03030cc6cd259
MNIST_alpha-0.1_K-3_seed-42,MNIST,dirichlet,0.1,3,42,5,True,True,True,True,1bf03167295b2be2c0566a8c88978a42437e525edb68ea16d9f568c7949972a9,442f38c579e304eefe4f353b65a6e715342a55e7a8515f5b9280bdfbe044c9ec
MNIST_alpha-0.1_K-3_seed-43,MNIST,dirichlet,0.1,3,43,5,True,True,True,True,bded1dd591cc9597878af0a230b8a273d5069a3d92c603421d78a64b6f77d542,9eb1c49831be6d8d84fb34a5bf246ae9e571f0b70cdd1fa086ed02c761c81fda
MNIST_alpha-0.1_K-3_seed-44,MNIST,dirichlet,0.1,3,44,5,True,True,True,True,11ee21bc551b99e684f75871cdeee5306b874a422fadf370be21b1bfd361b4d1,068302906f67a820b4683acd30d06c8d794b2419bd4084757eb791f585629077
MNIST_alpha-0.1_K-3_seed-45,MNIST,dirichlet,0.1,3,45,5,True,True,True,True,252d4e1647e694ed6a68461f43f1da45d4862f433894671de776f80560b5c2bf,3d83b92c603a633b91116312d4d928453843d23ffb838e79e6dc0607be012b8a
MNIST_alpha-0.1_K-3_seed-46,MNIST,dirichlet,0.1,3,46,5,True,True,True,True,45d6f872873a0511656645463a9f27b4185616f972cad32d3a251158f74f68c2,c940f1e573f348552c4be69406856ba4953a33557a5ba147a3e8c93d1a7a4120
MNIST_alpha-0.1_K-3_seed-47,MNIST,dirichlet,0.1,3,47,5,True,True,True,True,136003c728464779e604c2c64a678bac9b3fb9b0c5dac892fcdc0eaa7c45e7dc,de54b1f3611e5da6f8ed54f23faa7f4f93b4f6758dcbcb424faa1cec85306897
MNIST_alpha-0.1_K-3_seed-48,MNIST,dirichlet,0.1,3,48,5,True,True,True,True,61051b1e10eaa6a18bacf959e3aabba0f1106da7ca333858ccea6207de22d54a,04af9c83b8a55e779ae1fdb3f2d8d0ecd57e5afa47ff30e04c6d6d6d2813b6f7
MNIST_alpha-0.1_K-3_seed-49,MNIST,dirichlet,0.1,3,49,5,True,True,True,True,e029e527035fd2eeec1aee61296b53972f0e34c7d33fbb79bb859c1de8264bd6,44f9e3e7eca32e8eff536b1408908e8e54571ed6ab9aa5dd0e3013f3cd80f395
MNIST_alpha-0.1_K-3_seed-50,MNIST,dirichlet,0.1,3,50,5,True,True,True,True,59fffccbe598efd484456c52bb922f8a18cb537e6c4572facd5a1c4cce615fa4,6bc9f5d8c2e119eab71be808f5d6166fe8764863afee7fa8bc0d0b49fee97dcf
MNIST_alpha-0.1_K-3_seed-51,MNIST,dirichlet,0.1,3,51,5,True,True,True,True,72713e76493fe74e75a01eb95cde9aeead42948e39b0825d54cd5a476d219dc0,d132e22016d78beec291e01d77c84cd5dd6f090d46b9d5f2197b2bdd1ddce572
MNIST_alpha-0.1_K-3_seed-52,MNIST,dirichlet,0.1,3,52,5,True,True,True,True,1790abf730b583b658b929c376886b70c9c537a4fd48f2bf94c5a46e8a175d38,d79ccce42c5f53d0757688dc2c2599ca2a5bcf0744a55e15eabfdb8458d6a792
MNIST_alpha-0.1_K-3_seed-53,MNIST,dirichlet,0.1,3,53,5,True,True,True,True,9c062d84ad550773b38e4b5b9398015f16b7388a11fb67b554186a06709c28b7,56b49569f6b8f97c5b030d31a9a1f9c2788d800779e11e5d20349ab91a39a247
MNIST_alpha-0.1_K-3_seed-54,MNIST,dirichlet,0.1,3,54,5,True,True,True,True,5613e51097cbe0a9d249dd125bd97a4c712dac8324e810d8cf057c555a3cbc49,520a1debbfc259f3234f9af531c3e7c14c803be9473c3c371c8000c5a85f107a
MNIST_alpha-0.1_K-3_seed-55,MNIST,dirichlet,0.1,3,55,5,True,True,True,True,3304c9fcc59d9a932c1bc0da3af6ba7789d8b31fd7b85ae7ce7d5f03bcb6d621,962a6b064ab2e7ad51ef8ac057665d75c3569f354322c075b00ae170b395be10
MNIST_alpha-0.1_K-3_seed-56,MNIST,dirichlet,0.1,3,56,5,True,True,True,True,9d501bb1ada239975fc572ea77022e57cdf681a3458998a79d495bbbaec00ed6,5e21b0a9b6b2a67e236976bb6ea8afac388aceb5d6870c41d84eb06971b53ffa
MNIST_alpha-0.1_K-3_seed-57,MNIST,dirichlet,0.1,3,57,5,True,True,True,True,e7ea67b0d03a7b37a53e10539d881fd99562558b3a3535547927f7542cfe4c27,60fbcc0468c09794749814ab736218ff94816b6a7c3277ffcb7582c059eceabe
MNIST_alpha-0.1_K-3_seed-58,MNIST,dirichlet,0.1,3,58,5,True,True,True,True,ec3426ee8c4728faf79c694392ec065c709c99c73d667bb7259dd5639b78ae23,55569868a64e672e7d73eae55919d7f810dc107b10e6a24805de80a448065ece
MNIST_alpha-0.1_K-3_seed-59,MNIST,dirichlet,0.1,3,59,5,True,True,True,True,8141e96affba8cc7e6e5cc62cf1b83fd1aa5db345cf995ab7e773b5a087bfb44,ca5bc86c9de79baba63735382c14abe03588903dc6654185fab257e5c32522ee
MNIST_alpha-0.1_K-3_seed-60,MNIST,dirichlet,0.1,3,60,5,True,True,True,True,4df64fed2342dd2feecaa68788f74bcede5144e990a5c9a9ea75ecd6bcafa833,d86d9e9c164efb7ca4cf816d4271b05c864eb383303adb9e7ddd8104d225d84c
MNIST_alpha-0.1_K-3_seed-61,MNIST,dirichlet,0.1,3,61,5,True,True,True,True,8da4ecf9612a4047122a4f2ce76a3272642d52370478e2976fd8d0665e1604fc,d07a8d8b1f5c1392497c8b19d935897bcd4bbcaaffe05c809591bb8dadeda769
MNIST_alpha-0.1_K-3_seed-62,MNIST,dirichlet,0.1,3,62,5,True,True,True,True,37d07753887ae8dce03c850758df8ac8b3fead9fab6af08cce9c2fdb593a7cc8,e99b5636ff4b94c779beb289a5a20a441c5d03020b1e5a24a9aec7606ddcae6a
MNIST_alpha-0.1_K-3_seed-63,MNIST,dirichlet,0.1,3,63,5,True,True,True,True,d30cc6a6794767c7cf0722a7df8fd4adb13354daa1189900b2431295d09ec6df,37037184aa8edef19d1c208e96644a2eacdb6b8c02f0c9143f9364d49e294407
MNIST_alpha-0.1_K-3_seed-64,MNIST,dirichlet,0.1,3,64,5,True,True,True,True,bf832a6a1397f777d0571272e7b9ed665767af91c7d14c8fa8f90bafed6b005d,568835e8ad28f350b3c5f43418be344c735dd609857b30e102debdc3e44f34b8
MNIST_alpha-0.1_K-3_seed-65,MNIST,dirichlet,0.1,3,65,5,True,True,True,True,d1607cc3dd1a3082f0207b85ca11e7a16df6ab1163e8879953a488973945d207,7d0739fde83473eda180fc346c8517fdc851d230c579219e3b3abc8fc2674661
MNIST_alpha-0.1_K-3_seed-66,MNIST,dirichlet,0.1,3,66,5,True,True,True,True,5ee1fdbf6016b3cd1d1a8d2e0dd6293529742428c2b8f4c46ac84b48eb28f576,60300bc8464efa955c035474ef3de3b5707ffb4a6a4a0465ebf66a643322a8dd
MNIST_alpha-0.1_K-3_seed-67,MNIST,dirichlet,0.1,3,67,5,True,True,True,True,79153a2c7234cb5dc9b81d00708017b1008717ff8dc9dd0dbd9c2750dcf2226f,f20330ff4cb237bacf75b07b2bff34757621f038950dbf9608520d4873e94bda
MNIST_alpha-0.1_K-3_seed-68,MNIST,dirichlet,0.1,3,68,5,True,True,True,True,d8cce6995b97e29f968f56178548749cdab8cbaea3c3be655f42c4e3dff270d7,1cac243a697698118a5f963304cd1c17f032cf1412d1405c7637a5515ef2fc81
MNIST_alpha-0.1_K-3_seed-69,MNIST,dirichlet,0.1,3,69,5,True,True,True,True,2a8f4a27cb352272a6cfaf5859d91a174a8970e121309d0df86cbc1107341d38,1a3dca9325925b2ba9d3a12047efd83634d87e9cae8ec8f66bb1a7af3e4499d3
MNIST_alpha-0.1_K-3_seed-70,MNIST,dirichlet,0.1,3,70,5,True,True,True,True,c25173f9ea80df7850a9d951815ee8a46295efb70df7b28eef93e51ac816ad07,9d1db70780ac0c3f43eb440e8ab2be9372b665dc9482abc53e294ef6067db7f7
MNIST_alpha-0.1_K-3_seed-71,MNIST,dirichlet,0.1,3,71,5,True,True,True,True,33da0fddde3e45b6b073d13c8d8417689f98fe15864445e81aec1355a014365e,a2d759736ccdaa94b8918de59a350c9b776bba382f3db5a9f4e63fefdda697d9
MNIST_alpha-0.1_K-5_seed-42,MNIST,dirichlet,0.1,5,42,5,True,True,True,True,b6f0ff8aa0bb9b6558642ead1e0b8e208da211602eea0a9c006d101d72144c95,264e5efe02e28b133ee65341fc57b57f70e26671ea3d9f6bb05f3768eda447da
MNIST_alpha-0.1_K-5_seed-43,MNIST,dirichlet,0.1,5,43,5,True,True,True,True,7e71fd64a1def6af99d8b15945ba327e2ce50491dd1d6ecfaabbef847b90cd34,6be1b4a6156eba79eb2d86484e02d0dd241aaca7b5869a855a54897ff82cb99e
MNIST_alpha-0.1_K-5_seed-44,MNIST,dirichlet,0.1,5,44,5,True,True,True,True,94690fc2f97a4bc367ec36c98997e502048172c6bf8e8e0ef97f9b0d9b026218,837c67e3c9bcad156868d7fc431d0a7791dac413844b7f597577ac3edb56ff10
MNIST_alpha-0.1_K-5_seed-45,MNIST,dirichlet,0.1,5,45,5,True,True,True,True,d53d1c1cafcba1d3f523c371a2b3d20ccf5b4491585c0109b5f6e9f2409d048d,73a3f541d3ca41ba17c8df08b7848c84f16c6d36e0faf4674c91269a79c1fe41
MNIST_alpha-0.1_K-5_seed-46,MNIST,dirichlet,0.1,5,46,5,True,True,True,True,1354a6f368f667dc3123df4379d7a3a51c782833ced3d7876101514ecb438f87,7d7c7e9c06a5096a8a8d6c0eb27a387797fbc2684032a3eda5c875bcc828fb95
MNIST_alpha-0.1_K-5_seed-47,MNIST,dirichlet,0.1,5,47,5,True,True,True,True,e7c39456f25787c55a7c14a7916f35a108d134219c1b204d3fb43b035e03c407,d6d40aeabf433aced18d05572ee0b5236153f25e0f0081032a785a4878a3024a
MNIST_alpha-0.1_K-5_seed-48,MNIST,dirichlet,0.1,5,48,5,True,True,True,True,7d2b5909914d9815aa6e71cc9067bf67d5e827605112c4f038867562e15e524e,60c69c86d42f0396f97b9e2ffb807beb5e93466b9788b2c6bee3ad0857facc9b
MNIST_alpha-0.1_K-5_seed-49,MNIST,dirichlet,0.1,5,49,5,True,True,True,True,a1452722b0351c992e571d806313ec26310ad38e118f0f6517009d0a0389c47a,25fdc9baadc1585b6ec7578486b0e46e81e8777d69d1c070875f889d4ac059b1
MNIST_alpha-0.1_K-5_seed-50,MNIST,dirichlet,0.1,5,50,5,True,True,True,True,f5f0696bf59cf39d7a96bbf2e08fac48f4cb8a8bce40ac8ab36de0583f56fd1c,5e71a7d81ae412b5dff78b8a3586757fdb6f92fd2fc308f42af6a2c9dfeb6683
MNIST_alpha-0.1_K-5_seed-51,MNIST,dirichlet,0.1,5,51,5,True,True,True,True,e8fd10bc34fa37a092ed4af5bcbfaf97d6f53d0c160eecc12c6a42ff8e70beda,23f1edb8e7afa069b7858398e3db50ed708b99bad883b78cf47b83ca6f23ad7d
MNIST_alpha-0.1_K-5_seed-52,MNIST,dirichlet,0.1,5,52,5,True,True,True,True,e8e7aec6291b2f60c4ad7fd710bfe84304d6dfb18109cd7c643f97ffa6e6a3da,b311e5aae35b1408b6ad6374ecc7bd3fae3977a7833573e9ede50e4fffec9a47
MNIST_alpha-0.1_K-5_seed-53,MNIST,dirichlet,0.1,5,53,5,True,True,True,True,2864defe99c1d9ff1af91adfd9cbdea7188138f65cf7e7ddace8210c265a882a,4c0f8a23ebf7231a8fc503579247cb4ad192bda5515e833906a43e1b6cb73cf5
MNIST_alpha-0.1_K-5_seed-54,MNIST,dirichlet,0.1,5,54,5,True,True,True,True,e556b80d1ee4b51ff48e12e3cacf1e6e55d25ec482766487dfe9cd7803a7bd7e,10ff5c4af6a50bb6ba6023f96c614e2b76cae8c7e627abb051882a92308c5e75
MNIST_alpha-0.1_K-5_seed-55,MNIST,dirichlet,0.1,5,55,5,True,True,True,True,b410f12c41bfa5793eeb6e3374cdbad1ff1ef660c8022d282ba10cf01343c3f7,3142cd54c27091954e95ea988e5ae158cc374e4f631c17fcd8f3856035868626
MNIST_alpha-0.1_K-5_seed-56,MNIST,dirichlet,0.1,5,56,5,True,True,True,True,484f485defb838afd5ee177f2f2897b927ac12a0bfae5d025f4affed40a4ecdf,651c414e4fa66fa6573fcfcc612bf8418d292fd92d68c7be9ee309fa8f819904
MNIST_alpha-0.1_K-5_seed-57,MNIST,dirichlet,0.1,5,57,5,True,True,True,True,7e6fff79b91080b32472fdce4b48b977e6540d773796cd33877c759fddff92de,d4378e3e828265b5f8d09e990ab2f80040a10befa3d3fc16f88f165736a1312c
MNIST_alpha-0.1_K-5_seed-58,MNIST,dirichlet,0.1,5,58,5,True,True,True,True,a0a302e1a29bf64596d643398716598a02ee088812f21c07d85c0c82fa151306,c2488e38297351768b241ea83f89e105926e1b030cba192ed3b8067e0b2be595
MNIST_alpha-0.1_K-5_seed-59,MNIST,dirichlet,0.1,5,59,5,True,True,True,True,3349869a2633664314c23698d96e8588821d8a4a2c52eb5b88a0430635c6d1cf,b35ddd691c7b921eb7c3807745b69d56791550c34c6c93d0914bf3f66c55a7be
MNIST_alpha-0.1_K-5_seed-60,MNIST,dirichlet,0.1,5,60,5,True,True,True,True,83d3ad9c5d41126a5276da8633c69f73a686227069353ce7a634d6feec6241de,1cec97e4741192646a9e48ba187e71da62cd9b02cfee39c42787ed0690e3a504
MNIST_alpha-0.1_K-5_seed-61,MNIST,dirichlet,0.1,5,61,5,True,True,True,True,7c7e16d9f9875de6fd1a60a00551b336539d568c5742955c6de87a062434a9da,7e2534691867bedaa990b5af0cbe8697e319fdd72f3c466ee3eab9e9b1276653
MNIST_alpha-0.1_K-5_seed-62,MNIST,dirichlet,0.1,5,62,5,True,True,True,True,389d5581475e4a2cc9bf4a14e5bf899e6a5e44d4af667e00437c2b9f505b2010,a60288b9ad2bf030015589dade90acf9fe9fb794cb8738677af5f66eff046ac9
MNIST_alpha-0.1_K-5_seed-63,MNIST,dirichlet,0.1,5,63,5,True,True,True,True,34de3b3cc5f0af0258243e68dd359ebaa14bd3431f692984994eaffa9aee3c57,8a195203aab3ea7691d7867393381bc3e1368fb7c3d940b4ef33be7138dbf7a6
MNIST_alpha-0.1_K-5_seed-64,MNIST,dirichlet,0.1,5,64,5,True,True,True,True,1bad12f370103f7d751f61d1ff8a04a27205a020f932e28c2d7db1d49638b37c,673ac1b6e376e413240fd00c0343ab1116bc6c49fc071f0f481c101ecf7d29c5
MNIST_alpha-0.1_K-5_seed-65,MNIST,dirichlet,0.1,5,65,5,True,True,True,True,65ec6275034cc66ca921117639dfbc4edf41777762e4b7fcfb1319794e9ab494,4f8d80d6ee8977d05183c86e5dbc6534bfd280c634650f900e0cfc4dba1f509f
MNIST_alpha-0.1_K-5_seed-66,MNIST,dirichlet,0.1,5,66,5,True,True,True,True,495f1f1bbc9f8c4b208b4dd8f2e94feddacb4bc75c653bb4f203a557e8ff5211,371a5236c801921ae1989b99d2f516d4f6c626ca62856b0845fd28b89f6bee40
MNIST_alpha-0.1_K-5_seed-67,MNIST,dirichlet,0.1,5,67,5,True,True,True,True,9e6fd5aa74bfd4eeac6103baf5261c15f23060d21e1abeb0643a4f1786a16771,48647e3033f84890a51651b82de1d282b47e60e6a86fa5979ea05625061b7995
MNIST_alpha-0.1_K-5_seed-68,MNIST,dirichlet,0.1,5,68,5,True,True,True,True,eba3aa82b7795c6f48ccc61b11c31b3359b123d02f777387e86a574e1c1484bd,081e872c5aa8d5cfcc64fb873133db686d7ce0c6e8367fa419eaf910a4aaf846
MNIST_alpha-0.1_K-5_seed-69,MNIST,dirichlet,0.1,5,69,5,True,True,True,True,a066b58ff85d1de71c62da1d8c7665dab0dcd758cdda48bd390231c82425d9e8,1f8205aadabe6480cb798612f34c5f849de59f7be0f9db292cb8d1fe3f81c483
MNIST_alpha-0.1_K-5_seed-70,MNIST,dirichlet,0.1,5,70,5,True,True,True,True,3edaf89d2fdd02fae04097debfbcbe6c73021cbdafd8812f39bf006ff1291aa9,07e4adf763217acbadf6ca4094863f81df9721a003979dd89c96021fd8fc8324
MNIST_alpha-0.1_K-5_seed-71,MNIST,dirichlet,0.1,5,71,5,True,True,True,True,5a157f815c1d9150366606fdf106bcfd9f2e1acd70834343f85a200d7db1700a,099a427c0cafe9fb9a6f1c8623c25aa4c21dd13512a5e6746fd305c8516cbcc1
MNIST_alpha-0.1_K-10_seed-42,MNIST,dirichlet,0.1,10,42,5,True,True,True,True,cddf0d6c885ec410a1a42a144d79a9f3e3cedcd02fbc60c2f9b0b89ad9c054e0,b1e58e8b69736d8907da27b032d8a227e21a59ee43100b95118f752d497f9af7
MNIST_alpha-0.1_K-10_seed-43,MNIST,dirichlet,0.1,10,43,5,True,True,True,True,9ff284a8099d93f6a42f067d0ce3e7e7f6d63295f8244446d225f79b91c1fb39,a8231576552e800b7d355db15d5fea08d777da8a34fcab8cfbfef36be064f72d
MNIST_alpha-0.1_K-10_seed-44,MNIST,dirichlet,0.1,10,44,5,True,True,True,True,686b1d08e68bb479f3fc6c65930d40241901da2e2396c03668ffe1f84c771719,60dc43eafbc7e60ea2abc7c064efa31a900fc6baa060957ac9537ace41536af5
MNIST_alpha-0.1_K-10_seed-45,MNIST,dirichlet,0.1,10,45,5,True,True,True,True,3c22b61a6d4f57bfd0cdb8221489b7dfcd0b348873cf87ac77d943c23abf1776,8dfa6154a9c0b586709aecedd6e8e4601121201a11ffc33113dfb2c4409a3f31
MNIST_alpha-0.1_K-10_seed-46,MNIST,dirichlet,0.1,10,46,5,True,True,True,True,7dcceea829daa6b59189f9f7b7b2982307b4e04285a6b52876a83b42a057b205,da6ba2236ea611abc595c6851790267fdbc355f0dff5a59615294d1bd95a857f
MNIST_alpha-0.1_K-10_seed-47,MNIST,dirichlet,0.1,10,47,5,True,True,True,True,e51a5a7d4ee42447fa3e0d955d60399a595b1f4c0bafafcae542f4ece780c37f,96ad9e2d2ad8b31004b1a0a1651c146c87fc7c0761bc56b910c189dd8014df1a
MNIST_alpha-0.1_K-10_seed-48,MNIST,dirichlet,0.1,10,48,5,True,True,True,True,15f0adb98ce4448815398a1c45347460cc1ce7c3bf652f54280682517b03e3c5,433ab1629af9a2101b5db0b6a9688d9cfc7a02f96edefa95e3c11daed168abf7
MNIST_alpha-0.1_K-10_seed-49,MNIST,dirichlet,0.1,10,49,5,True,True,True,True,cfaf60fb66d6f0afeca6025b90b2aba56c3b486316da2c737242f0faf48fa65e,1e77ecee1cfc189b63ddcfc2cec3d6adac5adc9f8cb414df09537bfba91c2927
MNIST_alpha-0.1_K-10_seed-50,MNIST,dirichlet,0.1,10,50,5,True,True,True,True,ccf6fe65c2de6d7d33deb79ba186398b18e0cd6e3a897e8d96c726f17097baaf,7bb8c73bea6b884959a2b093ad90bd1c66f4085e87eaed5042a22f36dc93e8c1
MNIST_alpha-0.1_K-10_seed-51,MNIST,dirichlet,0.1,10,51,5,True,True,True,True,9dbe7d8627ae87961cd113f5d7642179be9a09d1de0fc70212c3a03b2ed619e7,09564e2f7a1cefe17b092a3acd1c7bd72936d6ac87fd41793de0ed42934c4730
MNIST_alpha-0.1_K-10_seed-52,MNIST,dirichlet,0.1,10,52,5,True,True,True,True,ca53a276a7d2a1a6ee9c2ab70a867ebed5e5c7936e9d05a0561e5ae3526394b4,cdd4a4be1ccc601f431ceced099d09ebdb52f3cfaf63e2320f1018d98ed1561e
MNIST_alpha-0.1_K-10_seed-53,MNIST,dirichlet,0.1,10,53,5,True,True,True,True,5924535faf6f3e719ca74ddd254c06d1bf835488b1115fd662a4955933055090,63a52f5f47fd81ae5139fe9e60eb06f645f91a08d9854c8bc0cf20b815aab66f
MNIST_alpha-0.1_K-10_seed-54,MNIST,dirichlet,0.1,10,54,5,True,True,True,True,6c26636431b4cbbab2ed8201fcc50583ae1a0fd993f85f1f8580b00b6e8b0901,2adfaa143d6add286dfee2329f6536957999162686265eba87686de9f4eb9a01
MNIST_alpha-0.1_K-10_seed-55,MNIST,dirichlet,0.1,10,55,5,True,True,True,True,ddc5f2e78e4b45dd98b6bc9518ccb9e01eee97fb9148c4390971f1bb2736059c,5401abf26ac42b1c0b10fd5feadd09c5d4b9d547f38e7c0ad9b0ab6c3ac8aa86
MNIST_alpha-0.1_K-10_seed-56,MNIST,dirichlet,0.1,10,56,5,True,True,True,True,4073e7852d87507341d765a2c04cafe837b2f846ac5299a69253b1bdb7e28400,c60c937fba2369a45ce0dcb138c9187f6b43ea9789c680e6926e10cd6de2d90b
MNIST_alpha-0.1_K-10_seed-57,MNIST,dirichlet,0.1,10,57,5,True,True,True,True,bb5a8a2c3de3736b6eabc96ca5679b38bc67958571e39878fed8b13b3309d324,49ba815b6edf743ef523f079c517e6f8c7f419ad7929d9758e9a0007e70865c2
MNIST_alpha-0.1_K-10_seed-58,MNIST,dirichlet,0.1,10,58,5,True,True,True,True,7556123bf08724ca4f53791d470a5042691d45d23e62d19829abf254cbe2f416,2020652f3859b4eef0e3246d2581b25091ccd1c16b67275537bda01fd160cdcb
MNIST_alpha-0.1_K-10_seed-59,MNIST,dirichlet,0.1,10,59,5,True,True,True,True,5bc01861603cb496b9d7a409e31528e8cc066cde0af4076c822b771d6d8b9620,336593fc2acb8919afb90c48a2c8d9b48c73fcb1c0134c5ced7691b4860d6170
MNIST_alpha-0.1_K-10_seed-60,MNIST,dirichlet,0.1,10,60,5,True,True,True,True,12f471f58ff3615b8f8102e133c86819786f65e4f9e764288d40fdc11ebd3428,a0a58e059ac92523a4ca78235248e3ac1e70a298564538c0eb98e6d098fecd2f
MNIST_alpha-0.1_K-10_seed-61,MNIST,dirichlet,0.1,10,61,5,True,True,True,True,e3bdfcf8e06a09578c3153aaf6aa899664d207f96af95de724d015d369b8f001,e4d28ae338be9f4a19785cc9e478ea3c0a9824d3a3827575094086dc10e2e254
MNIST_alpha-0.1_K-10_seed-62,MNIST,dirichlet,0.1,10,62,5,True,True,True,True,35ed8c11bf3636dbce8a4681687106e59a90492fc9f92761c27c70e07dfc3b04,e1537e81c7ab10dae098518eb5aba3a3a42022678ec694e0338f831997a6751b
MNIST_alpha-0.1_K-10_seed-63,MNIST,dirichlet,0.1,10,63,5,True,True,True,True,278ee8cf646c2554fa16a42e438b9750d087ac797fdee61cecc05720b36826f8,32b0165a09e346231178fe26fda6ef05a5cda5c21c47f26bca76ab8cccfcbfd1
MNIST_alpha-0.1_K-10_seed-64,MNIST,dirichlet,0.1,10,64,5,True,True,True,True,645bbea82643ab23263e40879cd5193911df770917bd3e39aaec6350b86be755,a114ee116c90235b485a02b1c008ad977dc4472ffef5338696ce406418a68a7c
MNIST_alpha-0.1_K-10_seed-65,MNIST,dirichlet,0.1,10,65,5,True,True,True,True,2bfd1b44c3748445223d40cf42695cd64f25278c3db299ff7f92d4f6aae39988,662a251301c0a6fd5a975fdbb4b122cdb812df22258180ac0a64852c3d25b071
MNIST_alpha-0.1_K-10_seed-66,MNIST,dirichlet,0.1,10,66,5,True,True,True,True,6e21412b6f16f5883c6b93040a5b20d801f8932d8bab02c6f19c16140b4ec37c,44c37cb2a4cdcea4417246bb4ba34090c29d0de8356f667c2699c169ba55477a
MNIST_alpha-0.1_K-10_seed-67,MNIST,dirichlet,0.1,10,67,5,True,True,True,True,2aa0176c92d9101fa690cdac05408c2559b33f8e051627a704d11b2e835085b2,d0cab230c4420b7fd9746ad2c5e040f3539aa22659dbbe5116104e78fe8a9e15
MNIST_alpha-0.1_K-10_seed-68,MNIST,dirichlet,0.1,10,68,5,True,True,True,True,5022d9299933020dfa870804e53cc021ddd895e186a7d88bd375c84959e3d5c6,008e5f734f212b05daa9e924940433fda9726287ca7d2f66c6e21d3b84f4347b
MNIST_alpha-0.1_K-10_seed-69,MNIST,dirichlet,0.1,10,69,5,True,True,True,True,f63ad4fed77820ae847026a50dd5aadce3cf85107eb74ea5d7f18c297accd4b2,6544cb9051726888c83d46ee475d6d14a0c02d17f9d456245f1bc81457af55a7
MNIST_alpha-0.1_K-10_seed-70,MNIST,dirichlet,0.1,10,70,5,True,True,True,True,8226044ebff1ffee5a54b3c14c10fdfdfc1cf1918a4c9cb6c5b42c90e71f7f56,08a1a70bef7449939138143dfec29227ec1e2b4572f2c8576bc9b479513be5ae
MNIST_alpha-0.1_K-10_seed-71,MNIST,dirichlet,0.1,10,71,5,True,True,True,True,131c5b93a21ac762cc4db36d10caadfe191d432d1cdd0e401d086a3895cda69f,6a9f46e08a0a3ac71b25982a3b0cc8e32c4b83929e0ede07331378c7c10b1dea
MNIST_alpha-0.01_K-3_seed-42,MNIST,dirichlet,0.01,3,42,5,True,True,True,True,f188a8a563c0c8f396e0772ca63dce19c553639679593b0c3a55725a4de27a95,a3c06ae4f36a0718888ce3eceb2d7b8d477130d152ceb577d116db801645215c
MNIST_alpha-0.01_K-3_seed-43,MNIST,dirichlet,0.01,3,43,5,True,True,True,True,d2a473246a15dd95eea6fa3e55333bc7dd1335c0cb31352029a57dd7f3e08ad2,b80ebec8c0a00c9d15faff12d74078f03bf2a43f3cfdcc95783592671f0a92eb
MNIST_alpha-0.01_K-3_seed-44,MNIST,dirichlet,0.01,3,44,5,True,True,True,True,1493f05a94786c5ecb9de178f30821dd162711b5b4df2c960becf610ac35de59,1c408dc2b2ded043bdcaa73183b63c7655e63352a0cb0465d6a27399bff66541
MNIST_alpha-0.01_K-3_seed-45,MNIST,dirichlet,0.01,3,45,5,True,True,True,True,696930693e8e158a9234bded59cb557274804eba67930bbcb98478d8249ffc5b,d1fe9b19019405a6de12f1c30885596f585945ecb197b775e3ac272f40792ef7
MNIST_alpha-0.01_K-3_seed-46,MNIST,dirichlet,0.01,3,46,5,True,True,True,True,cd464a68619aa4a8ea44893623f40bdce545f495da11671c2f638e1d826fc23e,95ef4d2a724187d15400f43ce39397a0a54c79be332bf1bab78cfc911ed0b337
MNIST_alpha-0.01_K-3_seed-47,MNIST,dirichlet,0.01,3,47,5,True,True,True,True,05d98900453caa67c6f98e36cdc050409881740296cd4eb1230ce9d3d8257d39,fba06a46a0e47e0bb12781200cd68a68e7c84459069d3e70122a6dc91ccd393c
MNIST_alpha-0.01_K-3_seed-48,MNIST,dirichlet,0.01,3,48,5,True,True,True,True,908829da86dbcd19ebc131e97fa73bba4f62c802c98d657b5ecf55dec96e5c94,b126da4ee69c00e88aeeba263032ec45b19ce8cdb5d0b4d7064cdb2679b09b78
MNIST_alpha-0.01_K-3_seed-49,MNIST,dirichlet,0.01,3,49,5,True,True,True,True,298bc5fd9dcbecae3e0f9adcee1a355be5b55cd5de4f51eb51336e2e88f5c786,0ecd959e9049d948d090c80a4a222a1703ff23606f3545016278c2a8189f4728
MNIST_alpha-0.01_K-3_seed-50,MNIST,dirichlet,0.01,3,50,5,True,True,True,True,7d299d16d4bdd21635cb2bef4170dfc21513c583a7a774a3d4b4cd13b6336d17,9d4fc2bf298f8aaff06ca8e32fcfef81b41d4fa8339e7d794834b30409489bba
MNIST_alpha-0.01_K-3_seed-51,MNIST,dirichlet,0.01,3,51,5,True,True,True,True,9f249fedf3635c1805286621babe2cf971ec144ad3f5e18d5a5f5b8a71946f4f,64923609223d87386a38f67728000f730382ea5990b83791965bc0251adda06d
MNIST_alpha-0.01_K-3_seed-52,MNIST,dirichlet,0.01,3,52,5,True,True,True,True,3a2cc12b43f6c64ea1f42206d958a3086de5c373cf6859920074a26a5739a921,3399014e7a0892cae9b6f5d72109ef53454f2c16e62b373e6bd9d39dd69772b3
MNIST_alpha-0.01_K-3_seed-53,MNIST,dirichlet,0.01,3,53,5,True,True,True,True,599356be2c13b5fbd2e83a999e14085e083ce11786f9a4edadacb1e435818f4a,d523c8b6b7d6dc5960cf6a72ffa83b720619ff773ac801799857d43a530dd3df
MNIST_alpha-0.01_K-3_seed-54,MNIST,dirichlet,0.01,3,54,5,True,True,True,True,baf5703828e875a2eac353d4bbb32bb7feb4e9792fc2a597a731e828ee8eb9e4,e3c941a0489589343bf7e44f96da7d56e87ed443150b20d677564cfe30d1edd1
MNIST_alpha-0.01_K-3_seed-55,MNIST,dirichlet,0.01,3,55,5,True,True,True,True,f96a7fa233d7b343db62aa2f4c830f05e0210dac43e474f020acecd4a23e9136,f11d773202abf028caf7ee39cf4191884f7022747868d7dcc1d70d31abfbdfdc
MNIST_alpha-0.01_K-3_seed-56,MNIST,dirichlet,0.01,3,56,5,True,True,True,True,f0f3f77f81e287f9f67ab93139831e6dbfa57b74ce16e2ec9e2f8a5a9e8aeaed,9d7b7fdf984e5d56078090c44b8b807fe54e580fbff456dbbb450bcf3a63d7a7
MNIST_alpha-0.01_K-3_seed-57,MNIST,dirichlet,0.01,3,57,5,True,True,True,True,1cb8bd2cbfeb663a40ba335b4b71b1f5c8ac9cab7f548174de18b39b2441b270,d209307d3a171d8a416280893ff73cf52177f732d3a553722728d66364c6fd27
MNIST_alpha-0.01_K-3_seed-58,MNIST,dirichlet,0.01,3,58,5,True,True,True,True,8bfeb950b7e15cea50eeaabfeb837c16c804c2097f3744081be26a0044f6465c,7387a314ef6021ae90671ff1670ea1b461b5e821620ffe411a73d24dd233cf61
MNIST_alpha-0.01_K-3_seed-59,MNIST,dirichlet,0.01,3,59,5,True,True,True,True,709ae156e54cc0a39c4f50bc9cf783f69038b4c0940da00530dbd04fdc37b3d9,2555ae5c7b734d37e13bf1c5a6432fe7eece416e9a89867df0cf13cb3dfc31a8
MNIST_alpha-0.01_K-3_seed-60,MNIST,dirichlet,0.01,3,60,5,True,True,True,True,8e5eb8f1793c2f42ebafdd0147fcd420242eb218a0734e22e6c03584e0006bbb,a6ed5992680a9fda2ec99e8e914ef4a6f1377e7f7adf2240f4e6259536311891
MNIST_alpha-0.01_K-3_seed-61,MNIST,dirichlet,0.01,3,61,5,True,True,True,True,5635db167e07799ab36e63a98713998c572b659a8ba011f83f38070b6bd1c551,76070edd7e6181e0ebb8efe6a818b2957f67aa6df12c7eea1283feb36e5c3486
MNIST_alpha-0.01_K-3_seed-62,MNIST,dirichlet,0.01,3,62,5,True,True,True,True,19fe76e3928f970ba556f9181265c5fb9d81d63bf779a7406dc9a7cb21e65c57,3b30cc2407a859f805f76659f111069c3104c871bdb970406a7eaee1ab0f5fed
MNIST_alpha-0.01_K-3_seed-63,MNIST,dirichlet,0.01,3,63,5,True,True,True,True,070c0182f9e579b9d46b4456fb948bad0816203bba87665766268b546d0efab4,844006fb858309ba51ac269be32f1e2e01ef95b98756b29a23a88c8d1671af86
MNIST_alpha-0.01_K-3_seed-64,MNIST,dirichlet,0.01,3,64,5,True,True,True,True,71b91224437f158e5115b20202b67f173d7eb489991f280f7da68bc47aac1531,5a300c9fa695d33b2ae872df7fa91536b044e3b5c85637669f3b1514d8d0a56d
MNIST_alpha-0.01_K-3_seed-65,MNIST,dirichlet,0.01,3,65,5,True,True,True,True,946cc2f491ba02983c345e75238694fc733cf92d20d738607b647201614fc62b,26bf06920c6cecede69b594aea024fe3d251130b70d823bb663d82eb349affe9
MNIST_alpha-0.01_K-3_seed-66,MNIST,dirichlet,0.01,3,66,5,True,True,True,True,b89e6ab5a8a4c03eee164368d7575ae742317330e2ddd5058b950e98b704b67f,907ddd4dabdafd7a2cf810bb18a9a745006fac26e9a69d75dfe936b446d410a4
MNIST_alpha-0.01_K-3_seed-67,MNIST,dirichlet,0.01,3,67,5,True,True,True,True,b53fe18b1c846e9176dcbe3dda67111970603cf50f1cd46e6865d489b42ed221,11cdaddbbffcbd522e4a9f19197c3b5d3fe4c542b03b94d492f2becfed2ef79a
MNIST_alpha-0.01_K-3_seed-68,MNIST,dirichlet,0.01,3,68,5,True,True,True,True,4b9d978306e672dea49a6c53f91dc48522238a32f61130b46920547edb074f22,13e8b9693944d9fd4a15c8724839f32bcdae3b6619c5debb5369e2556c805c3f
MNIST_alpha-0.01_K-3_seed-69,MNIST,dirichlet,0.01,3,69,5,True,True,True,True,18468e50104b0dc93afe3865d5349685bf368bc97c080f51fbe2e12f5a96b5a4,d3844b4ed1f9cbf3a14c03b0d782fc6dd63cae8437cacafb5b3472b132ff184c
MNIST_alpha-0.01_K-3_seed-70,MNIST,dirichlet,0.01,3,70,5,True,True,True,True,539ded81839d0fcedd8ff4d270ed00e72c165191cf24d80a87826eac1b897b6b,f380f0b8f280b29ee7a7f7cb663732605e8246707bb3a122e98079557a411c7c
MNIST_alpha-0.01_K-3_seed-71,MNIST,dirichlet,0.01,3,71,5,True,True,True,True,5ba95a744dc1ff826e77e2d0e134eac569fbd040b6f72bccc17d6a26b5881b5e,c7caa9ecad19caa65c399c2d971b013584847f7018b4309594d0bdc45f701d25
MNIST_alpha-0.01_K-5_seed-42,MNIST,dirichlet,0.01,5,42,5,True,True,True,True,6210d2ee9cb6227bba1bc95ac4daea2bc71aebf587b4b2e87e7a603f332c386b,b1766bd18f0ecfb655b17c39c3a973af43180e5cc5504e74f1f9f75b2709c372
MNIST_alpha-0.01_K-5_seed-43,MNIST,dirichlet,0.01,5,43,5,True,True,True,True,c212752e5d25508ba308701fd5358f58e099967d422ee2bdd6b80a7af9dc0f79,4f0de7909e49f1adf21b4ca90f59b1edbe348436565448a76eb7c0924bde93fe
MNIST_alpha-0.01_K-5_seed-44,MNIST,dirichlet,0.01,5,44,5,True,True,True,True,424d1401b244a9637710198d4df5d153c50d39b9f2bc79c8841653b402596de1,5d15764575e88703650ef1ea336d6255607e88ba875a28e09a46415681c345aa
MNIST_alpha-0.01_K-5_seed-45,MNIST,dirichlet,0.01,5,45,5,True,True,True,True,4d3c4a2e81fab6b139801ad6ad53aab46cf4fd1511ab723e71814166fc84ffdd,6a25f83563e9fc462ec8e44e9ece0d97c8fceb88cdd7efb31128f269fa2b9897
MNIST_alpha-0.01_K-5_seed-46,MNIST,dirichlet,0.01,5,46,5,True,True,True,True,299f7fec59f5b7bbe73ee316ecc85da83746474865c1ef175ed2813d5ca68ce9,7b4f648925465363dc7d87e51e93b25d9d82c2c7b7dacd3b85b1565f378c0cb8
MNIST_alpha-0.01_K-5_seed-47,MNIST,dirichlet,0.01,5,47,5,True,True,True,True,c555eff7754d94d64cb7e44bcf234ed90c80774e0a74198a96430fc54b369254,dc5819af0ab0f3eda909ab76af7e75e0f272d27f3d4cfb81a96203d87cedc0be
MNIST_alpha-0.01_K-5_seed-48,MNIST,dirichlet,0.01,5,48,5,True,True,True,True,da9387a8eac723d508ec7d57bd2be947ca6c7d30706b4e75a2811884d2097d8d,36d20a2c9d58eb059a2ce18977852930e7a41e7d70b1ac86db0347e70addc746
MNIST_alpha-0.01_K-5_seed-49,MNIST,dirichlet,0.01,5,49,5,True,True,True,True,141d0f12c1d97a23422260b2c81dc52ce1a825571af79ca961c778f7dddfb24a,074c188e3f7a052e9cd8e8bfc3188ca820ec66ed4808ebc45bf41fa3850858e2
MNIST_alpha-0.01_K-5_seed-50,MNIST,dirichlet,0.01,5,50,5,True,True,True,True,1930a77c474b7d23f8aa0fc3f9e9fa1f60ce2c9058369748ad5118afd718a614,0a3fafa521d44e94d0b80e7f43e6a1b7b0e0f7970602ae1958e2c88874949769
MNIST_alpha-0.01_K-5_seed-51,MNIST,dirichlet,0.01,5,51,5,True,True,True,True,30ab9acd130603b120c71015588f7a687ace5d635939851d6dd6fb497b2919d3,5e77978ecdfceeadb1708b0ecb9c6b643be2ec9128c41d5a92a1e0f33cfccff1
MNIST_alpha-0.01_K-5_seed-52,MNIST,dirichlet,0.01,5,52,5,True,True,True,True,dea955c38a559f3c4c2b06bf15d5e473834c54493e6c498db48f8ea8b4848384,aecb380225b69bb57b505b25b305fb052b50b92080267f643381cacca53c5afd
MNIST_alpha-0.01_K-5_seed-53,MNIST,dirichlet,0.01,5,53,5,True,True,True,True,09c934f1143b2d15b38fbb2801fa61cec37eb8af0771f4132ef09c7df7cfb1b4,fe09913400640ba3a245d5c69bb074184a2f3bc8ad2cb902664d9c7831f6e091
MNIST_alpha-0.01_K-5_seed-54,MNIST,dirichlet,0.01,5,54,5,True,True,True,True,60cdd52dbc934c86d0b690b3451caf4a30b084bfd334784c3b42a3476968a73e,1e948168c6586c5637a5d70fead5e150127e48d8c4b2ceb157b1d6fce2c48618
MNIST_alpha-0.01_K-5_seed-55,MNIST,dirichlet,0.01,5,55,5,True,True,True,True,0184e158b82d4590f768640e1affa8c619906f3aca42c0bad42b7ac346014a00,d80b02e9b162e74f4b86cfa6c69805cc1c76ee29cec9fb72362ae1f17f784cef
MNIST_alpha-0.01_K-5_seed-56,MNIST,dirichlet,0.01,5,56,5,True,True,True,True,3742cb307a181081fb0d886073e2abc284e97022784b1d2a5f2cfcec955978a1,4aff63a0df93d736d80ddc0fd0975cee93ab10cfb3f577df3eee4164fcf18232
MNIST_alpha-0.01_K-5_seed-57,MNIST,dirichlet,0.01,5,57,5,True,True,True,True,ef0e15c37e53279e5a70854e947d3f35d42746986dd91cb1ca82aec293f6571b,6368f7fc45b0a28e599874c26519e8ed8baaa03b9e139780e62ca9fb18138afd
MNIST_alpha-0.01_K-5_seed-58,MNIST,dirichlet,0.01,5,58,5,True,True,True,True,11575329dbc093415861e65f7c1915e7eb09d467ccc40104779972a1738d5db2,afd29846c3e4acd02cefde03f45d5dc29c24933e1577959a25884d84b5d734f6
MNIST_alpha-0.01_K-5_seed-59,MNIST,dirichlet,0.01,5,59,5,True,True,True,True,8f8637a6d664ac43c21ecc886e7cd53b1a99d74e2326b84e2985fbd2a850cd8a,0f9ec50c3ca0da966f94cff04724eb65628fb42e47439c330f938b73ae2781ca
MNIST_alpha-0.01_K-5_seed-60,MNIST,dirichlet,0.01,5,60,5,True,True,True,True,6a574284a7ea68ee968b75e6f57b80b9bbcee2a02b36ae20d22bd16eea5dcb5f,089a678e1c80cf5c692981aa6cf2f05c2de5011f7ffe24ae6d0392096f797b6c
MNIST_alpha-0.01_K-5_seed-61,MNIST,dirichlet,0.01,5,61,5,True,True,True,True,79cc1c4f1af72a37f15ffab9f0614ddc7a3769cb04f43127cd0305ff0ed23c71,a5b699b4cc19c3d460ac84d752ce6c2fef9dab223625dfde93755460726d1029
MNIST_alpha-0.01_K-5_seed-62,MNIST,dirichlet,0.01,5,62,5,True,True,True,True,142666d18cab2f3fc04ce3e6a0f7e37b5bec18e3d868790fafb0967ac504f3ea,c07a91e80d7191838768f6ab7909ca04d912f4b25a253919122e5badecb6a3c0
MNIST_alpha-0.01_K-5_seed-63,MNIST,dirichlet,0.01,5,63,5,True,True,True,True,99a1a3918b3b515ed299bc56806dbf51f4149e1ca4fb22314aceb291b6b73574,e99ef8765578ae1911491f819aa16331656697c34d2ba18e57b990f183397f2d
MNIST_alpha-0.01_K-5_seed-64,MNIST,dirichlet,0.01,5,64,5,True,True,True,True,89f59b1df002c84238ce5127df48eb28cd393622f16fcabd4e6f3369720259e9,0e16bf5fb2b569352974e38dc3ca2ffc921c0dfd0480dc2b8502a9955157fb30
MNIST_alpha-0.01_K-5_seed-65,MNIST,dirichlet,0.01,5,65,5,True,True,True,True,815fc66b1b73a75c3a3ed84437f3ebb83d06502b6ef0b809eb0f186dfdf8a532,918ce2e6dd605e60b259158c5b6c29c0ad2eff2bde17c576189466b2ec4cb709
MNIST_alpha-0.01_K-5_seed-66,MNIST,dirichlet,0.01,5,66,5,True,True,True,True,a02d9ebb8156aa1966008ff2c3414cfda3f6cd28f25be856e13315e97129b3bf,441a0d73912b80793a98b17d450b7a27cb340091d9c6aa3871be918b22724b7c
MNIST_alpha-0.01_K-5_seed-67,MNIST,dirichlet,0.01,5,67,5,True,True,True,True,93dd953403a979ca3d9c1566c3f19cda2447ce6e7669f7015914cef5b1f4eed3,3ef7331f0ae1dc26d229790f35e3d36f02a2c391b304c6075edd94642df9d17b
MNIST_alpha-0.01_K-5_seed-68,MNIST,dirichlet,0.01,5,68,5,True,True,True,True,a7cf70678bb24f87b689c4ea07dfca1dfdeebd7e324fd5dd43564a8d5e01cb6c,bf8fb994000fe19f006b2b15c8cda3dbf327cc203391b82c447890734271b661
MNIST_alpha-0.01_K-5_seed-69,MNIST,dirichlet,0.01,5,69,5,True,True,True,True,e154f3da925857f06cdfa63c098a1cb350774cf2bdce086da625e9c163cfd24e,9580dbc05a7ffef020561fc7a5bf14b03cedcc41736c8e1041e14438520bdffa
MNIST_alpha-0.01_K-5_seed-70,MNIST,dirichlet,0.01,5,70,5,True,True,True,True,c3a1a3edb800104a9eea2671af442e924021bb1c5bee3ceb20f575db0d5b13ba,7f3e188825865b4e52ba212b00d4a5f0fac7d63ddce06909383d012962f1f9bd
MNIST_alpha-0.01_K-5_seed-71,MNIST,dirichlet,0.01,5,71,5,True,True,True,True,7bbf83d6879e71648b4eeb3e906186406260953e6074e830d0893718c877e7a6,db0cdbc0b11beabb4ae67ac381f0cc268540a2a970052eca298687f37be9227f
MNIST_alpha-0.01_K-10_seed-42,MNIST,dirichlet,0.01,10,42,5,True,True,True,True,592da67f1466af755c243aec3fd04ed00e1be391a300def070a9402422c5eaf1,6399a1c048de76a3dd1a4b3e65c3b174c16b4bacc9e19b282b51839d437f432c
MNIST_alpha-0.01_K-10_seed-43,MNIST,dirichlet,0.01,10,43,5,True,True,True,True,e7864c13067721eb94358d2adce4c0d560ccd519ca76bef9fba752206c95d052,2ef0f79cc3b70e0553dc8db64f735a4ba65d0c749373ff9efcd5d8a4eb95f475
MNIST_alpha-0.01_K-10_seed-44,MNIST,dirichlet,0.01,10,44,5,True,True,True,True,8d94419b4b440ca82760a4f5252d26c6569896618ea05aee7600c470177141a5,065ecf92531ec2acf18b8ea61d6f7ed698bd9cfa44aa95e8d70b4865309cfb4b
MNIST_alpha-0.01_K-10_seed-45,MNIST,dirichlet,0.01,10,45,5,True,True,True,True,e35f8e208cd1558d2796ee6e6de18ceec78cc05a749f5889fb5d1684c9661ede,916436b4cce9e0c43069eba0614145b284cf5ceea9923c515e6fadaf77643c71
MNIST_alpha-0.01_K-10_seed-46,MNIST,dirichlet,0.01,10,46,5,True,True,True,True,a82bc8a0cf16590a73557d39c687fb8c2610ac2e7972d11b1b18e08bc9c002d2,a7f5b5084aa767dfe78b791c77e1e336beb23ff25dd3191cf1da60ab6c8d72ae
MNIST_alpha-0.01_K-10_seed-47,MNIST,dirichlet,0.01,10,47,5,True,True,True,True,d1823eb7fc011a0421f9d2f7e26004f22ad1248729f6b6fa7f3e054dfa8228f4,f9706a535fff236339a5ad83749224f22c048717aa762efd0b6c81c6b090dc0e
MNIST_alpha-0.01_K-10_seed-48,MNIST,dirichlet,0.01,10,48,5,True,True,True,True,e7a5e070f782f4063b84ba632fa3b90ea061e6db766477287f35f4057c9deb07,a197f6f34b2998332031dfef89f75bbd0b20162a08cf901106c45fe8edc35ee1
MNIST_alpha-0.01_K-10_seed-49,MNIST,dirichlet,0.01,10,49,5,True,True,True,True,c819050ab91f2da0873f2fffff8d821376a4993f9ade0bff944fcb5a850f4ccd,a8a25c46ceddd1a0b0c7cd4251445df0568229ee72d1b0f1cb5458d3715d57af
MNIST_alpha-0.01_K-10_seed-50,MNIST,dirichlet,0.01,10,50,5,True,True,True,True,394ea98af4cf6da8e8e348014a9d9f319355bbbfc9b980627ce564091414cbcf,c06114c65019d26cac448022e17ecf8160fdb89dc3397e93ae19ac55427b6c12
MNIST_alpha-0.01_K-10_seed-51,MNIST,dirichlet,0.01,10,51,5,True,True,True,True,725cf1c93842f9ccc086442dd10618f5e0056a2e01fc72e198ccca75cfcf54a2,e7bdeb0fe127d651b403bfbc988ca0cb44ddc7b4b5f605e628bd79e81465dede
MNIST_alpha-0.01_K-10_seed-52,MNIST,dirichlet,0.01,10,52,5,True,True,True,True,82124e8a38f6814f950fab0f367ea49c610c73116d474bc04c03b36839259e49,3ae7ecfcea3c4612336270be55b46f91b1b768353ff1e9087420562db58d7ca5
MNIST_alpha-0.01_K-10_seed-53,MNIST,dirichlet,0.01,10,53,5,True,True,True,True,8058e58c6e86f9817acfe0c22ea1777a579f49909fcda153c7d8c757cf389626,ba9a91afb4d637e5d3d5c2ef584ebd42b27836191e80794d5504e3c3edbfeeec
MNIST_alpha-0.01_K-10_seed-54,MNIST,dirichlet,0.01,10,54,5,True,True,True,True,d87dfda6da41466069aca9358f08db89a94597fd59d28560b9b92d794e3a14a4,cf164d0a16f94736ddaf5246cf0ab8ceaedbae81c663ebff054e00849d3a85c0
MNIST_alpha-0.01_K-10_seed-55,MNIST,dirichlet,0.01,10,55,5,True,True,True,True,0d34cbe0c5cc1c7b32760cbc9baeee98efe3086592ed26f6206abcaa57f4adc7,931730df45d18aab52ecffe5713f0f9641db0a89ae5baf4faa5cd226ac1d4ce4
MNIST_alpha-0.01_K-10_seed-56,MNIST,dirichlet,0.01,10,56,5,True,True,True,True,aaf5cb4ee50a200f3a1d3f94db811e0f8d99e0e3768331eed1fa749c734cee2c,f169671dc954a037c9e913740dec6f67509db4cdf6c99cb9adc82d4558081132
MNIST_alpha-0.01_K-10_seed-57,MNIST,dirichlet,0.01,10,57,5,True,True,True,True,2252575aa51f5d1352087ff345ac8e26ed6d014d1992ecbcaaff2e802215e948,42c374ef677ea30098420bcea466c1657962b05a2c3f7f00d18fb80b444a4e4e
MNIST_alpha-0.01_K-10_seed-58,MNIST,dirichlet,0.01,10,58,5,True,True,True,True,c45b648bc953f5b1583540d21782339774e0b5e5314871e7d0512958a58cffa3,3ad6223e3b0eed334247d920467909e453c50034ac5e00129acdcd18012ef61e
MNIST_alpha-0.01_K-10_seed-59,MNIST,dirichlet,0.01,10,59,5,True,True,True,True,f7c4b4c459e02563519bb2f5e7531cb1f437b801b790cc6f649d3a38a6fa002d,0b99c8038f4c835698a1dcedc08e201243395c495ed606206281b1b0a878ab12
MNIST_alpha-0.01_K-10_seed-60,MNIST,dirichlet,0.01,10,60,5,True,True,True,True,95a31b8c068db6dd8623389b8b695bd3615a4f10c351a137f2053cf1138d9aa7,1beea018b7d2dc265a0898c4013cb8a81256ce88ed265c71d0cf83b2d1cd6a38
MNIST_alpha-0.01_K-10_seed-61,MNIST,dirichlet,0.01,10,61,5,True,True,True,True,8082526ad1658cc13f2cf5d2018e1a06860c3a9b679c5924c80318a72fed9b0a,cd0e054ebd95503f5d13c96e6dd8e3f4e3e1ed28928eaceccbb6c02c0170a5c5
MNIST_alpha-0.01_K-10_seed-62,MNIST,dirichlet,0.01,10,62,5,True,True,True,True,2502ef3431b832edc4fa3c65b2f4290faf9be923ed6dd42870e9ff14645d12a2,e8af338b6e50c7be05802ae5fbba27cf9d944760efe07487e90a8ad591f922b1
MNIST_alpha-0.01_K-10_seed-63,MNIST,dirichlet,0.01,10,63,5,True,True,True,True,163bd1a7b03241de7c2a6253ebd0e59ce7dbd720a616a65deac853a9018c990d,904074c746bbac86817a80dcf07c94d00c938f866a1ef1297b9039b9b911ef16
MNIST_alpha-0.01_K-10_seed-64,MNIST,dirichlet,0.01,10,64,5,True,True,True,True,06ec70d4bac7e3b30f576f1b6aa9811357821b6406ce849495c2cca62bf31d64,479999e6a69502a6dc27a39e379aacc48bc6a8ebf6972a2fbb327f39cb3ced33
MNIST_alpha-0.01_K-10_seed-65,MNIST,dirichlet,0.01,10,65,5,True,True,True,True,f22034955685012d616f1d00da394ca23eb270476cdd831800b2f84902e04332,bcd0c264f4e5dcc8412ff0a21c624d5a3f4bc73bdacf3c5a471e9e7d34bd84a2
MNIST_alpha-0.01_K-10_seed-66,MNIST,dirichlet,0.01,10,66,5,True,True,True,True,b082a0373a074ec646cc3ce3088118933b80c05ac14d57be439e659cab863287,c9290e635a8c5cc1714bb7d7cfeaf3d2c0809c2c3f86c9d2d17af396dd81d15a
MNIST_alpha-0.01_K-10_seed-67,MNIST,dirichlet,0.01,10,67,5,True,True,True,True,3c80dcc0c343ccd70a9612a1d0e2048b8b65ef9253014b2a9aedb429f6f9ae37,627136cb8275de0a214f68f6d963cf876205f8a8b1346c9df600a2f2ed5dc1fe
MNIST_alpha-0.01_K-10_seed-68,MNIST,dirichlet,0.01,10,68,5,True,True,True,True,ea1fce175e30974cb7ae869cc80d9a3af04d6ddf5de5421bc137821c49b09aa8,4f33f635511125c52918fcaa27cea8132555f73e4ca3a0b7af5d0d3d8291fc0e
MNIST_alpha-0.01_K-10_seed-69,MNIST,dirichlet,0.01,10,69,5,True,True,True,True,2ea3e1f4dbb47495968a0d3c8c83f2e8e699f3670225bef70877a2c35c865ce1,ca95c451c87e0fbb6b4e1304e641b493b48816195d687d513c20fac501384899
MNIST_alpha-0.01_K-10_seed-70,MNIST,dirichlet,0.01,10,70,5,True,True,True,True,0bcefc2f04d79d5349e133fc71c4a996f3896ffacf786e270292eaf42519f000,2911763909d5e5d96ae81cb792661c4e92618d8f24c2547bc57d8742dd533232
MNIST_alpha-0.01_K-10_seed-71,MNIST,dirichlet,0.01,10,71,5,True,True,True,True,b1569d8288803fa38f42e7ce9a456a5063e3f3fb7699424e01bdd3ae05af39c5,0607f6e8fbe14e43d21a21b9661bdefb767e8b7efe59e3fef74b9f964657f6de
FashionMNIST_alpha-1.0_K-3_seed-42,FashionMNIST,dirichlet,1.0,3,42,5,True,True,True,True,a06663eff545a34556a5ed617b3d32670606c573aafc20e101d9fa1c921797f1,782a20ed0f8ecc05101b698a2bd7f487786d2708457a82ceb460963bb22e07ec
FashionMNIST_alpha-1.0_K-3_seed-43,FashionMNIST,dirichlet,1.0,3,43,5,True,True,True,True,6f3e119c9a68e18975efcb69c4cbb289f8840922c8a047b2b1f2546a42fa121b,87c3937a0069acd610a65c3d6819955324d5a3755a379b0bc22ff31fd19a73a6
FashionMNIST_alpha-1.0_K-3_seed-44,FashionMNIST,dirichlet,1.0,3,44,5,True,True,True,True,c3f567e847c59ec6bcbdf8582d9f9bea3d2f242bad650519c8b6cd8960620e7a,eee9c9bf96af6c501ae93740266af64e1722b9615439ac5872ab74733be5dc1c
FashionMNIST_alpha-1.0_K-3_seed-45,FashionMNIST,dirichlet,1.0,3,45,5,True,True,True,True,e55942d7982326c1827fd074a4f2e00880145f76b2e59d815fc9f684a23ba81b,b34902a59e765d5830f891b9c4cb42e478bdca3fd90de4c3a4bd51bce7cdd8d7
FashionMNIST_alpha-1.0_K-3_seed-46,FashionMNIST,dirichlet,1.0,3,46,5,True,True,True,True,9d7a3b6ca2970b3eba332f209b8747a8ee35b7b1e1b99cd2d61c464527a0c789,6b609441408df999213f077e4a3abcff53f29b95c9c567100f3b1c813d9a75d5
FashionMNIST_alpha-1.0_K-3_seed-47,FashionMNIST,dirichlet,1.0,3,47,5,True,True,True,True,04966d05214efab5f60abacbedd074b7c2684b146dc866ac69d73da35b3d1eea,ec0b38c69dc24cf603707034d50160ba7df8b17da3cb07723aa245e3c1924846
FashionMNIST_alpha-1.0_K-3_seed-48,FashionMNIST,dirichlet,1.0,3,48,5,True,True,True,True,5f76a3db74d9a3438c043adf2fec889175f874f74ba9ac4081d2326f8c51deb8,e86951489e7fdbd751f42c25030214052b9621bd869c81731ce0a62508cf1a4d
FashionMNIST_alpha-1.0_K-3_seed-49,FashionMNIST,dirichlet,1.0,3,49,5,True,True,True,True,786c791224b664a75d73ea33b125b599b9bef5264dc28babb469e7e1cb54cc1e,9216a6e22826c8064cb06ad0f4ae06295b7a48154b84d08cc42d616fe5324138
FashionMNIST_alpha-1.0_K-3_seed-50,FashionMNIST,dirichlet,1.0,3,50,5,True,True,True,True,cdf4ea07d4204881a3045152e78f1253308a9f55de97e494226ab67d48e91bb5,e6571a51ceac2447c25c82c3f46de346c0f70911df881689eb2a1b90534c0b0a
FashionMNIST_alpha-1.0_K-3_seed-51,FashionMNIST,dirichlet,1.0,3,51,5,True,True,True,True,ff368d215475c14c04b04548c97a7d2d45cf0e86b3541f0ad787a0fa3e651dec,25c948213465bd49751995f5360ca10a56992d6f73bfa2ba65a3b8e4a5ec1922
FashionMNIST_alpha-1.0_K-3_seed-52,FashionMNIST,dirichlet,1.0,3,52,5,True,True,True,True,7281646de23c3850f893785cbe1e6e5cb6d9b004149ee4e30813dc8cf22b13f8,d9f3e7ae3a8a67317777b2e1fe22de685cc8c4410c644394ad1cdcb5c1fef65e
FashionMNIST_alpha-1.0_K-3_seed-53,FashionMNIST,dirichlet,1.0,3,53,5,True,True,True,True,6c2996ef5b5748f9a70686cac8d245f5a7526aba945ef44a3d8ac12b66391f58,76c7804f481d00c42c20149921edb8f665ec9ad300c50f4c3847489ccecc53b0
FashionMNIST_alpha-1.0_K-3_seed-54,FashionMNIST,dirichlet,1.0,3,54,5,True,True,True,True,87a81c95b991fce5e99f35b5f8d0452b39056d783021c5b52826ace98ef85501,1c6a8ca235ab4ec32ba30acb9e602a932205a8e2ec5849feb82a114a306941ec
FashionMNIST_alpha-1.0_K-3_seed-55,FashionMNIST,dirichlet,1.0,3,55,5,True,True,True,True,e86f93340088d52a49050d670afa47a7ce15780dc65e6fe22b1212c9c25d048a,0bf06347bb929a8669507916b9795782d928272768e631d7d5eb68d65a10cef2
FashionMNIST_alpha-1.0_K-3_seed-56,FashionMNIST,dirichlet,1.0,3,56,5,True,True,True,True,857668ecccd95c1e8103a1ed39e8ad5b19c4974390076e857b22958b997b2610,14de6a707878aceb02a72c8ca0fcd183c2192fe6896f8a535db9282ae34a88e8
FashionMNIST_alpha-1.0_K-3_seed-57,FashionMNIST,dirichlet,1.0,3,57,5,True,True,True,True,1d95c1dea1e59d8aa82791d6d8cf0225e2104409d10fe5bd2acf150433636b18,5b1a45f03036988ae08d40845a143cd525df81d17c685089c7478d6334965c36
FashionMNIST_alpha-1.0_K-3_seed-58,FashionMNIST,dirichlet,1.0,3,58,5,True,True,True,True,9d7eeca24e0249ad9e05516e478cb0102e4b3f9064508d17b13c39a09c36501f,eec1b786f951e8548065ca5644f029644944f759ac266a19c58615719078621c
FashionMNIST_alpha-1.0_K-3_seed-59,FashionMNIST,dirichlet,1.0,3,59,5,True,True,True,True,79fadc7c000d0140153fbedd892be545592a599ae20f1bd4c3422ea7b296adb6,3ef950ca93d6632fcf409c0aba0e263cbc0548bacaaccac79ca85fc36c3e1556
FashionMNIST_alpha-1.0_K-3_seed-60,FashionMNIST,dirichlet,1.0,3,60,5,True,True,True,True,2db8c81c4a0d93dd9186ff88c1ef53c7c3b5eacc22d200e1e453573b5adc608c,6e7774faa6752f633da7ae55833b0e9bbbd4193e0983c9767ccefb64edb7b9e5
FashionMNIST_alpha-1.0_K-3_seed-61,FashionMNIST,dirichlet,1.0,3,61,5,True,True,True,True,09891eca145110eb752fc20de26ca74612044dcc26ec89a94cea90b64ee696a4,d0f72c73fa7867d7031d4c1976c12ecd5755f8947e4e105bbdfe5338a970d51d
FashionMNIST_alpha-1.0_K-3_seed-62,FashionMNIST,dirichlet,1.0,3,62,5,True,True,True,True,06c10dd77d331fd04c9fed829e081a600fd48df0bfc1b16a31e2b5107245fc92,7afbe1f0de07611e209df89450a77ea1bfee27685249b76892027629dc10bff9
FashionMNIST_alpha-1.0_K-3_seed-63,FashionMNIST,dirichlet,1.0,3,63,5,True,True,True,True,221ea51f0873e2cfaca736100eda0225ed4d442283b982d208d4696fe9524a66,116bcd2c68844e3f59ae35f7a6f92b62a994e6fa7595461ebfa2b91dd4009ac8
FashionMNIST_alpha-1.0_K-3_seed-64,FashionMNIST,dirichlet,1.0,3,64,5,True,True,True,True,c6cc816491c7eb97bfebd1ee956d1c0c29305833fbe9f035b991b82450c0f1f1,0451136318f2682bc05753147350d8f0bf3a66416c03dbbb4ba03c9275186d25
FashionMNIST_alpha-1.0_K-3_seed-65,FashionMNIST,dirichlet,1.0,3,65,5,True,True,True,True,273d36e6d23cbd99be09eb15ebd42e634c2c7605d2e74b11106fe6a961177ad1,f979198442a00552822d3119fff87178c45b2c29f088b45acfb06c88fd11e860
FashionMNIST_alpha-1.0_K-3_seed-66,FashionMNIST,dirichlet,1.0,3,66,5,True,True,True,True,60a4a19282e1d5fde47c7d2c785bfdde42917c1db2fc48494918ffe5c4314f8e,35a71fdf3e0a04d767aaee7788108895aea4ebc77a23c6bc29e5059d2817b9cc
FashionMNIST_alpha-1.0_K-3_seed-67,FashionMNIST,dirichlet,1.0,3,67,5,True,True,True,True,41f32fd9ce78b9169dc42ebcec11599cd3da2f7ecfa79c092634fd765e529e46,b2116edc04e1091b5f5ba8c4aa61b4b52b71e250edafcade40ccf6281499c7b6
FashionMNIST_alpha-1.0_K-3_seed-68,FashionMNIST,dirichlet,1.0,3,68,5,True,True,True,True,e5271d8c4958c53e5fdc470c06180578af65842622571a9c15c4689308189ed6,669b40c1d5e4de6cd7654e5678f597412fbd949cd1817508c3a5ec6b89a11a1a
FashionMNIST_alpha-1.0_K-3_seed-69,FashionMNIST,dirichlet,1.0,3,69,5,True,True,True,True,c00faf29ba534d3bf47799adeead71c3c30cd883ef1edd7dc19788c57a6b0008,d9b10c6c1e827c4df0389faeaa8c88ceee1d1602181582badd171b6b8eab0612
FashionMNIST_alpha-1.0_K-3_seed-70,FashionMNIST,dirichlet,1.0,3,70,5,True,True,True,True,99fe3c1f17110d4296574cf24100b16d86a1d0e238a94e1d94bbc0ddda67f809,327dabef91efc1124bea2543fdb0df90f5bfc50279832f8fc67b0080414a3066
FashionMNIST_alpha-1.0_K-3_seed-71,FashionMNIST,dirichlet,1.0,3,71,5,True,True,True,True,f18d261cf0d4b0e0a50c87442b033e8d81387fc175200da1e52e1ba6f652bdd1,a728e1f6f9e304d8212253c7c9325a6e64b8128bed558fc380cedc2a876eda72
FashionMNIST_alpha-1.0_K-5_seed-42,FashionMNIST,dirichlet,1.0,5,42,5,True,True,True,True,6a6ba3c302fb654e350c22ab8e72e617f03ff8f9c8b0c7a6ca802f1849debec9,aed5968b7ad438280282d02dd7cbdf2e362df1531a6aa841f5e88e1bc0340f5c
FashionMNIST_alpha-1.0_K-5_seed-43,FashionMNIST,dirichlet,1.0,5,43,5,True,True,True,True,34ee1c61914dd5df35cec6b6704138c08d9a50c4e45da255dc881be8312ac22f,ec9dcc0e8c48a8fb83cc89d8210e93eb90d1ed3ba4047af99b9e87d6dfd006a4
FashionMNIST_alpha-1.0_K-5_seed-44,FashionMNIST,dirichlet,1.0,5,44,5,True,True,True,True,0e6539a5e31679190bcbe6efadc2d48d3463f1d76da1f89a9f7182341a7046d7,bc931fd57d26d7b9b9e660205da145fad02253f705df67d33cdaa5134556f01a
FashionMNIST_alpha-1.0_K-5_seed-45,FashionMNIST,dirichlet,1.0,5,45,5,True,True,True,True,2db36b9ba9f2614e21c143bb5039a72527bb5089a9fbe811ccce5fb03944723a,d6b386f7e61bb5a00ea8cceb17842d9e4c0455bce2dc1086352dd707699ba839
FashionMNIST_alpha-1.0_K-5_seed-46,FashionMNIST,dirichlet,1.0,5,46,5,True,True,True,True,53bb1064826530431ee017710072ef28247f0f2009c3844da039e04d935b2edb,45cb5382f31cff61dbb6b5cb8457a486b39792f001ca31ff9b5a2f5f89702664
FashionMNIST_alpha-1.0_K-5_seed-47,FashionMNIST,dirichlet,1.0,5,47,5,True,True,True,True,3378d58a5bd21547fd0d72b530dd59a0f9374229135c4110465102b3dda1d1ed,efc27a47d8ad04a5a7ce2599cbf9725bb8580c7cec29d1d339c1929746d36b12
FashionMNIST_alpha-1.0_K-5_seed-48,FashionMNIST,dirichlet,1.0,5,48,5,True,True,True,True,bd51c87fe909cb52e46b003afa4e9b1f813f9b7c5ac3b33c44b96f9f7bcb59d2,d87b3793c4700df7785bbac0fcca7e9594d7da132d41fd62e59a392fe7168a47
FashionMNIST_alpha-1.0_K-5_seed-49,FashionMNIST,dirichlet,1.0,5,49,5,True,True,True,True,645034d14838d4b667cff763c8e8f8ae5a523c8a3783fa0faa9be2ef1d681264,7a3cc9ea53f2681ede069b7f1e22d5e154428137db3838c64f54f97b38fb0894
FashionMNIST_alpha-1.0_K-5_seed-50,FashionMNIST,dirichlet,1.0,5,50,5,True,True,True,True,5e9fe2f65d9a34ca58c1c510bdcd555df74310bf4f001d55db61a5e2f774993e,d16a2661a57e842768510f1fd782f2d5bffee726930185e150a665c2eabcd1cd
FashionMNIST_alpha-1.0_K-5_seed-51,FashionMNIST,dirichlet,1.0,5,51,5,True,True,True,True,151f955543783a82d17106605acf852225bdf56588328b5593721c61af8ef2ff,10451e496feb3f3f5c79a44f98f6ceebdfc6e87df8fee0c14d36e1d5b9cddc71
FashionMNIST_alpha-1.0_K-5_seed-52,FashionMNIST,dirichlet,1.0,5,52,5,True,True,True,True,b4626236e11b470536eda5a87a9110cb85d1462dd300af2b38fe63801c0a9a6c,cee7851a94379ca584a11a673621304a2e30b452f4acc30ba2261f75e1eacea2
FashionMNIST_alpha-1.0_K-5_seed-53,FashionMNIST,dirichlet,1.0,5,53,5,True,True,True,True,8eeb37483ca630accb8bd9cc47177d5631eee6848a6dbe03470a0be4a246add6,5a9ce05b26e003365060c71df49cc60ff942eda949675d8bfcc01ada15dc257a
FashionMNIST_alpha-1.0_K-5_seed-54,FashionMNIST,dirichlet,1.0,5,54,5,True,True,True,True,a12b2f23bd8306f00c1ea0974518d354378532fc6a5acc24800f95e0c3b52aee,b2417a4d8107781ee7d38c2dba9cbf70d1679d0a9015c8bf2e5a297ea96fcfe6
FashionMNIST_alpha-1.0_K-5_seed-55,FashionMNIST,dirichlet,1.0,5,55,5,True,True,True,True,1df0e5217af72db678ee04fbf3839c00b1aeb045fe2e014b31343d41ead7f480,e07337c36b6ba71cb2298eb764ac75df1da579e02f10ffd0c7a6a6887e90690d
FashionMNIST_alpha-1.0_K-5_seed-56,FashionMNIST,dirichlet,1.0,5,56,5,True,True,True,True,34504c76b1770cf5e26b22e77291e05a75eaacec30f955f1956d97c01593a620,362154146f336b386c555d67452acb7fa614889bd41d1e846d313a2a3c90e2b5
FashionMNIST_alpha-1.0_K-5_seed-57,FashionMNIST,dirichlet,1.0,5,57,5,True,True,True,True,40339e72b5417fd20552635af60d88702749e35cac1e5964fa350bb450c8932a,c044b12bec3508170ec0e30896dbc893900559397b13107cac6f8dc7df81bc6c
FashionMNIST_alpha-1.0_K-5_seed-58,FashionMNIST,dirichlet,1.0,5,58,5,True,True,True,True,82c09ad0747f05398b5b5cd6a0ddd736108d3b02ef909272fbd399ef11e24f26,9947391d8ca29d3bc12fb15e55154f9e744b37ff0e3d058a6b99273982232841
FashionMNIST_alpha-1.0_K-5_seed-59,FashionMNIST,dirichlet,1.0,5,59,5,True,True,True,True,7f01b48c26c8e736e9d5fcf9358ddb64f61040640269493ef97f3d2c0a5784b3,d5e90713f983fb5ee9af169cb1154c70a3298077754bb0d9f06479998563aadb
FashionMNIST_alpha-1.0_K-5_seed-60,FashionMNIST,dirichlet,1.0,5,60,5,True,True,True,True,59c48a96fe6c5e115e643e5ce6024b80dab0d4d042188ebbe15224665db2ec4d,60ba9fb91748a62f794d3938efe37f752ef61f0af925ffb98a74bfcf65a18ca6
FashionMNIST_alpha-1.0_K-5_seed-61,FashionMNIST,dirichlet,1.0,5,61,5,True,True,True,True,d446ad70568f35c2d89f595844419e53c5d6d64b77ff4a587b20a55fc10356c7,3aaaa8807a47e2af7a89b4c75491175b56e78361d268b601e089f6fe0d7a6af1
FashionMNIST_alpha-1.0_K-5_seed-62,FashionMNIST,dirichlet,1.0,5,62,5,True,True,True,True,529d1546a39bc3fe767cf0215b2d60ebbd89dc434ac4d0ea05619b35c735478b,e62a3c607a2d260acd92254c906df45740f23305e0030ee21a3108e186ec3a2a
FashionMNIST_alpha-1.0_K-5_seed-63,FashionMNIST,dirichlet,1.0,5,63,5,True,True,True,True,cee2617aec75333b7704c1cda051197dd5b61bdfc60340f03f64b7e5507572ca,a795732ac9db2a27f3527278ece0ee0e25a63f6e14c7c981cee2e30c94ba8d44
FashionMNIST_alpha-1.0_K-5_seed-64,FashionMNIST,dirichlet,1.0,5,64,5,True,True,True,True,4c6cbe808ea0bb4953f76e1a761501bc07ff792d3225ee1466eee3676a85bb1d,c6f7cda726080666549ae85d591f23a31822fd4cda8649c5b1bf4d6a78624f0b
FashionMNIST_alpha-1.0_K-5_seed-65,FashionMNIST,dirichlet,1.0,5,65,5,True,True,True,True,5dfd571197e0c0f2c1bad9fe88a92ce4afa5c98f5f676a3e9eb4f9992276959b,5211dc3dd4eafbe1780967f1861513dda914a17ee5943f141e8e31038949e50d
FashionMNIST_alpha-1.0_K-5_seed-66,FashionMNIST,dirichlet,1.0,5,66,5,True,True,True,True,8cf50b7328bd28e246934638450b804d3048c83877877621d7805bf17d72e869,a39f5ba59d0002322e2f6db80a0b9006cdec3c280fb0b0babfb707cfe7c91b4d
FashionMNIST_alpha-1.0_K-5_seed-67,FashionMNIST,dirichlet,1.0,5,67,5,True,True,True,True,fac4f4216cd37b3a64896a65085b27348158154c172ebc6a6a80fea346f3bc8a,7deee769d28f1731dc924a804451b4399f9daf3f4085cfe90cd2ba594de6d04f
FashionMNIST_alpha-1.0_K-5_seed-68,FashionMNIST,dirichlet,1.0,5,68,5,True,True,True,True,2a5c204640d249912a4f9fc02378bb4256eb67da5bd5efa676d5d065e25687e8,824eb9e4e029da1040a7c08b9d372d31bb90c60fc0d9487010a0c04c352da7dd
FashionMNIST_alpha-1.0_K-5_seed-69,FashionMNIST,dirichlet,1.0,5,69,5,True,True,True,True,3f4cef5d94cfa1cac994a20647bb675a765a508fbc70efde9b644893705a20d7,1b6597c9a42b55f44220ad29742b30d0d19857f98a65e1bd6ad024ca374657fd
FashionMNIST_alpha-1.0_K-5_seed-70,FashionMNIST,dirichlet,1.0,5,70,5,True,True,True,True,0f06a484aee0b016c8a6a290bd7c2c2e1d4ceacc6e7d43eeaee5dd3e817f1729,fe513f377a79151fd9ebca5a97baf537c31912b428bb2d3de1332366c87e691e
FashionMNIST_alpha-1.0_K-5_seed-71,FashionMNIST,dirichlet,1.0,5,71,5,True,True,True,True,94dc4fc5f5a11f7539baba47f94727b01cc5dbaed3f9570ba4b8635e2fdf7af4,6d9486137c9441fd7a8d55573775e708ec65d69a30662a4f60b6e114627b6755
FashionMNIST_alpha-1.0_K-10_seed-42,FashionMNIST,dirichlet,1.0,10,42,5,True,True,True,True,0648385f0e031020a347ae839cd40ba8f50d541ca60efe662c39e2011c2e8107,8ae3c5caefcd84ba66d823662ebb7849bafdf942d9cc8d1479b1dce43b02f88b
FashionMNIST_alpha-1.0_K-10_seed-43,FashionMNIST,dirichlet,1.0,10,43,5,True,True,True,True,d47651a61a197be3c0bc79d2a31eebcdd82fa766579e29cbb81307a9addddbb0,08463a0110f22e27980e7b0644cc8d968e680afebf9c1573fa136eda4a968451
FashionMNIST_alpha-1.0_K-10_seed-44,FashionMNIST,dirichlet,1.0,10,44,5,True,True,True,True,6c2f5c844d30131390f67d60b4e2de4904b30416b081437374c7182d1bb9383f,3fd1a93263fe6d7e4252564f7415f3b5d8c575645428f7109b8373db3a86313a
FashionMNIST_alpha-1.0_K-10_seed-45,FashionMNIST,dirichlet,1.0,10,45,5,True,True,True,True,bce00c920bb9c06858232733cc68f57b538414a183ae7978e0ce30882d03fa72,a2dd830712f2c6793aadd2becd41b2354a08670fb9287ea97abcb1a3e472206e
FashionMNIST_alpha-1.0_K-10_seed-46,FashionMNIST,dirichlet,1.0,10,46,5,True,True,True,True,2ca64992b038af4a34f42d7772fae3d713ce8242d171f314ba115b10ec32845a,af9063a11aba89865f2dfe26e01d8d26118f0fb256bacc6a80c9c7813951164f
FashionMNIST_alpha-1.0_K-10_seed-47,FashionMNIST,dirichlet,1.0,10,47,5,True,True,True,True,27d4ec4ce5d6b7d292c2bdce95d46b16b9642db858d8dc1a3a39f2805a114b05,6abaae7bf0589f335725c56fd3a078c8c562dbbc2f081e0df8b39c39e69359e0
FashionMNIST_alpha-1.0_K-10_seed-48,FashionMNIST,dirichlet,1.0,10,48,5,True,True,True,True,d554ab69391f01874dd1ec1d47c9b80064bf9f2e48aa5ef0e8429cd5e24683c2,5d5ed14b953272745c11cde71fdbf145e5dd8fea48690b86d2be9730853f4b8d
FashionMNIST_alpha-1.0_K-10_seed-49,FashionMNIST,dirichlet,1.0,10,49,5,True,True,True,True,d49d5b08edf2e0f9dc13d53164dba980a57658f6acfc63be462be336fbc7060c,a6f5eed06b85a1c25e0d134043b0a8bf0ef219187f79761817d4a4a26c668d4a
FashionMNIST_alpha-1.0_K-10_seed-50,FashionMNIST,dirichlet,1.0,10,50,5,True,True,True,True,2c0ad2e91ffde3e49822c24458b56e12dd8a2cc72784c1ee4f02a0c6fde4acc7,0b4f73274a1e9fb1d418a7809f7e5d2dcf313134e242d6b58fdd24100de26202
FashionMNIST_alpha-1.0_K-10_seed-51,FashionMNIST,dirichlet,1.0,10,51,5,True,True,True,True,78030b02e7516c639bf0e947ad2fcead05f577f642206a5947f1eaa5c8e79de2,16efdf2a33dbda8461846cbbd6bd1e320de4d1ed0d2589b64a8bd2bc66e4d326
FashionMNIST_alpha-1.0_K-10_seed-52,FashionMNIST,dirichlet,1.0,10,52,5,True,True,True,True,634d6099a53da112c9888e150b9c2fa6825817721a47f9aae385d181f77ceffe,901710b6e37c638040d34389f72ecfda036997ed16292730d87026ba635e3d34
FashionMNIST_alpha-1.0_K-10_seed-53,FashionMNIST,dirichlet,1.0,10,53,5,True,True,True,True,9a5b29360bbece024c770939b55d7370c519383820b106435defa0670772c507,799afd857a87056b602b6f6994da888679175ab06782b4716be16746cbaf9167
FashionMNIST_alpha-1.0_K-10_seed-54,FashionMNIST,dirichlet,1.0,10,54,5,True,True,True,True,1292f3d3b9f0d7cb9935292d90f283420bd4cce115af30b50b6aae6fed83c74b,d84a764835b003c907e631d184ad1500f923b8aa62a0ad55a583ecc1dc2d5240
FashionMNIST_alpha-1.0_K-10_seed-55,FashionMNIST,dirichlet,1.0,10,55,5,True,True,True,True,c9a2b2e156f7ef83214b5e9f0f6b7229ed49320c79570d714b56cde4687292ed,300869974771b30c87f7a59767e5f6df8e6612bb66c00c06364fa47ced5f0ae8
FashionMNIST_alpha-1.0_K-10_seed-56,FashionMNIST,dirichlet,1.0,10,56,5,True,True,True,True,536cca76bb2cc329bc1503294205e87525dd70d79a1f10df0a6c7b92dcccd5f9,d1ac6245b4f88fa3b9cd5de00eb360f747c77c3acde679320a3784080104c545
FashionMNIST_alpha-1.0_K-10_seed-57,FashionMNIST,dirichlet,1.0,10,57,5,True,True,True,True,1af310ffceb2db3efd23940cf347c088ffd148499c38be3e63efe548e1ae193d,42283261084ae2ab21ac6597e31135061d2800702573758983cb00013fb8de26
FashionMNIST_alpha-1.0_K-10_seed-58,FashionMNIST,dirichlet,1.0,10,58,5,True,True,True,True,f541208836d7206731cd968cd9c29ef3262e93cf51f6ca4174e7bea589256f92,c0ba46299719693c7234e56b04ae0718b004e24495c90adc8196b6e2843010e0
FashionMNIST_alpha-1.0_K-10_seed-59,FashionMNIST,dirichlet,1.0,10,59,5,True,True,True,True,61c81cc556302b23c2fd11c333c7b1c383140d37c03c1f9c3ad0df1a8cbf3560,7fd3d583c550e599cde68b07a576f47ea20fd1581aa77b00a60cbbe03d5e313c
FashionMNIST_alpha-1.0_K-10_seed-60,FashionMNIST,dirichlet,1.0,10,60,5,True,True,True,True,e00b8f721d6b517e4d82d347c9cf0229d6b3f4917e2a80b052ce603a7c21fee5,0aefc5f754490d1ce70a442923ad54bbd171616b61819bcea8e332b759958174
FashionMNIST_alpha-1.0_K-10_seed-61,FashionMNIST,dirichlet,1.0,10,61,5,True,True,True,True,5c398bd3d81062734af0c876890bc14212958ea898b43a16a70aec28faecdb8c,1b30044c82f97d800950f509b5cb0a7f2c3efb6f08820977f3f5ab34bcfccd2f
FashionMNIST_alpha-1.0_K-10_seed-62,FashionMNIST,dirichlet,1.0,10,62,5,True,True,True,True,042de5e0fd6ac22ad1b75438016c800b19251a0185f709fe016b8ccf54795801,f266c829a7da0baef7e5145273413a24e0d0a4c13dd740a0abe0d970e1c4636b
FashionMNIST_alpha-1.0_K-10_seed-63,FashionMNIST,dirichlet,1.0,10,63,5,True,True,True,True,26d26205f4dcdbd1bd33029bab8efc67f6dfed19e92bc7a7b241073e6966c6a2,9ad202e511323b711becc131f6e455ecd58489699d68877ae1d827082028fcd2
FashionMNIST_alpha-1.0_K-10_seed-64,FashionMNIST,dirichlet,1.0,10,64,5,True,True,True,True,7b6dc49b1a46c3513917817f285f71ad97aaa3a47247aed433d26895954f5b8b,4be1ba4fc9d9c4cb052bf9fb0184cfc77d6a6013627f6e538171270b7cc27995
FashionMNIST_alpha-1.0_K-10_seed-65,FashionMNIST,dirichlet,1.0,10,65,5,True,True,True,True,8cd7c9e2ad235067e47e5c4c551072a30fb00cd404517a9557293cb47abebbbc,c22c370b69eafc1f8168cad08e625e5c3459a7a41d1d1aff679038f07029e14d
FashionMNIST_alpha-1.0_K-10_seed-66,FashionMNIST,dirichlet,1.0,10,66,5,True,True,True,True,592a3b602bb0aa8bb59b55da229f518dc1b5f727c7de9c42d0cfd8aa2255cfaa,0e2557c4c112b07584eaa6b4592722b55e479add551c7d6aa708d569cf8c9cba
FashionMNIST_alpha-1.0_K-10_seed-67,FashionMNIST,dirichlet,1.0,10,67,5,True,True,True,True,67b24ac3fea2dfdd83fd67fd305c025a891a3ffec2e07a320d101389aac5c3ad,4a72d73e661b39b7fe856683acc7fd12e15e661d04470befacd62c11d94c23eb
FashionMNIST_alpha-1.0_K-10_seed-68,FashionMNIST,dirichlet,1.0,10,68,5,True,True,True,True,ed59798c8bc9875441d2d4c7d00970dddbc6d5bd985e451ad1d722706aed58c9,ee62b72defd7801565e84d9b000942aa00afbd4e9f343da26170ce2b737eb09c
FashionMNIST_alpha-1.0_K-10_seed-69,FashionMNIST,dirichlet,1.0,10,69,5,True,True,True,True,9c3392ac9265844095d519fbf8985276d20253ad88b20688e48c11f85a6ac9d5,a570b0ca4c866304e2f0285a469631a9c70fc651cbc406ac0fa12f877ea78bdf
FashionMNIST_alpha-1.0_K-10_seed-70,FashionMNIST,dirichlet,1.0,10,70,5,True,True,True,True,1c6c5f9db4b99cefdf58e3560dc0126348684a89a2475622f72fdbc9396e3170,efe9f82d328937666c5ee86dbf9a2bc95bd257e01ee34aebec0688ca723e58cf
FashionMNIST_alpha-1.0_K-10_seed-71,FashionMNIST,dirichlet,1.0,10,71,5,True,True,True,True,e5f6ca4443b6f9b3e1ec1cad5e65970bf0d4f2178218efe1f0cacbb1c6686c46,e40237c540d8f23fd2143e855e0cf39a50805312849175a8d543dfb181b8b6dc
FashionMNIST_alpha-0.5_K-3_seed-42,FashionMNIST,dirichlet,0.5,3,42,5,True,True,True,True,2fcd58c693e1fbc85c3738d85a31e71215b55fc1d4490544e6bab257c2c2b22d,3180318ec9b8225a9706614cd8ffacffe71d9cfdfc32a67040c453f7039ca06f
FashionMNIST_alpha-0.5_K-3_seed-43,FashionMNIST,dirichlet,0.5,3,43,5,True,True,True,True,3424f558c93c97d111e1756d24ae06748ee1f9797ba0847dde0f0bb7fa648eb1,573dcaee53174afe20c7a4f4fecc9d1321dae6557664a150f87d2b1651085556
FashionMNIST_alpha-0.5_K-3_seed-44,FashionMNIST,dirichlet,0.5,3,44,5,True,True,True,True,5f895890460b4d4cd88239b8dbc432059ef255345a568edffab7eb0a647b53cc,c265f4561cf9c8ccf77cb8a243d0cba82f296cc017592cb0d80b66b0ff3240fe
FashionMNIST_alpha-0.5_K-3_seed-45,FashionMNIST,dirichlet,0.5,3,45,5,True,True,True,True,f0266a4b997f530915efd18d80d05aed85e116afe73234cce6c37826e2351f3c,56cd260403b8ca7fccd2e8379ea598cd370d96a0c43604690a7f3208d669d9fc
FashionMNIST_alpha-0.5_K-3_seed-46,FashionMNIST,dirichlet,0.5,3,46,5,True,True,True,True,30494a1c5d4bd14239d3c04682de0a0d1553592546c0b8fc7b8b3a2005798cd7,34a258d0e7629405cfbb03fcb3680ea46a5e5f53a89161e12c90319e5f06ee86
FashionMNIST_alpha-0.5_K-3_seed-47,FashionMNIST,dirichlet,0.5,3,47,5,True,True,True,True,39b021dd7017b3edb392cbb3c45bcf9d959280e90e13dff84f9e58c19fae994a,f0d7a47d3b878f1a0dc88f9a9ee5d0f5decdd8c42baf788600325a862facf475
FashionMNIST_alpha-0.5_K-3_seed-48,FashionMNIST,dirichlet,0.5,3,48,5,True,True,True,True,ca272f885704b2156f64c8fc0af9cec4f073f3d09494216318653f875096d5bf,83cc67ed13e9289d1541324c8b8a5c1f25e840e3842ad9f0335974c57cc288f4
FashionMNIST_alpha-0.5_K-3_seed-49,FashionMNIST,dirichlet,0.5,3,49,5,True,True,True,True,5579f789953829e0049f90dace2bf0022b4acc9d4f3770a45cf9401bf7f72784,5d8afe00cb5cf8c783abc1ae52d429f7487e033a0d1686ab5a832a576000233c
FashionMNIST_alpha-0.5_K-3_seed-50,FashionMNIST,dirichlet,0.5,3,50,5,True,True,True,True,e5dd9397aaf264ce47dfa0224b64259a252e0794d309ead7758e46012988d369,4f61d7e6f45d71a2e3afb711c4fb1c73e49951314621fee16c94e588ef38ca42
FashionMNIST_alpha-0.5_K-3_seed-51,FashionMNIST,dirichlet,0.5,3,51,5,True,True,True,True,cbd3f95f65296e27223692cdb4ed99e54ab68cf9567a150e790e35f0da1e8608,3fb68308881b6146fa1cc4db93db92120964734e56fef9e4a7590bf4e57513f0
FashionMNIST_alpha-0.5_K-3_seed-52,FashionMNIST,dirichlet,0.5,3,52,5,True,True,True,True,f58862d7d9af779a18b9b2c2d7add8f9588c6376692c47e46cef467a2cc314fd,22d88aeb27bed5b7c12556d45c8380378e93e45936faee1aae132c2ac4cd44ee
FashionMNIST_alpha-0.5_K-3_seed-53,FashionMNIST,dirichlet,0.5,3,53,5,True,True,True,True,1359659b0fa332e1566048b403acf272096e83ecf1f9db87de5007faa4946399,6078502f8d7b2f9a8397e843e8b157075157a99f6bd7ad86485e93c5e1502ed3
FashionMNIST_alpha-0.5_K-3_seed-54,FashionMNIST,dirichlet,0.5,3,54,5,True,True,True,True,1a447afa7569aa8c11838575bb9743221b649eec24b4c3d9a2d00bbcd4c66054,ab54e7a96cea0fc7fd0b182020a3d52e2d9d31ee134b391f596610f86342b969
FashionMNIST_alpha-0.5_K-3_seed-55,FashionMNIST,dirichlet,0.5,3,55,5,True,True,True,True,bfabe12f0c3dec7e896a6f5356aaf5e143c54bd768769aa11ec2cfa0eb81379f,51e0921392c56bc0d1c2aef2d26cec5b551ee56739694fec49d093b10942bd7f
FashionMNIST_alpha-0.5_K-3_seed-56,FashionMNIST,dirichlet,0.5,3,56,5,True,True,True,True,fccb5c57d3a322f920b6c5ba40400a18d7b1c039c32e0048a635b809a7e2f874,5e4c0fc87c953b1eb1edb9044fec4ca15b2c5e0e83bab06b14aecedc787df345
FashionMNIST_alpha-0.5_K-3_seed-57,FashionMNIST,dirichlet,0.5,3,57,5,True,True,True,True,5bb299af81fe0ab6a007a894e1d1a75d000523f83420e43c457bb830fa681113,48320c1ea60bc2823f4f04505eeefa54263748dccb3c48b88c210247bcf54839
FashionMNIST_alpha-0.5_K-3_seed-58,FashionMNIST,dirichlet,0.5,3,58,5,True,True,True,True,454d166bf2f2680fe2c5d22b603a73400dc1c3452a8ca98e0abdb8af62f979c9,37e6cb41ff84ab5ae49f96718b0c1b44eefb410bb5a4f43e334fa37a4ee8258b
FashionMNIST_alpha-0.5_K-3_seed-59,FashionMNIST,dirichlet,0.5,3,59,5,True,True,True,True,28ab5f13b69bc4276041c1e3faf41a93b96a3d6e80a409517029e0707e825450,d623d7b0eab47acdadb453ddb272d8ef817058a9be5e5e20254083b6acb4b744
FashionMNIST_alpha-0.5_K-3_seed-60,FashionMNIST,dirichlet,0.5,3,60,5,True,True,True,True,eda4c9b57654de42a405e3df494223196c496fc11e193cafab2150af752db75d,b30e2ffbb81836c70bdf7f069daa318850bbe5a5876c85945012e1c5c2e0411d
FashionMNIST_alpha-0.5_K-3_seed-61,FashionMNIST,dirichlet,0.5,3,61,5,True,True,True,True,c4f953289acabbc49946d3d15273a0eac191c22da5db1487acfef9e02b2bf85e,a7beed1fbe1fd88a4be0839469fe66fe5862df2b8e8940536c730be043891e9c
FashionMNIST_alpha-0.5_K-3_seed-62,FashionMNIST,dirichlet,0.5,3,62,5,True,True,True,True,e7fa5d6e699e9143a9183a9654928bd987567688749e3476a4dfe968de0fed31,e836ab9c182c6160cd49f665cb238cfdebc132dabc88e93759143bdf374c5684
FashionMNIST_alpha-0.5_K-3_seed-63,FashionMNIST,dirichlet,0.5,3,63,5,True,True,True,True,11f9a0644cd6584907c2eef86063ad083536667079147b79aa33b252f447a54f,d85b4441cf2a70764bd7a29aa8a64ef4b62a1a46aa082c50beaf45e10e21e47b
FashionMNIST_alpha-0.5_K-3_seed-64,FashionMNIST,dirichlet,0.5,3,64,5,True,True,True,True,d788ce75da4a85c6b8c67d3a1c1ab500bb6a305ff6489563cf40ea8c4f98b8d9,8fd4ffd3fdabe686c9689c6859bf86c816a1b0a58f19ab4894db252a2f64783f
FashionMNIST_alpha-0.5_K-3_seed-65,FashionMNIST,dirichlet,0.5,3,65,5,True,True,True,True,cdc9d547d756c7247bc89a8b7ae8bae0091237c2427e47b55bf48c3261b1189f,d98eda86e26a796253f33ee4c0474245762842595c8cd0ae5f27be92df87856f
FashionMNIST_alpha-0.5_K-3_seed-66,FashionMNIST,dirichlet,0.5,3,66,5,True,True,True,True,fecead2fdc98697b0c09f872ad485fd8b7483c08853387dc27c88bd7a2c84abd,68b6014c482270f0c17419572162389c8aabf08f9e5c13bed6c7b623d87c45bc
FashionMNIST_alpha-0.5_K-3_seed-67,FashionMNIST,dirichlet,0.5,3,67,5,True,True,True,True,9145a23eb6dcc0a8c2371fe732832dda8d24a4456d86f845d809abe14f1ffce5,dc9c56f33b6f4b7cee3ad315eebe832291baad0cbcda2de9802e3e005b0be871
FashionMNIST_alpha-0.5_K-3_seed-68,FashionMNIST,dirichlet,0.5,3,68,5,True,True,True,True,734d52f4663fd13f75730c2e8f4e626d58754269cd1522cad4092b42fdc7acd5,b4fc46ac31345042dcf23ca6de79a3cf4cf23693588977433e911240ff37978d
FashionMNIST_alpha-0.5_K-3_seed-69,FashionMNIST,dirichlet,0.5,3,69,5,True,True,True,True,a75feac1308459f53736b8ac06fffe672f9243a358d0bcd189b84b26726fc92a,8761c0431bce6bffecd3ae0caa1a333512c7871ff9696c431ffb08a8ff42926d
FashionMNIST_alpha-0.5_K-3_seed-70,FashionMNIST,dirichlet,0.5,3,70,5,True,True,True,True,b8d1f1f70d0e358444b57b8a1291bf4b62398ca7a804ffbfe9251e417d39f303,1014ae0cbf4f508a9b57a1b2e2fdbdf57926efd8109da43b9d7a5032049fa413
FashionMNIST_alpha-0.5_K-3_seed-71,FashionMNIST,dirichlet,0.5,3,71,5,True,True,True,True,cc596f4e62af22c28c87e952229626b39ccc25fd956b80d2aa0d11c354dc3245,8149718ca1c1312ae225a0789692c26e36ab503320780a8d5bf0743adf73b5bd
FashionMNIST_alpha-0.5_K-5_seed-42,FashionMNIST,dirichlet,0.5,5,42,5,True,True,True,True,d0abc550b4aea1b220a2c034286ff86f4663c3f857664924b67784a3af55c8ec,6fd5c9e01c0b1e9b50328bebf59a999e2f3071e67f7d9917dd2ed13dd1fa7b61
FashionMNIST_alpha-0.5_K-5_seed-43,FashionMNIST,dirichlet,0.5,5,43,5,True,True,True,True,4606fe25d5ccedd0a2122bc27785af39edf07112f7153a5ec0b792a40e95b807,42235ddec0d2e174a7256aba078eb3627d7122c22a7f95c02bc26cc56abffaca
FashionMNIST_alpha-0.5_K-5_seed-44,FashionMNIST,dirichlet,0.5,5,44,5,True,True,True,True,3965d7a506875c3ee424c877c7e602d1f5eeb95e85213d048c9cf7bab894c54a,450e5af48ed3891211de2b8c28f7b28522a09ca720f558f645b172e4ad8696b5
FashionMNIST_alpha-0.5_K-5_seed-45,FashionMNIST,dirichlet,0.5,5,45,5,True,True,True,True,2bc8e403ad64b00a83da58a5e96314dc16a7f64666326895940117e59b5011e5,9efc390078a8e33d0a821baa2718f2e81505b8172e49069cc5985d80e73ec864
FashionMNIST_alpha-0.5_K-5_seed-46,FashionMNIST,dirichlet,0.5,5,46,5,True,True,True,True,5e3c3d2461ebf2b51d0ee72a4764d79bbacc23be63ea4de80521e219a8d8310c,0f05ad28df3256ce4b24c744d5d32356043a65ca9d57062fcb003d2e3cddf09f
FashionMNIST_alpha-0.5_K-5_seed-47,FashionMNIST,dirichlet,0.5,5,47,5,True,True,True,True,a41ed09fbf4a0683afbf00883c32e03162547e7a2b82515572f1dd5905883c47,4e94caf4a4060c045f3331fcfec64e5b614559d3d5120b908028fd76d94a6ea0
FashionMNIST_alpha-0.5_K-5_seed-48,FashionMNIST,dirichlet,0.5,5,48,5,True,True,True,True,905ab5560b7e39a07ac46e5ad9a0a0715d1509906ec37dc55725c4a39ec1c2bd,a0b2e8bc7d840bad4b07309cbe00771c0b7d3c415afa337b6ddb5010a955ec06
FashionMNIST_alpha-0.5_K-5_seed-49,FashionMNIST,dirichlet,0.5,5,49,5,True,True,True,True,3e61aa1066327ca6891653f24ee6b6e29bbde1042fab25f06234b47865390ea6,46abd3a6ca20137008d8881871bcea431c98bbccfcd545ef5f909cb2c0e16214
FashionMNIST_alpha-0.5_K-5_seed-50,FashionMNIST,dirichlet,0.5,5,50,5,True,True,True,True,86206fa7ee759b8caecff1506a692024ab0703f831e27d15832f4bcc0decbdff,56e01e48909b131f805b26efe611c836cd76ebec84f339fc83cc82e8c56c619a
FashionMNIST_alpha-0.5_K-5_seed-51,FashionMNIST,dirichlet,0.5,5,51,5,True,True,True,True,6d18f7869168049dba6ae112d156e931cb9439ebdbc1c798ec18019e44ad2d5f,8c85f1637afc88079a879a69d078edf68edb1c35a9b51029c6bce17f844328c7
FashionMNIST_alpha-0.5_K-5_seed-52,FashionMNIST,dirichlet,0.5,5,52,5,True,True,True,True,e6c9f26f6f444f38ed8ae0aefb1032bc4b5d252610c8ec9c0a4465170839f663,32ef3ca21570cd52b5c4618eae27ae16c4b7fa81da09f57a1e215a261774aedd
FashionMNIST_alpha-0.5_K-5_seed-53,FashionMNIST,dirichlet,0.5,5,53,5,True,True,True,True,de047645142ce8a25239e2e324d350922f038164af6571b85983b4c826aced20,7f081999cda44c1a8bb3e11b334354416c3c3f36e2269e4cfe7b5a9eb9789edf
FashionMNIST_alpha-0.5_K-5_seed-54,FashionMNIST,dirichlet,0.5,5,54,5,True,True,True,True,ccabf01746baffc2ed3a8bf55f0bc839550cfd4c220040ea6dacffb860e74085,3864c3bc948076c3cc42c2f9ee25c50d45ddc99cef9a8c5e7df339c23ef8fb71
FashionMNIST_alpha-0.5_K-5_seed-55,FashionMNIST,dirichlet,0.5,5,55,5,True,True,True,True,36792d88ec682afdfaba834d7fd0a72067842b320f2396a32021feec85d13975,7da75ff11403c8c2d56c69973a34e89380480b9bfa1f66a2afc560f265dc1de3
FashionMNIST_alpha-0.5_K-5_seed-56,FashionMNIST,dirichlet,0.5,5,56,5,True,True,True,True,3dda56b3642b3c472cc293b969352249cda74502cb17c0c117749814c8077f52,1738591808a363e4bddc9831f6c89e8551816d68e0cb4873fb32e959e6b0b08e
FashionMNIST_alpha-0.5_K-5_seed-57,FashionMNIST,dirichlet,0.5,5,57,5,True,True,True,True,9a1a9b79170f3d666cbff477124369944dc3fec782aabcdc62eef8f4b25e4089,1b7ece975d46691a9c34008d3afa02b44cfaf28fd88dbd101455c6a37a04f77f
FashionMNIST_alpha-0.5_K-5_seed-58,FashionMNIST,dirichlet,0.5,5,58,5,True,True,True,True,880c3943599f25b59321de4b64ba9065fb17a539ebfcb52304fc8056b6b2cb84,9fe2e418a2867880d97c93caa9528821501fb39b35bbaaec66f3505d36293ada
FashionMNIST_alpha-0.5_K-5_seed-59,FashionMNIST,dirichlet,0.5,5,59,5,True,True,True,True,fb311cfb9600fcc0df41c0d709f67f2a33d14af015737f51caf37105a255bb27,17d51b82245d9f0d15e6e9db7bb7caa07d0c0a8983903c5d8888f94f3b225c94
FashionMNIST_alpha-0.5_K-5_seed-60,FashionMNIST,dirichlet,0.5,5,60,5,True,True,True,True,1e8ff82ba9d3264d6e31d008b4a996bf6565f3d678839766932ce43478224ca3,b6214935f5522b7a9fff1a2d28d7dd9c6c255a8f0c4a3f21afc186c0d8de037c
FashionMNIST_alpha-0.5_K-5_seed-61,FashionMNIST,dirichlet,0.5,5,61,5,True,True,True,True,87707fdadd57144d90b95eb0df960118a62d5b2b88537cbf2675ac1eaefd3e4c,5c90489574fb31310842af52504437d27093143169bc664784b6e8cd14c0371d
FashionMNIST_alpha-0.5_K-5_seed-62,FashionMNIST,dirichlet,0.5,5,62,5,True,True,True,True,1a9984a31187dfcd1742b5e0d46fac823091cfc71724aa811eca21bbddbba521,cdfc2d7c70758014a5242f85f2d9ad53b33574fc51aa531fc1a3d42865d83faf
FashionMNIST_alpha-0.5_K-5_seed-63,FashionMNIST,dirichlet,0.5,5,63,5,True,True,True,True,d14ea2fe2405c85cd081c05185855794b0154c45792687363643f3e74e65c14e,4ce215c65c7468f5d63d1b4ca83e4e6fafa3cc830894f1a038e49a491df1d762
FashionMNIST_alpha-0.5_K-5_seed-64,FashionMNIST,dirichlet,0.5,5,64,5,True,True,True,True,d9457652a87cbda9e6c9547168377232dad6742d5d263eb74c2f628088265930,af2e4a1a7bfd56e0b439140403453f00a79474b3b43be11a746827ea21cfedc2
FashionMNIST_alpha-0.5_K-5_seed-65,FashionMNIST,dirichlet,0.5,5,65,5,True,True,True,True,dd5469c8512616f472b3eee4090b8e3320f453591d6fc6b7b51a49f23ce17dc5,9cd02f7011105b4013decd38918ea155fabf3008530ab184723afa7e966ad1de
FashionMNIST_alpha-0.5_K-5_seed-66,FashionMNIST,dirichlet,0.5,5,66,5,True,True,True,True,5835dd1ba73e75cefa7e537f272e6b0212430125c49e89b40bcb57f2d9feb1c0,8b96a99ef0aa8d38f27c6f4ee2179fdf8f3b45f257f9cf7e859bf59b93b9df31
FashionMNIST_alpha-0.5_K-5_seed-67,FashionMNIST,dirichlet,0.5,5,67,5,True,True,True,True,9811009c48abe87c6542fad737695580700d2ce178d8c6ae21d19d91aed75cd2,5f1dfcb26ac0625a61ca141cc529eee352e488fa7ec65fb3f701382803c9dda2
FashionMNIST_alpha-0.5_K-5_seed-68,FashionMNIST,dirichlet,0.5,5,68,5,True,True,True,True,b9d8ec7bbab1f2850805c4e2d5156500b1c2f15271ca9fa3321173cc7d6bd6b8,ef0d8d876ec0d00287df2132bec82d61ab33d1a096956e65690c5c17c2a82c26
FashionMNIST_alpha-0.5_K-5_seed-69,FashionMNIST,dirichlet,0.5,5,69,5,True,True,True,True,e12515cf39541fb0db3576bdb72b38c91cac5a3c6ecaf2733c466f57982964a5,1765a453a0c1a460ba94ff74aad0dd6b54c5a2fdd10e7e74fbdb9ea8a2fed869
FashionMNIST_alpha-0.5_K-5_seed-70,FashionMNIST,dirichlet,0.5,5,70,5,True,True,True,True,5bc0d612a5bbfb0b808cf686ef071162d4bc58aa04121497696bb9da4b55f758,a4a8d9f6d6469fe4c3b23b1a912082c60b74ca15d21a4823d6f9778938bdb0c1
FashionMNIST_alpha-0.5_K-5_seed-71,FashionMNIST,dirichlet,0.5,5,71,5,True,True,True,True,9b783c4a8c7789650a4ef857bafacceb4adee29ca5387e75ca94427c4450eb8e,14334f6f3e1b95517a7383bd6605702ef7adab6b39b1aff519272ca8b091d115
FashionMNIST_alpha-0.5_K-10_seed-42,FashionMNIST,dirichlet,0.5,10,42,5,True,True,True,True,1cb09f21cae345171837d3df88de828b86f0d2e09a33c09bc8328ea77c76e5f6,aec2619ab5fb6ba49a14befdea5e3ad60013d9f2d40c43b5ea4af049205194a7
FashionMNIST_alpha-0.5_K-10_seed-43,FashionMNIST,dirichlet,0.5,10,43,5,True,True,True,True,b28dfbae3354754a8ab196ca98d1d36bb0f1c7b4c271384b8976c7185a12e096,293b408cf2953a3f63b91a10e615492b8e04a1e72ec2461a87f9eb04daf027ec
FashionMNIST_alpha-0.5_K-10_seed-44,FashionMNIST,dirichlet,0.5,10,44,5,True,True,True,True,8d91c90d00a85dfc65ad9133343f802ed1e397f5da31b072321ec9dbfeadbd2e,fe7b36e6725e03a1f1c423c6226f3b28831bac5296de8c7f066aa30d3ebc9778
FashionMNIST_alpha-0.5_K-10_seed-45,FashionMNIST,dirichlet,0.5,10,45,5,True,True,True,True,6550ebcd4ed1c05add39c737a2adcdec881106b1edc24549b54055e224c1315f,16ef195b05d1e70422b1bd5a5ea4cd822a14111a28689e8d251184f884ab2477
FashionMNIST_alpha-0.5_K-10_seed-46,FashionMNIST,dirichlet,0.5,10,46,5,True,True,True,True,644a97c1e67113973619e018ed12f3fa22abd2a157b1113fb7058eeff5943bf5,2a323433b501728e689f28f46bee5d3cc0e662ecd4737c7faf4872066c35c5b1
FashionMNIST_alpha-0.5_K-10_seed-47,FashionMNIST,dirichlet,0.5,10,47,5,True,True,True,True,417ecc0a8156fd1c6966818e8b6c4f1989b712360261816745717ea06937b957,b57df25ae82a9ee81557c64768de4299fe1d813c845d97a2974032757b52b580
FashionMNIST_alpha-0.5_K-10_seed-48,FashionMNIST,dirichlet,0.5,10,48,5,True,True,True,True,b7c6c1ae909e3f3f467382e16f88912f114960350ca087eac18a605552a1af0f,f2c29821a6b3913776e6bf8107ce7b8c2e052339bd5c6eedc2e0c6a12735f24b
FashionMNIST_alpha-0.5_K-10_seed-49,FashionMNIST,dirichlet,0.5,10,49,5,True,True,True,True,cc0dc4256031ae84f2c4599f4ebb59e5ce682a2bf1e564935bf4682be9d5a0df,07d99c460c6d1c6370f217d1cac9109dd1aacd02040c1c342657f4a702b5d9cf
FashionMNIST_alpha-0.5_K-10_seed-50,FashionMNIST,dirichlet,0.5,10,50,5,True,True,True,True,42fcb0c24a6fbbcdcf302e6897e3448834635861f077d9bdce55457ec22550a4,b92d37e33cc5d60634850be13d3af3ece669af21aecd1c961bae82ec36186cc3
FashionMNIST_alpha-0.5_K-10_seed-51,FashionMNIST,dirichlet,0.5,10,51,5,True,True,True,True,6a47cb755e26d8db83dcc8a562ec8845f87571969415bb886ec892720bd6ceea,24c1788fd0769e6eb1246d57b3351cc9c591bd3a11295c5e6073f4b617e59f0c
FashionMNIST_alpha-0.5_K-10_seed-52,FashionMNIST,dirichlet,0.5,10,52,5,True,True,True,True,616e27fae0dbab83bd72703257b4b937def6ace2e956624f09d96d945b3af1cb,4772c0c895efb05a89a696bc41e5e5dabd829c815ad95ddd5be2708b57996ffe
FashionMNIST_alpha-0.5_K-10_seed-53,FashionMNIST,dirichlet,0.5,10,53,5,True,True,True,True,cd56038f58bb3a7a90dcd0fc8bd4e01f1d81c6b4ac56ccd2114d7be648e6fb0a,263cc64d6952ef437ffa2a800d6e558ff051f8d2654621840311754c8df9fe27
FashionMNIST_alpha-0.5_K-10_seed-54,FashionMNIST,dirichlet,0.5,10,54,5,True,True,True,True,9eac8120d96dc2de54c5db6f1b861fcd8d2ac3121bc242a7ae29fa57f711fb22,508fe32ae4b36f3380dbbe1859cb0056cf078c0d636a54591159df0009b73ac6
FashionMNIST_alpha-0.5_K-10_seed-55,FashionMNIST,dirichlet,0.5,10,55,5,True,True,True,True,8aded4d9ef5604fc2d5364f088d60c84c5c55df697cd35b83761321faae16e29,ad03df4e41a79bff5725b6b33910aebfd636ce7e247718dd5823cfa94409c0d9
FashionMNIST_alpha-0.5_K-10_seed-56,FashionMNIST,dirichlet,0.5,10,56,5,True,True,True,True,4a348ad486a58039e0de7faeb837b3745a4f73613bd167e65d4758ab123d12f3,a68f50b947cd861421765cb375650c49b9842ac61737a53132cf0c541d2385b4
FashionMNIST_alpha-0.5_K-10_seed-57,FashionMNIST,dirichlet,0.5,10,57,5,True,True,True,True,7d00b6a606341d3c1e78464755d758a070d8d0a41c83d0f216f37c4bca2ae38c,fa088ae37ada5eea04a60667d8b66916f8bb67403ccbe0e71f33d53e32521707
FashionMNIST_alpha-0.5_K-10_seed-58,FashionMNIST,dirichlet,0.5,10,58,5,True,True,True,True,3fea175e7d3a3b04286c63dd3f7bff08d930dcec8f9b6660513ec45abd2385eb,9ada1922adfcde62e21cf3e91dddc624ab12b9810f22551567da2fd90d44d505
FashionMNIST_alpha-0.5_K-10_seed-59,FashionMNIST,dirichlet,0.5,10,59,5,True,True,True,True,0f7cc8ef80bdf7687540fce88b1c8436db4eadf47ca0e03b23bea401e93eae33,e2f5780dee4d1a928ba5a3cb6171ad169fcb02d980c89ccef61d6458cb034dbc
FashionMNIST_alpha-0.5_K-10_seed-60,FashionMNIST,dirichlet,0.5,10,60,5,True,True,True,True,41636407fc2fde014aa6bdc42e0f9fdff68dce5567773dad68459ad31cf6da29,854f1522992dbbccb436183268327d5065b8431fc3fa45e033ec6af985cae649
FashionMNIST_alpha-0.5_K-10_seed-61,FashionMNIST,dirichlet,0.5,10,61,5,True,True,True,True,58aeba1fae3ad6ce8fc49e554bb548db121842f5fcba8189d5b32b979a6147b0,4c3e75b8ff433d33cd10bde5406367e183f3b0c2ca1225e575a3881351682312
FashionMNIST_alpha-0.5_K-10_seed-62,FashionMNIST,dirichlet,0.5,10,62,5,True,True,True,True,bcc98f01351e7e0afbb56ec9a2fb3082eb1c0da5844d0c60eec469f5727652a3,fb353bcba0f3a018615728ee1140755373ca6e2f446ef6d857825026a277262d
FashionMNIST_alpha-0.5_K-10_seed-63,FashionMNIST,dirichlet,0.5,10,63,5,True,True,True,True,78dd2aa37e56377e937e5e4e165b223c0f3db6265e92ad7a4eb6d6fa0098dd50,30356443b2e978398a355170deef1c064cdd52f89af0c030e6681386e534177f
FashionMNIST_alpha-0.5_K-10_seed-64,FashionMNIST,dirichlet,0.5,10,64,5,True,True,True,True,a592c9c4bf525f94fa8063548443290721aa3bf97d536c8f0ef0ceba062e9f96,735a41fc996ca1bddafd9c9ecf577c5a448f42e2793d92a9b6f56553816904f7
FashionMNIST_alpha-0.5_K-10_seed-65,FashionMNIST,dirichlet,0.5,10,65,5,True,True,True,True,5eeb7570f991e1a5d344d44c8eaa2b45f8fe5867c63188c617f1a69d1fc699a1,95e3032962f006da219759100d12535ab2dbee390b61e560da114ce91e4257dc
FashionMNIST_alpha-0.5_K-10_seed-66,FashionMNIST,dirichlet,0.5,10,66,5,True,True,True,True,c5b3fcafdcaf8c2922ba23b80faa7d6a95b04f11aade6ab3583a713d42ad1fcc,b3d63fcd9481e0634e80d1a9432e189fc9710f528e1e1db3e3f7f93671d7f4aa
FashionMNIST_alpha-0.5_K-10_seed-67,FashionMNIST,dirichlet,0.5,10,67,5,True,True,True,True,467b223260a560d03de5cb81cdd827cde1af3559b80c04f2f428ebed1cdce6ea,4a1b72d45a5ac94cf1270a3d7683e03924a79740cb7318f97432b44b91f51fd7
FashionMNIST_alpha-0.5_K-10_seed-68,FashionMNIST,dirichlet,0.5,10,68,5,True,True,True,True,60c6bc8c5e52337f247c9f86209149a8774fb53e745aa881dcf4f42c9cbc788b,2028047e0338e9c308d05dbf896292ac117c3a49bae6f958727a9e6e531f6b45
FashionMNIST_alpha-0.5_K-10_seed-69,FashionMNIST,dirichlet,0.5,10,69,5,True,True,True,True,9f873539128707b6b4be72e6c91928841c5ab22f0cf8d9d6de76eb3a2c5f252e,ecda56dfce0380cdc00d5a70b22f4741aa9b6446e347933d616f11302be918b5
FashionMNIST_alpha-0.5_K-10_seed-70,FashionMNIST,dirichlet,0.5,10,70,5,True,True,True,True,cd0e742511e3255eef8a226bfb9203d319f9499911347029f56e51db1297bf5b,aa26277e229b66d803a4fe564d4985f8ce3d5894b897e8478c1f636cb7e03b7f
FashionMNIST_alpha-0.5_K-10_seed-71,FashionMNIST,dirichlet,0.5,10,71,5,True,True,True,True,3b4dcc8368e755a152be43137c17c22c07d8bf585dc6136d8a5b72d08d54af63,7bc9bcd0ac5c7218849c1171d6f942ffa46f25981846e589a918d7284a289d15
FashionMNIST_alpha-0.1_K-3_seed-42,FashionMNIST,dirichlet,0.1,3,42,5,True,True,True,True,cc695b7442b7076974c4143ef73db3dbb15cd80659c33cd23fd13139182100fa,9e8200026590ab855038f624430d686926d4fa86df2cd46203650a2aa1726b9a
FashionMNIST_alpha-0.1_K-3_seed-43,FashionMNIST,dirichlet,0.1,3,43,5,True,True,True,True,01453bc77d3eb9afa0f811c348a9c3a4fd5888af23076deed249eedb492125ce,8b93ca2d7b32ecc90463299aa0b6bf2c643c05f025b10d556638a6b59d6988cf
FashionMNIST_alpha-0.1_K-3_seed-44,FashionMNIST,dirichlet,0.1,3,44,5,True,True,True,True,317b4e0c2c82cae939c2c2d71a2a349963aa926836cfd7da29c9947c41f5b309,e2880ffebf5db4581795ea4437be6d61ccb71ab216ffe8c1a8d5691384142cca
FashionMNIST_alpha-0.1_K-3_seed-45,FashionMNIST,dirichlet,0.1,3,45,5,True,True,True,True,2bc3539f29de456408b5beeef6d92a8a0bc8b2188906bbc4d571d195ddc4cea4,2b629ead9c04a16827bf9abbde25b50c137a106b2d4974ce03dd8986ca3453bf
FashionMNIST_alpha-0.1_K-3_seed-46,FashionMNIST,dirichlet,0.1,3,46,5,True,True,True,True,445121be6ed686254d84ed1941a5469a527f2700c127bda905f9ac4539e671a1,9444da8fb1647b7365f062c29f8b661b96f8112b9b178fba1dd5758b4e1756c7
FashionMNIST_alpha-0.1_K-3_seed-47,FashionMNIST,dirichlet,0.1,3,47,5,True,True,True,True,20f155fa630c6e2b15ac1baf0b4e46ece1db03e9dfc8c6f56c77b341df6eba80,6dfd763b0a07c6aae5d82aab9735e3fd22d8d2c84128b0c7be81b9c3e6e9f256
FashionMNIST_alpha-0.1_K-3_seed-48,FashionMNIST,dirichlet,0.1,3,48,5,True,True,True,True,5490174e4aab50dfd430d76aab81a17a513da5abc1307e509ee981789a3246bd,252b79d6a900dedd187a55a03bbe1afb63e4f8d050b570afbf44bf6d8ebbd367
FashionMNIST_alpha-0.1_K-3_seed-49,FashionMNIST,dirichlet,0.1,3,49,5,True,True,True,True,d60715c2bd063fcb062cdd030130cfe1bf4f6db035d7ae672993753ac0bfbadd,920de66bdc8dd5984223fac0a6155417517e839c53706d6bf5b7a25de60e958b
FashionMNIST_alpha-0.1_K-3_seed-50,FashionMNIST,dirichlet,0.1,3,50,5,True,True,True,True,e47e83964778f8a42855dd4607a5c0663fd57d7fca4e6a6d18ec717ac34c1621,fd27b5c55d7d2829cc87658ecb5cde988e5e2f5769ad2590979ef2d5f9929390
FashionMNIST_alpha-0.1_K-3_seed-51,FashionMNIST,dirichlet,0.1,3,51,5,True,True,True,True,a33c0fee1ba130de842a11236c979e800c01d2580d12787379056b07d5782ea4,c35ff56ac13b39c4ec551e966a57daf5b2b4592d0090b5240ea4081bc52d8c97
FashionMNIST_alpha-0.1_K-3_seed-52,FashionMNIST,dirichlet,0.1,3,52,5,True,True,True,True,d9e93b58a07fc5e97a4cdb8e4f8066e46770b4be32e336ebac34bdb33258625e,2fc678a644ae0331daaa728564dfcd5b4e2257b2bea9320aaeb427fcf9f0d247
FashionMNIST_alpha-0.1_K-3_seed-53,FashionMNIST,dirichlet,0.1,3,53,5,True,True,True,True,75801f48ca08ff6833c0f444f28daf3081db751e6d35534da463b3306212a4d9,98bc10a12e72192521e8c4b8aedcc488542d64b85d4d6c34892ab5d9cf5620d8
FashionMNIST_alpha-0.1_K-3_seed-54,FashionMNIST,dirichlet,0.1,3,54,5,True,True,True,True,6e47ac322cca7a51032796edcbd15c711e044b533410815980d6ea5a6a13dc7a,2d9dfcfc399c9ca0b58894b443b5c1ffc4fdc399413211b462b5084936d03d56
FashionMNIST_alpha-0.1_K-3_seed-55,FashionMNIST,dirichlet,0.1,3,55,5,True,True,True,True,d5e5c3c8c7a96ca8852758061e3ef4713e7faf8ad540c60f9eb93644f2ab6fab,2ba46c50fac1bd34f91091b2115d6211783c53930ff5339861e03aa56e2960a0
FashionMNIST_alpha-0.1_K-3_seed-56,FashionMNIST,dirichlet,0.1,3,56,5,True,True,True,True,e8592711d0dbc2d207c35ec545355836fbd16c21d115258ba139104deff5626a,3a95d3e59ca57ba32664407277b3e683492b7e39dd8e7b1c25046e442623f148
FashionMNIST_alpha-0.1_K-3_seed-57,FashionMNIST,dirichlet,0.1,3,57,5,True,True,True,True,72f4480d849933ae0092a9b1480c9d13c383322eddd52bf9c945f8d6859ffadb,2eabc90174c0d8fd2db7bc8632ba02d30fb8fc17d52c5899080880bd162b738e
FashionMNIST_alpha-0.1_K-3_seed-58,FashionMNIST,dirichlet,0.1,3,58,5,True,True,True,True,7502a2f3f3427e45cd9acb939720dd8c5ad0b6f2940ac91c73709c73f6cb547d,fc508096fcd0ae4b02d5e7ec9256672a6244489dbedacc8e856cd274584df3f4
FashionMNIST_alpha-0.1_K-3_seed-59,FashionMNIST,dirichlet,0.1,3,59,5,True,True,True,True,9ecc15424a081de87e4459e41de344b3abb309bf7486c15760a7c4d59e96611f,4932da4992067f3fefd48b2b79b5a6b848b1becf01c3dc9432ec15d8e981c762
FashionMNIST_alpha-0.1_K-3_seed-60,FashionMNIST,dirichlet,0.1,3,60,5,True,True,True,True,7bacd7f656def867a761066e6c8b8f4303dc5eb595f7dda452cbdd52bbee25d6,f8a0ab24004db169f7e56891fcdce205a1d37f64fb3da8b68f676d8fef47b6ce
FashionMNIST_alpha-0.1_K-3_seed-61,FashionMNIST,dirichlet,0.1,3,61,5,True,True,True,True,6d0845b6f88a8a76a07e199a5d9fd701622b2ecd507948b0fd0896178dd057dd,1aef9e1160c15f714692d761fb78c3aab80ff703a7b96a6df5028b965e535473
FashionMNIST_alpha-0.1_K-3_seed-62,FashionMNIST,dirichlet,0.1,3,62,5,True,True,True,True,fdcfeff1fe6967ab9b115c7a168217f4a369d3fe329b2e24eeecb0aae0df59a7,90216a3fe597dfa53ecd601a0faaea24c692f6cd6dd81e6b51bcc86e848449a0
FashionMNIST_alpha-0.1_K-3_seed-63,FashionMNIST,dirichlet,0.1,3,63,5,True,True,True,True,ab0d25aac3772d54be839825d9cbc02826e8c4ca10a1f82aa06bd71dc3d8a198,db90812bbe5334f84bde1948beeab9d543f4632bd859ea529179ed57183c8bb0
FashionMNIST_alpha-0.1_K-3_seed-64,FashionMNIST,dirichlet,0.1,3,64,5,True,True,True,True,d39195be9c925935fa60d2bd348bfa57348633912cda8309812f415465ee5ee8,6c30a02d975aa6f0f76010402db4c19be9b6a614098b3b794975edb0099fe50f
FashionMNIST_alpha-0.1_K-3_seed-65,FashionMNIST,dirichlet,0.1,3,65,5,True,True,True,True,f7b27f68569e32a8afa3c0d467e6305d78b2eec2e50c0dee2a9a3bc119bd6705,246dfa42a98541d711146d17ef8e7aee8673e446caedb0fb691c4e1226a46134
FashionMNIST_alpha-0.1_K-3_seed-66,FashionMNIST,dirichlet,0.1,3,66,5,True,True,True,True,e58a9cbad2df906c39a59d12de723aa6440a707122eb544758bd95f052157f6f,41e854cc974308e9a55af55bfa06f361a8ecdc0944226edf7a5fc2b1a3b2bc88
FashionMNIST_alpha-0.1_K-3_seed-67,FashionMNIST,dirichlet,0.1,3,67,5,True,True,True,True,a170cbb545ec13cf8ada53e9705cd0ff09c29186eb57c763d8714320a3f99b0a,41eeac474920e83bc7e8147eb116ff9b4469fed6bfa57663203200d87abb2d64
FashionMNIST_alpha-0.1_K-3_seed-68,FashionMNIST,dirichlet,0.1,3,68,5,True,True,True,True,118a0009bcdf9b868327e09dd438a883c7a9af44dcaedfb35c7d42f82985f45e,00c64a4d709c2adeedbcb3a2af2c24e0bbf48ab93ce71d80680db135e55a3197
FashionMNIST_alpha-0.1_K-3_seed-69,FashionMNIST,dirichlet,0.1,3,69,5,True,True,True,True,11cbf924a91d5c4e5e95fb536b2f9117e7fe8dd417b4143551dc3a5352e02b57,5820edf1a20769f9d36d2b6be3264e47b573c5532336b3edfdcca7181a542820
FashionMNIST_alpha-0.1_K-3_seed-70,FashionMNIST,dirichlet,0.1,3,70,5,True,True,True,True,758f8dd5794748d45bada3cf6a919f0e9d807ca978849cd32f69e4a12ade099f,949846721978a2837f69e9ff10d99eefef06c52fea9d712b96ff67bf00e87096
FashionMNIST_alpha-0.1_K-3_seed-71,FashionMNIST,dirichlet,0.1,3,71,5,True,True,True,True,f8cbcdc12b3a84ead1ddee1f509b28d6c10ca1fd70d83dcd0ad292d28291352e,c4dedcdbad72793162189b7ad51332519516732871056696d8a42b13fc77991d
FashionMNIST_alpha-0.1_K-5_seed-42,FashionMNIST,dirichlet,0.1,5,42,5,True,True,True,True,08f7641d5acb698907fe65d8e4f7064d4ab09a644b020b8e7b2e1b5c986aa60c,c5ea95bc8597f8438091d3a2d72a8b69f19435c1f874a7fbed1ace2f4a3afc2d
FashionMNIST_alpha-0.1_K-5_seed-43,FashionMNIST,dirichlet,0.1,5,43,5,True,True,True,True,895707b17c967530df6d0e6d4713d55234d0634e00d77c419e30a0f87b31caa9,151888eb43739110b38e50ad03731cfe19d8d955af94301da86589ae0a20ae7d
FashionMNIST_alpha-0.1_K-5_seed-44,FashionMNIST,dirichlet,0.1,5,44,5,True,True,True,True,d225b600c60df45875f7e290fbc267de5f610962da62b1a5a2c8225d9a962eee,9546d2515589ec151ecde6602508d2e98a2167c628ba79827c7197ef794ccaea
FashionMNIST_alpha-0.1_K-5_seed-45,FashionMNIST,dirichlet,0.1,5,45,5,True,True,True,True,63b448b03c3b96bcbb057f7326a1cb32fcaa8df1579ae7c9aa36e7f21c94336d,44b7f9d25c742025fecd9aa7b4dc8043cdaed5cc7ec4c91099fce9a077f51d44
FashionMNIST_alpha-0.1_K-5_seed-46,FashionMNIST,dirichlet,0.1,5,46,5,True,True,True,True,5e0d357dde4e4b4ea7d891e0b8e1f0276f3ad41fed2f2f5b967d31e1122fd710,c4d83ceda64e391ade6a243678bdd45950fa0979d2c3b8c1b8f6e52d69606438
FashionMNIST_alpha-0.1_K-5_seed-47,FashionMNIST,dirichlet,0.1,5,47,5,True,True,True,True,f8b296c5c5d4597094211a91e18e68beacd4e91bdb6d135c5d67ef92e5506f06,0c7182e31cf9b6ad5e489364bf6f40b8ac85a96e295693576de2dbffdc4425f5
FashionMNIST_alpha-0.1_K-5_seed-48,FashionMNIST,dirichlet,0.1,5,48,5,True,True,True,True,767294e815947ad34d5ba86a274f16981a3768c41cf9b512301eabdb6d0800c3,31dfad9dce05f2d92698df947372c34c09d7cecb08eeac052f36deb8afd4ce1b
FashionMNIST_alpha-0.1_K-5_seed-49,FashionMNIST,dirichlet,0.1,5,49,5,True,True,True,True,adb9ab407c8185aa5cabc5d9fd70a8fbb28b14e656ded72d1ce93b08932ba95e,57ee433875b2b8aa1802a26fbe97d2ad40cd86b96d85ca25f423ddc2e56eb8af
FashionMNIST_alpha-0.1_K-5_seed-50,FashionMNIST,dirichlet,0.1,5,50,5,True,True,True,True,2b01cf4260ef7a070b5786f629a0896f31eb21d49d78458f9ad3341413a3096c,f9a76f6eca46f3d9ec26f87aa7981852d376ed2a9b71c0580e93455d8c57e99b
FashionMNIST_alpha-0.1_K-5_seed-51,FashionMNIST,dirichlet,0.1,5,51,5,True,True,True,True,0ac8bef9edb030efde6519eb8ae13f101e53bcf17651e122ec8dcfae12f9a404,bc1c435497551fd8bb71bdb068a1132dc1a0f7d670236110396f424476ce31c8
FashionMNIST_alpha-0.1_K-5_seed-52,FashionMNIST,dirichlet,0.1,5,52,5,True,True,True,True,1f4c6e365d9233c101bde3dc24248d5ac79f7ecd62a38effcafb716c7273cb29,7c2d3636d8ddf5bfa2f5a487de958e1b8aac6cb92f7c705a2d57a5f3f3e87254
FashionMNIST_alpha-0.1_K-5_seed-53,FashionMNIST,dirichlet,0.1,5,53,5,True,True,True,True,84703929cf61aa46e57fed6e684b0996f117c0fbe39d68223b0c4af33c1f9e6a,ad7eda9770d56a4315f58fc86f2ed6b3bdf2e0f3698628b94117e0b38b84df44
FashionMNIST_alpha-0.1_K-5_seed-54,FashionMNIST,dirichlet,0.1,5,54,5,True,True,True,True,c48895174f2d6335425dcb9d74b5636b65196d689a6156c365bdf1d8308382a6,5ca542629c907927676ae4ed73b718708555ae10cae1fbe3ecd9784b9b608b02
FashionMNIST_alpha-0.1_K-5_seed-55,FashionMNIST,dirichlet,0.1,5,55,5,True,True,True,True,3e15442b52c85ade4760a2d52d8f98c569c0280d9cacd22a3cf7385a03f832f4,3328590f8b292211037aa1a9c3149dddfa15b475e4f9bbafbef408ddbfb05a01
FashionMNIST_alpha-0.1_K-5_seed-56,FashionMNIST,dirichlet,0.1,5,56,5,True,True,True,True,f5c0d1514d0e9dcec306aa8642dcb434bbe4f329fef96f970560362ec67bff54,cb3761aa999879db27e6615ed714d8c6e183ada5a024747f487e334c33979aa8
FashionMNIST_alpha-0.1_K-5_seed-57,FashionMNIST,dirichlet,0.1,5,57,5,True,True,True,True,7994530958c93a63aef0243b6434d1150143e66c7fefcf3b8bdecb674a3141df,b57dc179e6a84d3dc435ef7eba341e549b1c318b04d02633007ab68fb63aec6f
FashionMNIST_alpha-0.1_K-5_seed-58,FashionMNIST,dirichlet,0.1,5,58,5,True,True,True,True,6ad8c305e5c4af8c77ced05ad63533abbdd7d2b764f8bcb65d383669e3c6403b,c12f78a99cbb37524234cc26a62601bbd2718cc1a652518672a25905b32cd0a9
FashionMNIST_alpha-0.1_K-5_seed-59,FashionMNIST,dirichlet,0.1,5,59,5,True,True,True,True,24baee31526894680e673c8b43dd3a243a6c6e3fc75590ea6364165a3ac35ef8,53d425a849fa0767375bb29e50a24919d47f2b3eb141ffd812dfaf0803746bbb
FashionMNIST_alpha-0.1_K-5_seed-60,FashionMNIST,dirichlet,0.1,5,60,5,True,True,True,True,60e28b64cac2f63ed42a836e54e29354bb2c9c1f18c1cc8629871e29a1f70b61,4c09a85671d32001a9354cc7ad6d0b66f47af794802e200f61f93b26128381cb
FashionMNIST_alpha-0.1_K-5_seed-61,FashionMNIST,dirichlet,0.1,5,61,5,True,True,True,True,f8361ce7ee479354f1cdbf8317283d490e2e342470112c2cfd840e1afd6e6929,7ec71dd66fff0b7274ff8c647ea203e74edc51091208b774870d50e443ef383e
FashionMNIST_alpha-0.1_K-5_seed-62,FashionMNIST,dirichlet,0.1,5,62,5,True,True,True,True,9045ba41afdc4a8b4ff293db582bc462de6650f8243bb376e53fcbefcbb44a43,b92d39a2fcea8cd51105f56af730f5716ebcf98f8cb6e3b8607a8e1b3cc1753c
FashionMNIST_alpha-0.1_K-5_seed-63,FashionMNIST,dirichlet,0.1,5,63,5,True,True,True,True,84d63b4a814b99a140a4e840ea62c90018de1724bc23699f0b4ff3063d60af77,a5ddacc09d8a10f1ffdce97198b0aa3f8d17083906bfecde208c345292a4ec4c
FashionMNIST_alpha-0.1_K-5_seed-64,FashionMNIST,dirichlet,0.1,5,64,5,True,True,True,True,619fc4d4ecaddeedec5a4028c468eb854ab718d15123125c7c8c2e6a833b4d1c,c9e99ef0ac9af2edd0be700629c9c81b83ca7b6a709fa17aefa96dd716332730
FashionMNIST_alpha-0.1_K-5_seed-65,FashionMNIST,dirichlet,0.1,5,65,5,True,True,True,True,47ad057b7bacdd9e4ea8954821eeae23da6a92f9f0b3f42598459fb2f7306b37,3820f33672209fbafaa6ff24c8885ecac1f71d9a99f0e89b463bc5fd42fcd945
FashionMNIST_alpha-0.1_K-5_seed-66,FashionMNIST,dirichlet,0.1,5,66,5,True,True,True,True,0490f6676bdecdf265bb1f00cbb62d428a1f40f88703862f7f463c6be0214aa8,370e3e3dbd29aa5a82d8afc3916456a8bf17392159af40ac3778540948f678ee
FashionMNIST_alpha-0.1_K-5_seed-67,FashionMNIST,dirichlet,0.1,5,67,5,True,True,True,True,04acfe624e4207ea87b8075dc70a41972c1f3011155bc9cd06f40c486e699fe4,3f3d237e483a6f73acd7440a3cd868f6f2652c8d0511fc86ef6d649d14da27c3
FashionMNIST_alpha-0.1_K-5_seed-68,FashionMNIST,dirichlet,0.1,5,68,5,True,True,True,True,b8f054a0eda1a2e155ab2bc4b4ac3bcde7afb29f0bec43dc11c394a59ef4e137,5b09fe55e947edd38230325271bd9ac54b64441ef831e8246d067eed53684c1e
FashionMNIST_alpha-0.1_K-5_seed-69,FashionMNIST,dirichlet,0.1,5,69,5,True,True,True,True,64ebcb146e754184b0a9d628497fc071cb3025fd1bdfc7cc622f2bcefe278afe,3260f8f04b65e484daa9f4249a590160f660aab22681bb8962a45b9dae0e6e47
FashionMNIST_alpha-0.1_K-5_seed-70,FashionMNIST,dirichlet,0.1,5,70,5,True,True,True,True,719be8bf7dd57d0808c7eb06af6993436ba12bf282ebf0977d7cc31dc5a7d688,897e74a6a5793b21631ffc8dbc7e6d6848fb2fd5b5959905a8a1773cadafad17
FashionMNIST_alpha-0.1_K-5_seed-71,FashionMNIST,dirichlet,0.1,5,71,5,True,True,True,True,30fcfacd6ff214bc40ab7fca95349d507e0cc792e30d37c637733769167a51e3,b8954f8fd8e1148da745e7acf6f8ba57e2dabadf487bea4e2572c918eb4621fc
FashionMNIST_alpha-0.1_K-10_seed-42,FashionMNIST,dirichlet,0.1,10,42,5,True,True,True,True,64f05b2778783c93fc9c4555bb6a3e087904899330f0443e26d1afdb4135669f,1d538d41bb6a2a0844dc55d25c3812d2519932979f994b5a67c80c15f715c51f
FashionMNIST_alpha-0.1_K-10_seed-43,FashionMNIST,dirichlet,0.1,10,43,5,True,True,True,True,3278768a3b73ed210da5057ed6ec8f39c7a2b2a38ad1dd3a492df27de0bbffa9,7a0f27ccaf157622a34e8cc865a8fedddc2930976715eff06a92421d9f73e73e
FashionMNIST_alpha-0.1_K-10_seed-44,FashionMNIST,dirichlet,0.1,10,44,5,True,True,True,True,b53c9db0dfe217d387c08d43471cdd698495380e3baa5297025aeda426556285,f0e732305486beb0762b9aeb4b9fd38acc32542e436d2b000e294f3e139b16a2
FashionMNIST_alpha-0.1_K-10_seed-45,FashionMNIST,dirichlet,0.1,10,45,5,True,True,True,True,7c16e3a4337f0c3882c3b67a210c7dd2d5169e54a5efa5bf0c4e07db4302b0ea,d3a1bc11defe49b13f745389a48e77d204eefb17e102c15f9e0b0fa61f6a78ed
FashionMNIST_alpha-0.1_K-10_seed-46,FashionMNIST,dirichlet,0.1,10,46,5,True,True,True,True,c6865904318fc1dcaae1eec43067f5c821cb6638fe606c8d9acc32407454a8a8,0527f4ceee168ece39e4c6ac5ded6757a9600d1fa64032e5303f6903e02a3454
FashionMNIST_alpha-0.1_K-10_seed-47,FashionMNIST,dirichlet,0.1,10,47,5,True,True,True,True,9b0cfbd8844e8b34b67ceb66cb057ecb1fdf88c50cb95110a817c9289890c5f5,00beb842ae7a8945c6a84669e6ed231835991e5b708fdc65333d5f018c19a728
FashionMNIST_alpha-0.1_K-10_seed-48,FashionMNIST,dirichlet,0.1,10,48,5,True,True,True,True,55b01da1c810b56338434b55729e91667c7275132e9f66e8945bbc2756be0a30,7676a56736534f77e28e8c1bf8924b2bf5c5cba763d5c3487cb96e6725da48f2
FashionMNIST_alpha-0.1_K-10_seed-49,FashionMNIST,dirichlet,0.1,10,49,5,True,True,True,True,797870cdfc2a00816ba7cafba3f11b2ac899ef7f57281056243ea145b3ecf516,0606d65e6f74dff04c7821d60ce1af468ae9303bb7fd1b3ef9385f9e44b8a3ca
FashionMNIST_alpha-0.1_K-10_seed-50,FashionMNIST,dirichlet,0.1,10,50,5,True,True,True,True,abea482e0a5e9338ccb6ac52052e9c466272b9bae9a3ae024ade5c4b4cdf8ce1,3c8b7dd49689dfed33425518aa78acb1ef7d4c2d6274ee951257230a662fd34c
FashionMNIST_alpha-0.1_K-10_seed-51,FashionMNIST,dirichlet,0.1,10,51,5,True,True,True,True,a14eaa74ecf077d4fb3c840a67765d50f30c36b23a1b2d28a0cf2eafc5f86557,6c923e6a0d8f331a05ecdba0595b383b2ba74f1ada63f2b4170e0d6d707f14a9
FashionMNIST_alpha-0.1_K-10_seed-52,FashionMNIST,dirichlet,0.1,10,52,5,True,True,True,True,2cd3c92254185373779eee5e1c3c0fb61341d495cd44cfc304b94b4bd190b58b,b179d5fec5f2f8dc0ed9faa3210e5a10636a20fef8f010a09aeeb4e20cbd5663
FashionMNIST_alpha-0.1_K-10_seed-53,FashionMNIST,dirichlet,0.1,10,53,5,True,True,True,True,84e51d14c41fbbf59c1edec71105c2bcd91408803c078ccebb030540363f1d6d,22808e412cce6701d7fe4e2e922a539a49593bbbea2616520318db1929d5382a
FashionMNIST_alpha-0.1_K-10_seed-54,FashionMNIST,dirichlet,0.1,10,54,5,True,True,True,True,5293cd2708386826a0dfd659f7b69e197f4a63f2a4a72ea2e2e8c91db3b8d0c4,a1d92f8f72e9ace4d6759ec0319a7ad78a45c898c8f5f0de1d21c63a42a64de8
FashionMNIST_alpha-0.1_K-10_seed-55,FashionMNIST,dirichlet,0.1,10,55,5,True,True,True,True,c96a50b1cbcfef45ccb498c2f7073c3bb54129397ace5ba628ce9c1f9f4f9c3f,65f420a260397212cbc1ef3b9e15fee534727dad603aa3727f523ed51fd3d523
FashionMNIST_alpha-0.1_K-10_seed-56,FashionMNIST,dirichlet,0.1,10,56,5,True,True,True,True,548897c714dba8409bf7aa6a993ce53dbacc335e20804d0055e96d0de48cb52e,00787ae88dda2ee94985717329c8c35d9a404ab1032406ca1488fed3876e236b
FashionMNIST_alpha-0.1_K-10_seed-57,FashionMNIST,dirichlet,0.1,10,57,5,True,True,True,True,8f2883eac47ef242366cb21680e8ab3f4114680b6237cf492a52e54b08fc4692,56c6d4e1f974a1350e7b0d6ab1aa1ada10cedec9dae0a9595c0cb9a6fe24d2ab
FashionMNIST_alpha-0.1_K-10_seed-58,FashionMNIST,dirichlet,0.1,10,58,5,True,True,True,True,7651b36b8acef71161e9ad0b05a0744fbe44b7e3daca3bbcff0f06948ba0bc8b,d09d18281f7496830e31cf256021883273a74c65c9fd83564648c0c40bb0ea01
FashionMNIST_alpha-0.1_K-10_seed-59,FashionMNIST,dirichlet,0.1,10,59,5,True,True,True,True,b7f0b9f7302e3c4348a5c0a7600fe7df47d504d8386cea2794bb2e690385336f,846338401db91f4df648f39717fddb41df322cbb9c8e479a08c02d0fc80d7f39
FashionMNIST_alpha-0.1_K-10_seed-60,FashionMNIST,dirichlet,0.1,10,60,5,True,True,True,True,3192d671db6e2e71994030a5e4c5e48c56abf6883f916d31136feca66866f3e7,d40df7d06e835f27c7aa93f2a7ff1f47e371c5be3bec7e05a78fbeaf80903a4c
FashionMNIST_alpha-0.1_K-10_seed-61,FashionMNIST,dirichlet,0.1,10,61,5,True,True,True,True,4d04b409b25103698e4304855bd71b5d88439ee324cde181e859867808df876c,c37f24b3b9aafacc0ee695480cd3fc1ac0bdc0f3970611a133a6963e696fecaf
FashionMNIST_alpha-0.1_K-10_seed-62,FashionMNIST,dirichlet,0.1,10,62,5,True,True,True,True,82f16f8cc2cc87209ed2d1d29e3c0e4c3f996cf5b04e8dfb61242180fc3294a8,016ba63dde78cb516b509ff5ffd484a9b2eb7ec09bd406ff972f2e4d5dc95a4a
FashionMNIST_alpha-0.1_K-10_seed-63,FashionMNIST,dirichlet,0.1,10,63,5,True,True,True,True,a28f621ae4983a3f70221b1472891898befdb970c9beb675146920366c7c8a34,88378c81b08d85f22de57bd5c93f9a22c4051d4c56e2a751a45d9337395ed62c
FashionMNIST_alpha-0.1_K-10_seed-64,FashionMNIST,dirichlet,0.1,10,64,5,True,True,True,True,b2e90903f58373786dfeb68276de4677d5cc9d9e266dbcba42c80661a513fcbf,ecd397008b236e7365e93fc7e534ea2c2d0b2002ebec2269ca6936bd5a7119fe
FashionMNIST_alpha-0.1_K-10_seed-65,FashionMNIST,dirichlet,0.1,10,65,5,True,True,True,True,81aa6cf0709bd6fc628698398b5c70eb3d0f9da6ac2e43f04e2ca437da80ae9c,b5f4b76fe1a18f30c85737e4ab55e9e19094316d2825ade72185c4519e83640d
FashionMNIST_alpha-0.1_K-10_seed-66,FashionMNIST,dirichlet,0.1,10,66,5,True,True,True,True,175762cafbaf459d3cf20fedb5622212fcb807b69301547d50a83255a0b97f94,3b8766bd1950984ba6cbd60ad4cc2114addda907710f8fbf6fbd3e7e503b535f
FashionMNIST_alpha-0.1_K-10_seed-67,FashionMNIST,dirichlet,0.1,10,67,5,True,True,True,True,c4edb7861ff4d968242b697a5706ad9115b30d845865a40077c4059d13e55bb8,e8b48534b207abc92202dd58493b60db05609d0f5847348da93762fbc816150e
FashionMNIST_alpha-0.1_K-10_seed-68,FashionMNIST,dirichlet,0.1,10,68,5,True,True,True,True,9de066f689701c5aebed482e23b961f3f3d81cfc756559fa9f017fa7f9b73d54,043723c0c91ef5762aa89d7836158d3cb496d562ec186a44fe921f9955e539dc
FashionMNIST_alpha-0.1_K-10_seed-69,FashionMNIST,dirichlet,0.1,10,69,5,True,True,True,True,5ec7a1f27d2b9481a672fb948ec0090e4c7aebd49b874e44ac062e292505a4b3,2435626bfc111163584cfff0bf5dc7032b98c4659b4d20ca036378f894fd427d
FashionMNIST_alpha-0.1_K-10_seed-70,FashionMNIST,dirichlet,0.1,10,70,5,True,True,True,True,f99bedf25810a6ea56190f2ba3a531a91a865c84657d20f469e3405f7dba0ccf,4aa4aa91f5b90ccb788f289b49cbed3a01145dbbd4ee072b13869280452feed2
FashionMNIST_alpha-0.1_K-10_seed-71,FashionMNIST,dirichlet,0.1,10,71,5,True,True,True,True,0d9a37442debdf23d9a6f6bf9ef689dd1c9c3f8d76675963a03df4aa3612c494,0911a966e4860f80456b685bdfe2d42cd75b39126e8f1c811dd488751726d600
FashionMNIST_alpha-0.01_K-3_seed-42,FashionMNIST,dirichlet,0.01,3,42,5,True,True,True,True,2b5c3c91fab09a939404b3e011f6163b03a6be4abbda761de235cb75be5ab790,0de6daea9e5cc219f59f4cd922c7cc2adb60247be0e0a7f472026c8fa3fe6a70
FashionMNIST_alpha-0.01_K-3_seed-43,FashionMNIST,dirichlet,0.01,3,43,5,True,True,True,True,d22acd06d5a41d899dfa99ad0c30ed6796a84d20a82a113fd45250ab96170401,7be7f866365e874112d73d272e97461be8bde92a4c9ad4b742fa938f22f1539e
FashionMNIST_alpha-0.01_K-3_seed-44,FashionMNIST,dirichlet,0.01,3,44,5,True,True,True,True,eb31cc9553c218b66e8fd683671d3d59ee210dfab94b33add7abaafc0ee76194,f209bd0ff8047bdc4b2c743f373f4c97a9ca1999169ba313bc0e2ed0531fe6ec
FashionMNIST_alpha-0.01_K-3_seed-45,FashionMNIST,dirichlet,0.01,3,45,5,True,True,True,True,6a573999e53bf032638a832b6bf5c42e39a809f5929078f43c802015bf7fd68a,bd851266898828454913b198ea346ccb76ff1ec1e8dfab52865831790a66c679
FashionMNIST_alpha-0.01_K-3_seed-46,FashionMNIST,dirichlet,0.01,3,46,5,True,True,True,True,755bffdb15088337831c9a9560de5fed474acd90f5e9cabb1348aa958dabc44d,761ae538718a8a0f3e0fdf75dc7d4eaa3dfbbd0d21687e7a665293b231f8ffc7
FashionMNIST_alpha-0.01_K-3_seed-47,FashionMNIST,dirichlet,0.01,3,47,5,True,True,True,True,127abcc8fbf5c018d905a1ab2706f77d1730b6530c2b633f397d1b246c4fcb84,d66af3c00ab6f457a358e2e1a0ca9a0b2d4fbc07e170199bddcc4e2f9d72e37c
FashionMNIST_alpha-0.01_K-3_seed-48,FashionMNIST,dirichlet,0.01,3,48,5,True,True,True,True,371a8f5396bd85a39df53f766424edc74fda5878a53664adddcdc9b35a0aec16,5154d281dabbba5d5c2c09aae08a063b92142919463535eff78eee343ddcc0f2
FashionMNIST_alpha-0.01_K-3_seed-49,FashionMNIST,dirichlet,0.01,3,49,5,True,True,True,True,d41d8c4bfdb45ba9b6274e62cca623a2df3d4264cb3a5bfe0e75a28e21430381,e775b411b296e22bdfbda0b9e53eb3fc9bd4986d5118aa41c9e4e71e0010ec15
FashionMNIST_alpha-0.01_K-3_seed-50,FashionMNIST,dirichlet,0.01,3,50,5,True,True,True,True,1e8d308deb61536640da10c07e85cbe8afc2394cf30e1bdce845370a7d6f5f5a,e52a3f32c3c08ff8531658b8f32cc1ae5ee5d6f179213e47b1f1af5513406015
FashionMNIST_alpha-0.01_K-3_seed-51,FashionMNIST,dirichlet,0.01,3,51,5,True,True,True,True,daedbf0b6c3bd329cb6ccb2ac3b7867ebd5f3670b0a22043d0f7f3303f31592f,deea709b656ee6dc4e02a214e0d837958fe3e6fc6f2217f25a1e4f0fb02e8b5a
FashionMNIST_alpha-0.01_K-3_seed-52,FashionMNIST,dirichlet,0.01,3,52,5,True,True,True,True,c735c72a6062676f708ee2874985a99dcd709c33e2f866003ec20933b2f67bb0,e0d80fd141119962fe06c1d6333a20d53ada8c5521a3ddbbd841240d61653524
FashionMNIST_alpha-0.01_K-3_seed-53,FashionMNIST,dirichlet,0.01,3,53,5,True,True,True,True,449e566a5dc5da65fbc626cbc0cd8e28b6c0391488e8030d3044842c875ce179,62cb29c41975bd1fe2cd27ce06d974a1403747c7a62a8822acc447fcd7ef30cd
FashionMNIST_alpha-0.01_K-3_seed-54,FashionMNIST,dirichlet,0.01,3,54,5,True,True,True,True,e50d39af372d6d30857e3b7df572d9b0634d3ef37e5c2933811951ba62244b30,1af0a62b9d304fa73055f0e350c931fa2eba6db44f56290308ccac7cb44ae928
FashionMNIST_alpha-0.01_K-3_seed-55,FashionMNIST,dirichlet,0.01,3,55,5,True,True,True,True,370f78c377efa3d5dd2d10da43b53b6ae5c6cb471e0bcb031905f1fb6c28aaeb,11d9add1f5d6d3ef20950fceaefd3c1eb0d721089a45f53ac11c79e88e74a672
FashionMNIST_alpha-0.01_K-3_seed-56,FashionMNIST,dirichlet,0.01,3,56,5,True,True,True,True,2b9ca12e4f711c8208ca44e6a4a4504e131fd7d8b5bc082fee18a88d52059e23,eaa3b280ca2cae4c1ca0f7517e834e33d46a6de9fc8b49732266c6ad05db329c
FashionMNIST_alpha-0.01_K-3_seed-57,FashionMNIST,dirichlet,0.01,3,57,5,True,True,True,True,8104c9f7b9a34539888eeaacb26b3ed8a128606c118f4f67d101138b985be467,267b9317d21cc47a1ff9942396740484e4038cc69888ccd8da9fd2790a868a51
FashionMNIST_alpha-0.01_K-3_seed-58,FashionMNIST,dirichlet,0.01,3,58,5,True,True,True,True,5b8b5f3c8034af15afc00ad13e85329a72ccfce104ed35c2564b932bf3fb66ab,3aa172f7a6049dd8beaede0a0679af5f64036d700210d03d955bed30dc037b1e
FashionMNIST_alpha-0.01_K-3_seed-59,FashionMNIST,dirichlet,0.01,3,59,5,True,True,True,True,6129ab53eaff257c64c1d643a9932c01413ce0371bd574886bd51dba399d2a33,f06c8ff5cedb5742c50fdf3a79a826a8e44ec1cd9c25296a8a6684c1c9b4a1e4
FashionMNIST_alpha-0.01_K-3_seed-60,FashionMNIST,dirichlet,0.01,3,60,5,True,True,True,True,2fb15d6ca56044d06578ed8ca6797bf5dea2de3202536e9786dcc63fe4e7bd69,b6ba4a79313235e75738931028cddff78b16f283851861a9fca0b78bffdd2d77
FashionMNIST_alpha-0.01_K-3_seed-61,FashionMNIST,dirichlet,0.01,3,61,5,True,True,True,True,5421513a7ad43e70293f6f276c0382206d32b39324d7f50884e6afc422930c50,e71cec9081520b92c35191aee19190cd2d889db5b1dcd0b3dd4d5c3ff0652740
FashionMNIST_alpha-0.01_K-3_seed-62,FashionMNIST,dirichlet,0.01,3,62,5,True,True,True,True,f18bc2105f16c7671b2da124ced04c84874137170c795438a47066d77aa8cb80,8246d56b03502b978811cfa4734091e076fc4cddc99134957b9542b8bab34795
FashionMNIST_alpha-0.01_K-3_seed-63,FashionMNIST,dirichlet,0.01,3,63,5,True,True,True,True,6c7aa33594399efebe91ba9f83f209daf704c2bda0a3b29a0582ffff140e6703,b86c4e1ed248e353e25d04dd51f2ed1fe7825f7c190e4166b34828d9de585b52
FashionMNIST_alpha-0.01_K-3_seed-64,FashionMNIST,dirichlet,0.01,3,64,5,True,True,True,True,bf7ee4189030fae23e6ce72afbd1ad0c012f6c05e3dab9dcf7378f82407e4974,ffe52d7332c924a0e628bd686668a4af4ad7c33e0e23f313b0705533b94d7c87
FashionMNIST_alpha-0.01_K-3_seed-65,FashionMNIST,dirichlet,0.01,3,65,5,True,True,True,True,e64d3739b646ca94f3947ce860130aeb86cf602c6e5a75ceb68b494abc77885f,840a2a00c35ad1be98aea013aa842efabbac4d69d291e1aff592aea9586426bc
FashionMNIST_alpha-0.01_K-3_seed-66,FashionMNIST,dirichlet,0.01,3,66,5,True,True,True,True,ace4d1952323fba780c6ed832ffef792fd9c1fc051be2cae75d7582f7f95bc55,565db977e0c883544536030248ed8e19e4c60455ce8bd14f90511b3750159400
FashionMNIST_alpha-0.01_K-3_seed-67,FashionMNIST,dirichlet,0.01,3,67,5,True,True,True,True,b6f313b622d8cb98e3899c0a2b16b5a0ec54422c53ec2af019692acdd111195b,67b8f61362fd4bca92c5b6b2f662f210a8c7dacb1a0eb0b34038443805370485
FashionMNIST_alpha-0.01_K-3_seed-68,FashionMNIST,dirichlet,0.01,3,68,5,True,True,True,True,fd750924eca591b1033759c9d4524b180248c02ccfc1871a4e59329ad3de7ea0,475209a98feb45a25f8c382f0a6bb8e9c6600c9740fd4920ce9278c1c59a694f
FashionMNIST_alpha-0.01_K-3_seed-69,FashionMNIST,dirichlet,0.01,3,69,5,True,True,True,True,fa7f5d0f16037a6ff70f0a856ca607fdcd02f2288f750ba31354958bd9185345,0de98a45118c060a2f4fc6f47f110abc3a87ffa2cfee8cd1237ac0db735108c1
FashionMNIST_alpha-0.01_K-3_seed-70,FashionMNIST,dirichlet,0.01,3,70,5,True,True,True,True,2326a24bce424d0896063ee96ecd536430081ab51ec3f6dd804003ed4be00a3a,ac48cb648453761af5c6ecc9f14b567f56fbc38ae728f7e94cb9c30be28bd882
FashionMNIST_alpha-0.01_K-3_seed-71,FashionMNIST,dirichlet,0.01,3,71,5,True,True,True,True,aeeccad8a39f0f9e5aabb55e667d0f322f7cd9f14e48e5deb1b87902087037f6,741afffd85d84cd8d7ecd0467d5f0097fc5cfd825c14c4cfb09102564cc9d9bf
FashionMNIST_alpha-0.01_K-5_seed-42,FashionMNIST,dirichlet,0.01,5,42,5,True,True,True,True,0380d31efb181baa5f75b49c7a346537195a874aefa6b57e2be94f8df228e8cf,d95fc1be71e3b603078da05a015a132448de49d67bf7f604f33f530d9b0d2fd6
FashionMNIST_alpha-0.01_K-5_seed-43,FashionMNIST,dirichlet,0.01,5,43,5,True,True,True,True,6dad478f3e2e1f4b54e0ee05ce3049ef7be8785e1bbd0289ad160c0281199033,57f1f74bf88688d7f7fc0b4d3db196860716e3928e6a3cd726491958b72deb91
FashionMNIST_alpha-0.01_K-5_seed-44,FashionMNIST,dirichlet,0.01,5,44,5,True,True,True,True,f867f1ecc300fcc092b294790d3e4138501944dd1d48fdce4cdd307f2fa7c481,af59848ffadb06335bef7141590a689cd36c21a6bc6ed4d325969c7034b87570
FashionMNIST_alpha-0.01_K-5_seed-45,FashionMNIST,dirichlet,0.01,5,45,5,True,True,True,True,b64ce19064ad4fa00745f7e2eba2aa71a3c6176e0d2b9d23d3cd619d096476b1,7d800fc326db8351dec9aa0296b393d6ecf150c620bed48ad2333c17703b149b
FashionMNIST_alpha-0.01_K-5_seed-46,FashionMNIST,dirichlet,0.01,5,46,5,True,True,True,True,a6441244b99cc79950030965fcfc55ae3bdaf819332be912b69a2734894dd4c9,8aec3a05561634751d89952f7c5362b6de1e7f673607a293c4e5dc4d8f7027ba
FashionMNIST_alpha-0.01_K-5_seed-47,FashionMNIST,dirichlet,0.01,5,47,5,True,True,True,True,7b9bd5f78d76e720088886c6ad74b542f586c691feab612cb1b039338b9f75c2,a21ba357690c31e836345dea59216203c6329e6469fec4243bebdd9a3f12fd84
FashionMNIST_alpha-0.01_K-5_seed-48,FashionMNIST,dirichlet,0.01,5,48,5,True,True,True,True,073d2e5f8c242b5474a6a661869eda3c1fd22d7d2f85a7992d48d4276887e2cb,a8ca9705464cefd92e161b3fe2248c77f85179cea6c1a3bdeaaa89c5325bbec3
FashionMNIST_alpha-0.01_K-5_seed-49,FashionMNIST,dirichlet,0.01,5,49,5,True,True,True,True,e1c0dc4631e73fdc11504e3c8db22b0163e11f749d75966647c04bb57b042ed3,7e42a2f5a7f48a025b696fb17b4c8a4e27070b90910cabc9ee66936af3279569
FashionMNIST_alpha-0.01_K-5_seed-50,FashionMNIST,dirichlet,0.01,5,50,5,True,True,True,True,e7f9143593087a248f6d6670f9d7da81038a8ac0eecf4569e53ca0a22207f2e0,3ac5217062df4eeb53873830b10849484a5885d89e386889d29dc06ce5774889
FashionMNIST_alpha-0.01_K-5_seed-51,FashionMNIST,dirichlet,0.01,5,51,5,True,True,True,True,b31c3651ed67424a84111d3e7c47263d95d15b19e7dcc885182dbc4898ab5149,928c9f4af4488815f41141d8ea42ae112d2751d3044684a3b6286ae203c2fc7d
FashionMNIST_alpha-0.01_K-5_seed-52,FashionMNIST,dirichlet,0.01,5,52,5,True,True,True,True,2d09038711c1732128a6de5420318338b4640829d2523adabb809dfdc1198175,0f1e4b4fa1339d230980ae17fdef96869d05e265f5d2252f554771db4c0c6b6d
FashionMNIST_alpha-0.01_K-5_seed-53,FashionMNIST,dirichlet,0.01,5,53,5,True,True,True,True,72b9b6a543c8d61fbf90578132a4456a3e48cd88873c1b5fbc1e07a6a486f0e2,1660138893878a6da3344686da7ceef1942244358ebbfb7e184f1a7f085a544b
FashionMNIST_alpha-0.01_K-5_seed-54,FashionMNIST,dirichlet,0.01,5,54,5,True,True,True,True,975bcbac26d1412e3d01b5b92fd8c62b6f28ab8e74606c51de79ac1f003faa61,cf61132a3560593e7a11e4ac40cff3ae00e6594f0ac651433fd728dd04dc940a
FashionMNIST_alpha-0.01_K-5_seed-55,FashionMNIST,dirichlet,0.01,5,55,5,True,True,True,True,ca2e3a9801d24590cfa8713e3777ec814cae2e23acfc55299c61452393a44d73,58acd3e416313735ab2b7f5c8d10ed922145360976bd960890f21e811f36cc48
FashionMNIST_alpha-0.01_K-5_seed-56,FashionMNIST,dirichlet,0.01,5,56,5,True,True,True,True,95ce6dd3b7466c2e26540898e357104667c15bdfb739d1508e89a593def2f784,c9cde3703a667c9c90a7cc8a81c1cd2a6e9d38f29105f0d1348dcae8b5a4f8eb
FashionMNIST_alpha-0.01_K-5_seed-57,FashionMNIST,dirichlet,0.01,5,57,5,True,True,True,True,7033cf1e5d374f982c83611376045e9da19ad66d46cc557fb605c66e01045374,93a7182a16f4baaa004f187420dc9c07cb64a73f18a6bf10c509cda98902b6dc
FashionMNIST_alpha-0.01_K-5_seed-58,FashionMNIST,dirichlet,0.01,5,58,5,True,True,True,True,fed2131ca170ff3ac116d85f84fae99132ae2081d8ffdb24de0e84e96afa4f2a,250d62dd6a150bca0ebb827c97f6ac77d1ef0aea9f2da85ce3ced92a0e93b4c1
FashionMNIST_alpha-0.01_K-5_seed-59,FashionMNIST,dirichlet,0.01,5,59,5,True,True,True,True,2727227dceeede995c4a62c18affd0eb349bf0556178a76698ed5d2cf17d3932,7450ce5bc6f78ce836cee6e23dac49ea51b1084f1e57b3cd9895ba6377a06769
FashionMNIST_alpha-0.01_K-5_seed-60,FashionMNIST,dirichlet,0.01,5,60,5,True,True,True,True,cafdda133ed4a0cab646a050a30cc5e8d843c83a139dd1c7e9693a008875d7ff,a803dd377f8bf75bfb3cc4035738a621c1bdcf6350fc8741b3ae7895ec98eee4
FashionMNIST_alpha-0.01_K-5_seed-61,FashionMNIST,dirichlet,0.01,5,61,5,True,True,True,True,73c18a955b687fa99b6c01579b7c79451c634afb6c9241e278e8e6bb29fdb227,668f2edbf664761e3e03a4b532a56e5e407c895fd382080d315721e139a4d679
FashionMNIST_alpha-0.01_K-5_seed-62,FashionMNIST,dirichlet,0.01,5,62,5,True,True,True,True,a95e42687b6cc7416a64f332cd18623bc3e4a25acd6a05cb69e5a2987120e0d3,ece236f9d5970345748c6477600438f2120384aea81240ad20e283df320944e6
FashionMNIST_alpha-0.01_K-5_seed-63,FashionMNIST,dirichlet,0.01,5,63,5,True,True,True,True,6c8271a05a30bb5737cd421a1f43cff8791e1f4ac21ef417394554c8c4a3883f,63e1f077945cc9987183dbe0d056e1d7527fc43b17e388dc42a554c927b14b4d
FashionMNIST_alpha-0.01_K-5_seed-64,FashionMNIST,dirichlet,0.01,5,64,5,True,True,True,True,92c9880d4f90b64314d0ee6b4aded7b6fb50f727cfb95eb66b8b9dd6ca6d7cb5,3871e32e74c396a2428b7c15963a177b22c564894108d87248b657592bd8ff10
FashionMNIST_alpha-0.01_K-5_seed-65,FashionMNIST,dirichlet,0.01,5,65,5,True,True,True,True,644fb413437dfa5102c5dcdc905fda557ad375199d68e18a628fc5a8a2f22627,f3a8b801bbf7e6df4b353923d3aa1231df81bb6b0b86b53263841dca0e4229e7
FashionMNIST_alpha-0.01_K-5_seed-66,FashionMNIST,dirichlet,0.01,5,66,5,True,True,True,True,72ebd0235599aaec098f1987e7449de51477c69bac5201bcb1db934b98af851a,46a6210a19303e86ee26a9c7bd82f8e27cde3bbd304c43ec98033ae88d8eaa39
FashionMNIST_alpha-0.01_K-5_seed-67,FashionMNIST,dirichlet,0.01,5,67,5,True,True,True,True,fa0eb2768da53f0353c411a4bc5a1e1fae3cff188cd37474b32166e1a2170dff,148cac4ba1d16a7b128c53e1a54228d57344461902ebcf3cf6fed2580180d648
FashionMNIST_alpha-0.01_K-5_seed-68,FashionMNIST,dirichlet,0.01,5,68,5,True,True,True,True,135840ed7811d73460fdd63c0957667ff19e7de75989a1671fe6c779e6a54591,ab0372f40a9c3721bb50a2f289c63200767f9df51fe129e28fee602de7fe3856
FashionMNIST_alpha-0.01_K-5_seed-69,FashionMNIST,dirichlet,0.01,5,69,5,True,True,True,True,fc59525dcdc785dcee2ef736e70a6adc1db0b63aeaefd1036af25b5ef59c2a4f,d54f24e7a151b627a3ed99d7e3421149baff4a51e97f0de3d8de21f78aba6998
FashionMNIST_alpha-0.01_K-5_seed-70,FashionMNIST,dirichlet,0.01,5,70,5,True,True,True,True,ab93e674f24e170605f861c3d64b599dc81c4f734e7e8d160e03ee87bdcbd8c7,f0bbe34ee85e9b3a99c550a0badfea5b545993ec562cb4d5e17fda9b2c082f57
FashionMNIST_alpha-0.01_K-5_seed-71,FashionMNIST,dirichlet,0.01,5,71,5,True,True,True,True,ca4225ad6b9dcf697e90786c15772692ab750fccbfbd29776bffb2d990c53803,d2c35f544ebb9df935d8d7a79b9e76e7dcbe9f6c55dbd611a85accd56e899ac7
FashionMNIST_alpha-0.01_K-10_seed-42,FashionMNIST,dirichlet,0.01,10,42,5,True,True,True,True,ded9cf34b076d54b1801983fac1e52b26bc90893bb4b4c7b29fd5b9cf1cdde76,d4827d51dfe9a0d15bd9b7c186731fe5bbf440e63d1400b1a26d45b3eed6df05
FashionMNIST_alpha-0.01_K-10_seed-43,FashionMNIST,dirichlet,0.01,10,43,5,True,True,True,True,4e51408f99d8f862540b3614f3cf5b5f47fab61eca0d28f9d3e89f846bdcdf4e,d64d3d9f3f9cf608db3573d0324dde493b32b0a9fa02c563709f85c273fa6a67
FashionMNIST_alpha-0.01_K-10_seed-44,FashionMNIST,dirichlet,0.01,10,44,5,True,True,True,True,2322f177a86a61e7c8eae7c4323e232a7f382d066b8be421379f8913ce8d1e59,d79d20091dd49c6cdde2d03bc71fab0b76002b899aeb6de374746a5adf26d178
FashionMNIST_alpha-0.01_K-10_seed-45,FashionMNIST,dirichlet,0.01,10,45,5,True,True,True,True,cd9201db6ad89055127131cc90c67882400c213c3244983f9bdb198783d1332c,0ae7995e7b13fef8f37a44b2006425f421b36ae8e41bad2c0e0245f71b49715c
FashionMNIST_alpha-0.01_K-10_seed-46,FashionMNIST,dirichlet,0.01,10,46,5,True,True,True,True,8947913138911fe2796921ae30d09a3de5f40cfc981ca6545f669adc75f51da0,eb0a53c119e1510f6033b0707fd2f0fe0d4ada541c11db3842026dfa64c045f8
FashionMNIST_alpha-0.01_K-10_seed-47,FashionMNIST,dirichlet,0.01,10,47,5,True,True,True,True,74f8b3d0e9b40b868b97183e9a377f2c8266cec99df3194383b82606c4a4be62,569729babe2286bf08d83c5f209083f6074de749445c3fd5439a7c7cc6e97e78
FashionMNIST_alpha-0.01_K-10_seed-48,FashionMNIST,dirichlet,0.01,10,48,5,True,True,True,True,ada1d9edfa4b897a213e1eb47370e58bdccc49719ecda0eb7cbdffe72e9868ec,3f79dc5d2ffc83ea9e666be7dc474807ee3875ed1f20d6bf7d24b7cd6f345555
FashionMNIST_alpha-0.01_K-10_seed-49,FashionMNIST,dirichlet,0.01,10,49,5,True,True,True,True,987e8d293d3d719fe97ecae16223484cc8d382338d86747a30ca28e4581e5ab8,81ae73d488fb4b8a46d666d0622775f81a02ae61ed49ee981c8425eae6421867
FashionMNIST_alpha-0.01_K-10_seed-50,FashionMNIST,dirichlet,0.01,10,50,5,True,True,True,True,11d423b3524c277856a9be9e509aadd6bb35fb24ee1402e5a07e7269fcf44c89,f4d031fcfe19f3fdfc846cfcdd503f73fe5bd9dd1e6088bc5eb19e7572bec5a6
FashionMNIST_alpha-0.01_K-10_seed-51,FashionMNIST,dirichlet,0.01,10,51,5,True,True,True,True,3d244fdb8646a0d8700a6944ffefd57a854e0291eaccf83a62a3c9eb01ff0288,01710f3c2d35161c389ac60f459dbefe675b6d73e18dd072e72fff81a8a46f40
FashionMNIST_alpha-0.01_K-10_seed-52,FashionMNIST,dirichlet,0.01,10,52,5,True,True,True,True,a806fe50ebf802e8ecce0a568407265b1f75fb82fe40b0377af6c2a0a19100e2,4fd5087c307fa040ccb0c52fd244003e5758b9ae8867c6e80a8b77614a9d12d4
FashionMNIST_alpha-0.01_K-10_seed-53,FashionMNIST,dirichlet,0.01,10,53,5,True,True,True,True,f8cf8310db51b68630bec8219bb1db83785ec1110c49f35581ad0ac2f285d934,b2d95433f083d583afc2206cecbc357b610ab2f4cbd86cf8bc93ab57d40ed4e2
FashionMNIST_alpha-0.01_K-10_seed-54,FashionMNIST,dirichlet,0.01,10,54,5,True,True,True,True,b284744b38ff53f987a0ece6af67d2cd078be31b1c24f95c1ad8ec8e38a587f8,9f9e4770ad2cc9da512b83d7bb1d85c2a67ca78cbecaebdf56fd6a211f0badf2
FashionMNIST_alpha-0.01_K-10_seed-55,FashionMNIST,dirichlet,0.01,10,55,5,True,True,True,True,e7c9a2b1eb0dee61e16f9ca96298803541c5931f8aa5cad7fad408f7548b2c56,3d4be9ff0f6b9306b50de2093a542bdbef13635b32bdd1ca6a747056e2641295
FashionMNIST_alpha-0.01_K-10_seed-56,FashionMNIST,dirichlet,0.01,10,56,5,True,True,True,True,b88c30553d484efeb58beb16bf07bd91f2407253283c242ddd226938d344f61f,bf97b13a7b305549a09b9f0725b6088d15c9a5aa5d722a5dab32b8af892db490
FashionMNIST_alpha-0.01_K-10_seed-57,FashionMNIST,dirichlet,0.01,10,57,5,True,True,True,True,db84cde6a6cb50ea6a07b16dd7e774b6d022c93cddbcc7ac312afcb95575e0f3,4499ce6941d1ee542831a08ece04ba384e426f0ea59f5b84a4afd0ea65cfb835
FashionMNIST_alpha-0.01_K-10_seed-58,FashionMNIST,dirichlet,0.01,10,58,5,True,True,True,True,a9934266df2ab0dc359f64c4972998bd0e3781cba1d12010a05866e720b29b21,b85529bcabe0a8c4875af2be270b1b5c797ff1fe9a2fa58e952f55b926c016fe
FashionMNIST_alpha-0.01_K-10_seed-59,FashionMNIST,dirichlet,0.01,10,59,5,True,True,True,True,54b91f907847545387d2fa9e48fbb4d7755200a4b51e72850260296aedd108a8,ee43b2df7b2e2cea32494e0b7374c6f008092863b2bb16a6d2a4f146dc56e9b2
FashionMNIST_alpha-0.01_K-10_seed-60,FashionMNIST,dirichlet,0.01,10,60,5,True,True,True,True,51ef2110f946e08f52d51ee2c58761c8f130c04a6198c84c0f8c895575f2a73f,e309c4828e0831993753d53247b8eb5eddcee6ccb46ac149f1e4273c9755b1ef
FashionMNIST_alpha-0.01_K-10_seed-61,FashionMNIST,dirichlet,0.01,10,61,5,True,True,True,True,14820ef7db826e1e0ffa4ec8f24937caefebea8c83fb7580e9b73f31c0129ade,05b293c20a7b012819e6394cab0906afbaca3b47cec8224fd86b0c05fc2bb674
FashionMNIST_alpha-0.01_K-10_seed-62,FashionMNIST,dirichlet,0.01,10,62,5,True,True,True,True,4125b819a6c2838db0ab366599037fe44f775c93819ec50aa59e89d6b0d175cc,873abdce4f8208efaa798fc9681476e2b32bcb707729dafcb8241fb8eb4d0b1d
FashionMNIST_alpha-0.01_K-10_seed-63,FashionMNIST,dirichlet,0.01,10,63,5,True,True,True,True,e25f59a466ec6fa3e8f3618501b2188056d6ace2fa2082ae646e9b3c9991c091,79746a83c1c24b145eecf98abb590b0c94313f5af45e8ceeafce6f937ee8369b
FashionMNIST_alpha-0.01_K-10_seed-64,FashionMNIST,dirichlet,0.01,10,64,5,True,True,True,True,f03ef1ac998655463d137f5fecb0008bd199b4e4d4b521b7cd9f02c533fed517,02d5ba379c0318ecb42e977d38ed7f61f3cb461f66ac182d935cfa10f4cd65f9
FashionMNIST_alpha-0.01_K-10_seed-65,FashionMNIST,dirichlet,0.01,10,65,5,True,True,True,True,cd5c15a436fd3008f971f6d020fb254f6916b6a2d3bf65279391425e1ecf254e,f4d76d0ebdd6638b8ed14f307074f7baebf539d6c4acab3bdce9249c856be58e
FashionMNIST_alpha-0.01_K-10_seed-66,FashionMNIST,dirichlet,0.01,10,66,5,True,True,True,True,54024d3e6671110a19ce5503148e132591ba1c3bd9db9b13f3f8f2f9ad20ed77,261f0b392ce2efd845d177bef3ec70bad4bdcc0f0e186827b6611a298f708e7e
FashionMNIST_alpha-0.01_K-10_seed-67,FashionMNIST,dirichlet,0.01,10,67,5,True,True,True,True,b6fd72e1475ac829d7073321c95c8cd842e85213db3de175a7b9674dca680151,cb362a67aad8e2aac44fe27ef417a509460ce9ce4c99c0f822fa3cb94844819e
FashionMNIST_alpha-0.01_K-10_seed-68,FashionMNIST,dirichlet,0.01,10,68,5,True,True,True,True,b32028087f52cb2a2e3462ec1ec2b239e4210b1e8e29c743ddc712c6ac6185b7,19a4a6d6d7f0cc75a03fef79769db5ae826ed08ab589009df47b4e500fbab4cb
FashionMNIST_alpha-0.01_K-10_seed-69,FashionMNIST,dirichlet,0.01,10,69,5,True,True,True,True,377bd0ba22ac6c2dae32f22f16c60094ededd75d89f3a87c78b92ace3bda9093,1dd4c85649f4bea4b9e2e2e68151a0119e6bd0754c70462d3f9df804d95bd683
FashionMNIST_alpha-0.01_K-10_seed-70,FashionMNIST,dirichlet,0.01,10,70,5,True,True,True,True,1ce9b5ecb63f8b5b03a1f9153a02f509acba1c9b5f4891b20dc6d8fdae14d3b9,5d6d1a6e827f90e04dde87bfa088b0f27c44fcc6f15d3f334b6cb133ff80eeda
FashionMNIST_alpha-0.01_K-10_seed-71,FashionMNIST,dirichlet,0.01,10,71,5,True,True,True,True,59ee78b71bdcf70cb6c1a7508728176afa3cbcb3680619067615070143f1d161,82e3fe6952ca047e965a8938655883c2cfc199be39ca1a441ef258ad80fa622e
CIFAR10_alpha-1.0_K-3_seed-42,CIFAR10,dirichlet,1.0,3,42,5,True,True,True,True,7a45f4de83338fe5500de8a018ec2e870c487db7c7c98624645f2fc43592e707,1e74416a6d697d7c2ca9da8135917a9aeeb2777d5a09bf89a1caac852004c408
CIFAR10_alpha-1.0_K-3_seed-43,CIFAR10,dirichlet,1.0,3,43,5,True,True,True,True,2a62ac3aad2c3a907c0f8a16101bf0cb76129de581fffbbcc821f2ff7a68bc00,dd5879511f8d448f67bd2afb71d58c4c638c5214b6c7b015e2f2535e0e768d7d
CIFAR10_alpha-1.0_K-3_seed-44,CIFAR10,dirichlet,1.0,3,44,5,True,True,True,True,8745262c9691c9f31559d71155d0f37adbc092a7f76950efa53793b69b98b891,1023a94dfd97463714c32d434a598b48136f61668f040aee24ec23bbd1cd6348
CIFAR10_alpha-1.0_K-3_seed-45,CIFAR10,dirichlet,1.0,3,45,5,True,True,True,True,98446cbbafe521f40035943f9ab273affff9dd7f6503efed191306b90e3ea86c,76f9da9176ea36deca414ababe79fb9ac07c275efbc8978e1ba34549c5dc7670
CIFAR10_alpha-1.0_K-3_seed-46,CIFAR10,dirichlet,1.0,3,46,5,True,True,True,True,0b2bf6fe827e8243a2dcb28f25469014f7cc2b7939dddc26590c92fbf69cc29f,04c9e34df9069c97fa3442869d255a0ce0cf53cb094e8bd5fcc35182d87d1214
CIFAR10_alpha-1.0_K-3_seed-47,CIFAR10,dirichlet,1.0,3,47,5,True,True,True,True,f1adcfa021ac3658f052c9d70bc8c42a038384f30af27e87efc60f19e8731dbf,b75c5e044956fb16e3b2978f8934b36daded599fdb4f2b3c5560630f02492a78
CIFAR10_alpha-1.0_K-3_seed-48,CIFAR10,dirichlet,1.0,3,48,5,True,True,True,True,fc2b466ca3516120e205807485ea3b8f07a80b1413f9dbd6aa5563d474c7b0f6,e35f2668ea0195513362fde574d8a2391d8bc194194d72a242362ac52f079960
CIFAR10_alpha-1.0_K-3_seed-49,CIFAR10,dirichlet,1.0,3,49,5,True,True,True,True,af9a0371de6040f59b75ff3a278b8ae18d2cd13ba20347290099d41128f3159d,f22da9001dd6122a745aa508fc4122cb6fc9032be81f2cfed9effec5ed6b5654
CIFAR10_alpha-1.0_K-3_seed-50,CIFAR10,dirichlet,1.0,3,50,5,True,True,True,True,d52f87cae7b24cd8793604a30bb3bee6bce770b10ecc1d52b60816abecdcabda,7a9baad25f84ec4bf26d3be1b0ebb72a11217c55290553b0978d95d18dfa1244
CIFAR10_alpha-1.0_K-3_seed-51,CIFAR10,dirichlet,1.0,3,51,5,True,True,True,True,4e20e72e011227ddcf217b8a044d82c93b7f85d011c6bf19d37b202d578114f3,e725a4ad1471aea4c52e6eca4eb3948aefdd7cba7abeff8a9336ad1f219a587d
CIFAR10_alpha-1.0_K-3_seed-52,CIFAR10,dirichlet,1.0,3,52,5,True,True,True,True,ade128016051baa2908c8fef266d8aaf620f3e2e0afd0fad6507c96cb4f2193b,daf7fd8be20d36b0cdd3ad113f475cd0bdcdd91af4bd969b97ece20135d5f9b9
CIFAR10_alpha-1.0_K-3_seed-53,CIFAR10,dirichlet,1.0,3,53,5,True,True,True,True,825dff430f34d6f0dd9effcd8769f42a348972e4841a1036b29c7571cae66229,239b05aa540fd6bddb69547e9c8d766cebd44d90d25bb9eb5a233efc6d2b30a8
CIFAR10_alpha-1.0_K-3_seed-54,CIFAR10,dirichlet,1.0,3,54,5,True,True,True,True,8a6bbffdc389f271998971d124b9621cc388a9ea99a94de4e42ef7b14948d22d,acbc0cf4136f82406af8ce242f453090fe782fb286467547cd71e2cb5463d8e8
CIFAR10_alpha-1.0_K-3_seed-55,CIFAR10,dirichlet,1.0,3,55,5,True,True,True,True,a3f7dfc01240bda2093552c4be16682e221178d94a28373743c359c2ba57187e,8591697ebcee55b5c11f02f7e07778fcb912e5e60d7b106f75a7fbe445cb6754
CIFAR10_alpha-1.0_K-3_seed-56,CIFAR10,dirichlet,1.0,3,56,5,True,True,True,True,bdf7a523c4be6a01ec474b5b107ae0f62c9ecb8b47fcf237f72c5876755836db,e995431fe08a535a623d8e5dc14ccffc0a92c3e5b4606d511c2e39b7a96afd16
CIFAR10_alpha-1.0_K-3_seed-57,CIFAR10,dirichlet,1.0,3,57,5,True,True,True,True,c58729a3800e5eadece8a362ef9ee6aa3496920b00b594c76b23e20c1fe01e42,2ea5a91d8288c4ba7d0708bfa568eef6b16a06916a51cd96afe5b5e88107dcd7
CIFAR10_alpha-1.0_K-3_seed-58,CIFAR10,dirichlet,1.0,3,58,5,True,True,True,True,9386cf12968b8b9fd85d9b28e864385825b1ca27d5a109c25dff183692b5a826,4cc39d00bf1ca8d011b8c6999512a40d2f0b8dcb55601697aba5ec89a4b8f9ad
CIFAR10_alpha-1.0_K-3_seed-59,CIFAR10,dirichlet,1.0,3,59,5,True,True,True,True,f12b08002a8faba2e8567ac565a27f3bd5045f6caf1edd108f136f21b88c0119,37c9aa66fc1a55c710be9e2080f92bf0ca214bf6ba39be987c36b64418f5f262
CIFAR10_alpha-1.0_K-3_seed-60,CIFAR10,dirichlet,1.0,3,60,5,True,True,True,True,7fe46debea07958f8e3a71b1ad0924e5f31f5ed2cce3fad655f46fe0145484bc,fc4b47eebf43c5ed1c1bd42b19c9158e334dcc91f02f9b13d47c5871302114d3
CIFAR10_alpha-1.0_K-3_seed-61,CIFAR10,dirichlet,1.0,3,61,5,True,True,True,True,54f629c3b581d4dc445094e99d0efc04122e463c18810021fc4478a9b051cdd1,759fdeff4489532996b0033ad14882813205d34f03b4e5aa365f47bb6d7574ce
CIFAR10_alpha-1.0_K-3_seed-62,CIFAR10,dirichlet,1.0,3,62,5,True,True,True,True,45c75e7c3b44b715029716ec675b1f3a20ca2e9dd2c2db0100151631bff056a3,29506b70e533a94f8fe58a25bd07c6c1faba7f92a513587672778b3c22ac0376
CIFAR10_alpha-1.0_K-3_seed-63,CIFAR10,dirichlet,1.0,3,63,5,True,True,True,True,cfa0abf17d8a5d9a982be2e6eb895d9cb7d53bb157c7803d75ca44fc1e23d1a2,315417581900a058607f8454f8ec63d2f302990847457a5355e1dfe237bf1287
CIFAR10_alpha-1.0_K-3_seed-64,CIFAR10,dirichlet,1.0,3,64,5,True,True,True,True,6e2cf08d00b561de5bd010a0a7c7776c03e15503ad5ad1024ee3024544b729d2,245d0520151e15e4dd329aa2bae0e8e7569b72fbed1c0258ec56dfb3a7f88221
CIFAR10_alpha-1.0_K-3_seed-65,CIFAR10,dirichlet,1.0,3,65,5,True,True,True,True,56ef7748c51891189a85c5bb32acb053a819907fb9d5202e312a5109803f704a,a5a078ee95efc2b66324ef736544f5b8e90b8aaebfe28e655dc76fbad0b4c579
CIFAR10_alpha-1.0_K-3_seed-66,CIFAR10,dirichlet,1.0,3,66,5,True,True,True,True,749253d3f58239b94943b5379e9236b27653dfbc48d352905eef5c4e9aeff330,5645f2820539f776618753ee1d101b0f281230e0c43a5b69945be2a45b2aede3
CIFAR10_alpha-1.0_K-3_seed-67,CIFAR10,dirichlet,1.0,3,67,5,True,True,True,True,dc1e39866c200c7917966e23c4e084f558f82537ec74c792c8fe341a0fc7b97e,4fdd611e949026076e5b826bd9498234c9fa5bb679edad5e3e9ff37fc7945380
CIFAR10_alpha-1.0_K-3_seed-68,CIFAR10,dirichlet,1.0,3,68,5,True,True,True,True,ed26826116dd9c922bc00686b72c7ec5462b5826bef95ea55dcdd82e37724d22,8d75546415c6e3012b2a65275f4a5af537f0a77b1fada990b69c00d58bf267a0
CIFAR10_alpha-1.0_K-3_seed-69,CIFAR10,dirichlet,1.0,3,69,5,True,True,True,True,7e34f2fd91ec39c4aee125de7c7b3cac63cc5f899f5fd1fa21d1364d00eaf8aa,524e305e303c0151a4ffd7e2587ef16bdc2b2a8eb71ea056936e9813764a0338
CIFAR10_alpha-1.0_K-3_seed-70,CIFAR10,dirichlet,1.0,3,70,5,True,True,True,True,389dea3b648841154ef1ebca3f98159a4bac6be4630985ffa122603127f72985,25d8a8ec3291a8f886ecb5a632ab5c8ba1ced39f5606e74394e204fdaf241f5d
CIFAR10_alpha-1.0_K-3_seed-71,CIFAR10,dirichlet,1.0,3,71,5,True,True,True,True,e8fc94ed2ec66f147cbefb3955d1be3d7b9aad48a1f433bc59e0be670facc6c9,222f3eceab877885f732c7e2eac67e8883bb444ea848fa87be0822db3100da28
CIFAR10_alpha-1.0_K-5_seed-42,CIFAR10,dirichlet,1.0,5,42,5,True,True,True,True,5fbb3cd8fe90187f6d145378ec5d368d6f6314435a5738a53f4b66f03847b78a,f9bb202a559d2a8d3b42396a0ab5c2e618073a15e30daa678d742fa786154d2e
CIFAR10_alpha-1.0_K-5_seed-43,CIFAR10,dirichlet,1.0,5,43,5,True,True,True,True,13910a57dab945e85ae3e7509dc673a3aafc04ffd0df253d852a75caa3219e01,51f4a40b2d975fb1c83c31c8d41bae7865d0b3a4585cafa2c606e1db9f31ea58
CIFAR10_alpha-1.0_K-5_seed-44,CIFAR10,dirichlet,1.0,5,44,5,True,True,True,True,709ef1918954684bd426bdb56af1e89a9e989e5a7fc9b8a81ed8b85e32d8a76e,897b5d6e66b8e7f3c0110c4fba07297c169f846cd021d8a3b1f9f0657255b4e9
CIFAR10_alpha-1.0_K-5_seed-45,CIFAR10,dirichlet,1.0,5,45,5,True,True,True,True,6a41580bf4721d644960ff620e648af73aafcb239fa5dda1643056f928048ce0,c1ac537c7161bdfbf64713b6fb706352b18702dda42f7c0ebaac3a54634287b9
CIFAR10_alpha-1.0_K-5_seed-46,CIFAR10,dirichlet,1.0,5,46,5,True,True,True,True,b4e855c711973525335e035a03d095cb6609ccf546548fbf19d60845a7c43012,0f0f7a607b7533a83d7149127dc084196760faa3b8a340e1bb8abc7840be3e29
CIFAR10_alpha-1.0_K-5_seed-47,CIFAR10,dirichlet,1.0,5,47,5,True,True,True,True,3079246606f666a804e7651ada6adb79657d462e48bd5fc8415477116ed65960,ce54619e9edd55684af88c56bcda06a8e917ca65e63a9301edbe05bde6601dcd
CIFAR10_alpha-1.0_K-5_seed-48,CIFAR10,dirichlet,1.0,5,48,5,True,True,True,True,df49e62ed2f5b220a32a9d2054336494d143388cb25a3a992f99907a73d5acac,0949e6a96ddf107ae7888e068192bcbffc029f0b0665498a7670c448cbccae4e
CIFAR10_alpha-1.0_K-5_seed-49,CIFAR10,dirichlet,1.0,5,49,5,True,True,True,True,f35938533ddf6055f1ee8ace7f401bf5f0dbe8b53142f3f01d5dc77f67a5edda,de5cb391699bf1de5519c576c24d5d74e41abbc34135d4c06b1a61a485c644dd
CIFAR10_alpha-1.0_K-5_seed-50,CIFAR10,dirichlet,1.0,5,50,5,True,True,True,True,3b012524ef1c32e5136e3bf86c62ebc9839edfa966e95eb03d8394c12bd289c4,644734e7a6d28f955a62057c31b8d6aef8e3ef4c8da33ebe37ba9c240be1f2b4
CIFAR10_alpha-1.0_K-5_seed-51,CIFAR10,dirichlet,1.0,5,51,5,True,True,True,True,bdb247fcda2966597f90803b165d1f0e342de4d95bc3173d7cf4547f1e658fad,3c32fb41801fe04e85631a5d93267cbafc67e72fbaf1676d78fc96c5b1bdbd8a
CIFAR10_alpha-1.0_K-5_seed-52,CIFAR10,dirichlet,1.0,5,52,5,True,True,True,True,5b59dac02f1b5db4f175afb0feba1cf01626c50678ccf4f96619a44adb6009b7,77b8c81dba83d76d5446f7940646179184f0870e69a4f23ef28cad77d9a737c1
CIFAR10_alpha-1.0_K-5_seed-53,CIFAR10,dirichlet,1.0,5,53,5,True,True,True,True,7f2213f38d56388b5b0d227649b2335418003b01485f4446fa7db4f06888d4bf,366b48d760a0dbf2c3ac1e61964cb123278531b0b7d1ac0ce99e251c9c13f5ea
CIFAR10_alpha-1.0_K-5_seed-54,CIFAR10,dirichlet,1.0,5,54,5,True,True,True,True,b3e585245c16f84a584d2f4cecaa04cd72a71aea7dcc062783964bd364017bbf,3ef395c0224d82d6e51f0d05f22bb3589911d9db5a0adf22a49bbacbeda5bf21
CIFAR10_alpha-1.0_K-5_seed-55,CIFAR10,dirichlet,1.0,5,55,5,True,True,True,True,506947931fd03fd6d144b1e46520142d3dab49955532433e22f54b0e489d005e,6e6181b1b20e77bc1c769576c9d6a37083d92a37135fd142d82d0e78bd741937
CIFAR10_alpha-1.0_K-5_seed-56,CIFAR10,dirichlet,1.0,5,56,5,True,True,True,True,8419137981f14f758105e4d09151396a228b06d8937a8875725c955451dbbc4c,344259ae0ebbc2601e47c3ffa8dd721bc6a7ec166613741acba71b0348dcaf9a
CIFAR10_alpha-1.0_K-5_seed-57,CIFAR10,dirichlet,1.0,5,57,5,True,True,True,True,8909c555c2b02f3527c94a60b37301245d0136f05c2f38be9964da6c10fb8e59,12bdc1e4d1692904b7bd52aab52fda2212ed89874dd9e5fac0e2b4df1cee67f0
CIFAR10_alpha-1.0_K-5_seed-58,CIFAR10,dirichlet,1.0,5,58,5,True,True,True,True,060ff6eadfba83e0a14c3711d63d2500ed59e6ea14d6d4adfdeabb3c0ec3b310,9360062f9d4a76e25581f256d271dff91e0ef501ccac5957fcf60763d42ef95e
CIFAR10_alpha-1.0_K-5_seed-59,CIFAR10,dirichlet,1.0,5,59,5,True,True,True,True,d7252ebbfe07139f99e071ffdf4bd5b8237a1c92f1be7d1105aa0adafe6cdcec,3c62e41b8dec8ffcc85d6c38767d44f4e220f0d9ad4d50e5df4989dfbd33f19a
CIFAR10_alpha-1.0_K-5_seed-60,CIFAR10,dirichlet,1.0,5,60,5,True,True,True,True,6a2902e4668372fd4a6e48508cf15da1ddd18d2b18eaeff0ef98602a1e2b6f63,2ba6504d04741995b1e23eea05ed15d38e1989306b9c060f0c1df838b9260921
CIFAR10_alpha-1.0_K-5_seed-61,CIFAR10,dirichlet,1.0,5,61,5,True,True,True,True,143123c57c22cf152c3b46c2dc2c287f75acfde3b6bc9111f93c7ab279aa0d5c,5968a4072a1c2bf8584615c8ab3c097e50599b806a6236ab0356fdbfc4babcd7
CIFAR10_alpha-1.0_K-5_seed-62,CIFAR10,dirichlet,1.0,5,62,5,True,True,True,True,fd20bf05c1ba00d29adcd7cf2b1957828451b460941d905e6255ae23af628c5e,5d681b24d36b11b502a8ba9a16a34f74cc635b5bd962d901ccfc008d2dd3462f
CIFAR10_alpha-1.0_K-5_seed-63,CIFAR10,dirichlet,1.0,5,63,5,True,True,True,True,a40b438493be7e776651e6019e8cd782b063d7420c8e574f374514faa74ee165,69509279dfe5456688c274a4b28052dd006fbe997a317c222a31cf9cac2fcb53
CIFAR10_alpha-1.0_K-5_seed-64,CIFAR10,dirichlet,1.0,5,64,5,True,True,True,True,2fff063ab018bbce678327de4c93c3c849740a7c1fc883ec6b624c072da404d4,8b2ce6ae28bba0dba4edd0cc5b17374654609d5bd9b57a91bd76bd01d103e0ae
CIFAR10_alpha-1.0_K-5_seed-65,CIFAR10,dirichlet,1.0,5,65,5,True,True,True,True,a61fd78fdec6e0befc5831f251368d98c66eb3745bd1ddbd97ccd115102c02a6,e6b0370bc85a9b804ef55788ac01910e666c753e3b12e51486feeedd4c02b0b7
CIFAR10_alpha-1.0_K-5_seed-66,CIFAR10,dirichlet,1.0,5,66,5,True,True,True,True,4297daa5a486a49c6caf1e10e2b7ebfc8842a3b57b7081ac429b67e68c2074f9,00ff7f996d85e5cdfea5493c05e04a7e87efb251a655aeb1879401147261be4d
CIFAR10_alpha-1.0_K-5_seed-67,CIFAR10,dirichlet,1.0,5,67,5,True,True,True,True,c48155e174ba1055254bd3e321bcc2e6e9ef7ad3cda61bc9e1f5e458c5bbc0a1,88164f4a6690a37242bb44252da6e035d6184e66b2ccd38a96c2786a8189f670
CIFAR10_alpha-1.0_K-5_seed-68,CIFAR10,dirichlet,1.0,5,68,5,True,True,True,True,de5ce7dd5197eb622eabb24e5076f70017ed97d40d8957bb068a88797835d978,840ad609808a931417e4f27d01ec1ebb19453ef6e41e54e690bda375ca668567
CIFAR10_alpha-1.0_K-5_seed-69,CIFAR10,dirichlet,1.0,5,69,5,True,True,True,True,97de81b6271b3ac4254780d8c09c844d68e99f2312da6bd3049f127ed7488659,6eb67d922c658ce47623b13009c64865ce3ea29b1b7f3b035abc1f8c5751eb1f
CIFAR10_alpha-1.0_K-5_seed-70,CIFAR10,dirichlet,1.0,5,70,5,True,True,True,True,1950432f823257b0f12853af93934bd3bdb9d08adb653e0cf02b32c5978f63d2,0ece649334fcf6e338177dd20babcbf9a6ec9b83d91d8589b08c73fde7a57545
CIFAR10_alpha-1.0_K-5_seed-71,CIFAR10,dirichlet,1.0,5,71,5,True,True,True,True,13bbd9a7c86ee363a4e599472a4475299abbd6db1b77b0efb90233fa526185e4,16fa50a5a5bcc87a707aaafde98fd802a22a45c3e2a98bb04ca901a982f56845
CIFAR10_alpha-1.0_K-10_seed-42,CIFAR10,dirichlet,1.0,10,42,5,True,True,True,True,7f53d7ba303578579074dd5f98693618b067c69ea4711206c839c03f2da8a370,38872c3212de7d5ece9969a403135baa0e73a1659f46ff55872649859bff14ed
CIFAR10_alpha-1.0_K-10_seed-43,CIFAR10,dirichlet,1.0,10,43,5,True,True,True,True,158d7946491e33ea27e331d650246b2f79aaac79667193750f65e66a641b905a,2bb7a901531b8cc1ec4bb8dd2394abc9ef6b64e4493f82158bf066365691911e
CIFAR10_alpha-1.0_K-10_seed-44,CIFAR10,dirichlet,1.0,10,44,5,True,True,True,True,6877f6cdef3a15c95b469cb28ec6479e6797595fd49b7718be92e2b35d381220,4dce9be05837709eeaa951c92a19abcf8bd2722ee3055ec63c24442a4c9fe158
CIFAR10_alpha-1.0_K-10_seed-45,CIFAR10,dirichlet,1.0,10,45,5,True,True,True,True,a0ddfc76377a14f5390934a41c400d904884a00d46c378615fe8d2c15be1e7f3,80ba23e5dae7a937e12dab19fc04a3e06ee1a02fe23af53c28f563842260615e
CIFAR10_alpha-1.0_K-10_seed-46,CIFAR10,dirichlet,1.0,10,46,5,True,True,True,True,71956526d0de13e0ec7b886eca0e7488eadd6c7c08d0d2c1ba3f09c7df7c948d,30acab7972876328da7af8e859882453b401a017c60e90c8f2723fe9c7b9af55
CIFAR10_alpha-1.0_K-10_seed-47,CIFAR10,dirichlet,1.0,10,47,5,True,True,True,True,34828143d2ed4119ba3e790c128f09196008487d7fe415e2e4a2d36c1bb016b6,4cc094728b1e3d8081e310e0a2ce4b0a2ca4b4350134630ca894a7d99e079beb
CIFAR10_alpha-1.0_K-10_seed-48,CIFAR10,dirichlet,1.0,10,48,5,True,True,True,True,256062ac2401926c65ab9d74c7f7e106bfe874401db0406c7332c50163cdea05,383c6681097ccf66bffcee4eed8f6985d790e890f593d1a798e6cf74d18369e9
CIFAR10_alpha-1.0_K-10_seed-49,CIFAR10,dirichlet,1.0,10,49,5,True,True,True,True,d4b5641eb39297c7c40728fe663ebdc96174ac77e6216a2d78d5a32e607cde8f,6841ca189969a9cf73da050a963e2a117b7b2958d19cb201e4f32bf661848738
CIFAR10_alpha-1.0_K-10_seed-50,CIFAR10,dirichlet,1.0,10,50,5,True,True,True,True,28da56a5a25d68d350fe4ddc7bf6c6cac9ef96a62e913f7c1bd51abf461a6707,51822f892ff90e89b63e848b499803d23c55cce1386454637c8806e03237879f
CIFAR10_alpha-1.0_K-10_seed-51,CIFAR10,dirichlet,1.0,10,51,5,True,True,True,True,1225e9806abb3d471ac233dc8c5f894c55c3cf7b6f5e9cf375bdf9b8d116ba29,19b5345c1b6bd0c7474a872f0b37abe2aa26bdb99039d561b84947305119cb3d
CIFAR10_alpha-1.0_K-10_seed-52,CIFAR10,dirichlet,1.0,10,52,5,True,True,True,True,8cd92f97382b65de2bc15376d66b4a6c09d6741ed0c79d51539dcd8b71d35a4a,d2c0eabaae74942288637f64b44f10426562d8fadde7cd8e1daaa82194fdc264
CIFAR10_alpha-1.0_K-10_seed-53,CIFAR10,dirichlet,1.0,10,53,5,True,True,True,True,a4907fe0cb1d55c4447513b03460d0ec1dbd74b887b254b28411cb9bfdd41ee9,3ec0e075588dd3c1fb59a6dd2f5c64471ba3d737189b5ad37d62e89ffafaff19
CIFAR10_alpha-1.0_K-10_seed-54,CIFAR10,dirichlet,1.0,10,54,5,True,True,True,True,478b90d77076d5f26f10acc2fe79092520cca75822c3d7c8ee01832517f9b11d,f341492bcf6df325d0becfa43f15e1613fde54efdf2510512f0d70110f5b4806
CIFAR10_alpha-1.0_K-10_seed-55,CIFAR10,dirichlet,1.0,10,55,5,True,True,True,True,365a6281f3b00b40e932ee8c45a76ca1adb9893feedcd962524c7d81205fa630,0d7d56b890ae4276f3c26b4901e0313f394d2d67573b31617cf7ee36ecef4793
CIFAR10_alpha-1.0_K-10_seed-56,CIFAR10,dirichlet,1.0,10,56,5,True,True,True,True,e40aff960ece4fff472adfc1fab162e9ff25932c32bc786ec0e64b70906d8e51,a1f266961d4bd3d6db9ef920b4e1d6335831aac132af4448574087480b8dbaa1
CIFAR10_alpha-1.0_K-10_seed-57,CIFAR10,dirichlet,1.0,10,57,5,True,True,True,True,82e4930051384caf7030616f9ed81f93debb4808589fc760b0068c1ede6851a2,c461c3ddec5f56cba7767dd32695ccaa5008ab26cbc408f6c84dda66e324fc09
CIFAR10_alpha-1.0_K-10_seed-58,CIFAR10,dirichlet,1.0,10,58,5,True,True,True,True,15418621a12a82266c2e94a08f7048c15a0f33626b1b55d8689307c835266b31,1c4992869977012189c9e21282cefab88b882afcda09ef02d83246a58e002f88
CIFAR10_alpha-1.0_K-10_seed-59,CIFAR10,dirichlet,1.0,10,59,5,True,True,True,True,dff0e03a05d5647606cfb85956b4b32f2485fdf986dbf2c5d7d3063a8463699c,2f0069d7ceb30fee0a392b884e3299abc07f439e6f9c85694e6bbb0c68d77b8c
CIFAR10_alpha-1.0_K-10_seed-60,CIFAR10,dirichlet,1.0,10,60,5,True,True,True,True,016cf6871e8b2726dae995a2cf0be42f4cc5373d0693dfed3dcbbdf0f520a109,78a0e6847efff2406b6bd6bb91853297a5726dbcc52681c988a6da7d37e8efab
CIFAR10_alpha-1.0_K-10_seed-61,CIFAR10,dirichlet,1.0,10,61,5,True,True,True,True,a21130bfba9c97f2feb39c39f630bdc977a0f90192c32b355b6b8fecbdbfb37f,e29915a3fa27a4a16b44a67358d78b15f34c7e5892dc0a4461bf1ce04af1271e
CIFAR10_alpha-1.0_K-10_seed-62,CIFAR10,dirichlet,1.0,10,62,5,True,True,True,True,0546406de01df8d3bbdf1d58729d4662a3424f8208e79e91d732be4d68e54058,a1911a527456a7b254333cb640158e164964a379a2d29ee79c8142ef72e4e609
CIFAR10_alpha-1.0_K-10_seed-63,CIFAR10,dirichlet,1.0,10,63,5,True,True,True,True,0bda6ac6241cc6c76026f33df4b36f45f6c1287a42ddf06fac7b92d8d9c90a5f,dd4cb5ba7ac1bd363428d0760ad9bfa07a8a4661a06ba92e7c36df458c6baf92
CIFAR10_alpha-1.0_K-10_seed-64,CIFAR10,dirichlet,1.0,10,64,5,True,True,True,True,e02362e0aa1f4b02d82f39c9b9b63f8cbd73f5f506a7e56aef85a81b99f0ef4f,1231589971713a639313f384ec75c0e3653dbfc184e9d1640a348e1308089b8a
CIFAR10_alpha-1.0_K-10_seed-65,CIFAR10,dirichlet,1.0,10,65,5,True,True,True,True,4cdfef8c88a66feab401601c267087a8e70a5d3b970777e0c8ac9f787984e34e,1b4d5ee728ba251a6719eb08123cc7e3118e7b461421c4609112cf29acb521b7
CIFAR10_alpha-1.0_K-10_seed-66,CIFAR10,dirichlet,1.0,10,66,5,True,True,True,True,e4bb8c2de78da791f2d2e9522a2ba1b96779729b765e3c832de6001e0318c122,acb696fa076d03f17d70f8ce97ea0302e87b91aeaaf0bffb25761c12a90c11ef
CIFAR10_alpha-1.0_K-10_seed-67,CIFAR10,dirichlet,1.0,10,67,5,True,True,True,True,df12ac7b150c85d94f31c8d1b48a138e43d13fd65f536e6e302616c915521b78,6887c45189fe1f52999a065d65e5e5a577eed53b9a149cc6d66e6d7e6d585942
CIFAR10_alpha-1.0_K-10_seed-68,CIFAR10,dirichlet,1.0,10,68,5,True,True,True,True,4e0be1da0afb55e24036966610809b2152d177c4971d854078b5552aa14dcf87,4a71f28851945eee8b986e77247780acea46d226dca5d2cb6a63052fe6a063e8
CIFAR10_alpha-1.0_K-10_seed-69,CIFAR10,dirichlet,1.0,10,69,5,True,True,True,True,2b5e662b94cc286d07ce32d5d84489c177aa74afdcc2d1169c9ff72e426b5c15,5b188631efc2293b86299d8951a140d8bef198a667dcbfb9019bf64bc20bab0c
CIFAR10_alpha-1.0_K-10_seed-70,CIFAR10,dirichlet,1.0,10,70,5,True,True,True,True,297dc1a40b8b3046987d293c1fc742dcbd27f3a0006e721d567190f3e5acf9ef,a8d11f86ab7f15cec82c02da6f49bbdac842462183134542b3d8c990f3635145
CIFAR10_alpha-1.0_K-10_seed-71,CIFAR10,dirichlet,1.0,10,71,5,True,True,True,True,adbfb4723ee0351c8a7510d0d8a7d4dbe226fef182b9ff49b5c60c9e8bcc29e0,1767786ed9853fa9cd0cb47dcc33985235d54ab12084f080349f7c91cda9fc3f
CIFAR10_alpha-0.5_K-3_seed-42,CIFAR10,dirichlet,0.5,3,42,5,True,True,True,True,1630dbe24b267a5e3f5d3eac6ec95a7d67489e942e48184bf727e66f6a554c13,aee585146f1d96f86afb6ae0929b09286647f27448ff39fd5bc3fc68071b3e9c
CIFAR10_alpha-0.5_K-3_seed-43,CIFAR10,dirichlet,0.5,3,43,5,True,True,True,True,a324219e2fc17c9a22ec47352a7ddbfda638d5948618b47ceae3a47dc3f82e8f,a0803200286f6a7cb968de8a1d351d9cc0d1900aa284f9758bee1b45cc524401
CIFAR10_alpha-0.5_K-3_seed-44,CIFAR10,dirichlet,0.5,3,44,5,True,True,True,True,9964e3c08d35f041e64ba3fcfb39875b4c6f044e07628c9583d9cdd5c6f71b99,b3b8406c27b080fb5190b7d814805dc0e8f8b4abd7cebefa972c5bda9ae36edd
CIFAR10_alpha-0.5_K-3_seed-45,CIFAR10,dirichlet,0.5,3,45,5,True,True,True,True,a562b6c7d871bbc895c96da5291b50b698d119a62c315e4289c0d80f5ba11c78,7e53501d44f1b7bbdcc0494b8793729a1a26c4a53dc77d54dedc0ebe292415c9
CIFAR10_alpha-0.5_K-3_seed-46,CIFAR10,dirichlet,0.5,3,46,5,True,True,True,True,95d1aa741adc227273b7d62e8f9c9dad09ae2a2c0f4a49dbd4c300b082c0d48f,babbcf70f5f946562c91ff1acedcb367f04602f15b665fba2706cc708d4ff6f4
CIFAR10_alpha-0.5_K-3_seed-47,CIFAR10,dirichlet,0.5,3,47,5,True,True,True,True,61d4edf3fe8eee026cbca761cc7060f018d2b5aee1c2a571b23b0aeb57957c46,3823586ccb237c3b15c866ffcaaa333a9afca9fb3d8c10dc5961ecedeb79f7e3
CIFAR10_alpha-0.5_K-3_seed-48,CIFAR10,dirichlet,0.5,3,48,5,True,True,True,True,ee79d3ff48a5dc1c32bf736e114446f1e0a13fae16ebefeb7dfae9ee42459f73,a7ca8185638bfe9f54ae78bee11846733f3ceef897bfe96f62e35418bc6b11f3
CIFAR10_alpha-0.5_K-3_seed-49,CIFAR10,dirichlet,0.5,3,49,5,True,True,True,True,0075e057d05c6494a3269b91cf033563b4f6097284171d1342156973846f0e82,b1c1aef467d03ee3f3b750b7c4d2471a0c998dfb4ccc922f4ef054e683e824a0
CIFAR10_alpha-0.5_K-3_seed-50,CIFAR10,dirichlet,0.5,3,50,5,True,True,True,True,03971f5fa6629f93b4691be4187f703bacc1c61ec5b25111e2315f8b91811a39,043035d3162fe0740a3a81aec148d65e0be0dbe52cfb73d01e837c0cb5665e66
CIFAR10_alpha-0.5_K-3_seed-51,CIFAR10,dirichlet,0.5,3,51,5,True,True,True,True,be19b95b517f977f25370e991bc75351a197acbbe297b400d8a93b0c9fca7730,27553276a6cc7a8ab2aced4e56487d2a056eb830a7805565fee953bbb1a347f2
CIFAR10_alpha-0.5_K-3_seed-52,CIFAR10,dirichlet,0.5,3,52,5,True,True,True,True,791277fac0d4fed2431c6dce5653bcb811c0e22522b8895e0bb6b059313caabb,8f4ede7f705cf3aa2196e8947b426a0162c21a382331d18a5e0ed21babe3bb6b
CIFAR10_alpha-0.5_K-3_seed-53,CIFAR10,dirichlet,0.5,3,53,5,True,True,True,True,76392f64967d6fee94676b7ca3909c1929b016e4cca22b02806c353fb777bc69,062cdab8f1f5da690d380c30abd32651581c97d956440f25cbdb58248f79eaa9
CIFAR10_alpha-0.5_K-3_seed-54,CIFAR10,dirichlet,0.5,3,54,5,True,True,True,True,371fbe8bf818d491451efb62340dd12e2bff9f5da3e352ddf013f61b592651c8,8b7a35d6034ff5e382d4ccd088f4af06da9f084e2ea500e4fe1e45d99d48bc82
CIFAR10_alpha-0.5_K-3_seed-55,CIFAR10,dirichlet,0.5,3,55,5,True,True,True,True,f1261b027c6888c0382b6235f62984e83988598f36f806997e86c9a81e85d382,d7cc1a9ee82b2579b3f7930a3ce649e1bea36dd4d1900c5334069fcd96110c7d
CIFAR10_alpha-0.5_K-3_seed-56,CIFAR10,dirichlet,0.5,3,56,5,True,True,True,True,83e0dfc072af84df3d148d53cb520cfada4b0e5dea23e437eebd11082e9d368f,249a899463ec803606806e82d909c6074d49f7c322a7c4b1a312e09670dfee7f
CIFAR10_alpha-0.5_K-3_seed-57,CIFAR10,dirichlet,0.5,3,57,5,True,True,True,True,c1145c955a2623a4501c15edcf9a6c49a532082042bae118894eeda0aa369ad4,efa4acb47449db90017568d7648c3e326d0184d5120e0a30403037822021943c
CIFAR10_alpha-0.5_K-3_seed-58,CIFAR10,dirichlet,0.5,3,58,5,True,True,True,True,d1cab5152e5f8a5b054c7f5f17aa89b8101a15ff10f7bd0c00898debe5ddba59,cf34fa5b665ef1f19470428eec7e152e00205535563a44c70f96abf31c72059a
CIFAR10_alpha-0.5_K-3_seed-59,CIFAR10,dirichlet,0.5,3,59,5,True,True,True,True,748549196e468e6da5e47d776b2bdaad7da5490e9b3a0bfef396c30ceeee0427,99ab5d6e95aee2d5935cef37255e9f1febe339e4babd9654283383f62f3df9be
CIFAR10_alpha-0.5_K-3_seed-60,CIFAR10,dirichlet,0.5,3,60,5,True,True,True,True,1abc2cb57d05fd6de95669ba7b6c6c565b82e2980533a682b66e6637c73e0461,e116ab21b889552744eb837d69b514712a0cd52ee51f5cb57ce055685f944a63
CIFAR10_alpha-0.5_K-3_seed-61,CIFAR10,dirichlet,0.5,3,61,5,True,True,True,True,49bcf212345fc7665c943ed7b90c05fbfee5b95aa6842a2be0a58128b3b4909c,67c83587ad15a0d3f5b4de68c33b789d94a21e101e15c7eadd9f008ade811e86
CIFAR10_alpha-0.5_K-3_seed-62,CIFAR10,dirichlet,0.5,3,62,5,True,True,True,True,2259e2b30ba5588e98dfc035d45e0f63a3b5619d17899550d3e6b4980ffc251a,bba5a3dd77beeeabdac70e00d007a6c3286226cc62f222aedb20e98499bef126
CIFAR10_alpha-0.5_K-3_seed-63,CIFAR10,dirichlet,0.5,3,63,5,True,True,True,True,1cd93e465ee609467a41e4c36e5e1293f73d9685f5aea3be1ceaf96930c6f056,7ed5985ac159f1fc80b2fc9dfac978464ed6764979f37ada736f04bb23ecfdf0
CIFAR10_alpha-0.5_K-3_seed-64,CIFAR10,dirichlet,0.5,3,64,5,True,True,True,True,239e36f038f89a383fdc0f35af38b442e38d4bfd048021faab2918b5aeff6c3e,00c5477ef035c7c8e2749e18034d2c7f161fad9a0628ff706fc44f20da67ef21
CIFAR10_alpha-0.5_K-3_seed-65,CIFAR10,dirichlet,0.5,3,65,5,True,True,True,True,f62faf30c9b0da9779577737d35951337e5986311d50ccadcd2debc7a5297bc9,ce6cf4a985f1dc0ea6fb5e81d0d37cf71b70b337a9e9afbc2a2888c67624cb3b
CIFAR10_alpha-0.5_K-3_seed-66,CIFAR10,dirichlet,0.5,3,66,5,True,True,True,True,267889d9a8f7e4b435471efdd2ad2ce5c5f9e53e794e5fb28054c9c3a19a8a95,0304f052c92413006a6507b68b13bd506ffcc1ce417c6201bc76bb6802668d25
CIFAR10_alpha-0.5_K-3_seed-67,CIFAR10,dirichlet,0.5,3,67,5,True,True,True,True,40bddae4a2735cd68ae6f6801ffe7adf7d0a2ca95e830026f7fbb777cebd03d7,a7a865d5ca2e00d269bb080916047ab8535b3ff376c980c339330f23206dd993
CIFAR10_alpha-0.5_K-3_seed-68,CIFAR10,dirichlet,0.5,3,68,5,True,True,True,True,df5caf4769ff8abc334cfb45ed35a8ff5d1567649c239e4ed9338582ebc0f7f6,f240133a9b96e85112e48b118ede884780349cf82b1064018809ecab493e7c8f
CIFAR10_alpha-0.5_K-3_seed-69,CIFAR10,dirichlet,0.5,3,69,5,True,True,True,True,605681f25e0539bf997f33663b3d202d54fdc51ab2d375a6dd359957cb32dedf,61b5c572819c49b6f49e8623b7ddfed57878c8143c5206eda894a1526dd5cb8e
CIFAR10_alpha-0.5_K-3_seed-70,CIFAR10,dirichlet,0.5,3,70,5,True,True,True,True,f677c590e729f752cd1567b64d130f7537bcdc1fd32b074ae36943e4fd3f8bb4,0417c8b195c58c42ba436300dacd282800dfd279c1017f0251afac5099df6cc6
CIFAR10_alpha-0.5_K-3_seed-71,CIFAR10,dirichlet,0.5,3,71,5,True,True,True,True,454b00bba5b509c3dba39e0bfe31d16e311502a42a3c4128a0898ffaaf4766e2,8536a9da73de9816aa911191a4ce7fced3552743ae688bee570dfd589b455a59
CIFAR10_alpha-0.5_K-5_seed-42,CIFAR10,dirichlet,0.5,5,42,5,True,True,True,True,e4f676f4cd9b18848a173266f7134748a1dce3d114c0341976a37ea7162c2602,49a28e3f40c38315e4db6d4d451aa7c2468a5d78a41f1f86b40a9b58df968a49
CIFAR10_alpha-0.5_K-5_seed-43,CIFAR10,dirichlet,0.5,5,43,5,True,True,True,True,91f39a431a2f3955d0856dcab7a4936664c51d82e29b86b5cfa4ea87675e002e,90b288d59723557575087a8fe08bac74ecebc4b68a599a0ac417945220a195e7
CIFAR10_alpha-0.5_K-5_seed-44,CIFAR10,dirichlet,0.5,5,44,5,True,True,True,True,c0452c0b5e9011e637d180e39e79c16f5cbf5a66cefb7f2610b3caf29ce8eaf2,69c3a88e9d219bf6f6d8087961408040be3d93a7266bebad09b8cffea46be819
CIFAR10_alpha-0.5_K-5_seed-45,CIFAR10,dirichlet,0.5,5,45,5,True,True,True,True,580c32859f4b62f0327519c9453db149c8c957c144ad7cd781fdd90907c0116d,d5aa25b89d9513a36438b8e202c30706abbf2a75a6110cf9e256501bc9e1bf42
CIFAR10_alpha-0.5_K-5_seed-46,CIFAR10,dirichlet,0.5,5,46,5,True,True,True,True,ae3478790571d7e2775b4771ccbc3ee7b22a41375b5640d5ffbec29e4f2f0eb4,a3992dd488b864374873e1802438fee31c0051545ed7ccd2aa79648923b03d7d
CIFAR10_alpha-0.5_K-5_seed-47,CIFAR10,dirichlet,0.5,5,47,5,True,True,True,True,9af4de8c79626e231181b6f7ee1c51bd27b2f730852ece1e551bdae48a09a659,a01198a8cd32bfaa80cd2233309013452cd34c32c9d29834327b98bad1b9d4b4
CIFAR10_alpha-0.5_K-5_seed-48,CIFAR10,dirichlet,0.5,5,48,5,True,True,True,True,da4c594b12175e82a98f8a8505928aef38aeb4ff91ebcdb687981ddc832adb8a,525c722f2ed608e9484d5215eed1e61c8306c392c597b52bcdbd70daa702c756
CIFAR10_alpha-0.5_K-5_seed-49,CIFAR10,dirichlet,0.5,5,49,5,True,True,True,True,a956f8633e5840fe821f493af1a950fac8ea4ff5700072b959a6cf0ba26d93fd,2cfe91039a95d5d57686f467ae47f1a677a71075004d421dcba52b1db80dffce
CIFAR10_alpha-0.5_K-5_seed-50,CIFAR10,dirichlet,0.5,5,50,5,True,True,True,True,0468c642c619214775bd6dbf02bee3fe509c2b38b764f4d75dfa692b150e25ef,d4482f61122451b6410765136ed0d4843ff6712251ca77c45e7d188078460bc0
CIFAR10_alpha-0.5_K-5_seed-51,CIFAR10,dirichlet,0.5,5,51,5,True,True,True,True,a5b4011c05f53168877463cdcca72bfbe06af8ab463cd529df513236632c3416,19c3b79ec0c3dedd54a3cfdb995ab813e8028369005d0d93f2d0effb536e92e6
CIFAR10_alpha-0.5_K-5_seed-52,CIFAR10,dirichlet,0.5,5,52,5,True,True,True,True,4eb48902020c9bb5f3e11b13912cd061423e1a18972226dfda161f25893caa4b,fc098531e59c5b65527dcf1b5e6722173c354782724d66ee7f4be3a5d6364690
CIFAR10_alpha-0.5_K-5_seed-53,CIFAR10,dirichlet,0.5,5,53,5,True,True,True,True,0eeb3c8478225107a9866b7f8c919eb20bd87c3cdcaf8f5a302484eb35fd77f9,3a0ec6028f42c9ce9bcf5bcc98762096c149b31aa4b5c77d775fbd603776ea59
CIFAR10_alpha-0.5_K-5_seed-54,CIFAR10,dirichlet,0.5,5,54,5,True,True,True,True,97247d1f6bf8c10339df994d1c701fd1a6cac45180b7ea0b7fdf2cc5b4c7e444,91c625ac0fa7b251044a9c771ac01ea3f9c549cb1c909e796b39e0e770b6a61b
CIFAR10_alpha-0.5_K-5_seed-55,CIFAR10,dirichlet,0.5,5,55,5,True,True,True,True,22a7f1ecfaf99c7335b0220d5ef1d3a0db2adf6e44fa1049da3767d80b9c4c13,7c9d33d71cf10b6866fe6a5f6a513b4635cd2c8d1dbe46f0001ec277da051522
CIFAR10_alpha-0.5_K-5_seed-56,CIFAR10,dirichlet,0.5,5,56,5,True,True,True,True,ea77e88a67047c9a5ad7f6f1d4939cbc0b4f0771319b67e015511de48d14b1f4,18012e5d8b2a17ddd0a97bdbc3004b1db17afc3f42f5b7093f8439f888311f01
CIFAR10_alpha-0.5_K-5_seed-57,CIFAR10,dirichlet,0.5,5,57,5,True,True,True,True,3f28fdb593961f3520b7dcdfa509028521b1ee2078651e4c681eb405f62e416a,46e871de8e06b97eb13c992f046606882607f2b9117b71b768d447d04d35c355
CIFAR10_alpha-0.5_K-5_seed-58,CIFAR10,dirichlet,0.5,5,58,5,True,True,True,True,75dbd9691da50eeae32b41b687922eef6aa7b3445196025fac01523d7fce19e6,4820c9cfc4490445597e649f90dd8f440bbdad2df2728239398531684d6aab2e
CIFAR10_alpha-0.5_K-5_seed-59,CIFAR10,dirichlet,0.5,5,59,5,True,True,True,True,f254fac811ece7cc50bcb572707154873ad6823561aee8ef5c5b9d33cdfd5881,d6852df10a08d32483ea7af75670fdac80b886a5deae7990ac7e7240b0eb82e5
CIFAR10_alpha-0.5_K-5_seed-60,CIFAR10,dirichlet,0.5,5,60,5,True,True,True,True,5fa4954cd3fda89e71ce7b7939a64cc3302063ea45bcd26d80651b90772dac12,c2fd85fb462440e78d7e2be846a6ae9ba744e69d2b76f7205ba6d54faa914878
CIFAR10_alpha-0.5_K-5_seed-61,CIFAR10,dirichlet,0.5,5,61,5,True,True,True,True,f3087e2ef9307812ce27969dfc997ca5548f2e14cc887d81f883aa45d572ae98,b95beb26759e2d775fecba12a3d2e136a2ade9c53ca3514eee32cea18050bd64
CIFAR10_alpha-0.5_K-5_seed-62,CIFAR10,dirichlet,0.5,5,62,5,True,True,True,True,3ffc9ead113b1ad842bd64a2399f6f03149258e35c4509b4d2f2ed1fcd5834fb,0fa4302df27585923374cc0277d7b0d9dd4a55a50263c7419a5c20bf8504ffef
CIFAR10_alpha-0.5_K-5_seed-63,CIFAR10,dirichlet,0.5,5,63,5,True,True,True,True,9f6fdc98641cc7f2423a80ee26f50a87e7acce06ad95daf69e9b499645fc1f5d,f243cca635a73f412b1f89ad8b25887a1e353455e16a45ad344df0c2d1b2e4f9
CIFAR10_alpha-0.5_K-5_seed-64,CIFAR10,dirichlet,0.5,5,64,5,True,True,True,True,82cb5ce0e84e90f9b9c53e7c6f944fbd57d25a020997fbc08de9cf64879bcebe,66f999df26d6e59e3a9aa3d02d4255267afe0599d4b4a0678fbedf33fbbb47ad
CIFAR10_alpha-0.5_K-5_seed-65,CIFAR10,dirichlet,0.5,5,65,5,True,True,True,True,b44569feb8fed92333d39982c680e4d82201cc2437b96a045f67325fd46c2d67,b5b4a09f4a8ec6e39ff5079ff075f7a70d37258dc32cc6edb4d0d7dbe0a56c96
CIFAR10_alpha-0.5_K-5_seed-66,CIFAR10,dirichlet,0.5,5,66,5,True,True,True,True,c81ca64a875bf12fbf5c38795ca5aee6c932096908b9d530ec315e77caaed127,ffbc5b2d6abfa8113b1cccd0ad18b3de15ecfe9d2e3355e16f4f6fdaa4c8a744
CIFAR10_alpha-0.5_K-5_seed-67,CIFAR10,dirichlet,0.5,5,67,5,True,True,True,True,7ec3e08194a3bf5b0fb639e9dbb30fbceee389421ef56c42815909828a0f5682,f60e794c3138375e087fcce140f7fb80ab2b29430e6d642850644ebed2fef36f
CIFAR10_alpha-0.5_K-5_seed-68,CIFAR10,dirichlet,0.5,5,68,5,True,True,True,True,d853f4e0d1eeb618317d3ee2cc2671ddcc2878640971b15e00b17ff284f30db0,7e6757534d6a4d7705d13d860f026e1c1c5b8d7e21bc35b1bbd7ab6643b56029
CIFAR10_alpha-0.5_K-5_seed-69,CIFAR10,dirichlet,0.5,5,69,5,True,True,True,True,5b8a3624a8f4740d62aaacbab499640792c6a04c3a964a634234005eb899cd1e,82d14a47ed2c8dd4654bb301c152010fbe8d71dbd9354764ae3a533750988f1b
CIFAR10_alpha-0.5_K-5_seed-70,CIFAR10,dirichlet,0.5,5,70,5,True,True,True,True,79ac8c47cd856cbbd3eacc3927a92335b194e40c349ec5a814522c5e52168178,0240de099e65dfc671f6649d14d94cfe2fb660ed7331d10f96c10a94f046c258
CIFAR10_alpha-0.5_K-5_seed-71,CIFAR10,dirichlet,0.5,5,71,5,True,True,True,True,42a4228838dc54042346dccc4b2df0e1b61be94d5afe6c6928f0bdf09922de42,e295fc680cd782c96bce073755cd284fd2dd3c98b60c420c45ecdaed73eae74c
CIFAR10_alpha-0.5_K-10_seed-42,CIFAR10,dirichlet,0.5,10,42,5,True,True,True,True,8e64003ee1c8098085a7e2edac83d05d85a635055cf9345880f3420478b2c9f1,d44095c0388e1469e7cb5764caddbf093a935485c4662ba2182df2fec9bb5c4c
CIFAR10_alpha-0.5_K-10_seed-43,CIFAR10,dirichlet,0.5,10,43,5,True,True,True,True,dfa508dc58d81f1932107465f8fd9009569d2d05e449f07d3d120c73dc123bd6,c24eb25895b65a37578095f0c44db36b5209f5519d546c0e46f814d071365e5b
CIFAR10_alpha-0.5_K-10_seed-44,CIFAR10,dirichlet,0.5,10,44,5,True,True,True,True,9fb6227e094f6fe393d7146348ef298241d28f647ea944c0642f5305c10edbdb,36c01cbe0da648bb59cb27b5964b93071ee9750d9ed996b8fd048c0512c1f335
CIFAR10_alpha-0.5_K-10_seed-45,CIFAR10,dirichlet,0.5,10,45,5,True,True,True,True,c90119107516ef98f68bf550135254285048f90a866026c3b2a07308f75b352b,806950ac3b595f356ba39acd918549387dae5728e5704265197806ae4078abad
CIFAR10_alpha-0.5_K-10_seed-46,CIFAR10,dirichlet,0.5,10,46,5,True,True,True,True,a808b17f3709b203ecee668fea0f4ebdd173409e7bf0c0f621ca4354e75f5853,59c319407956b745ae60c4f06c756d80b535b9589167533fc8e21c3d75f560c8
CIFAR10_alpha-0.5_K-10_seed-47,CIFAR10,dirichlet,0.5,10,47,5,True,True,True,True,1d79cb0f15f369fa0563c522b3426225c8693e019dbde36eeab800d1606f7497,87c232e8797e6aedd78b2fdd5ca6cb76663f958706cf5ec29f00724132b441b4
CIFAR10_alpha-0.5_K-10_seed-48,CIFAR10,dirichlet,0.5,10,48,5,True,True,True,True,5e55b0d75121e662b538e537dda451f8556c373284ce1c923f1eb702680729c7,d6530aa17cd8aef5a7f47e43f87f89625da1e765770e66cb24e18e213a255cd7
CIFAR10_alpha-0.5_K-10_seed-49,CIFAR10,dirichlet,0.5,10,49,5,True,True,True,True,6601e79c013b97a25672dcadcc7f065e6f16ad1b067e7ddcbd308099099771d5,39897ef17587d21283b6d506fca77a7be6ac468f13dce5d24a01c58f77c61c3d
CIFAR10_alpha-0.5_K-10_seed-50,CIFAR10,dirichlet,0.5,10,50,5,True,True,True,True,d2c636164e922cdc934c645c08479d832c9e1dca8b0e92c335a294c3352d3ce6,68b11fc0b6ad470db7939de0e208c4e0b339a49f352c5e99b6e5521c905e6c48
CIFAR10_alpha-0.5_K-10_seed-51,CIFAR10,dirichlet,0.5,10,51,5,True,True,True,True,b92f6bede1a37ed8c45ec824a20d3c15e062a92994ff82c304bc7d76714bf4af,1a5cfc41ef1d87e893a7eb27a307183c91de6301cf8b7d969b4b23c0a5c11e41
CIFAR10_alpha-0.5_K-10_seed-52,CIFAR10,dirichlet,0.5,10,52,5,True,True,True,True,ac2a2af9faca7494cb60fa99f58835d0cc9d4b1863eadb2ba3d56597d2f23faa,150970ae037db501dcaaaecdb26ebccdc459e1c573802f44f96db1c3fab6aeb4
CIFAR10_alpha-0.5_K-10_seed-53,CIFAR10,dirichlet,0.5,10,53,5,True,True,True,True,5abd59e3974b914b2f792023a7550b56b2496eb3477106871fd18a1d32cb6823,775c3e0f658345f8654882aa24710cfc1cb37c25fb6389bb568cb0668f63f50d
CIFAR10_alpha-0.5_K-10_seed-54,CIFAR10,dirichlet,0.5,10,54,5,True,True,True,True,a6fdfd30314dd41e21b5f48af8400a789d9e9d17b85b9ad6dad72f5b597f21fe,9c0037375f9bf99b011dee2cd2e5c6525ccf386420e604108233b2c346e58a1f
CIFAR10_alpha-0.5_K-10_seed-55,CIFAR10,dirichlet,0.5,10,55,5,True,True,True,True,3ff2246bc6d2fe787ff6fff38f360a05d3204be61e9fdeb4f5d99cc24e4841ef,ed481e4182124b54bee18e1caf7daf9cb7ccfc394b3b86633cca036690b58c1b
CIFAR10_alpha-0.5_K-10_seed-56,CIFAR10,dirichlet,0.5,10,56,5,True,True,True,True,6bbc75ad1d23462e15006d88114b56741d7cb963b242eb15c9b71f62cc8dc089,f4820c468f8134755537544be9d94b296992628636c9be24a9db4b897ad191cd
CIFAR10_alpha-0.5_K-10_seed-57,CIFAR10,dirichlet,0.5,10,57,5,True,True,True,True,477f62327b255c9d8b3b2cc38344d4b351537f33ba54d12453df982537eda263,9ff631b87851206949b613565aba5f64ae49694bfa241f626a713bf2bca1d048
CIFAR10_alpha-0.5_K-10_seed-58,CIFAR10,dirichlet,0.5,10,58,5,True,True,True,True,e4a808fd5fd933bf2b7bedfe127dd5815adcae5fd6e0ad17e3baed9c69663f6b,9d076fec61368657eebd072b62c30bd1f01bc4218b289289a18cdb9bf0cf8430
CIFAR10_alpha-0.5_K-10_seed-59,CIFAR10,dirichlet,0.5,10,59,5,True,True,True,True,da8fa9e2d3d0cff6988a44df2cead823f4a47f0c77205b9ac46e5b299177fe78,84ab62ec44e3704671b174a18d731cf3b67fbe17d878f089de8860afe17d1f61
CIFAR10_alpha-0.5_K-10_seed-60,CIFAR10,dirichlet,0.5,10,60,5,True,True,True,True,e52e825f1161772fa7e5fbdbe1bb89aac512649403c7bdf041e52c609b23f8f4,56c6063cc295a3e1163d279f5b288b1fcd2005483a401e022f51c71e03a416f8
CIFAR10_alpha-0.5_K-10_seed-61,CIFAR10,dirichlet,0.5,10,61,5,True,True,True,True,ce6250b43d89e2cafb0d8f4dad8e86e85e0f94e80e75d3cc9eb9e6c4f13570eb,f86b509ff07208e3e8a3c06c40021d86971d1483a10a36b38a3fc550f0a53f6b
CIFAR10_alpha-0.5_K-10_seed-62,CIFAR10,dirichlet,0.5,10,62,5,True,True,True,True,abafb51050e1cd1b846e3aa4b432f3402d4a91478ad3ae6e55eb1cd0e43113f8,bda3cd800d87b6538478d07b2b3a132bd4c3f31127ca69be2548db1c17640b4b
CIFAR10_alpha-0.5_K-10_seed-63,CIFAR10,dirichlet,0.5,10,63,5,True,True,True,True,ff2a185e48b4cb8674c48017b9a7a4eedc34cfb9dfa69844baa86df8aaad7a19,fbadae593f30984ba40016348ceea6868e820ae0a864f41e471fdf8ad6990b5e
CIFAR10_alpha-0.5_K-10_seed-64,CIFAR10,dirichlet,0.5,10,64,5,True,True,True,True,17383d14a961439b8b4d0e75fcecaafe7bf858a22fd510d2e27aa80140b756a7,aad7bb4b2df9ff40f180550942183e235223a19149d108d6609753bd05ef9827
CIFAR10_alpha-0.5_K-10_seed-65,CIFAR10,dirichlet,0.5,10,65,5,True,True,True,True,596a07b68ff26e88d52cc35a62409f3b74065b1add9c2e793a15fa7ce5524c1f,4c6d359a932bf0e6469a16333f18e17e2d5c5669aa59150c096aabe4793852c7
CIFAR10_alpha-0.5_K-10_seed-66,CIFAR10,dirichlet,0.5,10,66,5,True,True,True,True,086cec4230f35ffb46dc787d454ada23a904b16bc32e5c7fe42eb0f8193cdea0,8dfdd43af0bfe0cff5ca182808947ebcb362a57beab96dda581a70f9667edf53
CIFAR10_alpha-0.5_K-10_seed-67,CIFAR10,dirichlet,0.5,10,67,5,True,True,True,True,cc5472d33377488a9c6bdac34ed3fbbba77bf06118dbb946d5701bdead428e8e,45f3c8503ca0ded4db51a9cfce56a62ac975de2a79ef8473a460d7bcca1a41ba
CIFAR10_alpha-0.5_K-10_seed-68,CIFAR10,dirichlet,0.5,10,68,5,True,True,True,True,c5129ba934f1e7d65505eb5f93e548367f00300fa2f61496dbc0be82f42b89e0,3419ee783fcbc045c09fce423a834ffab4e81f047b41c6b6474be06fe3e4bd01
CIFAR10_alpha-0.5_K-10_seed-69,CIFAR10,dirichlet,0.5,10,69,5,True,True,True,True,6c7c7a969cb79ddd91282db599eb503fceb62ba374e5f7d5fdd35819dc820170,061dc0d33d5ee20525f3865dea311f01ad625a4b5bfbce06c5ea31034b9b2c03
CIFAR10_alpha-0.5_K-10_seed-70,CIFAR10,dirichlet,0.5,10,70,5,True,True,True,True,2e0b43cd080ccd0b275a70627435b5aa816fa200ad6114390d12306b02585f02,a8ce85b74b026a0496e3fe00f583cea8618c6ef4db434646172b0d8b541c2388
CIFAR10_alpha-0.5_K-10_seed-71,CIFAR10,dirichlet,0.5,10,71,5,True,True,True,True,4e4ec7baaae609d59ccae9b68144ba48506dbad4c71644b637bbe9086c251890,668be0538d316f7ba9056e8cf61451914ec18a28cdb26f71dc10d0ce5fe220f6
CIFAR10_alpha-0.1_K-3_seed-42,CIFAR10,dirichlet,0.1,3,42,5,True,True,True,True,ff65bd9abbef745487be166c87304c9a6f96699aabb2c2aa43feb853e71d67ca,91952e225971c03956a268318519d6839305144cd07c44f339f42d90fe772bd6
CIFAR10_alpha-0.1_K-3_seed-43,CIFAR10,dirichlet,0.1,3,43,5,True,True,True,True,aec02d7ad8651608a8251920f8118b1500e3d00df664b3a1b0ae9ca17db50468,5ace0d94a3417d66ec8bccb891237a1be9e5dee69efa988f7a832baa15162d65
CIFAR10_alpha-0.1_K-3_seed-44,CIFAR10,dirichlet,0.1,3,44,5,True,True,True,True,da65566de7ef77f495ee3dd947e477603cc674ab66a5bdcb2819b283fcbbfa2a,a23a8b66bd4844864deece68bfcac157b316d6573a32df6365c07fc7f7c7752f
CIFAR10_alpha-0.1_K-3_seed-45,CIFAR10,dirichlet,0.1,3,45,5,True,True,True,True,4e7fb0cda7b4d5bf8d92ee625a28eee1ebb9d4bc02235cf313a1e73a8787e608,2aa594b5b6c7e90030777d971f47ddcaab24a5fbd1cb14f64674bcfc63794f00
CIFAR10_alpha-0.1_K-3_seed-46,CIFAR10,dirichlet,0.1,3,46,5,True,True,True,True,e261d0b284e3d2717ce5fb2405ba60aa28564375ef8ef4919627fb06f4f054e7,f9f0e5f15a1aeb8364f563e354d740bc9d275e833088a01bc4aeeb8e7bda9ce2
CIFAR10_alpha-0.1_K-3_seed-47,CIFAR10,dirichlet,0.1,3,47,5,True,True,True,True,5674ed5c1021ea0760c835e627b16cd3eb2872cf3efabc7c6a3a5355d15e16de,f544cc5b46d169c9f5581814016a181cd77ece7f04dbaa6e0cad05401ac01269
CIFAR10_alpha-0.1_K-3_seed-48,CIFAR10,dirichlet,0.1,3,48,5,True,True,True,True,17225b8d81c570c8c17538074cb6e86edb489913de8d9ea49b7872433344af92,e4d389c996447170a35431e24a91e93f23d0de50fa43623800199dd5901be1f2
CIFAR10_alpha-0.1_K-3_seed-49,CIFAR10,dirichlet,0.1,3,49,5,True,True,True,True,20bc7da862e917637b6980e86e2b265bdb55a7ac1f340ca4368fe58687fe504f,28c37afd2e796d6ffb101c06300502c33f039bf4227c75aa92f16a24c731402a
CIFAR10_alpha-0.1_K-3_seed-50,CIFAR10,dirichlet,0.1,3,50,5,True,True,True,True,c6c75472ca0d9f8b3eebc83b5ea93ac9bfe156c6a4a1faadfe23342740d5a2f3,d0c134b73331dd1d0eea7e29c0e6c48a46e28355e69e223ff7d935cc1c836cbe
CIFAR10_alpha-0.1_K-3_seed-51,CIFAR10,dirichlet,0.1,3,51,5,True,True,True,True,0d5b01539a58b6026b1e72b1ef77683ba373ba55b1b64a1f23ed13dde103b320,3fc5871faec94fbfaae256c08351e2fa3dcd6ab341d89511347349cc8a54a5db
CIFAR10_alpha-0.1_K-3_seed-52,CIFAR10,dirichlet,0.1,3,52,5,True,True,True,True,0a301d7e208f93f31b46209002b668daaa0ec6ab7fd522b7843157f317ad4bbc,3ebf48f2385498cd4d97c7212a41b6d40a9bb60f73b0504149e2183e26ac77cb
CIFAR10_alpha-0.1_K-3_seed-53,CIFAR10,dirichlet,0.1,3,53,5,True,True,True,True,ab4d302517d530510f275cf1bde0de2d7503c8e1d86d3cd5a03c5490b872085c,d50dc93a531169efca314933c48be99c17b5158503b62936ad4256b9b1362f4a
CIFAR10_alpha-0.1_K-3_seed-54,CIFAR10,dirichlet,0.1,3,54,5,True,True,True,True,70115d1866d1e1d6a49f96fda88c8c0b51e2d5f139f1245fb0d6c28071b88e61,f65ae4676c5e0fe86af8505c5cba812ed97c7d36d4e99a4c80d2f5d383e753a4
CIFAR10_alpha-0.1_K-3_seed-55,CIFAR10,dirichlet,0.1,3,55,5,True,True,True,True,044c8bf2911a8c0ae3555f51e0435aadd911e5dab06cd897ac404dec43b08d9e,f2d2aee7a74270006338cd8a344e4a67ad3f42d5222b12864309cca94a06ea3c
CIFAR10_alpha-0.1_K-3_seed-56,CIFAR10,dirichlet,0.1,3,56,5,True,True,True,True,9ef5a7d7ed2f9a110358df05fed90fbbb02d15a7a4b1a540d29bd901b5ea95c0,3bb6713af2339a65e5c9bcf83f8ad8a81efbbab195101278b34f427096132beb
CIFAR10_alpha-0.1_K-3_seed-57,CIFAR10,dirichlet,0.1,3,57,5,True,True,True,True,cf602e83ebeb29d7413a1faaef6341ee838fbbcc839df2a202ed53496115fb45,e39b4dd6ca9c8902af3f54e21328084f8ebb374b7db2eacda58b0cb95f82eadc
CIFAR10_alpha-0.1_K-3_seed-58,CIFAR10,dirichlet,0.1,3,58,5,True,True,True,True,9e5b8cbdc465f948022c8786f9939b0b06e1377a1e91da979750a955b471c31e,3d784317d534af627489c79f55fc4f3585190abfc83dd6511efdd23c3cea1ef7
CIFAR10_alpha-0.1_K-3_seed-59,CIFAR10,dirichlet,0.1,3,59,5,True,True,True,True,5d8bf7724690cbdeaa7a62f3dd0b198970288d2692874e45a2f4680649875276,08a47481de9ab4a37c30c7387dfdf787dbab542602eba69b5481d58226b01855
CIFAR10_alpha-0.1_K-3_seed-60,CIFAR10,dirichlet,0.1,3,60,5,True,True,True,True,bd0ba329f5f1630af58804eff5e55f0850bc5e3b45ee6417aa7d40d1867ec24e,3bbde2246dd2fda2377f9e28a225a56b534a1f20a8eca5118d9df9aec8635a3b
CIFAR10_alpha-0.1_K-3_seed-61,CIFAR10,dirichlet,0.1,3,61,5,True,True,True,True,a33bd14eb7a24379557b29c4703cfe0b2dacc69d605dcf5294970ef74b603436,7e1a47e19a7596f9f530ca7aa102a032c277a3af5f635e5e278a7b2166944dac
CIFAR10_alpha-0.1_K-3_seed-62,CIFAR10,dirichlet,0.1,3,62,5,True,True,True,True,e25373085c316f15a1174ab144827810c24d7e581e8b785c9e76d788afb9f8e0,59a97060c99525b9fbdf3ea86c7a237f6636d530c681f1d40b82160437dc3b5c
CIFAR10_alpha-0.1_K-3_seed-63,CIFAR10,dirichlet,0.1,3,63,5,True,True,True,True,eb24de458b85b63349ea57ddf45a3628430d2306603627140bb39d0a8427528a,e842e1e1d4bf9b90fd7df03f3458609917226bcc71b0da471273caf4e3b3aa5f
CIFAR10_alpha-0.1_K-3_seed-64,CIFAR10,dirichlet,0.1,3,64,5,True,True,True,True,dcc30755b7bc4616576e2c0647299aa5d00baaeb84afc254326c818f883c47e4,dafa6cd92917cbe6875b1df6c857a2e904f5858f9fec70222ccf4cf05c61fd3d
CIFAR10_alpha-0.1_K-3_seed-65,CIFAR10,dirichlet,0.1,3,65,5,True,True,True,True,abee18348f97609cd70d4044b45916ca30dcbd3f2b3499e8a986a9f0df07870b,694213fd00b15b98f18eec5019dcf9f2290d2c76bdc76843eaa4fa8c0efc0307
CIFAR10_alpha-0.1_K-3_seed-66,CIFAR10,dirichlet,0.1,3,66,5,True,True,True,True,3f6f3d55a8f57fb562f2c5a1ae5c541f821adf3ad969c2987eeb50194db944be,1d93f80671597553bf0532745d19f2f0ac4ad401cec3952585470f6461976771
CIFAR10_alpha-0.1_K-3_seed-67,CIFAR10,dirichlet,0.1,3,67,5,True,True,True,True,926c8081f936bd6e748085f389a220d9d1f2f5ba64fd3bb0a8569c757ef9081a,994d5570270ec11c7eef5b0fcfbcfaf5ad17c13f65c03046c1c61ef6bb1693d5
CIFAR10_alpha-0.1_K-3_seed-68,CIFAR10,dirichlet,0.1,3,68,5,True,True,True,True,726f634cb92c29044b042aae58eb974b1c36c95dfd52a586b5a6ea5addcc3480,f16375bbfde2d8afccb8920eb24647135b0bd7d87bb053455fd7845c5ab098b3
CIFAR10_alpha-0.1_K-3_seed-69,CIFAR10,dirichlet,0.1,3,69,5,True,True,True,True,90adf7c0527af5649327f20844d0c85c4f023dff94c7094d0176d0656d603994,371e549b687c3a9b51cf23da0b38b789659a65bafd62d8a51f8d56415116b1f6
CIFAR10_alpha-0.1_K-3_seed-70,CIFAR10,dirichlet,0.1,3,70,5,True,True,True,True,2c7d6401f90c03a1c213b4376b3dd34de6ad2c8222d9e37625c4b4a99658b879,b89fda8faf8392d34b00ebbecd20697f77761bcb4ed711ee2a9317aeb15633e2
CIFAR10_alpha-0.1_K-3_seed-71,CIFAR10,dirichlet,0.1,3,71,5,True,True,True,True,4912b1657fbf40312d1d09b6af288fe33832f4dbaea69d28a3a761efdaa0381a,614d847e1829227d88bc6a35d771dd13e84da8d9a76871d7bb5a2157b49a0760
CIFAR10_alpha-0.1_K-5_seed-42,CIFAR10,dirichlet,0.1,5,42,5,True,True,True,True,edde472b39a93caf97ab5ad3a8916987dd08821bbc8e9448a12d00f669952d27,dad24577ae7d4a14f5d416d1fbfe1d1c6c25969338cbec46a9c70eff646fbda6
CIFAR10_alpha-0.1_K-5_seed-43,CIFAR10,dirichlet,0.1,5,43,5,True,True,True,True,0a98707819e54cfd30027293ec5ec2853cc4e73e44883fcff763600887f23c21,4ca3c46b70119e6ce99029071dcdcc6c5c4865f8d0da86636385912e5913764f
CIFAR10_alpha-0.1_K-5_seed-44,CIFAR10,dirichlet,0.1,5,44,5,True,True,True,True,52bfb36d6b5daeecca6d5e79845ccbcc208c0440830a192953868a8d4b5a1290,2671721071d124e5b760fecbea7a20e69fb2f806001d7b09c29a3b6ba7876990
CIFAR10_alpha-0.1_K-5_seed-45,CIFAR10,dirichlet,0.1,5,45,5,True,True,True,True,c412d355d432daadde4e6da4a934c1f07525dafea772df182425d44bfe633be2,7beb60ee93ea3cc24db5c04a8c23f5b3f374089b442135c5972e27b31f28c3a9
CIFAR10_alpha-0.1_K-5_seed-46,CIFAR10,dirichlet,0.1,5,46,5,True,True,True,True,9673d84cd3d43297c00bebd3f463784892b68781338dc382f3de7e3675c92de3,ba8661803091291b3cb65c1e9ff14b8e3493c3ad1f43bb20a792e6c01e30da49
CIFAR10_alpha-0.1_K-5_seed-47,CIFAR10,dirichlet,0.1,5,47,5,True,True,True,True,625341e28696027707162f4fc84da85abf10d934909508d135f67abb427a8df8,36c05725ec853675da76b1a29522e71cd813b530e5640b56e77267d938f66cd2
CIFAR10_alpha-0.1_K-5_seed-48,CIFAR10,dirichlet,0.1,5,48,5,True,True,True,True,fdccd6bbebc428b9cb43fcafb26a6f8c8a2705d7bf6cbdaddc31442851389691,994360087be5a0022cabed8ce55817c9d42da435992a4bb27660ea2a29726ab0
CIFAR10_alpha-0.1_K-5_seed-49,CIFAR10,dirichlet,0.1,5,49,5,True,True,True,True,3527f014048289ab8edff5d1d15a23fb8992f51302e7d7c8be01034d090b22c0,27bda740bbe53d2f7472e4164303679a632ecf8d4b70be2c219cf99043cf7184
CIFAR10_alpha-0.1_K-5_seed-50,CIFAR10,dirichlet,0.1,5,50,5,True,True,True,True,25a157962e8c11021f896781bf27842e973a99ea195f9d43c58dd64b357d2c1a,8676c35965f25e2a3833ffee6b6de1f02ca70458fec633a8ae9f9c6b54e26417
CIFAR10_alpha-0.1_K-5_seed-51,CIFAR10,dirichlet,0.1,5,51,5,True,True,True,True,4a6b7024fdb989bc1f68f3b03f2652747005ccb7418755517172941f14df731d,31185c7b47c9e985172cc0e64c9180fe2f2cd74f2c3d1cf4f5cf481b165e1392
CIFAR10_alpha-0.1_K-5_seed-52,CIFAR10,dirichlet,0.1,5,52,5,True,True,True,True,f73b6d4bf447358c6ad7e03c337aecd1d6dbd9f9d9158ef4cf058fb8e67a1949,ce28ad7b6818ed2cd74f08c0a14826f4a4ad579e58ff6e33b3512d164c8b185d
CIFAR10_alpha-0.1_K-5_seed-53,CIFAR10,dirichlet,0.1,5,53,5,True,True,True,True,f92cf8c96879735ba1db806b808c5e1507f344a73ff5cd27160c71256ae963de,c60ab8ee8306fc4b1030507ef0df9b710bceea77a862f2d4ce86eceb06a8b1fb
CIFAR10_alpha-0.1_K-5_seed-54,CIFAR10,dirichlet,0.1,5,54,5,True,True,True,True,732874fba8ac56de4ff6f9d6a727b5bb10ca4ab4968cdfb7c50686e13193eedc,4401708b8a19f5adcc5fd3bec36ed124cd7f8f2830c492ee0487e90879215634
CIFAR10_alpha-0.1_K-5_seed-55,CIFAR10,dirichlet,0.1,5,55,5,True,True,True,True,ec1521574071ad3002b21b95fa0c35daa308b4596d24dc6ce6e505fe2040a1a8,03ec13eb9141e61cdcd2a435fab702a63d0874935e262253b0bee2ffd1eb833c
CIFAR10_alpha-0.1_K-5_seed-56,CIFAR10,dirichlet,0.1,5,56,5,True,True,True,True,926030240ebecb6473a9aaefaa9c04e599b37bcea4cd689b5bdf7e53a225d748,345295b813dd79c823276d325fdbfece08a7410633037857f324ebf248f4d888
CIFAR10_alpha-0.1_K-5_seed-57,CIFAR10,dirichlet,0.1,5,57,5,True,True,True,True,c5eac563eb3a7c6e6f79c8b209b3dc8a69dda0064d715183139057347cb8a25a,4e9abb875cb5758bd761b9e5c7479f53ee932fa627ddd0fa775a8035f1ea65e2
CIFAR10_alpha-0.1_K-5_seed-58,CIFAR10,dirichlet,0.1,5,58,5,True,True,True,True,db556bb2afee0ed24fc480f8ab53d6a7e75d1d2577df0f2ccf85eff067516426,2aca31d6e9e8f2da6fa48bff14024f99d66d87c66d1ea5105b151dae1b2186b8
CIFAR10_alpha-0.1_K-5_seed-59,CIFAR10,dirichlet,0.1,5,59,5,True,True,True,True,65f4f431d4009865aa09f3a2110c725a92ce6fc01286646090874b8e4bd32c5c,d20b670758da00ab87cbd8dfa46dde05e72214fc5ebf0b7646763a0be8c89197
CIFAR10_alpha-0.1_K-5_seed-60,CIFAR10,dirichlet,0.1,5,60,5,True,True,True,True,3ec022a1d485403c698552bfefe338eefdeec5b3e4b9a9afb9dc302587c2f3f1,8cd94957de19af268cb1649a576de40d1d2f9e530dd8866c01ed2cab2278e4ea
CIFAR10_alpha-0.1_K-5_seed-61,CIFAR10,dirichlet,0.1,5,61,5,True,True,True,True,cad559ad9839f14720576a1079af40d65d6f7f6abc497808d44e4f258a9b35a5,331b188eb626e1e41ae5bdb8ed0e04c0fee14257d8641affadc73e59052bae42
CIFAR10_alpha-0.1_K-5_seed-62,CIFAR10,dirichlet,0.1,5,62,5,True,True,True,True,44ab203206881330b5e6e71b36124d32acfb629e31f3d397d521ba5c18bc67af,32d07a950d4a82f2a60f414ed6bc736a5b3fadded60503030bc51a300b66c93a
CIFAR10_alpha-0.1_K-5_seed-63,CIFAR10,dirichlet,0.1,5,63,5,True,True,True,True,a4e00e5e3a5a056ce2b14e1c6e2fca32ff894f88e3fca8bed8af08824ff9ef10,37d4ba49f74b058c0822ae6bf98a1388f8a6d1d651875b4c6bee9745a60c87a8
CIFAR10_alpha-0.1_K-5_seed-64,CIFAR10,dirichlet,0.1,5,64,5,True,True,True,True,25a4b14ac1f15f06a3b4ed72f7a8e18ed2bccb262a7757c64500a0ef406e0ded,4a0acf02751680dbf0909d5fda5d6283402f42176255d1c438b2b56995f0120e
CIFAR10_alpha-0.1_K-5_seed-65,CIFAR10,dirichlet,0.1,5,65,5,True,True,True,True,6a1a43f43c16c1604fbeafa0fbf6d78436cc45e0b6709af80cca0d9b34001b6b,9d7d8c0991c86a002a64a5b3da2d12408628d11fc7495e98e2e2a04002d9501c
CIFAR10_alpha-0.1_K-5_seed-66,CIFAR10,dirichlet,0.1,5,66,5,True,True,True,True,a01a96e088141795239b7f1231a3106e2efdb9c5a6bca7d64e8d7f74e5616bd3,d2c7fe048ba5163a5e45f3fe33a12605547a0780e45b9040aa478895eb478b2e
CIFAR10_alpha-0.1_K-5_seed-67,CIFAR10,dirichlet,0.1,5,67,5,True,True,True,True,6b854d167639cb55e379f705f076617a3107ebb3ea1eb69a7f497b034f43a4af,22dcdaa9ba7e9646da39b85d91d4075e28eb4270d0e642c4eab03f4e468a0261
CIFAR10_alpha-0.1_K-5_seed-68,CIFAR10,dirichlet,0.1,5,68,5,True,True,True,True,af9c210cb1c5f98f46fba1a6b238eae5624ca6da2c98aeb44ae92dd561829378,7a52a65e059ce1be60e7911bc381781a48005fe4ae6a72124145c8c2d7912d81
CIFAR10_alpha-0.1_K-5_seed-69,CIFAR10,dirichlet,0.1,5,69,5,True,True,True,True,d86d8cf81dda1175df7eccb30c35efe2eb15bc363ee1999c61aa1eb8e4d55156,0564df48832cffb629838c9054e24450dc32ec7e8514c48dcbab5737e40b6674
CIFAR10_alpha-0.1_K-5_seed-70,CIFAR10,dirichlet,0.1,5,70,5,True,True,True,True,89da9d550bb5419e873ad87b1056551689e39b36a2bc00523ecd1552f870dff4,6d96646d9a3f9314a71bc9ee535ef32fc2620541631f79df3934f95ab77cd253
CIFAR10_alpha-0.1_K-5_seed-71,CIFAR10,dirichlet,0.1,5,71,5,True,True,True,True,c55bb57478441f9a6223ebb43147e3781860d1344c8f1f5370560e0d41b98993,28b96d4f26535953d6dd0f1573e0a26ac113f0dbd9e462f1d9f1158e98b89799
CIFAR10_alpha-0.1_K-10_seed-42,CIFAR10,dirichlet,0.1,10,42,5,True,True,True,True,d372c35ac2add5a671bb782d2d9d1c3784078299bb44685f2b5b0fa76a6e20b5,5bb5fd890278a0d89e4eff38999054d8b6c1d1c6459ac4ec1f0f22edc8220535
CIFAR10_alpha-0.1_K-10_seed-43,CIFAR10,dirichlet,0.1,10,43,5,True,True,True,True,e6e70cb2d04009254a716cfc8c1d83f4866eab417ba056a71844e7aca47aa6aa,0bb5255ce7db4ff95cb074896f6f06d5cbaabb531efb332b32b46abebf621103
CIFAR10_alpha-0.1_K-10_seed-44,CIFAR10,dirichlet,0.1,10,44,5,True,True,True,True,f133c17a87ecc76387087c3a219a9c16199b20176c8486b76a00e2ebfa8d348b,722e6dac0b919c8fe7f6972af3e4ca891ef4e271ec83cecfd2327dfe8190149a
CIFAR10_alpha-0.1_K-10_seed-45,CIFAR10,dirichlet,0.1,10,45,5,True,True,True,True,854b386c77a8496caf6748b7b3aed4e3c9ed1672d8e274afb9ab324aca74d63b,f7065c7c59d6d3969ad41ca686fb63e6772c853134dba57b9af172d412dd8ba8
CIFAR10_alpha-0.1_K-10_seed-46,CIFAR10,dirichlet,0.1,10,46,5,True,True,True,True,4115c09d91518a3f5a97e9b6af3d99b7c39d1830e6247f7eea0a558ee1aabd6e,da917b67a799d018b7c337511e9ac29d960cd10a805e8aba761208a239dd8207
CIFAR10_alpha-0.1_K-10_seed-47,CIFAR10,dirichlet,0.1,10,47,5,True,True,True,True,504ea80789c535fba6f088bfc28ca2e277ef2133ffda4f121ed7714558aa26c2,2e6ca9dbefef3d63d080f5fb98abba456aea7849415b8bc177b8f8a9ec0b1e06
CIFAR10_alpha-0.1_K-10_seed-48,CIFAR10,dirichlet,0.1,10,48,5,True,True,True,True,c9f07216f21e1747da72fb760c473a1294cf2f558b3f55cb403d5f654063ae39,774420267fcffc3d8b9ea4345cc6484c1de15155dc893a9920696955e55a659a
CIFAR10_alpha-0.1_K-10_seed-49,CIFAR10,dirichlet,0.1,10,49,5,True,True,True,True,18f9dffb6898dcf5bdcf0ef845cd8ee13bae12a5a39c65d615c63d336209f637,4369575287977a86faf8943e45b9582e1165bcc9c9ca884145fcab57b903bd73
CIFAR10_alpha-0.1_K-10_seed-50,CIFAR10,dirichlet,0.1,10,50,5,True,True,True,True,5bc8f5894eb253f57f26eaf99bd9b5376e8df2421a648da3c8ba8fbb44922e64,23b760f512556ca175591fb9ea90c8c6aad7c0c3049ee9e5257ed437f38afdad
CIFAR10_alpha-0.1_K-10_seed-51,CIFAR10,dirichlet,0.1,10,51,5,True,True,True,True,7728c5404ec3b4594e625ab3a7b7c06dd7eb37daca9441d1c736bc032e70aea1,6b0fce3d78676df762a16ce8c69c526a1db53d727dc0a88f4b7a42d0a709894a
CIFAR10_alpha-0.1_K-10_seed-52,CIFAR10,dirichlet,0.1,10,52,5,True,True,True,True,a6f7e2067ccc1bf21e1bc29c05d88eecae03d5585e032f01a274362fed15f316,c02a9bbcfee280a7cce6220668311de9354b376aa8ac9ae55b555644457e30b5
CIFAR10_alpha-0.1_K-10_seed-53,CIFAR10,dirichlet,0.1,10,53,5,True,True,True,True,b37496b6eaf6103eaf61f2731dac9dc8979c372ecf6a57c10b85568a2448fba3,e38c0f9a41bfd11e2a14405786d9a7cb77e9c6c0c55e85e7c7857f79011a5192
CIFAR10_alpha-0.1_K-10_seed-54,CIFAR10,dirichlet,0.1,10,54,5,True,True,True,True,31fb43c6d0868f1a18d94009c037c8724c77ecf9c9f04991c425bc966a54650e,f42b843b6cb6bcbbc6ec8d32d5b51e7409aa388438d65c8d4a3b6436c6fcc51a
CIFAR10_alpha-0.1_K-10_seed-55,CIFAR10,dirichlet,0.1,10,55,5,True,True,True,True,63b6d93f4c87d87a9438773d8cf578f934e44b279e1f114cea9a25f73bbf2bfa,52202d92e484344d03e5d1ed523b9879c956516681c58b15c4d8f50ced240714
CIFAR10_alpha-0.1_K-10_seed-56,CIFAR10,dirichlet,0.1,10,56,5,True,True,True,True,532229ec29bfe86d253cde176e60c62db8c5d4482836edc4989c542659264e60,364b056ad32c2ea97b76d475401deacde7f57f14533be00e11ca11e18eede41c
CIFAR10_alpha-0.1_K-10_seed-57,CIFAR10,dirichlet,0.1,10,57,5,True,True,True,True,31bfc3a0e386074a840ee7cfe1f83b860770bc8bd0af59173c32ce317b6deeee,a6aebe34dbde582cbe4e5b15e5a362fcb759c0cbf0ec8d150e3c9a1e0064b382
CIFAR10_alpha-0.1_K-10_seed-58,CIFAR10,dirichlet,0.1,10,58,5,True,True,True,True,b01c37aa9a512df3dfbad9783f503a7241918a57259a4abd88dbfbe8b111135e,c1e4580622fbc17a2a935497ed6d184504dff34e150db9232cc002d287b69a18
CIFAR10_alpha-0.1_K-10_seed-59,CIFAR10,dirichlet,0.1,10,59,5,True,True,True,True,1bfff5c8d9652323a5a0556afae754d1dd378db975b649ab5d7c36e8e97749d6,9591a09c75bbf6eaf5f7903879549b6c14645c8b1c17cababe9955980bf3f37a
CIFAR10_alpha-0.1_K-10_seed-60,CIFAR10,dirichlet,0.1,10,60,5,True,True,True,True,bce972e9d00aeb0140627d05c722d2b63d4ba31a4538a6b2a121c2c9ee95f151,3977cdbbb74bb4edcef15f243883a43134602e91fb27445dbc17ccf2104470cb
CIFAR10_alpha-0.1_K-10_seed-61,CIFAR10,dirichlet,0.1,10,61,5,True,True,True,True,86f1ed58025ed2d5f73d667e50e6ba332cffa33a3597d0c4d5a8d04cc8fb48ae,497f9016e72eaf2fc00da5fbb3a5ff16730ca5a1f0a7199f090cc71b5aecd15f
CIFAR10_alpha-0.1_K-10_seed-62,CIFAR10,dirichlet,0.1,10,62,5,True,True,True,True,d6bc37fd1ed306bb00cb77a047e7da3f26fd34ace760a8a279acb0296382f4c7,4a0d223774c94887f164ef382a64ef03e26847f2e6a94c039f57e460c96f2795
CIFAR10_alpha-0.1_K-10_seed-63,CIFAR10,dirichlet,0.1,10,63,5,True,True,True,True,70c36918969399bd67e689ae831db3e60cdb715e5f55cf7a0960b95addd2bd38,db0fce35bcd3ff84ee5ca99c29e28b04cf7a5b3812c8ab6dd3d331a3ec4ef542
CIFAR10_alpha-0.1_K-10_seed-64,CIFAR10,dirichlet,0.1,10,64,5,True,True,True,True,b05b513a942b8c045b4c197c1bb0db31aaab6bec87e9cc5daa245bf17d38d3e9,e10c5e8d9f25e8c668499028827803f0caed6644f7ce8c37a95d8ade1d00b414
CIFAR10_alpha-0.1_K-10_seed-65,CIFAR10,dirichlet,0.1,10,65,5,True,True,True,True,0e1d4db876ef9c4166c8c5a00be9b2262c2d6f8c27400a81290d2f40b243561f,f6b5b15568df85e8b31cf1da14ca135619d953537a2499138a37afef010c51ab
CIFAR10_alpha-0.1_K-10_seed-66,CIFAR10,dirichlet,0.1,10,66,5,True,True,True,True,fdc577d26ca2d346fa0369514581abbdcb4f7f81ccaa4692ff2dc8276b6bf9d4,f292c6929cf22a3b4d7857e2da99ac7cd0d7132ed13c294f73eb1c6d666f95ae
CIFAR10_alpha-0.1_K-10_seed-67,CIFAR10,dirichlet,0.1,10,67,5,True,True,True,True,5de4f74fbca163e714577d0d12a4939908b556716089b1f3f9a7d7c359ab7283,2da29b2ef7bdc6a5a319e6923e4fdb669e4da28bb6b9e4ffce2981ee29726112
CIFAR10_alpha-0.1_K-10_seed-68,CIFAR10,dirichlet,0.1,10,68,5,True,True,True,True,c93ec097e32152189fa8c83b3b4307322b21ecd32c371ca272cccff62667c6a0,9c07a8a0eec314e0e124da004da8bb1a62a2d2ff90f91ace1236e4a02b4513e9
CIFAR10_alpha-0.1_K-10_seed-69,CIFAR10,dirichlet,0.1,10,69,5,True,True,True,True,b4f3b94e70045ca908cbea240cc0bad555acda813abad38832dfd4d87215f96e,7f4f941bef92e3698e1812b50497b1e551a3c88dbb93fe392bef00e8ad19b6bf
CIFAR10_alpha-0.1_K-10_seed-70,CIFAR10,dirichlet,0.1,10,70,5,True,True,True,True,00b54f2e955281c4e649d37924abe609664dfbead87a806351658abb8181e03c,0c524d9e634bbf5cf61b0ec4f50a3a173988d516c69075581e33781c5bfd7c66
CIFAR10_alpha-0.1_K-10_seed-71,CIFAR10,dirichlet,0.1,10,71,5,True,True,True,True,f3ebc37636f54b5aefdb9325fe0da9663a044df3403cbc7513876bacaad39d57,c2e6b8571295f2f0cde812e4681cfbd9542cab67f82a56a081bdd14e4b4b4296
CIFAR10_alpha-0.01_K-3_seed-42,CIFAR10,dirichlet,0.01,3,42,5,True,True,True,True,e50780dbcdd8b4e94736db5eb23498238adfc0c90a711889da3259f62573f31d,e57b87a30a06926af4a6f7ebac16ce798d105cc9a8c0d4ea7daf55b12b23796d
CIFAR10_alpha-0.01_K-3_seed-43,CIFAR10,dirichlet,0.01,3,43,5,True,True,True,True,76976f78a2067eb9b242759ee0a67b0f965ea0b5cb241ff31e8ea3bcb1113393,9cab6dde98c9ad9566485d6a33cc9bc27b8147707c65c1a69088dda5900c6bae
CIFAR10_alpha-0.01_K-3_seed-44,CIFAR10,dirichlet,0.01,3,44,5,True,True,True,True,59fe3dad48b8da551bae1bd25b0eaaee93311a12e2f51a9f512139d551a6e5b6,fd212b805a8ba7ca4663172dd312438dcf1518298647aedf05a21a93fe11297a
CIFAR10_alpha-0.01_K-3_seed-45,CIFAR10,dirichlet,0.01,3,45,5,True,True,True,True,b2c3ef71f5fefc84498ae6ba286b592df3494bd741dd611848dbfb19ceef1994,7d680fecae955a103d2845a4f7a6ccecaa2da6bd8acb5889c255ca9187a2d7a2
CIFAR10_alpha-0.01_K-3_seed-46,CIFAR10,dirichlet,0.01,3,46,5,True,True,True,True,23533e3918363331ba1215bc949f8e259faf8c3bcd2dc65eed87856521bd7c2c,ccd9f9325151f0f1ef11b3a7eabb1e62a57c753fbb456625656a95e418eb72ab
CIFAR10_alpha-0.01_K-3_seed-47,CIFAR10,dirichlet,0.01,3,47,5,True,True,True,True,c68049512577adc1c59ece7aa74ea8375efbd7516f887e9ff002dfecd6c9df36,f528f0e4386e6c6de7a813583cf61bbf828e15dcd724ac8d7eb1be139b045394
CIFAR10_alpha-0.01_K-3_seed-48,CIFAR10,dirichlet,0.01,3,48,5,True,True,True,True,a9f1ac2fb34a4d448b97c9376310febad7adecc25f022c1ac19193ff489f5a7a,72adfd6dbd85da336e9409b5f204d757bb39cab79dd8c4d51c6394c9de9858d5
CIFAR10_alpha-0.01_K-3_seed-49,CIFAR10,dirichlet,0.01,3,49,5,True,True,True,True,f4afb0153ace8c332f68a99e6968d9a8d5f072dd0f8e588a4da8f8d2e871f3e3,6238b3c312790303f36c1fa48e349b547cec960d3b126f71e5ef644ac533777a
CIFAR10_alpha-0.01_K-3_seed-50,CIFAR10,dirichlet,0.01,3,50,5,True,True,True,True,67b998e16272bbf8eea01e982a5d71668b3f25e2ab8b7f80c41ddf84511c84db,46c538e9ac66001d6667f4ba3c6700404adb2fd9c2013dbf5801e69c65cf70b8
CIFAR10_alpha-0.01_K-3_seed-51,CIFAR10,dirichlet,0.01,3,51,5,True,True,True,True,f54688993f1523223168b7b5d1edf39336f94a5f5925f2e15c784893e1f2f2a7,3792fe1eeea0020f88f8441abc930d3ba91ab85f154e04d078d0e75bb33b978a
CIFAR10_alpha-0.01_K-3_seed-52,CIFAR10,dirichlet,0.01,3,52,5,True,True,True,True,7f5c6f450f8eb8af6e1cc3ffe04f4dc56e1744c803edb0d94f789accaab28ed5,6d16fcd47343852bb5ae38aaa7d157d447c526defe7c3a915da0dd3978d0a003
CIFAR10_alpha-0.01_K-3_seed-53,CIFAR10,dirichlet,0.01,3,53,5,True,True,True,True,f131ce664f542964e6d8ecb04c33d19f2fe25617fc92e3044385247a293fa6ac,c017e13859ac11517eb337dd55aa47ecce058bcd6f6a68a01d9b43f3c6f0d1e7
CIFAR10_alpha-0.01_K-3_seed-54,CIFAR10,dirichlet,0.01,3,54,5,True,True,True,True,c7b6d4fb3e2353b267e6e0e40e658a47556a7a890c58422e65a3e5735d4a41d5,5c88c7fc3408230c47ebdf81739e0b18b533f6367823e5fa4d51fe9e7b4a6f5f
CIFAR10_alpha-0.01_K-3_seed-55,CIFAR10,dirichlet,0.01,3,55,5,True,True,True,True,debdca7fdd9dc55717a5168850ee5d3a23b239a2523eb4fd0c97d87afe18d03e,75abd2209abf0ae69240459a1a0a67ab2031e447cfd69d0120d7474d786bcf63
CIFAR10_alpha-0.01_K-3_seed-56,CIFAR10,dirichlet,0.01,3,56,5,True,True,True,True,9a98a11fa83c1de24d91bf6bdc0dd316fb89ab20239ce5f4913542b4b1bd71db,79aceaf7dc81bd7fe0c0e70a35d0eeedf744789d68fa6f59cd7ae1bc65e7d8e4
CIFAR10_alpha-0.01_K-3_seed-57,CIFAR10,dirichlet,0.01,3,57,5,True,True,True,True,350ef5698675a41b894523f3733f80f290ff0aca9b76a8e62b025d4d937aa869,ebd3fd28508c27d060512420d77c497cb9c281091ae4ec831a099f76d590be48
CIFAR10_alpha-0.01_K-3_seed-58,CIFAR10,dirichlet,0.01,3,58,5,True,True,True,True,201f66e43f7db3f7054b2b1d633cc0c3ab5ae055f19a71cc31199dd4e96609e3,a3f82639e835108cbf05e16a0cd95da6a1bd9a3f800f41e493de307945928d2a
CIFAR10_alpha-0.01_K-3_seed-59,CIFAR10,dirichlet,0.01,3,59,5,True,True,True,True,63b0dd5a24f08e8e002bc6c6ad32b540a4079dcc2f16f564d60ca658b7742094,df0c939ba5d1a7cf89c09a1d3b6c341824da08943f32546d9e50d90178d03755
CIFAR10_alpha-0.01_K-3_seed-60,CIFAR10,dirichlet,0.01,3,60,5,True,True,True,True,6a82f9bb4e1ed4741325f4f616426598624f6bb7b9d4e160c41a22b6e7a1fe91,a839b169c6d0f104677936203384511a6e1545f71db9c6cf41cab80358c6428d
CIFAR10_alpha-0.01_K-3_seed-61,CIFAR10,dirichlet,0.01,3,61,5,True,True,True,True,6863c6caa466cb438486db19263d95e71326f98497ff33dd1b31900b21a03717,6b54293f6e5dd1dc584beeb3a3b686fa22f5750bde1b1a45632213cec3206502
CIFAR10_alpha-0.01_K-3_seed-62,CIFAR10,dirichlet,0.01,3,62,5,True,True,True,True,856620b0075af7a8a0637afc85570c65c04e9199b33062d2114267ba33d5177b,1f1525cfea54e01d4f58ac182b268b59d97b4cb0e75045ee367dfb6fc67d330e
CIFAR10_alpha-0.01_K-3_seed-63,CIFAR10,dirichlet,0.01,3,63,5,True,True,True,True,5f4846f9c11b1121cdb96b1b92bc995a93c3bd5c3e3bf2511fbd2e891fb3232d,550db88251cce5ce2ec6e6e15bbd3a4eb57a3b69d3181a2d8a71bf57d2c87179
CIFAR10_alpha-0.01_K-3_seed-64,CIFAR10,dirichlet,0.01,3,64,5,True,True,True,True,4d27e6c73cfd7deb41c2e2e6f9dcadde7ac59324ea5d8cf2b210f8a32913ae7b,0f73d41520396de2f2407847f3965f1083d7449b20fd0febfab7ac0cef7b7197
CIFAR10_alpha-0.01_K-3_seed-65,CIFAR10,dirichlet,0.01,3,65,5,True,True,True,True,cf8918f350baee51a869d0002981a4e7e4cbe632b2e7aad0b0e5d015ba670f21,20fe5c230231820c79b92a0786de00f8ee6620db86e308b91160bb5600734f92
CIFAR10_alpha-0.01_K-3_seed-66,CIFAR10,dirichlet,0.01,3,66,5,True,True,True,True,14f093dc29fb775827c5a657f3bfd52c976d331847eed6088a4f840670318bca,6c26fa5400ee75de13c5ad878a95ea4fac41b5a124b446662fa0801357369977
CIFAR10_alpha-0.01_K-3_seed-67,CIFAR10,dirichlet,0.01,3,67,5,True,True,True,True,b6c8f4c0d914d84ea5401e02fd46a77b5a1f42f380fdbf74bbeb277fd5e38b48,d5d6cbacfcaa456ac8576766e730ab5ebd679e049fc1f3eed7bb64a9e73f8d32
CIFAR10_alpha-0.01_K-3_seed-68,CIFAR10,dirichlet,0.01,3,68,5,True,True,True,True,54f215e308080bffc409fc3adef82b1800ab22af8f40714de70fa1e43feac62e,512fa9f36fe9e23356839e8fc3449ae41f335f25051c0bb67f5b59e52fb8142a
CIFAR10_alpha-0.01_K-3_seed-69,CIFAR10,dirichlet,0.01,3,69,5,True,True,True,True,bef270b358f5a0cec70adc69ec6102554704f6d1d40f4b53086cdd40a0f629cb,42769bf7019916e58505fab3ca21c96a3909997a72bd49eff6c1cdd4b3fd9f1f
CIFAR10_alpha-0.01_K-3_seed-70,CIFAR10,dirichlet,0.01,3,70,5,True,True,True,True,e5c4f878377fc1349e76087f5bbc6ae7f281449ce9aa8c1a08cade2adb48f7e1,5773ac079ce00a81a57f255537a8bd1f067c35f53b934819f78dc672f1bd9272
CIFAR10_alpha-0.01_K-3_seed-71,CIFAR10,dirichlet,0.01,3,71,5,True,True,True,True,7455586470a868cbc5abb529b7686dd7eb3295c13b5ec559f2eab5af86c650a1,ea15bf5b1ed1275271ae5426430501d81440722b96f6e596408a8a94476d8f98
CIFAR10_alpha-0.01_K-5_seed-42,CIFAR10,dirichlet,0.01,5,42,5,True,True,True,True,b77cb6d7414e7e86793bfca30b0aceb5627362ce578b8c93116fd46ef368e692,1b324c2893d2ac660f1731ddfdfa8d4483467a4643dd42123430735feaef9e64
CIFAR10_alpha-0.01_K-5_seed-43,CIFAR10,dirichlet,0.01,5,43,5,True,True,True,True,9dd169657ba7370a48fa13ca6eede6edd9688f0406d1ff094557c8f87ec405d8,b3afc95a9a075a368d407df3e5d1b922f6542e73a4909684325611c905390b21
CIFAR10_alpha-0.01_K-5_seed-44,CIFAR10,dirichlet,0.01,5,44,5,True,True,True,True,292956e02b501743761d421c45a440ce6228e0dbeb20a944cdd908d9ced223b3,07d24738fde6d854c9beabcaf721f9f27294bdd035ac73fa0852220fbbcb9489
CIFAR10_alpha-0.01_K-5_seed-45,CIFAR10,dirichlet,0.01,5,45,5,True,True,True,True,1d579584efb214340df9522cfbc5c620939feee446c4126ab5b68d5634dd1e8d,bf5b89389c76f2ccf973a35c0e927ca35a3180c759f556dc74281c53cd11e76a
CIFAR10_alpha-0.01_K-5_seed-46,CIFAR10,dirichlet,0.01,5,46,5,True,True,True,True,aa8289ae2cd828bfc8520c2de1d219072e8733198d4ccbe8679cd8d3baeae735,62f178e4605dca67a82024abd136fcbccefb0b7f41e7cd0a4b1e25b3d8af2735
CIFAR10_alpha-0.01_K-5_seed-47,CIFAR10,dirichlet,0.01,5,47,5,True,True,True,True,b5f74789e0efa63e58cb38bf7f061687032b866b5abbd8162ccad794cde09d4b,7b2fec8814e72356d077710213e45d5d1a8c042daf19bf7ee18b334e3a51dbd0
CIFAR10_alpha-0.01_K-5_seed-48,CIFAR10,dirichlet,0.01,5,48,5,True,True,True,True,86bb03eda57a3174410a22bcd8e3bef48fb862b29cec1bd662c682370fcf11fb,bc5910fdfaa547d43e6cfd579b7a562dc67e634083927a7cb0f1b77520d2dea4
CIFAR10_alpha-0.01_K-5_seed-49,CIFAR10,dirichlet,0.01,5,49,5,True,True,True,True,5ae41ee329db991956f699cd2b38085bcdfbb0454623e714f00be12d82d15c18,3a749733385b36796fc77c101d106bcdde1b9ee96b21ba48f6024ab719275c1f
CIFAR10_alpha-0.01_K-5_seed-50,CIFAR10,dirichlet,0.01,5,50,5,True,True,True,True,693a6872f4a7ebde0a5626befc6ddd26ba0f74c01245687af832e1172ecdbca6,0b6742ae0813d8cc8c03e0452dce0fc1da32b2799f808f55c433bfcc983ba2af
CIFAR10_alpha-0.01_K-5_seed-51,CIFAR10,dirichlet,0.01,5,51,5,True,True,True,True,cbd336710892d7dd6ed8ac93f52ac891e97d5a586a519ac18b3eda1761277b7c,66b46e2b0cfc74afc1aa878acc8f9a033848adf04d4f8a19e93a91c178016988
CIFAR10_alpha-0.01_K-5_seed-52,CIFAR10,dirichlet,0.01,5,52,5,True,True,True,True,490775ab640755961d70f03223619137499b28c3c6c74b2c0fa9c5bc280d0fd9,99a19791d9fb37b58905821163afb0a5adb0f6fa2783410b3226f979bb50a561
CIFAR10_alpha-0.01_K-5_seed-53,CIFAR10,dirichlet,0.01,5,53,5,True,True,True,True,844439e36c0ae8d3c94f552db039d24379b76f2e005f73ed0f0f534b029c3e1a,0368d9e763a9a37634adb904b7a6bc770cddc3604e6f7c4c4e74827adefec81f
CIFAR10_alpha-0.01_K-5_seed-54,CIFAR10,dirichlet,0.01,5,54,5,True,True,True,True,758cdb8916624a61f23a7ae7376d793efaedd15bdc293f96987ff09843126471,3a4617154c69a1ad5c7c2a06bc9a9da9257e8fb125da35600109287fd4d27dc0
CIFAR10_alpha-0.01_K-5_seed-55,CIFAR10,dirichlet,0.01,5,55,5,True,True,True,True,00a78d2ea304fc02e4ceefcbd984adb8de3fe3843c3dfab02528d54dd795ee91,f83f87a5f5068d7dd8be92e718f80997f777201294fac73e2fa7b5eda6babb16
CIFAR10_alpha-0.01_K-5_seed-56,CIFAR10,dirichlet,0.01,5,56,5,True,True,True,True,ae77d327fcbd75efcee3cc9f13d9c45db62bee229327c1c5ba10e957dbfa79c3,809d1ccc401653906731e6360a91334fb8ca07372cf1111c50b1db7466156eae
CIFAR10_alpha-0.01_K-5_seed-57,CIFAR10,dirichlet,0.01,5,57,5,True,True,True,True,f4e3b3000ce3b38224019bf13f727c7030b0105c550ed4952d92b2f292871361,b1cf25ebd33f8dbedbbf31de4002fbf1ddea1a07c7019906fc4c1060b4531ece
CIFAR10_alpha-0.01_K-5_seed-58,CIFAR10,dirichlet,0.01,5,58,5,True,True,True,True,6a1e806de25c2b61c61314de934960d1f6018bc1668e016f45a8ea965ea9695a,ab774d385e8907ed3d7004db88ffa4139252644f2c3a3db48251985950529564
CIFAR10_alpha-0.01_K-5_seed-59,CIFAR10,dirichlet,0.01,5,59,5,True,True,True,True,d85bbe7aa7996ad0087630c368b67149cc7ecb233fb7ae6fe3d72741ba753b1f,7337d65f2f553b7d528d6d433ace63a8c7a29c86eb44b5c59862fe3be3f94998
CIFAR10_alpha-0.01_K-5_seed-60,CIFAR10,dirichlet,0.01,5,60,5,True,True,True,True,c3f446fe0270abb6b86893f04076008218abb0c064caa9ac21f60d067b00b12f,0114f673bc69429e97716ce2949622e649be047958dae251a6cb469876d499b7
CIFAR10_alpha-0.01_K-5_seed-61,CIFAR10,dirichlet,0.01,5,61,5,True,True,True,True,b70ebbe6fe96e036aa15ee30423309b97dbcc7e2c5f220dc643334f96df84c9e,a3530b2cbfebc4b05dfab012f8db9cfa15ccea304823161f5c507097e65338b5
CIFAR10_alpha-0.01_K-5_seed-62,CIFAR10,dirichlet,0.01,5,62,5,True,True,True,True,6c9611b24ef3ac7ac172218450796340740b8354cf60755c286c4218de5277d0,a47a47c6e439abb306bef22ede33bc28ae36fa8a9ccbc151ce5b39e9d98427fe
CIFAR10_alpha-0.01_K-5_seed-63,CIFAR10,dirichlet,0.01,5,63,5,True,True,True,True,e64bab3f9d422907366a0b99aa23af1be09eae9bc0a6762609fa4919e53786cb,7cc26489c4536121573576f8dbf4e80b435f38c691ad6b29106163a162afe722
CIFAR10_alpha-0.01_K-5_seed-64,CIFAR10,dirichlet,0.01,5,64,5,True,True,True,True,31f39e144d3d129f4cb48d1a75d89bf68a8683ecb96120f36846cd6fa165593b,fa9c448a17a99d6f010fda99309ee58fcb65f6385fbe1a577de1a58c69357461
CIFAR10_alpha-0.01_K-5_seed-65,CIFAR10,dirichlet,0.01,5,65,5,True,True,True,True,e9a8fe0b20bbc1785c952873667b9db14f655d85cf96e08a5e534a3d2cb43379,2a5d6820c3a0a4e0f86c2c1fc2c28127bf42f244c66abb644a17bbabbcac91d5
CIFAR10_alpha-0.01_K-5_seed-66,CIFAR10,dirichlet,0.01,5,66,5,True,True,True,True,107d5626617fb8c3e1c75abf1ca6b5edde818c0dda525f0aeb6339cb0b97ae25,4242bda1c5fd8411b9de86bb37f6e1058de02c67ed52680acff6e534a6c6f2a0
CIFAR10_alpha-0.01_K-5_seed-67,CIFAR10,dirichlet,0.01,5,67,5,True,True,True,True,55aec77ea54c7ee9e95756d120e5b9e72c1dda121f87ad3dcde9b852c684b1dc,8df54cd5c558cbe920cdd76fe95804776285c18df7d2fb612f34b3a993f923a4
CIFAR10_alpha-0.01_K-5_seed-68,CIFAR10,dirichlet,0.01,5,68,5,True,True,True,True,0b1cbfaf2527164686808077dd617044905d7054550e8090c91e646edce70665,c94e2d355b29c0a13101950d00f951ea1aba458273578b552e665190df7acf8b
CIFAR10_alpha-0.01_K-5_seed-69,CIFAR10,dirichlet,0.01,5,69,5,True,True,True,True,3d1e7ef6cb1ee5f347fe6e0eb366531a4b1d9fff5b4d1b7684bb657133815222,fba70e614829eb369b806b4c659ffedf9f4f3bb7a2ff1ad64747616e8818ee13
CIFAR10_alpha-0.01_K-5_seed-70,CIFAR10,dirichlet,0.01,5,70,5,True,True,True,True,010316045a8621b96991f0ba9e460988032337957b7d712d841f0edb0f40fe71,1ee7c53f32b878a80458b5c9d71adbe83622a5c663b69435f2d78b27d42f087c
CIFAR10_alpha-0.01_K-5_seed-71,CIFAR10,dirichlet,0.01,5,71,5,True,True,True,True,33e766024e7cb590eda46f690549b4bb30227e63674d1d132635e3ab33796bbe,2567853a5065e05dfbaba0bb99ff174f75afcb953071d6159619d3347e678a00
CIFAR10_alpha-0.01_K-10_seed-42,CIFAR10,dirichlet,0.01,10,42,5,True,True,True,True,d72599110633c3e39b4d5e305e86455973a6612e060c13a2bb86ed2fb270c2db,6278b2bf2cdf0f73ef4fb2c15d9432f00c2cdefeb63a87d6fd929f604531855f
CIFAR10_alpha-0.01_K-10_seed-43,CIFAR10,dirichlet,0.01,10,43,5,True,True,True,True,1bd0ef351afc98f2954d3c465e95aff97af8897789d8451384890d5c3eaf5f1a,f9c1b1c58793fc5e0c5d6591e999af96c8a628a8172f46de3fe94596508f2a4b
CIFAR10_alpha-0.01_K-10_seed-44,CIFAR10,dirichlet,0.01,10,44,5,True,True,True,True,6f9b4617d47435fa61cf9d7d5c61ff58551173cee1f6b0d373a7f53ed7afccef,4f7e8316bb065d393d09d41ed01168db9141009cdb1e19097e8ec05eb16bf0a2
CIFAR10_alpha-0.01_K-10_seed-45,CIFAR10,dirichlet,0.01,10,45,5,True,True,True,True,6044c318cd05bbf0c0cf31a25ed5cb8bfb9dcc2b88e1ea30e5551dab79b53497,ec555ddd1c3b997d96ccac80480dbc9bfd9e7fb58c701d49aa96bcef16f2c077
CIFAR10_alpha-0.01_K-10_seed-46,CIFAR10,dirichlet,0.01,10,46,5,True,True,True,True,2dbbee22415cb6b97d481a839cb05fb4cd5837071060e3d2d4de0f783c37e2d2,7c6eac81273f9a62543289d8e51a952a21fae310ebeb389dd0ef2b377b29a1f6
CIFAR10_alpha-0.01_K-10_seed-47,CIFAR10,dirichlet,0.01,10,47,5,True,True,True,True,9075ac378aa197c1946e1b9f27e1e9b7f4c1b444cd217ca05614bd7eccf43a4d,aa21114c376d89cb37d4445439e0ceb7aa82f5fa885cd8a670f68b5f6c8ec76e
CIFAR10_alpha-0.01_K-10_seed-48,CIFAR10,dirichlet,0.01,10,48,5,True,True,True,True,a7854bb8b284e957a215ccb6a683eef11576be348ef49e73068cf293755c42dd,b941e9742844061cdb55cb3ab1302388a170bf6ae93f32216aa37c8b9d30cbfa
CIFAR10_alpha-0.01_K-10_seed-49,CIFAR10,dirichlet,0.01,10,49,5,True,True,True,True,f7b68791dac3bcabbfbdb0a1a8c057123b1b2694fc4ca8044526784601fdb359,71a588a18e779afa26e3fd5f37e0894078fcc59adda62f4d3ff78554aa7e9ad7
CIFAR10_alpha-0.01_K-10_seed-50,CIFAR10,dirichlet,0.01,10,50,5,True,True,True,True,f9c5270da36331c90da601fea790dcd9fab3fd84e1581d2773641275b3ced388,9c6fc93cb9daa9e4bcb0e525b5baca272497136aab87e046efe37bb2ffaf9181
CIFAR10_alpha-0.01_K-10_seed-51,CIFAR10,dirichlet,0.01,10,51,5,True,True,True,True,668963d791aeb899e696316d3a020b0f8014e97c077365cf83b388fe7da2d83e,11017b781c2c99af1bad2249c374a2563ee959b3d2bd862156fe7742bb481a99
CIFAR10_alpha-0.01_K-10_seed-52,CIFAR10,dirichlet,0.01,10,52,5,True,True,True,True,89279976892af250c0429ebd55e6b5bb8ff29fa9f877523ed29a4d3c0f6ebf70,bab8972b550a7c9c18b0bf5ee581539200161bc75b4ac08deecea1eb949e425b
CIFAR10_alpha-0.01_K-10_seed-53,CIFAR10,dirichlet,0.01,10,53,5,True,True,True,True,213fea215a6eda6c7f4291778ab5aee09f73570c54a17e7caa0f4e049499aab1,9494a1c30972abbef42688c8ed6137ea29ce2046a44169b8a82b8a214d5ca607
CIFAR10_alpha-0.01_K-10_seed-54,CIFAR10,dirichlet,0.01,10,54,5,True,True,True,True,f870d1251bbc4427aada627f787f9d8ceb3f1ff87dde6628d138fbfd9f0b94cf,a33719bb30db23eec0c0677c8bf451b6e0b24e928d28abfd172c2869fdc8e05c
CIFAR10_alpha-0.01_K-10_seed-55,CIFAR10,dirichlet,0.01,10,55,5,True,True,True,True,4ba5872a0a8ea79f1ebf7c0a876c819d7fa997f16a80af1c3102d689324f623f,a8647185f4e718eaf9413f2aaf4822ed0f3cf3ae60db7957985ce347b4c08372
CIFAR10_alpha-0.01_K-10_seed-56,CIFAR10,dirichlet,0.01,10,56,5,True,True,True,True,8514587f19b7e84067ef54f8969f611c3b8e16f34e31f78de733e70473c64466,61f3bf76b9aba7ae7a9263d9f3fe72f057322f955b6e33b08706a5e280922a92
CIFAR10_alpha-0.01_K-10_seed-57,CIFAR10,dirichlet,0.01,10,57,5,True,True,True,True,b4d7507bf02f0e6222b76bffabe9d277cd771ac77a9ff8f4a87341932375c277,4f18fc04da3205dcc39c5fa27bfa0544d33dfd6771a058e98711908246027089
CIFAR10_alpha-0.01_K-10_seed-58,CIFAR10,dirichlet,0.01,10,58,5,True,True,True,True,8e94f3000564dbd71c2ec12e3e7e0e611b382d2a6e460e707bceced08a330eca,58b0836ad45247747a6bc0e28b18659c1b412270c1f8697c9154172afd8a1813
CIFAR10_alpha-0.01_K-10_seed-59,CIFAR10,dirichlet,0.01,10,59,5,True,True,True,True,17e47dbe1832839ed81ea04ca0e51edcced8ad114551bcf7765887fb6b75280b,ee47108e5547ca905d7e9c7d2d3e24ca792e52c540638d2eb077e0299138d52f
CIFAR10_alpha-0.01_K-10_seed-60,CIFAR10,dirichlet,0.01,10,60,5,True,True,True,True,fbe8529a521733fd7efb80fc877914599645f356443931a2dd794a5f1d69b4c6,19535f8e80c762b788da597f416300b2855f4a0c820b88948f8e8591690589e4
CIFAR10_alpha-0.01_K-10_seed-61,CIFAR10,dirichlet,0.01,10,61,5,True,True,True,True,2fd5f48f3d64866620a1b10406be06723c83622235e14261ade77b29347e44c7,99bc61063714e1bdee71fe04182dbd062fa8d9a8d8aad8b154ead64e69aec02b
CIFAR10_alpha-0.01_K-10_seed-62,CIFAR10,dirichlet,0.01,10,62,5,True,True,True,True,18d8a1e3027db601e70624a9cb09e9a19b675e48817047472ffc613f1cf832b4,3c819e8eba96552ce6fdcbc676b38b20dc2abe7b1a3168278542d778ac9d8516
CIFAR10_alpha-0.01_K-10_seed-63,CIFAR10,dirichlet,0.01,10,63,5,True,True,True,True,192a20b2af6f062da39b8b145d10e787b73ada6401aa7b138d20ed232a4cc484,59e17d6c6b174f04af1318d815ad1cca86488e2568a887ab46f7722be1735f8d
CIFAR10_alpha-0.01_K-10_seed-64,CIFAR10,dirichlet,0.01,10,64,5,True,True,True,True,d6c74decd02cbcc95d12a9417754e65f39394d598cfcc00120575879446a766d,249f31bdc8d6139be211dd9f8f443417d31469e52aa09f8dc5a9f5d46f4db022
CIFAR10_alpha-0.01_K-10_seed-65,CIFAR10,dirichlet,0.01,10,65,5,True,True,True,True,dbffb9f2e7637fc600b149277776ce695652d654cb628a3c5cd4206dea9ab427,b2e0c56ed7262fed4880b324570fad28b7135aa1ce6f7242d6d62d1133d6c0c9
CIFAR10_alpha-0.01_K-10_seed-66,CIFAR10,dirichlet,0.01,10,66,5,True,True,True,True,77f05c47a4604ab9920e71de91046941de0b590f9ca5b882a14905329f188e05,80e8db2451e8dad156371d4a97003cc515a2f1cdbd46edb76c1ca47f2c0d4160
CIFAR10_alpha-0.01_K-10_seed-67,CIFAR10,dirichlet,0.01,10,67,5,True,True,True,True,863fc2964a7ec0d6ca1ba23eba0b3532a441bca5dadd294acdb772dd90430053,42e921aa37573fc6d6d7bed55df981f563794f7083d51e5d8e06498645aee77e
CIFAR10_alpha-0.01_K-10_seed-68,CIFAR10,dirichlet,0.01,10,68,5,True,True,True,True,259ee1a40ce6241b10f086aa0f1cd0a69628540d519cc54a62457c6779d805d2,bb51907b61f3ffee5a7ed2f7fbdaec21723c35756778e115550e23fa591e79ab
CIFAR10_alpha-0.01_K-10_seed-69,CIFAR10,dirichlet,0.01,10,69,5,True,True,True,True,a22257e841e502a395b18e4e77430719b491f4ca10cfc5efd576863204a743f6,ee9a66652a037d3e0a09ad9398fe92e9990303a37d50375fcedf23e9c6823fe5
CIFAR10_alpha-0.01_K-10_seed-70,CIFAR10,dirichlet,0.01,10,70,5,True,True,True,True,23f8a8da5d73701803a97c9b53d70c8f7ba8d6f7a9d1cc224187ea1795cdbd19,dab213afbc3baa859e31db01ad776ade4e25b6e06cbbd76a5fcb58b0493675f9
CIFAR10_alpha-0.01_K-10_seed-71,CIFAR10,dirichlet,0.01,10,71,5,True,True,True,True,90faf37522c69af7abd34a864d0b8f77d0eed98eb12988ce6169b6cd23f32440,f63bd92656e37c0c90e59ffaa0076d045d67cf0eb4afbbc133f1ee087335b9b3
FEMNIST_natural_K-10_seed-42,FEMNIST,natural,,10,42,5,True,True,True,True,50dca4672b0993bd3802af5f7d9383a8fc9f2ce76e1e3918e9c60e4ca1ed3f6d,c78e1eeee192ba49db2a2e11111d938921585d9047b9d0415b9e28fa30558a27
FEMNIST_natural_K-10_seed-43,FEMNIST,natural,,10,43,5,True,True,True,True,96d90f86dbe2423e4c37500fee1da3304e23e6d0f2cd524190b0968efbdb89af,bd855be890838e66bb8952acdf32b85c50fccdc38e53b44d92f84be81d7dd2e6
FEMNIST_natural_K-10_seed-44,FEMNIST,natural,,10,44,5,True,True,True,True,e6e8f355d5075478debb352743b070145414a0bbe20bb288d8bb4914133ecfce,b7094abdd7fdef6bb4c789114c502d0508231b84d79a140d9a43de5ffe9950f3
FEMNIST_natural_K-10_seed-45,FEMNIST,natural,,10,45,5,True,True,True,True,bd3ebd9db623e530259bd7e83e33facb1bc4ed0cffa28ed672984c47e06d788a,f8546ac20ea4f19acba9fcc56bbe88ef5c314a3974bb4182dc128db9822073a9
FEMNIST_natural_K-10_seed-46,FEMNIST,natural,,10,46,5,True,True,True,True,206eb5983cfcdab5a79defc7c0ebf08845d52f9d8173d7aea6081f96b62e532b,8da96ed3955125b7452a84f9be65d7742b3fe424e865cb865d1140ed72868cd9
FEMNIST_natural_K-10_seed-47,FEMNIST,natural,,10,47,5,True,True,True,True,c0a2af4ea35e250cc2de79f8b819655fc1c096cf201d3d1ccaa696292621f91d,329147612734307a516bef29020de05a27a6a40cb2a4ec9d3f16ccdd7cea7059
FEMNIST_natural_K-10_seed-48,FEMNIST,natural,,10,48,5,True,True,True,True,7ed984cee2dfd9c0a172b45c034965ffcb6dba9c8cd9c82c992e50f2243de419,edbce810102f742d716671f7a2b86fbcf828ddfd0dfd9699d7c49d5c0e325bca
FEMNIST_natural_K-10_seed-49,FEMNIST,natural,,10,49,5,True,True,True,True,8220f9ba744456715b17bf3f342335bbe78bbf2cc0a99f8bc26ad757bb895828,28f3ee73ec824e4923431acb7d2a71f420f5c6efeb1bfe97d84ca1ed409ea355
FEMNIST_natural_K-10_seed-50,FEMNIST,natural,,10,50,5,True,True,True,True,eee442f05159edcb6f6fbbba0c1288473f207f29ce0c7db5eb3ad55b173360e6,9100b783bd48fd65b78f386548ef69e820fa11597bc6bc153d8d13bffb6225ca
FEMNIST_natural_K-10_seed-51,FEMNIST,natural,,10,51,5,True,True,True,True,a68f358b7ce8df6d3a0a1e4162d806f5e99b0641b189746be6bd5c72e123250e,2f36e693dc1e131cb049235619076332bce5cd35b98d797074cddd0bb31e5361
FEMNIST_natural_K-10_seed-52,FEMNIST,natural,,10,52,5,True,True,True,True,bad39c45b9ae8da19b9a58554d73b4d09ba60e1eb7e916105701bffbd03e6bec,4d5a8852072d8b37ee3a6e96b9397cf2ec708ac273b0c18fd4af1309b1088223
FEMNIST_natural_K-10_seed-53,FEMNIST,natural,,10,53,5,True,True,True,True,65e54d6d0035c567ce1b22fe14495c333d4fd295090072a3fda3da5957aaae30,2928bf31798c64d9f4dc4bd0e6db93b01c99f2f2d7a581783302ae759cecb18c
FEMNIST_natural_K-10_seed-54,FEMNIST,natural,,10,54,5,True,True,True,True,edecbfbf33e7aa369d7fc57eb274bdb8e910a3af620047aecaebd83c6cf1f36a,c87db1fa258bfe83bfb644f5ec0d4a2f3ade42a3e83fcf803a87996dcf46d0fc
FEMNIST_natural_K-10_seed-55,FEMNIST,natural,,10,55,5,True,True,True,True,f5dd46684215dd972454afeb3cfc7145db1291b8884fca1aaee68d98be47dde6,0928a131d92f1b577231b772638698936b475d035d09a6e2668aa45e9bfe3302
FEMNIST_natural_K-10_seed-56,FEMNIST,natural,,10,56,5,True,True,True,True,c1ebc8de9b9aca3ff75f5b3b87e3df7bd54a883880b28ac442946d4bb83faa9d,2bc7ac9b65f90fcf6bc9f022557d2ca1acb697b96a42bd1b22b9e8734edb3921
FEMNIST_natural_K-10_seed-57,FEMNIST,natural,,10,57,5,True,True,True,True,630e73fc29ada9130531d7398d75335e3db1688abb7830110a7b5d4bbd74228b,66505391e18c25680489ea33535f30b356c7a702edf57e6151be135dbeb5c0e7
FEMNIST_natural_K-10_seed-58,FEMNIST,natural,,10,58,5,True,True,True,True,814a1dc381ae72b8bc7473be6642aad8d2cf97a0ed2b49f5775b1a7d0be9ddd7,7dca72a51f538e8dde1c42f828a806df02229b8e2142866ed9ebf032a611b8ea
FEMNIST_natural_K-10_seed-59,FEMNIST,natural,,10,59,5,True,True,True,True,a3812f1b97bd3741f06fb3e8a7660f650c3d17a976f1885a0ba5910548528d5a,5dcd9130bccf7a311ca00bcb989764b97e667d495d670fdfd41fc7442cbe18c9
FEMNIST_natural_K-10_seed-60,FEMNIST,natural,,10,60,5,True,True,True,True,36e2ae2df6fc46f03340b96649df0e93f67ebe20f3b5f51151922a3f3fee4a97,f037cb57b08296e78e2c8438587500675ed99b616e1fc502198ba3b0ce3d33d6
FEMNIST_natural_K-10_seed-61,FEMNIST,natural,,10,61,5,True,True,True,True,e49126147f5dd71f387bb138959e4d741c8ede58d996819ea0cbdf0f2d475ebd,2ce91f07ca98e4434e99f60764cbbb29c2472dad869ab0b49677c8c332f40828
FEMNIST_natural_K-10_seed-62,FEMNIST,natural,,10,62,5,True,True,True,True,933e7ccc14240b4dd8ebe99df755894da2c2b3789dd3789dccfe76f9ce63620e,e33065fea24c5179ae250409080aea3a6e75b89dbe64c7a87872db476d8a8c05
FEMNIST_natural_K-10_seed-63,FEMNIST,natural,,10,63,5,True,True,True,True,493b33a54739a9497285b4e2b0e1b3239fe7bb1288f60e2c59e11759998c8133,1562139a0f0bc788ddee23e11ee300c76accfdfac638b4dbbedd02be0b465489
FEMNIST_natural_K-10_seed-64,FEMNIST,natural,,10,64,5,True,True,True,True,0ff6399232e5e287463443f1f439d5da213efd2170ad7e4ad860deb7c9498103,33181504e743107541e1b3374895be5f0fab17f92ebe05a8a06bb9b5f65e1c17
FEMNIST_natural_K-10_seed-65,FEMNIST,natural,,10,65,5,True,True,True,True,b1a8efae5b82ca9fedb0c7ca95e14c72d7dfe1b2d1cd68a14e71938a5980ead6,8f608ba71a5e70706fa5bff980696ef7a2469a87db2e190625354d38a534fff2
FEMNIST_natural_K-10_seed-66,FEMNIST,natural,,10,66,5,True,True,True,True,9c12d1c295c05e35cce5a1bf651dcd6fe52ae41440870c5bcd27e17068a6e8b2,1f343c7a9341498a1941e408c7906003a39877fc1e6c6a56cb871cc76cf72de8
FEMNIST_natural_K-10_seed-67,FEMNIST,natural,,10,67,5,True,True,True,True,066a8ac58f00c628fa453cb442a31f1ae1e34c3564077edef729a7c877525437,c8860aa9adc72ad53750de31328ac074d565f0a24ceff8f7783fc10e3c426aef
FEMNIST_natural_K-10_seed-68,FEMNIST,natural,,10,68,5,True,True,True,True,41462007103d24f4516ea1244fc375e31033b68782263d0dc11b684d38dbd834,b57aa651bb8f5832a2efb907f16227dcae7d8cc23c79ae7080876ea4dc199f5d
FEMNIST_natural_K-10_seed-69,FEMNIST,natural,,10,69,5,True,True,True,True,f9aff60f1bac050546de18b0b66520116fd04093f452934dfecb08bea9aafa71,a7b0c6cb2adacb99d410f6bbbc9229e22f53007c18325ca57c485591de7d623a
FEMNIST_natural_K-10_seed-70,FEMNIST,natural,,10,70,5,True,True,True,True,c3d4f637667ccf6d64c207d72a4c28bb27e4a9731bb7c91fac4617b9347b57bc,0f8a7213aa2778d37d8ccb836e0ef9efa75285313dcc4def8ace6bcaa6a864f0
FEMNIST_natural_K-10_seed-71,FEMNIST,natural,,10,71,5,True,True,True,True,ae5f91595a138d9e6b47ef65a2ffbd1eca0a271d610f8458e1937b3bc535bf77,ad2630d6c5a3d32c2b2b3d96337eb795133519f4871cb1c58de1c1ee3f1edf94
