arm,alpha,seed,level,source,final_acc_pp,has_empty_client,eta_bar_primary_p_tau,eta_bar_tau_only,eta_bar_arithmetic,sum_p_eta_tau_planned,sum_p_eta_tau_executed,optimizer_steps,examples_processed,flops_nominal,flops_executed,elapsed_s,init_sha256,gpu,cpu
full_fedhad,0.01,42,1,this_battery,65.03999999999999,False,0.005623188695469343,0.005498142717760288,0.005124075196078618,6.5571124805398115,6.5571124805398115,46040.0,1473280.0,266855890944000.0,266508573081600.0,180.994,5e9185a9c629329d7f09c3748bb1372ab1a53fb940e53089d215013a8c9dfe18,NVIDIA A40,AMD EPYC 9354P 32-Core Processor
full_fedhad,0.01,43,1,this_battery,49.09,False,0.005772026459975051,0.005502006486928206,0.004904211684799247,7.1004696177662305,7.100469617766231,44570.0,1426240.0,258505790668800.0,257999285452800.0,198.808,ccf4ec5f69bc2d6a325234f318a6828b1e8983302c77ac52518984d46e8c78bf,NVIDIA A40,AMD EPYC 9354P 32-Core Processor
full_fedhad,0.01,44,1,this_battery,56.54,False,0.005758364502472868,0.00557139677304205,0.005082560364905755,7.192016846861983,7.192016846861984,46270.0,1480640.0,268210792396800.0,267839958220800.0,188.257,5d123b7b3959c1521f22d2affe2f75cd3a484a29db01eb4e5b1e3bd3a86ae6fd,NVIDIA A40,AMD EPYC 9354P 32-Core Processor
full_fedhad,0.01,45,1,this_battery,59.21999999999999,False,0.005607112036512035,0.005434358286542428,0.004927510598496722,6.506068579466198,6.506068579466198,44010.0,1408320.0,255124868352000.0,254757652070400.0,176.311,5e1124a1e57d3753c9e5fdf649400f68d9d428e503982b094fad3ce72c7b17e8,NVIDIA A40,AMD EPYC 9354P 32-Core Processor
full_fedhad,0.01,46,1,this_battery,58.26,True,0.006380504885639394,0.006072944858865531,0.005084272356821027,11.745951696546122,11.745951696546124,46350.0,1483200.0,268628659200000.0,268303048704000.0,242.692,5fee32277c0609269c2d892ecccd3a4463f5dabc3e8e6f04a42e88d1a0160e7c,NVIDIA A40,AMD EPYC 9354P 32-Core Processor
full_fedhad,0.01,47,1,this_battery,54.36,False,0.005805001798003877,0.005490332240254845,0.005001344521322831,7.43797048724352,7.43797048724352,46270.0,1480640.0,268241544499200.0,267839958220800.0,210.029,08fd75eceb37315af839237b033c99a8a96715b951497cbac4882d60b725fb31,NVIDIA A40,AMD EPYC 9354P 32-Core Processor
full_fedhad,0.01,48,1,this_battery,50.980000000000004,True,0.005481897984635845,0.0054164114376659455,0.005345179484878073,6.019257377016898,6.019257377016897,42120.0,1347840.0,244213298841600.0,243817139404800.0,141.431,fe837d4185108cd3e44cc650a2cce97719581291677391736fab584f17c3a4bc,NVIDIA A40,AMD EPYC 9354P 32-Core Processor
full_fedhad,0.01,49,1,this_battery,53.76,False,0.005647930395812788,0.005487332111409895,0.0050509211919193605,6.475653213421816,6.4756532134218165,43950.0,1406400.0,254763078912000.0,254410334208000.0,178.269,482118915550c5c65763d4ccfdf59c97f8fd8dea0f684dcb7505464b80d6fc20,NVIDIA A40,AMD EPYC 9354P 32-Core Processor
full_fedhad,0.01,50,1,this_battery,60.33,False,0.00652057341161643,0.006070340179789071,0.004875759366324022,10.763447153398442,10.763447153398442,45170.0,1445440.0,262000676659200.0,261472464076800.0,238.115,31dc1bc156e6fb5c582e9dd11a1735c9c3d9c40aa35566efb6c7511c670977a4,NVIDIA A40,AMD EPYC 9354P 32-Core Processor
full_fedhad,0.01,51,1,this_battery,56.95,True,0.005888484900438489,0.005707882667423739,0.0052201242327971475,8.686808179843426,8.686808179843426,46340.0,1482880.0,268632277094400.0,268245162393600.0,203.649,ebef3bae2d08060b39b3897de9981e0aa38347605a83d5752124c9bcc08d3059,NVIDIA A40,AMD EPYC 9354P 32-Core Processor
full_fedhad,0.01,52,1,this_battery,54.17999999999999,True,0.006039640541339554,0.0058693896062987335,0.005298524081383124,10.252714262007645,10.252714262007645,51210.0,1638720.0,296703519744000.0,296435795558400.0,205.722,16ba3203e45d082f4c7f3a8dffba4eb1b82a0405fdaebcb724fa4c68743aaaf8,NVIDIA A40,AMD EPYC 9354P 32-Core Processor
full_fedhad,0.01,53,1,this_battery,60.11,False,0.005663866648386343,0.005597341798233061,0.005063348157276531,7.198114006739843,7.198114006739843,44820.0,1434240.0,260009025792000.0,259446443212800.0,168.346,160921a0ba8043b2a3ae087560dad1a7465c4597ff7fc13c4f507be43a78203e,NVIDIA A40,AMD EPYC 9354P 32-Core Processor
full_fedhad,0.01,54,1,this_battery,55.76,False,0.005847919602137204,0.005674150028862171,0.005010666588870496,8.113008120302633,8.113008120302633,49110.0,1571520.0,284693919283200.0,284279670374400.0,181.092,54703e4f1c3ea17aa31d62a5e5878bb60c4f17b5f3e160a2505ea2a8f749fad1,NVIDIA A40,AMD EPYC 9354P 32-Core Processor
full_fedhad,0.01,55,1,this_battery,60.4,False,0.006224031840573028,0.006033945835872262,0.004915829439332652,11.555980850059594,11.555980850059594,50560.0,1617300.0,292980706406400.0,292561030656000.0,211.295,a416e13682621d146c424857cd471075db74c75b55f8a55a1257a627a1f2a8ed,NVIDIA A40,AMD EPYC 9354P 32-Core Processor
full_fedhad,0.01,56,1,this_battery,57.9,False,0.005296001519054114,0.005200989692356379,0.00501879727410424,4.876434704222572,4.876434704222573,40830.0,1306560.0,236581350604800.0,236349805363200.0,144.018,130261f0c4466f246808fd4ba63d9f08143a0cfed35bf62d958f9b2e29d20be3,NVIDIA A40,AMD EPYC 9354P 32-Core Processor
full_fedhad,0.01,57,1,this_battery,52.349999999999994,True,0.005768638051275162,0.005569637077335432,0.00530981776417786,8.068575621543742,8.068575621543742,47740.0,1527680.0,276580791091200.0,276349245849600.0,208.453,262c7a5899212c06db2379bc00423c66ce77b2f380e3dd2544a55d6c4436a4e7,NVIDIA A40,AMD EPYC 9354P 32-Core Processor
full_fedhad,0.01,58,1,this_battery,49.34,False,0.0053160454946243356,0.005208345880712832,0.0049925982303707355,4.877907755804309,4.877907755804309,40720.0,1303040.0,236078463283200.0,235713055948800.0,144.894,92299ef32742b247ba4f33a2becc0e1e93576f7746d4a755ccd8bfeb157ba458,NVIDIA A40,AMD EPYC 9354P 32-Core Processor
full_fedhad,0.01,59,1,this_battery,51.77,False,0.005888209680875582,0.005702264140417548,0.005188347925783694,8.562888923966725,8.562888923966725,46300.0,1481600.0,268458618163200.0,268013617152000.0,202.98,bce87f5dbaaf91c5894c8d7ca7e52eaac77d000c9ced192905f1e6269c5f524b,NVIDIA A40,AMD EPYC 9354P 32-Core Processor
full_fedhad,0.01,60,1,this_battery,54.33,False,0.005789656901760951,0.005485495726538709,0.004858728529036767,7.378782120690483,7.378782120690483,44820.0,1434240.0,259994554214400.0,259446443212800.0,203.857,3b32738e1f0216ed23dee44aded6a5aeb00ba380504b13e275cfff65c6fb3980,NVIDIA A40,AMD EPYC 9354P 32-Core Processor
full_fedhad,0.01,61,1,this_battery,54.769999999999996,False,0.005771056694216664,0.005573631887816381,0.0050769525261887116,8.033366701512097,8.033366701512097,47700.0,1526400.0,276334774272000.0,276117700608000.0,207.789,faf0bee2c22b503f3988e0de5e87d19d3b8b5e88f4fa869675fc258cf0fdade7,NVIDIA A40,AMD EPYC 9354P 32-Core Processor
full_fedhad,0.01,62,1,this_battery,55.779999999999994,False,0.00594932378280163,0.005748650131398322,0.004995052515094236,8.85580125722397,8.85580125722397,46430.0,1485760.0,269149635993600.0,268766139187200.0,206.853,fbf8d21635157ed59ca0715b3b6c225e0e8cc78beedfaf538efb6738946300a2,NVIDIA A40,AMD EPYC 9354P 32-Core Processor
full_fedhad,0.01,63,1,this_battery,55.38999999999999,False,0.005575284810545813,0.005396505233472491,0.005004860431552625,6.139072695399516,6.139072695399515,45030.0,1440960.0,261081731481600.0,260662055731200.0,173.672,986e341c37087d6868cc7f4a5bea142d377b492bfa8a7ecaf2827285a797999f,NVIDIA A40,AMD EPYC 9354P 32-Core Processor
full_fedhad,0.01,64,1,this_battery,48.88,False,0.005247912167024311,0.005139572364125375,0.0049345890160370455,4.7900157958769105,4.7900157958769105,40720.0,1303040.0,236085699072000.0,235713055948800.0,144.073,0d6376db80bd86544e4706992b208add1a6ac70d0a6db7f80bfe53635cee1e60,NVIDIA A40,AMD EPYC 9354P 32-Core Processor
full_fedhad,0.01,65,1,this_battery,56.66,False,0.005841519194946875,0.005608357119252882,0.005083896293112586,7.0088915477413485,7.008891547741348,44280.0,1416960.0,256649810841600.0,256320582451200.0,197.845,a715ca28c3f8d279c610b2a280b42ea2187583ed67e3ff7583c8e894e3e0c3d7,NVIDIA A40,AMD EPYC 9354P 32-Core Processor
full_fedhad,0.01,66,1,this_battery,63.18,False,0.00592523342927748,0.00573505117430001,0.0053467991847340295,7.989237139183323,7.989237139183322,46430.0,1485760.0,269153253888000.0,268766139187200.0,206.057,6121605e208b65b2556267aa0dce5cac471594371fa80ca5185ca6c13c10e7c4,NVIDIA A40,AMD EPYC 9354P 32-Core Processor
full_fedhad,0.01,67,1,this_battery,50.33,False,0.006360411212018035,0.005854788405666189,0.004739841288822978,10.50779915344991,10.50779915344991,44910.0,1437120.0,260316546816000.0,259967420006400.0,248.728,c8e5cf6c5cdd69e7088b7b507d5e7bc8106dc06e4b18971ae02b8dd56e686eca,NVIDIA A40,AMD EPYC 9354P 32-Core Processor
full_fedhad,0.01,68,1,this_battery,45.47,False,0.005247830504903461,0.005139481089796415,0.004934504020487211,4.7897276235097515,4.7897276235097515,40720.0,1303040.0,236078463283200.0,235713055948800.0,144.002,943a1329340579222a7d62fd53e208502bf299de11ff148ada270429e1c22d97,NVIDIA A40,AMD EPYC 9354P 32-Core Processor
full_fedhad,0.01,69,1,this_battery,62.38,False,0.006082990720612217,0.005849778264767443,0.005161408974547194,9.462079021566522,9.46207902156652,48130.0,1539540.0,278890816665600.0,278494657228800.0,213.633,66bf0ef4364744e283ab029d76eabcf1ed61a064c10239f2a05f624ee08334ec,NVIDIA A40,AMD EPYC 9354P 32-Core Processor
full_fedhad,0.01,70,1,this_battery,49.34,False,0.005345630944838117,0.005221785183696237,0.004949358448102551,5.609570953036929,5.609570953036929,44990.0,1439680.0,260994902016000.0,260430510489600.0,176.737,d7e79fbceb84633eb0efe8dfcb6c4a176f757025426ca07e714ecfe1e7176a50,NVIDIA A40,AMD EPYC 9354P 32-Core Processor
full_fedhad,0.01,71,1,this_battery,51.559999999999995,False,0.005925666049459043,0.005631991962806287,0.004823089614018264,7.974210754608137,7.974210754608137,43410.0,1389120.0,251624555520000.0,251284473446400.0,203.432,db9c6be26bfc6ccbafd383498222423d0d71c82530509f4e22899652ba344ccb,NVIDIA A40,AMD EPYC 9354P 32-Core Processor
full_fedhad,0.1,42,1,this_battery,70.46,False,0.0061088132647687515,0.005951347929307765,0.005578973831830325,7.979878439464724,7.979878439464724,50150.0,1604800.0,290782835558400.0,290299846656000.0,199.07,5e9185a9c629329d7f09c3748bb1372ab1a53fb940e53089d215013a8c9dfe18,NVIDIA A40,AMD EPYC 9354P 32-Core Processor
full_fedhad,0.1,43,1,this_battery,69.72,False,0.005892561091051359,0.005762869465886924,0.005400363409271849,7.323458554190044,7.323458554190043,49020.0,1568640.0,283983003033600.0,283758693580800.0,179.354,ccf4ec5f69bc2d6a325234f318a6828b1e8983302c77ac52518984d46e8c78bf,NVIDIA A40,AMD EPYC 9354P 32-Core Processor
full_fedhad,0.1,44,1,this_battery,66.01,False,0.005893384946591805,0.005823209696487122,0.005596252081119812,7.1791940437805914,7.179194043780592,49530.0,1584960.0,286973192755200.0,286710895411200.0,177.736,5d123b7b3959c1521f22d2affe2f75cd3a484a29db01eb4e5b1e3bd3a86ae6fd,NVIDIA A40,AMD EPYC 9354P 32-Core Processor
full_fedhad,0.1,45,1,this_battery,69.23,False,0.006087469847813013,0.005936002434026663,0.005469589710631837,9.332579199539468,9.332579199539468,51790.0,1657280.0,300276190464000.0,299793201561600.0,194.642,5e1124a1e57d3753c9e5fdf649400f68d9d428e503982b094fad3ce72c7b17e8,NVIDIA A40,AMD EPYC 9354P 32-Core Processor
full_fedhad,0.1,46,1,this_battery,68.89999999999999,False,0.006012610057948305,0.005744971936173839,0.005312306802965969,7.601377634511771,7.601377634511772,47340.0,1514880.0,274453469184000.0,274033793433600.0,199.482,5fee32277c0609269c2d892ecccd3a4463f5dabc3e8e6f04a42e88d1a0160e7c,NVIDIA A40,AMD EPYC 9354P 32-Core Processor
full_fedhad,0.1,47,1,this_battery,71.93,False,0.006167966295610537,0.006090127460586512,0.005824652481405967,8.545165032271127,8.545165032271125,53760.0,1720320.0,311708736768000.0,311196804710400.0,174.441,08fd75eceb37315af839237b033c99a8a96715b951497cbac4882d60b725fb31,NVIDIA A40,AMD EPYC 9354P 32-Core Processor
full_fedhad,0.1,48,1,this_battery,67.57,False,0.0063512436573610115,0.006069706812004267,0.005451111730121854,8.513686171307134,8.513686171307132,48780.0,1560960.0,282613630003200.0,282369422131200.0,203.214,fe837d4185108cd3e44cc650a2cce97719581291677391736fab584f17c3a4bc,NVIDIA A40,AMD EPYC 9354P 32-Core Processor
full_fedhad,0.1,49,1,this_battery,69.17999999999999,False,0.005965880560865549,0.00589529112998024,0.005766320082764524,7.80013622827407,7.80013622827407,53080.0,1698560.0,307765231872000.0,307260535603200.0,178.725,482118915550c5c65763d4ccfdf59c97f8fd8dea0f684dcb7505464b80d6fc20,NVIDIA A40,AMD EPYC 9354P 32-Core Processor
full_fedhad,0.1,50,1,this_battery,69.53,False,0.006751476943353304,0.006330536449224462,0.005358353155594732,11.70048551959848,11.70048551959848,51020.0,1632640.0,295762867200000.0,295335955660800.0,236.029,31dc1bc156e6fb5c582e9dd11a1735c9c3d9c40aa35566efb6c7511c670977a4,NVIDIA A40,AMD EPYC 9354P 32-Core Processor
full_fedhad,0.1,51,1,this_battery,69.97,False,0.006046231436804888,0.005899315078049106,0.005389433866059719,9.400352765953519,9.400352765953519,51640.0,1652480.0,299586981580800.0,298924906905600.0,203.438,ebef3bae2d08060b39b3897de9981e0aa38347605a83d5752124c9bcc08d3059,NVIDIA A40,AMD EPYC 9354P 32-Core Processor
full_fedhad,0.1,52,1,this_battery,76.64999999999999,False,0.006369028565296085,0.006037585231717545,0.005606519707304425,8.51473181434907,8.51473181434907,47920.0,1533440.0,277812684134400.0,277391199436800.0,220.058,16ba3203e45d082f4c7f3a8dffba4eb1b82a0405fdaebcb724fa4c68743aaaf8,NVIDIA A40,AMD EPYC 9354P 32-Core Processor
full_fedhad,0.1,53,1,this_battery,72.75,False,0.005966085320724496,0.005878927583050252,0.005539768961538763,7.175573333822882,7.175573333822882,51480.0,1647360.0,298689743769600.0,297998725939200.0,169.074,160921a0ba8043b2a3ae087560dad1a7465c4597ff7fc13c4f507be43a78203e,NVIDIA A40,AMD EPYC 9354P 32-Core Processor
full_fedhad,0.1,54,1,this_battery,69.97,False,0.005742236335472183,0.005641877672431843,0.0052631375701976384,7.425790053422514,7.4257900534225145,52370.0,1675840.0,303631787520000.0,303150607564800.0,172.082,54703e4f1c3ea17aa31d62a5e5878bb60c4f17b5f3e160a2505ea2a8f749fad1,NVIDIA A40,AMD EPYC 9354P 32-Core Processor
full_fedhad,0.1,55,1,this_battery,68.61,False,0.006753918118245127,0.006253670296378601,0.0055214602938634,10.828872395978976,10.828872395978976,48830.0,1562560.0,282939240499200.0,282658853683200.0,240.375,a416e13682621d146c424857cd471075db74c75b55f8a55a1257a627a1f2a8ed,NVIDIA A40,AMD EPYC 9354P 32-Core Processor
full_fedhad,0.1,56,1,this_battery,68.72,False,0.005774193494899065,0.005677714784961947,0.0053904876750882,6.3642162986655855,6.3642162986655855,47570.0,1522240.0,275799325900800.0,275365178572800.0,156.271,130261f0c4466f246808fd4ba63d9f08143a0cfed35bf62d958f9b2e29d20be3,NVIDIA A40,AMD EPYC 9354P 32-Core Processor
full_fedhad,0.1,57,1,this_battery,67.03,False,0.0063579419335457795,0.006191321231318584,0.005854795299403881,8.946442036775329,8.946442036775329,49960.0,1598720.0,289663097241600.0,289200006758400.0,207.372,262c7a5899212c06db2379bc00423c66ce77b2f380e3dd2544a55d6c4436a4e7,NVIDIA A40,AMD EPYC 9354P 32-Core Processor
full_fedhad,0.1,58,1,this_battery,70.72,False,0.005910145174617812,0.005821608399618241,0.005689968363185192,6.769786178526123,6.769786178526123,49840.0,1594880.0,288990168883200.0,288505371033600.0,180.998,92299ef32742b247ba4f33a2becc0e1e93576f7746d4a755ccd8bfeb157ba458,NVIDIA A40,AMD EPYC 9354P 32-Core Processor
full_fedhad,0.1,59,1,this_battery,65.25999999999999,False,0.005713889223832851,0.005637630683651177,0.005355325573403092,6.2338622850180965,6.2338622850180965,47700.0,1526400.0,276747214233600.0,276117700608000.0,163.337,bce87f5dbaaf91c5894c8d7ca7e52eaac77d000c9ced192905f1e6269c5f524b,NVIDIA A40,AMD EPYC 9354P 32-Core Processor
full_fedhad,0.1,60,1,this_battery,68.02,False,0.005880284831246685,0.005761526540042538,0.005576907003835478,7.032957333013456,7.0329573330134565,46780.0,1496960.0,271410819993600.0,270792160051200.0,184.338,3b32738e1f0216ed23dee44aded6a5aeb00ba380504b13e275cfff65c6fb3980,NVIDIA A40,AMD EPYC 9354P 32-Core Processor
full_fedhad,0.1,61,1,this_battery,75.86,False,0.006079577020295345,0.0060217061800021815,0.005860310709881879,7.804301765641782,7.804301765641782,54690.0,1750080.0,317311046246400.0,316580231577600.0,174.184,faf0bee2c22b503f3988e0de5e87d19d3b8b5e88f4fa869675fc258cf0fdade7,NVIDIA A40,AMD EPYC 9354P 32-Core Processor
full_fedhad,0.1,62,1,this_battery,70.15,False,0.005566032916290545,0.0055336165820140245,0.005484813293615075,5.355896435555898,5.355896435555897,45750.0,1464000.0,265249545830400.0,264829870080000.0,164.324,fbf8d21635157ed59ca0715b3b6c225e0e8cc78beedfaf538efb6738946300a2,NVIDIA A40,AMD EPYC 9354P 32-Core Processor
full_fedhad,0.1,63,1,this_battery,68.07,False,0.006370830041039541,0.006157822265993615,0.005731015710783996,10.301354137380434,10.301354137380432,53790.0,1721280.0,311632760985600.0,311370463641600.0,221.035,986e341c37087d6868cc7f4a5bea142d377b492bfa8a7ecaf2827285a797999f,NVIDIA A40,AMD EPYC 9354P 32-Core Processor
full_fedhad,0.1,64,1,this_battery,64.84,False,0.006090715299219333,0.0058760579291170165,0.005291765225155974,9.510175047320669,9.510175047320669,51340.0,1642880.0,297810595430400.0,297188317593600.0,211.079,0d6376db80bd86544e4706992b208add1a6ac70d0a6db7f80bfe53635cee1e60,NVIDIA A40,AMD EPYC 9354P 32-Core Processor
full_fedhad,0.1,65,1,this_battery,66.24,False,0.005843581778537309,0.005743136375172676,0.005331192719669588,7.572002687004658,7.572002687004658,49860.0,1595520.0,289230758860800.0,288621143654400.0,175.449,a715ca28c3f8d279c610b2a280b42ea2187583ed67e3ff7583c8e894e3e0c3d7,NVIDIA A40,AMD EPYC 9354P 32-Core Processor
full_fedhad,0.1,66,1,this_battery,64.77000000000001,False,0.00589281249898016,0.005802036691688353,0.005481252309991221,7.2010392649485055,7.2010392649485055,49180.0,1573760.0,285099123456000.0,284684874547200.0,179.95,6121605e208b65b2556267aa0dce5cac471594371fa80ca5185ca6c13c10e7c4,NVIDIA A40,AMD EPYC 9354P 32-Core Processor
full_fedhad,0.1,67,1,this_battery,63.849999999999994,False,0.006365786185163336,0.005952606475940967,0.005324632221770672,8.93311544882589,8.933115448825891,46850.0,1499200.0,271416246835200.0,271197364224000.0,226.786,c8e5cf6c5cdd69e7088b7b507d5e7bc8106dc06e4b18971ae02b8dd56e686eca,NVIDIA A40,AMD EPYC 9354P 32-Core Processor
full_fedhad,0.1,68,1,this_battery,71.67,False,0.005848742325531213,0.005735808624897017,0.005408151163957814,6.5725322788961265,6.5725322788961265,48230.0,1543360.0,279789863424000.0,279185675059200.0,174.217,943a1329340579222a7d62fd53e208502bf299de11ff148ada270429e1c22d97,NVIDIA A40,AMD EPYC 9354P 32-Core Processor
full_fedhad,0.1,69,1,this_battery,71.74000000000001,False,0.006456249208804964,0.0062007759512593035,0.005680957459071332,10.135643567858509,10.135643567858509,50380.0,1612160.0,292078041753600.0,291631231795200.0,225.593,66bf0ef4364744e283ab029d76eabcf1ed61a064c10239f2a05f624ee08334ec,NVIDIA A40,AMD EPYC 9354P 32-Core Processor
full_fedhad,0.1,70,1,this_battery,61.53999999999999,False,0.005446514740131971,0.005355589091743666,0.0052242707231854495,5.644639323288401,5.6446393232884,46300.0,1481600.0,268429675008000.0,268013617152000.0,175.993,d7e79fbceb84633eb0efe8dfcb6c4a176f757025426ca07e714ecfe1e7176a50,NVIDIA A40,AMD EPYC 9354P 32-Core Processor
full_fedhad,0.1,71,1,this_battery,65.38000000000001,False,0.006465312787311213,0.006108946370513392,0.005503918304763515,8.637522983314321,8.637522983314321,48930.0,1565760.0,283724323584000.0,283237716787200.0,212.002,db9c6be26bfc6ccbafd383498222423d0d71c82530509f4e22899652ba344ccb,NVIDIA A40,AMD EPYC 9354P 32-Core Processor
inv,0.01,42,2,this_battery,62.339999999999996,False,0.005623188695469343,0.005498142717760288,0.005124075196078618,5.334702872349477,5.334702872349477,46040.0,1473280.0,266855890944000.0,266508573081600.0,180.262,5e9185a9c629329d7f09c3748bb1372ab1a53fb940e53089d215013a8c9dfe18,NVIDIA A40,AMD EPYC 9354P 32-Core Processor
inv,0.01,43,2,this_battery,48.730000000000004,False,0.005772026459975051,0.005502006486928206,0.004904211684799247,5.193302359568024,5.193302359568024,44570.0,1426240.0,258505790668800.0,257999285452800.0,198.479,ccf4ec5f69bc2d6a325234f318a6828b1e8983302c77ac52518984d46e8c78bf,NVIDIA A40,AMD EPYC 9354P 32-Core Processor
inv,0.01,44,2,this_battery,58.209999999999994,False,0.005758364502472868,0.00557139677304205,0.005082560364905755,5.467515600416398,5.467515600416398,46270.0,1480640.0,268210792396800.0,267839958220800.0,187.714,5d123b7b3959c1521f22d2affe2f75cd3a484a29db01eb4e5b1e3bd3a86ae6fd,NVIDIA A40,AMD EPYC 9354P 32-Core Processor
inv,0.01,45,2,this_battery,60.67,False,0.005607112036512035,0.005434358286542428,0.004927510598496722,4.927297776372936,4.927297776372936,44010.0,1408320.0,255124868352000.0,254757652070400.0,174.786,5e1124a1e57d3753c9e5fdf649400f68d9d428e503982b094fad3ce72c7b17e8,NVIDIA A40,AMD EPYC 9354P 32-Core Processor
inv,0.01,46,2,this_battery,58.34,True,0.006380504885639394,0.006072944858865531,0.005084272356821027,7.485313287340679,7.485313287340679,46350.0,1483200.0,268628659200000.0,268303048704000.0,238.839,5fee32277c0609269c2d892ecccd3a4463f5dabc3e8e6f04a42e88d1a0160e7c,NVIDIA A40,AMD EPYC 9354P 32-Core Processor
inv,0.01,47,2,this_battery,57.410000000000004,False,0.005805001798003877,0.005490332240254845,0.005001344521322831,5.618817039990622,5.618817039990622,46270.0,1480640.0,268241544499200.0,267839958220800.0,213.281,08fd75eceb37315af839237b033c99a8a96715b951497cbac4882d60b725fb31,NVIDIA A40,AMD EPYC 9354P 32-Core Processor
inv,0.01,48,2,this_battery,55.42,True,0.005481897984635845,0.0054164114376659455,0.005345179484878073,5.71907472910976,5.71907472910976,42120.0,1347840.0,244213298841600.0,243817139404800.0,141.146,fe837d4185108cd3e44cc650a2cce97719581291677391736fab584f17c3a4bc,NVIDIA A40,AMD EPYC 9354P 32-Core Processor
inv,0.01,49,2,this_battery,53.959999999999994,False,0.005647930395812788,0.005487332111409895,0.0050509211919193605,5.130323547710352,5.130323547710352,43950.0,1406400.0,254763078912000.0,254410334208000.0,179.387,482118915550c5c65763d4ccfdf59c97f8fd8dea0f684dcb7505464b80d6fc20,NVIDIA A40,AMD EPYC 9354P 32-Core Processor
inv,0.01,50,2,this_battery,61.99,False,0.00652057341161643,0.006070340179789071,0.004875759366324022,6.726205296596236,6.726205296596236,45170.0,1445440.0,262000676659200.0,261472464076800.0,242.158,31dc1bc156e6fb5c582e9dd11a1735c9c3d9c40aa35566efb6c7511c670977a4,NVIDIA A40,AMD EPYC 9354P 32-Core Processor
inv,0.01,51,2,this_battery,56.54,True,0.005888484900438489,0.005707882667423739,0.0052201242327971475,6.624839421731264,6.624839421731264,46340.0,1482880.0,268632277094400.0,268245162393600.0,204.602,ebef3bae2d08060b39b3897de9981e0aa38347605a83d5752124c9bcc08d3059,NVIDIA A40,AMD EPYC 9354P 32-Core Processor
inv,0.01,52,2,this_battery,53.98,True,0.006039640541339554,0.0058693896062987335,0.005298524081383124,7.67628002373691,7.67628002373691,51210.0,1638720.0,296703519744000.0,296435795558400.0,204.623,16ba3203e45d082f4c7f3a8dffba4eb1b82a0405fdaebcb724fa4c68743aaaf8,NVIDIA A40,AMD EPYC 9354P 32-Core Processor
inv,0.01,53,2,this_battery,60.61,False,0.005663866648386343,0.005597341798233061,0.005063348157276531,5.814284750151451,5.814284750151452,44820.0,1434240.0,260009025792000.0,259446443212800.0,168.978,160921a0ba8043b2a3ae087560dad1a7465c4597ff7fc13c4f507be43a78203e,NVIDIA A40,AMD EPYC 9354P 32-Core Processor
inv,0.01,54,2,this_battery,55.96,False,0.005847919602137204,0.005674150028862171,0.005010666588870496,5.79126662971717,5.791266629717169,49110.0,1571520.0,284693919283200.0,284279670374400.0,181.868,54703e4f1c3ea17aa31d62a5e5878bb60c4f17b5f3e160a2505ea2a8f749fad1,NVIDIA A40,AMD EPYC 9354P 32-Core Processor
inv,0.01,55,2,this_battery,60.3,False,0.006224031840573028,0.006033945835872262,0.004915829439332652,7.48824990676501,7.48824990676501,50560.0,1617300.0,292980706406400.0,292561030656000.0,211.79,a416e13682621d146c424857cd471075db74c75b55f8a55a1257a627a1f2a8ed,NVIDIA A40,AMD EPYC 9354P 32-Core Processor
inv,0.01,56,2,this_battery,57.56,False,0.005296001519054114,0.005200989692356379,0.00501879727410424,4.359821389519495,4.359821389519495,40830.0,1306560.0,236581350604800.0,236349805363200.0,144.766,130261f0c4466f246808fd4ba63d9f08143a0cfed35bf62d958f9b2e29d20be3,NVIDIA A40,AMD EPYC 9354P 32-Core Processor
inv,0.01,57,2,this_battery,54.74,True,0.005768638051275162,0.005569637077335432,0.00530981776417786,7.202418990116102,7.202418990116103,47740.0,1527680.0,276580791091200.0,276349245849600.0,207.059,262c7a5899212c06db2379bc00423c66ce77b2f380e3dd2544a55d6c4436a4e7,NVIDIA A40,AMD EPYC 9354P 32-Core Processor
inv,0.01,58,2,this_battery,49.78,False,0.0053160454946243356,0.005208345880712832,0.0049925982303707355,4.263989806791783,4.263989806791783,40720.0,1303040.0,236078463283200.0,235713055948800.0,144.429,92299ef32742b247ba4f33a2becc0e1e93576f7746d4a755ccd8bfeb157ba458,NVIDIA A40,AMD EPYC 9354P 32-Core Processor
inv,0.01,59,2,this_battery,57.29,False,0.005888209680875582,0.005702264140417548,0.005188347925783694,6.5290599151602215,6.529059915160221,46300.0,1481600.0,268458618163200.0,268013617152000.0,200.861,bce87f5dbaaf91c5894c8d7ca7e52eaac77d000c9ced192905f1e6269c5f524b,NVIDIA A40,AMD EPYC 9354P 32-Core Processor
inv,0.01,60,2,this_battery,51.77,False,0.005789656901760951,0.005485495726538709,0.004858728529036767,5.358868070534844,5.358868070534843,44820.0,1434240.0,259994554214400.0,259446443212800.0,205.193,3b32738e1f0216ed23dee44aded6a5aeb00ba380504b13e275cfff65c6fb3980,NVIDIA A40,AMD EPYC 9354P 32-Core Processor
inv,0.01,61,2,this_battery,55.15,False,0.005771056694216664,0.005573631887816381,0.0050769525261887116,6.187282291168084,6.187282291168085,47700.0,1526400.0,276334774272000.0,276117700608000.0,207.557,faf0bee2c22b503f3988e0de5e87d19d3b8b5e88f4fa869675fc258cf0fdade7,NVIDIA A40,AMD EPYC 9354P 32-Core Processor
inv,0.01,62,2,this_battery,56.35,False,0.00594932378280163,0.005748650131398322,0.004995052515094236,6.192892624091221,6.192892624091221,46430.0,1485760.0,269149635993600.0,268766139187200.0,207.249,fbf8d21635157ed59ca0715b3b6c225e0e8cc78beedfaf538efb6738946300a2,NVIDIA A40,AMD EPYC 9354P 32-Core Processor
inv,0.01,63,2,this_battery,56.84,False,0.005575284810545813,0.005396505233472491,0.005004860431552625,4.868854149779561,4.86885414977956,45030.0,1440960.0,261081731481600.0,260662055731200.0,171.972,986e341c37087d6868cc7f4a5bea142d377b492bfa8a7ecaf2827285a797999f,NVIDIA A40,AMD EPYC 9354P 32-Core Processor
inv,0.01,64,2,this_battery,50.46000000000001,False,0.005247912167024311,0.005139572364125375,0.0049345890160370455,4.2042220602229925,4.204222060222993,40720.0,1303040.0,236085699072000.0,235713055948800.0,143.891,0d6376db80bd86544e4706992b208add1a6ac70d0a6db7f80bfe53635cee1e60,NVIDIA A40,AMD EPYC 9354P 32-Core Processor
inv,0.01,65,2,this_battery,57.06,False,0.005841519194946875,0.005608357119252882,0.005083896293112586,5.209259827886497,5.2092598278864966,44280.0,1416960.0,256649810841600.0,256320582451200.0,196.403,a715ca28c3f8d279c610b2a280b42ea2187583ed67e3ff7583c8e894e3e0c3d7,NVIDIA A40,AMD EPYC 9354P 32-Core Processor
inv,0.01,66,2,this_battery,64.7,False,0.00592523342927748,0.00573505117430001,0.0053467991847340295,6.379037773778608,6.379037773778608,46430.0,1485760.0,269153253888000.0,268766139187200.0,205.564,6121605e208b65b2556267aa0dce5cac471594371fa80ca5185ca6c13c10e7c4,NVIDIA A40,AMD EPYC 9354P 32-Core Processor
inv,0.01,67,2,this_battery,51.6,False,0.006360411212018035,0.005854788405666189,0.004739841288822978,6.71434873556876,6.71434873556876,44910.0,1437120.0,260316546816000.0,259967420006400.0,245.685,c8e5cf6c5cdd69e7088b7b507d5e7bc8106dc06e4b18971ae02b8dd56e686eca,NVIDIA A40,AMD EPYC 9354P 32-Core Processor
inv,0.01,68,2,this_battery,52.21,False,0.005247830504903461,0.005139481089796415,0.004934504020487211,4.203939888566851,4.203939888566851,40720.0,1303040.0,236078463283200.0,235713055948800.0,143.714,943a1329340579222a7d62fd53e208502bf299de11ff148ada270429e1c22d97,NVIDIA A40,AMD EPYC 9354P 32-Core Processor
inv,0.01,69,2,this_battery,61.45,False,0.006082990720612217,0.005849778264767443,0.005161408974547194,6.7074395509981874,6.707439550998187,48130.0,1539540.0,278890816665600.0,278494657228800.0,215.405,66bf0ef4364744e283ab029d76eabcf1ed61a064c10239f2a05f624ee08334ec,NVIDIA A40,AMD EPYC 9354P 32-Core Processor
inv,0.01,70,2,this_battery,48.35,False,0.005345630944838117,0.005221785183696237,0.004949358448102551,4.74246727204672,4.74246727204672,44990.0,1439680.0,260994902016000.0,260430510489600.0,176.947,d7e79fbceb84633eb0efe8dfcb6c4a176f757025426ca07e714ecfe1e7176a50,NVIDIA A40,AMD EPYC 9354P 32-Core Processor
inv,0.01,71,2,this_battery,51.690000000000005,False,0.005925666049459043,0.005631991962806287,0.004823089614018264,5.5064292356884215,5.5064292356884215,43410.0,1389120.0,251624555520000.0,251284473446400.0,204.702,db9c6be26bfc6ccbafd383498222423d0d71c82530509f4e22899652ba344ccb,NVIDIA A40,AMD EPYC 9354P 32-Core Processor
inv,0.1,42,2,this_battery,69.39,False,0.0061088132647687515,0.005951347929307765,0.005578973831830325,6.480508486675546,6.480508486675545,50150.0,1604800.0,290782835558400.0,290299846656000.0,198.86,5e9185a9c629329d7f09c3748bb1372ab1a53fb940e53089d215013a8c9dfe18,NVIDIA A40,AMD EPYC 9354P 32-Core Processor
inv,0.1,43,2,this_battery,69.28,False,0.005892561091051359,0.005762869465886924,0.005400363409271849,6.032882945304019,6.032882945304019,49020.0,1568640.0,283983003033600.0,283758693580800.0,178.924,ccf4ec5f69bc2d6a325234f318a6828b1e8983302c77ac52518984d46e8c78bf,NVIDIA A40,AMD EPYC 9354P 32-Core Processor
inv,0.1,44,2,this_battery,68.45,False,0.005893384946591805,0.005823209696487122,0.005596252081119812,6.451109300796493,6.451109300796494,49530.0,1584960.0,286973192755200.0,286710895411200.0,178.19,5d123b7b3959c1521f22d2affe2f75cd3a484a29db01eb4e5b1e3bd3a86ae6fd,NVIDIA A40,AMD EPYC 9354P 32-Core Processor
inv,0.1,45,2,this_battery,65.41,False,0.006087469847813013,0.005936002434026663,0.005469589710631837,7.588452917700263,7.5884529177002635,51790.0,1657280.0,300276190464000.0,299793201561600.0,195.013,5e1124a1e57d3753c9e5fdf649400f68d9d428e503982b094fad3ce72c7b17e8,NVIDIA A40,AMD EPYC 9354P 32-Core Processor
inv,0.1,46,2,this_battery,70.15,False,0.006012610057948305,0.005744971936173839,0.005312306802965969,5.972706431820044,5.972706431820043,47340.0,1514880.0,274453469184000.0,274033793433600.0,200.799,5fee32277c0609269c2d892ecccd3a4463f5dabc3e8e6f04a42e88d1a0160e7c,NVIDIA A40,AMD EPYC 9354P 32-Core Processor
inv,0.1,47,2,this_battery,72.71,False,0.006167966295610537,0.006090127460586512,0.005824652481405967,7.753845417901271,7.75384541790127,53760.0,1720320.0,311708736768000.0,311196804710400.0,175.177,08fd75eceb37315af839237b033c99a8a96715b951497cbac4882d60b725fb31,NVIDIA A40,AMD EPYC 9354P 32-Core Processor
inv,0.1,48,2,this_battery,66.94,False,0.0063512436573610115,0.006069706812004267,0.005451111730121854,6.239454231724857,6.2394542317248565,48780.0,1560960.0,282613630003200.0,282369422131200.0,203.518,fe837d4185108cd3e44cc650a2cce97719581291677391736fab584f17c3a4bc,NVIDIA A40,AMD EPYC 9354P 32-Core Processor
inv,0.1,49,2,this_battery,69.64,False,0.005965880560865549,0.00589529112998024,0.005766320082764524,7.317710257252244,7.317710257252243,53080.0,1698560.0,307765231872000.0,307260535603200.0,178.194,482118915550c5c65763d4ccfdf59c97f8fd8dea0f684dcb7505464b80d6fc20,NVIDIA A40,AMD EPYC 9354P 32-Core Processor
inv,0.1,50,2,this_battery,71.09,False,0.006751476943353304,0.006330536449224462,0.005358353155594732,7.757265587802567,7.757265587802567,51020.0,1632640.0,295762867200000.0,295335955660800.0,232.66,31dc1bc156e6fb5c582e9dd11a1735c9c3d9c40aa35566efb6c7511c670977a4,NVIDIA A40,AMD EPYC 9354P 32-Core Processor
inv,0.1,51,2,this_battery,70.42,False,0.006046231436804888,0.005899315078049106,0.005389433866059719,7.328593269360681,7.328593269360681,51640.0,1652480.0,299586981580800.0,298924906905600.0,203.897,ebef3bae2d08060b39b3897de9981e0aa38347605a83d5752124c9bcc08d3059,NVIDIA A40,AMD EPYC 9354P 32-Core Processor
inv,0.1,52,2,this_battery,76.63,False,0.006369028565296085,0.006037585231717545,0.005606519707304425,6.904973884861196,6.904973884861195,47920.0,1533440.0,277812684134400.0,277391199436800.0,219.577,16ba3203e45d082f4c7f3a8dffba4eb1b82a0405fdaebcb724fa4c68743aaaf8,NVIDIA A40,AMD EPYC 9354P 32-Core Processor
inv,0.1,53,2,this_battery,72.03,False,0.005966085320724496,0.005878927583050252,0.005539768961538763,6.164256592218864,6.164256592218864,51480.0,1647360.0,298689743769600.0,297998725939200.0,168.595,160921a0ba8043b2a3ae087560dad1a7465c4597ff7fc13c4f507be43a78203e,NVIDIA A40,AMD EPYC 9354P 32-Core Processor
inv,0.1,54,2,this_battery,67.49000000000001,False,0.005742236335472183,0.005641877672431843,0.0052631375701976384,6.305738591238663,6.305738591238663,52370.0,1675840.0,303631787520000.0,303150607564800.0,171.993,54703e4f1c3ea17aa31d62a5e5878bb60c4f17b5f3e160a2505ea2a8f749fad1,NVIDIA A40,AMD EPYC 9354P 32-Core Processor
inv,0.1,55,2,this_battery,69.86,False,0.006753918118245127,0.006253670296378601,0.0055214602938634,7.816000903970699,7.816000903970699,48830.0,1562560.0,282939240499200.0,282658853683200.0,239.735,a416e13682621d146c424857cd471075db74c75b55f8a55a1257a627a1f2a8ed,NVIDIA A40,AMD EPYC 9354P 32-Core Processor
inv,0.1,56,2,this_battery,68.42,False,0.005774193494899065,0.005677714784961947,0.0053904876750882,5.574964594665098,5.574964594665099,47570.0,1522240.0,275799325900800.0,275365178572800.0,157.086,130261f0c4466f246808fd4ba63d9f08143a0cfed35bf62d958f9b2e29d20be3,NVIDIA A40,AMD EPYC 9354P 32-Core Processor
inv,0.1,57,2,this_battery,68.94,False,0.0063579419335457795,0.006191321231318584,0.005854795299403881,7.689813006844612,7.689813006844612,49960.0,1598720.0,289663097241600.0,289200006758400.0,206.231,262c7a5899212c06db2379bc00423c66ce77b2f380e3dd2544a55d6c4436a4e7,NVIDIA A40,AMD EPYC 9354P 32-Core Processor
inv,0.1,58,2,this_battery,72.21,False,0.005910145174617812,0.005821608399618241,0.005689968363185192,6.274196603422979,6.274196603422979,49840.0,1594880.0,288990168883200.0,288505371033600.0,182.112,92299ef32742b247ba4f33a2becc0e1e93576f7746d4a755ccd8bfeb157ba458,NVIDIA A40,AMD EPYC 9354P 32-Core Processor
inv,0.1,59,2,this_battery,64.62,False,0.005713889223832851,0.005637630683651177,0.005355325573403092,5.444752219999044,5.444752219999044,47700.0,1526400.0,276747214233600.0,276117700608000.0,163.922,bce87f5dbaaf91c5894c8d7ca7e52eaac77d000c9ced192905f1e6269c5f524b,NVIDIA A40,AMD EPYC 9354P 32-Core Processor
inv,0.1,60,2,this_battery,68.08999999999999,False,0.005880284831246685,0.005761526540042538,0.005576907003835478,6.306096789274211,6.3060967892742115,46780.0,1496960.0,271410819993600.0,270792160051200.0,183.36,3b32738e1f0216ed23dee44aded6a5aeb00ba380504b13e275cfff65c6fb3980,NVIDIA A40,AMD EPYC 9354P 32-Core Processor
inv,0.1,61,2,this_battery,76.01,False,0.006079577020295345,0.0060217061800021815,0.005860310709881879,7.72039090824864,7.720390908248641,54690.0,1750080.0,317311046246400.0,316580231577600.0,174.669,faf0bee2c22b503f3988e0de5e87d19d3b8b5e88f4fa869675fc258cf0fdade7,NVIDIA A40,AMD EPYC 9354P 32-Core Processor
inv,0.1,62,2,this_battery,68.58,False,0.005566032916290545,0.0055336165820140245,0.005484813293615075,5.175947983911771,5.175947983911771,45750.0,1464000.0,265249545830400.0,264829870080000.0,163.926,fbf8d21635157ed59ca0715b3b6c225e0e8cc78beedfaf538efb6738946300a2,NVIDIA A40,AMD EPYC 9354P 32-Core Processor
inv,0.1,63,2,this_battery,67.58,False,0.006370830041039541,0.006157822265993615,0.005731015710783996,8.093158556670527,8.093158556670527,53790.0,1721280.0,311632760985600.0,311370463641600.0,221.891,986e341c37087d6868cc7f4a5bea142d377b492bfa8a7ecaf2827285a797999f,NVIDIA A40,AMD EPYC 9354P 32-Core Processor
inv,0.1,64,2,this_battery,67.65,False,0.006090715299219333,0.0058760579291170165,0.005291765225155974,7.128218817094073,7.128218817094073,51340.0,1642880.0,297810595430400.0,297188317593600.0,209.428,0d6376db80bd86544e4706992b208add1a6ac70d0a6db7f80bfe53635cee1e60,NVIDIA A40,AMD EPYC 9354P 32-Core Processor
inv,0.1,65,2,this_battery,67.30000000000001,False,0.005843581778537309,0.005743136375172676,0.005331192719669588,6.248864581000603,6.248864581000603,49860.0,1595520.0,289230758860800.0,288621143654400.0,175.064,a715ca28c3f8d279c610b2a280b42ea2187583ed67e3ff7583c8e894e3e0c3d7,NVIDIA A40,AMD EPYC 9354P 32-Core Processor
inv,0.1,66,2,this_battery,64.09,False,0.00589281249898016,0.005802036691688353,0.005481252309991221,6.099079679590405,6.099079679590405,49180.0,1573760.0,285099123456000.0,284684874547200.0,180.007,6121605e208b65b2556267aa0dce5cac471594371fa80ca5185ca6c13c10e7c4,NVIDIA A40,AMD EPYC 9354P 32-Core Processor
inv,0.1,67,2,this_battery,66.67,False,0.006365786185163336,0.005952606475940967,0.005324632221770672,6.471618162961098,6.471618162961098,46850.0,1499200.0,271416246835200.0,271197364224000.0,225.32,c8e5cf6c5cdd69e7088b7b507d5e7bc8106dc06e4b18971ae02b8dd56e686eca,NVIDIA A40,AMD EPYC 9354P 32-Core Processor
inv,0.1,68,2,this_battery,68.11,False,0.005848742325531213,0.005735808624897017,0.005408151163957814,5.500317743303766,5.500317743303766,48230.0,1543360.0,279789863424000.0,279185675059200.0,174.483,943a1329340579222a7d62fd53e208502bf299de11ff148ada270429e1c22d97,NVIDIA A40,AMD EPYC 9354P 32-Core Processor
inv,0.1,69,2,this_battery,71.39999999999999,False,0.006456249208804964,0.0062007759512593035,0.005680957459071332,7.930715797584456,7.930715797584456,50380.0,1612160.0,292078041753600.0,291631231795200.0,223.783,66bf0ef4364744e283ab029d76eabcf1ed61a064c10239f2a05f624ee08334ec,NVIDIA A40,AMD EPYC 9354P 32-Core Processor
inv,0.1,70,2,this_battery,63.68000000000001,False,0.005446514740131971,0.005355589091743666,0.0052242707231854495,5.2305000139967515,5.2305000139967515,46300.0,1481600.0,268429675008000.0,268013617152000.0,177.416,d7e79fbceb84633eb0efe8dfcb6c4a176f757025426ca07e714ecfe1e7176a50,NVIDIA A40,AMD EPYC 9354P 32-Core Processor
inv,0.1,71,2,this_battery,65.19,False,0.006465312787311213,0.006108946370513392,0.005503918304763515,6.159273125882983,6.159273125882983,48930.0,1565760.0,283724323584000.0,283237716787200.0,213.344,db9c6be26bfc6ccbafd383498222423d0d71c82530509f4e22899652ba344ccb,NVIDIA A40,AMD EPYC 9354P 32-Core Processor
lr_only_matched,0.01,42,1,this_battery,63.2,False,0.005574990134859345,0.00542464744386826,0.005124075196078618,6.201154528161673,6.201154528161673,46300.0,1481600.0,268476707635200.0,268013617152000.0,154.782,5e9185a9c629329d7f09c3748bb1372ab1a53fb940e53089d215013a8c9dfe18,NVIDIA A40,AMD EPYC 9354P 32-Core Processor
lr_only_matched,0.01,43,1,this_battery,46.93,False,0.005616372513843636,0.005297916111963083,0.004904211684799247,6.2627508307890345,6.2627508307890345,44890.0,1436480.0,260450408908800.0,259851647385600.0,166.976,ccf4ec5f69bc2d6a325234f318a6828b1e8983302c77ac52518984d46e8c78bf,NVIDIA A40,AMD EPYC 9354P 32-Core Processor
lr_only_matched,0.01,44,1,this_battery,58.08,False,0.005698829739633308,0.0055012461253652325,0.005082560364905755,6.828804990936423,6.8288049909364235,46140.0,1476480.0,267498067200000.0,267087436185600.0,164.537,5d123b7b3959c1521f22d2affe2f75cd3a484a29db01eb4e5b1e3bd3a86ae6fd,NVIDIA A40,AMD EPYC 9354P 32-Core Processor
lr_only_matched,0.01,45,1,this_battery,59.730000000000004,False,0.005514253968491082,0.005260435819672343,0.004927510598496722,5.821010169430086,5.821010169430086,43520.0,1392640.0,252358988083200.0,251921222860800.0,149.537,5e1124a1e57d3753c9e5fdf649400f68d9d428e503982b094fad3ce72c7b17e8,NVIDIA A40,AMD EPYC 9354P 32-Core Processor
lr_only_matched,0.01,46,1,this_battery,56.620000000000005,True,0.00622410464470583,0.005820918933218696,0.005084272356821027,10.230444759529709,10.230444759529709,46330.0,1482560.0,268625041305600.0,268187276083200.0,194.473,5fee32277c0609269c2d892ecccd3a4463f5dabc3e8e6f04a42e88d1a0160e7c,NVIDIA A40,AMD EPYC 9354P 32-Core Processor
lr_only_matched,0.01,47,1,this_battery,56.81,False,0.0056443187381316874,0.00528841225687846,0.005001344521322831,6.428002852017937,6.428002852017937,46280.0,1480960.0,268337418700800.0,267897844531200.0,177.439,08fd75eceb37315af839237b033c99a8a96715b951497cbac4882d60b725fb31,NVIDIA A40,AMD EPYC 9354P 32-Core Processor
lr_only_matched,0.01,48,1,this_battery,54.99000000000001,True,0.005481897984635845,0.0054164114376659455,0.005345179484878073,6.019257377016898,6.019257377016897,42120.0,1347840.0,244213298841600.0,243817139404800.0,142.081,fe837d4185108cd3e44cc650a2cce97719581291677391736fab584f17c3a4bc,NVIDIA A40,AMD EPYC 9354P 32-Core Processor
lr_only_matched,0.01,49,1,this_battery,50.64999999999999,False,0.00554782731715609,0.005326590447979937,0.0050509211919193605,5.794928578922084,5.794928578922084,43760.0,1400320.0,253768157952000.0,253310494310400.0,152.901,482118915550c5c65763d4ccfdf59c97f8fd8dea0f684dcb7505464b80d6fc20,NVIDIA A40,AMD EPYC 9354P 32-Core Processor
lr_only_matched,0.01,50,1,this_battery,60.940000000000005,False,0.006329641898242769,0.005651417359163273,0.004875759366324022,8.74644635372352,8.74644635372352,44890.0,1436480.0,260493823641600.0,259851647385600.0,198.828,31dc1bc156e6fb5c582e9dd11a1735c9c3d9c40aa35566efb6c7511c670977a4,NVIDIA A40,AMD EPYC 9354P 32-Core Processor
lr_only_matched,0.01,51,1,this_battery,53.25,True,0.0057994767929804665,0.005593505918728854,0.0052201242327971475,8.068628635142778,8.068628635142778,46340.0,1482880.0,268681118668800.0,268245162393600.0,168.957,ebef3bae2d08060b39b3897de9981e0aa38347605a83d5752124c9bcc08d3059,NVIDIA A40,AMD EPYC 9354P 32-Core Processor
lr_only_matched,0.01,52,1,this_battery,57.36,True,0.005975649496648002,0.005706803330563672,0.005298524081383124,9.512396231221244,9.512396231221244,51350.0,1643200.0,297497647564800.0,297246203904000.0,208.603,16ba3203e45d082f4c7f3a8dffba4eb1b82a0405fdaebcb724fa4c68743aaaf8,NVIDIA A40,AMD EPYC 9354P 32-Core Processor
lr_only_matched,0.01,53,1,this_battery,60.61,False,0.005613314960984329,0.005483005033693495,0.005063348157276531,6.578977891955979,6.578977891955979,43670.0,1397440.0,253419031142400.0,252789517516800.0,141.919,160921a0ba8043b2a3ae087560dad1a7465c4597ff7fc13c4f507be43a78203e,NVIDIA A40,AMD EPYC 9354P 32-Core Processor
lr_only_matched,0.01,54,1,this_battery,55.17999999999999,False,0.005776052134021915,0.005495992078295481,0.005010666588870496,7.425888461469022,7.425888461469022,48960.0,1566720.0,283919689881600.0,283411375718400.0,188.577,54703e4f1c3ea17aa31d62a5e5878bb60c4f17b5f3e160a2505ea2a8f749fad1,NVIDIA A40,AMD EPYC 9354P 32-Core Processor
lr_only_matched,0.01,55,1,this_battery,60.5,False,0.006125734607930457,0.005765899369647015,0.004915829439332652,10.20098011776463,10.20098011776463,50300.0,1608360.0,291437674444800.0,290943831859200.0,198.437,a416e13682621d146c424857cd471075db74c75b55f8a55a1257a627a1f2a8ed,NVIDIA A40,AMD EPYC 9354P 32-Core Processor
lr_only_matched,0.01,56,1,this_battery,57.18,False,0.0052817433147054746,0.005170341691934656,0.00501879727410424,4.928760124014963,4.928760124014963,42150.0,1348800.0,244224152524800.0,243990798336000.0,147.05,130261f0c4466f246808fd4ba63d9f08143a0cfed35bf62d958f9b2e29d20be3,NVIDIA A40,AMD EPYC 9354P 32-Core Processor
lr_only_matched,0.01,57,1,this_battery,52.99,True,0.005768638051275162,0.005569637077335432,0.00530981776417786,8.068575621543742,8.068575621543742,47740.0,1527680.0,276580791091200.0,276349245849600.0,207.389,262c7a5899212c06db2379bc00423c66ce77b2f380e3dd2544a55d6c4436a4e7,NVIDIA A40,AMD EPYC 9354P 32-Core Processor
lr_only_matched,0.01,58,1,this_battery,49.87,False,0.005312160758404694,0.005180462674967783,0.0049925982303707355,4.718052556822453,4.718052556822453,39650.0,1268800.0,229908144384000.0,229519220736000.0,144.475,92299ef32742b247ba4f33a2becc0e1e93576f7746d4a755ccd8bfeb157ba458,NVIDIA A40,AMD EPYC 9354P 32-Core Processor
lr_only_matched,0.01,59,1,this_battery,55.22,False,0.0057983653337818145,0.005587863638407126,0.005188347925783694,7.959901693733547,7.959901693733547,46330.0,1482560.0,268644939724800.0,268187276083200.0,166.908,bce87f5dbaaf91c5894c8d7ca7e52eaac77d000c9ced192905f1e6269c5f524b,NVIDIA A40,AMD EPYC 9354P 32-Core Processor
lr_only_matched,0.01,60,1,this_battery,52.459999999999994,False,0.0056191598417860795,0.005212128618341939,0.004858728529036767,6.252440479520863,6.252440479520863,44890.0,1436480.0,260502868377600.0,259851647385600.0,174.834,3b32738e1f0216ed23dee44aded6a5aeb00ba380504b13e275cfff65c6fb3980,NVIDIA A40,AMD EPYC 9354P 32-Core Processor
lr_only_matched,0.01,61,1,this_battery,55.33,False,0.005771052771276572,0.005573018702893787,0.0050769525261887116,8.033380219827633,8.033380219827631,47720.0,1527040.0,276468636364800.0,276233473228800.0,206.079,faf0bee2c22b503f3988e0de5e87d19d3b8b5e88f4fa869675fc258cf0fdade7,NVIDIA A40,AMD EPYC 9354P 32-Core Processor
lr_only_matched,0.01,62,1,this_battery,55.25,False,0.0058110331657122895,0.005529719601142542,0.004995052515094236,7.769456711275682,7.769456711275682,46330.0,1482560.0,268643130777600.0,268187276083200.0,170.886,fbf8d21635157ed59ca0715b3b6c225e0e8cc78beedfaf538efb6738946300a2,NVIDIA A40,AMD EPYC 9354P 32-Core Processor
lr_only_matched,0.01,63,1,this_battery,55.06999999999999,False,0.005478070394083268,0.005277157141149538,0.005004860431552625,5.687231842429847,5.687231842429847,44910.0,1437120.0,260396140492800.0,259967420006400.0,146.565,986e341c37087d6868cc7f4a5bea142d377b492bfa8a7ecaf2827285a797999f,NVIDIA A40,AMD EPYC 9354P 32-Core Processor
lr_only_matched,0.01,64,1,this_battery,46.31,False,0.005229086733596604,0.005101714559590512,0.0049345890160370455,4.845971829609014,4.845971829609013,42120.0,1347840.0,244218725683200.0,243817139404800.0,146.54,0d6376db80bd86544e4706992b208add1a6ac70d0a6db7f80bfe53635cee1e60,NVIDIA A40,AMD EPYC 9354P 32-Core Processor
lr_only_matched,0.01,65,1,this_battery,56.95,False,0.005703248146717285,0.0053997631898207695,0.005083896293112586,6.040475980620223,6.040475980620223,43790.0,1401280.0,253930963200000.0,253484153241600.0,167.216,a715ca28c3f8d279c610b2a280b42ea2187583ed67e3ff7583c8e894e3e0c3d7,NVIDIA A40,AMD EPYC 9354P 32-Core Processor
lr_only_matched,0.01,66,1,this_battery,61.1,False,0.005830528377568388,0.0056178198954378745,0.0053467991847340295,7.122749432609602,7.122749432609602,46430.0,1485760.0,269229229670400.0,268766139187200.0,171.296,6121605e208b65b2556267aa0dce5cac471594371fa80ca5185ca6c13c10e7c4,NVIDIA A40,AMD EPYC 9354P 32-Core Processor
lr_only_matched,0.01,67,1,this_battery,50.23,False,0.006158370352430932,0.005501495878447506,0.004739841288822978,8.627546660265738,8.627546660265738,44930.0,1437760.0,260506486272000.0,260083192627200.0,202.142,c8e5cf6c5cdd69e7088b7b507d5e7bc8106dc06e4b18971ae02b8dd56e686eca,NVIDIA A40,AMD EPYC 9354P 32-Core Processor
lr_only_matched,0.01,68,1,this_battery,47.449999999999996,False,0.005228988970273618,0.005101626293704777,0.004934504020487211,4.84573342950617,4.84573342950617,42120.0,1347840.0,244218725683200.0,243817139404800.0,146.708,943a1329340579222a7d62fd53e208502bf299de11ff148ada270429e1c22d97,NVIDIA A40,AMD EPYC 9354P 32-Core Processor
lr_only_matched,0.01,69,1,this_battery,62.19,False,0.006082990690854764,0.005849394015024035,0.005161408974547194,9.462079110453436,9.462079110453436,48140.0,1539550.0,278892625612800.0,278496466176000.0,216.547,66bf0ef4364744e283ab029d76eabcf1ed61a064c10239f2a05f624ee08334ec,NVIDIA A40,AMD EPYC 9354P 32-Core Processor
lr_only_matched,0.01,70,1,this_battery,51.12,False,0.005254346871552592,0.005120229213351956,0.004949358448102551,5.19082206190532,5.190822061905319,44900.0,1436800.0,260493823641600.0,259909533696000.0,149.756,d7e79fbceb84633eb0efe8dfcb6c4a176f757025426ca07e714ecfe1e7176a50,NVIDIA A40,AMD EPYC 9354P 32-Core Processor
lr_only_matched,0.01,71,1,this_battery,50.49,False,0.005778445587256568,0.005350376030059287,0.004823089614018264,6.8128185495949,6.812818549594899,43520.0,1392640.0,252364414924800.0,251921222860800.0,172.26,db9c6be26bfc6ccbafd383498222423d0d71c82530509f4e22899652ba344ccb,NVIDIA A40,AMD EPYC 9354P 32-Core Processor
lr_only_matched,0.1,42,1,this_battery,70.04,False,0.006086876291601926,0.005923866649110666,0.005578973831830325,7.958904745521256,7.958904745521255,50180.0,1605760.0,290963730278400.0,290473505587200.0,198.775,5e9185a9c629329d7f09c3748bb1372ab1a53fb940e53089d215013a8c9dfe18,NVIDIA A40,AMD EPYC 9354P 32-Core Processor
lr_only_matched,0.1,43,1,this_battery,70.32000000000001,False,0.005817557190198545,0.005667174816416038,0.005400363409271849,6.851227815246309,6.851227815246309,48940.0,1566080.0,283550664652800.0,283295603097600.0,161.368,ccf4ec5f69bc2d6a325234f318a6828b1e8983302c77ac52518984d46e8c78bf,NVIDIA A40,AMD EPYC 9354P 32-Core Processor
lr_only_matched,0.1,44,1,this_battery,65.8,False,0.005849025626020609,0.005768465297316737,0.005596252081119812,7.070207116907858,7.0702071169078575,49300.0,1577600.0,285645425510400.0,285379510272000.0,178.912,5d123b7b3959c1521f22d2affe2f75cd3a484a29db01eb4e5b1e3bd3a86ae6fd,NVIDIA A40,AMD EPYC 9354P 32-Core Processor
lr_only_matched,0.1,45,1,this_battery,67.23,False,0.006043118626366319,0.005850871553658743,0.005469589710631837,8.779743325175293,8.779743325175293,51640.0,1652480.0,299431412121600.0,298924906905600.0,195.973,5e1124a1e57d3753c9e5fdf649400f68d9d428e503982b094fad3ce72c7b17e8,NVIDIA A40,AMD EPYC 9354P 32-Core Processor
lr_only_matched,0.1,46,1,this_battery,69.92,False,0.005882863709811708,0.00558066738254182,0.005312306802965969,6.697938836371143,6.697938836371144,47290.0,1513280.0,274254484992000.0,273744361881600.0,169.295,5fee32277c0609269c2d892ecccd3a4463f5dabc3e8e6f04a42e88d1a0160e7c,NVIDIA A40,AMD EPYC 9354P 32-Core Processor
lr_only_matched,0.1,47,1,this_battery,71.59,False,0.006167166620215302,0.006084119657945372,0.005824652481405967,8.552247975311081,8.552247975311081,54190.0,1734080.0,314223173376000.0,313685916057600.0,175.517,08fd75eceb37315af839237b033c99a8a96715b951497cbac4882d60b725fb31,NVIDIA A40,AMD EPYC 9354P 32-Core Processor
lr_only_matched,0.1,48,1,this_battery,66.43,False,0.006326511206644665,0.005982883056255515,0.005451111730121854,8.286340300004648,8.286340300004648,48560.0,1553920.0,281370883276800.0,281095923302400.0,206.179,fe837d4185108cd3e44cc650a2cce97719581291677391736fab584f17c3a4bc,NVIDIA A40,AMD EPYC 9354P 32-Core Processor
lr_only_matched,0.1,49,1,this_battery,69.88,False,0.005951365492407718,0.005871058406305418,0.005766320082764524,7.6940597475812,7.6940597475812,52660.0,1685120.0,305319535257600.0,304829310566400.0,178.892,482118915550c5c65763d4ccfdf59c97f8fd8dea0f684dcb7505464b80d6fc20,NVIDIA A40,AMD EPYC 9354P 32-Core Processor
lr_only_matched,0.1,50,1,this_battery,69.17,False,0.0067486963994728985,0.006211013360501338,0.005358353155594732,11.227982688943618,11.227982688943618,51060.0,1633920.0,296059534540800.0,295567500902400.0,237.989,31dc1bc156e6fb5c582e9dd11a1735c9c3d9c40aa35566efb6c7511c670977a4,NVIDIA A40,AMD EPYC 9354P 32-Core Processor
lr_only_matched,0.1,51,1,this_battery,71.07,False,0.0060233632075457,0.005848471559015805,0.005389433866059719,9.112024150665718,9.112024150665718,51760.0,1656320.0,300306942566400.0,299619542630400.0,205.864,ebef3bae2d08060b39b3897de9981e0aa38347605a83d5752124c9bcc08d3059,NVIDIA A40,AMD EPYC 9354P 32-Core Processor
lr_only_matched,0.1,52,1,this_battery,76.91,False,0.0062212786240563485,0.005862584247974347,0.005606519707304425,7.344395815670171,7.34439581567017,47890.0,1532480.0,277687866777600.0,277217540505600.0,184.885,16ba3203e45d082f4c7f3a8dffba4eb1b82a0405fdaebcb724fa4c68743aaaf8,NVIDIA A40,AMD EPYC 9354P 32-Core Processor
lr_only_matched,0.1,53,1,this_battery,72.03,False,0.005899657975651821,0.005793400197370903,0.005539768961538763,6.766213682355395,6.766213682355395,51140.0,1636480.0,296745125529600.0,296030591385600.0,153.738,160921a0ba8043b2a3ae087560dad1a7465c4597ff7fc13c4f507be43a78203e,NVIDIA A40,AMD EPYC 9354P 32-Core Processor
lr_only_matched,0.1,54,1,this_battery,69.69,False,0.0056996909087316345,0.0055416945956743915,0.0052631375701976384,7.0589431960327795,7.05894319603278,52570.0,1682240.0,304803985305600.0,304308333772800.0,176.716,54703e4f1c3ea17aa31d62a5e5878bb60c4f17b5f3e160a2505ea2a8f749fad1,NVIDIA A40,AMD EPYC 9354P 32-Core Processor
lr_only_matched,0.1,55,1,this_battery,67.86999999999999,False,0.006543739871157535,0.005983136284262602,0.0055214602938634,9.093856368385383,9.093856368385383,48540.0,1553280.0,281235212236800.0,280980150681600.0,196.066,a416e13682621d146c424857cd471075db74c75b55f8a55a1257a627a1f2a8ed,NVIDIA A40,AMD EPYC 9354P 32-Core Processor
lr_only_matched,0.1,56,1,this_battery,67.29,False,0.005692004814136219,0.005556155376865156,0.0053904876750882,6.031442221059204,6.031442221059205,47460.0,1518720.0,275200564377600.0,274728429158400.0,163.462,130261f0c4466f246808fd4ba63d9f08143a0cfed35bf62d958f9b2e29d20be3,NVIDIA A40,AMD EPYC 9354P 32-Core Processor
lr_only_matched,0.1,57,1,this_battery,69.17999999999999,False,0.006357830824792472,0.006188726935889625,0.005854795299403881,8.947193550361547,8.947193550361547,50100.0,1603200.0,290493404006400.0,290010415104000.0,207.186,262c7a5899212c06db2379bc00423c66ce77b2f380e3dd2544a55d6c4436a4e7,NVIDIA A40,AMD EPYC 9354P 32-Core Processor
lr_only_matched,0.1,58,1,this_battery,73.04,False,0.0058429325091395945,0.005751727683055587,0.005689968363185192,6.31596750653867,6.31596750653867,49880.0,1596160.0,289223523072000.0,288736916275200.0,160.147,92299ef32742b247ba4f33a2becc0e1e93576f7746d4a755ccd8bfeb157ba458,NVIDIA A40,AMD EPYC 9354P 32-Core Processor
lr_only_matched,0.1,59,1,this_battery,64.85,False,0.00564835142898845,0.005546213729221048,0.005355325573403092,5.967798323215404,5.967798323215404,47910.0,1533120.0,277991769907200.0,277333313126400.0,158.231,bce87f5dbaaf91c5894c8d7ca7e52eaac77d000c9ced192905f1e6269c5f524b,NVIDIA A40,AMD EPYC 9354P 32-Core Processor
lr_only_matched,0.1,60,1,this_battery,67.97999999999999,False,0.005816050000234692,0.0057071998980260065,0.005576907003835478,6.678024460596564,6.678024460596563,46830.0,1498560.0,271754519961600.0,271081591603200.0,161.944,3b32738e1f0216ed23dee44aded6a5aeb00ba380504b13e275cfff65c6fb3980,NVIDIA A40,AMD EPYC 9354P 32-Core Processor
lr_only_matched,0.1,61,1,this_battery,75.26,False,0.006060549318794322,0.005978238792439884,0.005860310709881879,7.769738833322254,7.769738833322253,54610.0,1747520.0,316849764710400.0,316117141094400.0,173.969,faf0bee2c22b503f3988e0de5e87d19d3b8b5e88f4fa869675fc258cf0fdade7,NVIDIA A40,AMD EPYC 9354P 32-Core Processor
lr_only_matched,0.1,62,1,this_battery,69.85,False,0.005558153407828815,0.005528537183573481,0.005484813293615075,5.174164942392632,5.174164942392632,45080.0,1442560.0,261392870400000.0,260951487283200.0,146.288,fbf8d21635157ed59ca0715b3b6c225e0e8cc78beedfaf538efb6738946300a2,NVIDIA A40,AMD EPYC 9354P 32-Core Processor
lr_only_matched,0.1,63,1,this_battery,68.99,False,0.006353880347951594,0.006119770775762999,0.005731015710783996,10.286467058771466,10.286467058771466,53870.0,1723840.0,312065099366400.0,311833554124800.0,220.816,986e341c37087d6868cc7f4a5bea142d377b492bfa8a7ecaf2827285a797999f,NVIDIA A40,AMD EPYC 9354P 32-Core Processor
lr_only_matched,0.1,64,1,this_battery,66.22,False,0.006089700179034384,0.005865346661154393,0.005291765225155974,9.513965749164672,9.513965749164672,51690.0,1654080.0,299863750502400.0,299214338457600.0,211.263,0d6376db80bd86544e4706992b208add1a6ac70d0a6db7f80bfe53635cee1e60,NVIDIA A40,AMD EPYC 9354P 32-Core Processor
lr_only_matched,0.1,65,1,this_battery,68.61,False,0.00581962512821049,0.005681904036326763,0.005331192719669588,7.17111066356221,7.17111066356221,49860.0,1595520.0,289321206220800.0,288621143654400.0,167.877,a715ca28c3f8d279c610b2a280b42ea2187583ed67e3ff7583c8e894e3e0c3d7,NVIDIA A40,AMD EPYC 9354P 32-Core Processor
lr_only_matched,0.1,66,1,this_battery,64.36,False,0.005848422212276079,0.005724723523412696,0.005481252309991221,6.697383146875566,6.697383146875566,49220.0,1575040.0,285426542899200.0,284916419788800.0,153.234,6121605e208b65b2556267aa0dce5cac471594371fa80ca5185ca6c13c10e7c4,NVIDIA A40,AMD EPYC 9354P 32-Core Processor
lr_only_matched,0.1,67,1,this_battery,63.04,False,0.006162977898999433,0.005705220853005643,0.005324632221770672,7.62235619282351,7.62235619282351,46910.0,1501120.0,271810597324800.0,271544682086400.0,185.436,c8e5cf6c5cdd69e7088b7b507d5e7bc8106dc06e4b18971ae02b8dd56e686eca,NVIDIA A40,AMD EPYC 9354P 32-Core Processor
lr_only_matched,0.1,68,1,this_battery,71.45,False,0.005758149330045448,0.005622222656583474,0.005408151163957814,6.124753977874932,6.124753977874931,48070.0,1538240.0,278887198771200.0,278259494092800.0,151.879,943a1329340579222a7d62fd53e208502bf299de11ff148ada270429e1c22d97,NVIDIA A40,AMD EPYC 9354P 32-Core Processor
lr_only_matched,0.1,69,1,this_battery,71.31,False,0.006442891973187096,0.0061734402928363356,0.005680957459071332,10.122032976637545,10.122032976637545,50420.0,1613440.0,292295115417600.0,291862777036800.0,222.0,66bf0ef4364744e283ab029d76eabcf1ed61a064c10239f2a05f624ee08334ec,NVIDIA A40,AMD EPYC 9354P 32-Core Processor
lr_only_matched,0.1,70,1,this_battery,60.199999999999996,False,0.005371836855701923,0.005282555807986498,0.0052242707231854495,5.279686630933475,5.279686630933475,46450.0,1486400.0,269350429132800.0,268881911808000.0,150.941,d7e79fbceb84633eb0efe8dfcb6c4a176f757025426ca07e714ecfe1e7176a50,NVIDIA A40,AMD EPYC 9354P 32-Core Processor
lr_only_matched,0.1,71,1,this_battery,64.45,False,0.006286277274493552,0.005881058584509815,0.005503918304763515,7.460927193472759,7.460927193472759,48960.0,1566720.0,283908836198400.0,283411375718400.0,179.26,db9c6be26bfc6ccbafd383498222423d0d71c82530509f4e22899652ba344ccb,NVIDIA A40,AMD EPYC 9354P 32-Core Processor
u1,0.01,42,1,this_battery,61.24000000000001,False,0.005574990134859345,0.00542464744386826,0.005124075196078618,6.201154528161673,6.201154528161673,46300.0,1481600.0,268476707635200.0,268013617152000.0,156.274,5e9185a9c629329d7f09c3748bb1372ab1a53fb940e53089d215013a8c9dfe18,NVIDIA A40,AMD EPYC 9354P 32-Core Processor
u1,0.01,43,1,this_battery,50.2,False,0.005616372513843636,0.005297916111963083,0.004904211684799247,6.262750830789034,6.262750830789034,44890.0,1436480.0,260450408908800.0,259851647385600.0,167.431,ccf4ec5f69bc2d6a325234f318a6828b1e8983302c77ac52518984d46e8c78bf,NVIDIA A40,AMD EPYC 9354P 32-Core Processor
u1,0.01,44,1,this_battery,56.92,False,0.005698829739633308,0.0055012461253652325,0.005082560364905755,6.828804990936423,6.8288049909364235,46140.0,1476480.0,267498067200000.0,267087436185600.0,163.732,5d123b7b3959c1521f22d2affe2f75cd3a484a29db01eb4e5b1e3bd3a86ae6fd,NVIDIA A40,AMD EPYC 9354P 32-Core Processor
u1,0.01,45,1,this_battery,59.78,False,0.005514253968491082,0.005260435819672343,0.004927510598496722,5.821010169430087,5.821010169430087,43520.0,1392640.0,252358988083200.0,251921222860800.0,149.694,5e1124a1e57d3753c9e5fdf649400f68d9d428e503982b094fad3ce72c7b17e8,NVIDIA A40,AMD EPYC 9354P 32-Core Processor
u1,0.01,46,1,this_battery,56.32,True,0.00622410464470583,0.005820918933218696,0.005084272356821027,10.230444759529707,10.230444759529707,46330.0,1482560.0,268625041305600.0,268187276083200.0,193.607,5fee32277c0609269c2d892ecccd3a4463f5dabc3e8e6f04a42e88d1a0160e7c,NVIDIA A40,AMD EPYC 9354P 32-Core Processor
u1,0.01,47,1,this_battery,55.489999999999995,False,0.0056443187381316874,0.00528841225687846,0.005001344521322831,6.428002852017937,6.428002852017938,46280.0,1480960.0,268337418700800.0,267897844531200.0,178.216,08fd75eceb37315af839237b033c99a8a96715b951497cbac4882d60b725fb31,NVIDIA A40,AMD EPYC 9354P 32-Core Processor
u1,0.01,48,1,this_battery,53.669999999999995,True,0.005481897984635845,0.0054164114376659455,0.005345179484878073,6.019257377016898,6.019257377016898,42120.0,1347840.0,244213298841600.0,243817139404800.0,142.115,fe837d4185108cd3e44cc650a2cce97719581291677391736fab584f17c3a4bc,NVIDIA A40,AMD EPYC 9354P 32-Core Processor
u1,0.01,49,1,this_battery,51.81,False,0.00554782731715609,0.005326590447979937,0.0050509211919193605,5.794928578922083,5.794928578922083,43760.0,1400320.0,253768157952000.0,253310494310400.0,153.587,482118915550c5c65763d4ccfdf59c97f8fd8dea0f684dcb7505464b80d6fc20,NVIDIA A40,AMD EPYC 9354P 32-Core Processor
u1,0.01,50,1,this_battery,62.33,False,0.006329641898242769,0.005651417359163273,0.004875759366324022,8.74644635372352,8.74644635372352,44890.0,1436480.0,260493823641600.0,259851647385600.0,198.416,31dc1bc156e6fb5c582e9dd11a1735c9c3d9c40aa35566efb6c7511c670977a4,NVIDIA A40,AMD EPYC 9354P 32-Core Processor
u1,0.01,51,1,this_battery,54.059999999999995,True,0.0057994767929804665,0.005593505918728854,0.0052201242327971475,8.068628635142778,8.068628635142778,46340.0,1482880.0,268681118668800.0,268245162393600.0,167.835,ebef3bae2d08060b39b3897de9981e0aa38347605a83d5752124c9bcc08d3059,NVIDIA A40,AMD EPYC 9354P 32-Core Processor
u1,0.01,52,1,this_battery,55.34,True,0.005975649496648002,0.005706803330563672,0.005298524081383124,9.512396231221244,9.512396231221242,51350.0,1643200.0,297497647564800.0,297246203904000.0,207.785,16ba3203e45d082f4c7f3a8dffba4eb1b82a0405fdaebcb724fa4c68743aaaf8,NVIDIA A40,AMD EPYC 9354P 32-Core Processor
u1,0.01,53,1,this_battery,59.96,False,0.005613314960984329,0.005483005033693495,0.005063348157276531,6.57897789195598,6.578977891955981,43670.0,1397440.0,253419031142400.0,252789517516800.0,141.993,160921a0ba8043b2a3ae087560dad1a7465c4597ff7fc13c4f507be43a78203e,NVIDIA A40,AMD EPYC 9354P 32-Core Processor
u1,0.01,54,1,this_battery,55.010000000000005,False,0.005776052134021915,0.005495992078295481,0.005010666588870496,7.425888461469023,7.4258884614690235,48960.0,1566720.0,283919689881600.0,283411375718400.0,186.181,54703e4f1c3ea17aa31d62a5e5878bb60c4f17b5f3e160a2505ea2a8f749fad1,NVIDIA A40,AMD EPYC 9354P 32-Core Processor
u1,0.01,55,1,this_battery,60.31999999999999,False,0.006125734607930457,0.005765899369647015,0.004915829439332652,10.200980117764631,10.200980117764631,50300.0,1608360.0,291437674444800.0,290943831859200.0,197.943,a416e13682621d146c424857cd471075db74c75b55f8a55a1257a627a1f2a8ed,NVIDIA A40,AMD EPYC 9354P 32-Core Processor
u1,0.01,56,1,this_battery,58.18,False,0.0052817433147054746,0.005170341691934656,0.00501879727410424,4.928760124014963,4.928760124014962,42150.0,1348800.0,244224152524800.0,243990798336000.0,146.222,130261f0c4466f246808fd4ba63d9f08143a0cfed35bf62d958f9b2e29d20be3,NVIDIA A40,AMD EPYC 9354P 32-Core Processor
u1,0.01,57,1,this_battery,53.94,True,0.005768638051275162,0.005569637077335432,0.00530981776417786,8.068575621543742,8.068575621543742,47740.0,1527680.0,276580791091200.0,276349245849600.0,206.82,262c7a5899212c06db2379bc00423c66ce77b2f380e3dd2544a55d6c4436a4e7,NVIDIA A40,AMD EPYC 9354P 32-Core Processor
u1,0.01,58,1,this_battery,50.239999999999995,False,0.005312160758404694,0.005180462674967783,0.0049925982303707355,4.718052556822453,4.718052556822453,39650.0,1268800.0,229908144384000.0,229519220736000.0,143.503,92299ef32742b247ba4f33a2becc0e1e93576f7746d4a755ccd8bfeb157ba458,NVIDIA A40,AMD EPYC 9354P 32-Core Processor
u1,0.01,59,1,this_battery,55.42,False,0.0057983653337818145,0.005587863638407126,0.005188347925783694,7.959901693733548,7.959901693733547,46330.0,1482560.0,268644939724800.0,268187276083200.0,166.859,bce87f5dbaaf91c5894c8d7ca7e52eaac77d000c9ced192905f1e6269c5f524b,NVIDIA A40,AMD EPYC 9354P 32-Core Processor
u1,0.01,60,1,this_battery,52.22,False,0.0056191598417860795,0.005212128618341939,0.004858728529036767,6.252440479520864,6.252440479520864,44890.0,1436480.0,260502868377600.0,259851647385600.0,173.751,3b32738e1f0216ed23dee44aded6a5aeb00ba380504b13e275cfff65c6fb3980,NVIDIA A40,AMD EPYC 9354P 32-Core Processor
u1,0.01,61,1,this_battery,53.63,False,0.005771052771276572,0.005573018702893787,0.0050769525261887116,8.033380219827633,8.033380219827635,47720.0,1527040.0,276468636364800.0,276233473228800.0,207.438,faf0bee2c22b503f3988e0de5e87d19d3b8b5e88f4fa869675fc258cf0fdade7,NVIDIA A40,AMD EPYC 9354P 32-Core Processor
u1,0.01,62,1,this_battery,54.96,False,0.0058110331657122895,0.005529719601142542,0.004995052515094236,7.769456711275682,7.769456711275682,46330.0,1482560.0,268643130777600.0,268187276083200.0,170.775,fbf8d21635157ed59ca0715b3b6c225e0e8cc78beedfaf538efb6738946300a2,NVIDIA A40,AMD EPYC 9354P 32-Core Processor
u1,0.01,63,1,this_battery,56.28999999999999,False,0.005478070394083268,0.005277157141149538,0.005004860431552625,5.687231842429847,5.687231842429847,44910.0,1437120.0,260396140492800.0,259967420006400.0,146.143,986e341c37087d6868cc7f4a5bea142d377b492bfa8a7ecaf2827285a797999f,NVIDIA A40,AMD EPYC 9354P 32-Core Processor
u1,0.01,64,1,this_battery,47.660000000000004,False,0.005229086733596604,0.005101714559590512,0.0049345890160370455,4.845971829609014,4.845971829609014,42120.0,1347840.0,244218725683200.0,243817139404800.0,147.337,0d6376db80bd86544e4706992b208add1a6ac70d0a6db7f80bfe53635cee1e60,NVIDIA A40,AMD EPYC 9354P 32-Core Processor
u1,0.01,65,1,this_battery,57.16,False,0.005703248146717285,0.0053997631898207695,0.005083896293112586,6.040475980620222,6.040475980620222,43790.0,1401280.0,253930963200000.0,253484153241600.0,168.696,a715ca28c3f8d279c610b2a280b42ea2187583ed67e3ff7583c8e894e3e0c3d7,NVIDIA A40,AMD EPYC 9354P 32-Core Processor
u1,0.01,66,1,this_battery,65.45,False,0.005830528377568388,0.0056178198954378745,0.0053467991847340295,7.122749432609602,7.122749432609602,46430.0,1485760.0,269229229670400.0,268766139187200.0,171.128,6121605e208b65b2556267aa0dce5cac471594371fa80ca5185ca6c13c10e7c4,NVIDIA A40,AMD EPYC 9354P 32-Core Processor
u1,0.01,67,1,this_battery,50.72,False,0.006158370352430932,0.005501495878447506,0.004739841288822978,8.627546660265738,8.627546660265738,44930.0,1437760.0,260506486272000.0,260083192627200.0,203.019,c8e5cf6c5cdd69e7088b7b507d5e7bc8106dc06e4b18971ae02b8dd56e686eca,NVIDIA A40,AMD EPYC 9354P 32-Core Processor
u1,0.01,68,1,this_battery,50.61,False,0.005228988970273618,0.005101626293704777,0.004934504020487211,4.84573342950617,4.84573342950617,42120.0,1347840.0,244218725683200.0,243817139404800.0,146.747,943a1329340579222a7d62fd53e208502bf299de11ff148ada270429e1c22d97,NVIDIA A40,AMD EPYC 9354P 32-Core Processor
u1,0.01,69,1,this_battery,61.45,False,0.006082990690854764,0.005849394015024035,0.005161408974547194,9.462079110453434,9.462079110453434,48140.0,1539550.0,278892625612800.0,278496466176000.0,216.392,66bf0ef4364744e283ab029d76eabcf1ed61a064c10239f2a05f624ee08334ec,NVIDIA A40,AMD EPYC 9354P 32-Core Processor
u1,0.01,70,1,this_battery,51.25999999999999,False,0.005254346871552592,0.005120229213351956,0.004949358448102551,5.19082206190532,5.19082206190532,44900.0,1436800.0,260493823641600.0,259909533696000.0,149.332,d7e79fbceb84633eb0efe8dfcb6c4a176f757025426ca07e714ecfe1e7176a50,NVIDIA A40,AMD EPYC 9354P 32-Core Processor
u1,0.01,71,1,this_battery,49.2,False,0.005778445587256568,0.005350376030059287,0.004823089614018264,6.812818549594899,6.812818549594899,43520.0,1392640.0,252364414924800.0,251921222860800.0,171.836,db9c6be26bfc6ccbafd383498222423d0d71c82530509f4e22899652ba344ccb,NVIDIA A40,AMD EPYC 9354P 32-Core Processor
u1,0.1,42,1,this_battery,69.91000000000001,False,0.006086876291601926,0.005923866649110666,0.005578973831830325,7.958904745521257,7.958904745521257,50180.0,1605760.0,290963730278400.0,290473505587200.0,199.228,5e9185a9c629329d7f09c3748bb1372ab1a53fb940e53089d215013a8c9dfe18,NVIDIA A40,AMD EPYC 9354P 32-Core Processor
u1,0.1,43,1,this_battery,69.54,False,0.005817557190198545,0.005667174816416038,0.005400363409271849,6.851227815246309,6.851227815246309,48940.0,1566080.0,283550664652800.0,283295603097600.0,161.413,ccf4ec5f69bc2d6a325234f318a6828b1e8983302c77ac52518984d46e8c78bf,NVIDIA A40,AMD EPYC 9354P 32-Core Processor
u1,0.1,44,1,this_battery,65.14999999999999,False,0.005849025626020609,0.005768465297316737,0.005596252081119812,7.070207116907859,7.070207116907859,49300.0,1577600.0,285645425510400.0,285379510272000.0,177.62,5d123b7b3959c1521f22d2affe2f75cd3a484a29db01eb4e5b1e3bd3a86ae6fd,NVIDIA A40,AMD EPYC 9354P 32-Core Processor
u1,0.1,45,1,this_battery,66.96,False,0.006043118626366319,0.005850871553658743,0.005469589710631837,8.779743325175293,8.779743325175293,51640.0,1652480.0,299431412121600.0,298924906905600.0,196.893,5e1124a1e57d3753c9e5fdf649400f68d9d428e503982b094fad3ce72c7b17e8,NVIDIA A40,AMD EPYC 9354P 32-Core Processor
u1,0.1,46,1,this_battery,70.27,False,0.005882863709811708,0.00558066738254182,0.005312306802965969,6.697938836371144,6.697938836371144,47290.0,1513280.0,274254484992000.0,273744361881600.0,168.748,5fee32277c0609269c2d892ecccd3a4463f5dabc3e8e6f04a42e88d1a0160e7c,NVIDIA A40,AMD EPYC 9354P 32-Core Processor
u1,0.1,47,1,this_battery,72.92999999999999,False,0.006167166620215302,0.006084119657945372,0.005824652481405967,8.552247975311081,8.552247975311081,54190.0,1734080.0,314223173376000.0,313685916057600.0,177.311,08fd75eceb37315af839237b033c99a8a96715b951497cbac4882d60b725fb31,NVIDIA A40,AMD EPYC 9354P 32-Core Processor
u1,0.1,48,1,this_battery,66.9,False,0.006326511206644665,0.005982883056255515,0.005451111730121854,8.286340300004648,8.286340300004648,48560.0,1553920.0,281370883276800.0,281095923302400.0,205.588,fe837d4185108cd3e44cc650a2cce97719581291677391736fab584f17c3a4bc,NVIDIA A40,AMD EPYC 9354P 32-Core Processor
u1,0.1,49,1,this_battery,70.07,False,0.005951365492407718,0.005871058406305418,0.005766320082764524,7.6940597475812,7.6940597475812,52660.0,1685120.0,305319535257600.0,304829310566400.0,178.669,482118915550c5c65763d4ccfdf59c97f8fd8dea0f684dcb7505464b80d6fc20,NVIDIA A40,AMD EPYC 9354P 32-Core Processor
u1,0.1,50,1,this_battery,71.46000000000001,False,0.0067486963994728985,0.006211013360501338,0.005358353155594732,11.227982688943618,11.227982688943618,51060.0,1633920.0,296059534540800.0,295567500902400.0,236.565,31dc1bc156e6fb5c582e9dd11a1735c9c3d9c40aa35566efb6c7511c670977a4,NVIDIA A40,AMD EPYC 9354P 32-Core Processor
u1,0.1,51,1,this_battery,69.87,False,0.0060233632075457,0.005848471559015805,0.005389433866059719,9.112024150665718,9.112024150665718,51760.0,1656320.0,300306942566400.0,299619542630400.0,205.412,ebef3bae2d08060b39b3897de9981e0aa38347605a83d5752124c9bcc08d3059,NVIDIA A40,AMD EPYC 9354P 32-Core Processor
u1,0.1,52,1,this_battery,74.19,False,0.0062212786240563485,0.005862584247974347,0.005606519707304425,7.344395815670171,7.344395815670171,47890.0,1532480.0,277687866777600.0,277217540505600.0,184.823,16ba3203e45d082f4c7f3a8dffba4eb1b82a0405fdaebcb724fa4c68743aaaf8,NVIDIA A40,AMD EPYC 9354P 32-Core Processor
u1,0.1,53,1,this_battery,70.0,False,0.005899657975651821,0.005793400197370903,0.005539768961538763,6.766213682355395,6.766213682355395,51140.0,1636480.0,296745125529600.0,296030591385600.0,154.199,160921a0ba8043b2a3ae087560dad1a7465c4597ff7fc13c4f507be43a78203e,NVIDIA A40,AMD EPYC 9354P 32-Core Processor
u1,0.1,54,1,this_battery,69.76,False,0.0056996909087316345,0.0055416945956743915,0.0052631375701976384,7.058943196032779,7.058943196032779,52570.0,1682240.0,304803985305600.0,304308333772800.0,178.198,54703e4f1c3ea17aa31d62a5e5878bb60c4f17b5f3e160a2505ea2a8f749fad1,NVIDIA A40,AMD EPYC 9354P 32-Core Processor
u1,0.1,55,1,this_battery,68.58,False,0.006543739871157535,0.005983136284262602,0.0055214602938634,9.093856368385381,9.093856368385381,48540.0,1553280.0,281235212236800.0,280980150681600.0,196.968,a416e13682621d146c424857cd471075db74c75b55f8a55a1257a627a1f2a8ed,NVIDIA A40,AMD EPYC 9354P 32-Core Processor
u1,0.1,56,1,this_battery,67.41,False,0.005692004814136219,0.005556155376865156,0.0053904876750882,6.031442221059205,6.031442221059205,47460.0,1518720.0,275200564377600.0,274728429158400.0,162.61,130261f0c4466f246808fd4ba63d9f08143a0cfed35bf62d958f9b2e29d20be3,NVIDIA A40,AMD EPYC 9354P 32-Core Processor
u1,0.1,57,1,this_battery,68.89,False,0.006357830824792472,0.006188726935889625,0.005854795299403881,8.947193550361547,8.947193550361547,50100.0,1603200.0,290493404006400.0,290010415104000.0,206.118,262c7a5899212c06db2379bc00423c66ce77b2f380e3dd2544a55d6c4436a4e7,NVIDIA A40,AMD EPYC 9354P 32-Core Processor
u1,0.1,58,1,this_battery,70.62,False,0.0058429325091395945,0.005751727683055587,0.005689968363185192,6.315967506538671,6.315967506538671,49880.0,1596160.0,289223523072000.0,288736916275200.0,160.469,92299ef32742b247ba4f33a2becc0e1e93576f7746d4a755ccd8bfeb157ba458,NVIDIA A40,AMD EPYC 9354P 32-Core Processor
u1,0.1,59,1,this_battery,66.7,False,0.00564835142898845,0.005546213729221048,0.005355325573403092,5.967798323215405,5.967798323215405,47910.0,1533120.0,277991769907200.0,277333313126400.0,158.117,bce87f5dbaaf91c5894c8d7ca7e52eaac77d000c9ced192905f1e6269c5f524b,NVIDIA A40,AMD EPYC 9354P 32-Core Processor
u1,0.1,60,1,this_battery,67.78999999999999,False,0.005816050000234692,0.0057071998980260065,0.005576907003835478,6.678024460596564,6.678024460596565,46830.0,1498560.0,271754519961600.0,271081591603200.0,161.368,3b32738e1f0216ed23dee44aded6a5aeb00ba380504b13e275cfff65c6fb3980,NVIDIA A40,AMD EPYC 9354P 32-Core Processor
u1,0.1,61,1,this_battery,74.79,False,0.006060549318794322,0.005978238792439884,0.005860310709881879,7.769738833322254,7.769738833322255,54610.0,1747520.0,316849764710400.0,316117141094400.0,174.38,faf0bee2c22b503f3988e0de5e87d19d3b8b5e88f4fa869675fc258cf0fdade7,NVIDIA A40,AMD EPYC 9354P 32-Core Processor
u1,0.1,62,1,this_battery,70.78,False,0.005558153407828815,0.005528537183573481,0.005484813293615075,5.174164942392631,5.174164942392631,45080.0,1442560.0,261392870400000.0,260951487283200.0,146.436,fbf8d21635157ed59ca0715b3b6c225e0e8cc78beedfaf538efb6738946300a2,NVIDIA A40,AMD EPYC 9354P 32-Core Processor
u1,0.1,63,1,this_battery,68.28999999999999,False,0.006353880347951594,0.006119770775762999,0.005731015710783996,10.286467058771466,10.286467058771468,53870.0,1723840.0,312065099366400.0,311833554124800.0,221.075,986e341c37087d6868cc7f4a5bea142d377b492bfa8a7ecaf2827285a797999f,NVIDIA A40,AMD EPYC 9354P 32-Core Processor
u1,0.1,64,1,this_battery,66.64999999999999,False,0.006089700179034384,0.005865346661154393,0.005291765225155974,9.513965749164674,9.513965749164672,51690.0,1654080.0,299863750502400.0,299214338457600.0,211.094,0d6376db80bd86544e4706992b208add1a6ac70d0a6db7f80bfe53635cee1e60,NVIDIA A40,AMD EPYC 9354P 32-Core Processor
u1,0.1,65,1,this_battery,66.82000000000001,False,0.00581962512821049,0.005681904036326763,0.005331192719669588,7.17111066356221,7.17111066356221,49860.0,1595520.0,289321206220800.0,288621143654400.0,167.75,a715ca28c3f8d279c610b2a280b42ea2187583ed67e3ff7583c8e894e3e0c3d7,NVIDIA A40,AMD EPYC 9354P 32-Core Processor
u1,0.1,66,1,this_battery,64.7,False,0.005848422212276079,0.005724723523412696,0.005481252309991221,6.697383146875566,6.697383146875566,49220.0,1575040.0,285426542899200.0,284916419788800.0,153.201,6121605e208b65b2556267aa0dce5cac471594371fa80ca5185ca6c13c10e7c4,NVIDIA A40,AMD EPYC 9354P 32-Core Processor
u1,0.1,67,1,this_battery,65.39,False,0.006162977898999433,0.005705220853005643,0.005324632221770672,7.622356192823509,7.622356192823508,46910.0,1501120.0,271810597324800.0,271544682086400.0,186.734,c8e5cf6c5cdd69e7088b7b507d5e7bc8106dc06e4b18971ae02b8dd56e686eca,NVIDIA A40,AMD EPYC 9354P 32-Core Processor
u1,0.1,68,1,this_battery,70.39999999999999,False,0.005758149330045448,0.005622222656583474,0.005408151163957814,6.124753977874932,6.124753977874933,48070.0,1538240.0,278887198771200.0,278259494092800.0,151.536,943a1329340579222a7d62fd53e208502bf299de11ff148ada270429e1c22d97,NVIDIA A40,AMD EPYC 9354P 32-Core Processor
u1,0.1,69,1,this_battery,72.26,False,0.006442891973187096,0.0061734402928363356,0.005680957459071332,10.122032976637545,10.122032976637545,50420.0,1613440.0,292295115417600.0,291862777036800.0,224.999,66bf0ef4364744e283ab029d76eabcf1ed61a064c10239f2a05f624ee08334ec,NVIDIA A40,AMD EPYC 9354P 32-Core Processor
u1,0.1,70,1,this_battery,60.36,False,0.005371836855701923,0.005282555807986498,0.0052242707231854495,5.279686630933475,5.279686630933475,46450.0,1486400.0,269350429132800.0,268881911808000.0,151.499,d7e79fbceb84633eb0efe8dfcb6c4a176f757025426ca07e714ecfe1e7176a50,NVIDIA A40,AMD EPYC 9354P 32-Core Processor
u1,0.1,71,1,this_battery,64.99000000000001,False,0.006286277274493552,0.005881058584509815,0.005503918304763515,7.460927193472759,7.460927193472759,48960.0,1566720.0,283908836198400.0,283411375718400.0,178.951,db9c6be26bfc6ccbafd383498222423d0d71c82530509f4e22899652ba344ccb,NVIDIA A40,AMD EPYC 9354P 32-Core Processor
u2,0.01,42,1,this_battery,63.739999999999995,False,0.005623188695469343,0.005498142717760288,0.005124075196078618,6.5571124805398115,6.5571124805398115,46040.0,1473280.0,266855890944000.0,266508573081600.0,181.895,5e9185a9c629329d7f09c3748bb1372ab1a53fb940e53089d215013a8c9dfe18,NVIDIA A40,AMD EPYC 9354P 32-Core Processor
u2,0.01,43,1,this_battery,51.55,False,0.005772026459975051,0.005502006486928206,0.004904211684799247,7.1004696177662305,7.10046961776623,44570.0,1426240.0,258505790668800.0,257999285452800.0,197.865,ccf4ec5f69bc2d6a325234f318a6828b1e8983302c77ac52518984d46e8c78bf,NVIDIA A40,AMD EPYC 9354P 32-Core Processor
u2,0.01,44,1,this_battery,59.589999999999996,False,0.005758364502472868,0.00557139677304205,0.005082560364905755,7.192016846861984,7.192016846861984,46270.0,1480640.0,268210792396800.0,267839958220800.0,186.396,5d123b7b3959c1521f22d2affe2f75cd3a484a29db01eb4e5b1e3bd3a86ae6fd,NVIDIA A40,AMD EPYC 9354P 32-Core Processor
u2,0.01,45,1,this_battery,60.78,False,0.005607112036512035,0.005434358286542428,0.004927510598496722,6.506068579466198,6.506068579466198,44010.0,1408320.0,255124868352000.0,254757652070400.0,175.289,5e1124a1e57d3753c9e5fdf649400f68d9d428e503982b094fad3ce72c7b17e8,NVIDIA A40,AMD EPYC 9354P 32-Core Processor
u2,0.01,46,1,this_battery,59.5,True,0.006380504885639394,0.006072944858865531,0.005084272356821027,11.745951696546122,11.745951696546122,46350.0,1483200.0,268628659200000.0,268303048704000.0,239.143,5fee32277c0609269c2d892ecccd3a4463f5dabc3e8e6f04a42e88d1a0160e7c,NVIDIA A40,AMD EPYC 9354P 32-Core Processor
u2,0.01,47,1,this_battery,55.38999999999999,False,0.005805001798003877,0.005490332240254845,0.005001344521322831,7.43797048724352,7.43797048724352,46270.0,1480640.0,268241544499200.0,267839958220800.0,212.258,08fd75eceb37315af839237b033c99a8a96715b951497cbac4882d60b725fb31,NVIDIA A40,AMD EPYC 9354P 32-Core Processor
u2,0.01,48,1,this_battery,55.32,True,0.005481897984635845,0.0054164114376659455,0.005345179484878073,6.019257377016898,6.019257377016898,42120.0,1347840.0,244213298841600.0,243817139404800.0,142.136,fe837d4185108cd3e44cc650a2cce97719581291677391736fab584f17c3a4bc,NVIDIA A40,AMD EPYC 9354P 32-Core Processor
u2,0.01,49,1,this_battery,53.64,False,0.005647930395812788,0.005487332111409895,0.0050509211919193605,6.4756532134218165,6.4756532134218165,43950.0,1406400.0,254763078912000.0,254410334208000.0,179.454,482118915550c5c65763d4ccfdf59c97f8fd8dea0f684dcb7505464b80d6fc20,NVIDIA A40,AMD EPYC 9354P 32-Core Processor
u2,0.01,50,1,this_battery,59.550000000000004,False,0.00652057341161643,0.006070340179789071,0.004875759366324022,10.763447153398442,10.763447153398442,45170.0,1445440.0,262000676659200.0,261472464076800.0,241.217,31dc1bc156e6fb5c582e9dd11a1735c9c3d9c40aa35566efb6c7511c670977a4,NVIDIA A40,AMD EPYC 9354P 32-Core Processor
u2,0.01,51,1,this_battery,56.910000000000004,True,0.005888484900438489,0.005707882667423739,0.0052201242327971475,8.686808179843426,8.686808179843426,46340.0,1482880.0,268632277094400.0,268245162393600.0,203.376,ebef3bae2d08060b39b3897de9981e0aa38347605a83d5752124c9bcc08d3059,NVIDIA A40,AMD EPYC 9354P 32-Core Processor
u2,0.01,52,1,this_battery,55.21,True,0.006039640541339554,0.0058693896062987335,0.005298524081383124,10.252714262007645,10.252714262007645,51210.0,1638720.0,296703519744000.0,296435795558400.0,205.926,16ba3203e45d082f4c7f3a8dffba4eb1b82a0405fdaebcb724fa4c68743aaaf8,NVIDIA A40,AMD EPYC 9354P 32-Core Processor
u2,0.01,53,1,this_battery,61.27,False,0.005663866648386343,0.005597341798233061,0.005063348157276531,7.198114006739842,7.198114006739843,44820.0,1434240.0,260009025792000.0,259446443212800.0,168.493,160921a0ba8043b2a3ae087560dad1a7465c4597ff7fc13c4f507be43a78203e,NVIDIA A40,AMD EPYC 9354P 32-Core Processor
u2,0.01,54,1,this_battery,57.43000000000001,False,0.005847919602137204,0.005674150028862171,0.005010666588870496,8.113008120302633,8.113008120302633,49110.0,1571520.0,284693919283200.0,284279670374400.0,181.785,54703e4f1c3ea17aa31d62a5e5878bb60c4f17b5f3e160a2505ea2a8f749fad1,NVIDIA A40,AMD EPYC 9354P 32-Core Processor
u2,0.01,55,1,this_battery,61.68,False,0.006224031840573028,0.006033945835872262,0.004915829439332652,11.555980850059592,11.555980850059594,50560.0,1617300.0,292980706406400.0,292561030656000.0,212.301,a416e13682621d146c424857cd471075db74c75b55f8a55a1257a627a1f2a8ed,NVIDIA A40,AMD EPYC 9354P 32-Core Processor
u2,0.01,56,1,this_battery,55.96,False,0.005296001519054114,0.005200989692356379,0.00501879727410424,4.8764347042225715,4.8764347042225715,40830.0,1306560.0,236581350604800.0,236349805363200.0,144.143,130261f0c4466f246808fd4ba63d9f08143a0cfed35bf62d958f9b2e29d20be3,NVIDIA A40,AMD EPYC 9354P 32-Core Processor
u2,0.01,57,1,this_battery,54.24,True,0.005768638051275162,0.005569637077335432,0.00530981776417786,8.068575621543742,8.068575621543742,47740.0,1527680.0,276580791091200.0,276349245849600.0,208.823,262c7a5899212c06db2379bc00423c66ce77b2f380e3dd2544a55d6c4436a4e7,NVIDIA A40,AMD EPYC 9354P 32-Core Processor
u2,0.01,58,1,this_battery,51.32,False,0.0053160454946243356,0.005208345880712832,0.0049925982303707355,4.877907755804309,4.877907755804309,40720.0,1303040.0,236078463283200.0,235713055948800.0,144.07,92299ef32742b247ba4f33a2becc0e1e93576f7746d4a755ccd8bfeb157ba458,NVIDIA A40,AMD EPYC 9354P 32-Core Processor
u2,0.01,59,1,this_battery,54.55,False,0.005888209680875582,0.005702264140417548,0.005188347925783694,8.562888923966723,8.562888923966723,46300.0,1481600.0,268458618163200.0,268013617152000.0,202.966,bce87f5dbaaf91c5894c8d7ca7e52eaac77d000c9ced192905f1e6269c5f524b,NVIDIA A40,AMD EPYC 9354P 32-Core Processor
u2,0.01,60,1,this_battery,52.910000000000004,False,0.005789656901760951,0.005485495726538709,0.004858728529036767,7.378782120690482,7.378782120690483,44820.0,1434240.0,259994554214400.0,259446443212800.0,203.185,3b32738e1f0216ed23dee44aded6a5aeb00ba380504b13e275cfff65c6fb3980,NVIDIA A40,AMD EPYC 9354P 32-Core Processor
u2,0.01,61,1,this_battery,54.17999999999999,False,0.005771056694216664,0.005573631887816381,0.0050769525261887116,8.033366701512097,8.033366701512097,47700.0,1526400.0,276334774272000.0,276117700608000.0,207.719,faf0bee2c22b503f3988e0de5e87d19d3b8b5e88f4fa869675fc258cf0fdade7,NVIDIA A40,AMD EPYC 9354P 32-Core Processor
u2,0.01,62,1,this_battery,55.31,False,0.00594932378280163,0.005748650131398322,0.004995052515094236,8.85580125722397,8.85580125722397,46430.0,1485760.0,269149635993600.0,268766139187200.0,207.559,fbf8d21635157ed59ca0715b3b6c225e0e8cc78beedfaf538efb6738946300a2,NVIDIA A40,AMD EPYC 9354P 32-Core Processor
u2,0.01,63,1,this_battery,56.169999999999995,False,0.005575284810545813,0.005396505233472491,0.005004860431552625,6.139072695399515,6.139072695399516,45030.0,1440960.0,261081731481600.0,260662055731200.0,174.134,986e341c37087d6868cc7f4a5bea142d377b492bfa8a7ecaf2827285a797999f,NVIDIA A40,AMD EPYC 9354P 32-Core Processor
u2,0.01,64,1,this_battery,49.730000000000004,False,0.005247912167024311,0.005139572364125375,0.0049345890160370455,4.7900157958769105,4.79001579587691,40720.0,1303040.0,236085699072000.0,235713055948800.0,143.613,0d6376db80bd86544e4706992b208add1a6ac70d0a6db7f80bfe53635cee1e60,NVIDIA A40,AMD EPYC 9354P 32-Core Processor
u2,0.01,65,1,this_battery,58.24,False,0.005841519194946875,0.005608357119252882,0.005083896293112586,7.008891547741349,7.008891547741349,44280.0,1416960.0,256649810841600.0,256320582451200.0,199.606,a715ca28c3f8d279c610b2a280b42ea2187583ed67e3ff7583c8e894e3e0c3d7,NVIDIA A40,AMD EPYC 9354P 32-Core Processor
u2,0.01,66,1,this_battery,62.6,False,0.00592523342927748,0.00573505117430001,0.0053467991847340295,7.989237139183323,7.989237139183322,46430.0,1485760.0,269153253888000.0,268766139187200.0,204.613,6121605e208b65b2556267aa0dce5cac471594371fa80ca5185ca6c13c10e7c4,NVIDIA A40,AMD EPYC 9354P 32-Core Processor
u2,0.01,67,1,this_battery,51.12,False,0.006360411212018035,0.005854788405666189,0.004739841288822978,10.50779915344991,10.507799153449907,44910.0,1437120.0,260316546816000.0,259967420006400.0,246.199,c8e5cf6c5cdd69e7088b7b507d5e7bc8106dc06e4b18971ae02b8dd56e686eca,NVIDIA A40,AMD EPYC 9354P 32-Core Processor
u2,0.01,68,1,this_battery,53.21,False,0.005247830504903461,0.005139481089796415,0.004934504020487211,4.7897276235097515,4.7897276235097515,40720.0,1303040.0,236078463283200.0,235713055948800.0,143.975,943a1329340579222a7d62fd53e208502bf299de11ff148ada270429e1c22d97,NVIDIA A40,AMD EPYC 9354P 32-Core Processor
u2,0.01,69,1,this_battery,63.31,False,0.006082990720612217,0.005849778264767443,0.005161408974547194,9.462079021566522,9.46207902156652,48130.0,1539540.0,278890816665600.0,278494657228800.0,215.899,66bf0ef4364744e283ab029d76eabcf1ed61a064c10239f2a05f624ee08334ec,NVIDIA A40,AMD EPYC 9354P 32-Core Processor
u2,0.01,70,1,this_battery,50.55,False,0.005345630944838117,0.005221785183696237,0.004949358448102551,5.609570953036928,5.609570953036928,44990.0,1439680.0,260994902016000.0,260430510489600.0,175.517,d7e79fbceb84633eb0efe8dfcb6c4a176f757025426ca07e714ecfe1e7176a50,NVIDIA A40,AMD EPYC 9354P 32-Core Processor
u2,0.01,71,1,this_battery,53.290000000000006,False,0.005925666049459043,0.005631991962806287,0.004823089614018264,7.974210754608138,7.974210754608139,43410.0,1389120.0,251624555520000.0,251284473446400.0,204.926,db9c6be26bfc6ccbafd383498222423d0d71c82530509f4e22899652ba344ccb,NVIDIA A40,AMD EPYC 9354P 32-Core Processor
u2,0.1,42,1,this_battery,70.28999999999999,False,0.0061088132647687515,0.005951347929307765,0.005578973831830325,7.979878439464725,7.979878439464725,50150.0,1604800.0,290782835558400.0,290299846656000.0,200.369,5e9185a9c629329d7f09c3748bb1372ab1a53fb940e53089d215013a8c9dfe18,NVIDIA A40,AMD EPYC 9354P 32-Core Processor
u2,0.1,43,1,this_battery,70.17,False,0.005892561091051359,0.005762869465886924,0.005400363409271849,7.323458554190044,7.323458554190043,49020.0,1568640.0,283983003033600.0,283758693580800.0,178.699,ccf4ec5f69bc2d6a325234f318a6828b1e8983302c77ac52518984d46e8c78bf,NVIDIA A40,AMD EPYC 9354P 32-Core Processor
u2,0.1,44,1,this_battery,66.82000000000001,False,0.005893384946591805,0.005823209696487122,0.005596252081119812,7.1791940437805914,7.179194043780592,49530.0,1584960.0,286973192755200.0,286710895411200.0,179.214,5d123b7b3959c1521f22d2affe2f75cd3a484a29db01eb4e5b1e3bd3a86ae6fd,NVIDIA A40,AMD EPYC 9354P 32-Core Processor
u2,0.1,45,1,this_battery,67.92,False,0.006087469847813013,0.005936002434026663,0.005469589710631837,9.332579199539468,9.33257919953947,51790.0,1657280.0,300276190464000.0,299793201561600.0,195.536,5e1124a1e57d3753c9e5fdf649400f68d9d428e503982b094fad3ce72c7b17e8,NVIDIA A40,AMD EPYC 9354P 32-Core Processor
u2,0.1,46,1,this_battery,69.53,False,0.006012610057948305,0.005744971936173839,0.005312306802965969,7.6013776345117705,7.6013776345117705,47340.0,1514880.0,274453469184000.0,274033793433600.0,200.152,5fee32277c0609269c2d892ecccd3a4463f5dabc3e8e6f04a42e88d1a0160e7c,NVIDIA A40,AMD EPYC 9354P 32-Core Processor
u2,0.1,47,1,this_battery,70.41,False,0.006167966295610537,0.006090127460586512,0.005824652481405967,8.545165032271127,8.545165032271127,53760.0,1720320.0,311708736768000.0,311196804710400.0,174.768,08fd75eceb37315af839237b033c99a8a96715b951497cbac4882d60b725fb31,NVIDIA A40,AMD EPYC 9354P 32-Core Processor
u2,0.1,48,1,this_battery,67.01,False,0.0063512436573610115,0.006069706812004267,0.005451111730121854,8.513686171307134,8.513686171307132,48780.0,1560960.0,282613630003200.0,282369422131200.0,201.709,fe837d4185108cd3e44cc650a2cce97719581291677391736fab584f17c3a4bc,NVIDIA A40,AMD EPYC 9354P 32-Core Processor
u2,0.1,49,1,this_battery,70.67999999999999,False,0.005965880560865549,0.00589529112998024,0.005766320082764524,7.80013622827407,7.80013622827407,53080.0,1698560.0,307765231872000.0,307260535603200.0,179.007,482118915550c5c65763d4ccfdf59c97f8fd8dea0f684dcb7505464b80d6fc20,NVIDIA A40,AMD EPYC 9354P 32-Core Processor
u2,0.1,50,1,this_battery,71.33,False,0.006751476943353304,0.006330536449224462,0.005358353155594732,11.70048551959848,11.700485519598482,51020.0,1632640.0,295762867200000.0,295335955660800.0,234.219,31dc1bc156e6fb5c582e9dd11a1735c9c3d9c40aa35566efb6c7511c670977a4,NVIDIA A40,AMD EPYC 9354P 32-Core Processor
u2,0.1,51,1,this_battery,70.78,False,0.006046231436804888,0.005899315078049106,0.005389433866059719,9.400352765953519,9.400352765953519,51640.0,1652480.0,299586981580800.0,298924906905600.0,203.29,ebef3bae2d08060b39b3897de9981e0aa38347605a83d5752124c9bcc08d3059,NVIDIA A40,AMD EPYC 9354P 32-Core Processor
u2,0.1,52,1,this_battery,74.0,False,0.006369028565296085,0.006037585231717545,0.005606519707304425,8.51473181434907,8.51473181434907,47920.0,1533440.0,277812684134400.0,277391199436800.0,218.929,16ba3203e45d082f4c7f3a8dffba4eb1b82a0405fdaebcb724fa4c68743aaaf8,NVIDIA A40,AMD EPYC 9354P 32-Core Processor
u2,0.1,53,1,this_battery,72.66,False,0.005966085320724496,0.005878927583050252,0.005539768961538763,7.175573333822882,7.175573333822882,51480.0,1647360.0,298689743769600.0,297998725939200.0,168.957,160921a0ba8043b2a3ae087560dad1a7465c4597ff7fc13c4f507be43a78203e,NVIDIA A40,AMD EPYC 9354P 32-Core Processor
u2,0.1,54,1,this_battery,69.67999999999999,False,0.005742236335472183,0.005641877672431843,0.0052631375701976384,7.425790053422513,7.425790053422513,52370.0,1675840.0,303631787520000.0,303150607564800.0,173.021,54703e4f1c3ea17aa31d62a5e5878bb60c4f17b5f3e160a2505ea2a8f749fad1,NVIDIA A40,AMD EPYC 9354P 32-Core Processor
u2,0.1,55,1,this_battery,68.49,False,0.006753918118245127,0.006253670296378601,0.0055214602938634,10.828872395978976,10.828872395978978,48830.0,1562560.0,282939240499200.0,282658853683200.0,241.326,a416e13682621d146c424857cd471075db74c75b55f8a55a1257a627a1f2a8ed,NVIDIA A40,AMD EPYC 9354P 32-Core Processor
u2,0.1,56,1,this_battery,68.55,False,0.005774193494899065,0.005677714784961947,0.0053904876750882,6.364216298665585,6.364216298665585,47570.0,1522240.0,275799325900800.0,275365178572800.0,156.203,130261f0c4466f246808fd4ba63d9f08143a0cfed35bf62d958f9b2e29d20be3,NVIDIA A40,AMD EPYC 9354P 32-Core Processor
u2,0.1,57,1,this_battery,69.1,False,0.0063579419335457795,0.006191321231318584,0.005854795299403881,8.94644203677533,8.94644203677533,49960.0,1598720.0,289663097241600.0,289200006758400.0,208.637,262c7a5899212c06db2379bc00423c66ce77b2f380e3dd2544a55d6c4436a4e7,NVIDIA A40,AMD EPYC 9354P 32-Core Processor
u2,0.1,58,1,this_battery,72.09,False,0.005910145174617812,0.005821608399618241,0.005689968363185192,6.7697861785261235,6.7697861785261235,49840.0,1594880.0,288990168883200.0,288505371033600.0,180.46,92299ef32742b247ba4f33a2becc0e1e93576f7746d4a755ccd8bfeb157ba458,NVIDIA A40,AMD EPYC 9354P 32-Core Processor
u2,0.1,59,1,this_battery,64.8,False,0.005713889223832851,0.005637630683651177,0.005355325573403092,6.2338622850180965,6.2338622850180965,47700.0,1526400.0,276747214233600.0,276117700608000.0,163.893,bce87f5dbaaf91c5894c8d7ca7e52eaac77d000c9ced192905f1e6269c5f524b,NVIDIA A40,AMD EPYC 9354P 32-Core Processor
u2,0.1,60,1,this_battery,68.91000000000001,False,0.005880284831246685,0.005761526540042538,0.005576907003835478,7.0329573330134565,7.0329573330134565,46780.0,1496960.0,271410819993600.0,270792160051200.0,184.635,3b32738e1f0216ed23dee44aded6a5aeb00ba380504b13e275cfff65c6fb3980,NVIDIA A40,AMD EPYC 9354P 32-Core Processor
u2,0.1,61,1,this_battery,75.19,False,0.006079577020295345,0.0060217061800021815,0.005860310709881879,7.804301765641782,7.804301765641782,54690.0,1750080.0,317311046246400.0,316580231577600.0,174.339,faf0bee2c22b503f3988e0de5e87d19d3b8b5e88f4fa869675fc258cf0fdade7,NVIDIA A40,AMD EPYC 9354P 32-Core Processor
u2,0.1,62,1,this_battery,70.61,False,0.005566032916290545,0.0055336165820140245,0.005484813293615075,5.355896435555898,5.3558964355558984,45750.0,1464000.0,265249545830400.0,264829870080000.0,165.26,fbf8d21635157ed59ca0715b3b6c225e0e8cc78beedfaf538efb6738946300a2,NVIDIA A40,AMD EPYC 9354P 32-Core Processor
u2,0.1,63,1,this_battery,68.44,False,0.006370830041039541,0.006157822265993615,0.005731015710783996,10.301354137380434,10.301354137380434,53790.0,1721280.0,311632760985600.0,311370463641600.0,220.146,986e341c37087d6868cc7f4a5bea142d377b492bfa8a7ecaf2827285a797999f,NVIDIA A40,AMD EPYC 9354P 32-Core Processor
u2,0.1,64,1,this_battery,65.39,False,0.006090715299219333,0.0058760579291170165,0.005291765225155974,9.51017504732067,9.51017504732067,51340.0,1642880.0,297810595430400.0,297188317593600.0,210.192,0d6376db80bd86544e4706992b208add1a6ac70d0a6db7f80bfe53635cee1e60,NVIDIA A40,AMD EPYC 9354P 32-Core Processor
u2,0.1,65,1,this_battery,66.4,False,0.005843581778537309,0.005743136375172676,0.005331192719669588,7.57200268700466,7.57200268700466,49860.0,1595520.0,289230758860800.0,288621143654400.0,175.899,a715ca28c3f8d279c610b2a280b42ea2187583ed67e3ff7583c8e894e3e0c3d7,NVIDIA A40,AMD EPYC 9354P 32-Core Processor
u2,0.1,66,1,this_battery,63.480000000000004,False,0.00589281249898016,0.005802036691688353,0.005481252309991221,7.2010392649485055,7.2010392649485055,49180.0,1573760.0,285099123456000.0,284684874547200.0,180.346,6121605e208b65b2556267aa0dce5cac471594371fa80ca5185ca6c13c10e7c4,NVIDIA A40,AMD EPYC 9354P 32-Core Processor
u2,0.1,67,1,this_battery,64.61,False,0.006365786185163336,0.005952606475940967,0.005324632221770672,8.93311544882589,8.933115448825887,46850.0,1499200.0,271416246835200.0,271197364224000.0,222.302,c8e5cf6c5cdd69e7088b7b507d5e7bc8106dc06e4b18971ae02b8dd56e686eca,NVIDIA A40,AMD EPYC 9354P 32-Core Processor
u2,0.1,68,1,this_battery,73.33,False,0.005848742325531213,0.005735808624897017,0.005408151163957814,6.5725322788961265,6.5725322788961265,48230.0,1543360.0,279789863424000.0,279185675059200.0,172.625,943a1329340579222a7d62fd53e208502bf299de11ff148ada270429e1c22d97,NVIDIA A40,AMD EPYC 9354P 32-Core Processor
u2,0.1,69,1,this_battery,71.26,False,0.006456249208804964,0.0062007759512593035,0.005680957459071332,10.135643567858509,10.135643567858509,50380.0,1612160.0,292078041753600.0,291631231795200.0,224.705,66bf0ef4364744e283ab029d76eabcf1ed61a064c10239f2a05f624ee08334ec,NVIDIA A40,AMD EPYC 9354P 32-Core Processor
u2,0.1,70,1,this_battery,62.55,False,0.005446514740131971,0.005355589091743666,0.0052242707231854495,5.644639323288401,5.6446393232884,46300.0,1481600.0,268429675008000.0,268013617152000.0,177.467,d7e79fbceb84633eb0efe8dfcb6c4a176f757025426ca07e714ecfe1e7176a50,NVIDIA A40,AMD EPYC 9354P 32-Core Processor
u2,0.1,71,1,this_battery,65.62,False,0.006465312787311213,0.006108946370513392,0.005503918304763515,8.637522983314321,8.637522983314321,48930.0,1565760.0,283724323584000.0,283237716787200.0,211.373,db9c6be26bfc6ccbafd383498222423d0d71c82530509f4e22899652ba344ccb,NVIDIA A40,AMD EPYC 9354P 32-Core Processor
u2_arith,0.01,42,2,this_battery,63.33,False,0.005623188695469343,0.005498142717760288,0.005124075196078618,5.975104027098136,5.975104027098136,46040.0,1473280.0,266855890944000.0,266508573081600.0,181.182,5e9185a9c629329d7f09c3748bb1372ab1a53fb940e53089d215013a8c9dfe18,NVIDIA A40,AMD EPYC 9354P 32-Core Processor
u2_arith,0.01,43,2,this_battery,51.92,False,0.005772026459975051,0.005502006486928206,0.004904211684799247,6.032925577954074,6.0329255779540745,44570.0,1426240.0,258505790668800.0,257999285452800.0,196.297,ccf4ec5f69bc2d6a325234f318a6828b1e8983302c77ac52518984d46e8c78bf,NVIDIA A40,AMD EPYC 9354P 32-Core Processor
u2_arith,0.01,44,2,this_battery,57.16,False,0.005758364502472868,0.00557139677304205,0.005082560364905755,6.347958652825383,6.347958652825383,46270.0,1480640.0,268210792396800.0,267839958220800.0,187.336,5d123b7b3959c1521f22d2affe2f75cd3a484a29db01eb4e5b1e3bd3a86ae6fd,NVIDIA A40,AMD EPYC 9354P 32-Core Processor
u2_arith,0.01,45,2,this_battery,60.480000000000004,False,0.005607112036512035,0.005434358286542428,0.004927510598496722,5.717510488663017,5.717510488663017,44010.0,1408320.0,255124868352000.0,254757652070400.0,175.868,5e1124a1e57d3753c9e5fdf649400f68d9d428e503982b094fad3ce72c7b17e8,NVIDIA A40,AMD EPYC 9354P 32-Core Processor
u2_arith,0.01,46,2,this_battery,58.67,True,0.006380504885639394,0.006072944858865531,0.005084272356821027,9.359700930519695,9.359700930519695,46350.0,1483200.0,268628659200000.0,268303048704000.0,239.296,5fee32277c0609269c2d892ecccd3a4463f5dabc3e8e6f04a42e88d1a0160e7c,NVIDIA A40,AMD EPYC 9354P 32-Core Processor
u2_arith,0.01,47,2,this_battery,56.88999999999999,False,0.005805001798003877,0.005490332240254845,0.005001344521322831,6.408241416725818,6.408241416725818,46270.0,1480640.0,268241544499200.0,267839958220800.0,210.155,08fd75eceb37315af839237b033c99a8a96715b951497cbac4882d60b725fb31,NVIDIA A40,AMD EPYC 9354P 32-Core Processor
u2_arith,0.01,48,2,this_battery,53.64,True,0.005481897984635845,0.0054164114376659455,0.005345179484878073,5.869137137539964,5.869137137539964,42120.0,1347840.0,244213298841600.0,243817139404800.0,141.851,fe837d4185108cd3e44cc650a2cce97719581291677391736fab584f17c3a4bc,NVIDIA A40,AMD EPYC 9354P 32-Core Processor
u2_arith,0.01,49,2,this_battery,53.68000000000001,False,0.005647930395812788,0.005487332111409895,0.0050509211919193605,5.791150342688666,5.791150342688666,43950.0,1406400.0,254763078912000.0,254410334208000.0,179.674,482118915550c5c65763d4ccfdf59c97f8fd8dea0f684dcb7505464b80d6fc20,NVIDIA A40,AMD EPYC 9354P 32-Core Processor
u2_arith,0.01,50,2,this_battery,61.72,False,0.00652057341161643,0.006070340179789071,0.004875759366324022,8.048368595716257,8.048368595716257,45170.0,1445440.0,262000676659200.0,261472464076800.0,239.086,31dc1bc156e6fb5c582e9dd11a1735c9c3d9c40aa35566efb6c7511c670977a4,NVIDIA A40,AMD EPYC 9354P 32-Core Processor
u2_arith,0.01,51,2,this_battery,55.46,True,0.005888484900438489,0.005707882667423739,0.0052201242327971475,7.700829441183491,7.700829441183491,46340.0,1482880.0,268632277094400.0,268245162393600.0,204.796,ebef3bae2d08060b39b3897de9981e0aa38347605a83d5752124c9bcc08d3059,NVIDIA A40,AMD EPYC 9354P 32-Core Processor
u2_arith,0.01,52,2,this_battery,56.2,True,0.006039640541339554,0.0058693896062987335,0.005298524081383124,8.994616988371122,8.994616988371122,51210.0,1638720.0,296703519744000.0,296435795558400.0,205.994,16ba3203e45d082f4c7f3a8dffba4eb1b82a0405fdaebcb724fa4c68743aaaf8,NVIDIA A40,AMD EPYC 9354P 32-Core Processor
u2_arith,0.01,53,2,this_battery,59.62,False,0.005663866648386343,0.005597341798233061,0.005063348157276531,6.434925035227714,6.434925035227714,44820.0,1434240.0,260009025792000.0,259446443212800.0,168.046,160921a0ba8043b2a3ae087560dad1a7465c4597ff7fc13c4f507be43a78203e,NVIDIA A40,AMD EPYC 9354P 32-Core Processor
u2_arith,0.01,54,2,this_battery,56.74,False,0.005847919602137204,0.005674150028862171,0.005010666588870496,6.951459918973363,6.951459918973363,49110.0,1571520.0,284693919283200.0,284279670374400.0,183.405,54703e4f1c3ea17aa31d62a5e5878bb60c4f17b5f3e160a2505ea2a8f749fad1,NVIDIA A40,AMD EPYC 9354P 32-Core Processor
u2_arith,0.01,55,2,this_battery,61.21,False,0.006224031840573028,0.006033945835872262,0.004915829439332652,9.127079089276839,9.127079089276837,50560.0,1617300.0,292980706406400.0,292561030656000.0,210.901,a416e13682621d146c424857cd471075db74c75b55f8a55a1257a627a1f2a8ed,NVIDIA A40,AMD EPYC 9354P 32-Core Processor
u2_arith,0.01,56,2,this_battery,58.879999999999995,False,0.005296001519054114,0.005200989692356379,0.00501879727410424,4.621191499444789,4.621191499444789,40830.0,1306560.0,236581350604800.0,236349805363200.0,143.397,130261f0c4466f246808fd4ba63d9f08143a0cfed35bf62d958f9b2e29d20be3,NVIDIA A40,AMD EPYC 9354P 32-Core Processor
u2_arith,0.01,57,2,this_battery,56.330000000000005,True,0.005768638051275162,0.005569637077335432,0.00530981776417786,7.426825151114304,7.426825151114303,47740.0,1527680.0,276580791091200.0,276349245849600.0,209.222,262c7a5899212c06db2379bc00423c66ce77b2f380e3dd2544a55d6c4436a4e7,NVIDIA A40,AMD EPYC 9354P 32-Core Processor
u2_arith,0.01,58,2,this_battery,51.72,False,0.0053160454946243356,0.005208345880712832,0.0049925982303707355,4.581118362167299,4.581118362167299,40720.0,1303040.0,236078463283200.0,235713055948800.0,144.654,92299ef32742b247ba4f33a2becc0e1e93576f7746d4a755ccd8bfeb157ba458,NVIDIA A40,AMD EPYC 9354P 32-Core Processor
u2_arith,0.01,59,2,this_battery,57.699999999999996,False,0.005888209680875582,0.005702264140417548,0.005188347925783694,7.545119721479169,7.545119721479169,46300.0,1481600.0,268458618163200.0,268013617152000.0,202.274,bce87f5dbaaf91c5894c8d7ca7e52eaac77d000c9ced192905f1e6269c5f524b,NVIDIA A40,AMD EPYC 9354P 32-Core Processor
u2_arith,0.01,60,2,this_battery,52.73,False,0.005789656901760951,0.005485495726538709,0.004858728529036767,6.192335713095686,6.192335713095686,44820.0,1434240.0,259994554214400.0,259446443212800.0,203.286,3b32738e1f0216ed23dee44aded6a5aeb00ba380504b13e275cfff65c6fb3980,NVIDIA A40,AMD EPYC 9354P 32-Core Processor
u2_arith,0.01,61,2,this_battery,52.86,False,0.005771056694216664,0.005573631887816381,0.0050769525261887116,7.067166990390844,7.067166990390843,47700.0,1526400.0,276334774272000.0,276117700608000.0,209.024,faf0bee2c22b503f3988e0de5e87d19d3b8b5e88f4fa869675fc258cf0fdade7,NVIDIA A40,AMD EPYC 9354P 32-Core Processor
u2_arith,0.01,62,2,this_battery,53.98,False,0.00594932378280163,0.005748650131398322,0.004995052515094236,7.435331133085556,7.435331133085557,46430.0,1485760.0,269149635993600.0,268766139187200.0,207.41,fbf8d21635157ed59ca0715b3b6c225e0e8cc78beedfaf538efb6738946300a2,NVIDIA A40,AMD EPYC 9354P 32-Core Processor
u2_arith,0.01,63,2,this_battery,58.01,False,0.005575284810545813,0.005396505233472491,0.005004860431552625,5.510965459829522,5.510965459829522,45030.0,1440960.0,261081731481600.0,260662055731200.0,172.78,986e341c37087d6868cc7f4a5bea142d377b492bfa8a7ecaf2827285a797999f,NVIDIA A40,AMD EPYC 9354P 32-Core Processor
u2_arith,0.01,64,2,this_battery,51.580000000000005,False,0.005247912167024311,0.005139572364125375,0.0049345890160370455,4.50403104714703,4.50403104714703,40720.0,1303040.0,236085699072000.0,235713055948800.0,142.999,0d6376db80bd86544e4706992b208add1a6ac70d0a6db7f80bfe53635cee1e60,NVIDIA A40,AMD EPYC 9354P 32-Core Processor
u2_arith,0.01,65,2,this_battery,57.69,False,0.005841519194946875,0.005608357119252882,0.005083896293112586,6.099864875769605,6.0998648757696055,44280.0,1416960.0,256649810841600.0,256320582451200.0,197.313,a715ca28c3f8d279c610b2a280b42ea2187583ed67e3ff7583c8e894e3e0c3d7,NVIDIA A40,AMD EPYC 9354P 32-Core Processor
u2_arith,0.01,66,2,this_battery,60.980000000000004,False,0.00592523342927748,0.00573505117430001,0.0053467991847340295,7.209310338958425,7.209310338958424,46430.0,1485760.0,269153253888000.0,268766139187200.0,206.572,6121605e208b65b2556267aa0dce5cac471594371fa80ca5185ca6c13c10e7c4,NVIDIA A40,AMD EPYC 9354P 32-Core Processor
u2_arith,0.01,67,2,this_battery,50.660000000000004,False,0.006360411212018035,0.005854788405666189,0.004739841288822978,7.83051576729404,7.830515767294041,44910.0,1437120.0,260316546816000.0,259967420006400.0,246.059,c8e5cf6c5cdd69e7088b7b507d5e7bc8106dc06e4b18971ae02b8dd56e686eca,NVIDIA A40,AMD EPYC 9354P 32-Core Processor
u2_arith,0.01,68,2,this_battery,50.54,False,0.005247830504903461,0.005139481089796415,0.004934504020487211,4.503752587505169,4.50375258750517,40720.0,1303040.0,236078463283200.0,235713055948800.0,144.28,943a1329340579222a7d62fd53e208502bf299de11ff148ada270429e1c22d97,NVIDIA A40,AMD EPYC 9354P 32-Core Processor
u2_arith,0.01,69,2,this_battery,60.92999999999999,False,0.006082990720612217,0.005849778264767443,0.005161408974547194,8.028560591799318,8.028560591799318,48130.0,1539540.0,278890816665600.0,278494657228800.0,214.301,66bf0ef4364744e283ab029d76eabcf1ed61a064c10239f2a05f624ee08334ec,NVIDIA A40,AMD EPYC 9354P 32-Core Processor
u2_arith,0.01,70,2,this_battery,51.66,False,0.005345630944838117,0.005221785183696237,0.004949358448102551,5.19373254030068,5.1937325403006795,44990.0,1439680.0,260994902016000.0,260430510489600.0,175.928,d7e79fbceb84633eb0efe8dfcb6c4a176f757025426ca07e714ecfe1e7176a50,NVIDIA A40,AMD EPYC 9354P 32-Core Processor
u2_arith,0.01,71,2,this_battery,52.55,False,0.005925666049459043,0.005631991962806287,0.004823089614018264,6.490465839541248,6.490465839541247,43410.0,1389120.0,251624555520000.0,251284473446400.0,204.249,db9c6be26bfc6ccbafd383498222423d0d71c82530509f4e22899652ba344ccb,NVIDIA A40,AMD EPYC 9354P 32-Core Processor
u2_arith,0.1,42,2,this_battery,71.55,False,0.0061088132647687515,0.005951347929307765,0.005578973831830325,7.287754767643237,7.2877547676432375,50150.0,1604800.0,290782835558400.0,290299846656000.0,198.762,5e9185a9c629329d7f09c3748bb1372ab1a53fb940e53089d215013a8c9dfe18,NVIDIA A40,AMD EPYC 9354P 32-Core Processor
u2_arith,0.1,43,2,this_battery,70.72,False,0.005892561091051359,0.005762869465886924,0.005400363409271849,6.711739936888865,6.711739936888866,49020.0,1568640.0,283983003033600.0,283758693580800.0,179.343,ccf4ec5f69bc2d6a325234f318a6828b1e8983302c77ac52518984d46e8c78bf,NVIDIA A40,AMD EPYC 9354P 32-Core Processor
u2_arith,0.1,44,2,this_battery,66.18,False,0.005893384946591805,0.005823209696487122,0.005596252081119812,6.817233215268681,6.817233215268681,49530.0,1584960.0,286973192755200.0,286710895411200.0,178.108,5d123b7b3959c1521f22d2affe2f75cd3a484a29db01eb4e5b1e3bd3a86ae6fd,NVIDIA A40,AMD EPYC 9354P 32-Core Processor
u2_arith,0.1,45,2,this_battery,66.06,False,0.006087469847813013,0.005936002434026663,0.005469589710631837,8.385319424916142,8.385319424916144,51790.0,1657280.0,300276190464000.0,299793201561600.0,195.816,5e1124a1e57d3753c9e5fdf649400f68d9d428e503982b094fad3ce72c7b17e8,NVIDIA A40,AMD EPYC 9354P 32-Core Processor
u2_arith,0.1,46,2,this_battery,71.38,False,0.006012610057948305,0.005744971936173839,0.005312306802965969,6.716026772158495,6.716026772158495,47340.0,1514880.0,274453469184000.0,274033793433600.0,200.074,5fee32277c0609269c2d892ecccd3a4463f5dabc3e8e6f04a42e88d1a0160e7c,NVIDIA A40,AMD EPYC 9354P 32-Core Processor
u2_arith,0.1,47,2,this_battery,71.72,False,0.006167966295610537,0.006090127460586512,0.005824652481405967,8.069534482486137,8.069534482486137,53760.0,1720320.0,311708736768000.0,311196804710400.0,175.775,08fd75eceb37315af839237b033c99a8a96715b951497cbac4882d60b725fb31,NVIDIA A40,AMD EPYC 9354P 32-Core Processor
u2_arith,0.1,48,2,this_battery,66.93,False,0.0063512436573610115,0.006069706812004267,0.005451111730121854,7.307081425100267,7.307081425100267,48780.0,1560960.0,282613630003200.0,282369422131200.0,202.62,fe837d4185108cd3e44cc650a2cce97719581291677391736fab584f17c3a4bc,NVIDIA A40,AMD EPYC 9354P 32-Core Processor
u2_arith,0.1,49,2,this_battery,70.09,False,0.005965880560865549,0.00589529112998024,0.005766320082764524,7.5392193528712435,7.539219352871243,53080.0,1698560.0,307765231872000.0,307260535603200.0,178.537,482118915550c5c65763d4ccfdf59c97f8fd8dea0f684dcb7505464b80d6fc20,NVIDIA A40,AMD EPYC 9354P 32-Core Processor
u2_arith,0.1,50,2,this_battery,67.91,False,0.006751476943353304,0.006330536449224462,0.005358353155594732,9.286165683740252,9.286165683740252,51020.0,1632640.0,295762867200000.0,295335955660800.0,234.662,31dc1bc156e6fb5c582e9dd11a1735c9c3d9c40aa35566efb6c7511c670977a4,NVIDIA A40,AMD EPYC 9354P 32-Core Processor
u2_arith,0.1,51,2,this_battery,70.54,False,0.006046231436804888,0.005899315078049106,0.005389433866059719,8.379199519446534,8.379199519446534,51640.0,1652480.0,299586981580800.0,298924906905600.0,204.164,ebef3bae2d08060b39b3897de9981e0aa38347605a83d5752124c9bcc08d3059,NVIDIA A40,AMD EPYC 9354P 32-Core Processor
u2_arith,0.1,52,2,this_battery,75.73,False,0.006369028565296085,0.006037585231717545,0.005606519707304425,7.495336412789469,7.49533641278947,47920.0,1533440.0,277812684134400.0,277391199436800.0,220.168,16ba3203e45d082f4c7f3a8dffba4eb1b82a0405fdaebcb724fa4c68743aaaf8,NVIDIA A40,AMD EPYC 9354P 32-Core Processor
u2_arith,0.1,53,2,this_battery,71.38,False,0.005966085320724496,0.005878927583050252,0.005539768961538763,6.66283103559941,6.66283103559941,51480.0,1647360.0,298689743769600.0,297998725939200.0,168.797,160921a0ba8043b2a3ae087560dad1a7465c4597ff7fc13c4f507be43a78203e,NVIDIA A40,AMD EPYC 9354P 32-Core Processor
u2_arith,0.1,54,2,this_battery,68.76,False,0.005742236335472183,0.005641877672431843,0.0052631375701976384,6.806225368526942,6.806225368526943,52370.0,1675840.0,303631787520000.0,303150607564800.0,171.92,54703e4f1c3ea17aa31d62a5e5878bb60c4f17b5f3e160a2505ea2a8f749fad1,NVIDIA A40,AMD EPYC 9354P 32-Core Processor
u2_arith,0.1,55,2,this_battery,68.58,False,0.006753918118245127,0.006253670296378601,0.0055214602938634,8.852815197772475,8.852815197772475,48830.0,1562560.0,282939240499200.0,282658853683200.0,237.959,a416e13682621d146c424857cd471075db74c75b55f8a55a1257a627a1f2a8ed,NVIDIA A40,AMD EPYC 9354P 32-Core Processor
u2_arith,0.1,56,2,this_battery,68.10000000000001,False,0.005774193494899065,0.005677714784961947,0.0053904876750882,5.941302374064617,5.941302374064616,47570.0,1522240.0,275799325900800.0,275365178572800.0,157.067,130261f0c4466f246808fd4ba63d9f08143a0cfed35bf62d958f9b2e29d20be3,NVIDIA A40,AMD EPYC 9354P 32-Core Processor
u2_arith,0.1,57,2,this_battery,70.07,False,0.0063579419335457795,0.006191321231318584,0.005854795299403881,8.238450009575624,8.238450009575624,49960.0,1598720.0,289663097241600.0,289200006758400.0,206.145,262c7a5899212c06db2379bc00423c66ce77b2f380e3dd2544a55d6c4436a4e7,NVIDIA A40,AMD EPYC 9354P 32-Core Processor
u2_arith,0.1,58,2,this_battery,71.03,False,0.005910145174617812,0.005821608399618241,0.005689968363185192,6.517584262865923,6.517584262865922,49840.0,1594880.0,288990168883200.0,288505371033600.0,180.658,92299ef32742b247ba4f33a2becc0e1e93576f7746d4a755ccd8bfeb157ba458,NVIDIA A40,AMD EPYC 9354P 32-Core Processor
u2_arith,0.1,59,2,this_battery,65.59,False,0.005713889223832851,0.005637630683651177,0.005355325573403092,5.842668768722884,5.842668768722884,47700.0,1526400.0,276747214233600.0,276117700608000.0,162.695,bce87f5dbaaf91c5894c8d7ca7e52eaac77d000c9ced192905f1e6269c5f524b,NVIDIA A40,AMD EPYC 9354P 32-Core Processor
u2_arith,0.1,60,2,this_battery,69.28,False,0.005880284831246685,0.005761526540042538,0.005576907003835478,6.670110400050689,6.670110400050689,46780.0,1496960.0,271410819993600.0,270792160051200.0,183.193,3b32738e1f0216ed23dee44aded6a5aeb00ba380504b13e275cfff65c6fb3980,NVIDIA A40,AMD EPYC 9354P 32-Core Processor
u2_arith,0.1,61,2,this_battery,75.96000000000001,False,0.006079577020295345,0.0060217061800021815,0.005860310709881879,7.5228314515404815,7.5228314515404815,54690.0,1750080.0,317311046246400.0,316580231577600.0,173.992,faf0bee2c22b503f3988e0de5e87d19d3b8b5e88f4fa869675fc258cf0fdade7,NVIDIA A40,AMD EPYC 9354P 32-Core Processor
u2_arith,0.1,62,2,this_battery,69.78999999999999,False,0.005566032916290545,0.0055336165820140245,0.005484813293615075,5.277743127063671,5.277743127063671,45750.0,1464000.0,265249545830400.0,264829870080000.0,164.606,fbf8d21635157ed59ca0715b3b6c225e0e8cc78beedfaf538efb6738946300a2,NVIDIA A40,AMD EPYC 9354P 32-Core Processor
u2_arith,0.1,63,2,this_battery,68.85,False,0.006370830041039541,0.006157822265993615,0.005731015710783996,9.266802288457184,9.266802288457184,53790.0,1721280.0,311632760985600.0,311370463641600.0,219.404,986e341c37087d6868cc7f4a5bea142d377b492bfa8a7ecaf2827285a797999f,NVIDIA A40,AMD EPYC 9354P 32-Core Processor
u2_arith,0.1,64,2,this_battery,65.79,False,0.006090715299219333,0.0058760579291170165,0.005291765225155974,8.26267706307139,8.26267706307139,51340.0,1642880.0,297810595430400.0,297188317593600.0,213.017,0d6376db80bd86544e4706992b208add1a6ac70d0a6db7f80bfe53635cee1e60,NVIDIA A40,AMD EPYC 9354P 32-Core Processor
u2_arith,0.1,65,2,this_battery,66.14,False,0.005843581778537309,0.005743136375172676,0.005331192719669588,6.9080586407712,6.908058640771199,49860.0,1595520.0,289230758860800.0,288621143654400.0,175.818,a715ca28c3f8d279c610b2a280b42ea2187583ed67e3ff7583c8e894e3e0c3d7,NVIDIA A40,AMD EPYC 9354P 32-Core Processor
u2_arith,0.1,66,2,this_battery,64.58,False,0.00589281249898016,0.005802036691688353,0.005481252309991221,6.6981111501795585,6.6981111501795585,49180.0,1573760.0,285099123456000.0,284684874547200.0,179.798,6121605e208b65b2556267aa0dce5cac471594371fa80ca5185ca6c13c10e7c4,NVIDIA A40,AMD EPYC 9354P 32-Core Processor
u2_arith,0.1,67,2,this_battery,66.3,False,0.006365786185163336,0.005952606475940967,0.005324632221770672,7.472062833413443,7.472062833413443,46850.0,1499200.0,271416246835200.0,271197364224000.0,224.031,c8e5cf6c5cdd69e7088b7b507d5e7bc8106dc06e4b18971ae02b8dd56e686eca,NVIDIA A40,AMD EPYC 9354P 32-Core Processor
u2_arith,0.1,68,2,this_battery,70.48,False,0.005848742325531213,0.005735808624897017,0.005408151163957814,6.0774173516071235,6.0774173516071235,48230.0,1543360.0,279789863424000.0,279185675059200.0,174.481,943a1329340579222a7d62fd53e208502bf299de11ff148ada270429e1c22d97,NVIDIA A40,AMD EPYC 9354P 32-Core Processor
u2_arith,0.1,69,2,this_battery,69.91000000000001,False,0.006456249208804964,0.0062007759512593035,0.005680957459071332,8.91851569960883,8.918515699608829,50380.0,1612160.0,292078041753600.0,291631231795200.0,224.849,66bf0ef4364744e283ab029d76eabcf1ed61a064c10239f2a05f624ee08334ec,NVIDIA A40,AMD EPYC 9354P 32-Core Processor
u2_arith,0.1,70,2,this_battery,62.3,False,0.005446514740131971,0.005355589091743666,0.0052242707231854495,5.414310869721871,5.414310869721871,46300.0,1481600.0,268429675008000.0,268013617152000.0,177.686,d7e79fbceb84633eb0efe8dfcb6c4a176f757025426ca07e714ecfe1e7176a50,NVIDIA A40,AMD EPYC 9354P 32-Core Processor
u2_arith,0.1,71,2,this_battery,65.36,False,0.006465312787311213,0.006108946370513392,0.005503918304763515,7.353120014391482,7.353120014391481,48930.0,1565760.0,283724323584000.0,283237716787200.0,211.994,db9c6be26bfc6ccbafd383498222423d0d71c82530509f4e22899652ba344ccb,NVIDIA A40,AMD EPYC 9354P 32-Core Processor
