campaign,tag,dataset,method,alpha,seed,rounds,n_clients,train_samples,samples_exec_per_epoch,flops_full_per_sample,reported_TF,nominal_recomputed_TF,executed_recomputed_TF,optimizer_steps,partial_participation,gpu,cpu,reported_minus_nominal_TF,overcount_pct_vs_executed
main_campaign_default_alpha_0_5,test1_convergencia,MNIST,FedAVG,0.5,42,10,5,54002,53920,1690000.0,4.562736984,4.563169,4.55624,84250.0,False,1 x NVIDIA RTX A1000,Intel(R) Core(TM) i7-14700,-0.0004320160000004236,0.15207715133531696
main_campaign_default_alpha_0_5,test1_convergencia,MNIST,FedAVG,0.5,43,10,5,54002,53920,1690000.0,4.562736984,4.563169,4.55624,84250.0,False,1 x NVIDIA RTX A1000,Intel(R) Core(TM) i7-14700,-0.0004320160000004236,0.15207715133531696
main_campaign_default_alpha_0_5,test1_convergencia,MNIST,FedAVG,0.5,44,10,5,54002,53920,1690000.0,4.562736984,4.563169,4.55624,84250.0,False,1 x NVIDIA RTX A1000,Intel(R) Core(TM) i7-14700,-0.0004320160000004236,0.15207715133531696
main_campaign_default_alpha_0_5,test1_convergencia,MNIST,FedAVG,0.5,45,10,5,54003,53920,1690000.0,4.562821476,4.5632535,4.55624,84250.0,False,1 x NVIDIA RTX A1000,Intel(R) Core(TM) i7-14700,-0.00043202400000019736,0.1539317507418536
main_campaign_default_alpha_0_5,test1_convergencia,MNIST,FedAVG,0.5,46,10,5,54002,53952,1690000.0,4.562736984,4.563169,4.558944,84300.0,False,1 x NVIDIA RTX A1000,Intel(R) Core(TM) i7-14700,-0.0004320160000004236,0.09267497034399774
main_campaign_default_alpha_0_5,test1_convergencia,MNIST,FedAVG,0.5,47,10,5,54001,53920,1690000.0,4.562652492,4.5630845,4.55624,84250.0,False,1 x NVIDIA RTX A1000,Intel(R) Core(TM) i7-14700,-0.00043200800000064987,0.15022255192880252
main_campaign_default_alpha_0_5,test1_convergencia,MNIST,FedAVG,0.5,48,10,5,54002,53920,1690000.0,4.562736984,4.563169,4.55624,84250.0,False,1 x NVIDIA RTX A1000,Intel(R) Core(TM) i7-14700,-0.0004320160000004236,0.15207715133531696
main_campaign_default_alpha_0_5,test1_convergencia,MNIST,FedAVG,0.5,49,10,5,54003,53920,1690000.0,4.562821476,4.5632535,4.55624,84250.0,False,1 x NVIDIA RTX A1000,Intel(R) Core(TM) i7-14700,-0.00043202400000019736,0.1539317507418536
main_campaign_default_alpha_0_5,test1_convergencia,MNIST,FedAVG,0.5,50,10,5,54002,53920,1690000.0,4.562736984,4.563169,4.55624,84250.0,False,1 x NVIDIA RTX A1000,Intel(R) Core(TM) i7-14700,-0.0004320160000004236,0.15207715133531696
main_campaign_default_alpha_0_5,test1_convergencia,MNIST,FedAVG,0.5,51,10,5,54003,53952,1690000.0,4.562821476,4.5632535,4.558944,84300.0,False,1 x NVIDIA RTX A1000,Intel(R) Core(TM) i7-14700,-0.00043202400000019736,0.09452846975088747
main_campaign_default_alpha_0_5,test1_convergencia,MNIST,FedAVG,0.5,52,10,5,54001,53888,1690000.0,4.562652492,4.5630845,4.553536,84200.0,False,1 x NVIDIA RTX A1000,Intel(R) Core(TM) i7-14700,-0.00043200800000064987,0.20969418052256827
main_campaign_default_alpha_0_5,test1_convergencia,MNIST,FedAVG,0.5,53,10,5,54003,53952,1690000.0,4.562821476,4.5632535,4.558944,84300.0,False,1 x NVIDIA RTX A1000,Intel(R) Core(TM) i7-14700,-0.00043202400000019736,0.09452846975088747
main_campaign_default_alpha_0_5,test1_convergencia,MNIST,FedAVG,0.5,54,10,5,54003,53952,1690000.0,4.562821476,4.5632535,4.558944,84300.0,False,1 x NVIDIA RTX A1000,Intel(R) Core(TM) i7-14700,-0.00043202400000019736,0.09452846975088747
main_campaign_default_alpha_0_5,test1_convergencia,MNIST,FedAVG,0.5,55,10,5,54003,53920,1690000.0,4.562821476,4.5632535,4.55624,84250.0,False,1 x NVIDIA RTX A1000,Intel(R) Core(TM) i7-14700,-0.00043202400000019736,0.1539317507418536
main_campaign_default_alpha_0_5,test1_convergencia,MNIST,FedAVG,0.5,56,10,5,54001,53888,1690000.0,4.562652492,4.5630845,4.553536,84200.0,False,1 x NVIDIA RTX A1000,Intel(R) Core(TM) i7-14700,-0.00043200800000064987,0.20969418052256827
main_campaign_default_alpha_0_5,test1_convergencia,MNIST,FedAVG,0.5,57,10,5,54003,53888,1690000.0,4.562821476,4.5632535,4.553536,84200.0,False,1 x NVIDIA RTX A1000,Intel(R) Core(TM) i7-14700,-0.00043202400000019736,0.2134055819477343
main_campaign_default_alpha_0_5,test1_convergencia,MNIST,FedAVG,0.5,58,10,5,54003,53920,1690000.0,4.562821476,4.5632535,4.55624,84250.0,False,1 x NVIDIA RTX A1000,Intel(R) Core(TM) i7-14700,-0.00043202400000019736,0.1539317507418536
main_campaign_default_alpha_0_5,test1_convergencia,MNIST,FedAVG,0.5,59,10,5,54003,53952,1690000.0,4.562821476,4.5632535,4.558944,84300.0,False,1 x NVIDIA RTX A1000,Intel(R) Core(TM) i7-14700,-0.00043202400000019736,0.09452846975088747
main_campaign_default_alpha_0_5,test1_convergencia,MNIST,FedAVG,0.5,60,10,5,54002,53952,1690000.0,4.562736984,4.563169,4.558944,84300.0,False,1 x NVIDIA RTX A1000,Intel(R) Core(TM) i7-14700,-0.0004320160000004236,0.09267497034399774
main_campaign_default_alpha_0_5,test1_convergencia,MNIST,FedAVG,0.5,61,10,5,54003,53920,1690000.0,4.562821476,4.5632535,4.55624,84250.0,False,1 x NVIDIA RTX A1000,Intel(R) Core(TM) i7-14700,-0.00043202400000019736,0.1539317507418536
main_campaign_default_alpha_0_5,test1_convergencia,MNIST,FedAVG,0.5,62,10,5,54003,53888,1690000.0,4.562821476,4.5632535,4.553536,84200.0,False,1 x NVIDIA RTX A1000,Intel(R) Core(TM) i7-14700,-0.00043202400000019736,0.2134055819477343
main_campaign_default_alpha_0_5,test1_convergencia,MNIST,FedAVG,0.5,63,10,5,54002,53920,1690000.0,4.562736984,4.563169,4.55624,84250.0,False,1 x NVIDIA RTX A1000,Intel(R) Core(TM) i7-14700,-0.0004320160000004236,0.15207715133531696
main_campaign_default_alpha_0_5,test1_convergencia,MNIST,FedAVG,0.5,64,10,5,54002,53920,1690000.0,4.562736984,4.563169,4.55624,84250.0,False,1 x NVIDIA RTX A1000,Intel(R) Core(TM) i7-14700,-0.0004320160000004236,0.15207715133531696
main_campaign_default_alpha_0_5,test1_convergencia,MNIST,FedAVG,0.5,65,10,5,54003,53920,1690000.0,4.562821476,4.5632535,4.55624,84250.0,False,1 x NVIDIA RTX A1000,Intel(R) Core(TM) i7-14700,-0.00043202400000019736,0.1539317507418536
main_campaign_default_alpha_0_5,test1_convergencia,MNIST,FedAVG,0.5,66,10,5,54003,53888,1690000.0,4.562821476,4.5632535,4.553536,84200.0,False,1 x NVIDIA RTX A1000,Intel(R) Core(TM) i7-14700,-0.00043202400000019736,0.2134055819477343
main_campaign_default_alpha_0_5,test1_convergencia,MNIST,FedAVG,0.5,67,10,5,54002,53920,1690000.0,4.562736984,4.563169,4.55624,84250.0,False,1 x NVIDIA RTX A1000,Intel(R) Core(TM) i7-14700,-0.0004320160000004236,0.15207715133531696
main_campaign_default_alpha_0_5,test1_convergencia,MNIST,FedAVG,0.5,68,10,5,54002,53920,1690000.0,4.562736984,4.563169,4.55624,84250.0,False,1 x NVIDIA RTX A1000,Intel(R) Core(TM) i7-14700,-0.0004320160000004236,0.15207715133531696
main_campaign_default_alpha_0_5,test1_convergencia,MNIST,FedAVG,0.5,69,10,5,54002,53920,1690000.0,4.562736984,4.563169,4.55624,84250.0,False,1 x NVIDIA RTX A1000,Intel(R) Core(TM) i7-14700,-0.0004320160000004236,0.15207715133531696
main_campaign_default_alpha_0_5,test1_convergencia,MNIST,FedAVG,0.5,70,10,5,54002,53920,1690000.0,4.562736984,4.563169,4.55624,84250.0,False,1 x NVIDIA RTX A1000,Intel(R) Core(TM) i7-14700,-0.0004320160000004236,0.15207715133531696
main_campaign_default_alpha_0_5,test1_convergencia,MNIST,FedAVG,0.5,71,10,5,54002,53952,1690000.0,4.562736984,4.563169,4.558944,84300.0,False,1 x NVIDIA RTX A1000,Intel(R) Core(TM) i7-14700,-0.0004320160000004236,0.09267497034399774
main_campaign_default_alpha_0_5,test1_convergencia,MNIST,FedAvgM,0.5,42,10,5,54002,53920,1690000.0,4.562736984,4.563169,4.55624,84250.0,False,1 x NVIDIA RTX A1000,Intel(R) Core(TM) i7-14700,-0.0004320160000004236,0.15207715133531696
main_campaign_default_alpha_0_5,test1_convergencia,MNIST,FedAvgM,0.5,43,10,5,54002,53920,1690000.0,4.562736984,4.563169,4.55624,84250.0,False,1 x NVIDIA RTX A1000,Intel(R) Core(TM) i7-14700,-0.0004320160000004236,0.15207715133531696
main_campaign_default_alpha_0_5,test1_convergencia,MNIST,FedAvgM,0.5,44,10,5,54002,53920,1690000.0,4.562736984,4.563169,4.55624,84250.0,False,1 x NVIDIA RTX A1000,Intel(R) Core(TM) i7-14700,-0.0004320160000004236,0.15207715133531696
main_campaign_default_alpha_0_5,test1_convergencia,MNIST,FedAvgM,0.5,45,10,5,54003,53920,1690000.0,4.562821476,4.5632535,4.55624,84250.0,False,1 x NVIDIA RTX A1000,Intel(R) Core(TM) i7-14700,-0.00043202400000019736,0.1539317507418536
main_campaign_default_alpha_0_5,test1_convergencia,MNIST,FedAvgM,0.5,46,10,5,54002,53952,1690000.0,4.562736984,4.563169,4.558944,84300.0,False,1 x NVIDIA RTX A1000,Intel(R) Core(TM) i7-14700,-0.0004320160000004236,0.09267497034399774
main_campaign_default_alpha_0_5,test1_convergencia,MNIST,FedAvgM,0.5,47,10,5,54001,53920,1690000.0,4.562652492,4.5630845,4.55624,84250.0,False,1 x NVIDIA RTX A1000,Intel(R) Core(TM) i7-14700,-0.00043200800000064987,0.15022255192880252
main_campaign_default_alpha_0_5,test1_convergencia,MNIST,FedAvgM,0.5,48,10,5,54002,53920,1690000.0,4.562736984,4.563169,4.55624,84250.0,False,1 x NVIDIA RTX A1000,Intel(R) Core(TM) i7-14700,-0.0004320160000004236,0.15207715133531696
main_campaign_default_alpha_0_5,test1_convergencia,MNIST,FedAvgM,0.5,49,10,5,54003,53920,1690000.0,4.562821476,4.5632535,4.55624,84250.0,False,1 x NVIDIA RTX A1000,Intel(R) Core(TM) i7-14700,-0.00043202400000019736,0.1539317507418536
main_campaign_default_alpha_0_5,test1_convergencia,MNIST,FedAvgM,0.5,50,10,5,54002,53920,1690000.0,4.562736984,4.563169,4.55624,84250.0,False,1 x NVIDIA RTX A1000,Intel(R) Core(TM) i7-14700,-0.0004320160000004236,0.15207715133531696
main_campaign_default_alpha_0_5,test1_convergencia,MNIST,FedAvgM,0.5,51,10,5,54003,53952,1690000.0,4.562821476,4.5632535,4.558944,84300.0,False,1 x NVIDIA RTX A1000,Intel(R) Core(TM) i7-14700,-0.00043202400000019736,0.09452846975088747
main_campaign_default_alpha_0_5,test1_convergencia,MNIST,FedAvgM,0.5,52,10,5,54001,53888,1690000.0,4.562652492,4.5630845,4.553536,84200.0,False,1 x NVIDIA RTX A1000,Intel(R) Core(TM) i7-14700,-0.00043200800000064987,0.20969418052256827
main_campaign_default_alpha_0_5,test1_convergencia,MNIST,FedAvgM,0.5,53,10,5,54003,53952,1690000.0,4.562821476,4.5632535,4.558944,84300.0,False,1 x NVIDIA RTX A1000,Intel(R) Core(TM) i7-14700,-0.00043202400000019736,0.09452846975088747
main_campaign_default_alpha_0_5,test1_convergencia,MNIST,FedAvgM,0.5,54,10,5,54003,53952,1690000.0,4.562821476,4.5632535,4.558944,84300.0,False,1 x NVIDIA RTX A1000,Intel(R) Core(TM) i7-14700,-0.00043202400000019736,0.09452846975088747
main_campaign_default_alpha_0_5,test1_convergencia,MNIST,FedAvgM,0.5,55,10,5,54003,53920,1690000.0,4.562821476,4.5632535,4.55624,84250.0,False,1 x NVIDIA RTX A1000,Intel(R) Core(TM) i7-14700,-0.00043202400000019736,0.1539317507418536
main_campaign_default_alpha_0_5,test1_convergencia,MNIST,FedAvgM,0.5,56,10,5,54001,53888,1690000.0,4.562652492,4.5630845,4.553536,84200.0,False,1 x NVIDIA RTX A1000,Intel(R) Core(TM) i7-14700,-0.00043200800000064987,0.20969418052256827
main_campaign_default_alpha_0_5,test1_convergencia,MNIST,FedAvgM,0.5,57,10,5,54003,53888,1690000.0,4.562821476,4.5632535,4.553536,84200.0,False,1 x NVIDIA RTX A1000,Intel(R) Core(TM) i7-14700,-0.00043202400000019736,0.2134055819477343
main_campaign_default_alpha_0_5,test1_convergencia,MNIST,FedAvgM,0.5,58,10,5,54003,53920,1690000.0,4.562821476,4.5632535,4.55624,84250.0,False,1 x NVIDIA RTX A1000,Intel(R) Core(TM) i7-14700,-0.00043202400000019736,0.1539317507418536
main_campaign_default_alpha_0_5,test1_convergencia,MNIST,FedAvgM,0.5,59,10,5,54003,53952,1690000.0,4.562821476,4.5632535,4.558944,84300.0,False,1 x NVIDIA RTX A1000,Intel(R) Core(TM) i7-14700,-0.00043202400000019736,0.09452846975088747
main_campaign_default_alpha_0_5,test1_convergencia,MNIST,FedAvgM,0.5,60,10,5,54002,53952,1690000.0,4.562736984,4.563169,4.558944,84300.0,False,1 x NVIDIA RTX A1000,Intel(R) Core(TM) i7-14700,-0.0004320160000004236,0.09267497034399774
main_campaign_default_alpha_0_5,test1_convergencia,MNIST,FedAvgM,0.5,61,10,5,54003,53920,1690000.0,4.562821476,4.5632535,4.55624,84250.0,False,1 x NVIDIA RTX A1000,Intel(R) Core(TM) i7-14700,-0.00043202400000019736,0.1539317507418536
main_campaign_default_alpha_0_5,test1_convergencia,MNIST,FedAvgM,0.5,62,10,5,54003,53888,1690000.0,4.562821476,4.5632535,4.553536,84200.0,False,1 x NVIDIA RTX A1000,Intel(R) Core(TM) i7-14700,-0.00043202400000019736,0.2134055819477343
main_campaign_default_alpha_0_5,test1_convergencia,MNIST,FedAvgM,0.5,63,10,5,54002,53920,1690000.0,4.562736984,4.563169,4.55624,84250.0,False,1 x NVIDIA RTX A1000,Intel(R) Core(TM) i7-14700,-0.0004320160000004236,0.15207715133531696
main_campaign_default_alpha_0_5,test1_convergencia,MNIST,FedAvgM,0.5,64,10,5,54002,53920,1690000.0,4.562736984,4.563169,4.55624,84250.0,False,1 x NVIDIA RTX A1000,Intel(R) Core(TM) i7-14700,-0.0004320160000004236,0.15207715133531696
main_campaign_default_alpha_0_5,test1_convergencia,MNIST,FedAvgM,0.5,65,10,5,54003,53920,1690000.0,4.562821476,4.5632535,4.55624,84250.0,False,1 x NVIDIA RTX A1000,Intel(R) Core(TM) i7-14700,-0.00043202400000019736,0.1539317507418536
main_campaign_default_alpha_0_5,test1_convergencia,MNIST,FedAvgM,0.5,66,10,5,54003,53888,1690000.0,4.562821476,4.5632535,4.553536,84200.0,False,1 x NVIDIA RTX A1000,Intel(R) Core(TM) i7-14700,-0.00043202400000019736,0.2134055819477343
main_campaign_default_alpha_0_5,test1_convergencia,MNIST,FedAvgM,0.5,67,10,5,54002,53920,1690000.0,4.562736984,4.563169,4.55624,84250.0,False,1 x NVIDIA RTX A1000,Intel(R) Core(TM) i7-14700,-0.0004320160000004236,0.15207715133531696
main_campaign_default_alpha_0_5,test1_convergencia,MNIST,FedAvgM,0.5,68,10,5,54002,53920,1690000.0,4.562736984,4.563169,4.55624,84250.0,False,1 x NVIDIA RTX A1000,Intel(R) Core(TM) i7-14700,-0.0004320160000004236,0.15207715133531696
main_campaign_default_alpha_0_5,test1_convergencia,MNIST,FedAvgM,0.5,69,10,5,54002,53920,1690000.0,4.562736984,4.563169,4.55624,84250.0,False,1 x NVIDIA RTX A1000,Intel(R) Core(TM) i7-14700,-0.0004320160000004236,0.15207715133531696
main_campaign_default_alpha_0_5,test1_convergencia,MNIST,FedAvgM,0.5,70,10,5,54002,53920,1690000.0,4.562736984,4.563169,4.55624,84250.0,False,1 x NVIDIA RTX A1000,Intel(R) Core(TM) i7-14700,-0.0004320160000004236,0.15207715133531696
main_campaign_default_alpha_0_5,test1_convergencia,MNIST,FedAvgM,0.5,71,10,5,54002,53952,1690000.0,4.562736984,4.563169,4.558944,84300.0,False,1 x NVIDIA RTX A1000,Intel(R) Core(TM) i7-14700,-0.0004320160000004236,0.09267497034399774
main_campaign_default_alpha_0_5,test1_convergencia,MNIST,FedProx,0.5,42,10,5,54002,53920,1690000.0,4.562736984,4.563169,4.55624,84250.0,False,1 x NVIDIA RTX A1000,Intel(R) Core(TM) i7-14700,-0.0004320160000004236,0.15207715133531696
main_campaign_default_alpha_0_5,test1_convergencia,MNIST,FedProx,0.5,43,10,5,54002,53920,1690000.0,4.562736984,4.563169,4.55624,84250.0,False,1 x NVIDIA RTX A1000,Intel(R) Core(TM) i7-14700,-0.0004320160000004236,0.15207715133531696
main_campaign_default_alpha_0_5,test1_convergencia,MNIST,FedProx,0.5,44,10,5,54002,53920,1690000.0,4.562736984,4.563169,4.55624,84250.0,False,1 x NVIDIA RTX A1000,Intel(R) Core(TM) i7-14700,-0.0004320160000004236,0.15207715133531696
main_campaign_default_alpha_0_5,test1_convergencia,MNIST,FedProx,0.5,45,10,5,54003,53920,1690000.0,4.562821476,4.5632535,4.55624,84250.0,False,1 x NVIDIA RTX A1000,Intel(R) Core(TM) i7-14700,-0.00043202400000019736,0.1539317507418536
main_campaign_default_alpha_0_5,test1_convergencia,MNIST,FedProx,0.5,46,10,5,54002,53952,1690000.0,4.562736984,4.563169,4.558944,84300.0,False,1 x NVIDIA RTX A1000,Intel(R) Core(TM) i7-14700,-0.0004320160000004236,0.09267497034399774
main_campaign_default_alpha_0_5,test1_convergencia,MNIST,FedProx,0.5,47,10,5,54001,53920,1690000.0,4.562652492,4.5630845,4.55624,84250.0,False,1 x NVIDIA RTX A1000,Intel(R) Core(TM) i7-14700,-0.00043200800000064987,0.15022255192880252
main_campaign_default_alpha_0_5,test1_convergencia,MNIST,FedProx,0.5,48,10,5,54002,53920,1690000.0,4.562736984,4.563169,4.55624,84250.0,False,1 x NVIDIA RTX A1000,Intel(R) Core(TM) i7-14700,-0.0004320160000004236,0.15207715133531696
main_campaign_default_alpha_0_5,test1_convergencia,MNIST,FedProx,0.5,49,10,5,54003,53920,1690000.0,4.562821476,4.5632535,4.55624,84250.0,False,1 x NVIDIA RTX A1000,Intel(R) Core(TM) i7-14700,-0.00043202400000019736,0.1539317507418536
main_campaign_default_alpha_0_5,test1_convergencia,MNIST,FedProx,0.5,50,10,5,54002,53920,1690000.0,4.562736984,4.563169,4.55624,84250.0,False,1 x NVIDIA RTX A1000,Intel(R) Core(TM) i7-14700,-0.0004320160000004236,0.15207715133531696
main_campaign_default_alpha_0_5,test1_convergencia,MNIST,FedProx,0.5,51,10,5,54003,53952,1690000.0,4.562821476,4.5632535,4.558944,84300.0,False,1 x NVIDIA RTX A1000,Intel(R) Core(TM) i7-14700,-0.00043202400000019736,0.09452846975088747
main_campaign_default_alpha_0_5,test1_convergencia,MNIST,FedProx,0.5,52,10,5,54001,53888,1690000.0,4.562652492,4.5630845,4.553536,84200.0,False,1 x NVIDIA RTX A1000,Intel(R) Core(TM) i7-14700,-0.00043200800000064987,0.20969418052256827
main_campaign_default_alpha_0_5,test1_convergencia,MNIST,FedProx,0.5,53,10,5,54003,53952,1690000.0,4.562821476,4.5632535,4.558944,84300.0,False,1 x NVIDIA RTX A1000,Intel(R) Core(TM) i7-14700,-0.00043202400000019736,0.09452846975088747
main_campaign_default_alpha_0_5,test1_convergencia,MNIST,FedProx,0.5,54,10,5,54003,53952,1690000.0,4.562821476,4.5632535,4.558944,84300.0,False,1 x NVIDIA RTX A1000,Intel(R) Core(TM) i7-14700,-0.00043202400000019736,0.09452846975088747
main_campaign_default_alpha_0_5,test1_convergencia,MNIST,FedProx,0.5,55,10,5,54003,53920,1690000.0,4.562821476,4.5632535,4.55624,84250.0,False,1 x NVIDIA RTX A1000,Intel(R) Core(TM) i7-14700,-0.00043202400000019736,0.1539317507418536
main_campaign_default_alpha_0_5,test1_convergencia,MNIST,FedProx,0.5,56,10,5,54001,53888,1690000.0,4.562652492,4.5630845,4.553536,84200.0,False,1 x NVIDIA RTX A1000,Intel(R) Core(TM) i7-14700,-0.00043200800000064987,0.20969418052256827
main_campaign_default_alpha_0_5,test1_convergencia,MNIST,FedProx,0.5,57,10,5,54003,53888,1690000.0,4.562821476,4.5632535,4.553536,84200.0,False,1 x NVIDIA RTX A1000,Intel(R) Core(TM) i7-14700,-0.00043202400000019736,0.2134055819477343
main_campaign_default_alpha_0_5,test1_convergencia,MNIST,FedProx,0.5,58,10,5,54003,53920,1690000.0,4.562821476,4.5632535,4.55624,84250.0,False,1 x NVIDIA RTX A1000,Intel(R) Core(TM) i7-14700,-0.00043202400000019736,0.1539317507418536
main_campaign_default_alpha_0_5,test1_convergencia,MNIST,FedProx,0.5,59,10,5,54003,53952,1690000.0,4.562821476,4.5632535,4.558944,84300.0,False,1 x NVIDIA RTX A1000,Intel(R) Core(TM) i7-14700,-0.00043202400000019736,0.09452846975088747
main_campaign_default_alpha_0_5,test1_convergencia,MNIST,FedProx,0.5,60,10,5,54002,53952,1690000.0,4.562736984,4.563169,4.558944,84300.0,False,1 x NVIDIA RTX A1000,Intel(R) Core(TM) i7-14700,-0.0004320160000004236,0.09267497034399774
main_campaign_default_alpha_0_5,test1_convergencia,MNIST,FedProx,0.5,61,10,5,54003,53920,1690000.0,4.562821476,4.5632535,4.55624,84250.0,False,1 x NVIDIA RTX A1000,Intel(R) Core(TM) i7-14700,-0.00043202400000019736,0.1539317507418536
main_campaign_default_alpha_0_5,test1_convergencia,MNIST,FedProx,0.5,62,10,5,54003,53888,1690000.0,4.562821476,4.5632535,4.553536,84200.0,False,1 x NVIDIA RTX A1000,Intel(R) Core(TM) i7-14700,-0.00043202400000019736,0.2134055819477343
main_campaign_default_alpha_0_5,test1_convergencia,MNIST,FedProx,0.5,63,10,5,54002,53920,1690000.0,4.562736984,4.563169,4.55624,84250.0,False,1 x NVIDIA RTX A1000,Intel(R) Core(TM) i7-14700,-0.0004320160000004236,0.15207715133531696
main_campaign_default_alpha_0_5,test1_convergencia,MNIST,FedProx,0.5,64,10,5,54002,53920,1690000.0,4.562736984,4.563169,4.55624,84250.0,False,1 x NVIDIA RTX A1000,Intel(R) Core(TM) i7-14700,-0.0004320160000004236,0.15207715133531696
main_campaign_default_alpha_0_5,test1_convergencia,MNIST,FedProx,0.5,65,10,5,54003,53920,1690000.0,4.562821476,4.5632535,4.55624,84250.0,False,1 x NVIDIA RTX A1000,Intel(R) Core(TM) i7-14700,-0.00043202400000019736,0.1539317507418536
main_campaign_default_alpha_0_5,test1_convergencia,MNIST,FedProx,0.5,66,10,5,54003,53888,1690000.0,4.562821476,4.5632535,4.553536,84200.0,False,1 x NVIDIA RTX A1000,Intel(R) Core(TM) i7-14700,-0.00043202400000019736,0.2134055819477343
main_campaign_default_alpha_0_5,test1_convergencia,MNIST,FedProx,0.5,67,10,5,54002,53920,1690000.0,4.562736984,4.563169,4.55624,84250.0,False,1 x NVIDIA RTX A1000,Intel(R) Core(TM) i7-14700,-0.0004320160000004236,0.15207715133531696
main_campaign_default_alpha_0_5,test1_convergencia,MNIST,FedProx,0.5,68,10,5,54002,53920,1690000.0,4.562736984,4.563169,4.55624,84250.0,False,1 x NVIDIA RTX A1000,Intel(R) Core(TM) i7-14700,-0.0004320160000004236,0.15207715133531696
main_campaign_default_alpha_0_5,test1_convergencia,MNIST,FedProx,0.5,69,10,5,54002,53920,1690000.0,4.562736984,4.563169,4.55624,84250.0,False,1 x NVIDIA RTX A1000,Intel(R) Core(TM) i7-14700,-0.0004320160000004236,0.15207715133531696
main_campaign_default_alpha_0_5,test1_convergencia,MNIST,FedProx,0.5,70,10,5,54002,53920,1690000.0,4.562736984,4.563169,4.55624,84250.0,False,1 x NVIDIA RTX A1000,Intel(R) Core(TM) i7-14700,-0.0004320160000004236,0.15207715133531696
main_campaign_default_alpha_0_5,test1_convergencia,MNIST,FedProx,0.5,71,10,5,54002,53952,1690000.0,4.562736984,4.563169,4.558944,84300.0,False,1 x NVIDIA RTX A1000,Intel(R) Core(TM) i7-14700,-0.0004320160000004236,0.09267497034399774
main_campaign_default_alpha_0_5,test1_convergencia,MNIST,FedNova,0.5,42,10,5,54002,53920,1690000.0,4.562736984,4.563169,4.55624,84250.0,False,1 x NVIDIA A40,AMD EPYC 9354P 32-Core Processor,-0.0004320160000004236,0.15207715133531696
main_campaign_default_alpha_0_5,test1_convergencia,MNIST,FedNova,0.5,43,10,5,54002,53920,1690000.0,4.562736984,4.563169,4.55624,84250.0,False,1 x NVIDIA A40,AMD EPYC 9354P 32-Core Processor,-0.0004320160000004236,0.15207715133531696
main_campaign_default_alpha_0_5,test1_convergencia,MNIST,FedNova,0.5,44,10,5,54002,53920,1690000.0,4.562736984,4.563169,4.55624,84250.0,False,1 x NVIDIA A40,AMD EPYC 9354P 32-Core Processor,-0.0004320160000004236,0.15207715133531696
main_campaign_default_alpha_0_5,test1_convergencia,MNIST,FedNova,0.5,45,10,5,54003,53920,1690000.0,4.562821476,4.5632535,4.55624,84250.0,False,1 x NVIDIA A40,AMD EPYC 9354P 32-Core Processor,-0.00043202400000019736,0.1539317507418536
main_campaign_default_alpha_0_5,test1_convergencia,MNIST,FedNova,0.5,46,10,5,54002,53952,1690000.0,4.562736984,4.563169,4.558944,84300.0,False,1 x NVIDIA A40,AMD EPYC 9354P 32-Core Processor,-0.0004320160000004236,0.09267497034399774
main_campaign_default_alpha_0_5,test1_convergencia,MNIST,FedNova,0.5,47,10,5,54001,53920,1690000.0,4.562652492,4.5630845,4.55624,84250.0,False,1 x NVIDIA A40,AMD EPYC 9354P 32-Core Processor,-0.00043200800000064987,0.15022255192880252
main_campaign_default_alpha_0_5,test1_convergencia,MNIST,FedNova,0.5,48,10,5,54002,53920,1690000.0,4.562736984,4.563169,4.55624,84250.0,False,1 x NVIDIA A40,AMD EPYC 9354P 32-Core Processor,-0.0004320160000004236,0.15207715133531696
main_campaign_default_alpha_0_5,test1_convergencia,MNIST,FedNova,0.5,49,10,5,54003,53920,1690000.0,4.562821476,4.5632535,4.55624,84250.0,False,1 x NVIDIA A40,AMD EPYC 9354P 32-Core Processor,-0.00043202400000019736,0.1539317507418536
main_campaign_default_alpha_0_5,test1_convergencia,MNIST,FedNova,0.5,50,10,5,54002,53920,1690000.0,4.562736984,4.563169,4.55624,84250.0,False,1 x NVIDIA A40,AMD EPYC 9354P 32-Core Processor,-0.0004320160000004236,0.15207715133531696
main_campaign_default_alpha_0_5,test1_convergencia,MNIST,FedNova,0.5,51,10,5,54003,53952,1690000.0,4.562821476,4.5632535,4.558944,84300.0,False,1 x NVIDIA A40,AMD EPYC 9354P 32-Core Processor,-0.00043202400000019736,0.09452846975088747
main_campaign_default_alpha_0_5,test1_convergencia,MNIST,FedNova,0.5,52,10,5,54001,53888,1690000.0,4.562652492,4.5630845,4.553536,84200.0,False,1 x NVIDIA A40,AMD EPYC 9354P 32-Core Processor,-0.00043200800000064987,0.20969418052256827
main_campaign_default_alpha_0_5,test1_convergencia,MNIST,FedNova,0.5,53,10,5,54003,53952,1690000.0,4.562821476,4.5632535,4.558944,84300.0,False,1 x NVIDIA A40,AMD EPYC 9354P 32-Core Processor,-0.00043202400000019736,0.09452846975088747
main_campaign_default_alpha_0_5,test1_convergencia,MNIST,FedNova,0.5,54,10,5,54003,53952,1690000.0,4.562821476,4.5632535,4.558944,84300.0,False,1 x NVIDIA A40,AMD EPYC 9354P 32-Core Processor,-0.00043202400000019736,0.09452846975088747
main_campaign_default_alpha_0_5,test1_convergencia,MNIST,FedNova,0.5,55,10,5,54003,53920,1690000.0,4.562821476,4.5632535,4.55624,84250.0,False,1 x NVIDIA A40,AMD EPYC 9354P 32-Core Processor,-0.00043202400000019736,0.1539317507418536
main_campaign_default_alpha_0_5,test1_convergencia,MNIST,FedNova,0.5,56,10,5,54001,53888,1690000.0,4.562652492,4.5630845,4.553536,84200.0,False,1 x NVIDIA A40,AMD EPYC 9354P 32-Core Processor,-0.00043200800000064987,0.20969418052256827
main_campaign_default_alpha_0_5,test1_convergencia,MNIST,FedNova,0.5,57,10,5,54003,53888,1690000.0,4.562821476,4.5632535,4.553536,84200.0,False,1 x NVIDIA A40,AMD EPYC 9354P 32-Core Processor,-0.00043202400000019736,0.2134055819477343
main_campaign_default_alpha_0_5,test1_convergencia,MNIST,FedNova,0.5,58,10,5,54003,53920,1690000.0,4.562821476,4.5632535,4.55624,84250.0,False,1 x NVIDIA A40,AMD EPYC 9354P 32-Core Processor,-0.00043202400000019736,0.1539317507418536
main_campaign_default_alpha_0_5,test1_convergencia,MNIST,FedNova,0.5,59,10,5,54003,53952,1690000.0,4.562821476,4.5632535,4.558944,84300.0,False,1 x NVIDIA A40,AMD EPYC 9354P 32-Core Processor,-0.00043202400000019736,0.09452846975088747
main_campaign_default_alpha_0_5,test1_convergencia,MNIST,FedNova,0.5,60,10,5,54002,53952,1690000.0,4.562736984,4.563169,4.558944,84300.0,False,1 x NVIDIA A40,AMD EPYC 9354P 32-Core Processor,-0.0004320160000004236,0.09267497034399774
main_campaign_default_alpha_0_5,test1_convergencia,MNIST,FedNova,0.5,61,10,5,54003,53920,1690000.0,4.562821476,4.5632535,4.55624,84250.0,False,1 x NVIDIA A40,AMD EPYC 9354P 32-Core Processor,-0.00043202400000019736,0.1539317507418536
main_campaign_default_alpha_0_5,test1_convergencia,MNIST,FedNova,0.5,62,10,5,54003,53888,1690000.0,4.562821476,4.5632535,4.553536,84200.0,False,1 x NVIDIA A40,AMD EPYC 9354P 32-Core Processor,-0.00043202400000019736,0.2134055819477343
main_campaign_default_alpha_0_5,test1_convergencia,MNIST,FedNova,0.5,63,10,5,54002,53920,1690000.0,4.562736984,4.563169,4.55624,84250.0,False,1 x NVIDIA A40,AMD EPYC 9354P 32-Core Processor,-0.0004320160000004236,0.15207715133531696
main_campaign_default_alpha_0_5,test1_convergencia,MNIST,FedNova,0.5,64,10,5,54002,53920,1690000.0,4.562736984,4.563169,4.55624,84250.0,False,1 x NVIDIA A40,AMD EPYC 9354P 32-Core Processor,-0.0004320160000004236,0.15207715133531696
main_campaign_default_alpha_0_5,test1_convergencia,MNIST,FedNova,0.5,65,10,5,54003,53920,1690000.0,4.562821476,4.5632535,4.55624,84250.0,False,1 x NVIDIA A40,AMD EPYC 9354P 32-Core Processor,-0.00043202400000019736,0.1539317507418536
main_campaign_default_alpha_0_5,test1_convergencia,MNIST,FedNova,0.5,66,10,5,54003,53888,1690000.0,4.562821476,4.5632535,4.553536,84200.0,False,1 x NVIDIA A40,AMD EPYC 9354P 32-Core Processor,-0.00043202400000019736,0.2134055819477343
main_campaign_default_alpha_0_5,test1_convergencia,MNIST,FedNova,0.5,67,10,5,54002,53920,1690000.0,4.562736984,4.563169,4.55624,84250.0,False,1 x NVIDIA A40,AMD EPYC 9354P 32-Core Processor,-0.0004320160000004236,0.15207715133531696
main_campaign_default_alpha_0_5,test1_convergencia,MNIST,FedNova,0.5,68,10,5,54002,53920,1690000.0,4.562736984,4.563169,4.55624,84250.0,False,1 x NVIDIA A40,AMD EPYC 9354P 32-Core Processor,-0.0004320160000004236,0.15207715133531696
main_campaign_default_alpha_0_5,test1_convergencia,MNIST,FedNova,0.5,69,10,5,54002,53920,1690000.0,4.562736984,4.563169,4.55624,84250.0,False,1 x NVIDIA A40,AMD EPYC 9354P 32-Core Processor,-0.0004320160000004236,0.15207715133531696
main_campaign_default_alpha_0_5,test1_convergencia,MNIST,FedNova,0.5,70,10,5,54002,53920,1690000.0,4.562736984,4.563169,4.55624,84250.0,False,1 x NVIDIA A40,AMD EPYC 9354P 32-Core Processor,-0.0004320160000004236,0.15207715133531696
main_campaign_default_alpha_0_5,test1_convergencia,MNIST,FedNova,0.5,71,10,5,54002,53952,1690000.0,4.562736984,4.563169,4.558944,84300.0,False,1 x NVIDIA A40,AMD EPYC 9354P 32-Core Processor,-0.0004320160000004236,0.09267497034399774
main_campaign_default_alpha_0_5,test1_convergencia,MNIST,FedHAD,0.5,42,10,5,54002,53920,1690000.0,3.5962498944,3.5965904,3.5914528,66410.0,False,1 x NVIDIA RTX A1000,Intel(R) Core(TM) i7-14700,-0.0003405056000000961,0.14305074536968831
main_campaign_default_alpha_0_5,test1_convergencia,MNIST,FedHAD,0.5,43,10,5,54002,53920,1690000.0,3.6501895872,3.6505352,3.644992,67400.0,False,1 x NVIDIA RTX A1000,Intel(R) Core(TM) i7-14700,-0.0003456128000003389,0.15207715133531696
main_campaign_default_alpha_0_5,test1_convergencia,MNIST,FedHAD,0.5,44,10,5,54002,53920,1690000.0,3.6501895872,3.6505352,3.644992,67400.0,False,1 x NVIDIA RTX A1000,Intel(R) Core(TM) i7-14700,-0.0003456128000003389,0.15207715133531696
main_campaign_default_alpha_0_5,test1_convergencia,MNIST,FedHAD,0.5,45,10,5,54003,53920,1690000.0,3.5225390736,3.5228726,3.5173632,65040.0,False,1 x NVIDIA RTX A1000,Intel(R) Core(TM) i7-14700,-0.0003335263999999505,0.1566343788437896
main_campaign_default_alpha_0_5,test1_convergencia,MNIST,FedHAD,0.5,46,10,5,54002,53952,1690000.0,3.516050088,3.516383,3.5130368,64960.0,False,1 x NVIDIA RTX A1000,Intel(R) Core(TM) i7-14700,-0.00033291199999974097,0.09525092364530696
main_campaign_default_alpha_0_5,test1_convergencia,MNIST,FedHAD,0.5,47,10,5,54001,53920,1690000.0,4.2777792648,4.2781843,4.27232,79000.0,False,1 x NVIDIA RTX A1000,Intel(R) Core(TM) i7-14700,-0.0004050352000000146,0.13726265822786576
main_campaign_default_alpha_0_5,test1_convergencia,MNIST,FedHAD,0.5,48,10,5,54002,53920,1690000.0,3.5617771584,3.5621144,3.5568416,65770.0,False,1 x NVIDIA RTX A1000,Intel(R) Core(TM) i7-14700,-0.0003372416000000378,0.14824388018854773
main_campaign_default_alpha_0_5,test1_convergencia,MNIST,FedHAD,0.5,49,10,5,54003,53920,1690000.0,3.6502571808,3.6506028,3.644992,67400.0,False,1 x NVIDIA RTX A1000,Intel(R) Core(TM) i7-14700,-0.00034561919999998025,0.1539317507418536
main_campaign_default_alpha_0_5,test1_convergencia,MNIST,FedHAD,0.5,50,10,5,54002,53920,1690000.0,3.6501895872,3.6505352,3.644992,67400.0,False,1 x NVIDIA RTX A1000,Intel(R) Core(TM) i7-14700,-0.0003456128000003389,0.15207715133531696
main_campaign_default_alpha_0_5,test1_convergencia,MNIST,FedHAD,0.5,51,10,5,54003,53952,1690000.0,3.6502571808,3.6506028,3.6471552,67440.0,False,1 x NVIDIA RTX A1000,Intel(R) Core(TM) i7-14700,-0.00034561919999998025,0.09452846975090967
main_campaign_default_alpha_0_5,test1_convergencia,MNIST,FedHAD,0.5,52,10,5,54001,53888,1690000.0,3.6501219936,3.6504676,3.6428288,67360.0,False,1 x NVIDIA RTX A1000,Intel(R) Core(TM) i7-14700,-0.00034560639999980935,0.20969418052254607
main_campaign_default_alpha_0_5,test1_convergencia,MNIST,FedHAD,0.5,53,10,5,54003,53952,1690000.0,3.5041029192,3.5044347,3.5011392,64740.0,False,1 x NVIDIA RTX A1000,Intel(R) Core(TM) i7-14700,-0.0003317807999998479,0.09412650602409478
main_campaign_default_alpha_0_5,test1_convergencia,MNIST,FedHAD,0.5,54,10,5,54003,53952,1690000.0,3.6502571808,3.6506028,3.6471552,67440.0,False,1 x NVIDIA RTX A1000,Intel(R) Core(TM) i7-14700,-0.00034561919999998025,0.09452846975090967
main_campaign_default_alpha_0_5,test1_convergencia,MNIST,FedHAD,0.5,55,10,5,54003,53920,1690000.0,3.6502571808,3.6506028,3.644992,67400.0,False,1 x NVIDIA RTX A1000,Intel(R) Core(TM) i7-14700,-0.00034561919999998025,0.1539317507418536
main_campaign_default_alpha_0_5,test1_convergencia,MNIST,FedHAD,0.5,56,10,5,54001,53888,1690000.0,3.5720851824,3.5724234,3.5649536,65920.0,False,1 x NVIDIA RTX A1000,Intel(R) Core(TM) i7-14700,-0.00033821759999996814,0.2095342839805836
main_campaign_default_alpha_0_5,test1_convergencia,MNIST,FedHAD,0.5,57,10,5,54003,53888,1690000.0,3.5759042208,3.5762428,3.5687392,65990.0,False,1 x NVIDIA RTX A1000,Intel(R) Core(TM) i7-14700,-0.0003385792000001331,0.21025913017125308
main_campaign_default_alpha_0_5,test1_convergencia,MNIST,FedHAD,0.5,58,10,5,54003,53920,1690000.0,3.6502571808,3.6506028,3.644992,67400.0,False,1 x NVIDIA RTX A1000,Intel(R) Core(TM) i7-14700,-0.00034561919999998025,0.1539317507418536
main_campaign_default_alpha_0_5,test1_convergencia,MNIST,FedHAD,0.5,59,10,5,54003,53952,1690000.0,3.5804836872,3.5808227,3.577392,66150.0,False,1 x NVIDIA RTX A1000,Intel(R) Core(TM) i7-14700,-0.0003390128000000381,0.09589947089947426
main_campaign_default_alpha_0_5,test1_convergencia,MNIST,FedHAD,0.5,60,10,5,54002,53952,1690000.0,3.6501895872,3.6505352,3.6471552,67440.0,False,1 x NVIDIA RTX A1000,Intel(R) Core(TM) i7-14700,-0.0003456128000003389,0.09267497034401995
main_campaign_default_alpha_0_5,test1_convergencia,MNIST,FedHAD,0.5,61,10,5,54003,53920,1690000.0,3.6502571808,3.6506028,3.644992,67400.0,False,1 x NVIDIA RTX A1000,Intel(R) Core(TM) i7-14700,-0.00034561919999998025,0.1539317507418536
main_campaign_default_alpha_0_5,test1_convergencia,MNIST,FedHAD,0.5,62,10,5,54003,53888,1690000.0,3.6502571808,3.6506028,3.6428288,67360.0,False,1 x NVIDIA RTX A1000,Intel(R) Core(TM) i7-14700,-0.00034561919999998025,0.2134055819477343
main_campaign_default_alpha_0_5,test1_convergencia,MNIST,FedHAD,0.5,63,10,5,54002,53920,1690000.0,3.6501895872,3.6505352,3.644992,67400.0,False,1 x NVIDIA RTX A1000,Intel(R) Core(TM) i7-14700,-0.0003456128000003389,0.15207715133531696
main_campaign_default_alpha_0_5,test1_convergencia,MNIST,FedHAD,0.5,64,10,5,54002,53920,1690000.0,3.6501895872,3.6505352,3.644992,67400.0,False,1 x NVIDIA RTX A1000,Intel(R) Core(TM) i7-14700,-0.0003456128000003389,0.15207715133531696
main_campaign_default_alpha_0_5,test1_convergencia,MNIST,FedHAD,0.5,65,10,5,54003,53920,1690000.0,3.6502571808,3.6506028,3.644992,67400.0,False,1 x NVIDIA RTX A1000,Intel(R) Core(TM) i7-14700,-0.00034561919999998025,0.1539317507418536
main_campaign_default_alpha_0_5,test1_convergencia,MNIST,FedHAD,0.5,66,10,5,54003,53888,1690000.0,3.6502571808,3.6506028,3.6428288,67360.0,False,1 x NVIDIA RTX A1000,Intel(R) Core(TM) i7-14700,-0.00034561919999998025,0.2134055819477343
main_campaign_default_alpha_0_5,test1_convergencia,MNIST,FedHAD,0.5,67,10,5,54002,53920,1690000.0,3.6501895872,3.6505352,3.644992,67400.0,False,1 x NVIDIA RTX A1000,Intel(R) Core(TM) i7-14700,-0.0003456128000003389,0.15207715133531696
main_campaign_default_alpha_0_5,test1_convergencia,MNIST,FedHAD,0.5,68,10,5,54002,53920,1690000.0,3.6501895872,3.6505352,3.644992,67400.0,False,1 x NVIDIA RTX A1000,Intel(R) Core(TM) i7-14700,-0.0003456128000003389,0.15207715133531696
main_campaign_default_alpha_0_5,test1_convergencia,MNIST,FedHAD,0.5,69,10,5,54002,53920,1690000.0,3.9175222752,3.9178932,3.9121472,72340.0,False,1 x NVIDIA RTX A1000,Intel(R) Core(TM) i7-14700,-0.00037092479999989436,0.14687586397565955
main_campaign_default_alpha_0_5,test1_convergencia,MNIST,FedHAD,0.5,70,10,5,54002,53920,1690000.0,3.495349548,3.4956805,3.4903232,64540.0,False,1 x NVIDIA RTX A1000,Intel(R) Core(TM) i7-14700,-0.0003309520000001065,0.15349008366905004
main_campaign_default_alpha_0_5,test1_convergencia,MNIST,FedHAD,0.5,71,10,5,54002,53952,1690000.0,3.6501895872,3.6505352,3.6471552,67440.0,False,1 x NVIDIA RTX A1000,Intel(R) Core(TM) i7-14700,-0.0003456128000003389,0.09267497034401995
main_campaign_default_alpha_0_5,test1_convergencia,FashionMNIST,FedAVG,0.5,42,10,5,54004,53952,1690000.0,4.562905968,4.563338,4.558944,84300.0,False,1 x NVIDIA RTX A1000,Intel(R) Core(TM) i7-14700,-0.0004320319999999711,0.09638196915775499
main_campaign_default_alpha_0_5,test1_convergencia,FashionMNIST,FedAVG,0.5,43,10,5,54002,53888,1690000.0,4.562736984,4.563169,4.553536,84200.0,False,1 x NVIDIA RTX A1000,Intel(R) Core(TM) i7-14700,-0.0004320160000004236,0.21154988123515128
main_campaign_default_alpha_0_5,test1_convergencia,FashionMNIST,FedAVG,0.5,44,10,5,54003,53920,1690000.0,4.562821476,4.5632535,4.55624,84250.0,False,1 x NVIDIA RTX A1000,Intel(R) Core(TM) i7-14700,-0.00043202400000019736,0.1539317507418536
main_campaign_default_alpha_0_5,test1_convergencia,FashionMNIST,FedAVG,0.5,45,10,5,54002,53920,1690000.0,4.562736984,4.563169,4.55624,84250.0,False,1 x NVIDIA RTX A1000,Intel(R) Core(TM) i7-14700,-0.0004320160000004236,0.15207715133531696
main_campaign_default_alpha_0_5,test1_convergencia,FashionMNIST,FedAVG,0.5,46,10,5,54001,53920,1690000.0,4.562652492,4.5630845,4.55624,84250.0,False,1 x NVIDIA RTX A1000,Intel(R) Core(TM) i7-14700,-0.00043200800000064987,0.15022255192880252
main_campaign_default_alpha_0_5,test1_convergencia,FashionMNIST,FedAVG,0.5,47,10,5,54002,53888,1690000.0,4.562736984,4.563169,4.553536,84200.0,False,1 x NVIDIA RTX A1000,Intel(R) Core(TM) i7-14700,-0.0004320160000004236,0.21154988123515128
main_campaign_default_alpha_0_5,test1_convergencia,FashionMNIST,FedAVG,0.5,48,10,5,54004,53920,1690000.0,4.562905968,4.563338,4.55624,84250.0,False,1 x NVIDIA RTX A1000,Intel(R) Core(TM) i7-14700,-0.0004320319999999711,0.15578635014836806
main_campaign_default_alpha_0_5,test1_convergencia,FashionMNIST,FedAVG,0.5,49,10,5,54001,53920,1690000.0,4.562652492,4.5630845,4.55624,84250.0,False,1 x NVIDIA RTX A1000,Intel(R) Core(TM) i7-14700,-0.00043200800000064987,0.15022255192880252
main_campaign_default_alpha_0_5,test1_convergencia,FashionMNIST,FedAVG,0.5,50,10,5,54002,53920,1690000.0,4.562736984,4.563169,4.55624,84250.0,False,1 x NVIDIA RTX A1000,Intel(R) Core(TM) i7-14700,-0.0004320160000004236,0.15207715133531696
main_campaign_default_alpha_0_5,test1_convergencia,FashionMNIST,FedAVG,0.5,51,10,5,54002,53952,1690000.0,4.562736984,4.563169,4.558944,84300.0,False,1 x NVIDIA RTX A1000,Intel(R) Core(TM) i7-14700,-0.0004320160000004236,0.09267497034399774
main_campaign_default_alpha_0_5,test1_convergencia,FashionMNIST,FedAVG,0.5,52,10,5,54002,53920,1690000.0,4.562736984,4.563169,4.55624,84250.0,False,1 x NVIDIA RTX A1000,Intel(R) Core(TM) i7-14700,-0.0004320160000004236,0.15207715133531696
main_campaign_default_alpha_0_5,test1_convergencia,FashionMNIST,FedAVG,0.5,53,10,5,54002,53888,1690000.0,4.562736984,4.563169,4.553536,84200.0,False,1 x NVIDIA RTX A1000,Intel(R) Core(TM) i7-14700,-0.0004320160000004236,0.21154988123515128
main_campaign_default_alpha_0_5,test1_convergencia,FashionMNIST,FedAVG,0.5,54,10,5,54002,53952,1690000.0,4.562736984,4.563169,4.558944,84300.0,False,1 x NVIDIA RTX A1000,Intel(R) Core(TM) i7-14700,-0.0004320160000004236,0.09267497034399774
main_campaign_default_alpha_0_5,test1_convergencia,FashionMNIST,FedAVG,0.5,55,10,5,54003,53952,1690000.0,4.562821476,4.5632535,4.558944,84300.0,False,1 x NVIDIA RTX A1000,Intel(R) Core(TM) i7-14700,-0.00043202400000019736,0.09452846975088747
main_campaign_default_alpha_0_5,test1_convergencia,FashionMNIST,FedAVG,0.5,56,10,5,54002,53888,1690000.0,4.562736984,4.563169,4.553536,84200.0,False,1 x NVIDIA RTX A1000,Intel(R) Core(TM) i7-14700,-0.0004320160000004236,0.21154988123515128
main_campaign_default_alpha_0_5,test1_convergencia,FashionMNIST,FedAVG,0.5,57,10,5,54002,53952,1690000.0,4.562736984,4.563169,4.558944,84300.0,False,1 x NVIDIA RTX A1000,Intel(R) Core(TM) i7-14700,-0.0004320160000004236,0.09267497034399774
main_campaign_default_alpha_0_5,test1_convergencia,FashionMNIST,FedAVG,0.5,58,10,5,54002,53920,1690000.0,4.562736984,4.563169,4.55624,84250.0,False,1 x NVIDIA RTX A1000,Intel(R) Core(TM) i7-14700,-0.0004320160000004236,0.15207715133531696
main_campaign_default_alpha_0_5,test1_convergencia,FashionMNIST,FedAVG,0.5,59,10,5,54002,53920,1690000.0,4.562736984,4.563169,4.55624,84250.0,False,1 x NVIDIA RTX A1000,Intel(R) Core(TM) i7-14700,-0.0004320160000004236,0.15207715133531696
main_campaign_default_alpha_0_5,test1_convergencia,FashionMNIST,FedAVG,0.5,60,10,5,54001,53952,1690000.0,4.562652492,4.5630845,4.558944,84300.0,False,1 x NVIDIA RTX A1000,Intel(R) Core(TM) i7-14700,-0.00043200800000064987,0.09082147093713022
main_campaign_default_alpha_0_5,test1_convergencia,FashionMNIST,FedAVG,0.5,61,10,5,54002,53920,1690000.0,4.562736984,4.563169,4.55624,84250.0,False,1 x NVIDIA RTX A1000,Intel(R) Core(TM) i7-14700,-0.0004320160000004236,0.15207715133531696
main_campaign_default_alpha_0_5,test1_convergencia,FashionMNIST,FedAVG,0.5,62,10,5,54002,53952,1690000.0,4.562736984,4.563169,4.558944,84300.0,False,1 x NVIDIA RTX A1000,Intel(R) Core(TM) i7-14700,-0.0004320160000004236,0.09267497034399774
main_campaign_default_alpha_0_5,test1_convergencia,FashionMNIST,FedAVG,0.5,63,10,5,54002,53952,1690000.0,4.562736984,4.563169,4.558944,84300.0,False,1 x NVIDIA RTX A1000,Intel(R) Core(TM) i7-14700,-0.0004320160000004236,0.09267497034399774
main_campaign_default_alpha_0_5,test1_convergencia,FashionMNIST,FedAVG,0.5,64,10,5,54002,53888,1690000.0,4.562736984,4.563169,4.553536,84200.0,False,1 x NVIDIA RTX A1000,Intel(R) Core(TM) i7-14700,-0.0004320160000004236,0.21154988123515128
main_campaign_default_alpha_0_5,test1_convergencia,FashionMNIST,FedAVG,0.5,65,10,5,54002,53920,1690000.0,4.562736984,4.563169,4.55624,84250.0,False,1 x NVIDIA RTX A1000,Intel(R) Core(TM) i7-14700,-0.0004320160000004236,0.15207715133531696
main_campaign_default_alpha_0_5,test1_convergencia,FashionMNIST,FedAVG,0.5,66,10,5,54002,53952,1690000.0,4.562736984,4.563169,4.558944,84300.0,False,1 x NVIDIA RTX A1000,Intel(R) Core(TM) i7-14700,-0.0004320160000004236,0.09267497034399774
main_campaign_default_alpha_0_5,test1_convergencia,FashionMNIST,FedAVG,0.5,67,10,5,54002,53920,1690000.0,4.562736984,4.563169,4.55624,84250.0,False,1 x NVIDIA RTX A1000,Intel(R) Core(TM) i7-14700,-0.0004320160000004236,0.15207715133531696
main_campaign_default_alpha_0_5,test1_convergencia,FashionMNIST,FedAVG,0.5,68,10,5,54003,53952,1690000.0,4.562821476,4.5632535,4.558944,84300.0,False,1 x NVIDIA RTX A1000,Intel(R) Core(TM) i7-14700,-0.00043202400000019736,0.09452846975088747
main_campaign_default_alpha_0_5,test1_convergencia,FashionMNIST,FedAVG,0.5,69,10,5,54002,53952,1690000.0,4.562736984,4.563169,4.558944,84300.0,False,1 x NVIDIA RTX A1000,Intel(R) Core(TM) i7-14700,-0.0004320160000004236,0.09267497034399774
main_campaign_default_alpha_0_5,test1_convergencia,FashionMNIST,FedAVG,0.5,70,10,5,54002,53888,1690000.0,4.562736984,4.563169,4.553536,84200.0,False,1 x NVIDIA RTX A1000,Intel(R) Core(TM) i7-14700,-0.0004320160000004236,0.21154988123515128
main_campaign_default_alpha_0_5,test1_convergencia,FashionMNIST,FedAVG,0.5,71,10,5,54002,53920,1690000.0,4.562736984,4.563169,4.55624,84250.0,False,1 x NVIDIA RTX A1000,Intel(R) Core(TM) i7-14700,-0.0004320160000004236,0.15207715133531696
main_campaign_default_alpha_0_5,test1_convergencia,FashionMNIST,FedAvgM,0.5,42,10,5,54004,53952,1690000.0,4.562905968,4.563338,4.558944,84300.0,False,1 x NVIDIA RTX A1000,Intel(R) Core(TM) i7-14700,-0.0004320319999999711,0.09638196915775499
main_campaign_default_alpha_0_5,test1_convergencia,FashionMNIST,FedAvgM,0.5,43,10,5,54002,53888,1690000.0,4.562736984,4.563169,4.553536,84200.0,False,1 x NVIDIA RTX A1000,Intel(R) Core(TM) i7-14700,-0.0004320160000004236,0.21154988123515128
main_campaign_default_alpha_0_5,test1_convergencia,FashionMNIST,FedAvgM,0.5,44,10,5,54003,53920,1690000.0,4.562821476,4.5632535,4.55624,84250.0,False,1 x NVIDIA RTX A1000,Intel(R) Core(TM) i7-14700,-0.00043202400000019736,0.1539317507418536
main_campaign_default_alpha_0_5,test1_convergencia,FashionMNIST,FedAvgM,0.5,45,10,5,54002,53920,1690000.0,4.562736984,4.563169,4.55624,84250.0,False,1 x NVIDIA RTX A1000,Intel(R) Core(TM) i7-14700,-0.0004320160000004236,0.15207715133531696
main_campaign_default_alpha_0_5,test1_convergencia,FashionMNIST,FedAvgM,0.5,46,10,5,54001,53920,1690000.0,4.562652492,4.5630845,4.55624,84250.0,False,1 x NVIDIA RTX A1000,Intel(R) Core(TM) i7-14700,-0.00043200800000064987,0.15022255192880252
main_campaign_default_alpha_0_5,test1_convergencia,FashionMNIST,FedAvgM,0.5,47,10,5,54002,53888,1690000.0,4.562736984,4.563169,4.553536,84200.0,False,1 x NVIDIA RTX A1000,Intel(R) Core(TM) i7-14700,-0.0004320160000004236,0.21154988123515128
main_campaign_default_alpha_0_5,test1_convergencia,FashionMNIST,FedAvgM,0.5,48,10,5,54004,53920,1690000.0,4.562905968,4.563338,4.55624,84250.0,False,1 x NVIDIA RTX A1000,Intel(R) Core(TM) i7-14700,-0.0004320319999999711,0.15578635014836806
main_campaign_default_alpha_0_5,test1_convergencia,FashionMNIST,FedAvgM,0.5,49,10,5,54001,53920,1690000.0,4.562652492,4.5630845,4.55624,84250.0,False,1 x NVIDIA RTX A1000,Intel(R) Core(TM) i7-14700,-0.00043200800000064987,0.15022255192880252
main_campaign_default_alpha_0_5,test1_convergencia,FashionMNIST,FedAvgM,0.5,50,10,5,54002,53920,1690000.0,4.562736984,4.563169,4.55624,84250.0,False,1 x NVIDIA RTX A1000,Intel(R) Core(TM) i7-14700,-0.0004320160000004236,0.15207715133531696
main_campaign_default_alpha_0_5,test1_convergencia,FashionMNIST,FedAvgM,0.5,51,10,5,54002,53952,1690000.0,4.562736984,4.563169,4.558944,84300.0,False,1 x NVIDIA RTX A1000,Intel(R) Core(TM) i7-14700,-0.0004320160000004236,0.09267497034399774
main_campaign_default_alpha_0_5,test1_convergencia,FashionMNIST,FedAvgM,0.5,52,10,5,54002,53920,1690000.0,4.562736984,4.563169,4.55624,84250.0,False,1 x NVIDIA RTX A1000,Intel(R) Core(TM) i7-14700,-0.0004320160000004236,0.15207715133531696
main_campaign_default_alpha_0_5,test1_convergencia,FashionMNIST,FedAvgM,0.5,53,10,5,54002,53888,1690000.0,4.562736984,4.563169,4.553536,84200.0,False,1 x NVIDIA RTX A1000,Intel(R) Core(TM) i7-14700,-0.0004320160000004236,0.21154988123515128
main_campaign_default_alpha_0_5,test1_convergencia,FashionMNIST,FedAvgM,0.5,54,10,5,54002,53952,1690000.0,4.562736984,4.563169,4.558944,84300.0,False,1 x NVIDIA RTX A1000,Intel(R) Core(TM) i7-14700,-0.0004320160000004236,0.09267497034399774
main_campaign_default_alpha_0_5,test1_convergencia,FashionMNIST,FedAvgM,0.5,55,10,5,54003,53952,1690000.0,4.562821476,4.5632535,4.558944,84300.0,False,1 x NVIDIA RTX A1000,Intel(R) Core(TM) i7-14700,-0.00043202400000019736,0.09452846975088747
main_campaign_default_alpha_0_5,test1_convergencia,FashionMNIST,FedAvgM,0.5,56,10,5,54002,53888,1690000.0,4.562736984,4.563169,4.553536,84200.0,False,1 x NVIDIA RTX A1000,Intel(R) Core(TM) i7-14700,-0.0004320160000004236,0.21154988123515128
main_campaign_default_alpha_0_5,test1_convergencia,FashionMNIST,FedAvgM,0.5,57,10,5,54002,53952,1690000.0,4.562736984,4.563169,4.558944,84300.0,False,1 x NVIDIA RTX A1000,Intel(R) Core(TM) i7-14700,-0.0004320160000004236,0.09267497034399774
main_campaign_default_alpha_0_5,test1_convergencia,FashionMNIST,FedAvgM,0.5,58,10,5,54002,53920,1690000.0,4.562736984,4.563169,4.55624,84250.0,False,1 x NVIDIA RTX A1000,Intel(R) Core(TM) i7-14700,-0.0004320160000004236,0.15207715133531696
main_campaign_default_alpha_0_5,test1_convergencia,FashionMNIST,FedAvgM,0.5,59,10,5,54002,53920,1690000.0,4.562736984,4.563169,4.55624,84250.0,False,1 x NVIDIA RTX A1000,Intel(R) Core(TM) i7-14700,-0.0004320160000004236,0.15207715133531696
main_campaign_default_alpha_0_5,test1_convergencia,FashionMNIST,FedAvgM,0.5,60,10,5,54001,53952,1690000.0,4.562652492,4.5630845,4.558944,84300.0,False,1 x NVIDIA RTX A1000,Intel(R) Core(TM) i7-14700,-0.00043200800000064987,0.09082147093713022
main_campaign_default_alpha_0_5,test1_convergencia,FashionMNIST,FedAvgM,0.5,61,10,5,54002,53920,1690000.0,4.562736984,4.563169,4.55624,84250.0,False,1 x NVIDIA RTX A1000,Intel(R) Core(TM) i7-14700,-0.0004320160000004236,0.15207715133531696
main_campaign_default_alpha_0_5,test1_convergencia,FashionMNIST,FedAvgM,0.5,62,10,5,54002,53952,1690000.0,4.562736984,4.563169,4.558944,84300.0,False,1 x NVIDIA RTX A1000,Intel(R) Core(TM) i7-14700,-0.0004320160000004236,0.09267497034399774
main_campaign_default_alpha_0_5,test1_convergencia,FashionMNIST,FedAvgM,0.5,63,10,5,54002,53952,1690000.0,4.562736984,4.563169,4.558944,84300.0,False,1 x NVIDIA RTX A1000,Intel(R) Core(TM) i7-14700,-0.0004320160000004236,0.09267497034399774
main_campaign_default_alpha_0_5,test1_convergencia,FashionMNIST,FedAvgM,0.5,64,10,5,54002,53888,1690000.0,4.562736984,4.563169,4.553536,84200.0,False,1 x NVIDIA RTX A1000,Intel(R) Core(TM) i7-14700,-0.0004320160000004236,0.21154988123515128
main_campaign_default_alpha_0_5,test1_convergencia,FashionMNIST,FedAvgM,0.5,65,10,5,54002,53920,1690000.0,4.562736984,4.563169,4.55624,84250.0,False,1 x NVIDIA RTX A1000,Intel(R) Core(TM) i7-14700,-0.0004320160000004236,0.15207715133531696
main_campaign_default_alpha_0_5,test1_convergencia,FashionMNIST,FedAvgM,0.5,66,10,5,54002,53952,1690000.0,4.562736984,4.563169,4.558944,84300.0,False,1 x NVIDIA RTX A1000,Intel(R) Core(TM) i7-14700,-0.0004320160000004236,0.09267497034399774
main_campaign_default_alpha_0_5,test1_convergencia,FashionMNIST,FedAvgM,0.5,67,10,5,54002,53920,1690000.0,4.562736984,4.563169,4.55624,84250.0,False,1 x NVIDIA RTX A1000,Intel(R) Core(TM) i7-14700,-0.0004320160000004236,0.15207715133531696
main_campaign_default_alpha_0_5,test1_convergencia,FashionMNIST,FedAvgM,0.5,68,10,5,54003,53952,1690000.0,4.562821476,4.5632535,4.558944,84300.0,False,1 x NVIDIA RTX A1000,Intel(R) Core(TM) i7-14700,-0.00043202400000019736,0.09452846975088747
main_campaign_default_alpha_0_5,test1_convergencia,FashionMNIST,FedAvgM,0.5,69,10,5,54002,53952,1690000.0,4.562736984,4.563169,4.558944,84300.0,False,1 x NVIDIA RTX A1000,Intel(R) Core(TM) i7-14700,-0.0004320160000004236,0.09267497034399774
main_campaign_default_alpha_0_5,test1_convergencia,FashionMNIST,FedAvgM,0.5,70,10,5,54002,53888,1690000.0,4.562736984,4.563169,4.553536,84200.0,False,1 x NVIDIA RTX A1000,Intel(R) Core(TM) i7-14700,-0.0004320160000004236,0.21154988123515128
main_campaign_default_alpha_0_5,test1_convergencia,FashionMNIST,FedAvgM,0.5,71,10,5,54002,53920,1690000.0,4.562736984,4.563169,4.55624,84250.0,False,1 x NVIDIA RTX A1000,Intel(R) Core(TM) i7-14700,-0.0004320160000004236,0.15207715133531696
main_campaign_default_alpha_0_5,test1_convergencia,FashionMNIST,FedProx,0.5,42,10,5,54004,53952,1690000.0,4.562905968,4.563338,4.558944,84300.0,False,1 x NVIDIA RTX A1000,Intel(R) Core(TM) i7-14700,-0.0004320319999999711,0.09638196915775499
main_campaign_default_alpha_0_5,test1_convergencia,FashionMNIST,FedProx,0.5,43,10,5,54002,53888,1690000.0,4.562736984,4.563169,4.553536,84200.0,False,1 x NVIDIA RTX A1000,Intel(R) Core(TM) i7-14700,-0.0004320160000004236,0.21154988123515128
main_campaign_default_alpha_0_5,test1_convergencia,FashionMNIST,FedProx,0.5,44,10,5,54003,53920,1690000.0,4.562821476,4.5632535,4.55624,84250.0,False,1 x NVIDIA RTX A1000,Intel(R) Core(TM) i7-14700,-0.00043202400000019736,0.1539317507418536
main_campaign_default_alpha_0_5,test1_convergencia,FashionMNIST,FedProx,0.5,45,10,5,54002,53920,1690000.0,4.562736984,4.563169,4.55624,84250.0,False,1 x NVIDIA RTX A1000,Intel(R) Core(TM) i7-14700,-0.0004320160000004236,0.15207715133531696
main_campaign_default_alpha_0_5,test1_convergencia,FashionMNIST,FedProx,0.5,46,10,5,54001,53920,1690000.0,4.562652492,4.5630845,4.55624,84250.0,False,1 x NVIDIA RTX A1000,Intel(R) Core(TM) i7-14700,-0.00043200800000064987,0.15022255192880252
main_campaign_default_alpha_0_5,test1_convergencia,FashionMNIST,FedProx,0.5,47,10,5,54002,53888,1690000.0,4.562736984,4.563169,4.553536,84200.0,False,1 x NVIDIA RTX A1000,Intel(R) Core(TM) i7-14700,-0.0004320160000004236,0.21154988123515128
main_campaign_default_alpha_0_5,test1_convergencia,FashionMNIST,FedProx,0.5,48,10,5,54004,53920,1690000.0,4.562905968,4.563338,4.55624,84250.0,False,1 x NVIDIA RTX A1000,Intel(R) Core(TM) i7-14700,-0.0004320319999999711,0.15578635014836806
main_campaign_default_alpha_0_5,test1_convergencia,FashionMNIST,FedProx,0.5,49,10,5,54001,53920,1690000.0,4.562652492,4.5630845,4.55624,84250.0,False,1 x NVIDIA RTX A1000,Intel(R) Core(TM) i7-14700,-0.00043200800000064987,0.15022255192880252
main_campaign_default_alpha_0_5,test1_convergencia,FashionMNIST,FedProx,0.5,50,10,5,54002,53920,1690000.0,4.562736984,4.563169,4.55624,84250.0,False,1 x NVIDIA RTX A1000,Intel(R) Core(TM) i7-14700,-0.0004320160000004236,0.15207715133531696
main_campaign_default_alpha_0_5,test1_convergencia,FashionMNIST,FedProx,0.5,51,10,5,54002,53952,1690000.0,4.562736984,4.563169,4.558944,84300.0,False,1 x NVIDIA RTX A1000,Intel(R) Core(TM) i7-14700,-0.0004320160000004236,0.09267497034399774
main_campaign_default_alpha_0_5,test1_convergencia,FashionMNIST,FedProx,0.5,52,10,5,54002,53920,1690000.0,4.562736984,4.563169,4.55624,84250.0,False,1 x NVIDIA RTX A1000,Intel(R) Core(TM) i7-14700,-0.0004320160000004236,0.15207715133531696
main_campaign_default_alpha_0_5,test1_convergencia,FashionMNIST,FedProx,0.5,53,10,5,54002,53888,1690000.0,4.562736984,4.563169,4.553536,84200.0,False,1 x NVIDIA RTX A1000,Intel(R) Core(TM) i7-14700,-0.0004320160000004236,0.21154988123515128
main_campaign_default_alpha_0_5,test1_convergencia,FashionMNIST,FedProx,0.5,54,10,5,54002,53952,1690000.0,4.562736984,4.563169,4.558944,84300.0,False,1 x NVIDIA RTX A1000,Intel(R) Core(TM) i7-14700,-0.0004320160000004236,0.09267497034399774
main_campaign_default_alpha_0_5,test1_convergencia,FashionMNIST,FedProx,0.5,55,10,5,54003,53952,1690000.0,4.562821476,4.5632535,4.558944,84300.0,False,1 x NVIDIA RTX A1000,Intel(R) Core(TM) i7-14700,-0.00043202400000019736,0.09452846975088747
main_campaign_default_alpha_0_5,test1_convergencia,FashionMNIST,FedProx,0.5,56,10,5,54002,53888,1690000.0,4.562736984,4.563169,4.553536,84200.0,False,1 x NVIDIA RTX A1000,Intel(R) Core(TM) i7-14700,-0.0004320160000004236,0.21154988123515128
main_campaign_default_alpha_0_5,test1_convergencia,FashionMNIST,FedProx,0.5,57,10,5,54002,53952,1690000.0,4.562736984,4.563169,4.558944,84300.0,False,1 x NVIDIA RTX A1000,Intel(R) Core(TM) i7-14700,-0.0004320160000004236,0.09267497034399774
main_campaign_default_alpha_0_5,test1_convergencia,FashionMNIST,FedProx,0.5,58,10,5,54002,53920,1690000.0,4.562736984,4.563169,4.55624,84250.0,False,1 x NVIDIA RTX A1000,Intel(R) Core(TM) i7-14700,-0.0004320160000004236,0.15207715133531696
main_campaign_default_alpha_0_5,test1_convergencia,FashionMNIST,FedProx,0.5,59,10,5,54002,53920,1690000.0,4.562736984,4.563169,4.55624,84250.0,False,1 x NVIDIA RTX A1000,Intel(R) Core(TM) i7-14700,-0.0004320160000004236,0.15207715133531696
main_campaign_default_alpha_0_5,test1_convergencia,FashionMNIST,FedProx,0.5,60,10,5,54001,53952,1690000.0,4.562652492,4.5630845,4.558944,84300.0,False,1 x NVIDIA RTX A1000,Intel(R) Core(TM) i7-14700,-0.00043200800000064987,0.09082147093713022
main_campaign_default_alpha_0_5,test1_convergencia,FashionMNIST,FedProx,0.5,61,10,5,54002,53920,1690000.0,4.562736984,4.563169,4.55624,84250.0,False,1 x NVIDIA RTX A1000,Intel(R) Core(TM) i7-14700,-0.0004320160000004236,0.15207715133531696
main_campaign_default_alpha_0_5,test1_convergencia,FashionMNIST,FedProx,0.5,62,10,5,54002,53952,1690000.0,4.562736984,4.563169,4.558944,84300.0,False,1 x NVIDIA RTX A1000,Intel(R) Core(TM) i7-14700,-0.0004320160000004236,0.09267497034399774
main_campaign_default_alpha_0_5,test1_convergencia,FashionMNIST,FedProx,0.5,63,10,5,54002,53952,1690000.0,4.562736984,4.563169,4.558944,84300.0,False,1 x NVIDIA RTX A1000,Intel(R) Core(TM) i7-14700,-0.0004320160000004236,0.09267497034399774
main_campaign_default_alpha_0_5,test1_convergencia,FashionMNIST,FedProx,0.5,64,10,5,54002,53888,1690000.0,4.562736984,4.563169,4.553536,84200.0,False,1 x NVIDIA RTX A1000,Intel(R) Core(TM) i7-14700,-0.0004320160000004236,0.21154988123515128
main_campaign_default_alpha_0_5,test1_convergencia,FashionMNIST,FedProx,0.5,65,10,5,54002,53920,1690000.0,4.562736984,4.563169,4.55624,84250.0,False,1 x NVIDIA RTX A1000,Intel(R) Core(TM) i7-14700,-0.0004320160000004236,0.15207715133531696
main_campaign_default_alpha_0_5,test1_convergencia,FashionMNIST,FedProx,0.5,66,10,5,54002,53952,1690000.0,4.562736984,4.563169,4.558944,84300.0,False,1 x NVIDIA RTX A1000,Intel(R) Core(TM) i7-14700,-0.0004320160000004236,0.09267497034399774
main_campaign_default_alpha_0_5,test1_convergencia,FashionMNIST,FedProx,0.5,67,10,5,54002,53920,1690000.0,4.562736984,4.563169,4.55624,84250.0,False,1 x NVIDIA RTX A1000,Intel(R) Core(TM) i7-14700,-0.0004320160000004236,0.15207715133531696
main_campaign_default_alpha_0_5,test1_convergencia,FashionMNIST,FedProx,0.5,68,10,5,54003,53952,1690000.0,4.562821476,4.5632535,4.558944,84300.0,False,1 x NVIDIA RTX A1000,Intel(R) Core(TM) i7-14700,-0.00043202400000019736,0.09452846975088747
main_campaign_default_alpha_0_5,test1_convergencia,FashionMNIST,FedProx,0.5,69,10,5,54002,53952,1690000.0,4.562736984,4.563169,4.558944,84300.0,False,1 x NVIDIA RTX A1000,Intel(R) Core(TM) i7-14700,-0.0004320160000004236,0.09267497034399774
main_campaign_default_alpha_0_5,test1_convergencia,FashionMNIST,FedProx,0.5,70,10,5,54002,53888,1690000.0,4.562736984,4.563169,4.553536,84200.0,False,1 x NVIDIA RTX A1000,Intel(R) Core(TM) i7-14700,-0.0004320160000004236,0.21154988123515128
main_campaign_default_alpha_0_5,test1_convergencia,FashionMNIST,FedProx,0.5,71,10,5,54002,53920,1690000.0,4.562736984,4.563169,4.55624,84250.0,False,1 x NVIDIA RTX A1000,Intel(R) Core(TM) i7-14700,-0.0004320160000004236,0.15207715133531696
main_campaign_default_alpha_0_5,test1_convergencia,FashionMNIST,FedNova,0.5,42,10,5,54004,53952,1690000.0,4.562905968,4.563338,4.558944,84300.0,False,1 x NVIDIA A40,AMD EPYC 9354P 32-Core Processor,-0.0004320319999999711,0.09638196915775499
main_campaign_default_alpha_0_5,test1_convergencia,FashionMNIST,FedNova,0.5,43,10,5,54002,53888,1690000.0,4.562736984,4.563169,4.553536,84200.0,False,1 x NVIDIA A40,AMD EPYC 9354P 32-Core Processor,-0.0004320160000004236,0.21154988123515128
main_campaign_default_alpha_0_5,test1_convergencia,FashionMNIST,FedNova,0.5,44,10,5,54003,53920,1690000.0,4.562821476,4.5632535,4.55624,84250.0,False,1 x NVIDIA A40,AMD EPYC 9354P 32-Core Processor,-0.00043202400000019736,0.1539317507418536
main_campaign_default_alpha_0_5,test1_convergencia,FashionMNIST,FedNova,0.5,45,10,5,54002,53920,1690000.0,4.562736984,4.563169,4.55624,84250.0,False,1 x NVIDIA A40,AMD EPYC 9354P 32-Core Processor,-0.0004320160000004236,0.15207715133531696
main_campaign_default_alpha_0_5,test1_convergencia,FashionMNIST,FedNova,0.5,46,10,5,54001,53920,1690000.0,4.562652492,4.5630845,4.55624,84250.0,False,1 x NVIDIA A40,AMD EPYC 9354P 32-Core Processor,-0.00043200800000064987,0.15022255192880252
main_campaign_default_alpha_0_5,test1_convergencia,FashionMNIST,FedNova,0.5,47,10,5,54002,53888,1690000.0,4.562736984,4.563169,4.553536,84200.0,False,1 x NVIDIA A40,AMD EPYC 9354P 32-Core Processor,-0.0004320160000004236,0.21154988123515128
main_campaign_default_alpha_0_5,test1_convergencia,FashionMNIST,FedNova,0.5,48,10,5,54004,53920,1690000.0,4.562905968,4.563338,4.55624,84250.0,False,1 x NVIDIA A40,AMD EPYC 9354P 32-Core Processor,-0.0004320319999999711,0.15578635014836806
main_campaign_default_alpha_0_5,test1_convergencia,FashionMNIST,FedNova,0.5,49,10,5,54001,53920,1690000.0,4.562652492,4.5630845,4.55624,84250.0,False,1 x NVIDIA A40,AMD EPYC 9354P 32-Core Processor,-0.00043200800000064987,0.15022255192880252
main_campaign_default_alpha_0_5,test1_convergencia,FashionMNIST,FedNova,0.5,50,10,5,54002,53920,1690000.0,4.562736984,4.563169,4.55624,84250.0,False,1 x NVIDIA A40,AMD EPYC 9354P 32-Core Processor,-0.0004320160000004236,0.15207715133531696
main_campaign_default_alpha_0_5,test1_convergencia,FashionMNIST,FedNova,0.5,51,10,5,54002,53952,1690000.0,4.562736984,4.563169,4.558944,84300.0,False,1 x NVIDIA A40,AMD EPYC 9354P 32-Core Processor,-0.0004320160000004236,0.09267497034399774
main_campaign_default_alpha_0_5,test1_convergencia,FashionMNIST,FedNova,0.5,52,10,5,54002,53920,1690000.0,4.562736984,4.563169,4.55624,84250.0,False,1 x NVIDIA A40,AMD EPYC 9354P 32-Core Processor,-0.0004320160000004236,0.15207715133531696
main_campaign_default_alpha_0_5,test1_convergencia,FashionMNIST,FedNova,0.5,53,10,5,54002,53888,1690000.0,4.562736984,4.563169,4.553536,84200.0,False,1 x NVIDIA A40,AMD EPYC 9354P 32-Core Processor,-0.0004320160000004236,0.21154988123515128
main_campaign_default_alpha_0_5,test1_convergencia,FashionMNIST,FedNova,0.5,54,10,5,54002,53952,1690000.0,4.562736984,4.563169,4.558944,84300.0,False,1 x NVIDIA A40,AMD EPYC 9354P 32-Core Processor,-0.0004320160000004236,0.09267497034399774
main_campaign_default_alpha_0_5,test1_convergencia,FashionMNIST,FedNova,0.5,55,10,5,54003,53952,1690000.0,4.562821476,4.5632535,4.558944,84300.0,False,1 x NVIDIA A40,AMD EPYC 9354P 32-Core Processor,-0.00043202400000019736,0.09452846975088747
main_campaign_default_alpha_0_5,test1_convergencia,FashionMNIST,FedNova,0.5,56,10,5,54002,53888,1690000.0,4.562736984,4.563169,4.553536,84200.0,False,1 x NVIDIA A40,AMD EPYC 9354P 32-Core Processor,-0.0004320160000004236,0.21154988123515128
main_campaign_default_alpha_0_5,test1_convergencia,FashionMNIST,FedNova,0.5,57,10,5,54002,53952,1690000.0,4.562736984,4.563169,4.558944,84300.0,False,1 x NVIDIA A40,AMD EPYC 9354P 32-Core Processor,-0.0004320160000004236,0.09267497034399774
main_campaign_default_alpha_0_5,test1_convergencia,FashionMNIST,FedNova,0.5,58,10,5,54002,53920,1690000.0,4.562736984,4.563169,4.55624,84250.0,False,1 x NVIDIA A40,AMD EPYC 9354P 32-Core Processor,-0.0004320160000004236,0.15207715133531696
main_campaign_default_alpha_0_5,test1_convergencia,FashionMNIST,FedNova,0.5,59,10,5,54002,53920,1690000.0,4.562736984,4.563169,4.55624,84250.0,False,1 x NVIDIA A40,AMD EPYC 9354P 32-Core Processor,-0.0004320160000004236,0.15207715133531696
main_campaign_default_alpha_0_5,test1_convergencia,FashionMNIST,FedNova,0.5,60,10,5,54001,53952,1690000.0,4.562652492,4.5630845,4.558944,84300.0,False,1 x NVIDIA A40,AMD EPYC 9354P 32-Core Processor,-0.00043200800000064987,0.09082147093713022
main_campaign_default_alpha_0_5,test1_convergencia,FashionMNIST,FedNova,0.5,61,10,5,54002,53920,1690000.0,4.562736984,4.563169,4.55624,84250.0,False,1 x NVIDIA A40,AMD EPYC 9354P 32-Core Processor,-0.0004320160000004236,0.15207715133531696
main_campaign_default_alpha_0_5,test1_convergencia,FashionMNIST,FedNova,0.5,62,10,5,54002,53952,1690000.0,4.562736984,4.563169,4.558944,84300.0,False,1 x NVIDIA A40,AMD EPYC 9354P 32-Core Processor,-0.0004320160000004236,0.09267497034399774
main_campaign_default_alpha_0_5,test1_convergencia,FashionMNIST,FedNova,0.5,63,10,5,54002,53952,1690000.0,4.562736984,4.563169,4.558944,84300.0,False,1 x NVIDIA A40,AMD EPYC 9354P 32-Core Processor,-0.0004320160000004236,0.09267497034399774
main_campaign_default_alpha_0_5,test1_convergencia,FashionMNIST,FedNova,0.5,64,10,5,54002,53888,1690000.0,4.562736984,4.563169,4.553536,84200.0,False,1 x NVIDIA A40,AMD EPYC 9354P 32-Core Processor,-0.0004320160000004236,0.21154988123515128
main_campaign_default_alpha_0_5,test1_convergencia,FashionMNIST,FedNova,0.5,65,10,5,54002,53920,1690000.0,4.562736984,4.563169,4.55624,84250.0,False,1 x NVIDIA A40,AMD EPYC 9354P 32-Core Processor,-0.0004320160000004236,0.15207715133531696
main_campaign_default_alpha_0_5,test1_convergencia,FashionMNIST,FedNova,0.5,66,10,5,54002,53952,1690000.0,4.562736984,4.563169,4.558944,84300.0,False,1 x NVIDIA A40,AMD EPYC 9354P 32-Core Processor,-0.0004320160000004236,0.09267497034399774
main_campaign_default_alpha_0_5,test1_convergencia,FashionMNIST,FedNova,0.5,67,10,5,54002,53920,1690000.0,4.562736984,4.563169,4.55624,84250.0,False,1 x NVIDIA A40,AMD EPYC 9354P 32-Core Processor,-0.0004320160000004236,0.15207715133531696
main_campaign_default_alpha_0_5,test1_convergencia,FashionMNIST,FedNova,0.5,68,10,5,54003,53952,1690000.0,4.562821476,4.5632535,4.558944,84300.0,False,1 x NVIDIA A40,AMD EPYC 9354P 32-Core Processor,-0.00043202400000019736,0.09452846975088747
main_campaign_default_alpha_0_5,test1_convergencia,FashionMNIST,FedNova,0.5,69,10,5,54002,53952,1690000.0,4.562736984,4.563169,4.558944,84300.0,False,1 x NVIDIA A40,AMD EPYC 9354P 32-Core Processor,-0.0004320160000004236,0.09267497034399774
main_campaign_default_alpha_0_5,test1_convergencia,FashionMNIST,FedNova,0.5,70,10,5,54002,53888,1690000.0,4.562736984,4.563169,4.553536,84200.0,False,1 x NVIDIA A40,AMD EPYC 9354P 32-Core Processor,-0.0004320160000004236,0.21154988123515128
main_campaign_default_alpha_0_5,test1_convergencia,FashionMNIST,FedNova,0.5,71,10,5,54002,53920,1690000.0,4.562736984,4.563169,4.55624,84250.0,False,1 x NVIDIA A40,AMD EPYC 9354P 32-Core Processor,-0.0004320160000004236,0.15207715133531696
main_campaign_default_alpha_0_5,test1_convergencia,FashionMNIST,FedHAD,0.5,42,10,5,54004,53952,1690000.0,3.5975510712,3.5978917,3.5946976,66470.0,False,1 x NVIDIA RTX A1000,Intel(R) Core(TM) i7-14700,-0.00034062880000007567,0.08885587483073998
main_campaign_default_alpha_0_5,test1_convergencia,FashionMNIST,FedHAD,0.5,43,10,5,54002,53888,1690000.0,3.6501895872,3.6505352,3.6428288,67360.0,False,1 x NVIDIA RTX A1000,Intel(R) Core(TM) i7-14700,-0.0003456128000003389,0.21154988123515128
main_campaign_default_alpha_0_5,test1_convergencia,FashionMNIST,FedHAD,0.5,44,10,5,54003,53920,1690000.0,3.6502571808,3.6506028,3.644992,67400.0,False,1 x NVIDIA RTX A1000,Intel(R) Core(TM) i7-14700,-0.00034561919999998025,0.1539317507418536
main_campaign_default_alpha_0_5,test1_convergencia,FashionMNIST,FedHAD,0.5,45,10,5,54002,53920,1690000.0,3.5214237792,3.5217572,3.5162816,65020.0,False,1 x NVIDIA RTX A1000,Intel(R) Core(TM) i7-14700,-0.0003334208000000949,0.15572131651799825
main_campaign_default_alpha_0_5,test1_convergencia,FashionMNIST,FedHAD,0.5,46,10,5,54001,53920,1690000.0,3.5168274144,3.5171604,3.5119552,64940.0,False,1 x NVIDIA RTX A1000,Intel(R) Core(TM) i7-14700,-0.0003329856000000575,0.14821373575608643
main_campaign_default_alpha_0_5,test1_convergencia,FashionMNIST,FedHAD,0.5,47,10,5,54002,53888,1690000.0,4.275548676,4.2759535,4.2674528,78910.0,False,1 x NVIDIA RTX A1000,Intel(R) Core(TM) i7-14700,-0.0004048240000003034,0.1991984539348568
main_campaign_default_alpha_0_5,test1_convergencia,FashionMNIST,FedHAD,0.5,48,10,5,54004,53920,1690000.0,3.5633994048,3.5637368,3.558464,65800.0,False,1 x NVIDIA RTX A1000,Intel(R) Core(TM) i7-14700,-0.0003373951999998681,0.1481762917933116
main_campaign_default_alpha_0_5,test1_convergencia,FashionMNIST,FedHAD,0.5,49,10,5,54001,53920,1690000.0,3.6501219936,3.6504676,3.644992,67400.0,False,1 x NVIDIA RTX A1000,Intel(R) Core(TM) i7-14700,-0.00034560639999980935,0.1502225519287803
main_campaign_default_alpha_0_5,test1_convergencia,FashionMNIST,FedHAD,0.5,50,10,5,54002,53920,1690000.0,3.6501895872,3.6505352,3.644992,67400.0,False,1 x NVIDIA RTX A1000,Intel(R) Core(TM) i7-14700,-0.0003456128000003389,0.15207715133531696
main_campaign_default_alpha_0_5,test1_convergencia,FashionMNIST,FedHAD,0.5,51,10,5,54002,53952,1690000.0,3.6501895872,3.6505352,3.6471552,67440.0,False,1 x NVIDIA RTX A1000,Intel(R) Core(TM) i7-14700,-0.0003456128000003389,0.09267497034401995
main_campaign_default_alpha_0_5,test1_convergencia,FashionMNIST,FedHAD,0.5,52,10,5,54002,53920,1690000.0,3.6501895872,3.6505352,3.644992,67400.0,False,1 x NVIDIA RTX A1000,Intel(R) Core(TM) i7-14700,-0.0003456128000003389,0.15207715133531696
main_campaign_default_alpha_0_5,test1_convergencia,FashionMNIST,FedHAD,0.5,53,10,5,54002,53888,1690000.0,3.5128562904,3.5131889,3.5060064,64830.0,False,1 x NVIDIA RTX A1000,Intel(R) Core(TM) i7-14700,-0.00033260960000003337,0.20486271787751864
main_campaign_default_alpha_0_5,test1_convergencia,FashionMNIST,FedHAD,0.5,54,10,5,54002,53952,1690000.0,3.5494582248,3.5497943,3.5465664,65580.0,False,1 x NVIDIA RTX A1000,Intel(R) Core(TM) i7-14700,-0.00033607519999989677,0.09101479109483446
main_campaign_default_alpha_0_5,test1_convergencia,FashionMNIST,FedHAD,0.5,55,10,5,54003,53952,1690000.0,3.6502571808,3.6506028,3.6471552,67440.0,False,1 x NVIDIA RTX A1000,Intel(R) Core(TM) i7-14700,-0.00034561919999998025,0.09452846975090967
main_campaign_default_alpha_0_5,test1_convergencia,FashionMNIST,FedHAD,0.5,56,10,5,54002,53888,1690000.0,3.572152776,3.572491,3.5649536,65920.0,False,1 x NVIDIA RTX A1000,Intel(R) Core(TM) i7-14700,-0.0003382240000000536,0.21143052184466882
main_campaign_default_alpha_0_5,test1_convergencia,FashionMNIST,FedHAD,0.5,57,10,5,54002,53952,1690000.0,3.5773574832,3.5776962,3.574688,66100.0,False,1 x NVIDIA RTX A1000,Intel(R) Core(TM) i7-14700,-0.00033871679999997184,0.08415279878970505
main_campaign_default_alpha_0_5,test1_convergencia,FashionMNIST,FedHAD,0.5,58,10,5,54002,53920,1690000.0,3.6501895872,3.6505352,3.644992,67400.0,False,1 x NVIDIA RTX A1000,Intel(R) Core(TM) i7-14700,-0.0003456128000003389,0.15207715133531696
main_campaign_default_alpha_0_5,test1_convergencia,FashionMNIST,FedHAD,0.5,59,10,5,54002,53920,1690000.0,3.5792332056,3.5795721,3.5741472,66090.0,False,1 x NVIDIA RTX A1000,Intel(R) Core(TM) i7-14700,-0.0003388944000000116,0.15178166137086446
main_campaign_default_alpha_0_5,test1_convergencia,FashionMNIST,FedHAD,0.5,60,10,5,54001,53952,1690000.0,3.6501219936,3.6504676,3.6471552,67440.0,False,1 x NVIDIA RTX A1000,Intel(R) Core(TM) i7-14700,-0.00034560639999980935,0.09082147093713022
main_campaign_default_alpha_0_5,test1_convergencia,FashionMNIST,FedHAD,0.5,61,10,5,54002,53920,1690000.0,3.6501895872,3.6505352,3.644992,67400.0,False,1 x NVIDIA RTX A1000,Intel(R) Core(TM) i7-14700,-0.0003456128000003389,0.15207715133531696
main_campaign_default_alpha_0_5,test1_convergencia,FashionMNIST,FedHAD,0.5,62,10,5,54002,53952,1690000.0,3.6501895872,3.6505352,3.6471552,67440.0,False,1 x NVIDIA RTX A1000,Intel(R) Core(TM) i7-14700,-0.0003456128000003389,0.09267497034401995
main_campaign_default_alpha_0_5,test1_convergencia,FashionMNIST,FedHAD,0.5,63,10,5,54002,53952,1690000.0,3.6501895872,3.6505352,3.6471552,67440.0,False,1 x NVIDIA RTX A1000,Intel(R) Core(TM) i7-14700,-0.0003456128000003389,0.09267497034401995
main_campaign_default_alpha_0_5,test1_convergencia,FashionMNIST,FedHAD,0.5,64,10,5,54002,53888,1690000.0,3.6501895872,3.6505352,3.6428288,67360.0,False,1 x NVIDIA RTX A1000,Intel(R) Core(TM) i7-14700,-0.0003456128000003389,0.21154988123515128
main_campaign_default_alpha_0_5,test1_convergencia,FashionMNIST,FedHAD,0.5,65,10,5,54002,53920,1690000.0,3.6501895872,3.6505352,3.644992,67400.0,False,1 x NVIDIA RTX A1000,Intel(R) Core(TM) i7-14700,-0.0003456128000003389,0.15207715133531696
main_campaign_default_alpha_0_5,test1_convergencia,FashionMNIST,FedHAD,0.5,66,10,5,54002,53952,1690000.0,3.6501895872,3.6505352,3.6471552,67440.0,False,1 x NVIDIA RTX A1000,Intel(R) Core(TM) i7-14700,-0.0003456128000003389,0.09267497034401995
main_campaign_default_alpha_0_5,test1_convergencia,FashionMNIST,FedHAD,0.5,67,10,5,54002,53920,1690000.0,3.6501895872,3.6505352,3.644992,67400.0,False,1 x NVIDIA RTX A1000,Intel(R) Core(TM) i7-14700,-0.0003456128000003389,0.15207715133531696
main_campaign_default_alpha_0_5,test1_convergencia,FashionMNIST,FedHAD,0.5,68,10,5,54003,53952,1690000.0,3.6502571808,3.6506028,3.6471552,67440.0,False,1 x NVIDIA RTX A1000,Intel(R) Core(TM) i7-14700,-0.00034561919999998025,0.09452846975090967
main_campaign_default_alpha_0_5,test1_convergencia,FashionMNIST,FedHAD,0.5,69,10,5,54002,53952,1690000.0,3.9144129696,3.9147836,3.9110656,72320.0,False,1 x NVIDIA RTX A1000,Intel(R) Core(TM) i7-14700,-0.0003706303999999605,0.09506360619468968
main_campaign_default_alpha_0_5,test1_convergencia,FashionMNIST,FedHAD,0.5,70,10,5,54002,53888,1690000.0,3.4977829176,3.4981141,3.490864,64550.0,False,1 x NVIDIA RTX A1000,Intel(R) Core(TM) i7-14700,-0.00033118240000007404,0.20768783888458486
main_campaign_default_alpha_0_5,test1_convergencia,FashionMNIST,FedHAD,0.5,71,10,5,54002,53920,1690000.0,3.6501895872,3.6505352,3.644992,67400.0,False,1 x NVIDIA RTX A1000,Intel(R) Core(TM) i7-14700,-0.0003456128000003389,0.15207715133531696
main_campaign_default_alpha_0_5,test1_convergencia,CIFAR10,FedAVG,0.5,42,10,5,45003,44928,180900000.0,407.040254208,407.052135,406.37376,70200.0,False,1 x NVIDIA RTX A1000,Intel(R) Core(TM) i7-14700,-0.011880791999999474,0.16693376068377397
main_campaign_default_alpha_0_5,test1_convergencia,CIFAR10,FedAVG,0.5,43,10,5,45003,44896,180900000.0,407.040254208,407.052135,406.08432,70150.0,False,1 x NVIDIA RTX A1000,Intel(R) Core(TM) i7-14700,-0.011880791999999474,0.23832858161083603
main_campaign_default_alpha_0_5,test1_convergencia,CIFAR10,FedAVG,0.5,44,10,5,45002,44928,180900000.0,407.031209472,407.04309,406.37376,70200.0,False,1 x NVIDIA RTX A1000,Intel(R) Core(TM) i7-14700,-0.011880528000006052,0.16470797720797847
main_campaign_default_alpha_0_5,test1_convergencia,CIFAR10,FedAVG,0.5,45,10,5,45001,44928,180900000.0,407.022164736,407.034045,406.37376,70200.0,False,1 x NVIDIA RTX A1000,Intel(R) Core(TM) i7-14700,-0.01188026400001263,0.16248219373218298
main_campaign_default_alpha_0_5,test1_convergencia,CIFAR10,FedAVG,0.5,46,10,5,45002,44896,180900000.0,407.031209472,407.04309,406.08432,70150.0,False,1 x NVIDIA RTX A1000,Intel(R) Core(TM) i7-14700,-0.011880528000006052,0.23610121168924358
main_campaign_default_alpha_0_5,test1_convergencia,CIFAR10,FedAVG,0.5,47,10,5,45002,44928,180900000.0,407.031209472,407.04309,406.37376,70200.0,False,1 x NVIDIA RTX A1000,Intel(R) Core(TM) i7-14700,-0.011880528000006052,0.16470797720797847
main_campaign_default_alpha_0_5,test1_convergencia,CIFAR10,FedAVG,0.5,48,10,5,45002,44928,180900000.0,407.031209472,407.04309,406.37376,70200.0,False,1 x NVIDIA RTX A1000,Intel(R) Core(TM) i7-14700,-0.011880528000006052,0.16470797720797847
main_campaign_default_alpha_0_5,test1_convergencia,CIFAR10,FedAVG,0.5,49,10,5,45002,44928,180900000.0,407.031209472,407.04309,406.37376,70200.0,False,1 x NVIDIA RTX A1000,Intel(R) Core(TM) i7-14700,-0.011880528000006052,0.16470797720797847
main_campaign_default_alpha_0_5,test1_convergencia,CIFAR10,FedAVG,0.5,50,10,5,45002,44928,180900000.0,407.031209472,407.04309,406.37376,70200.0,False,1 x NVIDIA RTX A1000,Intel(R) Core(TM) i7-14700,-0.011880528000006052,0.16470797720797847
main_campaign_default_alpha_0_5,test1_convergencia,CIFAR10,FedAVG,0.5,51,10,5,45002,44896,180900000.0,407.031209472,407.04309,406.08432,70150.0,False,1 x NVIDIA RTX A1000,Intel(R) Core(TM) i7-14700,-0.011880528000006052,0.23610121168924358
main_campaign_default_alpha_0_5,test1_convergencia,CIFAR10,FedAVG,0.5,52,10,5,45002,44928,180900000.0,407.031209472,407.04309,406.37376,70200.0,False,1 x NVIDIA RTX A1000,Intel(R) Core(TM) i7-14700,-0.011880528000006052,0.16470797720797847
main_campaign_default_alpha_0_5,test1_convergencia,CIFAR10,FedAVG,0.5,53,10,5,45002,44928,180900000.0,407.031209472,407.04309,406.37376,70200.0,False,1 x NVIDIA RTX A1000,Intel(R) Core(TM) i7-14700,-0.011880528000006052,0.16470797720797847
main_campaign_default_alpha_0_5,test1_convergencia,CIFAR10,FedAVG,0.5,54,10,5,45002,44928,180900000.0,407.031209472,407.04309,406.37376,70200.0,False,1 x NVIDIA RTX A1000,Intel(R) Core(TM) i7-14700,-0.011880528000006052,0.16470797720797847
main_campaign_default_alpha_0_5,test1_convergencia,CIFAR10,FedAVG,0.5,55,10,5,45002,44896,180900000.0,407.031209472,407.04309,406.08432,70150.0,False,1 x NVIDIA RTX A1000,Intel(R) Core(TM) i7-14700,-0.011880528000006052,0.23610121168924358
main_campaign_default_alpha_0_5,test1_convergencia,CIFAR10,FedAVG,0.5,56,10,5,45003,44928,180900000.0,407.040254208,407.052135,406.37376,70200.0,False,1 x NVIDIA RTX A1000,Intel(R) Core(TM) i7-14700,-0.011880791999999474,0.16693376068377397
main_campaign_default_alpha_0_5,test1_convergencia,CIFAR10,FedAVG,0.5,57,10,5,45003,44928,180900000.0,407.040254208,407.052135,406.37376,70200.0,False,1 x NVIDIA RTX A1000,Intel(R) Core(TM) i7-14700,-0.011880791999999474,0.16693376068377397
main_campaign_default_alpha_0_5,test1_convergencia,CIFAR10,FedAVG,0.5,58,10,5,45002,44928,180900000.0,407.031209472,407.04309,406.37376,70200.0,False,1 x NVIDIA RTX A1000,Intel(R) Core(TM) i7-14700,-0.011880528000006052,0.16470797720797847
main_campaign_default_alpha_0_5,test1_convergencia,CIFAR10,FedAVG,0.5,59,10,5,45003,44928,180900000.0,407.040254208,407.052135,406.37376,70200.0,False,1 x NVIDIA RTX A1000,Intel(R) Core(TM) i7-14700,-0.011880791999999474,0.16693376068377397
main_campaign_default_alpha_0_5,test1_convergencia,CIFAR10,FedAVG,0.5,60,10,5,45002,44928,180900000.0,407.031209472,407.04309,406.37376,70200.0,False,1 x NVIDIA RTX A1000,Intel(R) Core(TM) i7-14700,-0.011880528000006052,0.16470797720797847
main_campaign_default_alpha_0_5,test1_convergencia,CIFAR10,FedAVG,0.5,61,10,5,45002,44928,180900000.0,407.031209472,407.04309,406.37376,70200.0,False,1 x NVIDIA RTX A1000,Intel(R) Core(TM) i7-14700,-0.011880528000006052,0.16470797720797847
main_campaign_default_alpha_0_5,test1_convergencia,CIFAR10,FedAVG,0.5,62,10,5,45002,44960,180900000.0,407.031209472,407.04309,406.6632,70250.0,False,1 x NVIDIA RTX A1000,Intel(R) Core(TM) i7-14700,-0.011880528000006052,0.09341637010675807
main_campaign_default_alpha_0_5,test1_convergencia,CIFAR10,FedAVG,0.5,63,10,5,45002,44928,180900000.0,407.031209472,407.04309,406.37376,70200.0,False,1 x NVIDIA RTX A1000,Intel(R) Core(TM) i7-14700,-0.011880528000006052,0.16470797720797847
main_campaign_default_alpha_0_5,test1_convergencia,CIFAR10,FedAVG,0.5,64,10,5,45002,44928,180900000.0,407.031209472,407.04309,406.37376,70200.0,False,1 x NVIDIA RTX A1000,Intel(R) Core(TM) i7-14700,-0.011880528000006052,0.16470797720797847
main_campaign_default_alpha_0_5,test1_convergencia,CIFAR10,FedAVG,0.5,65,10,5,45002,44928,180900000.0,407.031209472,407.04309,406.37376,70200.0,False,1 x NVIDIA RTX A1000,Intel(R) Core(TM) i7-14700,-0.011880528000006052,0.16470797720797847
main_campaign_default_alpha_0_5,test1_convergencia,CIFAR10,FedAVG,0.5,66,10,5,45002,44960,180900000.0,407.031209472,407.04309,406.6632,70250.0,False,1 x NVIDIA RTX A1000,Intel(R) Core(TM) i7-14700,-0.011880528000006052,0.09341637010675807
main_campaign_default_alpha_0_5,test1_convergencia,CIFAR10,FedAVG,0.5,67,10,5,45002,44896,180900000.0,407.031209472,407.04309,406.08432,70150.0,False,1 x NVIDIA RTX A1000,Intel(R) Core(TM) i7-14700,-0.011880528000006052,0.23610121168924358
main_campaign_default_alpha_0_5,test1_convergencia,CIFAR10,FedAVG,0.5,68,10,5,45002,44960,180900000.0,407.031209472,407.04309,406.6632,70250.0,False,1 x NVIDIA RTX A1000,Intel(R) Core(TM) i7-14700,-0.011880528000006052,0.09341637010675807
main_campaign_default_alpha_0_5,test1_convergencia,CIFAR10,FedAVG,0.5,69,10,5,45003,44928,180900000.0,407.040254208,407.052135,406.37376,70200.0,False,1 x NVIDIA RTX A1000,Intel(R) Core(TM) i7-14700,-0.011880791999999474,0.16693376068377397
main_campaign_default_alpha_0_5,test1_convergencia,CIFAR10,FedAVG,0.5,70,10,5,45002,44864,180900000.0,407.031209472,407.04309,405.79488,70100.0,False,1 x NVIDIA RTX A1000,Intel(R) Core(TM) i7-14700,-0.011880528000006052,0.307596291012846
main_campaign_default_alpha_0_5,test1_convergencia,CIFAR10,FedAVG,0.5,71,10,5,45002,44960,180900000.0,407.031209472,407.04309,406.6632,70250.0,False,1 x NVIDIA RTX A1000,Intel(R) Core(TM) i7-14700,-0.011880528000006052,0.09341637010675807
main_campaign_default_alpha_0_5,test1_convergencia,CIFAR10,FedAvgM,0.5,42,10,5,45003,44928,180900000.0,407.040254208,407.052135,406.37376,70200.0,False,1 x NVIDIA RTX A1000,Intel(R) Core(TM) i7-14700,-0.011880791999999474,0.16693376068377397
main_campaign_default_alpha_0_5,test1_convergencia,CIFAR10,FedAvgM,0.5,43,10,5,45003,44896,180900000.0,407.040254208,407.052135,406.08432,70150.0,False,1 x NVIDIA RTX A1000,Intel(R) Core(TM) i7-14700,-0.011880791999999474,0.23832858161083603
main_campaign_default_alpha_0_5,test1_convergencia,CIFAR10,FedAvgM,0.5,44,10,5,45002,44928,180900000.0,407.031209472,407.04309,406.37376,70200.0,False,1 x NVIDIA RTX A1000,Intel(R) Core(TM) i7-14700,-0.011880528000006052,0.16470797720797847
main_campaign_default_alpha_0_5,test1_convergencia,CIFAR10,FedAvgM,0.5,45,10,5,45001,44928,180900000.0,407.022164736,407.034045,406.37376,70200.0,False,1 x NVIDIA RTX A1000,Intel(R) Core(TM) i7-14700,-0.01188026400001263,0.16248219373218298
main_campaign_default_alpha_0_5,test1_convergencia,CIFAR10,FedAvgM,0.5,46,10,5,45002,44896,180900000.0,407.031209472,407.04309,406.08432,70150.0,False,1 x NVIDIA RTX A1000,Intel(R) Core(TM) i7-14700,-0.011880528000006052,0.23610121168924358
main_campaign_default_alpha_0_5,test1_convergencia,CIFAR10,FedAvgM,0.5,47,10,5,45002,44928,180900000.0,407.031209472,407.04309,406.37376,70200.0,False,1 x NVIDIA RTX A1000,Intel(R) Core(TM) i7-14700,-0.011880528000006052,0.16470797720797847
main_campaign_default_alpha_0_5,test1_convergencia,CIFAR10,FedAvgM,0.5,48,10,5,45002,44928,180900000.0,407.031209472,407.04309,406.37376,70200.0,False,1 x NVIDIA RTX A1000,Intel(R) Core(TM) i7-14700,-0.011880528000006052,0.16470797720797847
main_campaign_default_alpha_0_5,test1_convergencia,CIFAR10,FedAvgM,0.5,49,10,5,45002,44928,180900000.0,407.031209472,407.04309,406.37376,70200.0,False,1 x NVIDIA RTX A1000,Intel(R) Core(TM) i7-14700,-0.011880528000006052,0.16470797720797847
main_campaign_default_alpha_0_5,test1_convergencia,CIFAR10,FedAvgM,0.5,50,10,5,45002,44928,180900000.0,407.031209472,407.04309,406.37376,70200.0,False,1 x NVIDIA RTX A1000,Intel(R) Core(TM) i7-14700,-0.011880528000006052,0.16470797720797847
main_campaign_default_alpha_0_5,test1_convergencia,CIFAR10,FedAvgM,0.5,51,10,5,45002,44896,180900000.0,407.031209472,407.04309,406.08432,70150.0,False,1 x NVIDIA RTX A1000,Intel(R) Core(TM) i7-14700,-0.011880528000006052,0.23610121168924358
main_campaign_default_alpha_0_5,test1_convergencia,CIFAR10,FedAvgM,0.5,52,10,5,45002,44928,180900000.0,407.031209472,407.04309,406.37376,70200.0,False,1 x NVIDIA RTX A1000,Intel(R) Core(TM) i7-14700,-0.011880528000006052,0.16470797720797847
main_campaign_default_alpha_0_5,test1_convergencia,CIFAR10,FedAvgM,0.5,53,10,5,45002,44928,180900000.0,407.031209472,407.04309,406.37376,70200.0,False,1 x NVIDIA RTX A1000,Intel(R) Core(TM) i7-14700,-0.011880528000006052,0.16470797720797847
main_campaign_default_alpha_0_5,test1_convergencia,CIFAR10,FedAvgM,0.5,54,10,5,45002,44928,180900000.0,407.031209472,407.04309,406.37376,70200.0,False,1 x NVIDIA RTX A1000,Intel(R) Core(TM) i7-14700,-0.011880528000006052,0.16470797720797847
main_campaign_default_alpha_0_5,test1_convergencia,CIFAR10,FedAvgM,0.5,55,10,5,45002,44896,180900000.0,407.031209472,407.04309,406.08432,70150.0,False,1 x NVIDIA RTX A1000,Intel(R) Core(TM) i7-14700,-0.011880528000006052,0.23610121168924358
main_campaign_default_alpha_0_5,test1_convergencia,CIFAR10,FedAvgM,0.5,56,10,5,45003,44928,180900000.0,407.040254208,407.052135,406.37376,70200.0,False,1 x NVIDIA RTX A1000,Intel(R) Core(TM) i7-14700,-0.011880791999999474,0.16693376068377397
main_campaign_default_alpha_0_5,test1_convergencia,CIFAR10,FedAvgM,0.5,57,10,5,45003,44928,180900000.0,407.040254208,407.052135,406.37376,70200.0,False,1 x NVIDIA RTX A1000,Intel(R) Core(TM) i7-14700,-0.011880791999999474,0.16693376068377397
main_campaign_default_alpha_0_5,test1_convergencia,CIFAR10,FedAvgM,0.5,58,10,5,45002,44928,180900000.0,407.031209472,407.04309,406.37376,70200.0,False,1 x NVIDIA RTX A1000,Intel(R) Core(TM) i7-14700,-0.011880528000006052,0.16470797720797847
main_campaign_default_alpha_0_5,test1_convergencia,CIFAR10,FedAvgM,0.5,59,10,5,45003,44928,180900000.0,407.040254208,407.052135,406.37376,70200.0,False,1 x NVIDIA RTX A1000,Intel(R) Core(TM) i7-14700,-0.011880791999999474,0.16693376068377397
main_campaign_default_alpha_0_5,test1_convergencia,CIFAR10,FedAvgM,0.5,60,10,5,45002,44928,180900000.0,407.031209472,407.04309,406.37376,70200.0,False,1 x NVIDIA RTX A1000,Intel(R) Core(TM) i7-14700,-0.011880528000006052,0.16470797720797847
main_campaign_default_alpha_0_5,test1_convergencia,CIFAR10,FedAvgM,0.5,61,10,5,45002,44928,180900000.0,407.031209472,407.04309,406.37376,70200.0,False,1 x NVIDIA RTX A1000,Intel(R) Core(TM) i7-14700,-0.011880528000006052,0.16470797720797847
main_campaign_default_alpha_0_5,test1_convergencia,CIFAR10,FedAvgM,0.5,62,10,5,45002,44960,180900000.0,407.031209472,407.04309,406.6632,70250.0,False,1 x NVIDIA RTX A1000,Intel(R) Core(TM) i7-14700,-0.011880528000006052,0.09341637010675807
main_campaign_default_alpha_0_5,test1_convergencia,CIFAR10,FedAvgM,0.5,63,10,5,45002,44928,180900000.0,407.031209472,407.04309,406.37376,70200.0,False,1 x NVIDIA RTX A1000,Intel(R) Core(TM) i7-14700,-0.011880528000006052,0.16470797720797847
main_campaign_default_alpha_0_5,test1_convergencia,CIFAR10,FedAvgM,0.5,64,10,5,45002,44928,180900000.0,407.031209472,407.04309,406.37376,70200.0,False,1 x NVIDIA RTX A1000,Intel(R) Core(TM) i7-14700,-0.011880528000006052,0.16470797720797847
main_campaign_default_alpha_0_5,test1_convergencia,CIFAR10,FedAvgM,0.5,65,10,5,45002,44928,180900000.0,407.031209472,407.04309,406.37376,70200.0,False,1 x NVIDIA RTX A1000,Intel(R) Core(TM) i7-14700,-0.011880528000006052,0.16470797720797847
main_campaign_default_alpha_0_5,test1_convergencia,CIFAR10,FedAvgM,0.5,66,10,5,45002,44960,180900000.0,407.031209472,407.04309,406.6632,70250.0,False,1 x NVIDIA RTX A1000,Intel(R) Core(TM) i7-14700,-0.011880528000006052,0.09341637010675807
main_campaign_default_alpha_0_5,test1_convergencia,CIFAR10,FedAvgM,0.5,67,10,5,45002,44896,180900000.0,407.031209472,407.04309,406.08432,70150.0,False,1 x NVIDIA RTX A1000,Intel(R) Core(TM) i7-14700,-0.011880528000006052,0.23610121168924358
main_campaign_default_alpha_0_5,test1_convergencia,CIFAR10,FedAvgM,0.5,68,10,5,45002,44960,180900000.0,407.031209472,407.04309,406.6632,70250.0,False,1 x NVIDIA RTX A1000,Intel(R) Core(TM) i7-14700,-0.011880528000006052,0.09341637010675807
main_campaign_default_alpha_0_5,test1_convergencia,CIFAR10,FedAvgM,0.5,69,10,5,45003,44928,180900000.0,407.040254208,407.052135,406.37376,70200.0,False,1 x NVIDIA RTX A1000,Intel(R) Core(TM) i7-14700,-0.011880791999999474,0.16693376068377397
main_campaign_default_alpha_0_5,test1_convergencia,CIFAR10,FedAvgM,0.5,70,10,5,45002,44864,180900000.0,407.031209472,407.04309,405.79488,70100.0,False,1 x NVIDIA RTX A1000,Intel(R) Core(TM) i7-14700,-0.011880528000006052,0.307596291012846
main_campaign_default_alpha_0_5,test1_convergencia,CIFAR10,FedAvgM,0.5,71,10,5,45002,44960,180900000.0,407.031209472,407.04309,406.6632,70250.0,False,1 x NVIDIA RTX A1000,Intel(R) Core(TM) i7-14700,-0.011880528000006052,0.09341637010675807
main_campaign_default_alpha_0_5,test1_convergencia,CIFAR10,FedProx,0.5,42,10,5,45003,44928,180900000.0,407.040254208,407.052135,406.37376,70200.0,False,1 x NVIDIA RTX A1000,Intel(R) Core(TM) i7-14700,-0.011880791999999474,0.16693376068377397
main_campaign_default_alpha_0_5,test1_convergencia,CIFAR10,FedProx,0.5,43,10,5,45003,44896,180900000.0,407.040254208,407.052135,406.08432,70150.0,False,1 x NVIDIA RTX A1000,Intel(R) Core(TM) i7-14700,-0.011880791999999474,0.23832858161083603
main_campaign_default_alpha_0_5,test1_convergencia,CIFAR10,FedProx,0.5,44,10,5,45002,44928,180900000.0,407.031209472,407.04309,406.37376,70200.0,False,1 x NVIDIA RTX A1000,Intel(R) Core(TM) i7-14700,-0.011880528000006052,0.16470797720797847
main_campaign_default_alpha_0_5,test1_convergencia,CIFAR10,FedProx,0.5,45,10,5,45001,44928,180900000.0,407.022164736,407.034045,406.37376,70200.0,False,1 x NVIDIA RTX A1000,Intel(R) Core(TM) i7-14700,-0.01188026400001263,0.16248219373218298
main_campaign_default_alpha_0_5,test1_convergencia,CIFAR10,FedProx,0.5,46,10,5,45002,44896,180900000.0,407.031209472,407.04309,406.08432,70150.0,False,1 x NVIDIA RTX A1000,Intel(R) Core(TM) i7-14700,-0.011880528000006052,0.23610121168924358
main_campaign_default_alpha_0_5,test1_convergencia,CIFAR10,FedProx,0.5,47,10,5,45002,44928,180900000.0,407.031209472,407.04309,406.37376,70200.0,False,1 x NVIDIA RTX A1000,Intel(R) Core(TM) i7-14700,-0.011880528000006052,0.16470797720797847
main_campaign_default_alpha_0_5,test1_convergencia,CIFAR10,FedProx,0.5,48,10,5,45002,44928,180900000.0,407.031209472,407.04309,406.37376,70200.0,False,1 x NVIDIA RTX A1000,Intel(R) Core(TM) i7-14700,-0.011880528000006052,0.16470797720797847
main_campaign_default_alpha_0_5,test1_convergencia,CIFAR10,FedProx,0.5,49,10,5,45002,44928,180900000.0,407.031209472,407.04309,406.37376,70200.0,False,1 x NVIDIA RTX A1000,Intel(R) Core(TM) i7-14700,-0.011880528000006052,0.16470797720797847
main_campaign_default_alpha_0_5,test1_convergencia,CIFAR10,FedProx,0.5,50,10,5,45002,44928,180900000.0,407.031209472,407.04309,406.37376,70200.0,False,1 x NVIDIA RTX A1000,Intel(R) Core(TM) i7-14700,-0.011880528000006052,0.16470797720797847
main_campaign_default_alpha_0_5,test1_convergencia,CIFAR10,FedProx,0.5,51,10,5,45002,44896,180900000.0,407.031209472,407.04309,406.08432,70150.0,False,1 x NVIDIA RTX A1000,Intel(R) Core(TM) i7-14700,-0.011880528000006052,0.23610121168924358
main_campaign_default_alpha_0_5,test1_convergencia,CIFAR10,FedProx,0.5,52,10,5,45002,44928,180900000.0,407.031209472,407.04309,406.37376,70200.0,False,1 x NVIDIA RTX A1000,Intel(R) Core(TM) i7-14700,-0.011880528000006052,0.16470797720797847
main_campaign_default_alpha_0_5,test1_convergencia,CIFAR10,FedProx,0.5,53,10,5,45002,44928,180900000.0,407.031209472,407.04309,406.37376,70200.0,False,1 x NVIDIA RTX A1000,Intel(R) Core(TM) i7-14700,-0.011880528000006052,0.16470797720797847
main_campaign_default_alpha_0_5,test1_convergencia,CIFAR10,FedProx,0.5,54,10,5,45002,44928,180900000.0,407.031209472,407.04309,406.37376,70200.0,False,1 x NVIDIA RTX A1000,Intel(R) Core(TM) i7-14700,-0.011880528000006052,0.16470797720797847
main_campaign_default_alpha_0_5,test1_convergencia,CIFAR10,FedProx,0.5,55,10,5,45002,44896,180900000.0,407.031209472,407.04309,406.08432,70150.0,False,1 x NVIDIA RTX A1000,Intel(R) Core(TM) i7-14700,-0.011880528000006052,0.23610121168924358
main_campaign_default_alpha_0_5,test1_convergencia,CIFAR10,FedProx,0.5,56,10,5,45003,44928,180900000.0,407.040254208,407.052135,406.37376,70200.0,False,1 x NVIDIA RTX A1000,Intel(R) Core(TM) i7-14700,-0.011880791999999474,0.16693376068377397
main_campaign_default_alpha_0_5,test1_convergencia,CIFAR10,FedProx,0.5,57,10,5,45003,44928,180900000.0,407.040254208,407.052135,406.37376,70200.0,False,1 x NVIDIA RTX A1000,Intel(R) Core(TM) i7-14700,-0.011880791999999474,0.16693376068377397
main_campaign_default_alpha_0_5,test1_convergencia,CIFAR10,FedProx,0.5,58,10,5,45002,44928,180900000.0,407.031209472,407.04309,406.37376,70200.0,False,1 x NVIDIA RTX A1000,Intel(R) Core(TM) i7-14700,-0.011880528000006052,0.16470797720797847
main_campaign_default_alpha_0_5,test1_convergencia,CIFAR10,FedProx,0.5,59,10,5,45003,44928,180900000.0,407.040254208,407.052135,406.37376,70200.0,False,1 x NVIDIA RTX A1000,Intel(R) Core(TM) i7-14700,-0.011880791999999474,0.16693376068377397
main_campaign_default_alpha_0_5,test1_convergencia,CIFAR10,FedProx,0.5,60,10,5,45002,44928,180900000.0,407.031209472,407.04309,406.37376,70200.0,False,1 x NVIDIA RTX A1000,Intel(R) Core(TM) i7-14700,-0.011880528000006052,0.16470797720797847
main_campaign_default_alpha_0_5,test1_convergencia,CIFAR10,FedProx,0.5,61,10,5,45002,44928,180900000.0,407.031209472,407.04309,406.37376,70200.0,False,1 x NVIDIA RTX A1000,Intel(R) Core(TM) i7-14700,-0.011880528000006052,0.16470797720797847
main_campaign_default_alpha_0_5,test1_convergencia,CIFAR10,FedProx,0.5,62,10,5,45002,44960,180900000.0,407.031209472,407.04309,406.6632,70250.0,False,1 x NVIDIA RTX A1000,Intel(R) Core(TM) i7-14700,-0.011880528000006052,0.09341637010675807
main_campaign_default_alpha_0_5,test1_convergencia,CIFAR10,FedProx,0.5,63,10,5,45002,44928,180900000.0,407.031209472,407.04309,406.37376,70200.0,False,1 x NVIDIA RTX A1000,Intel(R) Core(TM) i7-14700,-0.011880528000006052,0.16470797720797847
main_campaign_default_alpha_0_5,test1_convergencia,CIFAR10,FedProx,0.5,64,10,5,45002,44928,180900000.0,407.031209472,407.04309,406.37376,70200.0,False,1 x NVIDIA RTX A1000,Intel(R) Core(TM) i7-14700,-0.011880528000006052,0.16470797720797847
main_campaign_default_alpha_0_5,test1_convergencia,CIFAR10,FedProx,0.5,65,10,5,45002,44928,180900000.0,407.031209472,407.04309,406.37376,70200.0,False,1 x NVIDIA RTX A1000,Intel(R) Core(TM) i7-14700,-0.011880528000006052,0.16470797720797847
main_campaign_default_alpha_0_5,test1_convergencia,CIFAR10,FedProx,0.5,66,10,5,45002,44960,180900000.0,407.031209472,407.04309,406.6632,70250.0,False,1 x NVIDIA RTX A1000,Intel(R) Core(TM) i7-14700,-0.011880528000006052,0.09341637010675807
main_campaign_default_alpha_0_5,test1_convergencia,CIFAR10,FedProx,0.5,67,10,5,45002,44896,180900000.0,407.031209472,407.04309,406.08432,70150.0,False,1 x NVIDIA RTX A1000,Intel(R) Core(TM) i7-14700,-0.011880528000006052,0.23610121168924358
main_campaign_default_alpha_0_5,test1_convergencia,CIFAR10,FedProx,0.5,68,10,5,45002,44960,180900000.0,407.031209472,407.04309,406.6632,70250.0,False,1 x NVIDIA RTX A1000,Intel(R) Core(TM) i7-14700,-0.011880528000006052,0.09341637010675807
main_campaign_default_alpha_0_5,test1_convergencia,CIFAR10,FedProx,0.5,69,10,5,45003,44928,180900000.0,407.040254208,407.052135,406.37376,70200.0,False,1 x NVIDIA RTX A1000,Intel(R) Core(TM) i7-14700,-0.011880791999999474,0.16693376068377397
main_campaign_default_alpha_0_5,test1_convergencia,CIFAR10,FedProx,0.5,70,10,5,45002,44864,180900000.0,407.031209472,407.04309,405.79488,70100.0,False,1 x NVIDIA RTX A1000,Intel(R) Core(TM) i7-14700,-0.011880528000006052,0.307596291012846
main_campaign_default_alpha_0_5,test1_convergencia,CIFAR10,FedProx,0.5,71,10,5,45002,44960,180900000.0,407.031209472,407.04309,406.6632,70250.0,False,1 x NVIDIA RTX A1000,Intel(R) Core(TM) i7-14700,-0.011880528000006052,0.09341637010675807
main_campaign_default_alpha_0_5,test1_convergencia,CIFAR10,FedNova,0.5,42,10,5,45003,44928,180900000.0,407.040254208,407.052135,406.37376,70200.0,False,1 x NVIDIA A40,AMD EPYC 9354P 32-Core Processor,-0.011880791999999474,0.16693376068377397
main_campaign_default_alpha_0_5,test1_convergencia,CIFAR10,FedNova,0.5,43,10,5,45003,44896,180900000.0,407.040254208,407.052135,406.08432,70150.0,False,1 x NVIDIA A40,AMD EPYC 9354P 32-Core Processor,-0.011880791999999474,0.23832858161083603
main_campaign_default_alpha_0_5,test1_convergencia,CIFAR10,FedNova,0.5,44,10,5,45002,44928,180900000.0,407.031209472,407.04309,406.37376,70200.0,False,1 x NVIDIA A40,AMD EPYC 9354P 32-Core Processor,-0.011880528000006052,0.16470797720797847
main_campaign_default_alpha_0_5,test1_convergencia,CIFAR10,FedNova,0.5,45,10,5,45001,44928,180900000.0,407.022164736,407.034045,406.37376,70200.0,False,1 x NVIDIA A40,AMD EPYC 9354P 32-Core Processor,-0.01188026400001263,0.16248219373218298
main_campaign_default_alpha_0_5,test1_convergencia,CIFAR10,FedNova,0.5,46,10,5,45002,44896,180900000.0,407.031209472,407.04309,406.08432,70150.0,False,1 x NVIDIA A40,AMD EPYC 9354P 32-Core Processor,-0.011880528000006052,0.23610121168924358
main_campaign_default_alpha_0_5,test1_convergencia,CIFAR10,FedNova,0.5,47,10,5,45002,44928,180900000.0,407.031209472,407.04309,406.37376,70200.0,False,1 x NVIDIA A40,AMD EPYC 9354P 32-Core Processor,-0.011880528000006052,0.16470797720797847
main_campaign_default_alpha_0_5,test1_convergencia,CIFAR10,FedNova,0.5,48,10,5,45002,44928,180900000.0,407.031209472,407.04309,406.37376,70200.0,False,1 x NVIDIA A40,AMD EPYC 9354P 32-Core Processor,-0.011880528000006052,0.16470797720797847
main_campaign_default_alpha_0_5,test1_convergencia,CIFAR10,FedNova,0.5,49,10,5,45002,44928,180900000.0,407.031209472,407.04309,406.37376,70200.0,False,1 x NVIDIA A40,AMD EPYC 9354P 32-Core Processor,-0.011880528000006052,0.16470797720797847
main_campaign_default_alpha_0_5,test1_convergencia,CIFAR10,FedNova,0.5,50,10,5,45002,44928,180900000.0,407.031209472,407.04309,406.37376,70200.0,False,1 x NVIDIA A40,AMD EPYC 9354P 32-Core Processor,-0.011880528000006052,0.16470797720797847
main_campaign_default_alpha_0_5,test1_convergencia,CIFAR10,FedNova,0.5,51,10,5,45002,44896,180900000.0,407.031209472,407.04309,406.08432,70150.0,False,1 x NVIDIA A40,AMD EPYC 9354P 32-Core Processor,-0.011880528000006052,0.23610121168924358
main_campaign_default_alpha_0_5,test1_convergencia,CIFAR10,FedNova,0.5,52,10,5,45002,44928,180900000.0,407.031209472,407.04309,406.37376,70200.0,False,1 x NVIDIA A40,AMD EPYC 9354P 32-Core Processor,-0.011880528000006052,0.16470797720797847
main_campaign_default_alpha_0_5,test1_convergencia,CIFAR10,FedNova,0.5,53,10,5,45002,44928,180900000.0,407.031209472,407.04309,406.37376,70200.0,False,1 x NVIDIA A40,AMD EPYC 9354P 32-Core Processor,-0.011880528000006052,0.16470797720797847
main_campaign_default_alpha_0_5,test1_convergencia,CIFAR10,FedNova,0.5,54,10,5,45002,44928,180900000.0,407.031209472,407.04309,406.37376,70200.0,False,1 x NVIDIA A40,AMD EPYC 9354P 32-Core Processor,-0.011880528000006052,0.16470797720797847
main_campaign_default_alpha_0_5,test1_convergencia,CIFAR10,FedNova,0.5,55,10,5,45002,44896,180900000.0,407.031209472,407.04309,406.08432,70150.0,False,1 x NVIDIA A40,AMD EPYC 9354P 32-Core Processor,-0.011880528000006052,0.23610121168924358
main_campaign_default_alpha_0_5,test1_convergencia,CIFAR10,FedNova,0.5,56,10,5,45003,44928,180900000.0,407.040254208,407.052135,406.37376,70200.0,False,1 x NVIDIA A40,AMD EPYC 9354P 32-Core Processor,-0.011880791999999474,0.16693376068377397
main_campaign_default_alpha_0_5,test1_convergencia,CIFAR10,FedNova,0.5,57,10,5,45003,44928,180900000.0,407.040254208,407.052135,406.37376,70200.0,False,1 x NVIDIA A40,AMD EPYC 9354P 32-Core Processor,-0.011880791999999474,0.16693376068377397
main_campaign_default_alpha_0_5,test1_convergencia,CIFAR10,FedNova,0.5,58,10,5,45002,44928,180900000.0,407.031209472,407.04309,406.37376,70200.0,False,1 x NVIDIA A40,AMD EPYC 9354P 32-Core Processor,-0.011880528000006052,0.16470797720797847
main_campaign_default_alpha_0_5,test1_convergencia,CIFAR10,FedNova,0.5,59,10,5,45003,44928,180900000.0,407.040254208,407.052135,406.37376,70200.0,False,1 x NVIDIA A40,AMD EPYC 9354P 32-Core Processor,-0.011880791999999474,0.16693376068377397
main_campaign_default_alpha_0_5,test1_convergencia,CIFAR10,FedNova,0.5,60,10,5,45002,44928,180900000.0,407.031209472,407.04309,406.37376,70200.0,False,1 x NVIDIA A40,AMD EPYC 9354P 32-Core Processor,-0.011880528000006052,0.16470797720797847
main_campaign_default_alpha_0_5,test1_convergencia,CIFAR10,FedNova,0.5,61,10,5,45002,44928,180900000.0,407.031209472,407.04309,406.37376,70200.0,False,1 x NVIDIA A40,AMD EPYC 9354P 32-Core Processor,-0.011880528000006052,0.16470797720797847
main_campaign_default_alpha_0_5,test1_convergencia,CIFAR10,FedNova,0.5,62,10,5,45002,44960,180900000.0,407.031209472,407.04309,406.6632,70250.0,False,1 x NVIDIA A40,AMD EPYC 9354P 32-Core Processor,-0.011880528000006052,0.09341637010675807
main_campaign_default_alpha_0_5,test1_convergencia,CIFAR10,FedNova,0.5,63,10,5,45002,44928,180900000.0,407.031209472,407.04309,406.37376,70200.0,False,1 x NVIDIA A40,AMD EPYC 9354P 32-Core Processor,-0.011880528000006052,0.16470797720797847
main_campaign_default_alpha_0_5,test1_convergencia,CIFAR10,FedNova,0.5,64,10,5,45002,44928,180900000.0,407.031209472,407.04309,406.37376,70200.0,False,1 x NVIDIA A40,AMD EPYC 9354P 32-Core Processor,-0.011880528000006052,0.16470797720797847
main_campaign_default_alpha_0_5,test1_convergencia,CIFAR10,FedNova,0.5,65,10,5,45002,44928,180900000.0,407.031209472,407.04309,406.37376,70200.0,False,1 x NVIDIA A40,AMD EPYC 9354P 32-Core Processor,-0.011880528000006052,0.16470797720797847
main_campaign_default_alpha_0_5,test1_convergencia,CIFAR10,FedNova,0.5,66,10,5,45002,44960,180900000.0,407.031209472,407.04309,406.6632,70250.0,False,1 x NVIDIA A40,AMD EPYC 9354P 32-Core Processor,-0.011880528000006052,0.09341637010675807
main_campaign_default_alpha_0_5,test1_convergencia,CIFAR10,FedNova,0.5,67,10,5,45002,44896,180900000.0,407.031209472,407.04309,406.08432,70150.0,False,1 x NVIDIA A40,AMD EPYC 9354P 32-Core Processor,-0.011880528000006052,0.23610121168924358
main_campaign_default_alpha_0_5,test1_convergencia,CIFAR10,FedNova,0.5,68,10,5,45002,44960,180900000.0,407.031209472,407.04309,406.6632,70250.0,False,1 x NVIDIA A40,AMD EPYC 9354P 32-Core Processor,-0.011880528000006052,0.09341637010675807
main_campaign_default_alpha_0_5,test1_convergencia,CIFAR10,FedNova,0.5,69,10,5,45003,44928,180900000.0,407.040254208,407.052135,406.37376,70200.0,False,1 x NVIDIA A40,AMD EPYC 9354P 32-Core Processor,-0.011880791999999474,0.16693376068377397
main_campaign_default_alpha_0_5,test1_convergencia,CIFAR10,FedNova,0.5,70,10,5,45002,44864,180900000.0,407.031209472,407.04309,405.79488,70100.0,False,1 x NVIDIA A40,AMD EPYC 9354P 32-Core Processor,-0.011880528000006052,0.307596291012846
main_campaign_default_alpha_0_5,test1_convergencia,CIFAR10,FedNova,0.5,71,10,5,45002,44960,180900000.0,407.031209472,407.04309,406.6632,70250.0,False,1 x NVIDIA A40,AMD EPYC 9354P 32-Core Processor,-0.011880528000006052,0.09341637010675807
main_campaign_default_alpha_0_5,test1_convergencia,CIFAR10,FedHAD,0.5,42,10,5,45003,44928,180900000.0,320.9108511744,320.920218,320.41008,55350.0,False,1 x NVIDIA RTX A1000,Intel(R) Core(TM) i7-14700,-0.009366825599954609,0.15921409214092463
main_campaign_default_alpha_0_5,test1_convergencia,CIFAR10,FedHAD,0.5,43,10,5,45003,44896,180900000.0,325.6322033664,325.641708,324.867456,56120.0,False,1 x NVIDIA RTX A1000,Intel(R) Core(TM) i7-14700,-0.00950463359998821,0.23832858161083603
main_campaign_default_alpha_0_5,test1_convergencia,CIFAR10,FedHAD,0.5,44,10,5,45002,44928,180900000.0,325.6249675776,325.634472,325.099008,56160.0,False,1 x NVIDIA RTX A1000,Intel(R) Core(TM) i7-14700,-0.009504422400027579,0.16470797720797847
main_campaign_default_alpha_0_5,test1_convergencia,CIFAR10,FedHAD,0.5,45,10,5,45001,44928,180900000.0,314.1363439104,314.145513,313.637184,54180.0,False,1 x NVIDIA RTX A1000,Intel(R) Core(TM) i7-14700,-0.009169089599993185,0.1620754891103804
main_campaign_default_alpha_0_5,test1_convergencia,CIFAR10,FedHAD,0.5,46,10,5,45002,44896,180900000.0,313.7365665792,313.745724,313.000416,54070.0,False,1 x NVIDIA RTX A1000,Intel(R) Core(TM) i7-14700,-0.009157420800022464,0.23811725540965334
main_campaign_default_alpha_0_5,test1_convergencia,CIFAR10,FedHAD,0.5,47,10,5,45002,44928,180900000.0,381.398427648,381.40956,380.845152,65790.0,False,1 x NVIDIA RTX A1000,Intel(R) Core(TM) i7-14700,-0.011132352000004175,0.14819881440948368
main_campaign_default_alpha_0_5,test1_convergencia,CIFAR10,FedHAD,0.5,48,10,5,45002,44928,180900000.0,317.8718198784,317.881098,317.399904,54830.0,False,1 x NVIDIA RTX A1000,Intel(R) Core(TM) i7-14700,-0.009278121600004852,0.15160496078789887
main_campaign_default_alpha_0_5,test1_convergencia,CIFAR10,FedHAD,0.5,49,10,5,45002,44928,180900000.0,325.6249675776,325.634472,325.099008,56160.0,False,1 x NVIDIA RTX A1000,Intel(R) Core(TM) i7-14700,-0.009504422400027579,0.16470797720797847
main_campaign_default_alpha_0_5,test1_convergencia,CIFAR10,FedHAD,0.5,50,10,5,45002,44928,180900000.0,325.6249675776,325.634472,325.099008,56160.0,False,1 x NVIDIA RTX A1000,Intel(R) Core(TM) i7-14700,-0.009504422400027579,0.16470797720797847
main_campaign_default_alpha_0_5,test1_convergencia,CIFAR10,FedHAD,0.5,51,10,5,45002,44896,180900000.0,325.6249675776,325.634472,324.867456,56120.0,False,1 x NVIDIA RTX A1000,Intel(R) Core(TM) i7-14700,-0.009504422400027579,0.23610121168924358
main_campaign_default_alpha_0_5,test1_convergencia,CIFAR10,FedHAD,0.5,52,10,5,45002,44928,180900000.0,325.6249675776,325.634472,325.099008,56160.0,False,1 x NVIDIA RTX A1000,Intel(R) Core(TM) i7-14700,-0.009504422400027579,0.16470797720797847
main_campaign_default_alpha_0_5,test1_convergencia,CIFAR10,FedHAD,0.5,53,10,5,45002,44928,180900000.0,313.363923456,313.37307,312.88464,54050.0,False,1 x NVIDIA RTX A1000,Intel(R) Core(TM) i7-14700,-0.009146543999975165,0.15610545790933905
main_campaign_default_alpha_0_5,test1_convergencia,CIFAR10,FedHAD,0.5,54,10,5,45002,44928,180900000.0,316.6363089408,316.645551,316.126368,54610.0,False,1 x NVIDIA RTX A1000,Intel(R) Core(TM) i7-14700,-0.009242059200005315,0.16423274125618725
main_campaign_default_alpha_0_5,test1_convergencia,CIFAR10,FedHAD,0.5,55,10,5,45002,44896,180900000.0,325.6249675776,325.634472,324.867456,56120.0,False,1 x NVIDIA RTX A1000,Intel(R) Core(TM) i7-14700,-0.009504422400027579,0.23610121168924358
main_campaign_default_alpha_0_5,test1_convergencia,CIFAR10,FedHAD,0.5,56,10,5,45003,44928,180900000.0,318.6713745408,318.680676,318.152448,54960.0,False,1 x NVIDIA RTX A1000,Intel(R) Core(TM) i7-14700,-0.009301459200003137,0.16602983988356357
main_campaign_default_alpha_0_5,test1_convergencia,CIFAR10,FedHAD,0.5,57,10,5,45003,44928,180900000.0,319.1362739712,319.145589,318.615552,55040.0,False,1 x NVIDIA RTX A1000,Intel(R) Core(TM) i7-14700,-0.0093150287999606,0.16635628633721034
main_campaign_default_alpha_0_5,test1_convergencia,CIFAR10,FedHAD,0.5,58,10,5,45002,44928,180900000.0,325.6249675776,325.634472,325.099008,56160.0,False,1 x NVIDIA RTX A1000,Intel(R) Core(TM) i7-14700,-0.009504422400027579,0.16470797720797847
main_campaign_default_alpha_0_5,test1_convergencia,CIFAR10,FedHAD,0.5,59,10,5,45003,44928,180900000.0,319.2918434304,319.301163,318.789216,55070.0,False,1 x NVIDIA RTX A1000,Intel(R) Core(TM) i7-14700,-0.009319569599995248,0.16059106591610472
main_campaign_default_alpha_0_5,test1_convergencia,CIFAR10,FedHAD,0.5,60,10,5,45002,44928,180900000.0,325.6249675776,325.634472,325.099008,56160.0,False,1 x NVIDIA RTX A1000,Intel(R) Core(TM) i7-14700,-0.009504422400027579,0.16470797720797847
main_campaign_default_alpha_0_5,test1_convergencia,CIFAR10,FedHAD,0.5,61,10,5,45002,44928,180900000.0,325.6249675776,325.634472,325.099008,56160.0,False,1 x NVIDIA RTX A1000,Intel(R) Core(TM) i7-14700,-0.009504422400027579,0.16470797720797847
main_campaign_default_alpha_0_5,test1_convergencia,CIFAR10,FedHAD,0.5,62,10,5,45002,44960,180900000.0,325.6249675776,325.634472,325.33056,56200.0,False,1 x NVIDIA RTX A1000,Intel(R) Core(TM) i7-14700,-0.009504422400027579,0.09341637010678028
main_campaign_default_alpha_0_5,test1_convergencia,CIFAR10,FedHAD,0.5,63,10,5,45002,44928,180900000.0,325.6249675776,325.634472,325.099008,56160.0,False,1 x NVIDIA RTX A1000,Intel(R) Core(TM) i7-14700,-0.009504422400027579,0.16470797720797847
main_campaign_default_alpha_0_5,test1_convergencia,CIFAR10,FedHAD,0.5,64,10,5,45002,44928,180900000.0,325.6249675776,325.634472,325.099008,56160.0,False,1 x NVIDIA RTX A1000,Intel(R) Core(TM) i7-14700,-0.009504422400027579,0.16470797720797847
main_campaign_default_alpha_0_5,test1_convergencia,CIFAR10,FedHAD,0.5,65,10,5,45002,44928,180900000.0,325.6249675776,325.634472,325.099008,56160.0,False,1 x NVIDIA RTX A1000,Intel(R) Core(TM) i7-14700,-0.009504422400027579,0.16470797720797847
main_campaign_default_alpha_0_5,test1_convergencia,CIFAR10,FedHAD,0.5,66,10,5,45002,44960,180900000.0,325.6249675776,325.634472,325.33056,56200.0,False,1 x NVIDIA RTX A1000,Intel(R) Core(TM) i7-14700,-0.009504422400027579,0.09341637010678028
main_campaign_default_alpha_0_5,test1_convergencia,CIFAR10,FedHAD,0.5,67,10,5,45002,44896,180900000.0,325.6249675776,325.634472,324.867456,56120.0,False,1 x NVIDIA RTX A1000,Intel(R) Core(TM) i7-14700,-0.009504422400027579,0.23610121168924358
main_campaign_default_alpha_0_5,test1_convergencia,CIFAR10,FedHAD,0.5,68,10,5,45002,44960,180900000.0,325.6249675776,325.634472,325.33056,56200.0,False,1 x NVIDIA RTX A1000,Intel(R) Core(TM) i7-14700,-0.009504422400027579,0.09341637010678028
main_campaign_default_alpha_0_5,test1_convergencia,CIFAR10,FedHAD,0.5,69,10,5,45003,44928,180900000.0,349.2154480128,349.225641,348.659424,60230.0,False,1 x NVIDIA RTX A1000,Intel(R) Core(TM) i7-14700,-0.010192987200014159,0.16239830649178444
main_campaign_default_alpha_0_5,test1_convergencia,CIFAR10,FedHAD,0.5,70,10,5,45002,44864,180900000.0,312.0325383168,312.041646,311.090112,53740.0,False,1 x NVIDIA RTX A1000,Intel(R) Core(TM) i7-14700,-0.009107683199999883,0.3058708596948456
main_campaign_default_alpha_0_5,test1_convergencia,CIFAR10,FedHAD,0.5,71,10,5,45002,44960,180900000.0,325.6249675776,325.634472,325.33056,56200.0,False,1 x NVIDIA RTX A1000,Intel(R) Core(TM) i7-14700,-0.009504422400027579,0.09341637010678028
main_campaign_default_alpha_0_5,test2_robustez_alpha,MNIST,FedAVG,0.01,42,10,5,54003,53888,1690000.0,4.562821476,4.5632535,4.553536,84200.0,False,1 x NVIDIA RTX A1000,Intel(R) Core(TM) i7-14700,-0.00043202400000019736,0.2134055819477343
main_campaign_default_alpha_0_5,test2_robustez_alpha,MNIST,FedAVG,0.01,43,10,5,54002,53920,1690000.0,4.562736984,4.563169,4.55624,84250.0,False,1 x NVIDIA RTX A1000,Intel(R) Core(TM) i7-14700,-0.0004320160000004236,0.15207715133531696
main_campaign_default_alpha_0_5,test2_robustez_alpha,MNIST,FedAVG,0.01,44,10,5,54002,53952,1690000.0,4.562736984,4.563169,4.558944,84300.0,False,1 x NVIDIA RTX A1000,Intel(R) Core(TM) i7-14700,-0.0004320160000004236,0.09267497034399774
main_campaign_default_alpha_0_5,test2_robustez_alpha,MNIST,FedAVG,0.01,45,10,5,54002,53920,1690000.0,4.562736984,4.563169,4.55624,84250.0,False,1 x NVIDIA RTX A1000,Intel(R) Core(TM) i7-14700,-0.0004320160000004236,0.15207715133531696
main_campaign_default_alpha_0_5,test2_robustez_alpha,MNIST,FedAVG,0.01,46,10,5,54001,53953,1690000.0,4.562652492,4.5630845,4.5590285,84300.0,False,1 x NVIDIA RTX A1000,Intel(R) Core(TM) i7-14700,-0.00043200800000064987,0.08896632253998504
main_campaign_default_alpha_0_5,test2_robustez_alpha,MNIST,FedAVG,0.01,47,10,5,54003,53920,1690000.0,4.562821476,4.5632535,4.55624,84250.0,False,1 x NVIDIA RTX A1000,Intel(R) Core(TM) i7-14700,-0.00043202400000019736,0.1539317507418536
main_campaign_default_alpha_0_5,test2_robustez_alpha,MNIST,FedAVG,0.01,48,10,5,54001,53920,1690000.0,4.562652492,4.5630845,4.55624,84250.0,False,1 x NVIDIA RTX A1000,Intel(R) Core(TM) i7-14700,-0.00043200800000064987,0.15022255192880252
main_campaign_default_alpha_0_5,test2_robustez_alpha,MNIST,FedAVG,0.01,49,10,5,54002,53920,1690000.0,4.562736984,4.563169,4.55624,84250.0,False,1 x NVIDIA RTX A1000,Intel(R) Core(TM) i7-14700,-0.0004320160000004236,0.15207715133531696
main_campaign_default_alpha_0_5,test2_robustez_alpha,MNIST,FedAVG,0.01,50,10,5,54003,53920,1690000.0,4.562821476,4.5632535,4.55624,84250.0,False,1 x NVIDIA RTX A1000,Intel(R) Core(TM) i7-14700,-0.00043202400000019736,0.1539317507418536
main_campaign_default_alpha_0_5,test2_robustez_alpha,MNIST,FedAVG,0.01,51,10,5,54001,53920,1690000.0,4.562652492,4.5630845,4.55624,84250.0,False,1 x NVIDIA RTX A1000,Intel(R) Core(TM) i7-14700,-0.00043200800000064987,0.15022255192880252
main_campaign_default_alpha_0_5,test2_robustez_alpha,MNIST,FedAVG,0.01,52,10,5,54001,53920,1690000.0,4.562652492,4.5630845,4.55624,84250.0,False,1 x NVIDIA RTX A1000,Intel(R) Core(TM) i7-14700,-0.00043200800000064987,0.15022255192880252
main_campaign_default_alpha_0_5,test2_robustez_alpha,MNIST,FedAVG,0.01,53,10,5,54004,53920,1690000.0,4.562905968,4.563338,4.55624,84250.0,False,1 x NVIDIA RTX A1000,Intel(R) Core(TM) i7-14700,-0.0004320319999999711,0.15578635014836806
main_campaign_default_alpha_0_5,test2_robustez_alpha,MNIST,FedAVG,0.01,54,10,5,54002,53952,1690000.0,4.562736984,4.563169,4.558944,84300.0,False,1 x NVIDIA RTX A1000,Intel(R) Core(TM) i7-14700,-0.0004320160000004236,0.09267497034399774
main_campaign_default_alpha_0_5,test2_robustez_alpha,MNIST,FedAVG,0.01,55,10,5,54001,53920,1690000.0,4.562652492,4.5630845,4.55624,84250.0,False,1 x NVIDIA RTX A1000,Intel(R) Core(TM) i7-14700,-0.00043200800000064987,0.15022255192880252
main_campaign_default_alpha_0_5,test2_robustez_alpha,MNIST,FedAVG,0.01,56,10,5,54002,53952,1690000.0,4.562736984,4.563169,4.558944,84300.0,False,1 x NVIDIA RTX A1000,Intel(R) Core(TM) i7-14700,-0.0004320160000004236,0.09267497034399774
main_campaign_default_alpha_0_5,test2_robustez_alpha,MNIST,FedAVG,0.01,57,10,5,54000,53920,1690000.0,4.562568,4.563,4.55624,84250.0,False,1 x NVIDIA RTX A1000,Intel(R) Core(TM) i7-14700,-0.00043199999999998795,0.14836795252224366
main_campaign_default_alpha_0_5,test2_robustez_alpha,MNIST,FedAVG,0.01,58,10,5,54003,53952,1690000.0,4.562821476,4.5632535,4.558944,84300.0,False,1 x NVIDIA RTX A1000,Intel(R) Core(TM) i7-14700,-0.00043202400000019736,0.09452846975088747
main_campaign_default_alpha_0_5,test2_robustez_alpha,MNIST,FedAVG,0.01,59,10,5,54003,53920,1690000.0,4.562821476,4.5632535,4.55624,84250.0,False,1 x NVIDIA RTX A1000,Intel(R) Core(TM) i7-14700,-0.00043202400000019736,0.1539317507418536
main_campaign_default_alpha_0_5,test2_robustez_alpha,MNIST,FedAVG,0.01,60,10,5,54002,53920,1690000.0,4.562736984,4.563169,4.55624,84250.0,False,1 x NVIDIA RTX A1000,Intel(R) Core(TM) i7-14700,-0.0004320160000004236,0.15207715133531696
main_campaign_default_alpha_0_5,test2_robustez_alpha,MNIST,FedAVG,0.01,61,10,5,54001,53920,1690000.0,4.562652492,4.5630845,4.55624,84250.0,False,1 x NVIDIA RTX A1000,Intel(R) Core(TM) i7-14700,-0.00043200800000064987,0.15022255192880252
main_campaign_default_alpha_0_5,test2_robustez_alpha,MNIST,FedAVG,0.01,62,10,5,54002,53888,1690000.0,4.562736984,4.563169,4.553536,84200.0,False,1 x NVIDIA RTX A1000,Intel(R) Core(TM) i7-14700,-0.0004320160000004236,0.21154988123515128
main_campaign_default_alpha_0_5,test2_robustez_alpha,MNIST,FedAVG,0.01,63,10,5,54002,53888,1690000.0,4.562736984,4.563169,4.553536,84200.0,False,1 x NVIDIA RTX A1000,Intel(R) Core(TM) i7-14700,-0.0004320160000004236,0.21154988123515128
main_campaign_default_alpha_0_5,test2_robustez_alpha,MNIST,FedAVG,0.01,64,10,5,54002,53920,1690000.0,4.562736984,4.563169,4.55624,84250.0,False,1 x NVIDIA RTX A1000,Intel(R) Core(TM) i7-14700,-0.0004320160000004236,0.15207715133531696
main_campaign_default_alpha_0_5,test2_robustez_alpha,MNIST,FedAVG,0.01,65,10,5,54003,53920,1690000.0,4.562821476,4.5632535,4.55624,84250.0,False,1 x NVIDIA RTX A1000,Intel(R) Core(TM) i7-14700,-0.00043202400000019736,0.1539317507418536
main_campaign_default_alpha_0_5,test2_robustez_alpha,MNIST,FedAVG,0.01,66,10,5,54002,53920,1690000.0,4.562736984,4.563169,4.55624,84250.0,False,1 x NVIDIA RTX A1000,Intel(R) Core(TM) i7-14700,-0.0004320160000004236,0.15207715133531696
main_campaign_default_alpha_0_5,test2_robustez_alpha,MNIST,FedAVG,0.01,67,10,5,54002,53920,1690000.0,4.562736984,4.563169,4.55624,84250.0,False,1 x NVIDIA RTX A1000,Intel(R) Core(TM) i7-14700,-0.0004320160000004236,0.15207715133531696
main_campaign_default_alpha_0_5,test2_robustez_alpha,MNIST,FedAVG,0.01,68,10,5,54002,53888,1690000.0,4.562736984,4.563169,4.553536,84200.0,False,1 x NVIDIA RTX A1000,Intel(R) Core(TM) i7-14700,-0.0004320160000004236,0.21154988123515128
main_campaign_default_alpha_0_5,test2_robustez_alpha,MNIST,FedAVG,0.01,69,10,5,54000,53952,1690000.0,4.562568,4.563,4.558944,84300.0,False,1 x NVIDIA RTX A1000,Intel(R) Core(TM) i7-14700,-0.00043199999999998795,0.0889679715302405
main_campaign_default_alpha_0_5,test2_robustez_alpha,MNIST,FedAVG,0.01,70,10,5,54002,53952,1690000.0,4.562736984,4.563169,4.558944,84300.0,False,1 x NVIDIA RTX A1000,Intel(R) Core(TM) i7-14700,-0.0004320160000004236,0.09267497034399774
main_campaign_default_alpha_0_5,test2_robustez_alpha,MNIST,FedAVG,0.01,71,10,5,54003,53920,1690000.0,4.562821476,4.5632535,4.55624,84250.0,False,1 x NVIDIA RTX A1000,Intel(R) Core(TM) i7-14700,-0.00043202400000019736,0.1539317507418536
main_campaign_default_alpha_0_5,test2_robustez_alpha,MNIST,FedAVG,0.1,42,10,5,54001,53952,1690000.0,4.562652492,4.5630845,4.558944,84300.0,False,1 x NVIDIA RTX A1000,Intel(R) Core(TM) i7-14700,-0.00043200800000064987,0.09082147093713022
main_campaign_default_alpha_0_5,test2_robustez_alpha,MNIST,FedAVG,0.1,43,10,5,54002,53952,1690000.0,4.562736984,4.563169,4.558944,84300.0,False,1 x NVIDIA RTX A1000,Intel(R) Core(TM) i7-14700,-0.0004320160000004236,0.09267497034399774
main_campaign_default_alpha_0_5,test2_robustez_alpha,MNIST,FedAVG,0.1,44,10,5,54003,53888,1690000.0,4.562821476,4.5632535,4.553536,84200.0,False,1 x NVIDIA RTX A1000,Intel(R) Core(TM) i7-14700,-0.00043202400000019736,0.2134055819477343
main_campaign_default_alpha_0_5,test2_robustez_alpha,MNIST,FedAVG,0.1,45,10,5,54002,53920,1690000.0,4.562736984,4.563169,4.55624,84250.0,False,1 x NVIDIA RTX A1000,Intel(R) Core(TM) i7-14700,-0.0004320160000004236,0.15207715133531696
main_campaign_default_alpha_0_5,test2_robustez_alpha,MNIST,FedAVG,0.1,46,10,5,54001,53920,1690000.0,4.562652492,4.5630845,4.55624,84250.0,False,1 x NVIDIA RTX A1000,Intel(R) Core(TM) i7-14700,-0.00043200800000064987,0.15022255192880252
main_campaign_default_alpha_0_5,test2_robustez_alpha,MNIST,FedAVG,0.1,47,10,5,54002,53920,1690000.0,4.562736984,4.563169,4.55624,84250.0,False,1 x NVIDIA RTX A1000,Intel(R) Core(TM) i7-14700,-0.0004320160000004236,0.15207715133531696
main_campaign_default_alpha_0_5,test2_robustez_alpha,MNIST,FedAVG,0.1,48,10,5,54002,53920,1690000.0,4.562736984,4.563169,4.55624,84250.0,False,1 x NVIDIA RTX A1000,Intel(R) Core(TM) i7-14700,-0.0004320160000004236,0.15207715133531696
main_campaign_default_alpha_0_5,test2_robustez_alpha,MNIST,FedAVG,0.1,49,10,5,54002,53952,1690000.0,4.562736984,4.563169,4.558944,84300.0,False,1 x NVIDIA RTX A1000,Intel(R) Core(TM) i7-14700,-0.0004320160000004236,0.09267497034399774
main_campaign_default_alpha_0_5,test2_robustez_alpha,MNIST,FedAVG,0.1,50,10,5,54002,53952,1690000.0,4.562736984,4.563169,4.558944,84300.0,False,1 x NVIDIA RTX A1000,Intel(R) Core(TM) i7-14700,-0.0004320160000004236,0.09267497034399774
main_campaign_default_alpha_0_5,test2_robustez_alpha,MNIST,FedAVG,0.1,51,10,5,54002,53920,1690000.0,4.562736984,4.563169,4.55624,84250.0,False,1 x NVIDIA RTX A1000,Intel(R) Core(TM) i7-14700,-0.0004320160000004236,0.15207715133531696
main_campaign_default_alpha_0_5,test2_robustez_alpha,MNIST,FedAVG,0.1,52,10,5,54001,53952,1690000.0,4.562652492,4.5630845,4.558944,84300.0,False,1 x NVIDIA RTX A1000,Intel(R) Core(TM) i7-14700,-0.00043200800000064987,0.09082147093713022
main_campaign_default_alpha_0_5,test2_robustez_alpha,MNIST,FedAVG,0.1,53,10,5,54003,53888,1690000.0,4.562821476,4.5632535,4.553536,84200.0,False,1 x NVIDIA RTX A1000,Intel(R) Core(TM) i7-14700,-0.00043202400000019736,0.2134055819477343
main_campaign_default_alpha_0_5,test2_robustez_alpha,MNIST,FedAVG,0.1,54,10,5,54003,53920,1690000.0,4.562821476,4.5632535,4.55624,84250.0,False,1 x NVIDIA RTX A1000,Intel(R) Core(TM) i7-14700,-0.00043202400000019736,0.1539317507418536
main_campaign_default_alpha_0_5,test2_robustez_alpha,MNIST,FedAVG,0.1,55,10,5,54003,53920,1690000.0,4.562821476,4.5632535,4.55624,84250.0,False,1 x NVIDIA RTX A1000,Intel(R) Core(TM) i7-14700,-0.00043202400000019736,0.1539317507418536
main_campaign_default_alpha_0_5,test2_robustez_alpha,MNIST,FedAVG,0.1,56,10,5,54002,53920,1690000.0,4.562736984,4.563169,4.55624,84250.0,False,1 x NVIDIA RTX A1000,Intel(R) Core(TM) i7-14700,-0.0004320160000004236,0.15207715133531696
main_campaign_default_alpha_0_5,test2_robustez_alpha,MNIST,FedAVG,0.1,57,10,5,54001,53952,1690000.0,4.562652492,4.5630845,4.558944,84300.0,False,1 x NVIDIA RTX A1000,Intel(R) Core(TM) i7-14700,-0.00043200800000064987,0.09082147093713022
main_campaign_default_alpha_0_5,test2_robustez_alpha,MNIST,FedAVG,0.1,58,10,5,54002,53920,1690000.0,4.562736984,4.563169,4.55624,84250.0,False,1 x NVIDIA RTX A1000,Intel(R) Core(TM) i7-14700,-0.0004320160000004236,0.15207715133531696
main_campaign_default_alpha_0_5,test2_robustez_alpha,MNIST,FedAVG,0.1,59,10,5,54002,53920,1690000.0,4.562736984,4.563169,4.55624,84250.0,False,1 x NVIDIA RTX A1000,Intel(R) Core(TM) i7-14700,-0.0004320160000004236,0.15207715133531696
main_campaign_default_alpha_0_5,test2_robustez_alpha,MNIST,FedAVG,0.1,60,10,5,54001,53920,1690000.0,4.562652492,4.5630845,4.55624,84250.0,False,1 x NVIDIA RTX A1000,Intel(R) Core(TM) i7-14700,-0.00043200800000064987,0.15022255192880252
main_campaign_default_alpha_0_5,test2_robustez_alpha,MNIST,FedAVG,0.1,61,10,5,54002,53888,1690000.0,4.562736984,4.563169,4.553536,84200.0,False,1 x NVIDIA RTX A1000,Intel(R) Core(TM) i7-14700,-0.0004320160000004236,0.21154988123515128
main_campaign_default_alpha_0_5,test2_robustez_alpha,MNIST,FedAVG,0.1,62,10,5,54002,53920,1690000.0,4.562736984,4.563169,4.55624,84250.0,False,1 x NVIDIA RTX A1000,Intel(R) Core(TM) i7-14700,-0.0004320160000004236,0.15207715133531696
main_campaign_default_alpha_0_5,test2_robustez_alpha,MNIST,FedAVG,0.1,63,10,5,54002,53920,1690000.0,4.562736984,4.563169,4.55624,84250.0,False,1 x NVIDIA RTX A1000,Intel(R) Core(TM) i7-14700,-0.0004320160000004236,0.15207715133531696
main_campaign_default_alpha_0_5,test2_robustez_alpha,MNIST,FedAVG,0.1,64,10,5,54002,53952,1690000.0,4.562736984,4.563169,4.558944,84300.0,False,1 x NVIDIA RTX A1000,Intel(R) Core(TM) i7-14700,-0.0004320160000004236,0.09267497034399774
main_campaign_default_alpha_0_5,test2_robustez_alpha,MNIST,FedAVG,0.1,65,10,5,54002,53920,1690000.0,4.562736984,4.563169,4.55624,84250.0,False,1 x NVIDIA RTX A1000,Intel(R) Core(TM) i7-14700,-0.0004320160000004236,0.15207715133531696
main_campaign_default_alpha_0_5,test2_robustez_alpha,MNIST,FedAVG,0.1,66,10,5,54002,53888,1690000.0,4.562736984,4.563169,4.553536,84200.0,False,1 x NVIDIA RTX A1000,Intel(R) Core(TM) i7-14700,-0.0004320160000004236,0.21154988123515128
main_campaign_default_alpha_0_5,test2_robustez_alpha,MNIST,FedAVG,0.1,67,10,5,54002,53952,1690000.0,4.562736984,4.563169,4.558944,84300.0,False,1 x NVIDIA RTX A1000,Intel(R) Core(TM) i7-14700,-0.0004320160000004236,0.09267497034399774
main_campaign_default_alpha_0_5,test2_robustez_alpha,MNIST,FedAVG,0.1,68,10,5,54002,53920,1690000.0,4.562736984,4.563169,4.55624,84250.0,False,1 x NVIDIA RTX A1000,Intel(R) Core(TM) i7-14700,-0.0004320160000004236,0.15207715133531696
main_campaign_default_alpha_0_5,test2_robustez_alpha,MNIST,FedAVG,0.1,69,10,5,54002,53952,1690000.0,4.562736984,4.563169,4.558944,84300.0,False,1 x NVIDIA RTX A1000,Intel(R) Core(TM) i7-14700,-0.0004320160000004236,0.09267497034399774
main_campaign_default_alpha_0_5,test2_robustez_alpha,MNIST,FedAVG,0.1,70,10,5,54003,53952,1690000.0,4.562821476,4.5632535,4.558944,84300.0,False,1 x NVIDIA RTX A1000,Intel(R) Core(TM) i7-14700,-0.00043202400000019736,0.09452846975088747
main_campaign_default_alpha_0_5,test2_robustez_alpha,MNIST,FedAVG,0.1,71,10,5,54003,53920,1690000.0,4.562821476,4.5632535,4.55624,84250.0,False,1 x NVIDIA RTX A1000,Intel(R) Core(TM) i7-14700,-0.00043202400000019736,0.1539317507418536
main_campaign_default_alpha_0_5,test2_robustez_alpha,MNIST,FedAVG,1.0,42,10,5,54002,53920,1690000.0,4.562736984,4.563169,4.55624,84250.0,False,1 x NVIDIA RTX A1000,Intel(R) Core(TM) i7-14700,-0.0004320160000004236,0.15207715133531696
main_campaign_default_alpha_0_5,test2_robustez_alpha,MNIST,FedAVG,1.0,43,10,5,54003,53920,1690000.0,4.562821476,4.5632535,4.55624,84250.0,False,1 x NVIDIA RTX A1000,Intel(R) Core(TM) i7-14700,-0.00043202400000019736,0.1539317507418536
main_campaign_default_alpha_0_5,test2_robustez_alpha,MNIST,FedAVG,1.0,44,10,5,54003,53920,1690000.0,4.562821476,4.5632535,4.55624,84250.0,False,1 x NVIDIA RTX A1000,Intel(R) Core(TM) i7-14700,-0.00043202400000019736,0.1539317507418536
main_campaign_default_alpha_0_5,test2_robustez_alpha,MNIST,FedAVG,1.0,45,10,5,54002,53920,1690000.0,4.562736984,4.563169,4.55624,84250.0,False,1 x NVIDIA RTX A1000,Intel(R) Core(TM) i7-14700,-0.0004320160000004236,0.15207715133531696
main_campaign_default_alpha_0_5,test2_robustez_alpha,MNIST,FedAVG,1.0,46,10,5,54003,53952,1690000.0,4.562821476,4.5632535,4.558944,84300.0,False,1 x NVIDIA RTX A1000,Intel(R) Core(TM) i7-14700,-0.00043202400000019736,0.09452846975088747
main_campaign_default_alpha_0_5,test2_robustez_alpha,MNIST,FedAVG,1.0,47,10,5,54002,53920,1690000.0,4.562736984,4.563169,4.55624,84250.0,False,1 x NVIDIA RTX A1000,Intel(R) Core(TM) i7-14700,-0.0004320160000004236,0.15207715133531696
main_campaign_default_alpha_0_5,test2_robustez_alpha,MNIST,FedAVG,1.0,48,10,5,54002,53920,1690000.0,4.562736984,4.563169,4.55624,84250.0,False,1 x NVIDIA RTX A1000,Intel(R) Core(TM) i7-14700,-0.0004320160000004236,0.15207715133531696
main_campaign_default_alpha_0_5,test2_robustez_alpha,MNIST,FedAVG,1.0,49,10,5,54002,53952,1690000.0,4.562736984,4.563169,4.558944,84300.0,False,1 x NVIDIA RTX A1000,Intel(R) Core(TM) i7-14700,-0.0004320160000004236,0.09267497034399774
main_campaign_default_alpha_0_5,test2_robustez_alpha,MNIST,FedAVG,1.0,50,10,5,54001,53952,1690000.0,4.562652492,4.5630845,4.558944,84300.0,False,1 x NVIDIA RTX A1000,Intel(R) Core(TM) i7-14700,-0.00043200800000064987,0.09082147093713022
main_campaign_default_alpha_0_5,test2_robustez_alpha,MNIST,FedAVG,1.0,51,10,5,54002,53888,1690000.0,4.562736984,4.563169,4.553536,84200.0,False,1 x NVIDIA RTX A1000,Intel(R) Core(TM) i7-14700,-0.0004320160000004236,0.21154988123515128
main_campaign_default_alpha_0_5,test2_robustez_alpha,MNIST,FedAVG,1.0,52,10,5,54003,53920,1690000.0,4.562821476,4.5632535,4.55624,84250.0,False,1 x NVIDIA RTX A1000,Intel(R) Core(TM) i7-14700,-0.00043202400000019736,0.1539317507418536
main_campaign_default_alpha_0_5,test2_robustez_alpha,MNIST,FedAVG,1.0,53,10,5,54003,53920,1690000.0,4.562821476,4.5632535,4.55624,84250.0,False,1 x NVIDIA RTX A1000,Intel(R) Core(TM) i7-14700,-0.00043202400000019736,0.1539317507418536
main_campaign_default_alpha_0_5,test2_robustez_alpha,MNIST,FedAVG,1.0,54,10,5,54002,53952,1690000.0,4.562736984,4.563169,4.558944,84300.0,False,1 x NVIDIA RTX A1000,Intel(R) Core(TM) i7-14700,-0.0004320160000004236,0.09267497034399774
main_campaign_default_alpha_0_5,test2_robustez_alpha,MNIST,FedAVG,1.0,55,10,5,54003,53920,1690000.0,4.562821476,4.5632535,4.55624,84250.0,False,1 x NVIDIA RTX A1000,Intel(R) Core(TM) i7-14700,-0.00043202400000019736,0.1539317507418536
main_campaign_default_alpha_0_5,test2_robustez_alpha,MNIST,FedAVG,1.0,56,10,5,54002,53920,1690000.0,4.562736984,4.563169,4.55624,84250.0,False,1 x NVIDIA RTX A1000,Intel(R) Core(TM) i7-14700,-0.0004320160000004236,0.15207715133531696
main_campaign_default_alpha_0_5,test2_robustez_alpha,MNIST,FedAVG,1.0,57,10,5,54003,53920,1690000.0,4.562821476,4.5632535,4.55624,84250.0,False,1 x NVIDIA RTX A1000,Intel(R) Core(TM) i7-14700,-0.00043202400000019736,0.1539317507418536
main_campaign_default_alpha_0_5,test2_robustez_alpha,MNIST,FedAVG,1.0,58,10,5,54003,53952,1690000.0,4.562821476,4.5632535,4.558944,84300.0,False,1 x NVIDIA RTX A1000,Intel(R) Core(TM) i7-14700,-0.00043202400000019736,0.09452846975088747
main_campaign_default_alpha_0_5,test2_robustez_alpha,MNIST,FedAVG,1.0,59,10,5,54002,53984,1690000.0,4.562736984,4.563169,4.561648,84350.0,False,1 x NVIDIA RTX A1000,Intel(R) Core(TM) i7-14700,-0.0004320160000004236,0.0333432128037936
main_campaign_default_alpha_0_5,test2_robustez_alpha,MNIST,FedAVG,1.0,60,10,5,54003,53952,1690000.0,4.562821476,4.5632535,4.558944,84300.0,False,1 x NVIDIA RTX A1000,Intel(R) Core(TM) i7-14700,-0.00043202400000019736,0.09452846975088747
main_campaign_default_alpha_0_5,test2_robustez_alpha,MNIST,FedAVG,1.0,61,10,5,54003,53952,1690000.0,4.562821476,4.5632535,4.558944,84300.0,False,1 x NVIDIA RTX A1000,Intel(R) Core(TM) i7-14700,-0.00043202400000019736,0.09452846975088747
main_campaign_default_alpha_0_5,test2_robustez_alpha,MNIST,FedAVG,1.0,62,10,5,54002,53920,1690000.0,4.562736984,4.563169,4.55624,84250.0,False,1 x NVIDIA RTX A1000,Intel(R) Core(TM) i7-14700,-0.0004320160000004236,0.15207715133531696
main_campaign_default_alpha_0_5,test2_robustez_alpha,MNIST,FedAVG,1.0,63,10,5,54002,53952,1690000.0,4.562736984,4.563169,4.558944,84300.0,False,1 x NVIDIA RTX A1000,Intel(R) Core(TM) i7-14700,-0.0004320160000004236,0.09267497034399774
main_campaign_default_alpha_0_5,test2_robustez_alpha,MNIST,FedAVG,1.0,64,10,5,54003,53952,1690000.0,4.562821476,4.5632535,4.558944,84300.0,False,1 x NVIDIA RTX A1000,Intel(R) Core(TM) i7-14700,-0.00043202400000019736,0.09452846975088747
main_campaign_default_alpha_0_5,test2_robustez_alpha,MNIST,FedAVG,1.0,65,10,5,54003,53952,1690000.0,4.562821476,4.5632535,4.558944,84300.0,False,1 x NVIDIA RTX A1000,Intel(R) Core(TM) i7-14700,-0.00043202400000019736,0.09452846975088747
main_campaign_default_alpha_0_5,test2_robustez_alpha,MNIST,FedAVG,1.0,66,10,5,54003,53920,1690000.0,4.562821476,4.5632535,4.55624,84250.0,False,1 x NVIDIA RTX A1000,Intel(R) Core(TM) i7-14700,-0.00043202400000019736,0.1539317507418536
main_campaign_default_alpha_0_5,test2_robustez_alpha,MNIST,FedAVG,1.0,67,10,5,54003,53920,1690000.0,4.562821476,4.5632535,4.55624,84250.0,False,1 x NVIDIA RTX A1000,Intel(R) Core(TM) i7-14700,-0.00043202400000019736,0.1539317507418536
main_campaign_default_alpha_0_5,test2_robustez_alpha,MNIST,FedAVG,1.0,68,10,5,54002,53888,1690000.0,4.562736984,4.563169,4.553536,84200.0,False,1 x NVIDIA RTX A1000,Intel(R) Core(TM) i7-14700,-0.0004320160000004236,0.21154988123515128
main_campaign_default_alpha_0_5,test2_robustez_alpha,MNIST,FedAVG,1.0,69,10,5,54001,53920,1690000.0,4.562652492,4.5630845,4.55624,84250.0,False,1 x NVIDIA RTX A1000,Intel(R) Core(TM) i7-14700,-0.00043200800000064987,0.15022255192880252
main_campaign_default_alpha_0_5,test2_robustez_alpha,MNIST,FedAVG,1.0,70,10,5,54001,53952,1690000.0,4.562652492,4.5630845,4.558944,84300.0,False,1 x NVIDIA RTX A1000,Intel(R) Core(TM) i7-14700,-0.00043200800000064987,0.09082147093713022
main_campaign_default_alpha_0_5,test2_robustez_alpha,MNIST,FedAVG,1.0,71,10,5,54003,53920,1690000.0,4.562821476,4.5632535,4.55624,84250.0,False,1 x NVIDIA RTX A1000,Intel(R) Core(TM) i7-14700,-0.00043202400000019736,0.1539317507418536
main_campaign_default_alpha_0_5,test2_robustez_alpha,MNIST,FedAvgM,0.01,42,10,5,54003,53888,1690000.0,4.562821476,4.5632535,4.553536,84200.0,False,1 x NVIDIA RTX A1000,Intel(R) Core(TM) i7-14700,-0.00043202400000019736,0.2134055819477343
main_campaign_default_alpha_0_5,test2_robustez_alpha,MNIST,FedAvgM,0.01,43,10,5,54002,53920,1690000.0,4.562736984,4.563169,4.55624,84250.0,False,1 x NVIDIA RTX A1000,Intel(R) Core(TM) i7-14700,-0.0004320160000004236,0.15207715133531696
main_campaign_default_alpha_0_5,test2_robustez_alpha,MNIST,FedAvgM,0.01,44,10,5,54002,53952,1690000.0,4.562736984,4.563169,4.558944,84300.0,False,1 x NVIDIA RTX A1000,Intel(R) Core(TM) i7-14700,-0.0004320160000004236,0.09267497034399774
main_campaign_default_alpha_0_5,test2_robustez_alpha,MNIST,FedAvgM,0.01,45,10,5,54002,53920,1690000.0,4.562736984,4.563169,4.55624,84250.0,False,1 x NVIDIA RTX A1000,Intel(R) Core(TM) i7-14700,-0.0004320160000004236,0.15207715133531696
main_campaign_default_alpha_0_5,test2_robustez_alpha,MNIST,FedAvgM,0.01,46,10,5,54001,53953,1690000.0,4.562652492,4.5630845,4.5590285,84300.0,False,1 x NVIDIA RTX A1000,Intel(R) Core(TM) i7-14700,-0.00043200800000064987,0.08896632253998504
main_campaign_default_alpha_0_5,test2_robustez_alpha,MNIST,FedAvgM,0.01,47,10,5,54003,53920,1690000.0,4.562821476,4.5632535,4.55624,84250.0,False,1 x NVIDIA RTX A1000,Intel(R) Core(TM) i7-14700,-0.00043202400000019736,0.1539317507418536
main_campaign_default_alpha_0_5,test2_robustez_alpha,MNIST,FedAvgM,0.01,48,10,5,54001,53920,1690000.0,4.562652492,4.5630845,4.55624,84250.0,False,1 x NVIDIA RTX A1000,Intel(R) Core(TM) i7-14700,-0.00043200800000064987,0.15022255192880252
main_campaign_default_alpha_0_5,test2_robustez_alpha,MNIST,FedAvgM,0.01,49,10,5,54002,53920,1690000.0,4.562736984,4.563169,4.55624,84250.0,False,1 x NVIDIA RTX A1000,Intel(R) Core(TM) i7-14700,-0.0004320160000004236,0.15207715133531696
main_campaign_default_alpha_0_5,test2_robustez_alpha,MNIST,FedAvgM,0.01,50,10,5,54003,53920,1690000.0,4.562821476,4.5632535,4.55624,84250.0,False,1 x NVIDIA RTX A1000,Intel(R) Core(TM) i7-14700,-0.00043202400000019736,0.1539317507418536
main_campaign_default_alpha_0_5,test2_robustez_alpha,MNIST,FedAvgM,0.01,51,10,5,54001,53920,1690000.0,4.562652492,4.5630845,4.55624,84250.0,False,1 x NVIDIA RTX A1000,Intel(R) Core(TM) i7-14700,-0.00043200800000064987,0.15022255192880252
main_campaign_default_alpha_0_5,test2_robustez_alpha,MNIST,FedAvgM,0.01,52,10,5,54001,53920,1690000.0,4.562652492,4.5630845,4.55624,84250.0,False,1 x NVIDIA RTX A1000,Intel(R) Core(TM) i7-14700,-0.00043200800000064987,0.15022255192880252
main_campaign_default_alpha_0_5,test2_robustez_alpha,MNIST,FedAvgM,0.01,53,10,5,54004,53920,1690000.0,4.562905968,4.563338,4.55624,84250.0,False,1 x NVIDIA RTX A1000,Intel(R) Core(TM) i7-14700,-0.0004320319999999711,0.15578635014836806
main_campaign_default_alpha_0_5,test2_robustez_alpha,MNIST,FedAvgM,0.01,54,10,5,54002,53952,1690000.0,4.562736984,4.563169,4.558944,84300.0,False,1 x NVIDIA RTX A1000,Intel(R) Core(TM) i7-14700,-0.0004320160000004236,0.09267497034399774
main_campaign_default_alpha_0_5,test2_robustez_alpha,MNIST,FedAvgM,0.01,55,10,5,54001,53920,1690000.0,4.562652492,4.5630845,4.55624,84250.0,False,1 x NVIDIA RTX A1000,Intel(R) Core(TM) i7-14700,-0.00043200800000064987,0.15022255192880252
main_campaign_default_alpha_0_5,test2_robustez_alpha,MNIST,FedAvgM,0.01,56,10,5,54002,53952,1690000.0,4.562736984,4.563169,4.558944,84300.0,False,1 x NVIDIA RTX A1000,Intel(R) Core(TM) i7-14700,-0.0004320160000004236,0.09267497034399774
main_campaign_default_alpha_0_5,test2_robustez_alpha,MNIST,FedAvgM,0.01,57,10,5,54000,53920,1690000.0,4.562568,4.563,4.55624,84250.0,False,1 x NVIDIA RTX A1000,Intel(R) Core(TM) i7-14700,-0.00043199999999998795,0.14836795252224366
main_campaign_default_alpha_0_5,test2_robustez_alpha,MNIST,FedAvgM,0.01,58,10,5,54003,53952,1690000.0,4.562821476,4.5632535,4.558944,84300.0,False,1 x NVIDIA RTX A1000,Intel(R) Core(TM) i7-14700,-0.00043202400000019736,0.09452846975088747
main_campaign_default_alpha_0_5,test2_robustez_alpha,MNIST,FedAvgM,0.01,59,10,5,54003,53920,1690000.0,4.562821476,4.5632535,4.55624,84250.0,False,1 x NVIDIA RTX A1000,Intel(R) Core(TM) i7-14700,-0.00043202400000019736,0.1539317507418536
main_campaign_default_alpha_0_5,test2_robustez_alpha,MNIST,FedAvgM,0.01,60,10,5,54002,53920,1690000.0,4.562736984,4.563169,4.55624,84250.0,False,1 x NVIDIA RTX A1000,Intel(R) Core(TM) i7-14700,-0.0004320160000004236,0.15207715133531696
main_campaign_default_alpha_0_5,test2_robustez_alpha,MNIST,FedAvgM,0.01,61,10,5,54001,53920,1690000.0,4.562652492,4.5630845,4.55624,84250.0,False,1 x NVIDIA RTX A1000,Intel(R) Core(TM) i7-14700,-0.00043200800000064987,0.15022255192880252
main_campaign_default_alpha_0_5,test2_robustez_alpha,MNIST,FedAvgM,0.01,62,10,5,54002,53888,1690000.0,4.562736984,4.563169,4.553536,84200.0,False,1 x NVIDIA RTX A1000,Intel(R) Core(TM) i7-14700,-0.0004320160000004236,0.21154988123515128
main_campaign_default_alpha_0_5,test2_robustez_alpha,MNIST,FedAvgM,0.01,63,10,5,54002,53888,1690000.0,4.562736984,4.563169,4.553536,84200.0,False,1 x NVIDIA RTX A1000,Intel(R) Core(TM) i7-14700,-0.0004320160000004236,0.21154988123515128
main_campaign_default_alpha_0_5,test2_robustez_alpha,MNIST,FedAvgM,0.01,64,10,5,54002,53920,1690000.0,4.562736984,4.563169,4.55624,84250.0,False,1 x NVIDIA RTX A1000,Intel(R) Core(TM) i7-14700,-0.0004320160000004236,0.15207715133531696
main_campaign_default_alpha_0_5,test2_robustez_alpha,MNIST,FedAvgM,0.01,65,10,5,54003,53920,1690000.0,4.562821476,4.5632535,4.55624,84250.0,False,1 x NVIDIA RTX A1000,Intel(R) Core(TM) i7-14700,-0.00043202400000019736,0.1539317507418536
main_campaign_default_alpha_0_5,test2_robustez_alpha,MNIST,FedAvgM,0.01,66,10,5,54002,53920,1690000.0,4.562736984,4.563169,4.55624,84250.0,False,1 x NVIDIA RTX A1000,Intel(R) Core(TM) i7-14700,-0.0004320160000004236,0.15207715133531696
main_campaign_default_alpha_0_5,test2_robustez_alpha,MNIST,FedAvgM,0.01,67,10,5,54002,53920,1690000.0,4.562736984,4.563169,4.55624,84250.0,False,1 x NVIDIA RTX A1000,Intel(R) Core(TM) i7-14700,-0.0004320160000004236,0.15207715133531696
main_campaign_default_alpha_0_5,test2_robustez_alpha,MNIST,FedAvgM,0.01,68,10,5,54002,53888,1690000.0,4.562736984,4.563169,4.553536,84200.0,False,1 x NVIDIA RTX A1000,Intel(R) Core(TM) i7-14700,-0.0004320160000004236,0.21154988123515128
main_campaign_default_alpha_0_5,test2_robustez_alpha,MNIST,FedAvgM,0.01,69,10,5,54000,53952,1690000.0,4.562568,4.563,4.558944,84300.0,False,1 x NVIDIA RTX A1000,Intel(R) Core(TM) i7-14700,-0.00043199999999998795,0.0889679715302405
main_campaign_default_alpha_0_5,test2_robustez_alpha,MNIST,FedAvgM,0.01,70,10,5,54002,53952,1690000.0,4.562736984,4.563169,4.558944,84300.0,False,1 x NVIDIA RTX A1000,Intel(R) Core(TM) i7-14700,-0.0004320160000004236,0.09267497034399774
main_campaign_default_alpha_0_5,test2_robustez_alpha,MNIST,FedAvgM,0.01,71,10,5,54003,53920,1690000.0,4.562821476,4.5632535,4.55624,84250.0,False,1 x NVIDIA RTX A1000,Intel(R) Core(TM) i7-14700,-0.00043202400000019736,0.1539317507418536
main_campaign_default_alpha_0_5,test2_robustez_alpha,MNIST,FedAvgM,0.1,42,10,5,54001,53952,1690000.0,4.562652492,4.5630845,4.558944,84300.0,False,1 x NVIDIA RTX A1000,Intel(R) Core(TM) i7-14700,-0.00043200800000064987,0.09082147093713022
main_campaign_default_alpha_0_5,test2_robustez_alpha,MNIST,FedAvgM,0.1,43,10,5,54002,53952,1690000.0,4.562736984,4.563169,4.558944,84300.0,False,1 x NVIDIA RTX A1000,Intel(R) Core(TM) i7-14700,-0.0004320160000004236,0.09267497034399774
main_campaign_default_alpha_0_5,test2_robustez_alpha,MNIST,FedAvgM,0.1,44,10,5,54003,53888,1690000.0,4.562821476,4.5632535,4.553536,84200.0,False,1 x NVIDIA RTX A1000,Intel(R) Core(TM) i7-14700,-0.00043202400000019736,0.2134055819477343
main_campaign_default_alpha_0_5,test2_robustez_alpha,MNIST,FedAvgM,0.1,45,10,5,54002,53920,1690000.0,4.562736984,4.563169,4.55624,84250.0,False,1 x NVIDIA RTX A1000,Intel(R) Core(TM) i7-14700,-0.0004320160000004236,0.15207715133531696
main_campaign_default_alpha_0_5,test2_robustez_alpha,MNIST,FedAvgM,0.1,46,10,5,54001,53920,1690000.0,4.562652492,4.5630845,4.55624,84250.0,False,1 x NVIDIA RTX A1000,Intel(R) Core(TM) i7-14700,-0.00043200800000064987,0.15022255192880252
main_campaign_default_alpha_0_5,test2_robustez_alpha,MNIST,FedAvgM,0.1,47,10,5,54002,53920,1690000.0,4.562736984,4.563169,4.55624,84250.0,False,1 x NVIDIA RTX A1000,Intel(R) Core(TM) i7-14700,-0.0004320160000004236,0.15207715133531696
main_campaign_default_alpha_0_5,test2_robustez_alpha,MNIST,FedAvgM,0.1,48,10,5,54002,53920,1690000.0,4.562736984,4.563169,4.55624,84250.0,False,1 x NVIDIA RTX A1000,Intel(R) Core(TM) i7-14700,-0.0004320160000004236,0.15207715133531696
main_campaign_default_alpha_0_5,test2_robustez_alpha,MNIST,FedAvgM,0.1,49,10,5,54002,53952,1690000.0,4.562736984,4.563169,4.558944,84300.0,False,1 x NVIDIA RTX A1000,Intel(R) Core(TM) i7-14700,-0.0004320160000004236,0.09267497034399774
main_campaign_default_alpha_0_5,test2_robustez_alpha,MNIST,FedAvgM,0.1,50,10,5,54002,53952,1690000.0,4.562736984,4.563169,4.558944,84300.0,False,1 x NVIDIA RTX A1000,Intel(R) Core(TM) i7-14700,-0.0004320160000004236,0.09267497034399774
main_campaign_default_alpha_0_5,test2_robustez_alpha,MNIST,FedAvgM,0.1,51,10,5,54002,53920,1690000.0,4.562736984,4.563169,4.55624,84250.0,False,1 x NVIDIA RTX A1000,Intel(R) Core(TM) i7-14700,-0.0004320160000004236,0.15207715133531696
main_campaign_default_alpha_0_5,test2_robustez_alpha,MNIST,FedAvgM,0.1,52,10,5,54001,53952,1690000.0,4.562652492,4.5630845,4.558944,84300.0,False,1 x NVIDIA RTX A1000,Intel(R) Core(TM) i7-14700,-0.00043200800000064987,0.09082147093713022
main_campaign_default_alpha_0_5,test2_robustez_alpha,MNIST,FedAvgM,0.1,53,10,5,54003,53888,1690000.0,4.562821476,4.5632535,4.553536,84200.0,False,1 x NVIDIA RTX A1000,Intel(R) Core(TM) i7-14700,-0.00043202400000019736,0.2134055819477343
main_campaign_default_alpha_0_5,test2_robustez_alpha,MNIST,FedAvgM,0.1,54,10,5,54003,53920,1690000.0,4.562821476,4.5632535,4.55624,84250.0,False,1 x NVIDIA RTX A1000,Intel(R) Core(TM) i7-14700,-0.00043202400000019736,0.1539317507418536
main_campaign_default_alpha_0_5,test2_robustez_alpha,MNIST,FedAvgM,0.1,55,10,5,54003,53920,1690000.0,4.562821476,4.5632535,4.55624,84250.0,False,1 x NVIDIA RTX A1000,Intel(R) Core(TM) i7-14700,-0.00043202400000019736,0.1539317507418536
main_campaign_default_alpha_0_5,test2_robustez_alpha,MNIST,FedAvgM,0.1,56,10,5,54002,53920,1690000.0,4.562736984,4.563169,4.55624,84250.0,False,1 x NVIDIA RTX A1000,Intel(R) Core(TM) i7-14700,-0.0004320160000004236,0.15207715133531696
main_campaign_default_alpha_0_5,test2_robustez_alpha,MNIST,FedAvgM,0.1,57,10,5,54001,53952,1690000.0,4.562652492,4.5630845,4.558944,84300.0,False,1 x NVIDIA RTX A1000,Intel(R) Core(TM) i7-14700,-0.00043200800000064987,0.09082147093713022
main_campaign_default_alpha_0_5,test2_robustez_alpha,MNIST,FedAvgM,0.1,58,10,5,54002,53920,1690000.0,4.562736984,4.563169,4.55624,84250.0,False,1 x NVIDIA RTX A1000,Intel(R) Core(TM) i7-14700,-0.0004320160000004236,0.15207715133531696
main_campaign_default_alpha_0_5,test2_robustez_alpha,MNIST,FedAvgM,0.1,59,10,5,54002,53920,1690000.0,4.562736984,4.563169,4.55624,84250.0,False,1 x NVIDIA RTX A1000,Intel(R) Core(TM) i7-14700,-0.0004320160000004236,0.15207715133531696
main_campaign_default_alpha_0_5,test2_robustez_alpha,MNIST,FedAvgM,0.1,60,10,5,54001,53920,1690000.0,4.562652492,4.5630845,4.55624,84250.0,False,1 x NVIDIA RTX A1000,Intel(R) Core(TM) i7-14700,-0.00043200800000064987,0.15022255192880252
main_campaign_default_alpha_0_5,test2_robustez_alpha,MNIST,FedAvgM,0.1,61,10,5,54002,53888,1690000.0,4.562736984,4.563169,4.553536,84200.0,False,1 x NVIDIA RTX A1000,Intel(R) Core(TM) i7-14700,-0.0004320160000004236,0.21154988123515128
main_campaign_default_alpha_0_5,test2_robustez_alpha,MNIST,FedAvgM,0.1,62,10,5,54002,53920,1690000.0,4.562736984,4.563169,4.55624,84250.0,False,1 x NVIDIA RTX A1000,Intel(R) Core(TM) i7-14700,-0.0004320160000004236,0.15207715133531696
main_campaign_default_alpha_0_5,test2_robustez_alpha,MNIST,FedAvgM,0.1,63,10,5,54002,53920,1690000.0,4.562736984,4.563169,4.55624,84250.0,False,1 x NVIDIA RTX A1000,Intel(R) Core(TM) i7-14700,-0.0004320160000004236,0.15207715133531696
main_campaign_default_alpha_0_5,test2_robustez_alpha,MNIST,FedAvgM,0.1,64,10,5,54002,53952,1690000.0,4.562736984,4.563169,4.558944,84300.0,False,1 x NVIDIA RTX A1000,Intel(R) Core(TM) i7-14700,-0.0004320160000004236,0.09267497034399774
main_campaign_default_alpha_0_5,test2_robustez_alpha,MNIST,FedAvgM,0.1,65,10,5,54002,53920,1690000.0,4.562736984,4.563169,4.55624,84250.0,False,1 x NVIDIA RTX A1000,Intel(R) Core(TM) i7-14700,-0.0004320160000004236,0.15207715133531696
main_campaign_default_alpha_0_5,test2_robustez_alpha,MNIST,FedAvgM,0.1,66,10,5,54002,53888,1690000.0,4.562736984,4.563169,4.553536,84200.0,False,1 x NVIDIA RTX A1000,Intel(R) Core(TM) i7-14700,-0.0004320160000004236,0.21154988123515128
main_campaign_default_alpha_0_5,test2_robustez_alpha,MNIST,FedAvgM,0.1,67,10,5,54002,53952,1690000.0,4.562736984,4.563169,4.558944,84300.0,False,1 x NVIDIA RTX A1000,Intel(R) Core(TM) i7-14700,-0.0004320160000004236,0.09267497034399774
main_campaign_default_alpha_0_5,test2_robustez_alpha,MNIST,FedAvgM,0.1,68,10,5,54002,53920,1690000.0,4.562736984,4.563169,4.55624,84250.0,False,1 x NVIDIA RTX A1000,Intel(R) Core(TM) i7-14700,-0.0004320160000004236,0.15207715133531696
main_campaign_default_alpha_0_5,test2_robustez_alpha,MNIST,FedAvgM,0.1,69,10,5,54002,53952,1690000.0,4.562736984,4.563169,4.558944,84300.0,False,1 x NVIDIA RTX A1000,Intel(R) Core(TM) i7-14700,-0.0004320160000004236,0.09267497034399774
main_campaign_default_alpha_0_5,test2_robustez_alpha,MNIST,FedAvgM,0.1,70,10,5,54003,53952,1690000.0,4.562821476,4.5632535,4.558944,84300.0,False,1 x NVIDIA RTX A1000,Intel(R) Core(TM) i7-14700,-0.00043202400000019736,0.09452846975088747
main_campaign_default_alpha_0_5,test2_robustez_alpha,MNIST,FedAvgM,0.1,71,10,5,54003,53920,1690000.0,4.562821476,4.5632535,4.55624,84250.0,False,1 x NVIDIA RTX A1000,Intel(R) Core(TM) i7-14700,-0.00043202400000019736,0.1539317507418536
main_campaign_default_alpha_0_5,test2_robustez_alpha,MNIST,FedAvgM,1.0,42,10,5,54002,53920,1690000.0,4.562736984,4.563169,4.55624,84250.0,False,1 x NVIDIA RTX A1000,Intel(R) Core(TM) i7-14700,-0.0004320160000004236,0.15207715133531696
main_campaign_default_alpha_0_5,test2_robustez_alpha,MNIST,FedAvgM,1.0,43,10,5,54003,53920,1690000.0,4.562821476,4.5632535,4.55624,84250.0,False,1 x NVIDIA RTX A1000,Intel(R) Core(TM) i7-14700,-0.00043202400000019736,0.1539317507418536
main_campaign_default_alpha_0_5,test2_robustez_alpha,MNIST,FedAvgM,1.0,44,10,5,54003,53920,1690000.0,4.562821476,4.5632535,4.55624,84250.0,False,1 x NVIDIA RTX A1000,Intel(R) Core(TM) i7-14700,-0.00043202400000019736,0.1539317507418536
main_campaign_default_alpha_0_5,test2_robustez_alpha,MNIST,FedAvgM,1.0,45,10,5,54002,53920,1690000.0,4.562736984,4.563169,4.55624,84250.0,False,1 x NVIDIA RTX A1000,Intel(R) Core(TM) i7-14700,-0.0004320160000004236,0.15207715133531696
main_campaign_default_alpha_0_5,test2_robustez_alpha,MNIST,FedAvgM,1.0,46,10,5,54003,53952,1690000.0,4.562821476,4.5632535,4.558944,84300.0,False,1 x NVIDIA RTX A1000,Intel(R) Core(TM) i7-14700,-0.00043202400000019736,0.09452846975088747
main_campaign_default_alpha_0_5,test2_robustez_alpha,MNIST,FedAvgM,1.0,47,10,5,54002,53920,1690000.0,4.562736984,4.563169,4.55624,84250.0,False,1 x NVIDIA RTX A1000,Intel(R) Core(TM) i7-14700,-0.0004320160000004236,0.15207715133531696
main_campaign_default_alpha_0_5,test2_robustez_alpha,MNIST,FedAvgM,1.0,48,10,5,54002,53920,1690000.0,4.562736984,4.563169,4.55624,84250.0,False,1 x NVIDIA RTX A1000,Intel(R) Core(TM) i7-14700,-0.0004320160000004236,0.15207715133531696
main_campaign_default_alpha_0_5,test2_robustez_alpha,MNIST,FedAvgM,1.0,49,10,5,54002,53952,1690000.0,4.562736984,4.563169,4.558944,84300.0,False,1 x NVIDIA RTX A1000,Intel(R) Core(TM) i7-14700,-0.0004320160000004236,0.09267497034399774
main_campaign_default_alpha_0_5,test2_robustez_alpha,MNIST,FedAvgM,1.0,50,10,5,54001,53952,1690000.0,4.562652492,4.5630845,4.558944,84300.0,False,1 x NVIDIA RTX A1000,Intel(R) Core(TM) i7-14700,-0.00043200800000064987,0.09082147093713022
main_campaign_default_alpha_0_5,test2_robustez_alpha,MNIST,FedAvgM,1.0,51,10,5,54002,53888,1690000.0,4.562736984,4.563169,4.553536,84200.0,False,1 x NVIDIA RTX A1000,Intel(R) Core(TM) i7-14700,-0.0004320160000004236,0.21154988123515128
main_campaign_default_alpha_0_5,test2_robustez_alpha,MNIST,FedAvgM,1.0,52,10,5,54003,53920,1690000.0,4.562821476,4.5632535,4.55624,84250.0,False,1 x NVIDIA RTX A1000,Intel(R) Core(TM) i7-14700,-0.00043202400000019736,0.1539317507418536
main_campaign_default_alpha_0_5,test2_robustez_alpha,MNIST,FedAvgM,1.0,53,10,5,54003,53920,1690000.0,4.562821476,4.5632535,4.55624,84250.0,False,1 x NVIDIA RTX A1000,Intel(R) Core(TM) i7-14700,-0.00043202400000019736,0.1539317507418536
main_campaign_default_alpha_0_5,test2_robustez_alpha,MNIST,FedAvgM,1.0,54,10,5,54002,53952,1690000.0,4.562736984,4.563169,4.558944,84300.0,False,1 x NVIDIA RTX A1000,Intel(R) Core(TM) i7-14700,-0.0004320160000004236,0.09267497034399774
main_campaign_default_alpha_0_5,test2_robustez_alpha,MNIST,FedAvgM,1.0,55,10,5,54003,53920,1690000.0,4.562821476,4.5632535,4.55624,84250.0,False,1 x NVIDIA RTX A1000,Intel(R) Core(TM) i7-14700,-0.00043202400000019736,0.1539317507418536
main_campaign_default_alpha_0_5,test2_robustez_alpha,MNIST,FedAvgM,1.0,56,10,5,54002,53920,1690000.0,4.562736984,4.563169,4.55624,84250.0,False,1 x NVIDIA RTX A1000,Intel(R) Core(TM) i7-14700,-0.0004320160000004236,0.15207715133531696
main_campaign_default_alpha_0_5,test2_robustez_alpha,MNIST,FedAvgM,1.0,57,10,5,54003,53920,1690000.0,4.562821476,4.5632535,4.55624,84250.0,False,1 x NVIDIA RTX A1000,Intel(R) Core(TM) i7-14700,-0.00043202400000019736,0.1539317507418536
main_campaign_default_alpha_0_5,test2_robustez_alpha,MNIST,FedAvgM,1.0,58,10,5,54003,53952,1690000.0,4.562821476,4.5632535,4.558944,84300.0,False,1 x NVIDIA RTX A1000,Intel(R) Core(TM) i7-14700,-0.00043202400000019736,0.09452846975088747
main_campaign_default_alpha_0_5,test2_robustez_alpha,MNIST,FedAvgM,1.0,59,10,5,54002,53984,1690000.0,4.562736984,4.563169,4.561648,84350.0,False,1 x NVIDIA RTX A1000,Intel(R) Core(TM) i7-14700,-0.0004320160000004236,0.0333432128037936
main_campaign_default_alpha_0_5,test2_robustez_alpha,MNIST,FedAvgM,1.0,60,10,5,54003,53952,1690000.0,4.562821476,4.5632535,4.558944,84300.0,False,1 x NVIDIA RTX A1000,Intel(R) Core(TM) i7-14700,-0.00043202400000019736,0.09452846975088747
main_campaign_default_alpha_0_5,test2_robustez_alpha,MNIST,FedAvgM,1.0,61,10,5,54003,53952,1690000.0,4.562821476,4.5632535,4.558944,84300.0,False,1 x NVIDIA RTX A1000,Intel(R) Core(TM) i7-14700,-0.00043202400000019736,0.09452846975088747
main_campaign_default_alpha_0_5,test2_robustez_alpha,MNIST,FedAvgM,1.0,62,10,5,54002,53920,1690000.0,4.562736984,4.563169,4.55624,84250.0,False,1 x NVIDIA RTX A1000,Intel(R) Core(TM) i7-14700,-0.0004320160000004236,0.15207715133531696
main_campaign_default_alpha_0_5,test2_robustez_alpha,MNIST,FedAvgM,1.0,63,10,5,54002,53952,1690000.0,4.562736984,4.563169,4.558944,84300.0,False,1 x NVIDIA RTX A1000,Intel(R) Core(TM) i7-14700,-0.0004320160000004236,0.09267497034399774
main_campaign_default_alpha_0_5,test2_robustez_alpha,MNIST,FedAvgM,1.0,64,10,5,54003,53952,1690000.0,4.562821476,4.5632535,4.558944,84300.0,False,1 x NVIDIA RTX A1000,Intel(R) Core(TM) i7-14700,-0.00043202400000019736,0.09452846975088747
main_campaign_default_alpha_0_5,test2_robustez_alpha,MNIST,FedAvgM,1.0,65,10,5,54003,53952,1690000.0,4.562821476,4.5632535,4.558944,84300.0,False,1 x NVIDIA RTX A1000,Intel(R) Core(TM) i7-14700,-0.00043202400000019736,0.09452846975088747
main_campaign_default_alpha_0_5,test2_robustez_alpha,MNIST,FedAvgM,1.0,66,10,5,54003,53920,1690000.0,4.562821476,4.5632535,4.55624,84250.0,False,1 x NVIDIA RTX A1000,Intel(R) Core(TM) i7-14700,-0.00043202400000019736,0.1539317507418536
main_campaign_default_alpha_0_5,test2_robustez_alpha,MNIST,FedAvgM,1.0,67,10,5,54003,53920,1690000.0,4.562821476,4.5632535,4.55624,84250.0,False,1 x NVIDIA RTX A1000,Intel(R) Core(TM) i7-14700,-0.00043202400000019736,0.1539317507418536
main_campaign_default_alpha_0_5,test2_robustez_alpha,MNIST,FedAvgM,1.0,68,10,5,54002,53888,1690000.0,4.562736984,4.563169,4.553536,84200.0,False,1 x NVIDIA RTX A1000,Intel(R) Core(TM) i7-14700,-0.0004320160000004236,0.21154988123515128
main_campaign_default_alpha_0_5,test2_robustez_alpha,MNIST,FedAvgM,1.0,69,10,5,54001,53920,1690000.0,4.562652492,4.5630845,4.55624,84250.0,False,1 x NVIDIA RTX A1000,Intel(R) Core(TM) i7-14700,-0.00043200800000064987,0.15022255192880252
main_campaign_default_alpha_0_5,test2_robustez_alpha,MNIST,FedAvgM,1.0,70,10,5,54001,53952,1690000.0,4.562652492,4.5630845,4.558944,84300.0,False,1 x NVIDIA RTX A1000,Intel(R) Core(TM) i7-14700,-0.00043200800000064987,0.09082147093713022
main_campaign_default_alpha_0_5,test2_robustez_alpha,MNIST,FedAvgM,1.0,71,10,5,54003,53920,1690000.0,4.562821476,4.5632535,4.55624,84250.0,False,1 x NVIDIA RTX A1000,Intel(R) Core(TM) i7-14700,-0.00043202400000019736,0.1539317507418536
main_campaign_default_alpha_0_5,test2_robustez_alpha,MNIST,FedProx,0.01,42,10,5,54003,53888,1690000.0,4.562821476,4.5632535,4.553536,84200.0,False,1 x NVIDIA RTX A1000,Intel(R) Core(TM) i7-14700,-0.00043202400000019736,0.2134055819477343
main_campaign_default_alpha_0_5,test2_robustez_alpha,MNIST,FedProx,0.01,43,10,5,54002,53920,1690000.0,4.562736984,4.563169,4.55624,84250.0,False,1 x NVIDIA RTX A1000,Intel(R) Core(TM) i7-14700,-0.0004320160000004236,0.15207715133531696
main_campaign_default_alpha_0_5,test2_robustez_alpha,MNIST,FedProx,0.01,44,10,5,54002,53952,1690000.0,4.562736984,4.563169,4.558944,84300.0,False,1 x NVIDIA RTX A1000,Intel(R) Core(TM) i7-14700,-0.0004320160000004236,0.09267497034399774
main_campaign_default_alpha_0_5,test2_robustez_alpha,MNIST,FedProx,0.01,45,10,5,54002,53920,1690000.0,4.562736984,4.563169,4.55624,84250.0,False,1 x NVIDIA RTX A1000,Intel(R) Core(TM) i7-14700,-0.0004320160000004236,0.15207715133531696
main_campaign_default_alpha_0_5,test2_robustez_alpha,MNIST,FedProx,0.01,46,10,5,54001,53953,1690000.0,4.562652492,4.5630845,4.5590285,84300.0,False,1 x NVIDIA RTX A1000,Intel(R) Core(TM) i7-14700,-0.00043200800000064987,0.08896632253998504
main_campaign_default_alpha_0_5,test2_robustez_alpha,MNIST,FedProx,0.01,47,10,5,54003,53920,1690000.0,4.562821476,4.5632535,4.55624,84250.0,False,1 x NVIDIA RTX A1000,Intel(R) Core(TM) i7-14700,-0.00043202400000019736,0.1539317507418536
main_campaign_default_alpha_0_5,test2_robustez_alpha,MNIST,FedProx,0.01,48,10,5,54001,53920,1690000.0,4.562652492,4.5630845,4.55624,84250.0,False,1 x NVIDIA RTX A1000,Intel(R) Core(TM) i7-14700,-0.00043200800000064987,0.15022255192880252
main_campaign_default_alpha_0_5,test2_robustez_alpha,MNIST,FedProx,0.01,49,10,5,54002,53920,1690000.0,4.562736984,4.563169,4.55624,84250.0,False,1 x NVIDIA RTX A1000,Intel(R) Core(TM) i7-14700,-0.0004320160000004236,0.15207715133531696
main_campaign_default_alpha_0_5,test2_robustez_alpha,MNIST,FedProx,0.01,50,10,5,54003,53920,1690000.0,4.562821476,4.5632535,4.55624,84250.0,False,1 x NVIDIA RTX A1000,Intel(R) Core(TM) i7-14700,-0.00043202400000019736,0.1539317507418536
main_campaign_default_alpha_0_5,test2_robustez_alpha,MNIST,FedProx,0.01,51,10,5,54001,53920,1690000.0,4.562652492,4.5630845,4.55624,84250.0,False,1 x NVIDIA RTX A1000,Intel(R) Core(TM) i7-14700,-0.00043200800000064987,0.15022255192880252
main_campaign_default_alpha_0_5,test2_robustez_alpha,MNIST,FedProx,0.01,52,10,5,54001,53920,1690000.0,4.562652492,4.5630845,4.55624,84250.0,False,1 x NVIDIA RTX A1000,Intel(R) Core(TM) i7-14700,-0.00043200800000064987,0.15022255192880252
main_campaign_default_alpha_0_5,test2_robustez_alpha,MNIST,FedProx,0.01,53,10,5,54004,53920,1690000.0,4.562905968,4.563338,4.55624,84250.0,False,1 x NVIDIA RTX A1000,Intel(R) Core(TM) i7-14700,-0.0004320319999999711,0.15578635014836806
main_campaign_default_alpha_0_5,test2_robustez_alpha,MNIST,FedProx,0.01,54,10,5,54002,53952,1690000.0,4.562736984,4.563169,4.558944,84300.0,False,1 x NVIDIA RTX A1000,Intel(R) Core(TM) i7-14700,-0.0004320160000004236,0.09267497034399774
main_campaign_default_alpha_0_5,test2_robustez_alpha,MNIST,FedProx,0.01,55,10,5,54001,53920,1690000.0,4.562652492,4.5630845,4.55624,84250.0,False,1 x NVIDIA RTX A1000,Intel(R) Core(TM) i7-14700,-0.00043200800000064987,0.15022255192880252
main_campaign_default_alpha_0_5,test2_robustez_alpha,MNIST,FedProx,0.01,56,10,5,54002,53952,1690000.0,4.562736984,4.563169,4.558944,84300.0,False,1 x NVIDIA RTX A1000,Intel(R) Core(TM) i7-14700,-0.0004320160000004236,0.09267497034399774
main_campaign_default_alpha_0_5,test2_robustez_alpha,MNIST,FedProx,0.01,57,10,5,54000,53920,1690000.0,4.562568,4.563,4.55624,84250.0,False,1 x NVIDIA RTX A1000,Intel(R) Core(TM) i7-14700,-0.00043199999999998795,0.14836795252224366
main_campaign_default_alpha_0_5,test2_robustez_alpha,MNIST,FedProx,0.01,58,10,5,54003,53952,1690000.0,4.562821476,4.5632535,4.558944,84300.0,False,1 x NVIDIA RTX A1000,Intel(R) Core(TM) i7-14700,-0.00043202400000019736,0.09452846975088747
main_campaign_default_alpha_0_5,test2_robustez_alpha,MNIST,FedProx,0.01,59,10,5,54003,53920,1690000.0,4.562821476,4.5632535,4.55624,84250.0,False,1 x NVIDIA RTX A1000,Intel(R) Core(TM) i7-14700,-0.00043202400000019736,0.1539317507418536
main_campaign_default_alpha_0_5,test2_robustez_alpha,MNIST,FedProx,0.01,60,10,5,54002,53920,1690000.0,4.562736984,4.563169,4.55624,84250.0,False,1 x NVIDIA RTX A1000,Intel(R) Core(TM) i7-14700,-0.0004320160000004236,0.15207715133531696
main_campaign_default_alpha_0_5,test2_robustez_alpha,MNIST,FedProx,0.01,61,10,5,54001,53920,1690000.0,4.562652492,4.5630845,4.55624,84250.0,False,1 x NVIDIA RTX A1000,Intel(R) Core(TM) i7-14700,-0.00043200800000064987,0.15022255192880252
main_campaign_default_alpha_0_5,test2_robustez_alpha,MNIST,FedProx,0.01,62,10,5,54002,53888,1690000.0,4.562736984,4.563169,4.553536,84200.0,False,1 x NVIDIA RTX A1000,Intel(R) Core(TM) i7-14700,-0.0004320160000004236,0.21154988123515128
main_campaign_default_alpha_0_5,test2_robustez_alpha,MNIST,FedProx,0.01,63,10,5,54002,53888,1690000.0,4.562736984,4.563169,4.553536,84200.0,False,1 x NVIDIA RTX A1000,Intel(R) Core(TM) i7-14700,-0.0004320160000004236,0.21154988123515128
main_campaign_default_alpha_0_5,test2_robustez_alpha,MNIST,FedProx,0.01,64,10,5,54002,53920,1690000.0,4.562736984,4.563169,4.55624,84250.0,False,1 x NVIDIA RTX A1000,Intel(R) Core(TM) i7-14700,-0.0004320160000004236,0.15207715133531696
main_campaign_default_alpha_0_5,test2_robustez_alpha,MNIST,FedProx,0.01,65,10,5,54003,53920,1690000.0,4.562821476,4.5632535,4.55624,84250.0,False,1 x NVIDIA RTX A1000,Intel(R) Core(TM) i7-14700,-0.00043202400000019736,0.1539317507418536
main_campaign_default_alpha_0_5,test2_robustez_alpha,MNIST,FedProx,0.01,66,10,5,54002,53920,1690000.0,4.562736984,4.563169,4.55624,84250.0,False,1 x NVIDIA RTX A1000,Intel(R) Core(TM) i7-14700,-0.0004320160000004236,0.15207715133531696
main_campaign_default_alpha_0_5,test2_robustez_alpha,MNIST,FedProx,0.01,67,10,5,54002,53920,1690000.0,4.562736984,4.563169,4.55624,84250.0,False,1 x NVIDIA RTX A1000,Intel(R) Core(TM) i7-14700,-0.0004320160000004236,0.15207715133531696
main_campaign_default_alpha_0_5,test2_robustez_alpha,MNIST,FedProx,0.01,68,10,5,54002,53888,1690000.0,4.562736984,4.563169,4.553536,84200.0,False,1 x NVIDIA RTX A1000,Intel(R) Core(TM) i7-14700,-0.0004320160000004236,0.21154988123515128
main_campaign_default_alpha_0_5,test2_robustez_alpha,MNIST,FedProx,0.01,69,10,5,54000,53952,1690000.0,4.562568,4.563,4.558944,84300.0,False,1 x NVIDIA RTX A1000,Intel(R) Core(TM) i7-14700,-0.00043199999999998795,0.0889679715302405
main_campaign_default_alpha_0_5,test2_robustez_alpha,MNIST,FedProx,0.01,70,10,5,54002,53952,1690000.0,4.562736984,4.563169,4.558944,84300.0,False,1 x NVIDIA RTX A1000,Intel(R) Core(TM) i7-14700,-0.0004320160000004236,0.09267497034399774
main_campaign_default_alpha_0_5,test2_robustez_alpha,MNIST,FedProx,0.01,71,10,5,54003,53920,1690000.0,4.562821476,4.5632535,4.55624,84250.0,False,1 x NVIDIA RTX A1000,Intel(R) Core(TM) i7-14700,-0.00043202400000019736,0.1539317507418536
main_campaign_default_alpha_0_5,test2_robustez_alpha,MNIST,FedProx,0.1,42,10,5,54001,53952,1690000.0,4.562652492,4.5630845,4.558944,84300.0,False,1 x NVIDIA RTX A1000,Intel(R) Core(TM) i7-14700,-0.00043200800000064987,0.09082147093713022
main_campaign_default_alpha_0_5,test2_robustez_alpha,MNIST,FedProx,0.1,43,10,5,54002,53952,1690000.0,4.562736984,4.563169,4.558944,84300.0,False,1 x NVIDIA RTX A1000,Intel(R) Core(TM) i7-14700,-0.0004320160000004236,0.09267497034399774
main_campaign_default_alpha_0_5,test2_robustez_alpha,MNIST,FedProx,0.1,44,10,5,54003,53888,1690000.0,4.562821476,4.5632535,4.553536,84200.0,False,1 x NVIDIA RTX A1000,Intel(R) Core(TM) i7-14700,-0.00043202400000019736,0.2134055819477343
main_campaign_default_alpha_0_5,test2_robustez_alpha,MNIST,FedProx,0.1,45,10,5,54002,53920,1690000.0,4.562736984,4.563169,4.55624,84250.0,False,1 x NVIDIA RTX A1000,Intel(R) Core(TM) i7-14700,-0.0004320160000004236,0.15207715133531696
main_campaign_default_alpha_0_5,test2_robustez_alpha,MNIST,FedProx,0.1,46,10,5,54001,53920,1690000.0,4.562652492,4.5630845,4.55624,84250.0,False,1 x NVIDIA RTX A1000,Intel(R) Core(TM) i7-14700,-0.00043200800000064987,0.15022255192880252
main_campaign_default_alpha_0_5,test2_robustez_alpha,MNIST,FedProx,0.1,47,10,5,54002,53920,1690000.0,4.562736984,4.563169,4.55624,84250.0,False,1 x NVIDIA RTX A1000,Intel(R) Core(TM) i7-14700,-0.0004320160000004236,0.15207715133531696
main_campaign_default_alpha_0_5,test2_robustez_alpha,MNIST,FedProx,0.1,48,10,5,54002,53920,1690000.0,4.562736984,4.563169,4.55624,84250.0,False,1 x NVIDIA RTX A1000,Intel(R) Core(TM) i7-14700,-0.0004320160000004236,0.15207715133531696
main_campaign_default_alpha_0_5,test2_robustez_alpha,MNIST,FedProx,0.1,49,10,5,54002,53952,1690000.0,4.562736984,4.563169,4.558944,84300.0,False,1 x NVIDIA RTX A1000,Intel(R) Core(TM) i7-14700,-0.0004320160000004236,0.09267497034399774
main_campaign_default_alpha_0_5,test2_robustez_alpha,MNIST,FedProx,0.1,50,10,5,54002,53952,1690000.0,4.562736984,4.563169,4.558944,84300.0,False,1 x NVIDIA RTX A1000,Intel(R) Core(TM) i7-14700,-0.0004320160000004236,0.09267497034399774
main_campaign_default_alpha_0_5,test2_robustez_alpha,MNIST,FedProx,0.1,51,10,5,54002,53920,1690000.0,4.562736984,4.563169,4.55624,84250.0,False,1 x NVIDIA RTX A1000,Intel(R) Core(TM) i7-14700,-0.0004320160000004236,0.15207715133531696
main_campaign_default_alpha_0_5,test2_robustez_alpha,MNIST,FedProx,0.1,52,10,5,54001,53952,1690000.0,4.562652492,4.5630845,4.558944,84300.0,False,1 x NVIDIA RTX A1000,Intel(R) Core(TM) i7-14700,-0.00043200800000064987,0.09082147093713022
main_campaign_default_alpha_0_5,test2_robustez_alpha,MNIST,FedProx,0.1,53,10,5,54003,53888,1690000.0,4.562821476,4.5632535,4.553536,84200.0,False,1 x NVIDIA RTX A1000,Intel(R) Core(TM) i7-14700,-0.00043202400000019736,0.2134055819477343
main_campaign_default_alpha_0_5,test2_robustez_alpha,MNIST,FedProx,0.1,54,10,5,54003,53920,1690000.0,4.562821476,4.5632535,4.55624,84250.0,False,1 x NVIDIA RTX A1000,Intel(R) Core(TM) i7-14700,-0.00043202400000019736,0.1539317507418536
main_campaign_default_alpha_0_5,test2_robustez_alpha,MNIST,FedProx,0.1,55,10,5,54003,53920,1690000.0,4.562821476,4.5632535,4.55624,84250.0,False,1 x NVIDIA RTX A1000,Intel(R) Core(TM) i7-14700,-0.00043202400000019736,0.1539317507418536
main_campaign_default_alpha_0_5,test2_robustez_alpha,MNIST,FedProx,0.1,56,10,5,54002,53920,1690000.0,4.562736984,4.563169,4.55624,84250.0,False,1 x NVIDIA RTX A1000,Intel(R) Core(TM) i7-14700,-0.0004320160000004236,0.15207715133531696
main_campaign_default_alpha_0_5,test2_robustez_alpha,MNIST,FedProx,0.1,57,10,5,54001,53952,1690000.0,4.562652492,4.5630845,4.558944,84300.0,False,1 x NVIDIA RTX A1000,Intel(R) Core(TM) i7-14700,-0.00043200800000064987,0.09082147093713022
main_campaign_default_alpha_0_5,test2_robustez_alpha,MNIST,FedProx,0.1,58,10,5,54002,53920,1690000.0,4.562736984,4.563169,4.55624,84250.0,False,1 x NVIDIA RTX A1000,Intel(R) Core(TM) i7-14700,-0.0004320160000004236,0.15207715133531696
main_campaign_default_alpha_0_5,test2_robustez_alpha,MNIST,FedProx,0.1,59,10,5,54002,53920,1690000.0,4.562736984,4.563169,4.55624,84250.0,False,1 x NVIDIA RTX A1000,Intel(R) Core(TM) i7-14700,-0.0004320160000004236,0.15207715133531696
main_campaign_default_alpha_0_5,test2_robustez_alpha,MNIST,FedProx,0.1,60,10,5,54001,53920,1690000.0,4.562652492,4.5630845,4.55624,84250.0,False,1 x NVIDIA RTX A1000,Intel(R) Core(TM) i7-14700,-0.00043200800000064987,0.15022255192880252
main_campaign_default_alpha_0_5,test2_robustez_alpha,MNIST,FedProx,0.1,61,10,5,54002,53888,1690000.0,4.562736984,4.563169,4.553536,84200.0,False,1 x NVIDIA RTX A1000,Intel(R) Core(TM) i7-14700,-0.0004320160000004236,0.21154988123515128
main_campaign_default_alpha_0_5,test2_robustez_alpha,MNIST,FedProx,0.1,62,10,5,54002,53920,1690000.0,4.562736984,4.563169,4.55624,84250.0,False,1 x NVIDIA RTX A1000,Intel(R) Core(TM) i7-14700,-0.0004320160000004236,0.15207715133531696
main_campaign_default_alpha_0_5,test2_robustez_alpha,MNIST,FedProx,0.1,63,10,5,54002,53920,1690000.0,4.562736984,4.563169,4.55624,84250.0,False,1 x NVIDIA RTX A1000,Intel(R) Core(TM) i7-14700,-0.0004320160000004236,0.15207715133531696
main_campaign_default_alpha_0_5,test2_robustez_alpha,MNIST,FedProx,0.1,64,10,5,54002,53952,1690000.0,4.562736984,4.563169,4.558944,84300.0,False,1 x NVIDIA RTX A1000,Intel(R) Core(TM) i7-14700,-0.0004320160000004236,0.09267497034399774
main_campaign_default_alpha_0_5,test2_robustez_alpha,MNIST,FedProx,0.1,65,10,5,54002,53920,1690000.0,4.562736984,4.563169,4.55624,84250.0,False,1 x NVIDIA RTX A1000,Intel(R) Core(TM) i7-14700,-0.0004320160000004236,0.15207715133531696
main_campaign_default_alpha_0_5,test2_robustez_alpha,MNIST,FedProx,0.1,66,10,5,54002,53888,1690000.0,4.562736984,4.563169,4.553536,84200.0,False,1 x NVIDIA RTX A1000,Intel(R) Core(TM) i7-14700,-0.0004320160000004236,0.21154988123515128
main_campaign_default_alpha_0_5,test2_robustez_alpha,MNIST,FedProx,0.1,67,10,5,54002,53952,1690000.0,4.562736984,4.563169,4.558944,84300.0,False,1 x NVIDIA RTX A1000,Intel(R) Core(TM) i7-14700,-0.0004320160000004236,0.09267497034399774
main_campaign_default_alpha_0_5,test2_robustez_alpha,MNIST,FedProx,0.1,68,10,5,54002,53920,1690000.0,4.562736984,4.563169,4.55624,84250.0,False,1 x NVIDIA RTX A1000,Intel(R) Core(TM) i7-14700,-0.0004320160000004236,0.15207715133531696
main_campaign_default_alpha_0_5,test2_robustez_alpha,MNIST,FedProx,0.1,69,10,5,54002,53952,1690000.0,4.562736984,4.563169,4.558944,84300.0,False,1 x NVIDIA RTX A1000,Intel(R) Core(TM) i7-14700,-0.0004320160000004236,0.09267497034399774
main_campaign_default_alpha_0_5,test2_robustez_alpha,MNIST,FedProx,0.1,70,10,5,54003,53952,1690000.0,4.562821476,4.5632535,4.558944,84300.0,False,1 x NVIDIA RTX A1000,Intel(R) Core(TM) i7-14700,-0.00043202400000019736,0.09452846975088747
main_campaign_default_alpha_0_5,test2_robustez_alpha,MNIST,FedProx,0.1,71,10,5,54003,53920,1690000.0,4.562821476,4.5632535,4.55624,84250.0,False,1 x NVIDIA RTX A1000,Intel(R) Core(TM) i7-14700,-0.00043202400000019736,0.1539317507418536
main_campaign_default_alpha_0_5,test2_robustez_alpha,MNIST,FedProx,1.0,42,10,5,54002,53920,1690000.0,4.562736984,4.563169,4.55624,84250.0,False,1 x NVIDIA RTX A1000,Intel(R) Core(TM) i7-14700,-0.0004320160000004236,0.15207715133531696
main_campaign_default_alpha_0_5,test2_robustez_alpha,MNIST,FedProx,1.0,43,10,5,54003,53920,1690000.0,4.562821476,4.5632535,4.55624,84250.0,False,1 x NVIDIA RTX A1000,Intel(R) Core(TM) i7-14700,-0.00043202400000019736,0.1539317507418536
main_campaign_default_alpha_0_5,test2_robustez_alpha,MNIST,FedProx,1.0,44,10,5,54003,53920,1690000.0,4.562821476,4.5632535,4.55624,84250.0,False,1 x NVIDIA RTX A1000,Intel(R) Core(TM) i7-14700,-0.00043202400000019736,0.1539317507418536
main_campaign_default_alpha_0_5,test2_robustez_alpha,MNIST,FedProx,1.0,45,10,5,54002,53920,1690000.0,4.562736984,4.563169,4.55624,84250.0,False,1 x NVIDIA RTX A1000,Intel(R) Core(TM) i7-14700,-0.0004320160000004236,0.15207715133531696
main_campaign_default_alpha_0_5,test2_robustez_alpha,MNIST,FedProx,1.0,46,10,5,54003,53952,1690000.0,4.562821476,4.5632535,4.558944,84300.0,False,1 x NVIDIA RTX A1000,Intel(R) Core(TM) i7-14700,-0.00043202400000019736,0.09452846975088747
main_campaign_default_alpha_0_5,test2_robustez_alpha,MNIST,FedProx,1.0,47,10,5,54002,53920,1690000.0,4.562736984,4.563169,4.55624,84250.0,False,1 x NVIDIA RTX A1000,Intel(R) Core(TM) i7-14700,-0.0004320160000004236,0.15207715133531696
main_campaign_default_alpha_0_5,test2_robustez_alpha,MNIST,FedProx,1.0,48,10,5,54002,53920,1690000.0,4.562736984,4.563169,4.55624,84250.0,False,1 x NVIDIA RTX A1000,Intel(R) Core(TM) i7-14700,-0.0004320160000004236,0.15207715133531696
main_campaign_default_alpha_0_5,test2_robustez_alpha,MNIST,FedProx,1.0,49,10,5,54002,53952,1690000.0,4.562736984,4.563169,4.558944,84300.0,False,1 x NVIDIA RTX A1000,Intel(R) Core(TM) i7-14700,-0.0004320160000004236,0.09267497034399774
main_campaign_default_alpha_0_5,test2_robustez_alpha,MNIST,FedProx,1.0,50,10,5,54001,53952,1690000.0,4.562652492,4.5630845,4.558944,84300.0,False,1 x NVIDIA RTX A1000,Intel(R) Core(TM) i7-14700,-0.00043200800000064987,0.09082147093713022
main_campaign_default_alpha_0_5,test2_robustez_alpha,MNIST,FedProx,1.0,51,10,5,54002,53888,1690000.0,4.562736984,4.563169,4.553536,84200.0,False,1 x NVIDIA RTX A1000,Intel(R) Core(TM) i7-14700,-0.0004320160000004236,0.21154988123515128
main_campaign_default_alpha_0_5,test2_robustez_alpha,MNIST,FedProx,1.0,52,10,5,54003,53920,1690000.0,4.562821476,4.5632535,4.55624,84250.0,False,1 x NVIDIA RTX A1000,Intel(R) Core(TM) i7-14700,-0.00043202400000019736,0.1539317507418536
main_campaign_default_alpha_0_5,test2_robustez_alpha,MNIST,FedProx,1.0,53,10,5,54003,53920,1690000.0,4.562821476,4.5632535,4.55624,84250.0,False,1 x NVIDIA RTX A1000,Intel(R) Core(TM) i7-14700,-0.00043202400000019736,0.1539317507418536
main_campaign_default_alpha_0_5,test2_robustez_alpha,MNIST,FedProx,1.0,54,10,5,54002,53952,1690000.0,4.562736984,4.563169,4.558944,84300.0,False,1 x NVIDIA RTX A1000,Intel(R) Core(TM) i7-14700,-0.0004320160000004236,0.09267497034399774
main_campaign_default_alpha_0_5,test2_robustez_alpha,MNIST,FedProx,1.0,55,10,5,54003,53920,1690000.0,4.562821476,4.5632535,4.55624,84250.0,False,1 x NVIDIA RTX A1000,Intel(R) Core(TM) i7-14700,-0.00043202400000019736,0.1539317507418536
main_campaign_default_alpha_0_5,test2_robustez_alpha,MNIST,FedProx,1.0,56,10,5,54002,53920,1690000.0,4.562736984,4.563169,4.55624,84250.0,False,1 x NVIDIA RTX A1000,Intel(R) Core(TM) i7-14700,-0.0004320160000004236,0.15207715133531696
main_campaign_default_alpha_0_5,test2_robustez_alpha,MNIST,FedProx,1.0,57,10,5,54003,53920,1690000.0,4.562821476,4.5632535,4.55624,84250.0,False,1 x NVIDIA RTX A1000,Intel(R) Core(TM) i7-14700,-0.00043202400000019736,0.1539317507418536
main_campaign_default_alpha_0_5,test2_robustez_alpha,MNIST,FedProx,1.0,58,10,5,54003,53952,1690000.0,4.562821476,4.5632535,4.558944,84300.0,False,1 x NVIDIA RTX A1000,Intel(R) Core(TM) i7-14700,-0.00043202400000019736,0.09452846975088747
main_campaign_default_alpha_0_5,test2_robustez_alpha,MNIST,FedProx,1.0,59,10,5,54002,53984,1690000.0,4.562736984,4.563169,4.561648,84350.0,False,1 x NVIDIA RTX A1000,Intel(R) Core(TM) i7-14700,-0.0004320160000004236,0.0333432128037936
main_campaign_default_alpha_0_5,test2_robustez_alpha,MNIST,FedProx,1.0,60,10,5,54003,53952,1690000.0,4.562821476,4.5632535,4.558944,84300.0,False,1 x NVIDIA RTX A1000,Intel(R) Core(TM) i7-14700,-0.00043202400000019736,0.09452846975088747
main_campaign_default_alpha_0_5,test2_robustez_alpha,MNIST,FedProx,1.0,61,10,5,54003,53952,1690000.0,4.562821476,4.5632535,4.558944,84300.0,False,1 x NVIDIA RTX A1000,Intel(R) Core(TM) i7-14700,-0.00043202400000019736,0.09452846975088747
main_campaign_default_alpha_0_5,test2_robustez_alpha,MNIST,FedProx,1.0,62,10,5,54002,53920,1690000.0,4.562736984,4.563169,4.55624,84250.0,False,1 x NVIDIA RTX A1000,Intel(R) Core(TM) i7-14700,-0.0004320160000004236,0.15207715133531696
main_campaign_default_alpha_0_5,test2_robustez_alpha,MNIST,FedProx,1.0,63,10,5,54002,53952,1690000.0,4.562736984,4.563169,4.558944,84300.0,False,1 x NVIDIA RTX A1000,Intel(R) Core(TM) i7-14700,-0.0004320160000004236,0.09267497034399774
main_campaign_default_alpha_0_5,test2_robustez_alpha,MNIST,FedProx,1.0,64,10,5,54003,53952,1690000.0,4.562821476,4.5632535,4.558944,84300.0,False,1 x NVIDIA RTX A1000,Intel(R) Core(TM) i7-14700,-0.00043202400000019736,0.09452846975088747
main_campaign_default_alpha_0_5,test2_robustez_alpha,MNIST,FedProx,1.0,65,10,5,54003,53952,1690000.0,4.562821476,4.5632535,4.558944,84300.0,False,1 x NVIDIA RTX A1000,Intel(R) Core(TM) i7-14700,-0.00043202400000019736,0.09452846975088747
main_campaign_default_alpha_0_5,test2_robustez_alpha,MNIST,FedProx,1.0,66,10,5,54003,53920,1690000.0,4.562821476,4.5632535,4.55624,84250.0,False,1 x NVIDIA RTX A1000,Intel(R) Core(TM) i7-14700,-0.00043202400000019736,0.1539317507418536
main_campaign_default_alpha_0_5,test2_robustez_alpha,MNIST,FedProx,1.0,67,10,5,54003,53920,1690000.0,4.562821476,4.5632535,4.55624,84250.0,False,1 x NVIDIA RTX A1000,Intel(R) Core(TM) i7-14700,-0.00043202400000019736,0.1539317507418536
main_campaign_default_alpha_0_5,test2_robustez_alpha,MNIST,FedProx,1.0,68,10,5,54002,53888,1690000.0,4.562736984,4.563169,4.553536,84200.0,False,1 x NVIDIA RTX A1000,Intel(R) Core(TM) i7-14700,-0.0004320160000004236,0.21154988123515128
main_campaign_default_alpha_0_5,test2_robustez_alpha,MNIST,FedProx,1.0,69,10,5,54001,53920,1690000.0,4.562652492,4.5630845,4.55624,84250.0,False,1 x NVIDIA RTX A1000,Intel(R) Core(TM) i7-14700,-0.00043200800000064987,0.15022255192880252
main_campaign_default_alpha_0_5,test2_robustez_alpha,MNIST,FedProx,1.0,70,10,5,54001,53952,1690000.0,4.562652492,4.5630845,4.558944,84300.0,False,1 x NVIDIA RTX A1000,Intel(R) Core(TM) i7-14700,-0.00043200800000064987,0.09082147093713022
main_campaign_default_alpha_0_5,test2_robustez_alpha,MNIST,FedProx,1.0,71,10,5,54003,53920,1690000.0,4.562821476,4.5632535,4.55624,84250.0,False,1 x NVIDIA RTX A1000,Intel(R) Core(TM) i7-14700,-0.00043202400000019736,0.1539317507418536
main_campaign_default_alpha_0_5,test2_robustez_alpha,MNIST,FedNova,0.01,42,10,5,54003,53888,1690000.0,4.562821476,4.5632535,4.553536,84200.0,False,1 x NVIDIA A40,AMD EPYC 9354P 32-Core Processor,-0.00043202400000019736,0.2134055819477343
main_campaign_default_alpha_0_5,test2_robustez_alpha,MNIST,FedNova,0.01,43,10,5,54002,53920,1690000.0,4.562736984,4.563169,4.55624,84250.0,False,1 x NVIDIA A40,AMD EPYC 9354P 32-Core Processor,-0.0004320160000004236,0.15207715133531696
main_campaign_default_alpha_0_5,test2_robustez_alpha,MNIST,FedNova,0.01,44,10,5,54002,53952,1690000.0,4.562736984,4.563169,4.558944,84300.0,False,1 x NVIDIA A40,AMD EPYC 9354P 32-Core Processor,-0.0004320160000004236,0.09267497034399774
main_campaign_default_alpha_0_5,test2_robustez_alpha,MNIST,FedNova,0.01,45,10,5,54002,53920,1690000.0,4.562736984,4.563169,4.55624,84250.0,False,1 x NVIDIA A40,AMD EPYC 9354P 32-Core Processor,-0.0004320160000004236,0.15207715133531696
main_campaign_default_alpha_0_5,test2_robustez_alpha,MNIST,FedNova,0.01,46,10,5,54001,53953,1690000.0,4.562652492,4.5630845,4.5590285,84300.0,False,1 x NVIDIA A40,AMD EPYC 9354P 32-Core Processor,-0.00043200800000064987,0.08896632253998504
main_campaign_default_alpha_0_5,test2_robustez_alpha,MNIST,FedNova,0.01,47,10,5,54003,53920,1690000.0,4.562821476,4.5632535,4.55624,84250.0,False,1 x NVIDIA A40,AMD EPYC 9354P 32-Core Processor,-0.00043202400000019736,0.1539317507418536
main_campaign_default_alpha_0_5,test2_robustez_alpha,MNIST,FedNova,0.01,48,10,5,54001,53920,1690000.0,4.562652492,4.5630845,4.55624,84250.0,False,1 x NVIDIA A40,AMD EPYC 9354P 32-Core Processor,-0.00043200800000064987,0.15022255192880252
main_campaign_default_alpha_0_5,test2_robustez_alpha,MNIST,FedNova,0.01,49,10,5,54002,53920,1690000.0,4.562736984,4.563169,4.55624,84250.0,False,1 x NVIDIA A40,AMD EPYC 9354P 32-Core Processor,-0.0004320160000004236,0.15207715133531696
main_campaign_default_alpha_0_5,test2_robustez_alpha,MNIST,FedNova,0.01,50,10,5,54003,53920,1690000.0,4.562821476,4.5632535,4.55624,84250.0,False,1 x NVIDIA A40,AMD EPYC 9354P 32-Core Processor,-0.00043202400000019736,0.1539317507418536
main_campaign_default_alpha_0_5,test2_robustez_alpha,MNIST,FedNova,0.01,51,10,5,54001,53920,1690000.0,4.562652492,4.5630845,4.55624,84250.0,False,1 x NVIDIA A40,AMD EPYC 9354P 32-Core Processor,-0.00043200800000064987,0.15022255192880252
main_campaign_default_alpha_0_5,test2_robustez_alpha,MNIST,FedNova,0.01,52,10,5,54001,53920,1690000.0,4.562652492,4.5630845,4.55624,84250.0,False,1 x NVIDIA A40,AMD EPYC 9354P 32-Core Processor,-0.00043200800000064987,0.15022255192880252
main_campaign_default_alpha_0_5,test2_robustez_alpha,MNIST,FedNova,0.01,53,10,5,54004,53920,1690000.0,4.562905968,4.563338,4.55624,84250.0,False,1 x NVIDIA A40,AMD EPYC 9354P 32-Core Processor,-0.0004320319999999711,0.15578635014836806
main_campaign_default_alpha_0_5,test2_robustez_alpha,MNIST,FedNova,0.01,54,10,5,54002,53952,1690000.0,4.562736984,4.563169,4.558944,84300.0,False,1 x NVIDIA A40,AMD EPYC 9354P 32-Core Processor,-0.0004320160000004236,0.09267497034399774
main_campaign_default_alpha_0_5,test2_robustez_alpha,MNIST,FedNova,0.01,55,10,5,54001,53920,1690000.0,4.562652492,4.5630845,4.55624,84250.0,False,1 x NVIDIA A40,AMD EPYC 9354P 32-Core Processor,-0.00043200800000064987,0.15022255192880252
main_campaign_default_alpha_0_5,test2_robustez_alpha,MNIST,FedNova,0.01,56,10,5,54002,53952,1690000.0,4.562736984,4.563169,4.558944,84300.0,False,1 x NVIDIA A40,AMD EPYC 9354P 32-Core Processor,-0.0004320160000004236,0.09267497034399774
main_campaign_default_alpha_0_5,test2_robustez_alpha,MNIST,FedNova,0.01,57,10,5,54000,53920,1690000.0,4.562568,4.563,4.55624,84250.0,False,1 x NVIDIA A40,AMD EPYC 9354P 32-Core Processor,-0.00043199999999998795,0.14836795252224366
main_campaign_default_alpha_0_5,test2_robustez_alpha,MNIST,FedNova,0.01,58,10,5,54003,53952,1690000.0,4.562821476,4.5632535,4.558944,84300.0,False,1 x NVIDIA A40,AMD EPYC 9354P 32-Core Processor,-0.00043202400000019736,0.09452846975088747
main_campaign_default_alpha_0_5,test2_robustez_alpha,MNIST,FedNova,0.01,59,10,5,54003,53920,1690000.0,4.562821476,4.5632535,4.55624,84250.0,False,1 x NVIDIA A40,AMD EPYC 9354P 32-Core Processor,-0.00043202400000019736,0.1539317507418536
main_campaign_default_alpha_0_5,test2_robustez_alpha,MNIST,FedNova,0.01,60,10,5,54002,53920,1690000.0,4.562736984,4.563169,4.55624,84250.0,False,1 x NVIDIA A40,AMD EPYC 9354P 32-Core Processor,-0.0004320160000004236,0.15207715133531696
main_campaign_default_alpha_0_5,test2_robustez_alpha,MNIST,FedNova,0.01,61,10,5,54001,53920,1690000.0,4.562652492,4.5630845,4.55624,84250.0,False,1 x NVIDIA A40,AMD EPYC 9354P 32-Core Processor,-0.00043200800000064987,0.15022255192880252
main_campaign_default_alpha_0_5,test2_robustez_alpha,MNIST,FedNova,0.01,62,10,5,54002,53888,1690000.0,4.562736984,4.563169,4.553536,84200.0,False,1 x NVIDIA A40,AMD EPYC 9354P 32-Core Processor,-0.0004320160000004236,0.21154988123515128
main_campaign_default_alpha_0_5,test2_robustez_alpha,MNIST,FedNova,0.01,63,10,5,54002,53888,1690000.0,4.562736984,4.563169,4.553536,84200.0,False,1 x NVIDIA A40,AMD EPYC 9354P 32-Core Processor,-0.0004320160000004236,0.21154988123515128
main_campaign_default_alpha_0_5,test2_robustez_alpha,MNIST,FedNova,0.01,64,10,5,54002,53920,1690000.0,4.562736984,4.563169,4.55624,84250.0,False,1 x NVIDIA A40,AMD EPYC 9354P 32-Core Processor,-0.0004320160000004236,0.15207715133531696
main_campaign_default_alpha_0_5,test2_robustez_alpha,MNIST,FedNova,0.01,65,10,5,54003,53920,1690000.0,4.562821476,4.5632535,4.55624,84250.0,False,1 x NVIDIA A40,AMD EPYC 9354P 32-Core Processor,-0.00043202400000019736,0.1539317507418536
main_campaign_default_alpha_0_5,test2_robustez_alpha,MNIST,FedNova,0.01,66,10,5,54002,53920,1690000.0,4.562736984,4.563169,4.55624,84250.0,False,1 x NVIDIA A40,AMD EPYC 9354P 32-Core Processor,-0.0004320160000004236,0.15207715133531696
main_campaign_default_alpha_0_5,test2_robustez_alpha,MNIST,FedNova,0.01,67,10,5,54002,53920,1690000.0,4.562736984,4.563169,4.55624,84250.0,False,1 x NVIDIA A40,AMD EPYC 9354P 32-Core Processor,-0.0004320160000004236,0.15207715133531696
main_campaign_default_alpha_0_5,test2_robustez_alpha,MNIST,FedNova,0.01,68,10,5,54002,53888,1690000.0,4.562736984,4.563169,4.553536,84200.0,False,1 x NVIDIA A40,AMD EPYC 9354P 32-Core Processor,-0.0004320160000004236,0.21154988123515128
main_campaign_default_alpha_0_5,test2_robustez_alpha,MNIST,FedNova,0.01,69,10,5,54000,53952,1690000.0,4.562568,4.563,4.558944,84300.0,False,1 x NVIDIA A40,AMD EPYC 9354P 32-Core Processor,-0.00043199999999998795,0.0889679715302405
main_campaign_default_alpha_0_5,test2_robustez_alpha,MNIST,FedNova,0.01,70,10,5,54002,53952,1690000.0,4.562736984,4.563169,4.558944,84300.0,False,1 x NVIDIA A40,AMD EPYC 9354P 32-Core Processor,-0.0004320160000004236,0.09267497034399774
main_campaign_default_alpha_0_5,test2_robustez_alpha,MNIST,FedNova,0.01,71,10,5,54003,53920,1690000.0,4.562821476,4.5632535,4.55624,84250.0,False,1 x NVIDIA A40,AMD EPYC 9354P 32-Core Processor,-0.00043202400000019736,0.1539317507418536
main_campaign_default_alpha_0_5,test2_robustez_alpha,MNIST,FedNova,0.1,42,10,5,54001,53952,1690000.0,4.562652492,4.5630845,4.558944,84300.0,False,1 x NVIDIA A40,AMD EPYC 9354P 32-Core Processor,-0.00043200800000064987,0.09082147093713022
main_campaign_default_alpha_0_5,test2_robustez_alpha,MNIST,FedNova,0.1,43,10,5,54002,53952,1690000.0,4.562736984,4.563169,4.558944,84300.0,False,1 x NVIDIA A40,AMD EPYC 9354P 32-Core Processor,-0.0004320160000004236,0.09267497034399774
main_campaign_default_alpha_0_5,test2_robustez_alpha,MNIST,FedNova,0.1,44,10,5,54003,53888,1690000.0,4.562821476,4.5632535,4.553536,84200.0,False,1 x NVIDIA A40,AMD EPYC 9354P 32-Core Processor,-0.00043202400000019736,0.2134055819477343
main_campaign_default_alpha_0_5,test2_robustez_alpha,MNIST,FedNova,0.1,45,10,5,54002,53920,1690000.0,4.562736984,4.563169,4.55624,84250.0,False,1 x NVIDIA A40,AMD EPYC 9354P 32-Core Processor,-0.0004320160000004236,0.15207715133531696
main_campaign_default_alpha_0_5,test2_robustez_alpha,MNIST,FedNova,0.1,46,10,5,54001,53920,1690000.0,4.562652492,4.5630845,4.55624,84250.0,False,1 x NVIDIA A40,AMD EPYC 9354P 32-Core Processor,-0.00043200800000064987,0.15022255192880252
main_campaign_default_alpha_0_5,test2_robustez_alpha,MNIST,FedNova,0.1,47,10,5,54002,53920,1690000.0,4.562736984,4.563169,4.55624,84250.0,False,1 x NVIDIA A40,AMD EPYC 9354P 32-Core Processor,-0.0004320160000004236,0.15207715133531696
main_campaign_default_alpha_0_5,test2_robustez_alpha,MNIST,FedNova,0.1,48,10,5,54002,53920,1690000.0,4.562736984,4.563169,4.55624,84250.0,False,1 x NVIDIA A40,AMD EPYC 9354P 32-Core Processor,-0.0004320160000004236,0.15207715133531696
main_campaign_default_alpha_0_5,test2_robustez_alpha,MNIST,FedNova,0.1,49,10,5,54002,53952,1690000.0,4.562736984,4.563169,4.558944,84300.0,False,1 x NVIDIA A40,AMD EPYC 9354P 32-Core Processor,-0.0004320160000004236,0.09267497034399774
main_campaign_default_alpha_0_5,test2_robustez_alpha,MNIST,FedNova,0.1,50,10,5,54002,53952,1690000.0,4.562736984,4.563169,4.558944,84300.0,False,1 x NVIDIA A40,AMD EPYC 9354P 32-Core Processor,-0.0004320160000004236,0.09267497034399774
main_campaign_default_alpha_0_5,test2_robustez_alpha,MNIST,FedNova,0.1,51,10,5,54002,53920,1690000.0,4.562736984,4.563169,4.55624,84250.0,False,1 x NVIDIA A40,AMD EPYC 9354P 32-Core Processor,-0.0004320160000004236,0.15207715133531696
main_campaign_default_alpha_0_5,test2_robustez_alpha,MNIST,FedNova,0.1,52,10,5,54001,53952,1690000.0,4.562652492,4.5630845,4.558944,84300.0,False,1 x NVIDIA A40,AMD EPYC 9354P 32-Core Processor,-0.00043200800000064987,0.09082147093713022
main_campaign_default_alpha_0_5,test2_robustez_alpha,MNIST,FedNova,0.1,53,10,5,54003,53888,1690000.0,4.562821476,4.5632535,4.553536,84200.0,False,1 x NVIDIA A40,AMD EPYC 9354P 32-Core Processor,-0.00043202400000019736,0.2134055819477343
main_campaign_default_alpha_0_5,test2_robustez_alpha,MNIST,FedNova,0.1,54,10,5,54003,53920,1690000.0,4.562821476,4.5632535,4.55624,84250.0,False,1 x NVIDIA A40,AMD EPYC 9354P 32-Core Processor,-0.00043202400000019736,0.1539317507418536
main_campaign_default_alpha_0_5,test2_robustez_alpha,MNIST,FedNova,0.1,55,10,5,54003,53920,1690000.0,4.562821476,4.5632535,4.55624,84250.0,False,1 x NVIDIA A40,AMD EPYC 9354P 32-Core Processor,-0.00043202400000019736,0.1539317507418536
main_campaign_default_alpha_0_5,test2_robustez_alpha,MNIST,FedNova,0.1,56,10,5,54002,53920,1690000.0,4.562736984,4.563169,4.55624,84250.0,False,1 x NVIDIA A40,AMD EPYC 9354P 32-Core Processor,-0.0004320160000004236,0.15207715133531696
main_campaign_default_alpha_0_5,test2_robustez_alpha,MNIST,FedNova,0.1,57,10,5,54001,53952,1690000.0,4.562652492,4.5630845,4.558944,84300.0,False,1 x NVIDIA A40,AMD EPYC 9354P 32-Core Processor,-0.00043200800000064987,0.09082147093713022
main_campaign_default_alpha_0_5,test2_robustez_alpha,MNIST,FedNova,0.1,58,10,5,54002,53920,1690000.0,4.562736984,4.563169,4.55624,84250.0,False,1 x NVIDIA A40,AMD EPYC 9354P 32-Core Processor,-0.0004320160000004236,0.15207715133531696
main_campaign_default_alpha_0_5,test2_robustez_alpha,MNIST,FedNova,0.1,59,10,5,54002,53920,1690000.0,4.562736984,4.563169,4.55624,84250.0,False,1 x NVIDIA A40,AMD EPYC 9354P 32-Core Processor,-0.0004320160000004236,0.15207715133531696
main_campaign_default_alpha_0_5,test2_robustez_alpha,MNIST,FedNova,0.1,60,10,5,54001,53920,1690000.0,4.562652492,4.5630845,4.55624,84250.0,False,1 x NVIDIA A40,AMD EPYC 9354P 32-Core Processor,-0.00043200800000064987,0.15022255192880252
main_campaign_default_alpha_0_5,test2_robustez_alpha,MNIST,FedNova,0.1,61,10,5,54002,53888,1690000.0,4.562736984,4.563169,4.553536,84200.0,False,1 x NVIDIA A40,AMD EPYC 9354P 32-Core Processor,-0.0004320160000004236,0.21154988123515128
main_campaign_default_alpha_0_5,test2_robustez_alpha,MNIST,FedNova,0.1,62,10,5,54002,53920,1690000.0,4.562736984,4.563169,4.55624,84250.0,False,1 x NVIDIA A40,AMD EPYC 9354P 32-Core Processor,-0.0004320160000004236,0.15207715133531696
main_campaign_default_alpha_0_5,test2_robustez_alpha,MNIST,FedNova,0.1,63,10,5,54002,53920,1690000.0,4.562736984,4.563169,4.55624,84250.0,False,1 x NVIDIA A40,AMD EPYC 9354P 32-Core Processor,-0.0004320160000004236,0.15207715133531696
main_campaign_default_alpha_0_5,test2_robustez_alpha,MNIST,FedNova,0.1,64,10,5,54002,53952,1690000.0,4.562736984,4.563169,4.558944,84300.0,False,1 x NVIDIA A40,AMD EPYC 9354P 32-Core Processor,-0.0004320160000004236,0.09267497034399774
main_campaign_default_alpha_0_5,test2_robustez_alpha,MNIST,FedNova,0.1,65,10,5,54002,53920,1690000.0,4.562736984,4.563169,4.55624,84250.0,False,1 x NVIDIA A40,AMD EPYC 9354P 32-Core Processor,-0.0004320160000004236,0.15207715133531696
main_campaign_default_alpha_0_5,test2_robustez_alpha,MNIST,FedNova,0.1,66,10,5,54002,53888,1690000.0,4.562736984,4.563169,4.553536,84200.0,False,1 x NVIDIA A40,AMD EPYC 9354P 32-Core Processor,-0.0004320160000004236,0.21154988123515128
main_campaign_default_alpha_0_5,test2_robustez_alpha,MNIST,FedNova,0.1,67,10,5,54002,53952,1690000.0,4.562736984,4.563169,4.558944,84300.0,False,1 x NVIDIA A40,AMD EPYC 9354P 32-Core Processor,-0.0004320160000004236,0.09267497034399774
main_campaign_default_alpha_0_5,test2_robustez_alpha,MNIST,FedNova,0.1,68,10,5,54002,53920,1690000.0,4.562736984,4.563169,4.55624,84250.0,False,1 x NVIDIA A40,AMD EPYC 9354P 32-Core Processor,-0.0004320160000004236,0.15207715133531696
main_campaign_default_alpha_0_5,test2_robustez_alpha,MNIST,FedNova,0.1,69,10,5,54002,53952,1690000.0,4.562736984,4.563169,4.558944,84300.0,False,1 x NVIDIA A40,AMD EPYC 9354P 32-Core Processor,-0.0004320160000004236,0.09267497034399774
main_campaign_default_alpha_0_5,test2_robustez_alpha,MNIST,FedNova,0.1,70,10,5,54003,53952,1690000.0,4.562821476,4.5632535,4.558944,84300.0,False,1 x NVIDIA A40,AMD EPYC 9354P 32-Core Processor,-0.00043202400000019736,0.09452846975088747
main_campaign_default_alpha_0_5,test2_robustez_alpha,MNIST,FedNova,0.1,71,10,5,54003,53920,1690000.0,4.562821476,4.5632535,4.55624,84250.0,False,1 x NVIDIA A40,AMD EPYC 9354P 32-Core Processor,-0.00043202400000019736,0.1539317507418536
main_campaign_default_alpha_0_5,test2_robustez_alpha,MNIST,FedNova,1.0,42,10,5,54002,53920,1690000.0,4.562736984,4.563169,4.55624,84250.0,False,1 x NVIDIA A40,AMD EPYC 9354P 32-Core Processor,-0.0004320160000004236,0.15207715133531696
main_campaign_default_alpha_0_5,test2_robustez_alpha,MNIST,FedNova,1.0,43,10,5,54003,53920,1690000.0,4.562821476,4.5632535,4.55624,84250.0,False,1 x NVIDIA A40,AMD EPYC 9354P 32-Core Processor,-0.00043202400000019736,0.1539317507418536
main_campaign_default_alpha_0_5,test2_robustez_alpha,MNIST,FedNova,1.0,44,10,5,54003,53920,1690000.0,4.562821476,4.5632535,4.55624,84250.0,False,1 x NVIDIA A40,AMD EPYC 9354P 32-Core Processor,-0.00043202400000019736,0.1539317507418536
main_campaign_default_alpha_0_5,test2_robustez_alpha,MNIST,FedNova,1.0,45,10,5,54002,53920,1690000.0,4.562736984,4.563169,4.55624,84250.0,False,1 x NVIDIA A40,AMD EPYC 9354P 32-Core Processor,-0.0004320160000004236,0.15207715133531696
main_campaign_default_alpha_0_5,test2_robustez_alpha,MNIST,FedNova,1.0,46,10,5,54003,53952,1690000.0,4.562821476,4.5632535,4.558944,84300.0,False,1 x NVIDIA A40,AMD EPYC 9354P 32-Core Processor,-0.00043202400000019736,0.09452846975088747
main_campaign_default_alpha_0_5,test2_robustez_alpha,MNIST,FedNova,1.0,47,10,5,54002,53920,1690000.0,4.562736984,4.563169,4.55624,84250.0,False,1 x NVIDIA A40,AMD EPYC 9354P 32-Core Processor,-0.0004320160000004236,0.15207715133531696
main_campaign_default_alpha_0_5,test2_robustez_alpha,MNIST,FedNova,1.0,48,10,5,54002,53920,1690000.0,4.562736984,4.563169,4.55624,84250.0,False,1 x NVIDIA A40,AMD EPYC 9354P 32-Core Processor,-0.0004320160000004236,0.15207715133531696
main_campaign_default_alpha_0_5,test2_robustez_alpha,MNIST,FedNova,1.0,49,10,5,54002,53952,1690000.0,4.562736984,4.563169,4.558944,84300.0,False,1 x NVIDIA A40,AMD EPYC 9354P 32-Core Processor,-0.0004320160000004236,0.09267497034399774
main_campaign_default_alpha_0_5,test2_robustez_alpha,MNIST,FedNova,1.0,50,10,5,54001,53952,1690000.0,4.562652492,4.5630845,4.558944,84300.0,False,1 x NVIDIA A40,AMD EPYC 9354P 32-Core Processor,-0.00043200800000064987,0.09082147093713022
main_campaign_default_alpha_0_5,test2_robustez_alpha,MNIST,FedNova,1.0,51,10,5,54002,53888,1690000.0,4.562736984,4.563169,4.553536,84200.0,False,1 x NVIDIA A40,AMD EPYC 9354P 32-Core Processor,-0.0004320160000004236,0.21154988123515128
main_campaign_default_alpha_0_5,test2_robustez_alpha,MNIST,FedNova,1.0,52,10,5,54003,53920,1690000.0,4.562821476,4.5632535,4.55624,84250.0,False,1 x NVIDIA A40,AMD EPYC 9354P 32-Core Processor,-0.00043202400000019736,0.1539317507418536
main_campaign_default_alpha_0_5,test2_robustez_alpha,MNIST,FedNova,1.0,53,10,5,54003,53920,1690000.0,4.562821476,4.5632535,4.55624,84250.0,False,1 x NVIDIA A40,AMD EPYC 9354P 32-Core Processor,-0.00043202400000019736,0.1539317507418536
main_campaign_default_alpha_0_5,test2_robustez_alpha,MNIST,FedNova,1.0,54,10,5,54002,53952,1690000.0,4.562736984,4.563169,4.558944,84300.0,False,1 x NVIDIA A40,AMD EPYC 9354P 32-Core Processor,-0.0004320160000004236,0.09267497034399774
main_campaign_default_alpha_0_5,test2_robustez_alpha,MNIST,FedNova,1.0,55,10,5,54003,53920,1690000.0,4.562821476,4.5632535,4.55624,84250.0,False,1 x NVIDIA A40,AMD EPYC 9354P 32-Core Processor,-0.00043202400000019736,0.1539317507418536
main_campaign_default_alpha_0_5,test2_robustez_alpha,MNIST,FedNova,1.0,56,10,5,54002,53920,1690000.0,4.562736984,4.563169,4.55624,84250.0,False,1 x NVIDIA A40,AMD EPYC 9354P 32-Core Processor,-0.0004320160000004236,0.15207715133531696
main_campaign_default_alpha_0_5,test2_robustez_alpha,MNIST,FedNova,1.0,57,10,5,54003,53920,1690000.0,4.562821476,4.5632535,4.55624,84250.0,False,1 x NVIDIA A40,AMD EPYC 9354P 32-Core Processor,-0.00043202400000019736,0.1539317507418536
main_campaign_default_alpha_0_5,test2_robustez_alpha,MNIST,FedNova,1.0,58,10,5,54003,53952,1690000.0,4.562821476,4.5632535,4.558944,84300.0,False,1 x NVIDIA A40,AMD EPYC 9354P 32-Core Processor,-0.00043202400000019736,0.09452846975088747
main_campaign_default_alpha_0_5,test2_robustez_alpha,MNIST,FedNova,1.0,59,10,5,54002,53984,1690000.0,4.562736984,4.563169,4.561648,84350.0,False,1 x NVIDIA A40,AMD EPYC 9354P 32-Core Processor,-0.0004320160000004236,0.0333432128037936
main_campaign_default_alpha_0_5,test2_robustez_alpha,MNIST,FedNova,1.0,60,10,5,54003,53952,1690000.0,4.562821476,4.5632535,4.558944,84300.0,False,1 x NVIDIA A40,AMD EPYC 9354P 32-Core Processor,-0.00043202400000019736,0.09452846975088747
main_campaign_default_alpha_0_5,test2_robustez_alpha,MNIST,FedNova,1.0,61,10,5,54003,53952,1690000.0,4.562821476,4.5632535,4.558944,84300.0,False,1 x NVIDIA A40,AMD EPYC 9354P 32-Core Processor,-0.00043202400000019736,0.09452846975088747
main_campaign_default_alpha_0_5,test2_robustez_alpha,MNIST,FedNova,1.0,62,10,5,54002,53920,1690000.0,4.562736984,4.563169,4.55624,84250.0,False,1 x NVIDIA A40,AMD EPYC 9354P 32-Core Processor,-0.0004320160000004236,0.15207715133531696
main_campaign_default_alpha_0_5,test2_robustez_alpha,MNIST,FedNova,1.0,63,10,5,54002,53952,1690000.0,4.562736984,4.563169,4.558944,84300.0,False,1 x NVIDIA A40,AMD EPYC 9354P 32-Core Processor,-0.0004320160000004236,0.09267497034399774
main_campaign_default_alpha_0_5,test2_robustez_alpha,MNIST,FedNova,1.0,64,10,5,54003,53952,1690000.0,4.562821476,4.5632535,4.558944,84300.0,False,1 x NVIDIA A40,AMD EPYC 9354P 32-Core Processor,-0.00043202400000019736,0.09452846975088747
main_campaign_default_alpha_0_5,test2_robustez_alpha,MNIST,FedNova,1.0,65,10,5,54003,53952,1690000.0,4.562821476,4.5632535,4.558944,84300.0,False,1 x NVIDIA A40,AMD EPYC 9354P 32-Core Processor,-0.00043202400000019736,0.09452846975088747
main_campaign_default_alpha_0_5,test2_robustez_alpha,MNIST,FedNova,1.0,66,10,5,54003,53920,1690000.0,4.562821476,4.5632535,4.55624,84250.0,False,1 x NVIDIA A40,AMD EPYC 9354P 32-Core Processor,-0.00043202400000019736,0.1539317507418536
main_campaign_default_alpha_0_5,test2_robustez_alpha,MNIST,FedNova,1.0,67,10,5,54003,53920,1690000.0,4.562821476,4.5632535,4.55624,84250.0,False,1 x NVIDIA A40,AMD EPYC 9354P 32-Core Processor,-0.00043202400000019736,0.1539317507418536
main_campaign_default_alpha_0_5,test2_robustez_alpha,MNIST,FedNova,1.0,68,10,5,54002,53888,1690000.0,4.562736984,4.563169,4.553536,84200.0,False,1 x NVIDIA A40,AMD EPYC 9354P 32-Core Processor,-0.0004320160000004236,0.21154988123515128
main_campaign_default_alpha_0_5,test2_robustez_alpha,MNIST,FedNova,1.0,69,10,5,54001,53920,1690000.0,4.562652492,4.5630845,4.55624,84250.0,False,1 x NVIDIA A40,AMD EPYC 9354P 32-Core Processor,-0.00043200800000064987,0.15022255192880252
main_campaign_default_alpha_0_5,test2_robustez_alpha,MNIST,FedNova,1.0,70,10,5,54001,53952,1690000.0,4.562652492,4.5630845,4.558944,84300.0,False,1 x NVIDIA A40,AMD EPYC 9354P 32-Core Processor,-0.00043200800000064987,0.09082147093713022
main_campaign_default_alpha_0_5,test2_robustez_alpha,MNIST,FedNova,1.0,71,10,5,54003,53920,1690000.0,4.562821476,4.5632535,4.55624,84250.0,False,1 x NVIDIA A40,AMD EPYC 9354P 32-Core Processor,-0.00043202400000019736,0.1539317507418536
main_campaign_default_alpha_0_5,test2_robustez_alpha,MNIST,FedHAD,0.01,42,10,5,54003,53888,1690000.0,2.9979282456,2.9982121,2.9922464,55330.0,False,1 x NVIDIA RTX A1000,Intel(R) Core(TM) i7-14700,-0.0002838544000001164,0.19937195011747733
main_campaign_default_alpha_0_5,test2_robustez_alpha,MNIST,FedHAD,0.01,43,10,5,54002,53920,1690000.0,2.8907754912,2.8910492,2.8867904,53380.0,False,1 x NVIDIA RTX A1000,Intel(R) Core(TM) i7-14700,-0.0002737087999999943,0.14752716373171992
main_campaign_default_alpha_0_5,test2_robustez_alpha,MNIST,FedHAD,0.01,44,10,5,54002,53952,1690000.0,3.008675628,3.0089605,3.0063072,55590.0,False,1 x NVIDIA RTX A1000,Intel(R) Core(TM) i7-14700,-0.00028487199999993607,0.08825778017629293
main_campaign_default_alpha_0_5,test2_robustez_alpha,MNIST,FedHAD,0.01,45,10,5,54002,53920,1690000.0,2.8483605072,2.8486302,2.8451488,52610.0,False,1 x NVIDIA RTX A1000,Intel(R) Core(TM) i7-14700,-0.0002696928000003318,0.12236266869416479
main_campaign_default_alpha_0_5,test2_robustez_alpha,MNIST,FedHAD,0.01,46,10,5,54001,53953,1690000.0,2.9821282416,2.9824106,2.9803826,55110.0,False,1 x NVIDIA RTX A1000,Intel(R) Core(TM) i7-14700,-0.0002823584000002377,0.0680449550336304
main_campaign_default_alpha_0_5,test2_robustez_alpha,MNIST,FedHAD,0.01,47,10,5,54003,53920,1690000.0,2.9944640736,2.9947476,2.990624,55300.0,False,1 x NVIDIA RTX A1000,Intel(R) Core(TM) i7-14700,-0.000283526400000067,0.1378842676311054
main_campaign_default_alpha_0_5,test2_robustez_alpha,MNIST,FedHAD,0.01,48,10,5,54001,53920,1690000.0,2.7375914952,2.7378507,2.733744,50550.0,False,1 x NVIDIA RTX A1000,Intel(R) Core(TM) i7-14700,-0.0002592048000003011,0.1502225519287803
main_campaign_default_alpha_0_5,test2_robustez_alpha,MNIST,FedHAD,0.01,49,10,5,54002,53920,1690000.0,2.8424629656,2.8427321,2.8386592,52490.0,False,1 x NVIDIA RTX A1000,Intel(R) Core(TM) i7-14700,-0.00026913440000031486,0.14347971042103502
main_campaign_default_alpha_0_5,test2_robustez_alpha,MNIST,FedHAD,0.01,50,10,5,54003,53920,1690000.0,2.930689512,2.930967,2.9273504,54130.0,False,1 x NVIDIA RTX A1000,Intel(R) Core(TM) i7-14700,-0.0002774880000000479,0.12354516903749779
main_campaign_default_alpha_0_5,test2_robustez_alpha,MNIST,FedHAD,0.01,51,10,5,54001,53920,1690000.0,3.0146576616,3.0149431,3.0106336,55670.0,False,1 x NVIDIA RTX A1000,Intel(R) Core(TM) i7-14700,-0.00028543840000017084,0.14314262619006257
main_campaign_default_alpha_0_5,test2_robustez_alpha,MNIST,FedHAD,0.01,52,10,5,54001,53920,1690000.0,3.3178994496,3.3182136,3.3140224,61280.0,False,1 x NVIDIA RTX A1000,Intel(R) Core(TM) i7-14700,-0.0003141503999999351,0.12646866840730908
main_campaign_default_alpha_0_5,test2_robustez_alpha,MNIST,FedHAD,0.01,53,10,5,54004,53920,1690000.0,2.9026888632,2.9029637,2.898688,53600.0,False,1 x NVIDIA RTX A1000,Intel(R) Core(TM) i7-14700,-0.0002748368000000667,0.1475046641790989
main_campaign_default_alpha_0_5,test2_robustez_alpha,MNIST,FedHAD,0.01,54,10,5,54002,53952,1690000.0,3.2073501168,3.2076538,3.2053216,59270.0,False,1 x NVIDIA RTX A1000,Intel(R) Core(TM) i7-14700,-0.00030368320000029314,0.07276024970475081
main_campaign_default_alpha_0_5,test2_robustez_alpha,MNIST,FedHAD,0.01,55,10,5,54001,53920,1690000.0,3.2906592288,3.2909708,3.2869824,60780.0,False,1 x NVIDIA RTX A1000,Intel(R) Core(TM) i7-14700,-0.00031157120000013805,0.12133925633432963
main_campaign_default_alpha_0_5,test2_robustez_alpha,MNIST,FedHAD,0.01,56,10,5,54002,53952,1690000.0,2.6423690112,2.6426192,2.6401856,48820.0,False,1 x NVIDIA RTX A1000,Intel(R) Core(TM) i7-14700,-0.0002501887999999397,0.09217533797623023
main_campaign_default_alpha_0_5,test2_robustez_alpha,MNIST,FedHAD,0.01,57,10,5,54000,53920,1690000.0,3.115473516,3.1157685,3.1112224,57530.0,False,1 x NVIDIA RTX A1000,Intel(R) Core(TM) i7-14700,-0.0002949839999999426,0.14611941595690237
main_campaign_default_alpha_0_5,test2_robustez_alpha,MNIST,FedHAD,0.01,58,10,5,54003,53952,1690000.0,2.6476751088,2.6479258,2.6455936,48920.0,False,1 x NVIDIA RTX A1000,Intel(R) Core(TM) i7-14700,-0.0002506911999997641,0.08815412919049859
main_campaign_default_alpha_0_5,test2_robustez_alpha,MNIST,FedHAD,0.01,59,10,5,54003,53920,1690000.0,3.0160433304,3.0163289,3.012256,55700.0,False,1 x NVIDIA RTX A1000,Intel(R) Core(TM) i7-14700,-0.00028556959999992415,0.13521095152604357
main_campaign_default_alpha_0_5,test2_robustez_alpha,MNIST,FedHAD,0.01,60,10,5,54002,53920,1690000.0,2.9133010584,2.9135769,2.9100448,53810.0,False,1 x NVIDIA RTX A1000,Intel(R) Core(TM) i7-14700,-0.00027584159999971547,0.12137613826426197
main_campaign_default_alpha_0_5,test2_robustez_alpha,MNIST,FedHAD,0.01,61,10,5,54001,53920,1690000.0,3.107277792,3.107572,3.1036512,57390.0,False,1 x NVIDIA RTX A1000,Intel(R) Core(TM) i7-14700,-0.00029420799999968494,0.12632862868096062
main_campaign_default_alpha_0_5,test2_robustez_alpha,MNIST,FedHAD,0.01,62,10,5,54002,53888,1690000.0,3.0217042944,3.0219904,3.0165824,55780.0,False,1 x NVIDIA RTX A1000,Intel(R) Core(TM) i7-14700,-0.00028610559999986407,0.17927572606668551
main_campaign_default_alpha_0_5,test2_robustez_alpha,MNIST,FedHAD,0.01,63,10,5,54002,53888,1690000.0,2.926718388,2.9269955,2.9208608,54010.0,False,1 x NVIDIA RTX A1000,Intel(R) Core(TM) i7-14700,-0.0002771120000000238,0.21003054989816583
main_campaign_default_alpha_0_5,test2_robustez_alpha,MNIST,FedHAD,0.01,64,10,5,54002,53920,1690000.0,2.6472695472,2.6475202,2.6434304,48880.0,False,1 x NVIDIA RTX A1000,Intel(R) Core(TM) i7-14700,-0.00025065280000013956,0.1547156301145769
main_campaign_default_alpha_0_5,test2_robustez_alpha,MNIST,FedHAD,0.01,65,10,5,54003,53920,1690000.0,2.8830022272,2.8832752,2.8792192,53240.0,False,1 x NVIDIA RTX A1000,Intel(R) Core(TM) i7-14700,-0.0002729727999999376,0.14087152516903956
main_campaign_default_alpha_0_5,test2_robustez_alpha,MNIST,FedHAD,0.01,66,10,5,54002,53920,1690000.0,3.0205721016,3.0208581,3.0165824,55780.0,False,1 x NVIDIA RTX A1000,Intel(R) Core(TM) i7-14700,-0.0002859983999998761,0.14173987092147566
main_campaign_default_alpha_0_5,test2_robustez_alpha,MNIST,FedHAD,0.01,67,10,5,54002,53920,1690000.0,2.912354748,2.9126305,2.9089632,53790.0,False,1 x NVIDIA RTX A1000,Intel(R) Core(TM) i7-14700,-0.00027575200000029554,0.12606897192786182
main_campaign_default_alpha_0_5,test2_robustez_alpha,MNIST,FedHAD,0.01,68,10,5,54002,53888,1690000.0,2.648655216,2.648906,2.6434304,48880.0,False,1 x NVIDIA RTX A1000,Intel(R) Core(TM) i7-14700,-0.00025078400000033696,0.20713993453356228
main_campaign_default_alpha_0_5,test2_robustez_alpha,MNIST,FedHAD,0.01,69,10,5,54000,53952,1690000.0,3.131949456,3.132246,3.1296096,57870.0,False,1 x NVIDIA RTX A1000,Intel(R) Core(TM) i7-14700,-0.00029654399999978764,0.08424053913944629
main_campaign_default_alpha_0_5,test2_robustez_alpha,MNIST,FedHAD,0.01,70,10,5,54002,53952,1690000.0,2.92638042,2.9266575,2.9241056,54070.0,False,1 x NVIDIA RTX A1000,Intel(R) Core(TM) i7-14700,-0.00027708000000004063,0.08727113001665288
main_campaign_default_alpha_0_5,test2_robustez_alpha,MNIST,FedHAD,0.01,71,10,5,54003,53920,1690000.0,2.7999634896,2.8002286,2.7970176,51720.0,False,1 x NVIDIA RTX A1000,Intel(R) Core(TM) i7-14700,-0.0002651103999999904,0.1148008507347198
main_campaign_default_alpha_0_5,test2_robustez_alpha,MNIST,FedHAD,0.1,42,10,5,54001,53952,1690000.0,3.2597520552,3.2600607,3.2572384,60230.0,False,1 x NVIDIA RTX A1000,Intel(R) Core(TM) i7-14700,-0.00030864480000003525,0.08664701975760192
main_campaign_default_alpha_0_5,test2_robustez_alpha,MNIST,FedHAD,0.1,43,10,5,54002,53952,1690000.0,3.1942031616,3.1945056,3.1918016,59020.0,False,1 x NVIDIA RTX A1000,Intel(R) Core(TM) i7-14700,-0.00030243839999988253,0.0847170450694712
main_campaign_default_alpha_0_5,test2_robustez_alpha,MNIST,FedHAD,0.1,44,10,5,54003,53888,1690000.0,3.209935572,3.2102395,3.2036992,59240.0,False,1 x NVIDIA RTX A1000,Intel(R) Core(TM) i7-14700,-0.0003039280000001199,0.20414837947333453
main_campaign_default_alpha_0_5,test2_robustez_alpha,MNIST,FedHAD,0.1,45,10,5,54002,53920,1690000.0,3.3522876936,3.3526051,3.347552,61900.0,False,1 x NVIDIA RTX A1000,Intel(R) Core(TM) i7-14700,-0.0003174063999997756,0.15094911147011114
main_campaign_default_alpha_0_5,test2_robustez_alpha,MNIST,FedHAD,0.1,46,10,5,54001,53920,1690000.0,3.0788208864,3.0791124,3.0749888,56860.0,False,1 x NVIDIA RTX A1000,Intel(R) Core(TM) i7-14700,-0.00029151360000012616,0.1341013014421355
main_campaign_default_alpha_0_5,test2_robustez_alpha,MNIST,FedHAD,0.1,47,10,5,54002,53920,1690000.0,3.4967352168,3.4970663,3.4919456,64570.0,False,1 x NVIDIA RTX A1000,Intel(R) Core(TM) i7-14700,-0.0003310832000003039,0.14664317794641502
main_campaign_default_alpha_0_5,test2_robustez_alpha,MNIST,FedHAD,0.1,48,10,5,54002,53920,1690000.0,3.1640395176,3.1643391,3.1593536,58420.0,False,1 x NVIDIA RTX A1000,Intel(R) Core(TM) i7-14700,-0.0002995823999998315,0.15780126668947236
main_campaign_default_alpha_0_5,test2_robustez_alpha,MNIST,FedHAD,0.1,49,10,5,54002,53952,1690000.0,3.4559593776,3.4562866,3.453008,63850.0,False,1 x NVIDIA RTX A1000,Intel(R) Core(TM) i7-14700,-0.0003272223999997159,0.09494909945182428
main_campaign_default_alpha_0_5,test2_robustez_alpha,MNIST,FedHAD,0.1,50,10,5,54002,53952,1690000.0,3.31377624,3.31409,3.3113184,61230.0,False,1 x NVIDIA RTX A1000,Intel(R) Core(TM) i7-14700,-0.0003137600000000518,0.08370080026129934
main_campaign_default_alpha_0_5,test2_robustez_alpha,MNIST,FedHAD,0.1,51,10,5,54002,53920,1690000.0,3.3564953952,3.3568132,3.3518784,61980.0,False,1 x NVIDIA RTX A1000,Intel(R) Core(TM) i7-14700,-0.00031780479999987676,0.14722491126168968
main_campaign_default_alpha_0_5,test2_robustez_alpha,MNIST,FedHAD,0.1,52,10,5,54001,53952,1690000.0,3.1141047456,3.1143996,3.1117632,57540.0,False,1 x NVIDIA RTX A1000,Intel(R) Core(TM) i7-14700,-0.0002948543999998776,0.08472367049010554
main_campaign_default_alpha_0_5,test2_robustez_alpha,MNIST,FedHAD,0.1,53,10,5,54003,53888,1690000.0,3.137103468,3.1374005,3.131232,57900.0,False,1 x NVIDIA RTX A1000,Intel(R) Core(TM) i7-14700,-0.0002970320000001969,0.19699913644215528
main_campaign_default_alpha_0_5,test2_robustez_alpha,MNIST,FedHAD,0.1,54,10,5,54003,53920,1690000.0,3.4174141272,3.4177377,3.4129888,63110.0,False,1 x NVIDIA RTX A1000,Intel(R) Core(TM) i7-14700,-0.0003235728000001714,0.13914197433053666
main_campaign_default_alpha_0_5,test2_robustez_alpha,MNIST,FedHAD,0.1,55,10,5,54003,53920,1690000.0,3.1826615544,3.1829629,3.1782816,58770.0,False,1 x NVIDIA RTX A1000,Intel(R) Core(TM) i7-14700,-0.00030134560000005806,0.14729028415858547
main_campaign_default_alpha_0_5,test2_robustez_alpha,MNIST,FedHAD,0.1,56,10,5,54002,53920,1690000.0,3.0837214224,3.0840134,3.079856,56950.0,False,1 x NVIDIA RTX A1000,Intel(R) Core(TM) i7-14700,-0.00029197759999988193,0.13498683055310767
main_campaign_default_alpha_0_5,test2_robustez_alpha,MNIST,FedHAD,0.1,57,10,5,54001,53952,1690000.0,3.2367702312,3.2370767,3.233984,59800.0,False,1 x NVIDIA RTX A1000,Intel(R) Core(TM) i7-14700,-0.00030646879999984833,0.09563127090299606
main_campaign_default_alpha_0_5,test2_robustez_alpha,MNIST,FedHAD,0.1,58,10,5,54002,53920,1690000.0,3.2409103392,3.2412172,3.236688,59850.0,False,1 x NVIDIA RTX A1000,Intel(R) Core(TM) i7-14700,-0.00030686079999986404,0.13993316624896224
main_campaign_default_alpha_0_5,test2_robustez_alpha,MNIST,FedHAD,0.1,59,10,5,54002,53920,1690000.0,3.0941308368,3.0944238,3.0901312,57140.0,False,1 x NVIDIA RTX A1000,Intel(R) Core(TM) i7-14700,-0.0002929632000001625,0.13891319565977334
main_campaign_default_alpha_0_5,test2_robustez_alpha,MNIST,FedHAD,0.1,60,10,5,54001,53920,1690000.0,3.0428441928,3.0431323,3.0387552,56190.0,False,1 x NVIDIA RTX A1000,Intel(R) Core(TM) i7-14700,-0.0002881071999998319,0.14404253425874813
main_campaign_default_alpha_0_5,test2_robustez_alpha,MNIST,FedHAD,0.1,61,10,5,54002,53888,1690000.0,3.5588368368,3.5591738,3.5519744,65680.0,False,1 x NVIDIA RTX A1000,Intel(R) Core(TM) i7-14700,-0.0003369632000000955,0.20268727161996125
main_campaign_default_alpha_0_5,test2_robustez_alpha,MNIST,FedHAD,0.1,62,10,5,54002,53920,1690000.0,2.977329096,2.977611,2.9733184,54980.0,False,1 x NVIDIA RTX A1000,Intel(R) Core(TM) i7-14700,-0.000281903999999944,0.1443706802473521
main_campaign_default_alpha_0_5,test2_robustez_alpha,MNIST,FedHAD,0.1,63,10,5,54002,53920,1690000.0,3.4965493344,3.4968804,3.4919456,64570.0,False,1 x NVIDIA RTX A1000,Intel(R) Core(TM) i7-14700,-0.0003310656000001799,0.1413194982189836
main_campaign_default_alpha_0_5,test2_robustez_alpha,MNIST,FedHAD,0.1,64,10,5,54002,53952,1690000.0,3.3431625576,3.3434791,3.3405216,61770.0,False,1 x NVIDIA RTX A1000,Intel(R) Core(TM) i7-14700,-0.00031654240000023037,0.08853407803139923
main_campaign_default_alpha_0_5,test2_robustez_alpha,MNIST,FedHAD,0.1,65,10,5,54002,53920,1690000.0,3.2407075584,3.2410144,3.236688,59850.0,False,1 x NVIDIA RTX A1000,Intel(R) Core(TM) i7-14700,-0.0003068416000000518,0.1336675020885636
main_campaign_default_alpha_0_5,test2_robustez_alpha,MNIST,FedHAD,0.1,66,10,5,54002,53888,1690000.0,3.1959436968,3.1962463,3.1901792,58990.0,False,1 x NVIDIA RTX A1000,Intel(R) Core(TM) i7-14700,-0.0003026031999997514,0.1901805390744027
main_campaign_default_alpha_0_5,test2_robustez_alpha,MNIST,FedHAD,0.1,67,10,5,54002,53952,1690000.0,3.0407994864,3.0410874,3.0382144,56180.0,False,1 x NVIDIA RTX A1000,Intel(R) Core(TM) i7-14700,-0.0002879135999998006,0.09456212175149581
main_campaign_default_alpha_0_5,test2_robustez_alpha,MNIST,FedHAD,0.1,68,10,5,54002,53920,1690000.0,3.1281304176,3.1284266,3.1242016,57770.0,False,1 x NVIDIA RTX A1000,Intel(R) Core(TM) i7-14700,-0.0002961824000000668,0.13523455080490798
main_campaign_default_alpha_0_5,test2_robustez_alpha,MNIST,FedHAD,0.1,69,10,5,54002,53952,1690000.0,3.2848968744,3.2852079,3.2821152,60690.0,False,1 x NVIDIA RTX A1000,Intel(R) Core(TM) i7-14700,-0.0003110255999998479,0.09422886801779828
main_campaign_default_alpha_0_5,test2_robustez_alpha,MNIST,FedHAD,0.1,70,10,5,54003,53952,1690000.0,3.0103147728,3.0105998,3.0079296,55620.0,False,1 x NVIDIA RTX A1000,Intel(R) Core(TM) i7-14700,-0.0002850271999998988,0.08877202445163324
main_campaign_default_alpha_0_5,test2_robustez_alpha,MNIST,FedHAD,0.1,71,10,5,54003,53920,1690000.0,3.1747362048,3.1750368,3.1701696,58620.0,False,1 x NVIDIA RTX A1000,Intel(R) Core(TM) i7-14700,-0.00030059520000014217,0.15353121801433556
main_campaign_default_alpha_0_5,test2_robustez_alpha,MNIST,FedHAD,1.0,42,10,5,54002,53920,1690000.0,3.6501895872,3.6505352,3.644992,67400.0,False,1 x NVIDIA RTX A1000,Intel(R) Core(TM) i7-14700,-0.0003456128000003389,0.15207715133531696
main_campaign_default_alpha_0_5,test2_robustez_alpha,MNIST,FedHAD,1.0,43,10,5,54003,53920,1690000.0,3.6502571808,3.6506028,3.644992,67400.0,False,1 x NVIDIA RTX A1000,Intel(R) Core(TM) i7-14700,-0.00034561919999998025,0.1539317507418536
main_campaign_default_alpha_0_5,test2_robustez_alpha,MNIST,FedHAD,1.0,44,10,5,54003,53920,1690000.0,3.6502571808,3.6506028,3.644992,67400.0,False,1 x NVIDIA RTX A1000,Intel(R) Core(TM) i7-14700,-0.00034561919999998025,0.1539317507418536
main_campaign_default_alpha_0_5,test2_robustez_alpha,MNIST,FedHAD,1.0,45,10,5,54002,53920,1690000.0,3.6501895872,3.6505352,3.644992,67400.0,False,1 x NVIDIA RTX A1000,Intel(R) Core(TM) i7-14700,-0.0003456128000003389,0.15207715133531696
main_campaign_default_alpha_0_5,test2_robustez_alpha,MNIST,FedHAD,1.0,46,10,5,54003,53952,1690000.0,3.6502571808,3.6506028,3.6471552,67440.0,False,1 x NVIDIA RTX A1000,Intel(R) Core(TM) i7-14700,-0.00034561919999998025,0.09452846975090967
main_campaign_default_alpha_0_5,test2_robustez_alpha,MNIST,FedHAD,1.0,47,10,5,54002,53920,1690000.0,3.6501895872,3.6505352,3.644992,67400.0,False,1 x NVIDIA RTX A1000,Intel(R) Core(TM) i7-14700,-0.0003456128000003389,0.15207715133531696
main_campaign_default_alpha_0_5,test2_robustez_alpha,MNIST,FedHAD,1.0,48,10,5,54002,53920,1690000.0,3.6501895872,3.6505352,3.644992,67400.0,False,1 x NVIDIA RTX A1000,Intel(R) Core(TM) i7-14700,-0.0003456128000003389,0.15207715133531696
main_campaign_default_alpha_0_5,test2_robustez_alpha,MNIST,FedHAD,1.0,49,10,5,54002,53952,1690000.0,3.8089669536,3.8093276,3.8056096,70370.0,False,1 x NVIDIA RTX A1000,Intel(R) Core(TM) i7-14700,-0.00036064639999988657,0.09769788262043999
main_campaign_default_alpha_0_5,test2_robustez_alpha,MNIST,FedHAD,1.0,50,10,5,54001,53952,1690000.0,3.6501219936,3.6504676,3.6471552,67440.0,False,1 x NVIDIA RTX A1000,Intel(R) Core(TM) i7-14700,-0.00034560639999980935,0.09082147093713022
main_campaign_default_alpha_0_5,test2_robustez_alpha,MNIST,FedHAD,1.0,51,10,5,54002,53888,1690000.0,3.6501895872,3.6505352,3.6428288,67360.0,False,1 x NVIDIA RTX A1000,Intel(R) Core(TM) i7-14700,-0.0003456128000003389,0.21154988123515128
main_campaign_default_alpha_0_5,test2_robustez_alpha,MNIST,FedHAD,1.0,52,10,5,54003,53920,1690000.0,3.6502571808,3.6506028,3.644992,67400.0,False,1 x NVIDIA RTX A1000,Intel(R) Core(TM) i7-14700,-0.00034561919999998025,0.1539317507418536
main_campaign_default_alpha_0_5,test2_robustez_alpha,MNIST,FedHAD,1.0,53,10,5,54003,53920,1690000.0,3.9524343696,3.9528086,3.9467584,72980.0,False,1 x NVIDIA RTX A1000,Intel(R) Core(TM) i7-14700,-0.000374230399999842,0.15329542340367652
main_campaign_default_alpha_0_5,test2_robustez_alpha,MNIST,FedHAD,1.0,54,10,5,54002,53952,1690000.0,3.6501895872,3.6505352,3.6471552,67440.0,False,1 x NVIDIA RTX A1000,Intel(R) Core(TM) i7-14700,-0.0003456128000003389,0.09267497034401995
main_campaign_default_alpha_0_5,test2_robustez_alpha,MNIST,FedHAD,1.0,55,10,5,54003,53920,1690000.0,3.993852348,3.9942305,3.9884,73750.0,False,1 x NVIDIA RTX A1000,Intel(R) Core(TM) i7-14700,-0.0003781520000001315,0.1461864406779645
main_campaign_default_alpha_0_5,test2_robustez_alpha,MNIST,FedHAD,1.0,56,10,5,54002,53920,1690000.0,3.6501895872,3.6505352,3.644992,67400.0,False,1 x NVIDIA RTX A1000,Intel(R) Core(TM) i7-14700,-0.0003456128000003389,0.15207715133531696
main_campaign_default_alpha_0_5,test2_robustez_alpha,MNIST,FedHAD,1.0,57,10,5,54003,53920,1690000.0,3.6502571808,3.6506028,3.644992,67400.0,False,1 x NVIDIA RTX A1000,Intel(R) Core(TM) i7-14700,-0.00034561919999998025,0.1539317507418536
main_campaign_default_alpha_0_5,test2_robustez_alpha,MNIST,FedHAD,1.0,58,10,5,54003,53952,1690000.0,3.6502571808,3.6506028,3.6471552,67440.0,False,1 x NVIDIA RTX A1000,Intel(R) Core(TM) i7-14700,-0.00034561919999998025,0.09452846975090967
main_campaign_default_alpha_0_5,test2_robustez_alpha,MNIST,FedHAD,1.0,59,10,5,54002,53984,1690000.0,3.6501895872,3.6505352,3.6493184,67480.0,False,1 x NVIDIA RTX A1000,Intel(R) Core(TM) i7-14700,-0.0003456128000003389,0.0333432128037936
main_campaign_default_alpha_0_5,test2_robustez_alpha,MNIST,FedHAD,1.0,60,10,5,54003,53952,1690000.0,3.6502571808,3.6506028,3.6471552,67440.0,False,1 x NVIDIA RTX A1000,Intel(R) Core(TM) i7-14700,-0.00034561919999998025,0.09452846975090967
main_campaign_default_alpha_0_5,test2_robustez_alpha,MNIST,FedHAD,1.0,61,10,5,54003,53952,1690000.0,3.8743975584,3.8747644,3.8710464,71580.0,False,1 x NVIDIA RTX A1000,Intel(R) Core(TM) i7-14700,-0.00036684160000000077,0.09604638167086677
main_campaign_default_alpha_0_5,test2_robustez_alpha,MNIST,FedHAD,1.0,62,10,5,54002,53920,1690000.0,3.6501895872,3.6505352,3.644992,67400.0,False,1 x NVIDIA RTX A1000,Intel(R) Core(TM) i7-14700,-0.0003456128000003389,0.15207715133531696
main_campaign_default_alpha_0_5,test2_robustez_alpha,MNIST,FedHAD,1.0,63,10,5,54002,53952,1690000.0,3.9197697624,3.9201409,3.9164736,72420.0,False,1 x NVIDIA RTX A1000,Intel(R) Core(TM) i7-14700,-0.00037113759999973794,0.09363780723556925
main_campaign_default_alpha_0_5,test2_robustez_alpha,MNIST,FedHAD,1.0,64,10,5,54003,53952,1690000.0,3.8298026808,3.8301653,3.8267008,70760.0,False,1 x NVIDIA RTX A1000,Intel(R) Core(TM) i7-14700,-0.00036261920000013603,0.09053490672696896
main_campaign_default_alpha_0_5,test2_robustez_alpha,MNIST,FedHAD,1.0,65,10,5,54003,53952,1690000.0,3.6502571808,3.6506028,3.6471552,67440.0,False,1 x NVIDIA RTX A1000,Intel(R) Core(TM) i7-14700,-0.00034561919999998025,0.09452846975090967
main_campaign_default_alpha_0_5,test2_robustez_alpha,MNIST,FedHAD,1.0,66,10,5,54003,53920,1690000.0,3.6502571808,3.6506028,3.644992,67400.0,False,1 x NVIDIA RTX A1000,Intel(R) Core(TM) i7-14700,-0.00034561919999998025,0.1539317507418536
main_campaign_default_alpha_0_5,test2_robustez_alpha,MNIST,FedHAD,1.0,67,10,5,54003,53920,1690000.0,3.6502571808,3.6506028,3.644992,67400.0,False,1 x NVIDIA RTX A1000,Intel(R) Core(TM) i7-14700,-0.00034561919999998025,0.1539317507418536
main_campaign_default_alpha_0_5,test2_robustez_alpha,MNIST,FedHAD,1.0,68,10,5,54002,53888,1690000.0,3.6501895872,3.6505352,3.6428288,67360.0,False,1 x NVIDIA RTX A1000,Intel(R) Core(TM) i7-14700,-0.0003456128000003389,0.21154988123515128
main_campaign_default_alpha_0_5,test2_robustez_alpha,MNIST,FedHAD,1.0,69,10,5,54001,53920,1690000.0,3.6501219936,3.6504676,3.644992,67400.0,False,1 x NVIDIA RTX A1000,Intel(R) Core(TM) i7-14700,-0.00034560639999980935,0.1502225519287803
main_campaign_default_alpha_0_5,test2_robustez_alpha,MNIST,FedHAD,1.0,70,10,5,54001,53952,1690000.0,3.6501219936,3.6504676,3.6471552,67440.0,False,1 x NVIDIA RTX A1000,Intel(R) Core(TM) i7-14700,-0.00034560639999980935,0.09082147093713022
main_campaign_default_alpha_0_5,test2_robustez_alpha,MNIST,FedHAD,1.0,71,10,5,54003,53920,1690000.0,3.6502571808,3.6506028,3.644992,67400.0,False,1 x NVIDIA RTX A1000,Intel(R) Core(TM) i7-14700,-0.00034561919999998025,0.1539317507418536
main_campaign_default_alpha_0_5,test2_robustez_alpha,FashionMNIST,FedAVG,0.01,42,10,5,54002,53920,1690000.0,4.562736984,4.563169,4.55624,84250.0,False,1 x NVIDIA RTX A1000,Intel(R) Core(TM) i7-14700,-0.0004320160000004236,0.15207715133531696
main_campaign_default_alpha_0_5,test2_robustez_alpha,FashionMNIST,FedAVG,0.01,43,10,5,54002,53920,1690000.0,4.562736984,4.563169,4.55624,84250.0,False,1 x NVIDIA RTX A1000,Intel(R) Core(TM) i7-14700,-0.0004320160000004236,0.15207715133531696
main_campaign_default_alpha_0_5,test2_robustez_alpha,FashionMNIST,FedAVG,0.01,44,10,5,54002,53920,1690000.0,4.562736984,4.563169,4.55624,84250.0,False,1 x NVIDIA RTX A1000,Intel(R) Core(TM) i7-14700,-0.0004320160000004236,0.15207715133531696
main_campaign_default_alpha_0_5,test2_robustez_alpha,FashionMNIST,FedAVG,0.01,45,10,5,54002,53888,1690000.0,4.562736984,4.563169,4.553536,84200.0,False,1 x NVIDIA RTX A1000,Intel(R) Core(TM) i7-14700,-0.0004320160000004236,0.21154988123515128
main_campaign_default_alpha_0_5,test2_robustez_alpha,FashionMNIST,FedAVG,0.01,46,10,5,54000,53920,1690000.0,4.562568,4.563,4.55624,84250.0,False,1 x NVIDIA RTX A1000,Intel(R) Core(TM) i7-14700,-0.00043199999999998795,0.14836795252224366
main_campaign_default_alpha_0_5,test2_robustez_alpha,FashionMNIST,FedAVG,0.01,47,10,5,54003,53888,1690000.0,4.562821476,4.5632535,4.553536,84200.0,False,1 x NVIDIA RTX A1000,Intel(R) Core(TM) i7-14700,-0.00043202400000019736,0.2134055819477343
main_campaign_default_alpha_0_5,test2_robustez_alpha,FashionMNIST,FedAVG,0.01,48,10,5,54001,53952,1690000.0,4.562652492,4.5630845,4.558944,84300.0,False,1 x NVIDIA RTX A1000,Intel(R) Core(TM) i7-14700,-0.00043200800000064987,0.09082147093713022
main_campaign_default_alpha_0_5,test2_robustez_alpha,FashionMNIST,FedAVG,0.01,49,10,5,54003,53888,1690000.0,4.562821476,4.5632535,4.553536,84200.0,False,1 x NVIDIA RTX A1000,Intel(R) Core(TM) i7-14700,-0.00043202400000019736,0.2134055819477343
main_campaign_default_alpha_0_5,test2_robustez_alpha,FashionMNIST,FedAVG,0.01,50,10,5,54002,53920,1690000.0,4.562736984,4.563169,4.55624,84250.0,False,1 x NVIDIA RTX A1000,Intel(R) Core(TM) i7-14700,-0.0004320160000004236,0.15207715133531696
main_campaign_default_alpha_0_5,test2_robustez_alpha,FashionMNIST,FedAVG,0.01,51,10,5,54000,53952,1690000.0,4.562568,4.563,4.558944,84300.0,False,1 x NVIDIA RTX A1000,Intel(R) Core(TM) i7-14700,-0.00043199999999998795,0.0889679715302405
main_campaign_default_alpha_0_5,test2_robustez_alpha,FashionMNIST,FedAVG,0.01,52,10,5,54001,53953,1690000.0,4.562652492,4.5630845,4.5590285,84300.0,False,1 x NVIDIA RTX A1000,Intel(R) Core(TM) i7-14700,-0.00043200800000064987,0.08896632253998504
main_campaign_default_alpha_0_5,test2_robustez_alpha,FashionMNIST,FedAVG,0.01,53,10,5,54003,53920,1690000.0,4.562821476,4.5632535,4.55624,84250.0,False,1 x NVIDIA RTX A1000,Intel(R) Core(TM) i7-14700,-0.00043202400000019736,0.1539317507418536
main_campaign_default_alpha_0_5,test2_robustez_alpha,FashionMNIST,FedAVG,0.01,54,10,5,54002,53920,1690000.0,4.562736984,4.563169,4.55624,84250.0,False,1 x NVIDIA RTX A1000,Intel(R) Core(TM) i7-14700,-0.0004320160000004236,0.15207715133531696
main_campaign_default_alpha_0_5,test2_robustez_alpha,FashionMNIST,FedAVG,0.01,55,10,5,54002,53921,1690000.0,4.562736984,4.563169,4.5563245,84250.0,False,1 x NVIDIA RTX A1000,Intel(R) Core(TM) i7-14700,-0.0004320160000004236,0.1502197659539073
main_campaign_default_alpha_0_5,test2_robustez_alpha,FashionMNIST,FedAVG,0.01,56,10,5,54001,53920,1690000.0,4.562652492,4.5630845,4.55624,84250.0,False,1 x NVIDIA RTX A1000,Intel(R) Core(TM) i7-14700,-0.00043200800000064987,0.15022255192880252
main_campaign_default_alpha_0_5,test2_robustez_alpha,FashionMNIST,FedAVG,0.01,57,10,5,54001,53952,1690000.0,4.562652492,4.5630845,4.558944,84300.0,False,1 x NVIDIA RTX A1000,Intel(R) Core(TM) i7-14700,-0.00043200800000064987,0.09082147093713022
main_campaign_default_alpha_0_5,test2_robustez_alpha,FashionMNIST,FedAVG,0.01,58,10,5,54002,53888,1690000.0,4.562736984,4.563169,4.553536,84200.0,False,1 x NVIDIA RTX A1000,Intel(R) Core(TM) i7-14700,-0.0004320160000004236,0.21154988123515128
main_campaign_default_alpha_0_5,test2_robustez_alpha,FashionMNIST,FedAVG,0.01,59,10,5,54003,53952,1690000.0,4.562821476,4.5632535,4.558944,84300.0,False,1 x NVIDIA RTX A1000,Intel(R) Core(TM) i7-14700,-0.00043202400000019736,0.09452846975088747
main_campaign_default_alpha_0_5,test2_robustez_alpha,FashionMNIST,FedAVG,0.01,60,10,5,54002,53888,1690000.0,4.562736984,4.563169,4.553536,84200.0,False,1 x NVIDIA RTX A1000,Intel(R) Core(TM) i7-14700,-0.0004320160000004236,0.21154988123515128
main_campaign_default_alpha_0_5,test2_robustez_alpha,FashionMNIST,FedAVG,0.01,61,10,5,54003,53920,1690000.0,4.562821476,4.5632535,4.55624,84250.0,False,1 x NVIDIA RTX A1000,Intel(R) Core(TM) i7-14700,-0.00043202400000019736,0.1539317507418536
main_campaign_default_alpha_0_5,test2_robustez_alpha,FashionMNIST,FedAVG,0.01,62,10,5,54002,53888,1690000.0,4.562736984,4.563169,4.553536,84200.0,False,1 x NVIDIA RTX A1000,Intel(R) Core(TM) i7-14700,-0.0004320160000004236,0.21154988123515128
main_campaign_default_alpha_0_5,test2_robustez_alpha,FashionMNIST,FedAVG,0.01,63,10,5,54002,53952,1690000.0,4.562736984,4.563169,4.558944,84300.0,False,1 x NVIDIA RTX A1000,Intel(R) Core(TM) i7-14700,-0.0004320160000004236,0.09267497034399774
main_campaign_default_alpha_0_5,test2_robustez_alpha,FashionMNIST,FedAVG,0.01,64,10,5,54001,53920,1690000.0,4.562652492,4.5630845,4.55624,84250.0,False,1 x NVIDIA RTX A1000,Intel(R) Core(TM) i7-14700,-0.00043200800000064987,0.15022255192880252
main_campaign_default_alpha_0_5,test2_robustez_alpha,FashionMNIST,FedAVG,0.01,65,10,5,54003,53888,1690000.0,4.562821476,4.5632535,4.553536,84200.0,False,1 x NVIDIA RTX A1000,Intel(R) Core(TM) i7-14700,-0.00043202400000019736,0.2134055819477343
main_campaign_default_alpha_0_5,test2_robustez_alpha,FashionMNIST,FedAVG,0.01,66,10,5,54002,53952,1690000.0,4.562736984,4.563169,4.558944,84300.0,False,1 x NVIDIA RTX A1000,Intel(R) Core(TM) i7-14700,-0.0004320160000004236,0.09267497034399774
main_campaign_default_alpha_0_5,test2_robustez_alpha,FashionMNIST,FedAVG,0.01,67,10,5,54001,53888,1690000.0,4.562652492,4.5630845,4.553536,84200.0,False,1 x NVIDIA RTX A1000,Intel(R) Core(TM) i7-14700,-0.00043200800000064987,0.20969418052256827
main_campaign_default_alpha_0_5,test2_robustez_alpha,FashionMNIST,FedAVG,0.01,68,10,5,54002,53920,1690000.0,4.562736984,4.563169,4.55624,84250.0,False,1 x NVIDIA RTX A1000,Intel(R) Core(TM) i7-14700,-0.0004320160000004236,0.15207715133531696
main_campaign_default_alpha_0_5,test2_robustez_alpha,FashionMNIST,FedAVG,0.01,69,10,5,54001,53921,1690000.0,4.562652492,4.5630845,4.5563245,84250.0,False,1 x NVIDIA RTX A1000,Intel(R) Core(TM) i7-14700,-0.00043200800000064987,0.14836520094214656
main_campaign_default_alpha_0_5,test2_robustez_alpha,FashionMNIST,FedAVG,0.01,70,10,5,54002,53888,1690000.0,4.562736984,4.563169,4.553536,84200.0,False,1 x NVIDIA RTX A1000,Intel(R) Core(TM) i7-14700,-0.0004320160000004236,0.21154988123515128
main_campaign_default_alpha_0_5,test2_robustez_alpha,FashionMNIST,FedAVG,0.01,71,10,5,54002,53920,1690000.0,4.562736984,4.563169,4.55624,84250.0,False,1 x NVIDIA RTX A1000,Intel(R) Core(TM) i7-14700,-0.0004320160000004236,0.15207715133531696
main_campaign_default_alpha_0_5,test2_robustez_alpha,FashionMNIST,FedAVG,0.1,42,10,5,54003,53888,1690000.0,4.562821476,4.5632535,4.553536,84200.0,False,1 x NVIDIA RTX A1000,Intel(R) Core(TM) i7-14700,-0.00043202400000019736,0.2134055819477343
main_campaign_default_alpha_0_5,test2_robustez_alpha,FashionMNIST,FedAVG,0.1,43,10,5,54002,53920,1690000.0,4.562736984,4.563169,4.55624,84250.0,False,1 x NVIDIA RTX A1000,Intel(R) Core(TM) i7-14700,-0.0004320160000004236,0.15207715133531696
main_campaign_default_alpha_0_5,test2_robustez_alpha,FashionMNIST,FedAVG,0.1,44,10,5,54003,53952,1690000.0,4.562821476,4.5632535,4.558944,84300.0,False,1 x NVIDIA RTX A1000,Intel(R) Core(TM) i7-14700,-0.00043202400000019736,0.09452846975088747
main_campaign_default_alpha_0_5,test2_robustez_alpha,FashionMNIST,FedAVG,0.1,45,10,5,54002,53920,1690000.0,4.562736984,4.563169,4.55624,84250.0,False,1 x NVIDIA RTX A1000,Intel(R) Core(TM) i7-14700,-0.0004320160000004236,0.15207715133531696
main_campaign_default_alpha_0_5,test2_robustez_alpha,FashionMNIST,FedAVG,0.1,46,10,5,54002,53920,1690000.0,4.562736984,4.563169,4.55624,84250.0,False,1 x NVIDIA RTX A1000,Intel(R) Core(TM) i7-14700,-0.0004320160000004236,0.15207715133531696
main_campaign_default_alpha_0_5,test2_robustez_alpha,FashionMNIST,FedAVG,0.1,47,10,5,54002,53920,1690000.0,4.562736984,4.563169,4.55624,84250.0,False,1 x NVIDIA RTX A1000,Intel(R) Core(TM) i7-14700,-0.0004320160000004236,0.15207715133531696
main_campaign_default_alpha_0_5,test2_robustez_alpha,FashionMNIST,FedAVG,0.1,48,10,5,54002,53888,1690000.0,4.562736984,4.563169,4.553536,84200.0,False,1 x NVIDIA RTX A1000,Intel(R) Core(TM) i7-14700,-0.0004320160000004236,0.21154988123515128
main_campaign_default_alpha_0_5,test2_robustez_alpha,FashionMNIST,FedAVG,0.1,49,10,5,54002,53920,1690000.0,4.562736984,4.563169,4.55624,84250.0,False,1 x NVIDIA RTX A1000,Intel(R) Core(TM) i7-14700,-0.0004320160000004236,0.15207715133531696
main_campaign_default_alpha_0_5,test2_robustez_alpha,FashionMNIST,FedAVG,0.1,50,10,5,54002,53920,1690000.0,4.562736984,4.563169,4.55624,84250.0,False,1 x NVIDIA RTX A1000,Intel(R) Core(TM) i7-14700,-0.0004320160000004236,0.15207715133531696
main_campaign_default_alpha_0_5,test2_robustez_alpha,FashionMNIST,FedAVG,0.1,51,10,5,54002,53952,1690000.0,4.562736984,4.563169,4.558944,84300.0,False,1 x NVIDIA RTX A1000,Intel(R) Core(TM) i7-14700,-0.0004320160000004236,0.09267497034399774
main_campaign_default_alpha_0_5,test2_robustez_alpha,FashionMNIST,FedAVG,0.1,52,10,5,54004,53952,1690000.0,4.562905968,4.563338,4.558944,84300.0,False,1 x NVIDIA RTX A1000,Intel(R) Core(TM) i7-14700,-0.0004320319999999711,0.09638196915775499
main_campaign_default_alpha_0_5,test2_robustez_alpha,FashionMNIST,FedAVG,0.1,53,10,5,54001,53920,1690000.0,4.562652492,4.5630845,4.55624,84250.0,False,1 x NVIDIA RTX A1000,Intel(R) Core(TM) i7-14700,-0.00043200800000064987,0.15022255192880252
main_campaign_default_alpha_0_5,test2_robustez_alpha,FashionMNIST,FedAVG,0.1,54,10,5,54002,53952,1690000.0,4.562736984,4.563169,4.558944,84300.0,False,1 x NVIDIA RTX A1000,Intel(R) Core(TM) i7-14700,-0.0004320160000004236,0.09267497034399774
main_campaign_default_alpha_0_5,test2_robustez_alpha,FashionMNIST,FedAVG,0.1,55,10,5,54002,53888,1690000.0,4.562736984,4.563169,4.553536,84200.0,False,1 x NVIDIA RTX A1000,Intel(R) Core(TM) i7-14700,-0.0004320160000004236,0.21154988123515128
main_campaign_default_alpha_0_5,test2_robustez_alpha,FashionMNIST,FedAVG,0.1,56,10,5,54002,53888,1690000.0,4.562736984,4.563169,4.553536,84200.0,False,1 x NVIDIA RTX A1000,Intel(R) Core(TM) i7-14700,-0.0004320160000004236,0.21154988123515128
main_campaign_default_alpha_0_5,test2_robustez_alpha,FashionMNIST,FedAVG,0.1,57,10,5,54002,53920,1690000.0,4.562736984,4.563169,4.55624,84250.0,False,1 x NVIDIA RTX A1000,Intel(R) Core(TM) i7-14700,-0.0004320160000004236,0.15207715133531696
main_campaign_default_alpha_0_5,test2_robustez_alpha,FashionMNIST,FedAVG,0.1,58,10,5,54003,53920,1690000.0,4.562821476,4.5632535,4.55624,84250.0,False,1 x NVIDIA RTX A1000,Intel(R) Core(TM) i7-14700,-0.00043202400000019736,0.1539317507418536
main_campaign_default_alpha_0_5,test2_robustez_alpha,FashionMNIST,FedAVG,0.1,59,10,5,54002,53920,1690000.0,4.562736984,4.563169,4.55624,84250.0,False,1 x NVIDIA RTX A1000,Intel(R) Core(TM) i7-14700,-0.0004320160000004236,0.15207715133531696
main_campaign_default_alpha_0_5,test2_robustez_alpha,FashionMNIST,FedAVG,0.1,60,10,5,54002,53920,1690000.0,4.562736984,4.563169,4.55624,84250.0,False,1 x NVIDIA RTX A1000,Intel(R) Core(TM) i7-14700,-0.0004320160000004236,0.15207715133531696
main_campaign_default_alpha_0_5,test2_robustez_alpha,FashionMNIST,FedAVG,0.1,61,10,5,54004,53920,1690000.0,4.562905968,4.563338,4.55624,84250.0,False,1 x NVIDIA RTX A1000,Intel(R) Core(TM) i7-14700,-0.0004320319999999711,0.15578635014836806
main_campaign_default_alpha_0_5,test2_robustez_alpha,FashionMNIST,FedAVG,0.1,62,10,5,54002,53920,1690000.0,4.562736984,4.563169,4.55624,84250.0,False,1 x NVIDIA RTX A1000,Intel(R) Core(TM) i7-14700,-0.0004320160000004236,0.15207715133531696
main_campaign_default_alpha_0_5,test2_robustez_alpha,FashionMNIST,FedAVG,0.1,63,10,5,54002,53920,1690000.0,4.562736984,4.563169,4.55624,84250.0,False,1 x NVIDIA RTX A1000,Intel(R) Core(TM) i7-14700,-0.0004320160000004236,0.15207715133531696
main_campaign_default_alpha_0_5,test2_robustez_alpha,FashionMNIST,FedAVG,0.1,64,10,5,54001,53952,1690000.0,4.562652492,4.5630845,4.558944,84300.0,False,1 x NVIDIA RTX A1000,Intel(R) Core(TM) i7-14700,-0.00043200800000064987,0.09082147093713022
main_campaign_default_alpha_0_5,test2_robustez_alpha,FashionMNIST,FedAVG,0.1,65,10,5,54003,53920,1690000.0,4.562821476,4.5632535,4.55624,84250.0,False,1 x NVIDIA RTX A1000,Intel(R) Core(TM) i7-14700,-0.00043202400000019736,0.1539317507418536
main_campaign_default_alpha_0_5,test2_robustez_alpha,FashionMNIST,FedAVG,0.1,66,10,5,54001,53920,1690000.0,4.562652492,4.5630845,4.55624,84250.0,False,1 x NVIDIA RTX A1000,Intel(R) Core(TM) i7-14700,-0.00043200800000064987,0.15022255192880252
main_campaign_default_alpha_0_5,test2_robustez_alpha,FashionMNIST,FedAVG,0.1,67,10,5,54003,53952,1690000.0,4.562821476,4.5632535,4.558944,84300.0,False,1 x NVIDIA RTX A1000,Intel(R) Core(TM) i7-14700,-0.00043202400000019736,0.09452846975088747
main_campaign_default_alpha_0_5,test2_robustez_alpha,FashionMNIST,FedAVG,0.1,68,10,5,54002,53920,1690000.0,4.562736984,4.563169,4.55624,84250.0,False,1 x NVIDIA RTX A1000,Intel(R) Core(TM) i7-14700,-0.0004320160000004236,0.15207715133531696
main_campaign_default_alpha_0_5,test2_robustez_alpha,FashionMNIST,FedAVG,0.1,69,10,5,54002,53920,1690000.0,4.562736984,4.563169,4.55624,84250.0,False,1 x NVIDIA RTX A1000,Intel(R) Core(TM) i7-14700,-0.0004320160000004236,0.15207715133531696
main_campaign_default_alpha_0_5,test2_robustez_alpha,FashionMNIST,FedAVG,0.1,70,10,5,54002,53920,1690000.0,4.562736984,4.563169,4.55624,84250.0,False,1 x NVIDIA RTX A1000,Intel(R) Core(TM) i7-14700,-0.0004320160000004236,0.15207715133531696
main_campaign_default_alpha_0_5,test2_robustez_alpha,FashionMNIST,FedAVG,0.1,71,10,5,54002,53920,1690000.0,4.562736984,4.563169,4.55624,84250.0,False,1 x NVIDIA RTX A1000,Intel(R) Core(TM) i7-14700,-0.0004320160000004236,0.15207715133531696
main_campaign_default_alpha_0_5,test2_robustez_alpha,FashionMNIST,FedAVG,1.0,42,10,5,54002,53920,1690000.0,4.562736984,4.563169,4.55624,84250.0,False,1 x NVIDIA RTX A1000,Intel(R) Core(TM) i7-14700,-0.0004320160000004236,0.15207715133531696
main_campaign_default_alpha_0_5,test2_robustez_alpha,FashionMNIST,FedAVG,1.0,43,10,5,54002,53920,1690000.0,4.562736984,4.563169,4.55624,84250.0,False,1 x NVIDIA RTX A1000,Intel(R) Core(TM) i7-14700,-0.0004320160000004236,0.15207715133531696
main_campaign_default_alpha_0_5,test2_robustez_alpha,FashionMNIST,FedAVG,1.0,44,10,5,54002,53920,1690000.0,4.562736984,4.563169,4.55624,84250.0,False,1 x NVIDIA RTX A1000,Intel(R) Core(TM) i7-14700,-0.0004320160000004236,0.15207715133531696
main_campaign_default_alpha_0_5,test2_robustez_alpha,FashionMNIST,FedAVG,1.0,45,10,5,54002,53920,1690000.0,4.562736984,4.563169,4.55624,84250.0,False,1 x NVIDIA RTX A1000,Intel(R) Core(TM) i7-14700,-0.0004320160000004236,0.15207715133531696
main_campaign_default_alpha_0_5,test2_robustez_alpha,FashionMNIST,FedAVG,1.0,46,10,5,54002,53920,1690000.0,4.562736984,4.563169,4.55624,84250.0,False,1 x NVIDIA RTX A1000,Intel(R) Core(TM) i7-14700,-0.0004320160000004236,0.15207715133531696
main_campaign_default_alpha_0_5,test2_robustez_alpha,FashionMNIST,FedAVG,1.0,47,10,5,54002,53952,1690000.0,4.562736984,4.563169,4.558944,84300.0,False,1 x NVIDIA RTX A1000,Intel(R) Core(TM) i7-14700,-0.0004320160000004236,0.09267497034399774
main_campaign_default_alpha_0_5,test2_robustez_alpha,FashionMNIST,FedAVG,1.0,48,10,5,54003,53952,1690000.0,4.562821476,4.5632535,4.558944,84300.0,False,1 x NVIDIA RTX A1000,Intel(R) Core(TM) i7-14700,-0.00043202400000019736,0.09452846975088747
main_campaign_default_alpha_0_5,test2_robustez_alpha,FashionMNIST,FedAVG,1.0,49,10,5,54002,53952,1690000.0,4.562736984,4.563169,4.558944,84300.0,False,1 x NVIDIA RTX A1000,Intel(R) Core(TM) i7-14700,-0.0004320160000004236,0.09267497034399774
main_campaign_default_alpha_0_5,test2_robustez_alpha,FashionMNIST,FedAVG,1.0,50,10,5,54002,53952,1690000.0,4.562736984,4.563169,4.558944,84300.0,False,1 x NVIDIA RTX A1000,Intel(R) Core(TM) i7-14700,-0.0004320160000004236,0.09267497034399774
main_campaign_default_alpha_0_5,test2_robustez_alpha,FashionMNIST,FedAVG,1.0,51,10,5,54002,53920,1690000.0,4.562736984,4.563169,4.55624,84250.0,False,1 x NVIDIA RTX A1000,Intel(R) Core(TM) i7-14700,-0.0004320160000004236,0.15207715133531696
main_campaign_default_alpha_0_5,test2_robustez_alpha,FashionMNIST,FedAVG,1.0,52,10,5,54002,53920,1690000.0,4.562736984,4.563169,4.55624,84250.0,False,1 x NVIDIA RTX A1000,Intel(R) Core(TM) i7-14700,-0.0004320160000004236,0.15207715133531696
main_campaign_default_alpha_0_5,test2_robustez_alpha,FashionMNIST,FedAVG,1.0,53,10,5,54003,53920,1690000.0,4.562821476,4.5632535,4.55624,84250.0,False,1 x NVIDIA RTX A1000,Intel(R) Core(TM) i7-14700,-0.00043202400000019736,0.1539317507418536
main_campaign_default_alpha_0_5,test2_robustez_alpha,FashionMNIST,FedAVG,1.0,54,10,5,54002,53952,1690000.0,4.562736984,4.563169,4.558944,84300.0,False,1 x NVIDIA RTX A1000,Intel(R) Core(TM) i7-14700,-0.0004320160000004236,0.09267497034399774
main_campaign_default_alpha_0_5,test2_robustez_alpha,FashionMNIST,FedAVG,1.0,55,10,5,54001,53920,1690000.0,4.562652492,4.5630845,4.55624,84250.0,False,1 x NVIDIA RTX A1000,Intel(R) Core(TM) i7-14700,-0.00043200800000064987,0.15022255192880252
main_campaign_default_alpha_0_5,test2_robustez_alpha,FashionMNIST,FedAVG,1.0,56,10,5,54002,53920,1690000.0,4.562736984,4.563169,4.55624,84250.0,False,1 x NVIDIA RTX A1000,Intel(R) Core(TM) i7-14700,-0.0004320160000004236,0.15207715133531696
main_campaign_default_alpha_0_5,test2_robustez_alpha,FashionMNIST,FedAVG,1.0,57,10,5,54003,53920,1690000.0,4.562821476,4.5632535,4.55624,84250.0,False,1 x NVIDIA RTX A1000,Intel(R) Core(TM) i7-14700,-0.00043202400000019736,0.1539317507418536
main_campaign_default_alpha_0_5,test2_robustez_alpha,FashionMNIST,FedAVG,1.0,58,10,5,54003,53920,1690000.0,4.562821476,4.5632535,4.55624,84250.0,False,1 x NVIDIA RTX A1000,Intel(R) Core(TM) i7-14700,-0.00043202400000019736,0.1539317507418536
main_campaign_default_alpha_0_5,test2_robustez_alpha,FashionMNIST,FedAVG,1.0,59,10,5,54003,53952,1690000.0,4.562821476,4.5632535,4.558944,84300.0,False,1 x NVIDIA RTX A1000,Intel(R) Core(TM) i7-14700,-0.00043202400000019736,0.09452846975088747
main_campaign_default_alpha_0_5,test2_robustez_alpha,FashionMNIST,FedAVG,1.0,60,10,5,54003,53920,1690000.0,4.562821476,4.5632535,4.55624,84250.0,False,1 x NVIDIA RTX A1000,Intel(R) Core(TM) i7-14700,-0.00043202400000019736,0.1539317507418536
main_campaign_default_alpha_0_5,test2_robustez_alpha,FashionMNIST,FedAVG,1.0,61,10,5,54003,53888,1690000.0,4.562821476,4.5632535,4.553536,84200.0,False,1 x NVIDIA RTX A1000,Intel(R) Core(TM) i7-14700,-0.00043202400000019736,0.2134055819477343
main_campaign_default_alpha_0_5,test2_robustez_alpha,FashionMNIST,FedAVG,1.0,62,10,5,54003,53920,1690000.0,4.562821476,4.5632535,4.55624,84250.0,False,1 x NVIDIA RTX A1000,Intel(R) Core(TM) i7-14700,-0.00043202400000019736,0.1539317507418536
main_campaign_default_alpha_0_5,test2_robustez_alpha,FashionMNIST,FedAVG,1.0,63,10,5,54002,53952,1690000.0,4.562736984,4.563169,4.558944,84300.0,False,1 x NVIDIA RTX A1000,Intel(R) Core(TM) i7-14700,-0.0004320160000004236,0.09267497034399774
main_campaign_default_alpha_0_5,test2_robustez_alpha,FashionMNIST,FedAVG,1.0,64,10,5,54003,53920,1690000.0,4.562821476,4.5632535,4.55624,84250.0,False,1 x NVIDIA RTX A1000,Intel(R) Core(TM) i7-14700,-0.00043202400000019736,0.1539317507418536
main_campaign_default_alpha_0_5,test2_robustez_alpha,FashionMNIST,FedAVG,1.0,65,10,5,54003,53888,1690000.0,4.562821476,4.5632535,4.553536,84200.0,False,1 x NVIDIA RTX A1000,Intel(R) Core(TM) i7-14700,-0.00043202400000019736,0.2134055819477343
main_campaign_default_alpha_0_5,test2_robustez_alpha,FashionMNIST,FedAVG,1.0,66,10,5,54002,53952,1690000.0,4.562736984,4.563169,4.558944,84300.0,False,1 x NVIDIA RTX A1000,Intel(R) Core(TM) i7-14700,-0.0004320160000004236,0.09267497034399774
main_campaign_default_alpha_0_5,test2_robustez_alpha,FashionMNIST,FedAVG,1.0,67,10,5,54003,53952,1690000.0,4.562821476,4.5632535,4.558944,84300.0,False,1 x NVIDIA RTX A1000,Intel(R) Core(TM) i7-14700,-0.00043202400000019736,0.09452846975088747
main_campaign_default_alpha_0_5,test2_robustez_alpha,FashionMNIST,FedAVG,1.0,68,10,5,54002,53920,1690000.0,4.562736984,4.563169,4.55624,84250.0,False,1 x NVIDIA RTX A1000,Intel(R) Core(TM) i7-14700,-0.0004320160000004236,0.15207715133531696
main_campaign_default_alpha_0_5,test2_robustez_alpha,FashionMNIST,FedAVG,1.0,69,10,5,54003,53920,1690000.0,4.562821476,4.5632535,4.55624,84250.0,False,1 x NVIDIA RTX A1000,Intel(R) Core(TM) i7-14700,-0.00043202400000019736,0.1539317507418536
main_campaign_default_alpha_0_5,test2_robustez_alpha,FashionMNIST,FedAVG,1.0,70,10,5,54002,53920,1690000.0,4.562736984,4.563169,4.55624,84250.0,False,1 x NVIDIA RTX A1000,Intel(R) Core(TM) i7-14700,-0.0004320160000004236,0.15207715133531696
main_campaign_default_alpha_0_5,test2_robustez_alpha,FashionMNIST,FedAVG,1.0,71,10,5,54003,53920,1690000.0,4.562821476,4.5632535,4.55624,84250.0,False,1 x NVIDIA RTX A1000,Intel(R) Core(TM) i7-14700,-0.00043202400000019736,0.1539317507418536
main_campaign_default_alpha_0_5,test2_robustez_alpha,FashionMNIST,FedAvgM,0.01,42,10,5,54002,53920,1690000.0,4.562736984,4.563169,4.55624,84250.0,False,1 x NVIDIA RTX A1000,Intel(R) Core(TM) i7-14700,-0.0004320160000004236,0.15207715133531696
main_campaign_default_alpha_0_5,test2_robustez_alpha,FashionMNIST,FedAvgM,0.01,43,10,5,54002,53920,1690000.0,4.562736984,4.563169,4.55624,84250.0,False,1 x NVIDIA RTX A1000,Intel(R) Core(TM) i7-14700,-0.0004320160000004236,0.15207715133531696
main_campaign_default_alpha_0_5,test2_robustez_alpha,FashionMNIST,FedAvgM,0.01,44,10,5,54002,53920,1690000.0,4.562736984,4.563169,4.55624,84250.0,False,1 x NVIDIA RTX A1000,Intel(R) Core(TM) i7-14700,-0.0004320160000004236,0.15207715133531696
main_campaign_default_alpha_0_5,test2_robustez_alpha,FashionMNIST,FedAvgM,0.01,45,10,5,54002,53888,1690000.0,4.562736984,4.563169,4.553536,84200.0,False,1 x NVIDIA RTX A1000,Intel(R) Core(TM) i7-14700,-0.0004320160000004236,0.21154988123515128
main_campaign_default_alpha_0_5,test2_robustez_alpha,FashionMNIST,FedAvgM,0.01,46,10,5,54000,53920,1690000.0,4.562568,4.563,4.55624,84250.0,False,1 x NVIDIA RTX A1000,Intel(R) Core(TM) i7-14700,-0.00043199999999998795,0.14836795252224366
main_campaign_default_alpha_0_5,test2_robustez_alpha,FashionMNIST,FedAvgM,0.01,47,10,5,54003,53888,1690000.0,4.562821476,4.5632535,4.553536,84200.0,False,1 x NVIDIA RTX A1000,Intel(R) Core(TM) i7-14700,-0.00043202400000019736,0.2134055819477343
main_campaign_default_alpha_0_5,test2_robustez_alpha,FashionMNIST,FedAvgM,0.01,48,10,5,54001,53952,1690000.0,4.562652492,4.5630845,4.558944,84300.0,False,1 x NVIDIA RTX A1000,Intel(R) Core(TM) i7-14700,-0.00043200800000064987,0.09082147093713022
main_campaign_default_alpha_0_5,test2_robustez_alpha,FashionMNIST,FedAvgM,0.01,49,10,5,54003,53888,1690000.0,4.562821476,4.5632535,4.553536,84200.0,False,1 x NVIDIA RTX A1000,Intel(R) Core(TM) i7-14700,-0.00043202400000019736,0.2134055819477343
main_campaign_default_alpha_0_5,test2_robustez_alpha,FashionMNIST,FedAvgM,0.01,50,10,5,54002,53920,1690000.0,4.562736984,4.563169,4.55624,84250.0,False,1 x NVIDIA RTX A1000,Intel(R) Core(TM) i7-14700,-0.0004320160000004236,0.15207715133531696
main_campaign_default_alpha_0_5,test2_robustez_alpha,FashionMNIST,FedAvgM,0.01,51,10,5,54000,53952,1690000.0,4.562568,4.563,4.558944,84300.0,False,1 x NVIDIA RTX A1000,Intel(R) Core(TM) i7-14700,-0.00043199999999998795,0.0889679715302405
main_campaign_default_alpha_0_5,test2_robustez_alpha,FashionMNIST,FedAvgM,0.01,52,10,5,54001,53953,1690000.0,4.562652492,4.5630845,4.5590285,84300.0,False,1 x NVIDIA RTX A1000,Intel(R) Core(TM) i7-14700,-0.00043200800000064987,0.08896632253998504
main_campaign_default_alpha_0_5,test2_robustez_alpha,FashionMNIST,FedAvgM,0.01,53,10,5,54003,53920,1690000.0,4.562821476,4.5632535,4.55624,84250.0,False,1 x NVIDIA RTX A1000,Intel(R) Core(TM) i7-14700,-0.00043202400000019736,0.1539317507418536
main_campaign_default_alpha_0_5,test2_robustez_alpha,FashionMNIST,FedAvgM,0.01,54,10,5,54002,53920,1690000.0,4.562736984,4.563169,4.55624,84250.0,False,1 x NVIDIA RTX A1000,Intel(R) Core(TM) i7-14700,-0.0004320160000004236,0.15207715133531696
main_campaign_default_alpha_0_5,test2_robustez_alpha,FashionMNIST,FedAvgM,0.01,55,10,5,54002,53921,1690000.0,4.562736984,4.563169,4.5563245,84250.0,False,1 x NVIDIA RTX A1000,Intel(R) Core(TM) i7-14700,-0.0004320160000004236,0.1502197659539073
main_campaign_default_alpha_0_5,test2_robustez_alpha,FashionMNIST,FedAvgM,0.01,56,10,5,54001,53920,1690000.0,4.562652492,4.5630845,4.55624,84250.0,False,1 x NVIDIA RTX A1000,Intel(R) Core(TM) i7-14700,-0.00043200800000064987,0.15022255192880252
main_campaign_default_alpha_0_5,test2_robustez_alpha,FashionMNIST,FedAvgM,0.01,57,10,5,54001,53952,1690000.0,4.562652492,4.5630845,4.558944,84300.0,False,1 x NVIDIA RTX A1000,Intel(R) Core(TM) i7-14700,-0.00043200800000064987,0.09082147093713022
main_campaign_default_alpha_0_5,test2_robustez_alpha,FashionMNIST,FedAvgM,0.01,58,10,5,54002,53888,1690000.0,4.562736984,4.563169,4.553536,84200.0,False,1 x NVIDIA RTX A1000,Intel(R) Core(TM) i7-14700,-0.0004320160000004236,0.21154988123515128
main_campaign_default_alpha_0_5,test2_robustez_alpha,FashionMNIST,FedAvgM,0.01,59,10,5,54003,53952,1690000.0,4.562821476,4.5632535,4.558944,84300.0,False,1 x NVIDIA RTX A1000,Intel(R) Core(TM) i7-14700,-0.00043202400000019736,0.09452846975088747
main_campaign_default_alpha_0_5,test2_robustez_alpha,FashionMNIST,FedAvgM,0.01,60,10,5,54002,53888,1690000.0,4.562736984,4.563169,4.553536,84200.0,False,1 x NVIDIA RTX A1000,Intel(R) Core(TM) i7-14700,-0.0004320160000004236,0.21154988123515128
main_campaign_default_alpha_0_5,test2_robustez_alpha,FashionMNIST,FedAvgM,0.01,61,10,5,54003,53920,1690000.0,4.562821476,4.5632535,4.55624,84250.0,False,1 x NVIDIA RTX A1000,Intel(R) Core(TM) i7-14700,-0.00043202400000019736,0.1539317507418536
main_campaign_default_alpha_0_5,test2_robustez_alpha,FashionMNIST,FedAvgM,0.01,62,10,5,54002,53888,1690000.0,4.562736984,4.563169,4.553536,84200.0,False,1 x NVIDIA RTX A1000,Intel(R) Core(TM) i7-14700,-0.0004320160000004236,0.21154988123515128
main_campaign_default_alpha_0_5,test2_robustez_alpha,FashionMNIST,FedAvgM,0.01,63,10,5,54002,53952,1690000.0,4.562736984,4.563169,4.558944,84300.0,False,1 x NVIDIA RTX A1000,Intel(R) Core(TM) i7-14700,-0.0004320160000004236,0.09267497034399774
main_campaign_default_alpha_0_5,test2_robustez_alpha,FashionMNIST,FedAvgM,0.01,64,10,5,54001,53920,1690000.0,4.562652492,4.5630845,4.55624,84250.0,False,1 x NVIDIA RTX A1000,Intel(R) Core(TM) i7-14700,-0.00043200800000064987,0.15022255192880252
main_campaign_default_alpha_0_5,test2_robustez_alpha,FashionMNIST,FedAvgM,0.01,65,10,5,54003,53888,1690000.0,4.562821476,4.5632535,4.553536,84200.0,False,1 x NVIDIA RTX A1000,Intel(R) Core(TM) i7-14700,-0.00043202400000019736,0.2134055819477343
main_campaign_default_alpha_0_5,test2_robustez_alpha,FashionMNIST,FedAvgM,0.01,66,10,5,54002,53952,1690000.0,4.562736984,4.563169,4.558944,84300.0,False,1 x NVIDIA RTX A1000,Intel(R) Core(TM) i7-14700,-0.0004320160000004236,0.09267497034399774
main_campaign_default_alpha_0_5,test2_robustez_alpha,FashionMNIST,FedAvgM,0.01,67,10,5,54001,53888,1690000.0,4.562652492,4.5630845,4.553536,84200.0,False,1 x NVIDIA RTX A1000,Intel(R) Core(TM) i7-14700,-0.00043200800000064987,0.20969418052256827
main_campaign_default_alpha_0_5,test2_robustez_alpha,FashionMNIST,FedAvgM,0.01,68,10,5,54002,53920,1690000.0,4.562736984,4.563169,4.55624,84250.0,False,1 x NVIDIA RTX A1000,Intel(R) Core(TM) i7-14700,-0.0004320160000004236,0.15207715133531696
main_campaign_default_alpha_0_5,test2_robustez_alpha,FashionMNIST,FedAvgM,0.01,69,10,5,54001,53921,1690000.0,4.562652492,4.5630845,4.5563245,84250.0,False,1 x NVIDIA RTX A1000,Intel(R) Core(TM) i7-14700,-0.00043200800000064987,0.14836520094214656
main_campaign_default_alpha_0_5,test2_robustez_alpha,FashionMNIST,FedAvgM,0.01,70,10,5,54002,53888,1690000.0,4.562736984,4.563169,4.553536,84200.0,False,1 x NVIDIA RTX A1000,Intel(R) Core(TM) i7-14700,-0.0004320160000004236,0.21154988123515128
main_campaign_default_alpha_0_5,test2_robustez_alpha,FashionMNIST,FedAvgM,0.01,71,10,5,54002,53920,1690000.0,4.562736984,4.563169,4.55624,84250.0,False,1 x NVIDIA RTX A1000,Intel(R) Core(TM) i7-14700,-0.0004320160000004236,0.15207715133531696
main_campaign_default_alpha_0_5,test2_robustez_alpha,FashionMNIST,FedAvgM,0.1,42,10,5,54003,53888,1690000.0,4.562821476,4.5632535,4.553536,84200.0,False,1 x NVIDIA RTX A1000,Intel(R) Core(TM) i7-14700,-0.00043202400000019736,0.2134055819477343
main_campaign_default_alpha_0_5,test2_robustez_alpha,FashionMNIST,FedAvgM,0.1,43,10,5,54002,53920,1690000.0,4.562736984,4.563169,4.55624,84250.0,False,1 x NVIDIA RTX A1000,Intel(R) Core(TM) i7-14700,-0.0004320160000004236,0.15207715133531696
main_campaign_default_alpha_0_5,test2_robustez_alpha,FashionMNIST,FedAvgM,0.1,44,10,5,54003,53952,1690000.0,4.562821476,4.5632535,4.558944,84300.0,False,1 x NVIDIA RTX A1000,Intel(R) Core(TM) i7-14700,-0.00043202400000019736,0.09452846975088747
main_campaign_default_alpha_0_5,test2_robustez_alpha,FashionMNIST,FedAvgM,0.1,45,10,5,54002,53920,1690000.0,4.562736984,4.563169,4.55624,84250.0,False,1 x NVIDIA RTX A1000,Intel(R) Core(TM) i7-14700,-0.0004320160000004236,0.15207715133531696
main_campaign_default_alpha_0_5,test2_robustez_alpha,FashionMNIST,FedAvgM,0.1,46,10,5,54002,53920,1690000.0,4.562736984,4.563169,4.55624,84250.0,False,1 x NVIDIA RTX A1000,Intel(R) Core(TM) i7-14700,-0.0004320160000004236,0.15207715133531696
main_campaign_default_alpha_0_5,test2_robustez_alpha,FashionMNIST,FedAvgM,0.1,47,10,5,54002,53920,1690000.0,4.562736984,4.563169,4.55624,84250.0,False,1 x NVIDIA RTX A1000,Intel(R) Core(TM) i7-14700,-0.0004320160000004236,0.15207715133531696
main_campaign_default_alpha_0_5,test2_robustez_alpha,FashionMNIST,FedAvgM,0.1,48,10,5,54002,53888,1690000.0,4.562736984,4.563169,4.553536,84200.0,False,1 x NVIDIA RTX A1000,Intel(R) Core(TM) i7-14700,-0.0004320160000004236,0.21154988123515128
main_campaign_default_alpha_0_5,test2_robustez_alpha,FashionMNIST,FedAvgM,0.1,49,10,5,54002,53920,1690000.0,4.562736984,4.563169,4.55624,84250.0,False,1 x NVIDIA RTX A1000,Intel(R) Core(TM) i7-14700,-0.0004320160000004236,0.15207715133531696
main_campaign_default_alpha_0_5,test2_robustez_alpha,FashionMNIST,FedAvgM,0.1,50,10,5,54002,53920,1690000.0,4.562736984,4.563169,4.55624,84250.0,False,1 x NVIDIA RTX A1000,Intel(R) Core(TM) i7-14700,-0.0004320160000004236,0.15207715133531696
main_campaign_default_alpha_0_5,test2_robustez_alpha,FashionMNIST,FedAvgM,0.1,51,10,5,54002,53952,1690000.0,4.562736984,4.563169,4.558944,84300.0,False,1 x NVIDIA RTX A1000,Intel(R) Core(TM) i7-14700,-0.0004320160000004236,0.09267497034399774
main_campaign_default_alpha_0_5,test2_robustez_alpha,FashionMNIST,FedAvgM,0.1,52,10,5,54004,53952,1690000.0,4.562905968,4.563338,4.558944,84300.0,False,1 x NVIDIA RTX A1000,Intel(R) Core(TM) i7-14700,-0.0004320319999999711,0.09638196915775499
main_campaign_default_alpha_0_5,test2_robustez_alpha,FashionMNIST,FedAvgM,0.1,53,10,5,54001,53920,1690000.0,4.562652492,4.5630845,4.55624,84250.0,False,1 x NVIDIA RTX A1000,Intel(R) Core(TM) i7-14700,-0.00043200800000064987,0.15022255192880252
main_campaign_default_alpha_0_5,test2_robustez_alpha,FashionMNIST,FedAvgM,0.1,54,10,5,54002,53952,1690000.0,4.562736984,4.563169,4.558944,84300.0,False,1 x NVIDIA RTX A1000,Intel(R) Core(TM) i7-14700,-0.0004320160000004236,0.09267497034399774
main_campaign_default_alpha_0_5,test2_robustez_alpha,FashionMNIST,FedAvgM,0.1,55,10,5,54002,53888,1690000.0,4.562736984,4.563169,4.553536,84200.0,False,1 x NVIDIA RTX A1000,Intel(R) Core(TM) i7-14700,-0.0004320160000004236,0.21154988123515128
main_campaign_default_alpha_0_5,test2_robustez_alpha,FashionMNIST,FedAvgM,0.1,56,10,5,54002,53888,1690000.0,4.562736984,4.563169,4.553536,84200.0,False,1 x NVIDIA RTX A1000,Intel(R) Core(TM) i7-14700,-0.0004320160000004236,0.21154988123515128
main_campaign_default_alpha_0_5,test2_robustez_alpha,FashionMNIST,FedAvgM,0.1,57,10,5,54002,53920,1690000.0,4.562736984,4.563169,4.55624,84250.0,False,1 x NVIDIA RTX A1000,Intel(R) Core(TM) i7-14700,-0.0004320160000004236,0.15207715133531696
main_campaign_default_alpha_0_5,test2_robustez_alpha,FashionMNIST,FedAvgM,0.1,58,10,5,54003,53920,1690000.0,4.562821476,4.5632535,4.55624,84250.0,False,1 x NVIDIA RTX A1000,Intel(R) Core(TM) i7-14700,-0.00043202400000019736,0.1539317507418536
main_campaign_default_alpha_0_5,test2_robustez_alpha,FashionMNIST,FedAvgM,0.1,59,10,5,54002,53920,1690000.0,4.562736984,4.563169,4.55624,84250.0,False,1 x NVIDIA RTX A1000,Intel(R) Core(TM) i7-14700,-0.0004320160000004236,0.15207715133531696
main_campaign_default_alpha_0_5,test2_robustez_alpha,FashionMNIST,FedAvgM,0.1,60,10,5,54002,53920,1690000.0,4.562736984,4.563169,4.55624,84250.0,False,1 x NVIDIA RTX A1000,Intel(R) Core(TM) i7-14700,-0.0004320160000004236,0.15207715133531696
main_campaign_default_alpha_0_5,test2_robustez_alpha,FashionMNIST,FedAvgM,0.1,61,10,5,54004,53920,1690000.0,4.562905968,4.563338,4.55624,84250.0,False,1 x NVIDIA RTX A1000,Intel(R) Core(TM) i7-14700,-0.0004320319999999711,0.15578635014836806
main_campaign_default_alpha_0_5,test2_robustez_alpha,FashionMNIST,FedAvgM,0.1,62,10,5,54002,53920,1690000.0,4.562736984,4.563169,4.55624,84250.0,False,1 x NVIDIA RTX A1000,Intel(R) Core(TM) i7-14700,-0.0004320160000004236,0.15207715133531696
main_campaign_default_alpha_0_5,test2_robustez_alpha,FashionMNIST,FedAvgM,0.1,63,10,5,54002,53920,1690000.0,4.562736984,4.563169,4.55624,84250.0,False,1 x NVIDIA RTX A1000,Intel(R) Core(TM) i7-14700,-0.0004320160000004236,0.15207715133531696
main_campaign_default_alpha_0_5,test2_robustez_alpha,FashionMNIST,FedAvgM,0.1,64,10,5,54001,53952,1690000.0,4.562652492,4.5630845,4.558944,84300.0,False,1 x NVIDIA RTX A1000,Intel(R) Core(TM) i7-14700,-0.00043200800000064987,0.09082147093713022
main_campaign_default_alpha_0_5,test2_robustez_alpha,FashionMNIST,FedAvgM,0.1,65,10,5,54003,53920,1690000.0,4.562821476,4.5632535,4.55624,84250.0,False,1 x NVIDIA RTX A1000,Intel(R) Core(TM) i7-14700,-0.00043202400000019736,0.1539317507418536
main_campaign_default_alpha_0_5,test2_robustez_alpha,FashionMNIST,FedAvgM,0.1,66,10,5,54001,53920,1690000.0,4.562652492,4.5630845,4.55624,84250.0,False,1 x NVIDIA RTX A1000,Intel(R) Core(TM) i7-14700,-0.00043200800000064987,0.15022255192880252
main_campaign_default_alpha_0_5,test2_robustez_alpha,FashionMNIST,FedAvgM,0.1,67,10,5,54003,53952,1690000.0,4.562821476,4.5632535,4.558944,84300.0,False,1 x NVIDIA RTX A1000,Intel(R) Core(TM) i7-14700,-0.00043202400000019736,0.09452846975088747
main_campaign_default_alpha_0_5,test2_robustez_alpha,FashionMNIST,FedAvgM,0.1,68,10,5,54002,53920,1690000.0,4.562736984,4.563169,4.55624,84250.0,False,1 x NVIDIA RTX A1000,Intel(R) Core(TM) i7-14700,-0.0004320160000004236,0.15207715133531696
main_campaign_default_alpha_0_5,test2_robustez_alpha,FashionMNIST,FedAvgM,0.1,69,10,5,54002,53920,1690000.0,4.562736984,4.563169,4.55624,84250.0,False,1 x NVIDIA RTX A1000,Intel(R) Core(TM) i7-14700,-0.0004320160000004236,0.15207715133531696
main_campaign_default_alpha_0_5,test2_robustez_alpha,FashionMNIST,FedAvgM,0.1,70,10,5,54002,53920,1690000.0,4.562736984,4.563169,4.55624,84250.0,False,1 x NVIDIA RTX A1000,Intel(R) Core(TM) i7-14700,-0.0004320160000004236,0.15207715133531696
main_campaign_default_alpha_0_5,test2_robustez_alpha,FashionMNIST,FedAvgM,0.1,71,10,5,54002,53920,1690000.0,4.562736984,4.563169,4.55624,84250.0,False,1 x NVIDIA RTX A1000,Intel(R) Core(TM) i7-14700,-0.0004320160000004236,0.15207715133531696
main_campaign_default_alpha_0_5,test2_robustez_alpha,FashionMNIST,FedAvgM,1.0,42,10,5,54002,53920,1690000.0,4.562736984,4.563169,4.55624,84250.0,False,1 x NVIDIA RTX A1000,Intel(R) Core(TM) i7-14700,-0.0004320160000004236,0.15207715133531696
main_campaign_default_alpha_0_5,test2_robustez_alpha,FashionMNIST,FedAvgM,1.0,43,10,5,54002,53920,1690000.0,4.562736984,4.563169,4.55624,84250.0,False,1 x NVIDIA RTX A1000,Intel(R) Core(TM) i7-14700,-0.0004320160000004236,0.15207715133531696
main_campaign_default_alpha_0_5,test2_robustez_alpha,FashionMNIST,FedAvgM,1.0,44,10,5,54002,53920,1690000.0,4.562736984,4.563169,4.55624,84250.0,False,1 x NVIDIA RTX A1000,Intel(R) Core(TM) i7-14700,-0.0004320160000004236,0.15207715133531696
main_campaign_default_alpha_0_5,test2_robustez_alpha,FashionMNIST,FedAvgM,1.0,45,10,5,54002,53920,1690000.0,4.562736984,4.563169,4.55624,84250.0,False,1 x NVIDIA RTX A1000,Intel(R) Core(TM) i7-14700,-0.0004320160000004236,0.15207715133531696
main_campaign_default_alpha_0_5,test2_robustez_alpha,FashionMNIST,FedAvgM,1.0,46,10,5,54002,53920,1690000.0,4.562736984,4.563169,4.55624,84250.0,False,1 x NVIDIA RTX A1000,Intel(R) Core(TM) i7-14700,-0.0004320160000004236,0.15207715133531696
main_campaign_default_alpha_0_5,test2_robustez_alpha,FashionMNIST,FedAvgM,1.0,47,10,5,54002,53952,1690000.0,4.562736984,4.563169,4.558944,84300.0,False,1 x NVIDIA RTX A1000,Intel(R) Core(TM) i7-14700,-0.0004320160000004236,0.09267497034399774
main_campaign_default_alpha_0_5,test2_robustez_alpha,FashionMNIST,FedAvgM,1.0,48,10,5,54003,53952,1690000.0,4.562821476,4.5632535,4.558944,84300.0,False,1 x NVIDIA RTX A1000,Intel(R) Core(TM) i7-14700,-0.00043202400000019736,0.09452846975088747
main_campaign_default_alpha_0_5,test2_robustez_alpha,FashionMNIST,FedAvgM,1.0,49,10,5,54002,53952,1690000.0,4.562736984,4.563169,4.558944,84300.0,False,1 x NVIDIA RTX A1000,Intel(R) Core(TM) i7-14700,-0.0004320160000004236,0.09267497034399774
main_campaign_default_alpha_0_5,test2_robustez_alpha,FashionMNIST,FedAvgM,1.0,50,10,5,54002,53952,1690000.0,4.562736984,4.563169,4.558944,84300.0,False,1 x NVIDIA RTX A1000,Intel(R) Core(TM) i7-14700,-0.0004320160000004236,0.09267497034399774
main_campaign_default_alpha_0_5,test2_robustez_alpha,FashionMNIST,FedAvgM,1.0,51,10,5,54002,53920,1690000.0,4.562736984,4.563169,4.55624,84250.0,False,1 x NVIDIA RTX A1000,Intel(R) Core(TM) i7-14700,-0.0004320160000004236,0.15207715133531696
main_campaign_default_alpha_0_5,test2_robustez_alpha,FashionMNIST,FedAvgM,1.0,52,10,5,54002,53920,1690000.0,4.562736984,4.563169,4.55624,84250.0,False,1 x NVIDIA RTX A1000,Intel(R) Core(TM) i7-14700,-0.0004320160000004236,0.15207715133531696
main_campaign_default_alpha_0_5,test2_robustez_alpha,FashionMNIST,FedAvgM,1.0,53,10,5,54003,53920,1690000.0,4.562821476,4.5632535,4.55624,84250.0,False,1 x NVIDIA RTX A1000,Intel(R) Core(TM) i7-14700,-0.00043202400000019736,0.1539317507418536
main_campaign_default_alpha_0_5,test2_robustez_alpha,FashionMNIST,FedAvgM,1.0,54,10,5,54002,53952,1690000.0,4.562736984,4.563169,4.558944,84300.0,False,1 x NVIDIA RTX A1000,Intel(R) Core(TM) i7-14700,-0.0004320160000004236,0.09267497034399774
main_campaign_default_alpha_0_5,test2_robustez_alpha,FashionMNIST,FedAvgM,1.0,55,10,5,54001,53920,1690000.0,4.562652492,4.5630845,4.55624,84250.0,False,1 x NVIDIA RTX A1000,Intel(R) Core(TM) i7-14700,-0.00043200800000064987,0.15022255192880252
main_campaign_default_alpha_0_5,test2_robustez_alpha,FashionMNIST,FedAvgM,1.0,56,10,5,54002,53920,1690000.0,4.562736984,4.563169,4.55624,84250.0,False,1 x NVIDIA RTX A1000,Intel(R) Core(TM) i7-14700,-0.0004320160000004236,0.15207715133531696
main_campaign_default_alpha_0_5,test2_robustez_alpha,FashionMNIST,FedAvgM,1.0,57,10,5,54003,53920,1690000.0,4.562821476,4.5632535,4.55624,84250.0,False,1 x NVIDIA RTX A1000,Intel(R) Core(TM) i7-14700,-0.00043202400000019736,0.1539317507418536
main_campaign_default_alpha_0_5,test2_robustez_alpha,FashionMNIST,FedAvgM,1.0,58,10,5,54003,53920,1690000.0,4.562821476,4.5632535,4.55624,84250.0,False,1 x NVIDIA RTX A1000,Intel(R) Core(TM) i7-14700,-0.00043202400000019736,0.1539317507418536
main_campaign_default_alpha_0_5,test2_robustez_alpha,FashionMNIST,FedAvgM,1.0,59,10,5,54003,53952,1690000.0,4.562821476,4.5632535,4.558944,84300.0,False,1 x NVIDIA RTX A1000,Intel(R) Core(TM) i7-14700,-0.00043202400000019736,0.09452846975088747
main_campaign_default_alpha_0_5,test2_robustez_alpha,FashionMNIST,FedAvgM,1.0,60,10,5,54003,53920,1690000.0,4.562821476,4.5632535,4.55624,84250.0,False,1 x NVIDIA RTX A1000,Intel(R) Core(TM) i7-14700,-0.00043202400000019736,0.1539317507418536
main_campaign_default_alpha_0_5,test2_robustez_alpha,FashionMNIST,FedAvgM,1.0,61,10,5,54003,53888,1690000.0,4.562821476,4.5632535,4.553536,84200.0,False,1 x NVIDIA RTX A1000,Intel(R) Core(TM) i7-14700,-0.00043202400000019736,0.2134055819477343
main_campaign_default_alpha_0_5,test2_robustez_alpha,FashionMNIST,FedAvgM,1.0,62,10,5,54003,53920,1690000.0,4.562821476,4.5632535,4.55624,84250.0,False,1 x NVIDIA RTX A1000,Intel(R) Core(TM) i7-14700,-0.00043202400000019736,0.1539317507418536
main_campaign_default_alpha_0_5,test2_robustez_alpha,FashionMNIST,FedAvgM,1.0,63,10,5,54002,53952,1690000.0,4.562736984,4.563169,4.558944,84300.0,False,1 x NVIDIA RTX A1000,Intel(R) Core(TM) i7-14700,-0.0004320160000004236,0.09267497034399774
main_campaign_default_alpha_0_5,test2_robustez_alpha,FashionMNIST,FedAvgM,1.0,64,10,5,54003,53920,1690000.0,4.562821476,4.5632535,4.55624,84250.0,False,1 x NVIDIA RTX A1000,Intel(R) Core(TM) i7-14700,-0.00043202400000019736,0.1539317507418536
main_campaign_default_alpha_0_5,test2_robustez_alpha,FashionMNIST,FedAvgM,1.0,65,10,5,54003,53888,1690000.0,4.562821476,4.5632535,4.553536,84200.0,False,1 x NVIDIA RTX A1000,Intel(R) Core(TM) i7-14700,-0.00043202400000019736,0.2134055819477343
main_campaign_default_alpha_0_5,test2_robustez_alpha,FashionMNIST,FedAvgM,1.0,66,10,5,54002,53952,1690000.0,4.562736984,4.563169,4.558944,84300.0,False,1 x NVIDIA RTX A1000,Intel(R) Core(TM) i7-14700,-0.0004320160000004236,0.09267497034399774
main_campaign_default_alpha_0_5,test2_robustez_alpha,FashionMNIST,FedAvgM,1.0,67,10,5,54003,53952,1690000.0,4.562821476,4.5632535,4.558944,84300.0,False,1 x NVIDIA RTX A1000,Intel(R) Core(TM) i7-14700,-0.00043202400000019736,0.09452846975088747
main_campaign_default_alpha_0_5,test2_robustez_alpha,FashionMNIST,FedAvgM,1.0,68,10,5,54002,53920,1690000.0,4.562736984,4.563169,4.55624,84250.0,False,1 x NVIDIA RTX A1000,Intel(R) Core(TM) i7-14700,-0.0004320160000004236,0.15207715133531696
main_campaign_default_alpha_0_5,test2_robustez_alpha,FashionMNIST,FedAvgM,1.0,69,10,5,54003,53920,1690000.0,4.562821476,4.5632535,4.55624,84250.0,False,1 x NVIDIA RTX A1000,Intel(R) Core(TM) i7-14700,-0.00043202400000019736,0.1539317507418536
main_campaign_default_alpha_0_5,test2_robustez_alpha,FashionMNIST,FedAvgM,1.0,70,10,5,54002,53920,1690000.0,4.562736984,4.563169,4.55624,84250.0,False,1 x NVIDIA RTX A1000,Intel(R) Core(TM) i7-14700,-0.0004320160000004236,0.15207715133531696
main_campaign_default_alpha_0_5,test2_robustez_alpha,FashionMNIST,FedAvgM,1.0,71,10,5,54003,53920,1690000.0,4.562821476,4.5632535,4.55624,84250.0,False,1 x NVIDIA RTX A1000,Intel(R) Core(TM) i7-14700,-0.00043202400000019736,0.1539317507418536
main_campaign_default_alpha_0_5,test2_robustez_alpha,FashionMNIST,FedProx,0.01,42,10,5,54002,53920,1690000.0,4.562736984,4.563169,4.55624,84250.0,False,1 x NVIDIA RTX A1000,Intel(R) Core(TM) i7-14700,-0.0004320160000004236,0.15207715133531696
main_campaign_default_alpha_0_5,test2_robustez_alpha,FashionMNIST,FedProx,0.01,43,10,5,54002,53920,1690000.0,4.562736984,4.563169,4.55624,84250.0,False,1 x NVIDIA RTX A1000,Intel(R) Core(TM) i7-14700,-0.0004320160000004236,0.15207715133531696
main_campaign_default_alpha_0_5,test2_robustez_alpha,FashionMNIST,FedProx,0.01,44,10,5,54002,53920,1690000.0,4.562736984,4.563169,4.55624,84250.0,False,1 x NVIDIA RTX A1000,Intel(R) Core(TM) i7-14700,-0.0004320160000004236,0.15207715133531696
main_campaign_default_alpha_0_5,test2_robustez_alpha,FashionMNIST,FedProx,0.01,45,10,5,54002,53888,1690000.0,4.562736984,4.563169,4.553536,84200.0,False,1 x NVIDIA RTX A1000,Intel(R) Core(TM) i7-14700,-0.0004320160000004236,0.21154988123515128
main_campaign_default_alpha_0_5,test2_robustez_alpha,FashionMNIST,FedProx,0.01,46,10,5,54000,53920,1690000.0,4.562568,4.563,4.55624,84250.0,False,1 x NVIDIA RTX A1000,Intel(R) Core(TM) i7-14700,-0.00043199999999998795,0.14836795252224366
main_campaign_default_alpha_0_5,test2_robustez_alpha,FashionMNIST,FedProx,0.01,47,10,5,54003,53888,1690000.0,4.562821476,4.5632535,4.553536,84200.0,False,1 x NVIDIA RTX A1000,Intel(R) Core(TM) i7-14700,-0.00043202400000019736,0.2134055819477343
main_campaign_default_alpha_0_5,test2_robustez_alpha,FashionMNIST,FedProx,0.01,48,10,5,54001,53952,1690000.0,4.562652492,4.5630845,4.558944,84300.0,False,1 x NVIDIA RTX A1000,Intel(R) Core(TM) i7-14700,-0.00043200800000064987,0.09082147093713022
main_campaign_default_alpha_0_5,test2_robustez_alpha,FashionMNIST,FedProx,0.01,49,10,5,54003,53888,1690000.0,4.562821476,4.5632535,4.553536,84200.0,False,1 x NVIDIA RTX A1000,Intel(R) Core(TM) i7-14700,-0.00043202400000019736,0.2134055819477343
main_campaign_default_alpha_0_5,test2_robustez_alpha,FashionMNIST,FedProx,0.01,50,10,5,54002,53920,1690000.0,4.562736984,4.563169,4.55624,84250.0,False,1 x NVIDIA RTX A1000,Intel(R) Core(TM) i7-14700,-0.0004320160000004236,0.15207715133531696
main_campaign_default_alpha_0_5,test2_robustez_alpha,FashionMNIST,FedProx,0.01,51,10,5,54000,53952,1690000.0,4.562568,4.563,4.558944,84300.0,False,1 x NVIDIA RTX A1000,Intel(R) Core(TM) i7-14700,-0.00043199999999998795,0.0889679715302405
main_campaign_default_alpha_0_5,test2_robustez_alpha,FashionMNIST,FedProx,0.01,52,10,5,54001,53953,1690000.0,4.562652492,4.5630845,4.5590285,84300.0,False,1 x NVIDIA RTX A1000,Intel(R) Core(TM) i7-14700,-0.00043200800000064987,0.08896632253998504
main_campaign_default_alpha_0_5,test2_robustez_alpha,FashionMNIST,FedProx,0.01,53,10,5,54003,53920,1690000.0,4.562821476,4.5632535,4.55624,84250.0,False,1 x NVIDIA RTX A1000,Intel(R) Core(TM) i7-14700,-0.00043202400000019736,0.1539317507418536
main_campaign_default_alpha_0_5,test2_robustez_alpha,FashionMNIST,FedProx,0.01,54,10,5,54002,53920,1690000.0,4.562736984,4.563169,4.55624,84250.0,False,1 x NVIDIA RTX A1000,Intel(R) Core(TM) i7-14700,-0.0004320160000004236,0.15207715133531696
main_campaign_default_alpha_0_5,test2_robustez_alpha,FashionMNIST,FedProx,0.01,55,10,5,54002,53921,1690000.0,4.562736984,4.563169,4.5563245,84250.0,False,1 x NVIDIA RTX A1000,Intel(R) Core(TM) i7-14700,-0.0004320160000004236,0.1502197659539073
main_campaign_default_alpha_0_5,test2_robustez_alpha,FashionMNIST,FedProx,0.01,56,10,5,54001,53920,1690000.0,4.562652492,4.5630845,4.55624,84250.0,False,1 x NVIDIA RTX A1000,Intel(R) Core(TM) i7-14700,-0.00043200800000064987,0.15022255192880252
main_campaign_default_alpha_0_5,test2_robustez_alpha,FashionMNIST,FedProx,0.01,57,10,5,54001,53952,1690000.0,4.562652492,4.5630845,4.558944,84300.0,False,1 x NVIDIA RTX A1000,Intel(R) Core(TM) i7-14700,-0.00043200800000064987,0.09082147093713022
main_campaign_default_alpha_0_5,test2_robustez_alpha,FashionMNIST,FedProx,0.01,58,10,5,54002,53888,1690000.0,4.562736984,4.563169,4.553536,84200.0,False,1 x NVIDIA RTX A1000,Intel(R) Core(TM) i7-14700,-0.0004320160000004236,0.21154988123515128
main_campaign_default_alpha_0_5,test2_robustez_alpha,FashionMNIST,FedProx,0.01,59,10,5,54003,53952,1690000.0,4.562821476,4.5632535,4.558944,84300.0,False,1 x NVIDIA RTX A1000,Intel(R) Core(TM) i7-14700,-0.00043202400000019736,0.09452846975088747
main_campaign_default_alpha_0_5,test2_robustez_alpha,FashionMNIST,FedProx,0.01,60,10,5,54002,53888,1690000.0,4.562736984,4.563169,4.553536,84200.0,False,1 x NVIDIA RTX A1000,Intel(R) Core(TM) i7-14700,-0.0004320160000004236,0.21154988123515128
main_campaign_default_alpha_0_5,test2_robustez_alpha,FashionMNIST,FedProx,0.01,61,10,5,54003,53920,1690000.0,4.562821476,4.5632535,4.55624,84250.0,False,1 x NVIDIA RTX A1000,Intel(R) Core(TM) i7-14700,-0.00043202400000019736,0.1539317507418536
main_campaign_default_alpha_0_5,test2_robustez_alpha,FashionMNIST,FedProx,0.01,62,10,5,54002,53888,1690000.0,4.562736984,4.563169,4.553536,84200.0,False,1 x NVIDIA RTX A1000,Intel(R) Core(TM) i7-14700,-0.0004320160000004236,0.21154988123515128
main_campaign_default_alpha_0_5,test2_robustez_alpha,FashionMNIST,FedProx,0.01,63,10,5,54002,53952,1690000.0,4.562736984,4.563169,4.558944,84300.0,False,1 x NVIDIA RTX A1000,Intel(R) Core(TM) i7-14700,-0.0004320160000004236,0.09267497034399774
main_campaign_default_alpha_0_5,test2_robustez_alpha,FashionMNIST,FedProx,0.01,64,10,5,54001,53920,1690000.0,4.562652492,4.5630845,4.55624,84250.0,False,1 x NVIDIA RTX A1000,Intel(R) Core(TM) i7-14700,-0.00043200800000064987,0.15022255192880252
main_campaign_default_alpha_0_5,test2_robustez_alpha,FashionMNIST,FedProx,0.01,65,10,5,54003,53888,1690000.0,4.562821476,4.5632535,4.553536,84200.0,False,1 x NVIDIA RTX A1000,Intel(R) Core(TM) i7-14700,-0.00043202400000019736,0.2134055819477343
main_campaign_default_alpha_0_5,test2_robustez_alpha,FashionMNIST,FedProx,0.01,66,10,5,54002,53952,1690000.0,4.562736984,4.563169,4.558944,84300.0,False,1 x NVIDIA RTX A1000,Intel(R) Core(TM) i7-14700,-0.0004320160000004236,0.09267497034399774
main_campaign_default_alpha_0_5,test2_robustez_alpha,FashionMNIST,FedProx,0.01,67,10,5,54001,53888,1690000.0,4.562652492,4.5630845,4.553536,84200.0,False,1 x NVIDIA RTX A1000,Intel(R) Core(TM) i7-14700,-0.00043200800000064987,0.20969418052256827
main_campaign_default_alpha_0_5,test2_robustez_alpha,FashionMNIST,FedProx,0.01,68,10,5,54002,53920,1690000.0,4.562736984,4.563169,4.55624,84250.0,False,1 x NVIDIA RTX A1000,Intel(R) Core(TM) i7-14700,-0.0004320160000004236,0.15207715133531696
main_campaign_default_alpha_0_5,test2_robustez_alpha,FashionMNIST,FedProx,0.01,69,10,5,54001,53921,1690000.0,4.562652492,4.5630845,4.5563245,84250.0,False,1 x NVIDIA RTX A1000,Intel(R) Core(TM) i7-14700,-0.00043200800000064987,0.14836520094214656
main_campaign_default_alpha_0_5,test2_robustez_alpha,FashionMNIST,FedProx,0.01,70,10,5,54002,53888,1690000.0,4.562736984,4.563169,4.553536,84200.0,False,1 x NVIDIA RTX A1000,Intel(R) Core(TM) i7-14700,-0.0004320160000004236,0.21154988123515128
main_campaign_default_alpha_0_5,test2_robustez_alpha,FashionMNIST,FedProx,0.01,71,10,5,54002,53920,1690000.0,4.562736984,4.563169,4.55624,84250.0,False,1 x NVIDIA RTX A1000,Intel(R) Core(TM) i7-14700,-0.0004320160000004236,0.15207715133531696
main_campaign_default_alpha_0_5,test2_robustez_alpha,FashionMNIST,FedProx,0.1,42,10,5,54003,53888,1690000.0,4.562821476,4.5632535,4.553536,84200.0,False,1 x NVIDIA RTX A1000,Intel(R) Core(TM) i7-14700,-0.00043202400000019736,0.2134055819477343
main_campaign_default_alpha_0_5,test2_robustez_alpha,FashionMNIST,FedProx,0.1,43,10,5,54002,53920,1690000.0,4.562736984,4.563169,4.55624,84250.0,False,1 x NVIDIA RTX A1000,Intel(R) Core(TM) i7-14700,-0.0004320160000004236,0.15207715133531696
main_campaign_default_alpha_0_5,test2_robustez_alpha,FashionMNIST,FedProx,0.1,44,10,5,54003,53952,1690000.0,4.562821476,4.5632535,4.558944,84300.0,False,1 x NVIDIA RTX A1000,Intel(R) Core(TM) i7-14700,-0.00043202400000019736,0.09452846975088747
main_campaign_default_alpha_0_5,test2_robustez_alpha,FashionMNIST,FedProx,0.1,45,10,5,54002,53920,1690000.0,4.562736984,4.563169,4.55624,84250.0,False,1 x NVIDIA RTX A1000,Intel(R) Core(TM) i7-14700,-0.0004320160000004236,0.15207715133531696
main_campaign_default_alpha_0_5,test2_robustez_alpha,FashionMNIST,FedProx,0.1,46,10,5,54002,53920,1690000.0,4.562736984,4.563169,4.55624,84250.0,False,1 x NVIDIA RTX A1000,Intel(R) Core(TM) i7-14700,-0.0004320160000004236,0.15207715133531696
main_campaign_default_alpha_0_5,test2_robustez_alpha,FashionMNIST,FedProx,0.1,47,10,5,54002,53920,1690000.0,4.562736984,4.563169,4.55624,84250.0,False,1 x NVIDIA RTX A1000,Intel(R) Core(TM) i7-14700,-0.0004320160000004236,0.15207715133531696
main_campaign_default_alpha_0_5,test2_robustez_alpha,FashionMNIST,FedProx,0.1,48,10,5,54002,53888,1690000.0,4.562736984,4.563169,4.553536,84200.0,False,1 x NVIDIA RTX A1000,Intel(R) Core(TM) i7-14700,-0.0004320160000004236,0.21154988123515128
main_campaign_default_alpha_0_5,test2_robustez_alpha,FashionMNIST,FedProx,0.1,49,10,5,54002,53920,1690000.0,4.562736984,4.563169,4.55624,84250.0,False,1 x NVIDIA RTX A1000,Intel(R) Core(TM) i7-14700,-0.0004320160000004236,0.15207715133531696
main_campaign_default_alpha_0_5,test2_robustez_alpha,FashionMNIST,FedProx,0.1,50,10,5,54002,53920,1690000.0,4.562736984,4.563169,4.55624,84250.0,False,1 x NVIDIA RTX A1000,Intel(R) Core(TM) i7-14700,-0.0004320160000004236,0.15207715133531696
main_campaign_default_alpha_0_5,test2_robustez_alpha,FashionMNIST,FedProx,0.1,51,10,5,54002,53952,1690000.0,4.562736984,4.563169,4.558944,84300.0,False,1 x NVIDIA RTX A1000,Intel(R) Core(TM) i7-14700,-0.0004320160000004236,0.09267497034399774
main_campaign_default_alpha_0_5,test2_robustez_alpha,FashionMNIST,FedProx,0.1,52,10,5,54004,53952,1690000.0,4.562905968,4.563338,4.558944,84300.0,False,1 x NVIDIA RTX A1000,Intel(R) Core(TM) i7-14700,-0.0004320319999999711,0.09638196915775499
main_campaign_default_alpha_0_5,test2_robustez_alpha,FashionMNIST,FedProx,0.1,53,10,5,54001,53920,1690000.0,4.562652492,4.5630845,4.55624,84250.0,False,1 x NVIDIA RTX A1000,Intel(R) Core(TM) i7-14700,-0.00043200800000064987,0.15022255192880252
main_campaign_default_alpha_0_5,test2_robustez_alpha,FashionMNIST,FedProx,0.1,54,10,5,54002,53952,1690000.0,4.562736984,4.563169,4.558944,84300.0,False,1 x NVIDIA RTX A1000,Intel(R) Core(TM) i7-14700,-0.0004320160000004236,0.09267497034399774
main_campaign_default_alpha_0_5,test2_robustez_alpha,FashionMNIST,FedProx,0.1,55,10,5,54002,53888,1690000.0,4.562736984,4.563169,4.553536,84200.0,False,1 x NVIDIA RTX A1000,Intel(R) Core(TM) i7-14700,-0.0004320160000004236,0.21154988123515128
main_campaign_default_alpha_0_5,test2_robustez_alpha,FashionMNIST,FedProx,0.1,56,10,5,54002,53888,1690000.0,4.562736984,4.563169,4.553536,84200.0,False,1 x NVIDIA RTX A1000,Intel(R) Core(TM) i7-14700,-0.0004320160000004236,0.21154988123515128
main_campaign_default_alpha_0_5,test2_robustez_alpha,FashionMNIST,FedProx,0.1,57,10,5,54002,53920,1690000.0,4.562736984,4.563169,4.55624,84250.0,False,1 x NVIDIA RTX A1000,Intel(R) Core(TM) i7-14700,-0.0004320160000004236,0.15207715133531696
main_campaign_default_alpha_0_5,test2_robustez_alpha,FashionMNIST,FedProx,0.1,58,10,5,54003,53920,1690000.0,4.562821476,4.5632535,4.55624,84250.0,False,1 x NVIDIA RTX A1000,Intel(R) Core(TM) i7-14700,-0.00043202400000019736,0.1539317507418536
main_campaign_default_alpha_0_5,test2_robustez_alpha,FashionMNIST,FedProx,0.1,59,10,5,54002,53920,1690000.0,4.562736984,4.563169,4.55624,84250.0,False,1 x NVIDIA RTX A1000,Intel(R) Core(TM) i7-14700,-0.0004320160000004236,0.15207715133531696
main_campaign_default_alpha_0_5,test2_robustez_alpha,FashionMNIST,FedProx,0.1,60,10,5,54002,53920,1690000.0,4.562736984,4.563169,4.55624,84250.0,False,1 x NVIDIA RTX A1000,Intel(R) Core(TM) i7-14700,-0.0004320160000004236,0.15207715133531696
main_campaign_default_alpha_0_5,test2_robustez_alpha,FashionMNIST,FedProx,0.1,61,10,5,54004,53920,1690000.0,4.562905968,4.563338,4.55624,84250.0,False,1 x NVIDIA RTX A1000,Intel(R) Core(TM) i7-14700,-0.0004320319999999711,0.15578635014836806
main_campaign_default_alpha_0_5,test2_robustez_alpha,FashionMNIST,FedProx,0.1,62,10,5,54002,53920,1690000.0,4.562736984,4.563169,4.55624,84250.0,False,1 x NVIDIA RTX A1000,Intel(R) Core(TM) i7-14700,-0.0004320160000004236,0.15207715133531696
main_campaign_default_alpha_0_5,test2_robustez_alpha,FashionMNIST,FedProx,0.1,63,10,5,54002,53920,1690000.0,4.562736984,4.563169,4.55624,84250.0,False,1 x NVIDIA RTX A1000,Intel(R) Core(TM) i7-14700,-0.0004320160000004236,0.15207715133531696
main_campaign_default_alpha_0_5,test2_robustez_alpha,FashionMNIST,FedProx,0.1,64,10,5,54001,53952,1690000.0,4.562652492,4.5630845,4.558944,84300.0,False,1 x NVIDIA RTX A1000,Intel(R) Core(TM) i7-14700,-0.00043200800000064987,0.09082147093713022
main_campaign_default_alpha_0_5,test2_robustez_alpha,FashionMNIST,FedProx,0.1,65,10,5,54003,53920,1690000.0,4.562821476,4.5632535,4.55624,84250.0,False,1 x NVIDIA RTX A1000,Intel(R) Core(TM) i7-14700,-0.00043202400000019736,0.1539317507418536
main_campaign_default_alpha_0_5,test2_robustez_alpha,FashionMNIST,FedProx,0.1,66,10,5,54001,53920,1690000.0,4.562652492,4.5630845,4.55624,84250.0,False,1 x NVIDIA RTX A1000,Intel(R) Core(TM) i7-14700,-0.00043200800000064987,0.15022255192880252
main_campaign_default_alpha_0_5,test2_robustez_alpha,FashionMNIST,FedProx,0.1,67,10,5,54003,53952,1690000.0,4.562821476,4.5632535,4.558944,84300.0,False,1 x NVIDIA RTX A1000,Intel(R) Core(TM) i7-14700,-0.00043202400000019736,0.09452846975088747
main_campaign_default_alpha_0_5,test2_robustez_alpha,FashionMNIST,FedProx,0.1,68,10,5,54002,53920,1690000.0,4.562736984,4.563169,4.55624,84250.0,False,1 x NVIDIA RTX A1000,Intel(R) Core(TM) i7-14700,-0.0004320160000004236,0.15207715133531696
main_campaign_default_alpha_0_5,test2_robustez_alpha,FashionMNIST,FedProx,0.1,69,10,5,54002,53920,1690000.0,4.562736984,4.563169,4.55624,84250.0,False,1 x NVIDIA RTX A1000,Intel(R) Core(TM) i7-14700,-0.0004320160000004236,0.15207715133531696
main_campaign_default_alpha_0_5,test2_robustez_alpha,FashionMNIST,FedProx,0.1,70,10,5,54002,53920,1690000.0,4.562736984,4.563169,4.55624,84250.0,False,1 x NVIDIA RTX A1000,Intel(R) Core(TM) i7-14700,-0.0004320160000004236,0.15207715133531696
main_campaign_default_alpha_0_5,test2_robustez_alpha,FashionMNIST,FedProx,0.1,71,10,5,54002,53920,1690000.0,4.562736984,4.563169,4.55624,84250.0,False,1 x NVIDIA RTX A1000,Intel(R) Core(TM) i7-14700,-0.0004320160000004236,0.15207715133531696
main_campaign_default_alpha_0_5,test2_robustez_alpha,FashionMNIST,FedProx,1.0,42,10,5,54002,53920,1690000.0,4.562736984,4.563169,4.55624,84250.0,False,1 x NVIDIA RTX A1000,Intel(R) Core(TM) i7-14700,-0.0004320160000004236,0.15207715133531696
main_campaign_default_alpha_0_5,test2_robustez_alpha,FashionMNIST,FedProx,1.0,43,10,5,54002,53920,1690000.0,4.562736984,4.563169,4.55624,84250.0,False,1 x NVIDIA RTX A1000,Intel(R) Core(TM) i7-14700,-0.0004320160000004236,0.15207715133531696
main_campaign_default_alpha_0_5,test2_robustez_alpha,FashionMNIST,FedProx,1.0,44,10,5,54002,53920,1690000.0,4.562736984,4.563169,4.55624,84250.0,False,1 x NVIDIA RTX A1000,Intel(R) Core(TM) i7-14700,-0.0004320160000004236,0.15207715133531696
main_campaign_default_alpha_0_5,test2_robustez_alpha,FashionMNIST,FedProx,1.0,45,10,5,54002,53920,1690000.0,4.562736984,4.563169,4.55624,84250.0,False,1 x NVIDIA RTX A1000,Intel(R) Core(TM) i7-14700,-0.0004320160000004236,0.15207715133531696
main_campaign_default_alpha_0_5,test2_robustez_alpha,FashionMNIST,FedProx,1.0,46,10,5,54002,53920,1690000.0,4.562736984,4.563169,4.55624,84250.0,False,1 x NVIDIA RTX A1000,Intel(R) Core(TM) i7-14700,-0.0004320160000004236,0.15207715133531696
main_campaign_default_alpha_0_5,test2_robustez_alpha,FashionMNIST,FedProx,1.0,47,10,5,54002,53952,1690000.0,4.562736984,4.563169,4.558944,84300.0,False,1 x NVIDIA RTX A1000,Intel(R) Core(TM) i7-14700,-0.0004320160000004236,0.09267497034399774
main_campaign_default_alpha_0_5,test2_robustez_alpha,FashionMNIST,FedProx,1.0,48,10,5,54003,53952,1690000.0,4.562821476,4.5632535,4.558944,84300.0,False,1 x NVIDIA RTX A1000,Intel(R) Core(TM) i7-14700,-0.00043202400000019736,0.09452846975088747
main_campaign_default_alpha_0_5,test2_robustez_alpha,FashionMNIST,FedProx,1.0,49,10,5,54002,53952,1690000.0,4.562736984,4.563169,4.558944,84300.0,False,1 x NVIDIA RTX A1000,Intel(R) Core(TM) i7-14700,-0.0004320160000004236,0.09267497034399774
main_campaign_default_alpha_0_5,test2_robustez_alpha,FashionMNIST,FedProx,1.0,50,10,5,54002,53952,1690000.0,4.562736984,4.563169,4.558944,84300.0,False,1 x NVIDIA RTX A1000,Intel(R) Core(TM) i7-14700,-0.0004320160000004236,0.09267497034399774
main_campaign_default_alpha_0_5,test2_robustez_alpha,FashionMNIST,FedProx,1.0,51,10,5,54002,53920,1690000.0,4.562736984,4.563169,4.55624,84250.0,False,1 x NVIDIA RTX A1000,Intel(R) Core(TM) i7-14700,-0.0004320160000004236,0.15207715133531696
main_campaign_default_alpha_0_5,test2_robustez_alpha,FashionMNIST,FedProx,1.0,52,10,5,54002,53920,1690000.0,4.562736984,4.563169,4.55624,84250.0,False,1 x NVIDIA RTX A1000,Intel(R) Core(TM) i7-14700,-0.0004320160000004236,0.15207715133531696
main_campaign_default_alpha_0_5,test2_robustez_alpha,FashionMNIST,FedProx,1.0,53,10,5,54003,53920,1690000.0,4.562821476,4.5632535,4.55624,84250.0,False,1 x NVIDIA RTX A1000,Intel(R) Core(TM) i7-14700,-0.00043202400000019736,0.1539317507418536
main_campaign_default_alpha_0_5,test2_robustez_alpha,FashionMNIST,FedProx,1.0,54,10,5,54002,53952,1690000.0,4.562736984,4.563169,4.558944,84300.0,False,1 x NVIDIA RTX A1000,Intel(R) Core(TM) i7-14700,-0.0004320160000004236,0.09267497034399774
main_campaign_default_alpha_0_5,test2_robustez_alpha,FashionMNIST,FedProx,1.0,55,10,5,54001,53920,1690000.0,4.562652492,4.5630845,4.55624,84250.0,False,1 x NVIDIA RTX A1000,Intel(R) Core(TM) i7-14700,-0.00043200800000064987,0.15022255192880252
main_campaign_default_alpha_0_5,test2_robustez_alpha,FashionMNIST,FedProx,1.0,56,10,5,54002,53920,1690000.0,4.562736984,4.563169,4.55624,84250.0,False,1 x NVIDIA RTX A1000,Intel(R) Core(TM) i7-14700,-0.0004320160000004236,0.15207715133531696
main_campaign_default_alpha_0_5,test2_robustez_alpha,FashionMNIST,FedProx,1.0,57,10,5,54003,53920,1690000.0,4.562821476,4.5632535,4.55624,84250.0,False,1 x NVIDIA RTX A1000,Intel(R) Core(TM) i7-14700,-0.00043202400000019736,0.1539317507418536
main_campaign_default_alpha_0_5,test2_robustez_alpha,FashionMNIST,FedProx,1.0,58,10,5,54003,53920,1690000.0,4.562821476,4.5632535,4.55624,84250.0,False,1 x NVIDIA RTX A1000,Intel(R) Core(TM) i7-14700,-0.00043202400000019736,0.1539317507418536
main_campaign_default_alpha_0_5,test2_robustez_alpha,FashionMNIST,FedProx,1.0,59,10,5,54003,53952,1690000.0,4.562821476,4.5632535,4.558944,84300.0,False,1 x NVIDIA RTX A1000,Intel(R) Core(TM) i7-14700,-0.00043202400000019736,0.09452846975088747
main_campaign_default_alpha_0_5,test2_robustez_alpha,FashionMNIST,FedProx,1.0,60,10,5,54003,53920,1690000.0,4.562821476,4.5632535,4.55624,84250.0,False,1 x NVIDIA RTX A1000,Intel(R) Core(TM) i7-14700,-0.00043202400000019736,0.1539317507418536
main_campaign_default_alpha_0_5,test2_robustez_alpha,FashionMNIST,FedProx,1.0,61,10,5,54003,53888,1690000.0,4.562821476,4.5632535,4.553536,84200.0,False,1 x NVIDIA RTX A1000,Intel(R) Core(TM) i7-14700,-0.00043202400000019736,0.2134055819477343
main_campaign_default_alpha_0_5,test2_robustez_alpha,FashionMNIST,FedProx,1.0,62,10,5,54003,53920,1690000.0,4.562821476,4.5632535,4.55624,84250.0,False,1 x NVIDIA RTX A1000,Intel(R) Core(TM) i7-14700,-0.00043202400000019736,0.1539317507418536
main_campaign_default_alpha_0_5,test2_robustez_alpha,FashionMNIST,FedProx,1.0,63,10,5,54002,53952,1690000.0,4.562736984,4.563169,4.558944,84300.0,False,1 x NVIDIA RTX A1000,Intel(R) Core(TM) i7-14700,-0.0004320160000004236,0.09267497034399774
main_campaign_default_alpha_0_5,test2_robustez_alpha,FashionMNIST,FedProx,1.0,64,10,5,54003,53920,1690000.0,4.562821476,4.5632535,4.55624,84250.0,False,1 x NVIDIA RTX A1000,Intel(R) Core(TM) i7-14700,-0.00043202400000019736,0.1539317507418536
main_campaign_default_alpha_0_5,test2_robustez_alpha,FashionMNIST,FedProx,1.0,65,10,5,54003,53888,1690000.0,4.562821476,4.5632535,4.553536,84200.0,False,1 x NVIDIA RTX A1000,Intel(R) Core(TM) i7-14700,-0.00043202400000019736,0.2134055819477343
main_campaign_default_alpha_0_5,test2_robustez_alpha,FashionMNIST,FedProx,1.0,66,10,5,54002,53952,1690000.0,4.562736984,4.563169,4.558944,84300.0,False,1 x NVIDIA RTX A1000,Intel(R) Core(TM) i7-14700,-0.0004320160000004236,0.09267497034399774
main_campaign_default_alpha_0_5,test2_robustez_alpha,FashionMNIST,FedProx,1.0,67,10,5,54003,53952,1690000.0,4.562821476,4.5632535,4.558944,84300.0,False,1 x NVIDIA RTX A1000,Intel(R) Core(TM) i7-14700,-0.00043202400000019736,0.09452846975088747
main_campaign_default_alpha_0_5,test2_robustez_alpha,FashionMNIST,FedProx,1.0,68,10,5,54002,53920,1690000.0,4.562736984,4.563169,4.55624,84250.0,False,1 x NVIDIA RTX A1000,Intel(R) Core(TM) i7-14700,-0.0004320160000004236,0.15207715133531696
main_campaign_default_alpha_0_5,test2_robustez_alpha,FashionMNIST,FedProx,1.0,69,10,5,54003,53920,1690000.0,4.562821476,4.5632535,4.55624,84250.0,False,1 x NVIDIA RTX A1000,Intel(R) Core(TM) i7-14700,-0.00043202400000019736,0.1539317507418536
main_campaign_default_alpha_0_5,test2_robustez_alpha,FashionMNIST,FedProx,1.0,70,10,5,54002,53920,1690000.0,4.562736984,4.563169,4.55624,84250.0,False,1 x NVIDIA RTX A1000,Intel(R) Core(TM) i7-14700,-0.0004320160000004236,0.15207715133531696
main_campaign_default_alpha_0_5,test2_robustez_alpha,FashionMNIST,FedProx,1.0,71,10,5,54003,53920,1690000.0,4.562821476,4.5632535,4.55624,84250.0,False,1 x NVIDIA RTX A1000,Intel(R) Core(TM) i7-14700,-0.00043202400000019736,0.1539317507418536
main_campaign_default_alpha_0_5,test2_robustez_alpha,FashionMNIST,FedNova,0.01,42,10,5,54002,53920,1690000.0,4.562736984,4.563169,4.55624,84250.0,False,1 x NVIDIA A40,AMD EPYC 9354P 32-Core Processor,-0.0004320160000004236,0.15207715133531696
main_campaign_default_alpha_0_5,test2_robustez_alpha,FashionMNIST,FedNova,0.01,43,10,5,54002,53920,1690000.0,4.562736984,4.563169,4.55624,84250.0,False,1 x NVIDIA A40,AMD EPYC 9354P 32-Core Processor,-0.0004320160000004236,0.15207715133531696
main_campaign_default_alpha_0_5,test2_robustez_alpha,FashionMNIST,FedNova,0.01,44,10,5,54002,53920,1690000.0,4.562736984,4.563169,4.55624,84250.0,False,1 x NVIDIA A40,AMD EPYC 9354P 32-Core Processor,-0.0004320160000004236,0.15207715133531696
main_campaign_default_alpha_0_5,test2_robustez_alpha,FashionMNIST,FedNova,0.01,45,10,5,54002,53888,1690000.0,4.562736984,4.563169,4.553536,84200.0,False,1 x NVIDIA A40,AMD EPYC 9354P 32-Core Processor,-0.0004320160000004236,0.21154988123515128
main_campaign_default_alpha_0_5,test2_robustez_alpha,FashionMNIST,FedNova,0.01,46,10,5,54000,53920,1690000.0,4.562568,4.563,4.55624,84250.0,False,1 x NVIDIA A40,AMD EPYC 9354P 32-Core Processor,-0.00043199999999998795,0.14836795252224366
main_campaign_default_alpha_0_5,test2_robustez_alpha,FashionMNIST,FedNova,0.01,47,10,5,54003,53888,1690000.0,4.562821476,4.5632535,4.553536,84200.0,False,1 x NVIDIA A40,AMD EPYC 9354P 32-Core Processor,-0.00043202400000019736,0.2134055819477343
main_campaign_default_alpha_0_5,test2_robustez_alpha,FashionMNIST,FedNova,0.01,48,10,5,54001,53952,1690000.0,4.562652492,4.5630845,4.558944,84300.0,False,1 x NVIDIA A40,AMD EPYC 9354P 32-Core Processor,-0.00043200800000064987,0.09082147093713022
main_campaign_default_alpha_0_5,test2_robustez_alpha,FashionMNIST,FedNova,0.01,49,10,5,54003,53888,1690000.0,4.562821476,4.5632535,4.553536,84200.0,False,1 x NVIDIA A40,AMD EPYC 9354P 32-Core Processor,-0.00043202400000019736,0.2134055819477343
main_campaign_default_alpha_0_5,test2_robustez_alpha,FashionMNIST,FedNova,0.01,50,10,5,54002,53920,1690000.0,4.562736984,4.563169,4.55624,84250.0,False,1 x NVIDIA A40,AMD EPYC 9354P 32-Core Processor,-0.0004320160000004236,0.15207715133531696
main_campaign_default_alpha_0_5,test2_robustez_alpha,FashionMNIST,FedNova,0.01,51,10,5,54000,53952,1690000.0,4.562568,4.563,4.558944,84300.0,False,1 x NVIDIA A40,AMD EPYC 9354P 32-Core Processor,-0.00043199999999998795,0.0889679715302405
main_campaign_default_alpha_0_5,test2_robustez_alpha,FashionMNIST,FedNova,0.01,52,10,5,54001,53953,1690000.0,4.562652492,4.5630845,4.5590285,84300.0,False,1 x NVIDIA A40,AMD EPYC 9354P 32-Core Processor,-0.00043200800000064987,0.08896632253998504
main_campaign_default_alpha_0_5,test2_robustez_alpha,FashionMNIST,FedNova,0.01,53,10,5,54003,53920,1690000.0,4.562821476,4.5632535,4.55624,84250.0,False,1 x NVIDIA A40,AMD EPYC 9354P 32-Core Processor,-0.00043202400000019736,0.1539317507418536
main_campaign_default_alpha_0_5,test2_robustez_alpha,FashionMNIST,FedNova,0.01,54,10,5,54002,53920,1690000.0,4.562736984,4.563169,4.55624,84250.0,False,1 x NVIDIA A40,AMD EPYC 9354P 32-Core Processor,-0.0004320160000004236,0.15207715133531696
main_campaign_default_alpha_0_5,test2_robustez_alpha,FashionMNIST,FedNova,0.01,55,10,5,54002,53921,1690000.0,4.562736984,4.563169,4.5563245,84250.0,False,1 x NVIDIA A40,AMD EPYC 9354P 32-Core Processor,-0.0004320160000004236,0.1502197659539073
main_campaign_default_alpha_0_5,test2_robustez_alpha,FashionMNIST,FedNova,0.01,56,10,5,54001,53920,1690000.0,4.562652492,4.5630845,4.55624,84250.0,False,1 x NVIDIA A40,AMD EPYC 9354P 32-Core Processor,-0.00043200800000064987,0.15022255192880252
main_campaign_default_alpha_0_5,test2_robustez_alpha,FashionMNIST,FedNova,0.01,57,10,5,54001,53952,1690000.0,4.562652492,4.5630845,4.558944,84300.0,False,1 x NVIDIA A40,AMD EPYC 9354P 32-Core Processor,-0.00043200800000064987,0.09082147093713022
main_campaign_default_alpha_0_5,test2_robustez_alpha,FashionMNIST,FedNova,0.01,58,10,5,54002,53888,1690000.0,4.562736984,4.563169,4.553536,84200.0,False,1 x NVIDIA A40,AMD EPYC 9354P 32-Core Processor,-0.0004320160000004236,0.21154988123515128
main_campaign_default_alpha_0_5,test2_robustez_alpha,FashionMNIST,FedNova,0.01,59,10,5,54003,53952,1690000.0,4.562821476,4.5632535,4.558944,84300.0,False,1 x NVIDIA A40,AMD EPYC 9354P 32-Core Processor,-0.00043202400000019736,0.09452846975088747
main_campaign_default_alpha_0_5,test2_robustez_alpha,FashionMNIST,FedNova,0.01,60,10,5,54002,53888,1690000.0,4.562736984,4.563169,4.553536,84200.0,False,1 x NVIDIA A40,AMD EPYC 9354P 32-Core Processor,-0.0004320160000004236,0.21154988123515128
main_campaign_default_alpha_0_5,test2_robustez_alpha,FashionMNIST,FedNova,0.01,61,10,5,54003,53920,1690000.0,4.562821476,4.5632535,4.55624,84250.0,False,1 x NVIDIA A40,AMD EPYC 9354P 32-Core Processor,-0.00043202400000019736,0.1539317507418536
main_campaign_default_alpha_0_5,test2_robustez_alpha,FashionMNIST,FedNova,0.01,62,10,5,54002,53888,1690000.0,4.562736984,4.563169,4.553536,84200.0,False,1 x NVIDIA A40,AMD EPYC 9354P 32-Core Processor,-0.0004320160000004236,0.21154988123515128
main_campaign_default_alpha_0_5,test2_robustez_alpha,FashionMNIST,FedNova,0.01,63,10,5,54002,53952,1690000.0,4.562736984,4.563169,4.558944,84300.0,False,1 x NVIDIA A40,AMD EPYC 9354P 32-Core Processor,-0.0004320160000004236,0.09267497034399774
main_campaign_default_alpha_0_5,test2_robustez_alpha,FashionMNIST,FedNova,0.01,64,10,5,54001,53920,1690000.0,4.562652492,4.5630845,4.55624,84250.0,False,1 x NVIDIA A40,AMD EPYC 9354P 32-Core Processor,-0.00043200800000064987,0.15022255192880252
main_campaign_default_alpha_0_5,test2_robustez_alpha,FashionMNIST,FedNova,0.01,65,10,5,54003,53888,1690000.0,4.562821476,4.5632535,4.553536,84200.0,False,1 x NVIDIA A40,AMD EPYC 9354P 32-Core Processor,-0.00043202400000019736,0.2134055819477343
main_campaign_default_alpha_0_5,test2_robustez_alpha,FashionMNIST,FedNova,0.01,66,10,5,54002,53952,1690000.0,4.562736984,4.563169,4.558944,84300.0,False,1 x NVIDIA A40,AMD EPYC 9354P 32-Core Processor,-0.0004320160000004236,0.09267497034399774
main_campaign_default_alpha_0_5,test2_robustez_alpha,FashionMNIST,FedNova,0.01,67,10,5,54001,53888,1690000.0,4.562652492,4.5630845,4.553536,84200.0,False,1 x NVIDIA A40,AMD EPYC 9354P 32-Core Processor,-0.00043200800000064987,0.20969418052256827
main_campaign_default_alpha_0_5,test2_robustez_alpha,FashionMNIST,FedNova,0.01,68,10,5,54002,53920,1690000.0,4.562736984,4.563169,4.55624,84250.0,False,1 x NVIDIA A40,AMD EPYC 9354P 32-Core Processor,-0.0004320160000004236,0.15207715133531696
main_campaign_default_alpha_0_5,test2_robustez_alpha,FashionMNIST,FedNova,0.01,69,10,5,54001,53921,1690000.0,4.562652492,4.5630845,4.5563245,84250.0,False,1 x NVIDIA A40,AMD EPYC 9354P 32-Core Processor,-0.00043200800000064987,0.14836520094214656
main_campaign_default_alpha_0_5,test2_robustez_alpha,FashionMNIST,FedNova,0.01,70,10,5,54002,53888,1690000.0,4.562736984,4.563169,4.553536,84200.0,False,1 x NVIDIA A40,AMD EPYC 9354P 32-Core Processor,-0.0004320160000004236,0.21154988123515128
main_campaign_default_alpha_0_5,test2_robustez_alpha,FashionMNIST,FedNova,0.01,71,10,5,54002,53920,1690000.0,4.562736984,4.563169,4.55624,84250.0,False,1 x NVIDIA A40,AMD EPYC 9354P 32-Core Processor,-0.0004320160000004236,0.15207715133531696
main_campaign_default_alpha_0_5,test2_robustez_alpha,FashionMNIST,FedNova,0.1,42,10,5,54003,53888,1690000.0,4.562821476,4.5632535,4.553536,84200.0,False,1 x NVIDIA A40,AMD EPYC 9354P 32-Core Processor,-0.00043202400000019736,0.2134055819477343
main_campaign_default_alpha_0_5,test2_robustez_alpha,FashionMNIST,FedNova,0.1,43,10,5,54002,53920,1690000.0,4.562736984,4.563169,4.55624,84250.0,False,1 x NVIDIA A40,AMD EPYC 9354P 32-Core Processor,-0.0004320160000004236,0.15207715133531696
main_campaign_default_alpha_0_5,test2_robustez_alpha,FashionMNIST,FedNova,0.1,44,10,5,54003,53952,1690000.0,4.562821476,4.5632535,4.558944,84300.0,False,1 x NVIDIA A40,AMD EPYC 9354P 32-Core Processor,-0.00043202400000019736,0.09452846975088747
main_campaign_default_alpha_0_5,test2_robustez_alpha,FashionMNIST,FedNova,0.1,45,10,5,54002,53920,1690000.0,4.562736984,4.563169,4.55624,84250.0,False,1 x NVIDIA A40,AMD EPYC 9354P 32-Core Processor,-0.0004320160000004236,0.15207715133531696
main_campaign_default_alpha_0_5,test2_robustez_alpha,FashionMNIST,FedNova,0.1,46,10,5,54002,53920,1690000.0,4.562736984,4.563169,4.55624,84250.0,False,1 x NVIDIA A40,AMD EPYC 9354P 32-Core Processor,-0.0004320160000004236,0.15207715133531696
main_campaign_default_alpha_0_5,test2_robustez_alpha,FashionMNIST,FedNova,0.1,47,10,5,54002,53920,1690000.0,4.562736984,4.563169,4.55624,84250.0,False,1 x NVIDIA A40,AMD EPYC 9354P 32-Core Processor,-0.0004320160000004236,0.15207715133531696
main_campaign_default_alpha_0_5,test2_robustez_alpha,FashionMNIST,FedNova,0.1,48,10,5,54002,53888,1690000.0,4.562736984,4.563169,4.553536,84200.0,False,1 x NVIDIA A40,AMD EPYC 9354P 32-Core Processor,-0.0004320160000004236,0.21154988123515128
main_campaign_default_alpha_0_5,test2_robustez_alpha,FashionMNIST,FedNova,0.1,49,10,5,54002,53920,1690000.0,4.562736984,4.563169,4.55624,84250.0,False,1 x NVIDIA A40,AMD EPYC 9354P 32-Core Processor,-0.0004320160000004236,0.15207715133531696
main_campaign_default_alpha_0_5,test2_robustez_alpha,FashionMNIST,FedNova,0.1,50,10,5,54002,53920,1690000.0,4.562736984,4.563169,4.55624,84250.0,False,1 x NVIDIA A40,AMD EPYC 9354P 32-Core Processor,-0.0004320160000004236,0.15207715133531696
main_campaign_default_alpha_0_5,test2_robustez_alpha,FashionMNIST,FedNova,0.1,51,10,5,54002,53952,1690000.0,4.562736984,4.563169,4.558944,84300.0,False,1 x NVIDIA A40,AMD EPYC 9354P 32-Core Processor,-0.0004320160000004236,0.09267497034399774
main_campaign_default_alpha_0_5,test2_robustez_alpha,FashionMNIST,FedNova,0.1,52,10,5,54004,53952,1690000.0,4.562905968,4.563338,4.558944,84300.0,False,1 x NVIDIA A40,AMD EPYC 9354P 32-Core Processor,-0.0004320319999999711,0.09638196915775499
main_campaign_default_alpha_0_5,test2_robustez_alpha,FashionMNIST,FedNova,0.1,53,10,5,54001,53920,1690000.0,4.562652492,4.5630845,4.55624,84250.0,False,1 x NVIDIA A40,AMD EPYC 9354P 32-Core Processor,-0.00043200800000064987,0.15022255192880252
main_campaign_default_alpha_0_5,test2_robustez_alpha,FashionMNIST,FedNova,0.1,54,10,5,54002,53952,1690000.0,4.562736984,4.563169,4.558944,84300.0,False,1 x NVIDIA A40,AMD EPYC 9354P 32-Core Processor,-0.0004320160000004236,0.09267497034399774
main_campaign_default_alpha_0_5,test2_robustez_alpha,FashionMNIST,FedNova,0.1,55,10,5,54002,53888,1690000.0,4.562736984,4.563169,4.553536,84200.0,False,1 x NVIDIA A40,AMD EPYC 9354P 32-Core Processor,-0.0004320160000004236,0.21154988123515128
main_campaign_default_alpha_0_5,test2_robustez_alpha,FashionMNIST,FedNova,0.1,56,10,5,54002,53888,1690000.0,4.562736984,4.563169,4.553536,84200.0,False,1 x NVIDIA A40,AMD EPYC 9354P 32-Core Processor,-0.0004320160000004236,0.21154988123515128
main_campaign_default_alpha_0_5,test2_robustez_alpha,FashionMNIST,FedNova,0.1,57,10,5,54002,53920,1690000.0,4.562736984,4.563169,4.55624,84250.0,False,1 x NVIDIA A40,AMD EPYC 9354P 32-Core Processor,-0.0004320160000004236,0.15207715133531696
main_campaign_default_alpha_0_5,test2_robustez_alpha,FashionMNIST,FedNova,0.1,58,10,5,54003,53920,1690000.0,4.562821476,4.5632535,4.55624,84250.0,False,1 x NVIDIA A40,AMD EPYC 9354P 32-Core Processor,-0.00043202400000019736,0.1539317507418536
main_campaign_default_alpha_0_5,test2_robustez_alpha,FashionMNIST,FedNova,0.1,59,10,5,54002,53920,1690000.0,4.562736984,4.563169,4.55624,84250.0,False,1 x NVIDIA A40,AMD EPYC 9354P 32-Core Processor,-0.0004320160000004236,0.15207715133531696
main_campaign_default_alpha_0_5,test2_robustez_alpha,FashionMNIST,FedNova,0.1,60,10,5,54002,53920,1690000.0,4.562736984,4.563169,4.55624,84250.0,False,1 x NVIDIA A40,AMD EPYC 9354P 32-Core Processor,-0.0004320160000004236,0.15207715133531696
main_campaign_default_alpha_0_5,test2_robustez_alpha,FashionMNIST,FedNova,0.1,61,10,5,54004,53920,1690000.0,4.562905968,4.563338,4.55624,84250.0,False,1 x NVIDIA A40,AMD EPYC 9354P 32-Core Processor,-0.0004320319999999711,0.15578635014836806
main_campaign_default_alpha_0_5,test2_robustez_alpha,FashionMNIST,FedNova,0.1,62,10,5,54002,53920,1690000.0,4.562736984,4.563169,4.55624,84250.0,False,1 x NVIDIA A40,AMD EPYC 9354P 32-Core Processor,-0.0004320160000004236,0.15207715133531696
main_campaign_default_alpha_0_5,test2_robustez_alpha,FashionMNIST,FedNova,0.1,63,10,5,54002,53920,1690000.0,4.562736984,4.563169,4.55624,84250.0,False,1 x NVIDIA A40,AMD EPYC 9354P 32-Core Processor,-0.0004320160000004236,0.15207715133531696
main_campaign_default_alpha_0_5,test2_robustez_alpha,FashionMNIST,FedNova,0.1,64,10,5,54001,53952,1690000.0,4.562652492,4.5630845,4.558944,84300.0,False,1 x NVIDIA A40,AMD EPYC 9354P 32-Core Processor,-0.00043200800000064987,0.09082147093713022
main_campaign_default_alpha_0_5,test2_robustez_alpha,FashionMNIST,FedNova,0.1,65,10,5,54003,53920,1690000.0,4.562821476,4.5632535,4.55624,84250.0,False,1 x NVIDIA A40,AMD EPYC 9354P 32-Core Processor,-0.00043202400000019736,0.1539317507418536
main_campaign_default_alpha_0_5,test2_robustez_alpha,FashionMNIST,FedNova,0.1,66,10,5,54001,53920,1690000.0,4.562652492,4.5630845,4.55624,84250.0,False,1 x NVIDIA A40,AMD EPYC 9354P 32-Core Processor,-0.00043200800000064987,0.15022255192880252
main_campaign_default_alpha_0_5,test2_robustez_alpha,FashionMNIST,FedNova,0.1,67,10,5,54003,53952,1690000.0,4.562821476,4.5632535,4.558944,84300.0,False,1 x NVIDIA A40,AMD EPYC 9354P 32-Core Processor,-0.00043202400000019736,0.09452846975088747
main_campaign_default_alpha_0_5,test2_robustez_alpha,FashionMNIST,FedNova,0.1,68,10,5,54002,53920,1690000.0,4.562736984,4.563169,4.55624,84250.0,False,1 x NVIDIA A40,AMD EPYC 9354P 32-Core Processor,-0.0004320160000004236,0.15207715133531696
main_campaign_default_alpha_0_5,test2_robustez_alpha,FashionMNIST,FedNova,0.1,69,10,5,54002,53920,1690000.0,4.562736984,4.563169,4.55624,84250.0,False,1 x NVIDIA A40,AMD EPYC 9354P 32-Core Processor,-0.0004320160000004236,0.15207715133531696
main_campaign_default_alpha_0_5,test2_robustez_alpha,FashionMNIST,FedNova,0.1,70,10,5,54002,53920,1690000.0,4.562736984,4.563169,4.55624,84250.0,False,1 x NVIDIA A40,AMD EPYC 9354P 32-Core Processor,-0.0004320160000004236,0.15207715133531696
main_campaign_default_alpha_0_5,test2_robustez_alpha,FashionMNIST,FedNova,0.1,71,10,5,54002,53920,1690000.0,4.562736984,4.563169,4.55624,84250.0,False,1 x NVIDIA A40,AMD EPYC 9354P 32-Core Processor,-0.0004320160000004236,0.15207715133531696
main_campaign_default_alpha_0_5,test2_robustez_alpha,FashionMNIST,FedNova,1.0,42,10,5,54002,53920,1690000.0,4.562736984,4.563169,4.55624,84250.0,False,1 x NVIDIA A40,AMD EPYC 9354P 32-Core Processor,-0.0004320160000004236,0.15207715133531696
main_campaign_default_alpha_0_5,test2_robustez_alpha,FashionMNIST,FedNova,1.0,43,10,5,54002,53920,1690000.0,4.562736984,4.563169,4.55624,84250.0,False,1 x NVIDIA A40,AMD EPYC 9354P 32-Core Processor,-0.0004320160000004236,0.15207715133531696
main_campaign_default_alpha_0_5,test2_robustez_alpha,FashionMNIST,FedNova,1.0,44,10,5,54002,53920,1690000.0,4.562736984,4.563169,4.55624,84250.0,False,1 x NVIDIA A40,AMD EPYC 9354P 32-Core Processor,-0.0004320160000004236,0.15207715133531696
main_campaign_default_alpha_0_5,test2_robustez_alpha,FashionMNIST,FedNova,1.0,45,10,5,54002,53920,1690000.0,4.562736984,4.563169,4.55624,84250.0,False,1 x NVIDIA A40,AMD EPYC 9354P 32-Core Processor,-0.0004320160000004236,0.15207715133531696
main_campaign_default_alpha_0_5,test2_robustez_alpha,FashionMNIST,FedNova,1.0,46,10,5,54002,53920,1690000.0,4.562736984,4.563169,4.55624,84250.0,False,1 x NVIDIA A40,AMD EPYC 9354P 32-Core Processor,-0.0004320160000004236,0.15207715133531696
main_campaign_default_alpha_0_5,test2_robustez_alpha,FashionMNIST,FedNova,1.0,47,10,5,54002,53952,1690000.0,4.562736984,4.563169,4.558944,84300.0,False,1 x NVIDIA A40,AMD EPYC 9354P 32-Core Processor,-0.0004320160000004236,0.09267497034399774
main_campaign_default_alpha_0_5,test2_robustez_alpha,FashionMNIST,FedNova,1.0,48,10,5,54003,53952,1690000.0,4.562821476,4.5632535,4.558944,84300.0,False,1 x NVIDIA A40,AMD EPYC 9354P 32-Core Processor,-0.00043202400000019736,0.09452846975088747
main_campaign_default_alpha_0_5,test2_robustez_alpha,FashionMNIST,FedNova,1.0,49,10,5,54002,53952,1690000.0,4.562736984,4.563169,4.558944,84300.0,False,1 x NVIDIA A40,AMD EPYC 9354P 32-Core Processor,-0.0004320160000004236,0.09267497034399774
main_campaign_default_alpha_0_5,test2_robustez_alpha,FashionMNIST,FedNova,1.0,50,10,5,54002,53952,1690000.0,4.562736984,4.563169,4.558944,84300.0,False,1 x NVIDIA A40,AMD EPYC 9354P 32-Core Processor,-0.0004320160000004236,0.09267497034399774
main_campaign_default_alpha_0_5,test2_robustez_alpha,FashionMNIST,FedNova,1.0,51,10,5,54002,53920,1690000.0,4.562736984,4.563169,4.55624,84250.0,False,1 x NVIDIA A40,AMD EPYC 9354P 32-Core Processor,-0.0004320160000004236,0.15207715133531696
main_campaign_default_alpha_0_5,test2_robustez_alpha,FashionMNIST,FedNova,1.0,52,10,5,54002,53920,1690000.0,4.562736984,4.563169,4.55624,84250.0,False,1 x NVIDIA A40,AMD EPYC 9354P 32-Core Processor,-0.0004320160000004236,0.15207715133531696
main_campaign_default_alpha_0_5,test2_robustez_alpha,FashionMNIST,FedNova,1.0,53,10,5,54003,53920,1690000.0,4.562821476,4.5632535,4.55624,84250.0,False,1 x NVIDIA A40,AMD EPYC 9354P 32-Core Processor,-0.00043202400000019736,0.1539317507418536
main_campaign_default_alpha_0_5,test2_robustez_alpha,FashionMNIST,FedNova,1.0,54,10,5,54002,53952,1690000.0,4.562736984,4.563169,4.558944,84300.0,False,1 x NVIDIA A40,AMD EPYC 9354P 32-Core Processor,-0.0004320160000004236,0.09267497034399774
main_campaign_default_alpha_0_5,test2_robustez_alpha,FashionMNIST,FedNova,1.0,55,10,5,54001,53920,1690000.0,4.562652492,4.5630845,4.55624,84250.0,False,1 x NVIDIA A40,AMD EPYC 9354P 32-Core Processor,-0.00043200800000064987,0.15022255192880252
main_campaign_default_alpha_0_5,test2_robustez_alpha,FashionMNIST,FedNova,1.0,56,10,5,54002,53920,1690000.0,4.562736984,4.563169,4.55624,84250.0,False,1 x NVIDIA A40,AMD EPYC 9354P 32-Core Processor,-0.0004320160000004236,0.15207715133531696
main_campaign_default_alpha_0_5,test2_robustez_alpha,FashionMNIST,FedNova,1.0,57,10,5,54003,53920,1690000.0,4.562821476,4.5632535,4.55624,84250.0,False,1 x NVIDIA A40,AMD EPYC 9354P 32-Core Processor,-0.00043202400000019736,0.1539317507418536
main_campaign_default_alpha_0_5,test2_robustez_alpha,FashionMNIST,FedNova,1.0,58,10,5,54003,53920,1690000.0,4.562821476,4.5632535,4.55624,84250.0,False,1 x NVIDIA A40,AMD EPYC 9354P 32-Core Processor,-0.00043202400000019736,0.1539317507418536
main_campaign_default_alpha_0_5,test2_robustez_alpha,FashionMNIST,FedNova,1.0,59,10,5,54003,53952,1690000.0,4.562821476,4.5632535,4.558944,84300.0,False,1 x NVIDIA A40,AMD EPYC 9354P 32-Core Processor,-0.00043202400000019736,0.09452846975088747
main_campaign_default_alpha_0_5,test2_robustez_alpha,FashionMNIST,FedNova,1.0,60,10,5,54003,53920,1690000.0,4.562821476,4.5632535,4.55624,84250.0,False,1 x NVIDIA A40,AMD EPYC 9354P 32-Core Processor,-0.00043202400000019736,0.1539317507418536
main_campaign_default_alpha_0_5,test2_robustez_alpha,FashionMNIST,FedNova,1.0,61,10,5,54003,53888,1690000.0,4.562821476,4.5632535,4.553536,84200.0,False,1 x NVIDIA A40,AMD EPYC 9354P 32-Core Processor,-0.00043202400000019736,0.2134055819477343
main_campaign_default_alpha_0_5,test2_robustez_alpha,FashionMNIST,FedNova,1.0,62,10,5,54003,53920,1690000.0,4.562821476,4.5632535,4.55624,84250.0,False,1 x NVIDIA A40,AMD EPYC 9354P 32-Core Processor,-0.00043202400000019736,0.1539317507418536
main_campaign_default_alpha_0_5,test2_robustez_alpha,FashionMNIST,FedNova,1.0,63,10,5,54002,53952,1690000.0,4.562736984,4.563169,4.558944,84300.0,False,1 x NVIDIA A40,AMD EPYC 9354P 32-Core Processor,-0.0004320160000004236,0.09267497034399774
main_campaign_default_alpha_0_5,test2_robustez_alpha,FashionMNIST,FedNova,1.0,64,10,5,54003,53920,1690000.0,4.562821476,4.5632535,4.55624,84250.0,False,1 x NVIDIA A40,AMD EPYC 9354P 32-Core Processor,-0.00043202400000019736,0.1539317507418536
main_campaign_default_alpha_0_5,test2_robustez_alpha,FashionMNIST,FedNova,1.0,65,10,5,54003,53888,1690000.0,4.562821476,4.5632535,4.553536,84200.0,False,1 x NVIDIA A40,AMD EPYC 9354P 32-Core Processor,-0.00043202400000019736,0.2134055819477343
main_campaign_default_alpha_0_5,test2_robustez_alpha,FashionMNIST,FedNova,1.0,66,10,5,54002,53952,1690000.0,4.562736984,4.563169,4.558944,84300.0,False,1 x NVIDIA A40,AMD EPYC 9354P 32-Core Processor,-0.0004320160000004236,0.09267497034399774
main_campaign_default_alpha_0_5,test2_robustez_alpha,FashionMNIST,FedNova,1.0,67,10,5,54003,53952,1690000.0,4.562821476,4.5632535,4.558944,84300.0,False,1 x NVIDIA A40,AMD EPYC 9354P 32-Core Processor,-0.00043202400000019736,0.09452846975088747
main_campaign_default_alpha_0_5,test2_robustez_alpha,FashionMNIST,FedNova,1.0,68,10,5,54002,53920,1690000.0,4.562736984,4.563169,4.55624,84250.0,False,1 x NVIDIA A40,AMD EPYC 9354P 32-Core Processor,-0.0004320160000004236,0.15207715133531696
main_campaign_default_alpha_0_5,test2_robustez_alpha,FashionMNIST,FedNova,1.0,69,10,5,54003,53920,1690000.0,4.562821476,4.5632535,4.55624,84250.0,False,1 x NVIDIA A40,AMD EPYC 9354P 32-Core Processor,-0.00043202400000019736,0.1539317507418536
main_campaign_default_alpha_0_5,test2_robustez_alpha,FashionMNIST,FedNova,1.0,70,10,5,54002,53920,1690000.0,4.562736984,4.563169,4.55624,84250.0,False,1 x NVIDIA A40,AMD EPYC 9354P 32-Core Processor,-0.0004320160000004236,0.15207715133531696
main_campaign_default_alpha_0_5,test2_robustez_alpha,FashionMNIST,FedNova,1.0,71,10,5,54003,53920,1690000.0,4.562821476,4.5632535,4.55624,84250.0,False,1 x NVIDIA A40,AMD EPYC 9354P 32-Core Processor,-0.00043202400000019736,0.1539317507418536
main_campaign_default_alpha_0_5,test2_robustez_alpha,FashionMNIST,FedHAD,0.01,42,10,5,54002,53920,1690000.0,2.9914561584,2.9917394,2.9873792,55240.0,False,1 x NVIDIA RTX A1000,Intel(R) Core(TM) i7-14700,-0.0002832416000000393,0.1459540188269548
main_campaign_default_alpha_0_5,test2_robustez_alpha,FashionMNIST,FedHAD,0.01,43,10,5,54002,53920,1690000.0,2.897906616,2.898181,2.8943616,53520.0,False,1 x NVIDIA RTX A1000,Intel(R) Core(TM) i7-14700,-0.00027438399999990537,0.13196001494768517
main_campaign_default_alpha_0_5,test2_robustez_alpha,FashionMNIST,FedHAD,0.01,44,10,5,54002,53920,1690000.0,3.0065126328,3.0067973,3.0025216,55520.0,False,1 x NVIDIA RTX A1000,Intel(R) Core(TM) i7-14700,-0.0002846672000003103,0.14240363832853653
main_campaign_default_alpha_0_5,test2_robustez_alpha,FashionMNIST,FedHAD,0.01,45,10,5,54002,53888,1690000.0,2.8598176224,2.8600884,2.8548832,52790.0,False,1 x NVIDIA RTX A1000,Intel(R) Core(TM) i7-14700,-0.00027077759999993845,0.18232619814357864
main_campaign_default_alpha_0_5,test2_robustez_alpha,FashionMNIST,FedHAD,0.01,46,10,5,54000,53920,1690000.0,3.0112779816,3.0115631,3.0079296,55620.0,False,1 x NVIDIA RTX A1000,Intel(R) Core(TM) i7-14700,-0.0002851183999998952,0.12079737504493426
main_campaign_default_alpha_0_5,test2_robustez_alpha,FashionMNIST,FedHAD,0.01,47,10,5,54003,53888,1690000.0,3.006985788,3.0072705,3.00144,55500.0,False,1 x NVIDIA RTX A1000,Intel(R) Core(TM) i7-14700,-0.0002847120000000203,0.19425675675674992
main_campaign_default_alpha_0_5,test2_robustez_alpha,FashionMNIST,FedHAD,0.01,48,10,5,54001,53952,1690000.0,2.7375914952,2.7378507,2.7353664,50580.0,False,1 x NVIDIA RTX A1000,Intel(R) Core(TM) i7-14700,-0.0002592048000003011,0.09082147093713022
main_campaign_default_alpha_0_5,test2_robustez_alpha,FashionMNIST,FedHAD,0.01,49,10,5,54003,53888,1690000.0,2.8558633968,2.8561338,2.8505568,52710.0,False,1 x NVIDIA RTX A1000,Intel(R) Core(TM) i7-14700,-0.0002704032000000467,0.19564598747865425
main_campaign_default_alpha_0_5,test2_robustez_alpha,FashionMNIST,FedHAD,0.01,50,10,5,54002,53920,1690000.0,2.937026412,2.9373045,2.93384,54250.0,False,1 x NVIDIA RTX A1000,Intel(R) Core(TM) i7-14700,-0.00027808800000039824,0.1180875576036966
main_campaign_default_alpha_0_5,test2_robustez_alpha,FashionMNIST,FedHAD,0.01,51,10,5,54000,53952,1690000.0,3.0112779816,3.0115631,3.009552,55650.0,False,1 x NVIDIA RTX A1000,Intel(R) Core(TM) i7-14700,-0.0002851183999998952,0.06682389937107125
main_campaign_default_alpha_0_5,test2_robustez_alpha,FashionMNIST,FedHAD,0.01,52,10,5,54001,53953,1690000.0,3.32602758,3.3263425,3.3237906,61460.0,False,1 x NVIDIA RTX A1000,Intel(R) Core(TM) i7-14700,-0.00031492000000010734,0.07677679815327743
main_campaign_default_alpha_0_5,test2_robustez_alpha,FashionMNIST,FedHAD,0.01,53,10,5,54003,53920,1690000.0,2.9146022352,2.9148782,2.9105856,53820.0,False,1 x NVIDIA RTX A1000,Intel(R) Core(TM) i7-14700,-0.0002759648000001391,0.14748234856929443
main_campaign_default_alpha_0_5,test2_robustez_alpha,FashionMNIST,FedHAD,0.01,54,10,5,54002,53920,1690000.0,3.1913642304,3.1916664,3.188016,58950.0,False,1 x NVIDIA RTX A1000,Intel(R) Core(TM) i7-14700,-0.0003021695999998464,0.11450381679387611
main_campaign_default_alpha_0_5,test2_robustez_alpha,FashionMNIST,FedHAD,0.01,55,10,5,54002,53921,1690000.0,3.2844406176,3.2847516,3.2805266,60660.0,False,1 x NVIDIA RTX A1000,Intel(R) Core(TM) i7-14700,-0.00031098239999982624,0.1287902984843825
main_campaign_default_alpha_0_5,test2_robustez_alpha,FashionMNIST,FedHAD,0.01,56,10,5,54001,53920,1690000.0,2.651950404,2.6522015,2.6482976,48970.0,False,1 x NVIDIA RTX A1000,Intel(R) Core(TM) i7-14700,-0.0002510959999999507,0.14741168062080146
main_campaign_default_alpha_0_5,test2_robustez_alpha,FashionMNIST,FedHAD,0.01,57,10,5,54001,53952,1690000.0,3.1004677368,3.1007613,3.0982432,57290.0,False,1 x NVIDIA RTX A1000,Intel(R) Core(TM) i7-14700,-0.00029356319999962466,0.08127509163902147
main_campaign_default_alpha_0_5,test2_robustez_alpha,FashionMNIST,FedHAD,0.01,58,10,5,54002,53888,1690000.0,2.646373932,2.6466245,2.6412672,48840.0,False,1 x NVIDIA RTX A1000,Intel(R) Core(TM) i7-14700,-0.0002505680000002286,0.20283067158066714
main_campaign_default_alpha_0_5,test2_robustez_alpha,FashionMNIST,FedHAD,0.01,59,10,5,54003,53952,1690000.0,3.0093008688,3.0095858,3.006848,55600.0,False,1 x NVIDIA RTX A1000,Intel(R) Core(TM) i7-14700,-0.0002849311999999493,0.09105215827336366
main_campaign_default_alpha_0_5,test2_robustez_alpha,FashionMNIST,FedHAD,0.01,60,10,5,54002,53888,1690000.0,2.9145008448,2.9147768,2.909504,53800.0,False,1 x NVIDIA RTX A1000,Intel(R) Core(TM) i7-14700,-0.0002759551999997889,0.18122676579925834
main_campaign_default_alpha_0_5,test2_robustez_alpha,FashionMNIST,FedHAD,0.01,61,10,5,54003,53920,1690000.0,3.0975443136,3.0978376,3.0939168,57210.0,False,1 x NVIDIA RTX A1000,Intel(R) Core(TM) i7-14700,-0.00029328640000025885,0.12672609683621605
main_campaign_default_alpha_0_5,test2_robustez_alpha,FashionMNIST,FedHAD,0.01,62,10,5,54002,53888,1690000.0,3.0171079296,3.0173936,3.012256,55700.0,False,1 x NVIDIA RTX A1000,Intel(R) Core(TM) i7-14700,-0.0002856704000002708,0.17055655296229766
main_campaign_default_alpha_0_5,test2_robustez_alpha,FashionMNIST,FedHAD,0.01,63,10,5,54002,53952,1690000.0,2.9267352864,2.9270124,2.9246464,54080.0,False,1 x NVIDIA RTX A1000,Intel(R) Core(TM) i7-14700,-0.00027711360000015617,0.08089866863907336
main_campaign_default_alpha_0_5,test2_robustez_alpha,FashionMNIST,FedHAD,0.01,64,10,5,54001,53920,1690000.0,2.6464246272,2.6466752,2.6428896,48870.0,False,1 x NVIDIA RTX A1000,Intel(R) Core(TM) i7-14700,-0.0002505727999997376,0.14323715981172658
main_campaign_default_alpha_0_5,test2_robustez_alpha,FashionMNIST,FedHAD,0.01,65,10,5,54003,53888,1690000.0,2.8769357016,2.8772081,2.871648,53100.0,False,1 x NVIDIA RTX A1000,Intel(R) Core(TM) i7-14700,-0.0002723983999999291,0.1936205273069591
main_campaign_default_alpha_0_5,test2_robustez_alpha,FashionMNIST,FedHAD,0.01,66,10,5,54002,53952,1690000.0,3.0171079296,3.0173936,3.01496,55750.0,False,1 x NVIDIA RTX A1000,Intel(R) Core(TM) i7-14700,-0.0002856704000002708,0.08071748878923923
main_campaign_default_alpha_0_5,test2_robustez_alpha,FashionMNIST,FedHAD,0.01,67,10,5,54001,53888,1690000.0,2.918100204,2.9183765,2.9132896,53870.0,False,1 x NVIDIA RTX A1000,Intel(R) Core(TM) i7-14700,-0.0002762960000000092,0.17461017263782352
main_campaign_default_alpha_0_5,test2_robustez_alpha,FashionMNIST,FedHAD,0.01,68,10,5,54002,53920,1690000.0,2.646373932,2.6466245,2.6428896,48870.0,False,1 x NVIDIA RTX A1000,Intel(R) Core(TM) i7-14700,-0.0002505680000002286,0.14131880499284044
main_campaign_default_alpha_0_5,test2_robustez_alpha,FashionMNIST,FedHAD,0.01,69,10,5,54001,53921,1690000.0,3.1263222888,3.1266183,3.1220722,57730.0,False,1 x NVIDIA RTX A1000,Intel(R) Core(TM) i7-14700,-0.0002960112000001125,0.14561162294710606
main_campaign_default_alpha_0_5,test2_robustez_alpha,FashionMNIST,FedHAD,0.01,70,10,5,54002,53888,1690000.0,2.9258058744,2.9260829,2.92032,54000.0,False,1 x NVIDIA RTX A1000,Intel(R) Core(TM) i7-14700,-0.00027702559999998044,0.19733796296297346
main_campaign_default_alpha_0_5,test2_robustez_alpha,FashionMNIST,FedHAD,0.01,71,10,5,54002,53920,1690000.0,2.8207147248,2.8209818,2.817568,52100.0,False,1 x NVIDIA RTX A1000,Intel(R) Core(TM) i7-14700,-0.00026707520000002205,0.12116122840690746
main_campaign_default_alpha_0_5,test2_robustez_alpha,FashionMNIST,FedHAD,0.1,42,10,5,54003,53888,1690000.0,3.2597520552,3.2600607,3.2534528,60160.0,False,1 x NVIDIA RTX A1000,Intel(R) Core(TM) i7-14700,-0.00030864480000003525,0.20310422207447942
main_campaign_default_alpha_0_5,test2_robustez_alpha,FashionMNIST,FedHAD,0.1,43,10,5,54002,53920,1690000.0,3.1832698968,3.1835713,3.1793632,58790.0,False,1 x NVIDIA RTX A1000,Intel(R) Core(TM) i7-14700,-0.0003014031999999389,0.13235669331519428
main_campaign_default_alpha_0_5,test2_robustez_alpha,FashionMNIST,FedHAD,0.1,44,10,5,54003,53952,1690000.0,3.216863916,3.2171685,3.2145152,59440.0,False,1 x NVIDIA RTX A1000,Intel(R) Core(TM) i7-14700,-0.0003045840000002187,0.0825412180349927
main_campaign_default_alpha_0_5,test2_robustez_alpha,FashionMNIST,FedHAD,0.1,45,10,5,54002,53920,1690000.0,3.365992296,3.366311,3.3616128,62160.0,False,1 x NVIDIA RTX A1000,Intel(R) Core(TM) i7-14700,-0.000318704000000114,0.13976029601030504
main_campaign_default_alpha_0_5,test2_robustez_alpha,FashionMNIST,FedHAD,0.1,46,10,5,54002,53920,1690000.0,3.0764889072,3.0767802,3.0722848,56810.0,False,1 x NVIDIA RTX A1000,Intel(R) Core(TM) i7-14700,-0.00029129280000006474,0.14632107023411223
main_campaign_default_alpha_0_5,test2_robustez_alpha,FashionMNIST,FedHAD,0.1,47,10,5,54002,53920,1690000.0,3.4942004568,3.4945313,3.4897824,64530.0,False,1 x NVIDIA RTX A1000,Intel(R) Core(TM) i7-14700,-0.0003308431999999861,0.13608011777466178
main_campaign_default_alpha_0_5,test2_robustez_alpha,FashionMNIST,FedHAD,0.1,48,10,5,54002,53888,1690000.0,3.1680951336,3.1683951,3.1620576,58470.0,False,1 x NVIDIA RTX A1000,Intel(R) Core(TM) i7-14700,-0.00029996640000007346,0.20042329399692083
main_campaign_default_alpha_0_5,test2_robustez_alpha,FashionMNIST,FedHAD,0.1,49,10,5,54002,53920,1690000.0,3.4498421568,3.4501688,3.444896,63700.0,False,1 x NVIDIA RTX A1000,Intel(R) Core(TM) i7-14700,-0.0003266432000001984,0.1530612244897922
main_campaign_default_alpha_0_5,test2_robustez_alpha,FashionMNIST,FedHAD,0.1,50,10,5,54002,53920,1690000.0,3.31546608,3.31578,3.3113184,61230.0,False,1 x NVIDIA RTX A1000,Intel(R) Core(TM) i7-14700,-0.00031391999999996756,0.1347378735913729
main_campaign_default_alpha_0_5,test2_robustez_alpha,FashionMNIST,FedHAD,0.1,51,10,5,54002,53952,1690000.0,3.3583204224,3.3586384,3.355664,62050.0,False,1 x NVIDIA RTX A1000,Intel(R) Core(TM) i7-14700,-0.00031797759999996345,0.08863819500402048
main_campaign_default_alpha_0_5,test2_robustez_alpha,FashionMNIST,FedHAD,0.1,52,10,5,54004,53952,1690000.0,3.114290628,3.1145855,3.1117632,57540.0,False,1 x NVIDIA RTX A1000,Intel(R) Core(TM) i7-14700,-0.0002948720000000016,0.09069777546055757
main_campaign_default_alpha_0_5,test2_robustez_alpha,FashionMNIST,FedHAD,0.1,53,10,5,54001,53920,1690000.0,3.3480292968,3.3483463,3.3432256,61820.0,False,1 x NVIDIA RTX A1000,Intel(R) Core(TM) i7-14700,-0.00031700320000016546,0.15316645098675252
main_campaign_default_alpha_0_5,test2_robustez_alpha,FashionMNIST,FedHAD,0.1,54,10,5,54002,53952,1690000.0,3.403506744,3.403829,3.4010912,62890.0,False,1 x NVIDIA RTX A1000,Intel(R) Core(TM) i7-14700,-0.00032225600000002075,0.08049769438702725
main_campaign_default_alpha_0_5,test2_robustez_alpha,FashionMNIST,FedHAD,0.1,55,10,5,54002,53888,1690000.0,3.1716944928,3.1719948,3.1658432,58540.0,False,1 x NVIDIA RTX A1000,Intel(R) Core(TM) i7-14700,-0.00030030719999984967,0.19431158182439123
main_campaign_default_alpha_0_5,test2_robustez_alpha,FashionMNIST,FedHAD,0.1,56,10,5,54002,53888,1690000.0,3.0918495528,3.0921423,3.0858048,57060.0,False,1 x NVIDIA RTX A1000,Intel(R) Core(TM) i7-14700,-0.00029274720000005416,0.20537592008411654
main_campaign_default_alpha_0_5,test2_robustez_alpha,FashionMNIST,FedHAD,0.1,57,10,5,54002,53920,1690000.0,3.2469599664,3.2472674,3.2426368,59960.0,False,1 x NVIDIA RTX A1000,Intel(R) Core(TM) i7-14700,-0.00030743360000018427,0.14280353569047222
main_campaign_default_alpha_0_5,test2_robustez_alpha,FashionMNIST,FedHAD,0.1,58,10,5,54003,53920,1690000.0,3.2396598576,3.2399666,3.2356064,59830.0,False,1 x NVIDIA RTX A1000,Intel(R) Core(TM) i7-14700,-0.00030674239999983755,0.13475681096439818
main_campaign_default_alpha_0_5,test2_robustez_alpha,FashionMNIST,FedHAD,0.1,59,10,5,54002,53920,1690000.0,3.1023941544,3.1026879,3.0982432,57290.0,False,1 x NVIDIA RTX A1000,Intel(R) Core(TM) i7-14700,-0.00029374559999961747,0.14345871879908323
main_campaign_default_alpha_0_5,test2_robustez_alpha,FashionMNIST,FedHAD,0.1,60,10,5,54002,53920,1690000.0,3.0424386312,3.0427267,3.0382144,56180.0,False,1 x NVIDIA RTX A1000,Intel(R) Core(TM) i7-14700,-0.0002880687999997633,0.1485181559273574
main_campaign_default_alpha_0_5,test2_robustez_alpha,FashionMNIST,FedHAD,0.1,61,10,5,54004,53920,1690000.0,3.5571132,3.55745,3.5519744,65680.0,False,1 x NVIDIA RTX A1000,Intel(R) Core(TM) i7-14700,-0.00033679999999991495,0.15415651644334893
main_campaign_default_alpha_0_5,test2_robustez_alpha,FashionMNIST,FedHAD,0.1,62,10,5,54002,53920,1690000.0,2.973357972,2.9736395,2.968992,54900.0,False,1 x NVIDIA RTX A1000,Intel(R) Core(TM) i7-14700,-0.00028152799999991984,0.15653460837887767
main_campaign_default_alpha_0_5,test2_robustez_alpha,FashionMNIST,FedHAD,0.1,63,10,5,54002,53920,1690000.0,3.4933555368,3.4936863,3.4887008,64510.0,False,1 x NVIDIA RTX A1000,Intel(R) Core(TM) i7-14700,-0.00033076319999958415,0.1429042008990855
main_campaign_default_alpha_0_5,test2_robustez_alpha,FashionMNIST,FedHAD,0.1,64,10,5,54001,53952,1690000.0,3.3384141072,3.3387302,3.3361952,61690.0,False,1 x NVIDIA RTX A1000,Intel(R) Core(TM) i7-14700,-0.0003160927999998897,0.07598476252228537
main_campaign_default_alpha_0_5,test2_robustez_alpha,FashionMNIST,FedHAD,0.1,65,10,5,54003,53920,1690000.0,3.2421777192,3.2424847,3.2377696,59870.0,False,1 x NVIDIA RTX A1000,Intel(R) Core(TM) i7-14700,-0.0003069808000000229,0.14562802739268577
main_campaign_default_alpha_0_5,test2_robustez_alpha,FashionMNIST,FedHAD,0.1,66,10,5,54001,53920,1690000.0,3.1957916112,3.1960942,3.1918016,59020.0,False,1 x NVIDIA RTX A1000,Intel(R) Core(TM) i7-14700,-0.0003025887999998922,0.13448830904778664
main_campaign_default_alpha_0_5,test2_robustez_alpha,FashionMNIST,FedHAD,0.1,67,10,5,54003,53952,1690000.0,3.0426583104,3.0429464,3.0403776,56220.0,False,1 x NVIDIA RTX A1000,Intel(R) Core(TM) i7-14700,-0.00028808960000015205,0.08448950551405154
main_campaign_default_alpha_0_5,test2_robustez_alpha,FashionMNIST,FedHAD,0.1,68,10,5,54002,53920,1690000.0,3.1365289224,3.1368259,3.1323136,57920.0,False,1 x NVIDIA RTX A1000,Intel(R) Core(TM) i7-14700,-0.00029697759999969264,0.14405645718231774
main_campaign_default_alpha_0_5,test2_robustez_alpha,FashionMNIST,FedHAD,0.1,69,10,5,54002,53920,1690000.0,3.2741325936,3.2744426,3.2696768,60460.0,False,1 x NVIDIA RTX A1000,Intel(R) Core(TM) i7-14700,-0.0003100063999998959,0.14575752563679156
main_campaign_default_alpha_0_5,test2_robustez_alpha,FashionMNIST,FedHAD,0.1,70,10,5,54002,53920,1690000.0,3.0089629008,3.0092478,3.0046848,55560.0,False,1 x NVIDIA RTX A1000,Intel(R) Core(TM) i7-14700,-0.00028489919999996616,0.15186285097190666
main_campaign_default_alpha_0_5,test2_robustez_alpha,FashionMNIST,FedHAD,0.1,71,10,5,54002,53920,1690000.0,3.1804816608,3.1807828,3.1766592,58740.0,False,1 x NVIDIA RTX A1000,Intel(R) Core(TM) i7-14700,-0.00030113919999985583,0.1298093292475322
main_campaign_default_alpha_0_5,test2_robustez_alpha,FashionMNIST,FedHAD,1.0,42,10,5,54002,53920,1690000.0,3.6501895872,3.6505352,3.644992,67400.0,False,1 x NVIDIA RTX A1000,Intel(R) Core(TM) i7-14700,-0.0003456128000003389,0.15207715133531696
main_campaign_default_alpha_0_5,test2_robustez_alpha,FashionMNIST,FedHAD,1.0,43,10,5,54002,53920,1690000.0,3.6501895872,3.6505352,3.644992,67400.0,False,1 x NVIDIA RTX A1000,Intel(R) Core(TM) i7-14700,-0.0003456128000003389,0.15207715133531696
main_campaign_default_alpha_0_5,test2_robustez_alpha,FashionMNIST,FedHAD,1.0,44,10,5,54002,53920,1690000.0,3.6501895872,3.6505352,3.644992,67400.0,False,1 x NVIDIA RTX A1000,Intel(R) Core(TM) i7-14700,-0.0003456128000003389,0.15207715133531696
main_campaign_default_alpha_0_5,test2_robustez_alpha,FashionMNIST,FedHAD,1.0,45,10,5,54002,53920,1690000.0,3.6501895872,3.6505352,3.644992,67400.0,False,1 x NVIDIA RTX A1000,Intel(R) Core(TM) i7-14700,-0.0003456128000003389,0.15207715133531696
main_campaign_default_alpha_0_5,test2_robustez_alpha,FashionMNIST,FedHAD,1.0,46,10,5,54002,53920,1690000.0,3.6501895872,3.6505352,3.644992,67400.0,False,1 x NVIDIA RTX A1000,Intel(R) Core(TM) i7-14700,-0.0003456128000003389,0.15207715133531696
main_campaign_default_alpha_0_5,test2_robustez_alpha,FashionMNIST,FedHAD,1.0,47,10,5,54002,53952,1690000.0,3.6501895872,3.6505352,3.6471552,67440.0,False,1 x NVIDIA RTX A1000,Intel(R) Core(TM) i7-14700,-0.0003456128000003389,0.09267497034401995
main_campaign_default_alpha_0_5,test2_robustez_alpha,FashionMNIST,FedHAD,1.0,48,10,5,54003,53952,1690000.0,3.6502571808,3.6506028,3.6471552,67440.0,False,1 x NVIDIA RTX A1000,Intel(R) Core(TM) i7-14700,-0.00034561919999998025,0.09452846975090967
main_campaign_default_alpha_0_5,test2_robustez_alpha,FashionMNIST,FedHAD,1.0,49,10,5,54002,53952,1690000.0,3.8076995736,3.8080601,3.804528,70350.0,False,1 x NVIDIA RTX A1000,Intel(R) Core(TM) i7-14700,-0.0003605264000001718,0.0928393745557976
main_campaign_default_alpha_0_5,test2_robustez_alpha,FashionMNIST,FedHAD,1.0,50,10,5,54002,53952,1690000.0,3.6501895872,3.6505352,3.6471552,67440.0,False,1 x NVIDIA RTX A1000,Intel(R) Core(TM) i7-14700,-0.0003456128000003389,0.09267497034401995
main_campaign_default_alpha_0_5,test2_robustez_alpha,FashionMNIST,FedHAD,1.0,51,10,5,54002,53920,1690000.0,3.6501895872,3.6505352,3.644992,67400.0,False,1 x NVIDIA RTX A1000,Intel(R) Core(TM) i7-14700,-0.0003456128000003389,0.15207715133531696
main_campaign_default_alpha_0_5,test2_robustez_alpha,FashionMNIST,FedHAD,1.0,52,10,5,54002,53920,1690000.0,3.6501895872,3.6505352,3.644992,67400.0,False,1 x NVIDIA RTX A1000,Intel(R) Core(TM) i7-14700,-0.0003456128000003389,0.15207715133531696
main_campaign_default_alpha_0_5,test2_robustez_alpha,FashionMNIST,FedHAD,1.0,53,10,5,54003,53920,1690000.0,3.95507052,3.955445,3.9494624,73030.0,False,1 x NVIDIA RTX A1000,Intel(R) Core(TM) i7-14700,-0.00037448000000006587,0.1514788443105708
main_campaign_default_alpha_0_5,test2_robustez_alpha,FashionMNIST,FedHAD,1.0,54,10,5,54002,53952,1690000.0,3.6501895872,3.6505352,3.6471552,67440.0,False,1 x NVIDIA RTX A1000,Intel(R) Core(TM) i7-14700,-0.0003456128000003389,0.09267497034401995
main_campaign_default_alpha_0_5,test2_robustez_alpha,FashionMNIST,FedHAD,1.0,55,10,5,54001,53920,1690000.0,3.990219192,3.990597,3.9846144,73680.0,False,1 x NVIDIA RTX A1000,Intel(R) Core(TM) i7-14700,-0.0003778080000000905,0.15014250814333607
main_campaign_default_alpha_0_5,test2_robustez_alpha,FashionMNIST,FedHAD,1.0,56,10,5,54002,53920,1690000.0,3.6501895872,3.6505352,3.644992,67400.0,False,1 x NVIDIA RTX A1000,Intel(R) Core(TM) i7-14700,-0.0003456128000003389,0.15207715133531696
main_campaign_default_alpha_0_5,test2_robustez_alpha,FashionMNIST,FedHAD,1.0,57,10,5,54003,53920,1690000.0,3.6502571808,3.6506028,3.644992,67400.0,False,1 x NVIDIA RTX A1000,Intel(R) Core(TM) i7-14700,-0.00034561919999998025,0.1539317507418536
main_campaign_default_alpha_0_5,test2_robustez_alpha,FashionMNIST,FedHAD,1.0,58,10,5,54003,53920,1690000.0,3.6502571808,3.6506028,3.644992,67400.0,False,1 x NVIDIA RTX A1000,Intel(R) Core(TM) i7-14700,-0.00034561919999998025,0.1539317507418536
main_campaign_default_alpha_0_5,test2_robustez_alpha,FashionMNIST,FedHAD,1.0,59,10,5,54003,53952,1690000.0,3.6502571808,3.6506028,3.6471552,67440.0,False,1 x NVIDIA RTX A1000,Intel(R) Core(TM) i7-14700,-0.00034561919999998025,0.09452846975090967
main_campaign_default_alpha_0_5,test2_robustez_alpha,FashionMNIST,FedHAD,1.0,60,10,5,54003,53920,1690000.0,3.6502571808,3.6506028,3.644992,67400.0,False,1 x NVIDIA RTX A1000,Intel(R) Core(TM) i7-14700,-0.00034561919999998025,0.1539317507418536
main_campaign_default_alpha_0_5,test2_robustez_alpha,FashionMNIST,FedHAD,1.0,61,10,5,54003,53888,1690000.0,3.8751917832,3.8755587,3.8672608,71510.0,False,1 x NVIDIA RTX A1000,Intel(R) Core(TM) i7-14700,-0.0003669168000000056,0.21456789260243525
main_campaign_default_alpha_0_5,test2_robustez_alpha,FashionMNIST,FedHAD,1.0,62,10,5,54003,53920,1690000.0,3.6502571808,3.6506028,3.644992,67400.0,False,1 x NVIDIA RTX A1000,Intel(R) Core(TM) i7-14700,-0.00034561919999998025,0.1539317507418536
main_campaign_default_alpha_0_5,test2_robustez_alpha,FashionMNIST,FedHAD,1.0,63,10,5,54002,53952,1690000.0,3.917725056,3.918096,3.9143104,72380.0,False,1 x NVIDIA RTX A1000,Intel(R) Core(TM) i7-14700,-0.0003709439999997066,0.09671179883945502
main_campaign_default_alpha_0_5,test2_robustez_alpha,FashionMNIST,FedHAD,1.0,64,10,5,54003,53920,1690000.0,3.8283663168,3.8287288,3.8229152,70690.0,False,1 x NVIDIA RTX A1000,Intel(R) Core(TM) i7-14700,-0.00036248319999998557,0.1520724289149733
main_campaign_default_alpha_0_5,test2_robustez_alpha,FashionMNIST,FedHAD,1.0,65,10,5,54003,53888,1690000.0,3.6502571808,3.6506028,3.6428288,67360.0,False,1 x NVIDIA RTX A1000,Intel(R) Core(TM) i7-14700,-0.00034561919999998025,0.2134055819477343
main_campaign_default_alpha_0_5,test2_robustez_alpha,FashionMNIST,FedHAD,1.0,66,10,5,54002,53952,1690000.0,3.6501895872,3.6505352,3.6471552,67440.0,False,1 x NVIDIA RTX A1000,Intel(R) Core(TM) i7-14700,-0.0003456128000003389,0.09267497034401995
main_campaign_default_alpha_0_5,test2_robustez_alpha,FashionMNIST,FedHAD,1.0,67,10,5,54003,53952,1690000.0,3.6502571808,3.6506028,3.6471552,67440.0,False,1 x NVIDIA RTX A1000,Intel(R) Core(TM) i7-14700,-0.00034561919999998025,0.09452846975090967
main_campaign_default_alpha_0_5,test2_robustez_alpha,FashionMNIST,FedHAD,1.0,68,10,5,54002,53920,1690000.0,3.6501895872,3.6505352,3.644992,67400.0,False,1 x NVIDIA RTX A1000,Intel(R) Core(TM) i7-14700,-0.0003456128000003389,0.15207715133531696
main_campaign_default_alpha_0_5,test2_robustez_alpha,FashionMNIST,FedHAD,1.0,69,10,5,54003,53920,1690000.0,3.6502571808,3.6506028,3.644992,67400.0,False,1 x NVIDIA RTX A1000,Intel(R) Core(TM) i7-14700,-0.00034561919999998025,0.1539317507418536
main_campaign_default_alpha_0_5,test2_robustez_alpha,FashionMNIST,FedHAD,1.0,70,10,5,54002,53920,1690000.0,3.6501895872,3.6505352,3.644992,67400.0,False,1 x NVIDIA RTX A1000,Intel(R) Core(TM) i7-14700,-0.0003456128000003389,0.15207715133531696
main_campaign_default_alpha_0_5,test2_robustez_alpha,FashionMNIST,FedHAD,1.0,71,10,5,54003,53920,1690000.0,3.6502571808,3.6506028,3.644992,67400.0,False,1 x NVIDIA RTX A1000,Intel(R) Core(TM) i7-14700,-0.00034561919999998025,0.1539317507418536
main_campaign_default_alpha_0_5,test2_robustez_alpha,CIFAR10,FedAVG,0.01,42,10,5,45001,44928,180900000.0,407.022164736,407.034045,406.37376,70200.0,False,1 x NVIDIA RTX A1000,Intel(R) Core(TM) i7-14700,-0.01188026400001263,0.16248219373218298
main_campaign_default_alpha_0_5,test2_robustez_alpha,CIFAR10,FedAVG,0.01,43,10,5,45001,44896,180900000.0,407.022164736,407.034045,406.08432,70150.0,False,1 x NVIDIA RTX A1000,Intel(R) Core(TM) i7-14700,-0.01188026400001263,0.23387384176765114
main_campaign_default_alpha_0_5,test2_robustez_alpha,CIFAR10,FedAVG,0.01,44,10,5,45003,44928,180900000.0,407.040254208,407.052135,406.37376,70200.0,False,1 x NVIDIA RTX A1000,Intel(R) Core(TM) i7-14700,-0.011880791999999474,0.16693376068377397
main_campaign_default_alpha_0_5,test2_robustez_alpha,CIFAR10,FedAVG,0.01,45,10,5,45002,44928,180900000.0,407.031209472,407.04309,406.37376,70200.0,False,1 x NVIDIA RTX A1000,Intel(R) Core(TM) i7-14700,-0.011880528000006052,0.16470797720797847
main_campaign_default_alpha_0_5,test2_robustez_alpha,CIFAR10,FedAVG,0.01,46,10,5,45000,44928,180900000.0,407.01312,407.025,406.37376,70200.0,False,1 x NVIDIA RTX A1000,Intel(R) Core(TM) i7-14700,-0.011879999999962365,0.1602564102564097
main_campaign_default_alpha_0_5,test2_robustez_alpha,CIFAR10,FedAVG,0.01,47,10,5,45003,44928,180900000.0,407.040254208,407.052135,406.37376,70200.0,False,1 x NVIDIA RTX A1000,Intel(R) Core(TM) i7-14700,-0.011880791999999474,0.16693376068377397
main_campaign_default_alpha_0_5,test2_robustez_alpha,CIFAR10,FedAVG,0.01,48,10,5,45001,44928,180900000.0,407.022164736,407.034045,406.37376,70200.0,False,1 x NVIDIA RTX A1000,Intel(R) Core(TM) i7-14700,-0.01188026400001263,0.16248219373218298
main_campaign_default_alpha_0_5,test2_robustez_alpha,CIFAR10,FedAVG,0.01,49,10,5,45003,44928,180900000.0,407.040254208,407.052135,406.37376,70200.0,False,1 x NVIDIA RTX A1000,Intel(R) Core(TM) i7-14700,-0.011880791999999474,0.16693376068377397
main_campaign_default_alpha_0_5,test2_robustez_alpha,CIFAR10,FedAVG,0.01,50,10,5,45002,44896,180900000.0,407.031209472,407.04309,406.08432,70150.0,False,1 x NVIDIA RTX A1000,Intel(R) Core(TM) i7-14700,-0.011880528000006052,0.23610121168924358
main_campaign_default_alpha_0_5,test2_robustez_alpha,CIFAR10,FedAVG,0.01,51,10,5,45001,44928,180900000.0,407.022164736,407.034045,406.37376,70200.0,False,1 x NVIDIA RTX A1000,Intel(R) Core(TM) i7-14700,-0.01188026400001263,0.16248219373218298
main_campaign_default_alpha_0_5,test2_robustez_alpha,CIFAR10,FedAVG,0.01,52,10,5,45001,44960,180900000.0,407.022164736,407.034045,406.6632,70250.0,False,1 x NVIDIA RTX A1000,Intel(R) Core(TM) i7-14700,-0.01188026400001263,0.09119217081849929
main_campaign_default_alpha_0_5,test2_robustez_alpha,CIFAR10,FedAVG,0.01,53,10,5,45002,44896,180900000.0,407.031209472,407.04309,406.08432,70150.0,False,1 x NVIDIA RTX A1000,Intel(R) Core(TM) i7-14700,-0.011880528000006052,0.23610121168924358
main_campaign_default_alpha_0_5,test2_robustez_alpha,CIFAR10,FedAVG,0.01,54,10,5,45002,44928,180900000.0,407.031209472,407.04309,406.37376,70200.0,False,1 x NVIDIA RTX A1000,Intel(R) Core(TM) i7-14700,-0.011880528000006052,0.16470797720797847
main_campaign_default_alpha_0_5,test2_robustez_alpha,CIFAR10,FedAVG,0.01,55,10,5,45001,44929,180900000.0,407.022164736,407.034045,406.382805,70200.0,False,1 x NVIDIA RTX A1000,Intel(R) Core(TM) i7-14700,-0.01188026400001263,0.16025284337508605
main_campaign_default_alpha_0_5,test2_robustez_alpha,CIFAR10,FedAVG,0.01,56,10,5,45003,44960,180900000.0,407.040254208,407.052135,406.6632,70250.0,False,1 x NVIDIA RTX A1000,Intel(R) Core(TM) i7-14700,-0.011880791999999474,0.09564056939501686
main_campaign_default_alpha_0_5,test2_robustez_alpha,CIFAR10,FedAVG,0.01,57,10,5,45001,44960,180900000.0,407.022164736,407.034045,406.6632,70250.0,False,1 x NVIDIA RTX A1000,Intel(R) Core(TM) i7-14700,-0.01188026400001263,0.09119217081849929
main_campaign_default_alpha_0_5,test2_robustez_alpha,CIFAR10,FedAVG,0.01,58,10,5,45002,44928,180900000.0,407.031209472,407.04309,406.37376,70200.0,False,1 x NVIDIA RTX A1000,Intel(R) Core(TM) i7-14700,-0.011880528000006052,0.16470797720797847
main_campaign_default_alpha_0_5,test2_robustez_alpha,CIFAR10,FedAVG,0.01,59,10,5,45003,44928,180900000.0,407.040254208,407.052135,406.37376,70200.0,False,1 x NVIDIA RTX A1000,Intel(R) Core(TM) i7-14700,-0.011880791999999474,0.16693376068377397
main_campaign_default_alpha_0_5,test2_robustez_alpha,CIFAR10,FedAVG,0.01,60,10,5,45002,44896,180900000.0,407.031209472,407.04309,406.08432,70150.0,False,1 x NVIDIA RTX A1000,Intel(R) Core(TM) i7-14700,-0.011880528000006052,0.23610121168924358
main_campaign_default_alpha_0_5,test2_robustez_alpha,CIFAR10,FedAVG,0.01,61,10,5,45003,44960,180900000.0,407.040254208,407.052135,406.6632,70250.0,False,1 x NVIDIA RTX A1000,Intel(R) Core(TM) i7-14700,-0.011880791999999474,0.09564056939501686
main_campaign_default_alpha_0_5,test2_robustez_alpha,CIFAR10,FedAVG,0.01,62,10,5,45002,44928,180900000.0,407.031209472,407.04309,406.37376,70200.0,False,1 x NVIDIA RTX A1000,Intel(R) Core(TM) i7-14700,-0.011880528000006052,0.16470797720797847
main_campaign_default_alpha_0_5,test2_robustez_alpha,CIFAR10,FedAVG,0.01,63,10,5,45002,44928,180900000.0,407.031209472,407.04309,406.37376,70200.0,False,1 x NVIDIA RTX A1000,Intel(R) Core(TM) i7-14700,-0.011880528000006052,0.16470797720797847
main_campaign_default_alpha_0_5,test2_robustez_alpha,CIFAR10,FedAVG,0.01,64,10,5,45002,44928,180900000.0,407.031209472,407.04309,406.37376,70200.0,False,1 x NVIDIA RTX A1000,Intel(R) Core(TM) i7-14700,-0.011880528000006052,0.16470797720797847
main_campaign_default_alpha_0_5,test2_robustez_alpha,CIFAR10,FedAVG,0.01,65,10,5,45002,44928,180900000.0,407.031209472,407.04309,406.37376,70200.0,False,1 x NVIDIA RTX A1000,Intel(R) Core(TM) i7-14700,-0.011880528000006052,0.16470797720797847
main_campaign_default_alpha_0_5,test2_robustez_alpha,CIFAR10,FedAVG,0.01,66,10,5,45003,44928,180900000.0,407.040254208,407.052135,406.37376,70200.0,False,1 x NVIDIA RTX A1000,Intel(R) Core(TM) i7-14700,-0.011880791999999474,0.16693376068377397
main_campaign_default_alpha_0_5,test2_robustez_alpha,CIFAR10,FedAVG,0.01,67,10,5,45003,44928,180900000.0,407.040254208,407.052135,406.37376,70200.0,False,1 x NVIDIA RTX A1000,Intel(R) Core(TM) i7-14700,-0.011880791999999474,0.16693376068377397
main_campaign_default_alpha_0_5,test2_robustez_alpha,CIFAR10,FedAVG,0.01,68,10,5,45002,44928,180900000.0,407.031209472,407.04309,406.37376,70200.0,False,1 x NVIDIA RTX A1000,Intel(R) Core(TM) i7-14700,-0.011880528000006052,0.16470797720797847
main_campaign_default_alpha_0_5,test2_robustez_alpha,CIFAR10,FedAVG,0.01,69,10,5,45001,44929,180900000.0,407.022164736,407.034045,406.382805,70200.0,False,1 x NVIDIA RTX A1000,Intel(R) Core(TM) i7-14700,-0.01188026400001263,0.16025284337508605
main_campaign_default_alpha_0_5,test2_robustez_alpha,CIFAR10,FedAVG,0.01,70,10,5,45001,44896,180900000.0,407.022164736,407.034045,406.08432,70150.0,False,1 x NVIDIA RTX A1000,Intel(R) Core(TM) i7-14700,-0.01188026400001263,0.23387384176765114
main_campaign_default_alpha_0_5,test2_robustez_alpha,CIFAR10,FedAVG,0.01,71,10,5,45002,44928,180900000.0,407.031209472,407.04309,406.37376,70200.0,False,1 x NVIDIA RTX A1000,Intel(R) Core(TM) i7-14700,-0.011880528000006052,0.16470797720797847
main_campaign_default_alpha_0_5,test2_robustez_alpha,CIFAR10,FedAVG,0.1,42,10,5,45003,44928,180900000.0,407.040254208,407.052135,406.37376,70200.0,False,1 x NVIDIA RTX A1000,Intel(R) Core(TM) i7-14700,-0.011880791999999474,0.16693376068377397
main_campaign_default_alpha_0_5,test2_robustez_alpha,CIFAR10,FedAVG,0.1,43,10,5,45002,44960,180900000.0,407.031209472,407.04309,406.6632,70250.0,False,1 x NVIDIA RTX A1000,Intel(R) Core(TM) i7-14700,-0.011880528000006052,0.09341637010675807
main_campaign_default_alpha_0_5,test2_robustez_alpha,CIFAR10,FedAVG,0.1,44,10,5,45003,44960,180900000.0,407.040254208,407.052135,406.6632,70250.0,False,1 x NVIDIA RTX A1000,Intel(R) Core(TM) i7-14700,-0.011880791999999474,0.09564056939501686
main_campaign_default_alpha_0_5,test2_robustez_alpha,CIFAR10,FedAVG,0.1,45,10,5,45002,44928,180900000.0,407.031209472,407.04309,406.37376,70200.0,False,1 x NVIDIA RTX A1000,Intel(R) Core(TM) i7-14700,-0.011880528000006052,0.16470797720797847
main_campaign_default_alpha_0_5,test2_robustez_alpha,CIFAR10,FedAVG,0.1,46,10,5,45003,44928,180900000.0,407.040254208,407.052135,406.37376,70200.0,False,1 x NVIDIA RTX A1000,Intel(R) Core(TM) i7-14700,-0.011880791999999474,0.16693376068377397
main_campaign_default_alpha_0_5,test2_robustez_alpha,CIFAR10,FedAVG,0.1,47,10,5,45003,44928,180900000.0,407.040254208,407.052135,406.37376,70200.0,False,1 x NVIDIA RTX A1000,Intel(R) Core(TM) i7-14700,-0.011880791999999474,0.16693376068377397
main_campaign_default_alpha_0_5,test2_robustez_alpha,CIFAR10,FedAVG,0.1,48,10,5,45002,44960,180900000.0,407.031209472,407.04309,406.6632,70250.0,False,1 x NVIDIA RTX A1000,Intel(R) Core(TM) i7-14700,-0.011880528000006052,0.09341637010675807
main_campaign_default_alpha_0_5,test2_robustez_alpha,CIFAR10,FedAVG,0.1,49,10,5,45003,44928,180900000.0,407.040254208,407.052135,406.37376,70200.0,False,1 x NVIDIA RTX A1000,Intel(R) Core(TM) i7-14700,-0.011880791999999474,0.16693376068377397
main_campaign_default_alpha_0_5,test2_robustez_alpha,CIFAR10,FedAVG,0.1,50,10,5,45003,44928,180900000.0,407.040254208,407.052135,406.37376,70200.0,False,1 x NVIDIA RTX A1000,Intel(R) Core(TM) i7-14700,-0.011880791999999474,0.16693376068377397
main_campaign_default_alpha_0_5,test2_robustez_alpha,CIFAR10,FedAVG,0.1,51,10,5,45003,44896,180900000.0,407.040254208,407.052135,406.08432,70150.0,False,1 x NVIDIA RTX A1000,Intel(R) Core(TM) i7-14700,-0.011880791999999474,0.23832858161083603
main_campaign_default_alpha_0_5,test2_robustez_alpha,CIFAR10,FedAVG,0.1,52,10,5,45002,44928,180900000.0,407.031209472,407.04309,406.37376,70200.0,False,1 x NVIDIA RTX A1000,Intel(R) Core(TM) i7-14700,-0.011880528000006052,0.16470797720797847
main_campaign_default_alpha_0_5,test2_robustez_alpha,CIFAR10,FedAVG,0.1,53,10,5,45003,44896,180900000.0,407.040254208,407.052135,406.08432,70150.0,False,1 x NVIDIA RTX A1000,Intel(R) Core(TM) i7-14700,-0.011880791999999474,0.23832858161083603
main_campaign_default_alpha_0_5,test2_robustez_alpha,CIFAR10,FedAVG,0.1,54,10,5,45002,44928,180900000.0,407.031209472,407.04309,406.37376,70200.0,False,1 x NVIDIA RTX A1000,Intel(R) Core(TM) i7-14700,-0.011880528000006052,0.16470797720797847
main_campaign_default_alpha_0_5,test2_robustez_alpha,CIFAR10,FedAVG,0.1,55,10,5,45003,44960,180900000.0,407.040254208,407.052135,406.6632,70250.0,False,1 x NVIDIA RTX A1000,Intel(R) Core(TM) i7-14700,-0.011880791999999474,0.09564056939501686
main_campaign_default_alpha_0_5,test2_robustez_alpha,CIFAR10,FedAVG,0.1,56,10,5,45003,44928,180900000.0,407.040254208,407.052135,406.37376,70200.0,False,1 x NVIDIA RTX A1000,Intel(R) Core(TM) i7-14700,-0.011880791999999474,0.16693376068377397
main_campaign_default_alpha_0_5,test2_robustez_alpha,CIFAR10,FedAVG,0.1,57,10,5,45002,44928,180900000.0,407.031209472,407.04309,406.37376,70200.0,False,1 x NVIDIA RTX A1000,Intel(R) Core(TM) i7-14700,-0.011880528000006052,0.16470797720797847
main_campaign_default_alpha_0_5,test2_robustez_alpha,CIFAR10,FedAVG,0.1,58,10,5,45002,44928,180900000.0,407.031209472,407.04309,406.37376,70200.0,False,1 x NVIDIA RTX A1000,Intel(R) Core(TM) i7-14700,-0.011880528000006052,0.16470797720797847
main_campaign_default_alpha_0_5,test2_robustez_alpha,CIFAR10,FedAVG,0.1,59,10,5,45002,44896,180900000.0,407.031209472,407.04309,406.08432,70150.0,False,1 x NVIDIA RTX A1000,Intel(R) Core(TM) i7-14700,-0.011880528000006052,0.23610121168924358
main_campaign_default_alpha_0_5,test2_robustez_alpha,CIFAR10,FedAVG,0.1,60,10,5,45003,44896,180900000.0,407.040254208,407.052135,406.08432,70150.0,False,1 x NVIDIA RTX A1000,Intel(R) Core(TM) i7-14700,-0.011880791999999474,0.23832858161083603
main_campaign_default_alpha_0_5,test2_robustez_alpha,CIFAR10,FedAVG,0.1,61,10,5,45002,44896,180900000.0,407.031209472,407.04309,406.08432,70150.0,False,1 x NVIDIA RTX A1000,Intel(R) Core(TM) i7-14700,-0.011880528000006052,0.23610121168924358
main_campaign_default_alpha_0_5,test2_robustez_alpha,CIFAR10,FedAVG,0.1,62,10,5,45002,44928,180900000.0,407.031209472,407.04309,406.37376,70200.0,False,1 x NVIDIA RTX A1000,Intel(R) Core(TM) i7-14700,-0.011880528000006052,0.16470797720797847
main_campaign_default_alpha_0_5,test2_robustez_alpha,CIFAR10,FedAVG,0.1,63,10,5,45002,44960,180900000.0,407.031209472,407.04309,406.6632,70250.0,False,1 x NVIDIA RTX A1000,Intel(R) Core(TM) i7-14700,-0.011880528000006052,0.09341637010675807
main_campaign_default_alpha_0_5,test2_robustez_alpha,CIFAR10,FedAVG,0.1,64,10,5,45001,44896,180900000.0,407.022164736,407.034045,406.08432,70150.0,False,1 x NVIDIA RTX A1000,Intel(R) Core(TM) i7-14700,-0.01188026400001263,0.23387384176765114
main_campaign_default_alpha_0_5,test2_robustez_alpha,CIFAR10,FedAVG,0.1,65,10,5,45002,44896,180900000.0,407.031209472,407.04309,406.08432,70150.0,False,1 x NVIDIA RTX A1000,Intel(R) Core(TM) i7-14700,-0.011880528000006052,0.23610121168924358
main_campaign_default_alpha_0_5,test2_robustez_alpha,CIFAR10,FedAVG,0.1,66,10,5,45003,44928,180900000.0,407.040254208,407.052135,406.37376,70200.0,False,1 x NVIDIA RTX A1000,Intel(R) Core(TM) i7-14700,-0.011880791999999474,0.16693376068377397
main_campaign_default_alpha_0_5,test2_robustez_alpha,CIFAR10,FedAVG,0.1,67,10,5,45002,44960,180900000.0,407.031209472,407.04309,406.6632,70250.0,False,1 x NVIDIA RTX A1000,Intel(R) Core(TM) i7-14700,-0.011880528000006052,0.09341637010675807
main_campaign_default_alpha_0_5,test2_robustez_alpha,CIFAR10,FedAVG,0.1,68,10,5,45001,44896,180900000.0,407.022164736,407.034045,406.08432,70150.0,False,1 x NVIDIA RTX A1000,Intel(R) Core(TM) i7-14700,-0.01188026400001263,0.23387384176765114
main_campaign_default_alpha_0_5,test2_robustez_alpha,CIFAR10,FedAVG,0.1,69,10,5,45002,44928,180900000.0,407.031209472,407.04309,406.37376,70200.0,False,1 x NVIDIA RTX A1000,Intel(R) Core(TM) i7-14700,-0.011880528000006052,0.16470797720797847
main_campaign_default_alpha_0_5,test2_robustez_alpha,CIFAR10,FedAVG,0.1,70,10,5,45003,44928,180900000.0,407.040254208,407.052135,406.37376,70200.0,False,1 x NVIDIA RTX A1000,Intel(R) Core(TM) i7-14700,-0.011880791999999474,0.16693376068377397
main_campaign_default_alpha_0_5,test2_robustez_alpha,CIFAR10,FedAVG,0.1,71,10,5,45003,44928,180900000.0,407.040254208,407.052135,406.37376,70200.0,False,1 x NVIDIA RTX A1000,Intel(R) Core(TM) i7-14700,-0.011880791999999474,0.16693376068377397
main_campaign_default_alpha_0_5,test2_robustez_alpha,CIFAR10,FedAVG,1.0,42,10,5,45002,44928,180900000.0,407.031209472,407.04309,406.37376,70200.0,False,1 x NVIDIA RTX A1000,Intel(R) Core(TM) i7-14700,-0.011880528000006052,0.16470797720797847
main_campaign_default_alpha_0_5,test2_robustez_alpha,CIFAR10,FedAVG,1.0,43,10,5,45002,44896,180900000.0,407.031209472,407.04309,406.08432,70150.0,False,1 x NVIDIA RTX A1000,Intel(R) Core(TM) i7-14700,-0.011880528000006052,0.23610121168924358
main_campaign_default_alpha_0_5,test2_robustez_alpha,CIFAR10,FedAVG,1.0,44,10,5,45002,44928,180900000.0,407.031209472,407.04309,406.37376,70200.0,False,1 x NVIDIA RTX A1000,Intel(R) Core(TM) i7-14700,-0.011880528000006052,0.16470797720797847
main_campaign_default_alpha_0_5,test2_robustez_alpha,CIFAR10,FedAVG,1.0,45,10,5,45002,44896,180900000.0,407.031209472,407.04309,406.08432,70150.0,False,1 x NVIDIA RTX A1000,Intel(R) Core(TM) i7-14700,-0.011880528000006052,0.23610121168924358
main_campaign_default_alpha_0_5,test2_robustez_alpha,CIFAR10,FedAVG,1.0,46,10,5,45002,44928,180900000.0,407.031209472,407.04309,406.37376,70200.0,False,1 x NVIDIA RTX A1000,Intel(R) Core(TM) i7-14700,-0.011880528000006052,0.16470797720797847
main_campaign_default_alpha_0_5,test2_robustez_alpha,CIFAR10,FedAVG,1.0,47,10,5,45003,44928,180900000.0,407.040254208,407.052135,406.37376,70200.0,False,1 x NVIDIA RTX A1000,Intel(R) Core(TM) i7-14700,-0.011880791999999474,0.16693376068377397
main_campaign_default_alpha_0_5,test2_robustez_alpha,CIFAR10,FedAVG,1.0,48,10,5,45002,44928,180900000.0,407.031209472,407.04309,406.37376,70200.0,False,1 x NVIDIA RTX A1000,Intel(R) Core(TM) i7-14700,-0.011880528000006052,0.16470797720797847
main_campaign_default_alpha_0_5,test2_robustez_alpha,CIFAR10,FedAVG,1.0,49,10,5,45002,44896,180900000.0,407.031209472,407.04309,406.08432,70150.0,False,1 x NVIDIA RTX A1000,Intel(R) Core(TM) i7-14700,-0.011880528000006052,0.23610121168924358
main_campaign_default_alpha_0_5,test2_robustez_alpha,CIFAR10,FedAVG,1.0,50,10,5,45003,44928,180900000.0,407.040254208,407.052135,406.37376,70200.0,False,1 x NVIDIA RTX A1000,Intel(R) Core(TM) i7-14700,-0.011880791999999474,0.16693376068377397
main_campaign_default_alpha_0_5,test2_robustez_alpha,CIFAR10,FedAVG,1.0,51,10,5,45002,44928,180900000.0,407.031209472,407.04309,406.37376,70200.0,False,1 x NVIDIA RTX A1000,Intel(R) Core(TM) i7-14700,-0.011880528000006052,0.16470797720797847
main_campaign_default_alpha_0_5,test2_robustez_alpha,CIFAR10,FedAVG,1.0,52,10,5,45003,44928,180900000.0,407.040254208,407.052135,406.37376,70200.0,False,1 x NVIDIA RTX A1000,Intel(R) Core(TM) i7-14700,-0.011880791999999474,0.16693376068377397
main_campaign_default_alpha_0_5,test2_robustez_alpha,CIFAR10,FedAVG,1.0,53,10,5,45002,44960,180900000.0,407.031209472,407.04309,406.6632,70250.0,False,1 x NVIDIA RTX A1000,Intel(R) Core(TM) i7-14700,-0.011880528000006052,0.09341637010675807
main_campaign_default_alpha_0_5,test2_robustez_alpha,CIFAR10,FedAVG,1.0,54,10,5,45003,44928,180900000.0,407.040254208,407.052135,406.37376,70200.0,False,1 x NVIDIA RTX A1000,Intel(R) Core(TM) i7-14700,-0.011880791999999474,0.16693376068377397
main_campaign_default_alpha_0_5,test2_robustez_alpha,CIFAR10,FedAVG,1.0,55,10,5,45002,44928,180900000.0,407.031209472,407.04309,406.37376,70200.0,False,1 x NVIDIA RTX A1000,Intel(R) Core(TM) i7-14700,-0.011880528000006052,0.16470797720797847
main_campaign_default_alpha_0_5,test2_robustez_alpha,CIFAR10,FedAVG,1.0,56,10,5,45002,44960,180900000.0,407.031209472,407.04309,406.6632,70250.0,False,1 x NVIDIA RTX A1000,Intel(R) Core(TM) i7-14700,-0.011880528000006052,0.09341637010675807
main_campaign_default_alpha_0_5,test2_robustez_alpha,CIFAR10,FedAVG,1.0,57,10,5,45002,44960,180900000.0,407.031209472,407.04309,406.6632,70250.0,False,1 x NVIDIA RTX A1000,Intel(R) Core(TM) i7-14700,-0.011880528000006052,0.09341637010675807
main_campaign_default_alpha_0_5,test2_robustez_alpha,CIFAR10,FedAVG,1.0,58,10,5,45002,44896,180900000.0,407.031209472,407.04309,406.08432,70150.0,False,1 x NVIDIA RTX A1000,Intel(R) Core(TM) i7-14700,-0.011880528000006052,0.23610121168924358
main_campaign_default_alpha_0_5,test2_robustez_alpha,CIFAR10,FedAVG,1.0,59,10,5,45002,44928,180900000.0,407.031209472,407.04309,406.37376,70200.0,False,1 x NVIDIA RTX A1000,Intel(R) Core(TM) i7-14700,-0.011880528000006052,0.16470797720797847
main_campaign_default_alpha_0_5,test2_robustez_alpha,CIFAR10,FedAVG,1.0,60,10,5,45003,44896,180900000.0,407.040254208,407.052135,406.08432,70150.0,False,1 x NVIDIA RTX A1000,Intel(R) Core(TM) i7-14700,-0.011880791999999474,0.23832858161083603
main_campaign_default_alpha_0_5,test2_robustez_alpha,CIFAR10,FedAVG,1.0,61,10,5,45002,44928,180900000.0,407.031209472,407.04309,406.37376,70200.0,False,1 x NVIDIA RTX A1000,Intel(R) Core(TM) i7-14700,-0.011880528000006052,0.16470797720797847
main_campaign_default_alpha_0_5,test2_robustez_alpha,CIFAR10,FedAVG,1.0,62,10,5,45002,44960,180900000.0,407.031209472,407.04309,406.6632,70250.0,False,1 x NVIDIA RTX A1000,Intel(R) Core(TM) i7-14700,-0.011880528000006052,0.09341637010675807
main_campaign_default_alpha_0_5,test2_robustez_alpha,CIFAR10,FedAVG,1.0,63,10,5,45003,44928,180900000.0,407.040254208,407.052135,406.37376,70200.0,False,1 x NVIDIA RTX A1000,Intel(R) Core(TM) i7-14700,-0.011880791999999474,0.16693376068377397
main_campaign_default_alpha_0_5,test2_robustez_alpha,CIFAR10,FedAVG,1.0,64,10,5,45002,44896,180900000.0,407.031209472,407.04309,406.08432,70150.0,False,1 x NVIDIA RTX A1000,Intel(R) Core(TM) i7-14700,-0.011880528000006052,0.23610121168924358
main_campaign_default_alpha_0_5,test2_robustez_alpha,CIFAR10,FedAVG,1.0,65,10,5,45003,44928,180900000.0,407.040254208,407.052135,406.37376,70200.0,False,1 x NVIDIA RTX A1000,Intel(R) Core(TM) i7-14700,-0.011880791999999474,0.16693376068377397
main_campaign_default_alpha_0_5,test2_robustez_alpha,CIFAR10,FedAVG,1.0,66,10,5,45001,44928,180900000.0,407.022164736,407.034045,406.37376,70200.0,False,1 x NVIDIA RTX A1000,Intel(R) Core(TM) i7-14700,-0.01188026400001263,0.16248219373218298
main_campaign_default_alpha_0_5,test2_robustez_alpha,CIFAR10,FedAVG,1.0,67,10,5,45003,44896,180900000.0,407.040254208,407.052135,406.08432,70150.0,False,1 x NVIDIA RTX A1000,Intel(R) Core(TM) i7-14700,-0.011880791999999474,0.23832858161083603
main_campaign_default_alpha_0_5,test2_robustez_alpha,CIFAR10,FedAVG,1.0,68,10,5,45001,44896,180900000.0,407.022164736,407.034045,406.08432,70150.0,False,1 x NVIDIA RTX A1000,Intel(R) Core(TM) i7-14700,-0.01188026400001263,0.23387384176765114
main_campaign_default_alpha_0_5,test2_robustez_alpha,CIFAR10,FedAVG,1.0,69,10,5,45002,44960,180900000.0,407.031209472,407.04309,406.6632,70250.0,False,1 x NVIDIA RTX A1000,Intel(R) Core(TM) i7-14700,-0.011880528000006052,0.09341637010675807
main_campaign_default_alpha_0_5,test2_robustez_alpha,CIFAR10,FedAVG,1.0,70,10,5,45001,44928,180900000.0,407.022164736,407.034045,406.37376,70200.0,False,1 x NVIDIA RTX A1000,Intel(R) Core(TM) i7-14700,-0.01188026400001263,0.16248219373218298
main_campaign_default_alpha_0_5,test2_robustez_alpha,CIFAR10,FedAVG,1.0,71,10,5,45003,44960,180900000.0,407.040254208,407.052135,406.6632,70250.0,False,1 x NVIDIA RTX A1000,Intel(R) Core(TM) i7-14700,-0.011880791999999474,0.09564056939501686
main_campaign_default_alpha_0_5,test2_robustez_alpha,CIFAR10,FedAvgM,0.01,42,10,5,45001,44928,180900000.0,407.022164736,407.034045,406.37376,70200.0,False,1 x NVIDIA RTX A1000,Intel(R) Core(TM) i7-14700,-0.01188026400001263,0.16248219373218298
main_campaign_default_alpha_0_5,test2_robustez_alpha,CIFAR10,FedAvgM,0.01,43,10,5,45001,44896,180900000.0,407.022164736,407.034045,406.08432,70150.0,False,1 x NVIDIA RTX A1000,Intel(R) Core(TM) i7-14700,-0.01188026400001263,0.23387384176765114
main_campaign_default_alpha_0_5,test2_robustez_alpha,CIFAR10,FedAvgM,0.01,44,10,5,45003,44928,180900000.0,407.040254208,407.052135,406.37376,70200.0,False,1 x NVIDIA RTX A1000,Intel(R) Core(TM) i7-14700,-0.011880791999999474,0.16693376068377397
main_campaign_default_alpha_0_5,test2_robustez_alpha,CIFAR10,FedAvgM,0.01,45,10,5,45002,44928,180900000.0,407.031209472,407.04309,406.37376,70200.0,False,1 x NVIDIA RTX A1000,Intel(R) Core(TM) i7-14700,-0.011880528000006052,0.16470797720797847
main_campaign_default_alpha_0_5,test2_robustez_alpha,CIFAR10,FedAvgM,0.01,46,10,5,45000,44928,180900000.0,407.01312,407.025,406.37376,70200.0,False,1 x NVIDIA RTX A1000,Intel(R) Core(TM) i7-14700,-0.011879999999962365,0.1602564102564097
main_campaign_default_alpha_0_5,test2_robustez_alpha,CIFAR10,FedAvgM,0.01,47,10,5,45003,44928,180900000.0,407.040254208,407.052135,406.37376,70200.0,False,1 x NVIDIA RTX A1000,Intel(R) Core(TM) i7-14700,-0.011880791999999474,0.16693376068377397
main_campaign_default_alpha_0_5,test2_robustez_alpha,CIFAR10,FedAvgM,0.01,48,10,5,45001,44928,180900000.0,407.022164736,407.034045,406.37376,70200.0,False,1 x NVIDIA RTX A1000,Intel(R) Core(TM) i7-14700,-0.01188026400001263,0.16248219373218298
main_campaign_default_alpha_0_5,test2_robustez_alpha,CIFAR10,FedAvgM,0.01,49,10,5,45003,44928,180900000.0,407.040254208,407.052135,406.37376,70200.0,False,1 x NVIDIA RTX A1000,Intel(R) Core(TM) i7-14700,-0.011880791999999474,0.16693376068377397
main_campaign_default_alpha_0_5,test2_robustez_alpha,CIFAR10,FedAvgM,0.01,50,10,5,45002,44896,180900000.0,407.031209472,407.04309,406.08432,70150.0,False,1 x NVIDIA RTX A1000,Intel(R) Core(TM) i7-14700,-0.011880528000006052,0.23610121168924358
main_campaign_default_alpha_0_5,test2_robustez_alpha,CIFAR10,FedAvgM,0.01,51,10,5,45001,44928,180900000.0,407.022164736,407.034045,406.37376,70200.0,False,1 x NVIDIA RTX A1000,Intel(R) Core(TM) i7-14700,-0.01188026400001263,0.16248219373218298
main_campaign_default_alpha_0_5,test2_robustez_alpha,CIFAR10,FedAvgM,0.01,52,10,5,45001,44960,180900000.0,407.022164736,407.034045,406.6632,70250.0,False,1 x NVIDIA RTX A1000,Intel(R) Core(TM) i7-14700,-0.01188026400001263,0.09119217081849929
main_campaign_default_alpha_0_5,test2_robustez_alpha,CIFAR10,FedAvgM,0.01,53,10,5,45002,44896,180900000.0,407.031209472,407.04309,406.08432,70150.0,False,1 x NVIDIA RTX A1000,Intel(R) Core(TM) i7-14700,-0.011880528000006052,0.23610121168924358
main_campaign_default_alpha_0_5,test2_robustez_alpha,CIFAR10,FedAvgM,0.01,54,10,5,45002,44928,180900000.0,407.031209472,407.04309,406.37376,70200.0,False,1 x NVIDIA RTX A1000,Intel(R) Core(TM) i7-14700,-0.011880528000006052,0.16470797720797847
main_campaign_default_alpha_0_5,test2_robustez_alpha,CIFAR10,FedAvgM,0.01,55,10,5,45001,44929,180900000.0,407.022164736,407.034045,406.382805,70200.0,False,1 x NVIDIA RTX A1000,Intel(R) Core(TM) i7-14700,-0.01188026400001263,0.16025284337508605
main_campaign_default_alpha_0_5,test2_robustez_alpha,CIFAR10,FedAvgM,0.01,56,10,5,45003,44960,180900000.0,407.040254208,407.052135,406.6632,70250.0,False,1 x NVIDIA RTX A1000,Intel(R) Core(TM) i7-14700,-0.011880791999999474,0.09564056939501686
main_campaign_default_alpha_0_5,test2_robustez_alpha,CIFAR10,FedAvgM,0.01,57,10,5,45001,44960,180900000.0,407.022164736,407.034045,406.6632,70250.0,False,1 x NVIDIA RTX A1000,Intel(R) Core(TM) i7-14700,-0.01188026400001263,0.09119217081849929
main_campaign_default_alpha_0_5,test2_robustez_alpha,CIFAR10,FedAvgM,0.01,58,10,5,45002,44928,180900000.0,407.031209472,407.04309,406.37376,70200.0,False,1 x NVIDIA RTX A1000,Intel(R) Core(TM) i7-14700,-0.011880528000006052,0.16470797720797847
main_campaign_default_alpha_0_5,test2_robustez_alpha,CIFAR10,FedAvgM,0.01,59,10,5,45003,44928,180900000.0,407.040254208,407.052135,406.37376,70200.0,False,1 x NVIDIA RTX A1000,Intel(R) Core(TM) i7-14700,-0.011880791999999474,0.16693376068377397
main_campaign_default_alpha_0_5,test2_robustez_alpha,CIFAR10,FedAvgM,0.01,60,10,5,45002,44896,180900000.0,407.031209472,407.04309,406.08432,70150.0,False,1 x NVIDIA RTX A1000,Intel(R) Core(TM) i7-14700,-0.011880528000006052,0.23610121168924358
main_campaign_default_alpha_0_5,test2_robustez_alpha,CIFAR10,FedAvgM,0.01,61,10,5,45003,44960,180900000.0,407.040254208,407.052135,406.6632,70250.0,False,1 x NVIDIA RTX A1000,Intel(R) Core(TM) i7-14700,-0.011880791999999474,0.09564056939501686
main_campaign_default_alpha_0_5,test2_robustez_alpha,CIFAR10,FedAvgM,0.01,62,10,5,45002,44928,180900000.0,407.031209472,407.04309,406.37376,70200.0,False,1 x NVIDIA RTX A1000,Intel(R) Core(TM) i7-14700,-0.011880528000006052,0.16470797720797847
main_campaign_default_alpha_0_5,test2_robustez_alpha,CIFAR10,FedAvgM,0.01,63,10,5,45002,44928,180900000.0,407.031209472,407.04309,406.37376,70200.0,False,1 x NVIDIA RTX A1000,Intel(R) Core(TM) i7-14700,-0.011880528000006052,0.16470797720797847
main_campaign_default_alpha_0_5,test2_robustez_alpha,CIFAR10,FedAvgM,0.01,64,10,5,45002,44928,180900000.0,407.031209472,407.04309,406.37376,70200.0,False,1 x NVIDIA RTX A1000,Intel(R) Core(TM) i7-14700,-0.011880528000006052,0.16470797720797847
main_campaign_default_alpha_0_5,test2_robustez_alpha,CIFAR10,FedAvgM,0.01,65,10,5,45002,44928,180900000.0,407.031209472,407.04309,406.37376,70200.0,False,1 x NVIDIA RTX A1000,Intel(R) Core(TM) i7-14700,-0.011880528000006052,0.16470797720797847
main_campaign_default_alpha_0_5,test2_robustez_alpha,CIFAR10,FedAvgM,0.01,66,10,5,45003,44928,180900000.0,407.040254208,407.052135,406.37376,70200.0,False,1 x NVIDIA RTX A1000,Intel(R) Core(TM) i7-14700,-0.011880791999999474,0.16693376068377397
main_campaign_default_alpha_0_5,test2_robustez_alpha,CIFAR10,FedAvgM,0.01,67,10,5,45003,44928,180900000.0,407.040254208,407.052135,406.37376,70200.0,False,1 x NVIDIA RTX A1000,Intel(R) Core(TM) i7-14700,-0.011880791999999474,0.16693376068377397
main_campaign_default_alpha_0_5,test2_robustez_alpha,CIFAR10,FedAvgM,0.01,68,10,5,45002,44928,180900000.0,407.031209472,407.04309,406.37376,70200.0,False,1 x NVIDIA RTX A1000,Intel(R) Core(TM) i7-14700,-0.011880528000006052,0.16470797720797847
main_campaign_default_alpha_0_5,test2_robustez_alpha,CIFAR10,FedAvgM,0.01,69,10,5,45001,44929,180900000.0,407.022164736,407.034045,406.382805,70200.0,False,1 x NVIDIA RTX A1000,Intel(R) Core(TM) i7-14700,-0.01188026400001263,0.16025284337508605
main_campaign_default_alpha_0_5,test2_robustez_alpha,CIFAR10,FedAvgM,0.01,70,10,5,45001,44896,180900000.0,407.022164736,407.034045,406.08432,70150.0,False,1 x NVIDIA RTX A1000,Intel(R) Core(TM) i7-14700,-0.01188026400001263,0.23387384176765114
main_campaign_default_alpha_0_5,test2_robustez_alpha,CIFAR10,FedAvgM,0.01,71,10,5,45002,44928,180900000.0,407.031209472,407.04309,406.37376,70200.0,False,1 x NVIDIA RTX A1000,Intel(R) Core(TM) i7-14700,-0.011880528000006052,0.16470797720797847
main_campaign_default_alpha_0_5,test2_robustez_alpha,CIFAR10,FedAvgM,0.1,42,10,5,45003,44928,180900000.0,407.040254208,407.052135,406.37376,70200.0,False,1 x NVIDIA RTX A1000,Intel(R) Core(TM) i7-14700,-0.011880791999999474,0.16693376068377397
main_campaign_default_alpha_0_5,test2_robustez_alpha,CIFAR10,FedAvgM,0.1,43,10,5,45002,44960,180900000.0,407.031209472,407.04309,406.6632,70250.0,False,1 x NVIDIA RTX A1000,Intel(R) Core(TM) i7-14700,-0.011880528000006052,0.09341637010675807
main_campaign_default_alpha_0_5,test2_robustez_alpha,CIFAR10,FedAvgM,0.1,44,10,5,45003,44960,180900000.0,407.040254208,407.052135,406.6632,70250.0,False,1 x NVIDIA RTX A1000,Intel(R) Core(TM) i7-14700,-0.011880791999999474,0.09564056939501686
main_campaign_default_alpha_0_5,test2_robustez_alpha,CIFAR10,FedAvgM,0.1,45,10,5,45002,44928,180900000.0,407.031209472,407.04309,406.37376,70200.0,False,1 x NVIDIA RTX A1000,Intel(R) Core(TM) i7-14700,-0.011880528000006052,0.16470797720797847
main_campaign_default_alpha_0_5,test2_robustez_alpha,CIFAR10,FedAvgM,0.1,46,10,5,45003,44928,180900000.0,407.040254208,407.052135,406.37376,70200.0,False,1 x NVIDIA RTX A1000,Intel(R) Core(TM) i7-14700,-0.011880791999999474,0.16693376068377397
main_campaign_default_alpha_0_5,test2_robustez_alpha,CIFAR10,FedAvgM,0.1,47,10,5,45003,44928,180900000.0,407.040254208,407.052135,406.37376,70200.0,False,1 x NVIDIA RTX A1000,Intel(R) Core(TM) i7-14700,-0.011880791999999474,0.16693376068377397
main_campaign_default_alpha_0_5,test2_robustez_alpha,CIFAR10,FedAvgM,0.1,48,10,5,45002,44960,180900000.0,407.031209472,407.04309,406.6632,70250.0,False,1 x NVIDIA RTX A1000,Intel(R) Core(TM) i7-14700,-0.011880528000006052,0.09341637010675807
main_campaign_default_alpha_0_5,test2_robustez_alpha,CIFAR10,FedAvgM,0.1,49,10,5,45003,44928,180900000.0,407.040254208,407.052135,406.37376,70200.0,False,1 x NVIDIA RTX A1000,Intel(R) Core(TM) i7-14700,-0.011880791999999474,0.16693376068377397
main_campaign_default_alpha_0_5,test2_robustez_alpha,CIFAR10,FedAvgM,0.1,50,10,5,45003,44928,180900000.0,407.040254208,407.052135,406.37376,70200.0,False,1 x NVIDIA RTX A1000,Intel(R) Core(TM) i7-14700,-0.011880791999999474,0.16693376068377397
main_campaign_default_alpha_0_5,test2_robustez_alpha,CIFAR10,FedAvgM,0.1,51,10,5,45003,44896,180900000.0,407.040254208,407.052135,406.08432,70150.0,False,1 x NVIDIA RTX A1000,Intel(R) Core(TM) i7-14700,-0.011880791999999474,0.23832858161083603
main_campaign_default_alpha_0_5,test2_robustez_alpha,CIFAR10,FedAvgM,0.1,52,10,5,45002,44928,180900000.0,407.031209472,407.04309,406.37376,70200.0,False,1 x NVIDIA RTX A1000,Intel(R) Core(TM) i7-14700,-0.011880528000006052,0.16470797720797847
main_campaign_default_alpha_0_5,test2_robustez_alpha,CIFAR10,FedAvgM,0.1,53,10,5,45003,44896,180900000.0,407.040254208,407.052135,406.08432,70150.0,False,1 x NVIDIA RTX A1000,Intel(R) Core(TM) i7-14700,-0.011880791999999474,0.23832858161083603
main_campaign_default_alpha_0_5,test2_robustez_alpha,CIFAR10,FedAvgM,0.1,54,10,5,45002,44928,180900000.0,407.031209472,407.04309,406.37376,70200.0,False,1 x NVIDIA RTX A1000,Intel(R) Core(TM) i7-14700,-0.011880528000006052,0.16470797720797847
main_campaign_default_alpha_0_5,test2_robustez_alpha,CIFAR10,FedAvgM,0.1,55,10,5,45003,44960,180900000.0,407.040254208,407.052135,406.6632,70250.0,False,1 x NVIDIA RTX A1000,Intel(R) Core(TM) i7-14700,-0.011880791999999474,0.09564056939501686
main_campaign_default_alpha_0_5,test2_robustez_alpha,CIFAR10,FedAvgM,0.1,56,10,5,45003,44928,180900000.0,407.040254208,407.052135,406.37376,70200.0,False,1 x NVIDIA RTX A1000,Intel(R) Core(TM) i7-14700,-0.011880791999999474,0.16693376068377397
main_campaign_default_alpha_0_5,test2_robustez_alpha,CIFAR10,FedAvgM,0.1,57,10,5,45002,44928,180900000.0,407.031209472,407.04309,406.37376,70200.0,False,1 x NVIDIA RTX A1000,Intel(R) Core(TM) i7-14700,-0.011880528000006052,0.16470797720797847
main_campaign_default_alpha_0_5,test2_robustez_alpha,CIFAR10,FedAvgM,0.1,58,10,5,45002,44928,180900000.0,407.031209472,407.04309,406.37376,70200.0,False,1 x NVIDIA RTX A1000,Intel(R) Core(TM) i7-14700,-0.011880528000006052,0.16470797720797847
main_campaign_default_alpha_0_5,test2_robustez_alpha,CIFAR10,FedAvgM,0.1,59,10,5,45002,44896,180900000.0,407.031209472,407.04309,406.08432,70150.0,False,1 x NVIDIA RTX A1000,Intel(R) Core(TM) i7-14700,-0.011880528000006052,0.23610121168924358
main_campaign_default_alpha_0_5,test2_robustez_alpha,CIFAR10,FedAvgM,0.1,60,10,5,45003,44896,180900000.0,407.040254208,407.052135,406.08432,70150.0,False,1 x NVIDIA RTX A1000,Intel(R) Core(TM) i7-14700,-0.011880791999999474,0.23832858161083603
main_campaign_default_alpha_0_5,test2_robustez_alpha,CIFAR10,FedAvgM,0.1,61,10,5,45002,44896,180900000.0,407.031209472,407.04309,406.08432,70150.0,False,1 x NVIDIA RTX A1000,Intel(R) Core(TM) i7-14700,-0.011880528000006052,0.23610121168924358
main_campaign_default_alpha_0_5,test2_robustez_alpha,CIFAR10,FedAvgM,0.1,62,10,5,45002,44928,180900000.0,407.031209472,407.04309,406.37376,70200.0,False,1 x NVIDIA RTX A1000,Intel(R) Core(TM) i7-14700,-0.011880528000006052,0.16470797720797847
main_campaign_default_alpha_0_5,test2_robustez_alpha,CIFAR10,FedAvgM,0.1,63,10,5,45002,44960,180900000.0,407.031209472,407.04309,406.6632,70250.0,False,1 x NVIDIA RTX A1000,Intel(R) Core(TM) i7-14700,-0.011880528000006052,0.09341637010675807
main_campaign_default_alpha_0_5,test2_robustez_alpha,CIFAR10,FedAvgM,0.1,64,10,5,45001,44896,180900000.0,407.022164736,407.034045,406.08432,70150.0,False,1 x NVIDIA RTX A1000,Intel(R) Core(TM) i7-14700,-0.01188026400001263,0.23387384176765114
main_campaign_default_alpha_0_5,test2_robustez_alpha,CIFAR10,FedAvgM,0.1,65,10,5,45002,44896,180900000.0,407.031209472,407.04309,406.08432,70150.0,False,1 x NVIDIA RTX A1000,Intel(R) Core(TM) i7-14700,-0.011880528000006052,0.23610121168924358
main_campaign_default_alpha_0_5,test2_robustez_alpha,CIFAR10,FedAvgM,0.1,66,10,5,45003,44928,180900000.0,407.040254208,407.052135,406.37376,70200.0,False,1 x NVIDIA RTX A1000,Intel(R) Core(TM) i7-14700,-0.011880791999999474,0.16693376068377397
main_campaign_default_alpha_0_5,test2_robustez_alpha,CIFAR10,FedAvgM,0.1,67,10,5,45002,44960,180900000.0,407.031209472,407.04309,406.6632,70250.0,False,1 x NVIDIA RTX A1000,Intel(R) Core(TM) i7-14700,-0.011880528000006052,0.09341637010675807
main_campaign_default_alpha_0_5,test2_robustez_alpha,CIFAR10,FedAvgM,0.1,68,10,5,45001,44896,180900000.0,407.022164736,407.034045,406.08432,70150.0,False,1 x NVIDIA RTX A1000,Intel(R) Core(TM) i7-14700,-0.01188026400001263,0.23387384176765114
main_campaign_default_alpha_0_5,test2_robustez_alpha,CIFAR10,FedAvgM,0.1,69,10,5,45002,44928,180900000.0,407.031209472,407.04309,406.37376,70200.0,False,1 x NVIDIA RTX A1000,Intel(R) Core(TM) i7-14700,-0.011880528000006052,0.16470797720797847
main_campaign_default_alpha_0_5,test2_robustez_alpha,CIFAR10,FedAvgM,0.1,70,10,5,45003,44928,180900000.0,407.040254208,407.052135,406.37376,70200.0,False,1 x NVIDIA RTX A1000,Intel(R) Core(TM) i7-14700,-0.011880791999999474,0.16693376068377397
main_campaign_default_alpha_0_5,test2_robustez_alpha,CIFAR10,FedAvgM,0.1,71,10,5,45003,44928,180900000.0,407.040254208,407.052135,406.37376,70200.0,False,1 x NVIDIA RTX A1000,Intel(R) Core(TM) i7-14700,-0.011880791999999474,0.16693376068377397
main_campaign_default_alpha_0_5,test2_robustez_alpha,CIFAR10,FedAvgM,1.0,42,10,5,45002,44928,180900000.0,407.031209472,407.04309,406.37376,70200.0,False,1 x NVIDIA RTX A1000,Intel(R) Core(TM) i7-14700,-0.011880528000006052,0.16470797720797847
main_campaign_default_alpha_0_5,test2_robustez_alpha,CIFAR10,FedAvgM,1.0,43,10,5,45002,44896,180900000.0,407.031209472,407.04309,406.08432,70150.0,False,1 x NVIDIA RTX A1000,Intel(R) Core(TM) i7-14700,-0.011880528000006052,0.23610121168924358
main_campaign_default_alpha_0_5,test2_robustez_alpha,CIFAR10,FedAvgM,1.0,44,10,5,45002,44928,180900000.0,407.031209472,407.04309,406.37376,70200.0,False,1 x NVIDIA RTX A1000,Intel(R) Core(TM) i7-14700,-0.011880528000006052,0.16470797720797847
main_campaign_default_alpha_0_5,test2_robustez_alpha,CIFAR10,FedAvgM,1.0,45,10,5,45002,44896,180900000.0,407.031209472,407.04309,406.08432,70150.0,False,1 x NVIDIA RTX A1000,Intel(R) Core(TM) i7-14700,-0.011880528000006052,0.23610121168924358
main_campaign_default_alpha_0_5,test2_robustez_alpha,CIFAR10,FedAvgM,1.0,46,10,5,45002,44928,180900000.0,407.031209472,407.04309,406.37376,70200.0,False,1 x NVIDIA RTX A1000,Intel(R) Core(TM) i7-14700,-0.011880528000006052,0.16470797720797847
main_campaign_default_alpha_0_5,test2_robustez_alpha,CIFAR10,FedAvgM,1.0,47,10,5,45003,44928,180900000.0,407.040254208,407.052135,406.37376,70200.0,False,1 x NVIDIA RTX A1000,Intel(R) Core(TM) i7-14700,-0.011880791999999474,0.16693376068377397
main_campaign_default_alpha_0_5,test2_robustez_alpha,CIFAR10,FedAvgM,1.0,48,10,5,45002,44928,180900000.0,407.031209472,407.04309,406.37376,70200.0,False,1 x NVIDIA RTX A1000,Intel(R) Core(TM) i7-14700,-0.011880528000006052,0.16470797720797847
main_campaign_default_alpha_0_5,test2_robustez_alpha,CIFAR10,FedAvgM,1.0,49,10,5,45002,44896,180900000.0,407.031209472,407.04309,406.08432,70150.0,False,1 x NVIDIA RTX A1000,Intel(R) Core(TM) i7-14700,-0.011880528000006052,0.23610121168924358
main_campaign_default_alpha_0_5,test2_robustez_alpha,CIFAR10,FedAvgM,1.0,50,10,5,45003,44928,180900000.0,407.040254208,407.052135,406.37376,70200.0,False,1 x NVIDIA RTX A1000,Intel(R) Core(TM) i7-14700,-0.011880791999999474,0.16693376068377397
main_campaign_default_alpha_0_5,test2_robustez_alpha,CIFAR10,FedAvgM,1.0,51,10,5,45002,44928,180900000.0,407.031209472,407.04309,406.37376,70200.0,False,1 x NVIDIA RTX A1000,Intel(R) Core(TM) i7-14700,-0.011880528000006052,0.16470797720797847
main_campaign_default_alpha_0_5,test2_robustez_alpha,CIFAR10,FedAvgM,1.0,52,10,5,45003,44928,180900000.0,407.040254208,407.052135,406.37376,70200.0,False,1 x NVIDIA RTX A1000,Intel(R) Core(TM) i7-14700,-0.011880791999999474,0.16693376068377397
main_campaign_default_alpha_0_5,test2_robustez_alpha,CIFAR10,FedAvgM,1.0,53,10,5,45002,44960,180900000.0,407.031209472,407.04309,406.6632,70250.0,False,1 x NVIDIA RTX A1000,Intel(R) Core(TM) i7-14700,-0.011880528000006052,0.09341637010675807
main_campaign_default_alpha_0_5,test2_robustez_alpha,CIFAR10,FedAvgM,1.0,54,10,5,45003,44928,180900000.0,407.040254208,407.052135,406.37376,70200.0,False,1 x NVIDIA RTX A1000,Intel(R) Core(TM) i7-14700,-0.011880791999999474,0.16693376068377397
main_campaign_default_alpha_0_5,test2_robustez_alpha,CIFAR10,FedAvgM,1.0,55,10,5,45002,44928,180900000.0,407.031209472,407.04309,406.37376,70200.0,False,1 x NVIDIA RTX A1000,Intel(R) Core(TM) i7-14700,-0.011880528000006052,0.16470797720797847
main_campaign_default_alpha_0_5,test2_robustez_alpha,CIFAR10,FedAvgM,1.0,56,10,5,45002,44960,180900000.0,407.031209472,407.04309,406.6632,70250.0,False,1 x NVIDIA RTX A1000,Intel(R) Core(TM) i7-14700,-0.011880528000006052,0.09341637010675807
main_campaign_default_alpha_0_5,test2_robustez_alpha,CIFAR10,FedAvgM,1.0,57,10,5,45002,44960,180900000.0,407.031209472,407.04309,406.6632,70250.0,False,1 x NVIDIA RTX A1000,Intel(R) Core(TM) i7-14700,-0.011880528000006052,0.09341637010675807
main_campaign_default_alpha_0_5,test2_robustez_alpha,CIFAR10,FedAvgM,1.0,58,10,5,45002,44896,180900000.0,407.031209472,407.04309,406.08432,70150.0,False,1 x NVIDIA RTX A1000,Intel(R) Core(TM) i7-14700,-0.011880528000006052,0.23610121168924358
main_campaign_default_alpha_0_5,test2_robustez_alpha,CIFAR10,FedAvgM,1.0,59,10,5,45002,44928,180900000.0,407.031209472,407.04309,406.37376,70200.0,False,1 x NVIDIA RTX A1000,Intel(R) Core(TM) i7-14700,-0.011880528000006052,0.16470797720797847
main_campaign_default_alpha_0_5,test2_robustez_alpha,CIFAR10,FedAvgM,1.0,60,10,5,45003,44896,180900000.0,407.040254208,407.052135,406.08432,70150.0,False,1 x NVIDIA RTX A1000,Intel(R) Core(TM) i7-14700,-0.011880791999999474,0.23832858161083603
main_campaign_default_alpha_0_5,test2_robustez_alpha,CIFAR10,FedAvgM,1.0,61,10,5,45002,44928,180900000.0,407.031209472,407.04309,406.37376,70200.0,False,1 x NVIDIA RTX A1000,Intel(R) Core(TM) i7-14700,-0.011880528000006052,0.16470797720797847
main_campaign_default_alpha_0_5,test2_robustez_alpha,CIFAR10,FedAvgM,1.0,62,10,5,45002,44960,180900000.0,407.031209472,407.04309,406.6632,70250.0,False,1 x NVIDIA RTX A1000,Intel(R) Core(TM) i7-14700,-0.011880528000006052,0.09341637010675807
main_campaign_default_alpha_0_5,test2_robustez_alpha,CIFAR10,FedAvgM,1.0,63,10,5,45003,44928,180900000.0,407.040254208,407.052135,406.37376,70200.0,False,1 x NVIDIA RTX A1000,Intel(R) Core(TM) i7-14700,-0.011880791999999474,0.16693376068377397
main_campaign_default_alpha_0_5,test2_robustez_alpha,CIFAR10,FedAvgM,1.0,64,10,5,45002,44896,180900000.0,407.031209472,407.04309,406.08432,70150.0,False,1 x NVIDIA RTX A1000,Intel(R) Core(TM) i7-14700,-0.011880528000006052,0.23610121168924358
main_campaign_default_alpha_0_5,test2_robustez_alpha,CIFAR10,FedAvgM,1.0,65,10,5,45003,44928,180900000.0,407.040254208,407.052135,406.37376,70200.0,False,1 x NVIDIA RTX A1000,Intel(R) Core(TM) i7-14700,-0.011880791999999474,0.16693376068377397
main_campaign_default_alpha_0_5,test2_robustez_alpha,CIFAR10,FedAvgM,1.0,66,10,5,45001,44928,180900000.0,407.022164736,407.034045,406.37376,70200.0,False,1 x NVIDIA RTX A1000,Intel(R) Core(TM) i7-14700,-0.01188026400001263,0.16248219373218298
main_campaign_default_alpha_0_5,test2_robustez_alpha,CIFAR10,FedAvgM,1.0,67,10,5,45003,44896,180900000.0,407.040254208,407.052135,406.08432,70150.0,False,1 x NVIDIA RTX A1000,Intel(R) Core(TM) i7-14700,-0.011880791999999474,0.23832858161083603
main_campaign_default_alpha_0_5,test2_robustez_alpha,CIFAR10,FedAvgM,1.0,68,10,5,45001,44896,180900000.0,407.022164736,407.034045,406.08432,70150.0,False,1 x NVIDIA RTX A1000,Intel(R) Core(TM) i7-14700,-0.01188026400001263,0.23387384176765114
main_campaign_default_alpha_0_5,test2_robustez_alpha,CIFAR10,FedAvgM,1.0,69,10,5,45002,44960,180900000.0,407.031209472,407.04309,406.6632,70250.0,False,1 x NVIDIA RTX A1000,Intel(R) Core(TM) i7-14700,-0.011880528000006052,0.09341637010675807
main_campaign_default_alpha_0_5,test2_robustez_alpha,CIFAR10,FedAvgM,1.0,70,10,5,45001,44928,180900000.0,407.022164736,407.034045,406.37376,70200.0,False,1 x NVIDIA RTX A1000,Intel(R) Core(TM) i7-14700,-0.01188026400001263,0.16248219373218298
main_campaign_default_alpha_0_5,test2_robustez_alpha,CIFAR10,FedAvgM,1.0,71,10,5,45003,44960,180900000.0,407.040254208,407.052135,406.6632,70250.0,False,1 x NVIDIA RTX A1000,Intel(R) Core(TM) i7-14700,-0.011880791999999474,0.09564056939501686
main_campaign_default_alpha_0_5,test2_robustez_alpha,CIFAR10,FedProx,0.01,42,10,5,45001,44928,180900000.0,407.022164736,407.034045,406.37376,70200.0,False,1 x NVIDIA RTX A1000,Intel(R) Core(TM) i7-14700,-0.01188026400001263,0.16248219373218298
main_campaign_default_alpha_0_5,test2_robustez_alpha,CIFAR10,FedProx,0.01,43,10,5,45001,44896,180900000.0,407.022164736,407.034045,406.08432,70150.0,False,1 x NVIDIA RTX A1000,Intel(R) Core(TM) i7-14700,-0.01188026400001263,0.23387384176765114
main_campaign_default_alpha_0_5,test2_robustez_alpha,CIFAR10,FedProx,0.01,44,10,5,45003,44928,180900000.0,407.040254208,407.052135,406.37376,70200.0,False,1 x NVIDIA RTX A1000,Intel(R) Core(TM) i7-14700,-0.011880791999999474,0.16693376068377397
main_campaign_default_alpha_0_5,test2_robustez_alpha,CIFAR10,FedProx,0.01,45,10,5,45002,44928,180900000.0,407.031209472,407.04309,406.37376,70200.0,False,1 x NVIDIA RTX A1000,Intel(R) Core(TM) i7-14700,-0.011880528000006052,0.16470797720797847
main_campaign_default_alpha_0_5,test2_robustez_alpha,CIFAR10,FedProx,0.01,46,10,5,45000,44928,180900000.0,407.01312,407.025,406.37376,70200.0,False,1 x NVIDIA RTX A1000,Intel(R) Core(TM) i7-14700,-0.011879999999962365,0.1602564102564097
main_campaign_default_alpha_0_5,test2_robustez_alpha,CIFAR10,FedProx,0.01,47,10,5,45003,44928,180900000.0,407.040254208,407.052135,406.37376,70200.0,False,1 x NVIDIA RTX A1000,Intel(R) Core(TM) i7-14700,-0.011880791999999474,0.16693376068377397
main_campaign_default_alpha_0_5,test2_robustez_alpha,CIFAR10,FedProx,0.01,48,10,5,45001,44928,180900000.0,407.022164736,407.034045,406.37376,70200.0,False,1 x NVIDIA RTX A1000,Intel(R) Core(TM) i7-14700,-0.01188026400001263,0.16248219373218298
main_campaign_default_alpha_0_5,test2_robustez_alpha,CIFAR10,FedProx,0.01,49,10,5,45003,44928,180900000.0,407.040254208,407.052135,406.37376,70200.0,False,1 x NVIDIA RTX A1000,Intel(R) Core(TM) i7-14700,-0.011880791999999474,0.16693376068377397
main_campaign_default_alpha_0_5,test2_robustez_alpha,CIFAR10,FedProx,0.01,50,10,5,45002,44896,180900000.0,407.031209472,407.04309,406.08432,70150.0,False,1 x NVIDIA RTX A1000,Intel(R) Core(TM) i7-14700,-0.011880528000006052,0.23610121168924358
main_campaign_default_alpha_0_5,test2_robustez_alpha,CIFAR10,FedProx,0.01,51,10,5,45001,44928,180900000.0,407.022164736,407.034045,406.37376,70200.0,False,1 x NVIDIA RTX A1000,Intel(R) Core(TM) i7-14700,-0.01188026400001263,0.16248219373218298
main_campaign_default_alpha_0_5,test2_robustez_alpha,CIFAR10,FedProx,0.01,52,10,5,45001,44960,180900000.0,407.022164736,407.034045,406.6632,70250.0,False,1 x NVIDIA RTX A1000,Intel(R) Core(TM) i7-14700,-0.01188026400001263,0.09119217081849929
main_campaign_default_alpha_0_5,test2_robustez_alpha,CIFAR10,FedProx,0.01,53,10,5,45002,44896,180900000.0,407.031209472,407.04309,406.08432,70150.0,False,1 x NVIDIA RTX A1000,Intel(R) Core(TM) i7-14700,-0.011880528000006052,0.23610121168924358
main_campaign_default_alpha_0_5,test2_robustez_alpha,CIFAR10,FedProx,0.01,54,10,5,45002,44928,180900000.0,407.031209472,407.04309,406.37376,70200.0,False,1 x NVIDIA RTX A1000,Intel(R) Core(TM) i7-14700,-0.011880528000006052,0.16470797720797847
main_campaign_default_alpha_0_5,test2_robustez_alpha,CIFAR10,FedProx,0.01,55,10,5,45001,44929,180900000.0,407.022164736,407.034045,406.382805,70200.0,False,1 x NVIDIA RTX A1000,Intel(R) Core(TM) i7-14700,-0.01188026400001263,0.16025284337508605
main_campaign_default_alpha_0_5,test2_robustez_alpha,CIFAR10,FedProx,0.01,56,10,5,45003,44960,180900000.0,407.040254208,407.052135,406.6632,70250.0,False,1 x NVIDIA RTX A1000,Intel(R) Core(TM) i7-14700,-0.011880791999999474,0.09564056939501686
main_campaign_default_alpha_0_5,test2_robustez_alpha,CIFAR10,FedProx,0.01,57,10,5,45001,44960,180900000.0,407.022164736,407.034045,406.6632,70250.0,False,1 x NVIDIA RTX A1000,Intel(R) Core(TM) i7-14700,-0.01188026400001263,0.09119217081849929
main_campaign_default_alpha_0_5,test2_robustez_alpha,CIFAR10,FedProx,0.01,58,10,5,45002,44928,180900000.0,407.031209472,407.04309,406.37376,70200.0,False,1 x NVIDIA RTX A1000,Intel(R) Core(TM) i7-14700,-0.011880528000006052,0.16470797720797847
main_campaign_default_alpha_0_5,test2_robustez_alpha,CIFAR10,FedProx,0.01,59,10,5,45003,44928,180900000.0,407.040254208,407.052135,406.37376,70200.0,False,1 x NVIDIA RTX A1000,Intel(R) Core(TM) i7-14700,-0.011880791999999474,0.16693376068377397
main_campaign_default_alpha_0_5,test2_robustez_alpha,CIFAR10,FedProx,0.01,60,10,5,45002,44896,180900000.0,407.031209472,407.04309,406.08432,70150.0,False,1 x NVIDIA RTX A1000,Intel(R) Core(TM) i7-14700,-0.011880528000006052,0.23610121168924358
main_campaign_default_alpha_0_5,test2_robustez_alpha,CIFAR10,FedProx,0.01,61,10,5,45003,44960,180900000.0,407.040254208,407.052135,406.6632,70250.0,False,1 x NVIDIA RTX A1000,Intel(R) Core(TM) i7-14700,-0.011880791999999474,0.09564056939501686
main_campaign_default_alpha_0_5,test2_robustez_alpha,CIFAR10,FedProx,0.01,62,10,5,45002,44928,180900000.0,407.031209472,407.04309,406.37376,70200.0,False,1 x NVIDIA RTX A1000,Intel(R) Core(TM) i7-14700,-0.011880528000006052,0.16470797720797847
main_campaign_default_alpha_0_5,test2_robustez_alpha,CIFAR10,FedProx,0.01,63,10,5,45002,44928,180900000.0,407.031209472,407.04309,406.37376,70200.0,False,1 x NVIDIA RTX A1000,Intel(R) Core(TM) i7-14700,-0.011880528000006052,0.16470797720797847
main_campaign_default_alpha_0_5,test2_robustez_alpha,CIFAR10,FedProx,0.01,64,10,5,45002,44928,180900000.0,407.031209472,407.04309,406.37376,70200.0,False,1 x NVIDIA RTX A1000,Intel(R) Core(TM) i7-14700,-0.011880528000006052,0.16470797720797847
main_campaign_default_alpha_0_5,test2_robustez_alpha,CIFAR10,FedProx,0.01,65,10,5,45002,44928,180900000.0,407.031209472,407.04309,406.37376,70200.0,False,1 x NVIDIA RTX A1000,Intel(R) Core(TM) i7-14700,-0.011880528000006052,0.16470797720797847
main_campaign_default_alpha_0_5,test2_robustez_alpha,CIFAR10,FedProx,0.01,66,10,5,45003,44928,180900000.0,407.040254208,407.052135,406.37376,70200.0,False,1 x NVIDIA RTX A1000,Intel(R) Core(TM) i7-14700,-0.011880791999999474,0.16693376068377397
main_campaign_default_alpha_0_5,test2_robustez_alpha,CIFAR10,FedProx,0.01,67,10,5,45003,44928,180900000.0,407.040254208,407.052135,406.37376,70200.0,False,1 x NVIDIA RTX A1000,Intel(R) Core(TM) i7-14700,-0.011880791999999474,0.16693376068377397
main_campaign_default_alpha_0_5,test2_robustez_alpha,CIFAR10,FedProx,0.01,68,10,5,45002,44928,180900000.0,407.031209472,407.04309,406.37376,70200.0,False,1 x NVIDIA RTX A1000,Intel(R) Core(TM) i7-14700,-0.011880528000006052,0.16470797720797847
main_campaign_default_alpha_0_5,test2_robustez_alpha,CIFAR10,FedProx,0.01,69,10,5,45001,44929,180900000.0,407.022164736,407.034045,406.382805,70200.0,False,1 x NVIDIA RTX A1000,Intel(R) Core(TM) i7-14700,-0.01188026400001263,0.16025284337508605
main_campaign_default_alpha_0_5,test2_robustez_alpha,CIFAR10,FedProx,0.01,70,10,5,45001,44896,180900000.0,407.022164736,407.034045,406.08432,70150.0,False,1 x NVIDIA RTX A1000,Intel(R) Core(TM) i7-14700,-0.01188026400001263,0.23387384176765114
main_campaign_default_alpha_0_5,test2_robustez_alpha,CIFAR10,FedProx,0.01,71,10,5,45002,44928,180900000.0,407.031209472,407.04309,406.37376,70200.0,False,1 x NVIDIA RTX A1000,Intel(R) Core(TM) i7-14700,-0.011880528000006052,0.16470797720797847
main_campaign_default_alpha_0_5,test2_robustez_alpha,CIFAR10,FedProx,0.1,42,10,5,45003,44928,180900000.0,407.040254208,407.052135,406.37376,70200.0,False,1 x NVIDIA RTX A1000,Intel(R) Core(TM) i7-14700,-0.011880791999999474,0.16693376068377397
main_campaign_default_alpha_0_5,test2_robustez_alpha,CIFAR10,FedProx,0.1,43,10,5,45002,44960,180900000.0,407.031209472,407.04309,406.6632,70250.0,False,1 x NVIDIA RTX A1000,Intel(R) Core(TM) i7-14700,-0.011880528000006052,0.09341637010675807
main_campaign_default_alpha_0_5,test2_robustez_alpha,CIFAR10,FedProx,0.1,44,10,5,45003,44960,180900000.0,407.040254208,407.052135,406.6632,70250.0,False,1 x NVIDIA RTX A1000,Intel(R) Core(TM) i7-14700,-0.011880791999999474,0.09564056939501686
main_campaign_default_alpha_0_5,test2_robustez_alpha,CIFAR10,FedProx,0.1,45,10,5,45002,44928,180900000.0,407.031209472,407.04309,406.37376,70200.0,False,1 x NVIDIA RTX A1000,Intel(R) Core(TM) i7-14700,-0.011880528000006052,0.16470797720797847
main_campaign_default_alpha_0_5,test2_robustez_alpha,CIFAR10,FedProx,0.1,46,10,5,45003,44928,180900000.0,407.040254208,407.052135,406.37376,70200.0,False,1 x NVIDIA RTX A1000,Intel(R) Core(TM) i7-14700,-0.011880791999999474,0.16693376068377397
main_campaign_default_alpha_0_5,test2_robustez_alpha,CIFAR10,FedProx,0.1,47,10,5,45003,44928,180900000.0,407.040254208,407.052135,406.37376,70200.0,False,1 x NVIDIA RTX A1000,Intel(R) Core(TM) i7-14700,-0.011880791999999474,0.16693376068377397
main_campaign_default_alpha_0_5,test2_robustez_alpha,CIFAR10,FedProx,0.1,48,10,5,45002,44960,180900000.0,407.031209472,407.04309,406.6632,70250.0,False,1 x NVIDIA RTX A1000,Intel(R) Core(TM) i7-14700,-0.011880528000006052,0.09341637010675807
main_campaign_default_alpha_0_5,test2_robustez_alpha,CIFAR10,FedProx,0.1,49,10,5,45003,44928,180900000.0,407.040254208,407.052135,406.37376,70200.0,False,1 x NVIDIA RTX A1000,Intel(R) Core(TM) i7-14700,-0.011880791999999474,0.16693376068377397
main_campaign_default_alpha_0_5,test2_robustez_alpha,CIFAR10,FedProx,0.1,50,10,5,45003,44928,180900000.0,407.040254208,407.052135,406.37376,70200.0,False,1 x NVIDIA RTX A1000,Intel(R) Core(TM) i7-14700,-0.011880791999999474,0.16693376068377397
main_campaign_default_alpha_0_5,test2_robustez_alpha,CIFAR10,FedProx,0.1,51,10,5,45003,44896,180900000.0,407.040254208,407.052135,406.08432,70150.0,False,1 x NVIDIA RTX A1000,Intel(R) Core(TM) i7-14700,-0.011880791999999474,0.23832858161083603
main_campaign_default_alpha_0_5,test2_robustez_alpha,CIFAR10,FedProx,0.1,52,10,5,45002,44928,180900000.0,407.031209472,407.04309,406.37376,70200.0,False,1 x NVIDIA RTX A1000,Intel(R) Core(TM) i7-14700,-0.011880528000006052,0.16470797720797847
main_campaign_default_alpha_0_5,test2_robustez_alpha,CIFAR10,FedProx,0.1,53,10,5,45003,44896,180900000.0,407.040254208,407.052135,406.08432,70150.0,False,1 x NVIDIA RTX A1000,Intel(R) Core(TM) i7-14700,-0.011880791999999474,0.23832858161083603
main_campaign_default_alpha_0_5,test2_robustez_alpha,CIFAR10,FedProx,0.1,54,10,5,45002,44928,180900000.0,407.031209472,407.04309,406.37376,70200.0,False,1 x NVIDIA RTX A1000,Intel(R) Core(TM) i7-14700,-0.011880528000006052,0.16470797720797847
main_campaign_default_alpha_0_5,test2_robustez_alpha,CIFAR10,FedProx,0.1,55,10,5,45003,44960,180900000.0,407.040254208,407.052135,406.6632,70250.0,False,1 x NVIDIA RTX A1000,Intel(R) Core(TM) i7-14700,-0.011880791999999474,0.09564056939501686
main_campaign_default_alpha_0_5,test2_robustez_alpha,CIFAR10,FedProx,0.1,56,10,5,45003,44928,180900000.0,407.040254208,407.052135,406.37376,70200.0,False,1 x NVIDIA RTX A1000,Intel(R) Core(TM) i7-14700,-0.011880791999999474,0.16693376068377397
main_campaign_default_alpha_0_5,test2_robustez_alpha,CIFAR10,FedProx,0.1,57,10,5,45002,44928,180900000.0,407.031209472,407.04309,406.37376,70200.0,False,1 x NVIDIA RTX A1000,Intel(R) Core(TM) i7-14700,-0.011880528000006052,0.16470797720797847
main_campaign_default_alpha_0_5,test2_robustez_alpha,CIFAR10,FedProx,0.1,58,10,5,45002,44928,180900000.0,407.031209472,407.04309,406.37376,70200.0,False,1 x NVIDIA RTX A1000,Intel(R) Core(TM) i7-14700,-0.011880528000006052,0.16470797720797847
main_campaign_default_alpha_0_5,test2_robustez_alpha,CIFAR10,FedProx,0.1,59,10,5,45002,44896,180900000.0,407.031209472,407.04309,406.08432,70150.0,False,1 x NVIDIA RTX A1000,Intel(R) Core(TM) i7-14700,-0.011880528000006052,0.23610121168924358
main_campaign_default_alpha_0_5,test2_robustez_alpha,CIFAR10,FedProx,0.1,60,10,5,45003,44896,180900000.0,407.040254208,407.052135,406.08432,70150.0,False,1 x NVIDIA RTX A1000,Intel(R) Core(TM) i7-14700,-0.011880791999999474,0.23832858161083603
main_campaign_default_alpha_0_5,test2_robustez_alpha,CIFAR10,FedProx,0.1,61,10,5,45002,44896,180900000.0,407.031209472,407.04309,406.08432,70150.0,False,1 x NVIDIA RTX A1000,Intel(R) Core(TM) i7-14700,-0.011880528000006052,0.23610121168924358
main_campaign_default_alpha_0_5,test2_robustez_alpha,CIFAR10,FedProx,0.1,62,10,5,45002,44928,180900000.0,407.031209472,407.04309,406.37376,70200.0,False,1 x NVIDIA RTX A1000,Intel(R) Core(TM) i7-14700,-0.011880528000006052,0.16470797720797847
main_campaign_default_alpha_0_5,test2_robustez_alpha,CIFAR10,FedProx,0.1,63,10,5,45002,44960,180900000.0,407.031209472,407.04309,406.6632,70250.0,False,1 x NVIDIA RTX A1000,Intel(R) Core(TM) i7-14700,-0.011880528000006052,0.09341637010675807
main_campaign_default_alpha_0_5,test2_robustez_alpha,CIFAR10,FedProx,0.1,64,10,5,45001,44896,180900000.0,407.022164736,407.034045,406.08432,70150.0,False,1 x NVIDIA RTX A1000,Intel(R) Core(TM) i7-14700,-0.01188026400001263,0.23387384176765114
main_campaign_default_alpha_0_5,test2_robustez_alpha,CIFAR10,FedProx,0.1,65,10,5,45002,44896,180900000.0,407.031209472,407.04309,406.08432,70150.0,False,1 x NVIDIA RTX A1000,Intel(R) Core(TM) i7-14700,-0.011880528000006052,0.23610121168924358
main_campaign_default_alpha_0_5,test2_robustez_alpha,CIFAR10,FedProx,0.1,66,10,5,45003,44928,180900000.0,407.040254208,407.052135,406.37376,70200.0,False,1 x NVIDIA RTX A1000,Intel(R) Core(TM) i7-14700,-0.011880791999999474,0.16693376068377397
main_campaign_default_alpha_0_5,test2_robustez_alpha,CIFAR10,FedProx,0.1,67,10,5,45002,44960,180900000.0,407.031209472,407.04309,406.6632,70250.0,False,1 x NVIDIA RTX A1000,Intel(R) Core(TM) i7-14700,-0.011880528000006052,0.09341637010675807
main_campaign_default_alpha_0_5,test2_robustez_alpha,CIFAR10,FedProx,0.1,68,10,5,45001,44896,180900000.0,407.022164736,407.034045,406.08432,70150.0,False,1 x NVIDIA RTX A1000,Intel(R) Core(TM) i7-14700,-0.01188026400001263,0.23387384176765114
main_campaign_default_alpha_0_5,test2_robustez_alpha,CIFAR10,FedProx,0.1,69,10,5,45002,44928,180900000.0,407.031209472,407.04309,406.37376,70200.0,False,1 x NVIDIA RTX A1000,Intel(R) Core(TM) i7-14700,-0.011880528000006052,0.16470797720797847
main_campaign_default_alpha_0_5,test2_robustez_alpha,CIFAR10,FedProx,0.1,70,10,5,45003,44928,180900000.0,407.040254208,407.052135,406.37376,70200.0,False,1 x NVIDIA RTX A1000,Intel(R) Core(TM) i7-14700,-0.011880791999999474,0.16693376068377397
main_campaign_default_alpha_0_5,test2_robustez_alpha,CIFAR10,FedProx,0.1,71,10,5,45003,44928,180900000.0,407.040254208,407.052135,406.37376,70200.0,False,1 x NVIDIA RTX A1000,Intel(R) Core(TM) i7-14700,-0.011880791999999474,0.16693376068377397
main_campaign_default_alpha_0_5,test2_robustez_alpha,CIFAR10,FedProx,1.0,42,10,5,45002,44928,180900000.0,407.031209472,407.04309,406.37376,70200.0,False,1 x NVIDIA RTX A1000,Intel(R) Core(TM) i7-14700,-0.011880528000006052,0.16470797720797847
main_campaign_default_alpha_0_5,test2_robustez_alpha,CIFAR10,FedProx,1.0,43,10,5,45002,44896,180900000.0,407.031209472,407.04309,406.08432,70150.0,False,1 x NVIDIA RTX A1000,Intel(R) Core(TM) i7-14700,-0.011880528000006052,0.23610121168924358
main_campaign_default_alpha_0_5,test2_robustez_alpha,CIFAR10,FedProx,1.0,44,10,5,45002,44928,180900000.0,407.031209472,407.04309,406.37376,70200.0,False,1 x NVIDIA RTX A1000,Intel(R) Core(TM) i7-14700,-0.011880528000006052,0.16470797720797847
main_campaign_default_alpha_0_5,test2_robustez_alpha,CIFAR10,FedProx,1.0,45,10,5,45002,44896,180900000.0,407.031209472,407.04309,406.08432,70150.0,False,1 x NVIDIA RTX A1000,Intel(R) Core(TM) i7-14700,-0.011880528000006052,0.23610121168924358
main_campaign_default_alpha_0_5,test2_robustez_alpha,CIFAR10,FedProx,1.0,46,10,5,45002,44928,180900000.0,407.031209472,407.04309,406.37376,70200.0,False,1 x NVIDIA RTX A1000,Intel(R) Core(TM) i7-14700,-0.011880528000006052,0.16470797720797847
main_campaign_default_alpha_0_5,test2_robustez_alpha,CIFAR10,FedProx,1.0,47,10,5,45003,44928,180900000.0,407.040254208,407.052135,406.37376,70200.0,False,1 x NVIDIA RTX A1000,Intel(R) Core(TM) i7-14700,-0.011880791999999474,0.16693376068377397
main_campaign_default_alpha_0_5,test2_robustez_alpha,CIFAR10,FedProx,1.0,48,10,5,45002,44928,180900000.0,407.031209472,407.04309,406.37376,70200.0,False,1 x NVIDIA RTX A1000,Intel(R) Core(TM) i7-14700,-0.011880528000006052,0.16470797720797847
main_campaign_default_alpha_0_5,test2_robustez_alpha,CIFAR10,FedProx,1.0,49,10,5,45002,44896,180900000.0,407.031209472,407.04309,406.08432,70150.0,False,1 x NVIDIA RTX A1000,Intel(R) Core(TM) i7-14700,-0.011880528000006052,0.23610121168924358
main_campaign_default_alpha_0_5,test2_robustez_alpha,CIFAR10,FedProx,1.0,50,10,5,45003,44928,180900000.0,407.040254208,407.052135,406.37376,70200.0,False,1 x NVIDIA RTX A1000,Intel(R) Core(TM) i7-14700,-0.011880791999999474,0.16693376068377397
main_campaign_default_alpha_0_5,test2_robustez_alpha,CIFAR10,FedProx,1.0,51,10,5,45002,44928,180900000.0,407.031209472,407.04309,406.37376,70200.0,False,1 x NVIDIA RTX A1000,Intel(R) Core(TM) i7-14700,-0.011880528000006052,0.16470797720797847
main_campaign_default_alpha_0_5,test2_robustez_alpha,CIFAR10,FedProx,1.0,52,10,5,45003,44928,180900000.0,407.040254208,407.052135,406.37376,70200.0,False,1 x NVIDIA RTX A1000,Intel(R) Core(TM) i7-14700,-0.011880791999999474,0.16693376068377397
main_campaign_default_alpha_0_5,test2_robustez_alpha,CIFAR10,FedProx,1.0,53,10,5,45002,44960,180900000.0,407.031209472,407.04309,406.6632,70250.0,False,1 x NVIDIA RTX A1000,Intel(R) Core(TM) i7-14700,-0.011880528000006052,0.09341637010675807
main_campaign_default_alpha_0_5,test2_robustez_alpha,CIFAR10,FedProx,1.0,54,10,5,45003,44928,180900000.0,407.040254208,407.052135,406.37376,70200.0,False,1 x NVIDIA RTX A1000,Intel(R) Core(TM) i7-14700,-0.011880791999999474,0.16693376068377397
main_campaign_default_alpha_0_5,test2_robustez_alpha,CIFAR10,FedProx,1.0,55,10,5,45002,44928,180900000.0,407.031209472,407.04309,406.37376,70200.0,False,1 x NVIDIA RTX A1000,Intel(R) Core(TM) i7-14700,-0.011880528000006052,0.16470797720797847
main_campaign_default_alpha_0_5,test2_robustez_alpha,CIFAR10,FedProx,1.0,56,10,5,45002,44960,180900000.0,407.031209472,407.04309,406.6632,70250.0,False,1 x NVIDIA RTX A1000,Intel(R) Core(TM) i7-14700,-0.011880528000006052,0.09341637010675807
main_campaign_default_alpha_0_5,test2_robustez_alpha,CIFAR10,FedProx,1.0,57,10,5,45002,44960,180900000.0,407.031209472,407.04309,406.6632,70250.0,False,1 x NVIDIA RTX A1000,Intel(R) Core(TM) i7-14700,-0.011880528000006052,0.09341637010675807
main_campaign_default_alpha_0_5,test2_robustez_alpha,CIFAR10,FedProx,1.0,58,10,5,45002,44896,180900000.0,407.031209472,407.04309,406.08432,70150.0,False,1 x NVIDIA RTX A1000,Intel(R) Core(TM) i7-14700,-0.011880528000006052,0.23610121168924358
main_campaign_default_alpha_0_5,test2_robustez_alpha,CIFAR10,FedProx,1.0,59,10,5,45002,44928,180900000.0,407.031209472,407.04309,406.37376,70200.0,False,1 x NVIDIA RTX A1000,Intel(R) Core(TM) i7-14700,-0.011880528000006052,0.16470797720797847
main_campaign_default_alpha_0_5,test2_robustez_alpha,CIFAR10,FedProx,1.0,60,10,5,45003,44896,180900000.0,407.040254208,407.052135,406.08432,70150.0,False,1 x NVIDIA RTX A1000,Intel(R) Core(TM) i7-14700,-0.011880791999999474,0.23832858161083603
main_campaign_default_alpha_0_5,test2_robustez_alpha,CIFAR10,FedProx,1.0,61,10,5,45002,44928,180900000.0,407.031209472,407.04309,406.37376,70200.0,False,1 x NVIDIA RTX A1000,Intel(R) Core(TM) i7-14700,-0.011880528000006052,0.16470797720797847
main_campaign_default_alpha_0_5,test2_robustez_alpha,CIFAR10,FedProx,1.0,62,10,5,45002,44960,180900000.0,407.031209472,407.04309,406.6632,70250.0,False,1 x NVIDIA RTX A1000,Intel(R) Core(TM) i7-14700,-0.011880528000006052,0.09341637010675807
main_campaign_default_alpha_0_5,test2_robustez_alpha,CIFAR10,FedProx,1.0,63,10,5,45003,44928,180900000.0,407.040254208,407.052135,406.37376,70200.0,False,1 x NVIDIA RTX A1000,Intel(R) Core(TM) i7-14700,-0.011880791999999474,0.16693376068377397
main_campaign_default_alpha_0_5,test2_robustez_alpha,CIFAR10,FedProx,1.0,64,10,5,45002,44896,180900000.0,407.031209472,407.04309,406.08432,70150.0,False,1 x NVIDIA RTX A1000,Intel(R) Core(TM) i7-14700,-0.011880528000006052,0.23610121168924358
main_campaign_default_alpha_0_5,test2_robustez_alpha,CIFAR10,FedProx,1.0,65,10,5,45003,44928,180900000.0,407.040254208,407.052135,406.37376,70200.0,False,1 x NVIDIA RTX A1000,Intel(R) Core(TM) i7-14700,-0.011880791999999474,0.16693376068377397
main_campaign_default_alpha_0_5,test2_robustez_alpha,CIFAR10,FedProx,1.0,66,10,5,45001,44928,180900000.0,407.022164736,407.034045,406.37376,70200.0,False,1 x NVIDIA RTX A1000,Intel(R) Core(TM) i7-14700,-0.01188026400001263,0.16248219373218298
main_campaign_default_alpha_0_5,test2_robustez_alpha,CIFAR10,FedProx,1.0,67,10,5,45003,44896,180900000.0,407.040254208,407.052135,406.08432,70150.0,False,1 x NVIDIA RTX A1000,Intel(R) Core(TM) i7-14700,-0.011880791999999474,0.23832858161083603
main_campaign_default_alpha_0_5,test2_robustez_alpha,CIFAR10,FedProx,1.0,68,10,5,45001,44896,180900000.0,407.022164736,407.034045,406.08432,70150.0,False,1 x NVIDIA RTX A1000,Intel(R) Core(TM) i7-14700,-0.01188026400001263,0.23387384176765114
main_campaign_default_alpha_0_5,test2_robustez_alpha,CIFAR10,FedProx,1.0,69,10,5,45002,44960,180900000.0,407.031209472,407.04309,406.6632,70250.0,False,1 x NVIDIA RTX A1000,Intel(R) Core(TM) i7-14700,-0.011880528000006052,0.09341637010675807
main_campaign_default_alpha_0_5,test2_robustez_alpha,CIFAR10,FedProx,1.0,70,10,5,45001,44928,180900000.0,407.022164736,407.034045,406.37376,70200.0,False,1 x NVIDIA RTX A1000,Intel(R) Core(TM) i7-14700,-0.01188026400001263,0.16248219373218298
main_campaign_default_alpha_0_5,test2_robustez_alpha,CIFAR10,FedProx,1.0,71,10,5,45003,44960,180900000.0,407.040254208,407.052135,406.6632,70250.0,False,1 x NVIDIA RTX A1000,Intel(R) Core(TM) i7-14700,-0.011880791999999474,0.09564056939501686
main_campaign_default_alpha_0_5,test2_robustez_alpha,CIFAR10,FedNova,0.01,42,10,5,45001,44928,180900000.0,407.022164736,407.034045,406.37376,70200.0,False,1 x NVIDIA A40,AMD EPYC 9354P 32-Core Processor,-0.01188026400001263,0.16248219373218298
main_campaign_default_alpha_0_5,test2_robustez_alpha,CIFAR10,FedNova,0.01,43,10,5,45001,44896,180900000.0,407.022164736,407.034045,406.08432,70150.0,False,1 x NVIDIA A40,AMD EPYC 9354P 32-Core Processor,-0.01188026400001263,0.23387384176765114
main_campaign_default_alpha_0_5,test2_robustez_alpha,CIFAR10,FedNova,0.01,44,10,5,45003,44928,180900000.0,407.040254208,407.052135,406.37376,70200.0,False,1 x NVIDIA A40,AMD EPYC 9354P 32-Core Processor,-0.011880791999999474,0.16693376068377397
main_campaign_default_alpha_0_5,test2_robustez_alpha,CIFAR10,FedNova,0.01,45,10,5,45002,44928,180900000.0,407.031209472,407.04309,406.37376,70200.0,False,1 x NVIDIA A40,AMD EPYC 9354P 32-Core Processor,-0.011880528000006052,0.16470797720797847
main_campaign_default_alpha_0_5,test2_robustez_alpha,CIFAR10,FedNova,0.01,46,10,5,45000,44928,180900000.0,407.01312,407.025,406.37376,70200.0,False,1 x NVIDIA A40,AMD EPYC 9354P 32-Core Processor,-0.011879999999962365,0.1602564102564097
main_campaign_default_alpha_0_5,test2_robustez_alpha,CIFAR10,FedNova,0.01,47,10,5,45003,44928,180900000.0,407.040254208,407.052135,406.37376,70200.0,False,1 x NVIDIA A40,AMD EPYC 9354P 32-Core Processor,-0.011880791999999474,0.16693376068377397
main_campaign_default_alpha_0_5,test2_robustez_alpha,CIFAR10,FedNova,0.01,48,10,5,45001,44928,180900000.0,407.022164736,407.034045,406.37376,70200.0,False,1 x NVIDIA A40,AMD EPYC 9354P 32-Core Processor,-0.01188026400001263,0.16248219373218298
main_campaign_default_alpha_0_5,test2_robustez_alpha,CIFAR10,FedNova,0.01,49,10,5,45003,44928,180900000.0,407.040254208,407.052135,406.37376,70200.0,False,1 x NVIDIA A40,AMD EPYC 9354P 32-Core Processor,-0.011880791999999474,0.16693376068377397
main_campaign_default_alpha_0_5,test2_robustez_alpha,CIFAR10,FedNova,0.01,50,10,5,45002,44896,180900000.0,407.031209472,407.04309,406.08432,70150.0,False,1 x NVIDIA A40,AMD EPYC 9354P 32-Core Processor,-0.011880528000006052,0.23610121168924358
main_campaign_default_alpha_0_5,test2_robustez_alpha,CIFAR10,FedNova,0.01,51,10,5,45001,44928,180900000.0,407.022164736,407.034045,406.37376,70200.0,False,1 x NVIDIA A40,AMD EPYC 9354P 32-Core Processor,-0.01188026400001263,0.16248219373218298
main_campaign_default_alpha_0_5,test2_robustez_alpha,CIFAR10,FedNova,0.01,52,10,5,45001,44960,180900000.0,407.022164736,407.034045,406.6632,70250.0,False,1 x NVIDIA A40,AMD EPYC 9354P 32-Core Processor,-0.01188026400001263,0.09119217081849929
main_campaign_default_alpha_0_5,test2_robustez_alpha,CIFAR10,FedNova,0.01,53,10,5,45002,44896,180900000.0,407.031209472,407.04309,406.08432,70150.0,False,1 x NVIDIA A40,AMD EPYC 9354P 32-Core Processor,-0.011880528000006052,0.23610121168924358
main_campaign_default_alpha_0_5,test2_robustez_alpha,CIFAR10,FedNova,0.01,54,10,5,45002,44928,180900000.0,407.031209472,407.04309,406.37376,70200.0,False,1 x NVIDIA A40,AMD EPYC 9354P 32-Core Processor,-0.011880528000006052,0.16470797720797847
main_campaign_default_alpha_0_5,test2_robustez_alpha,CIFAR10,FedNova,0.01,55,10,5,45001,44929,180900000.0,407.022164736,407.034045,406.382805,70200.0,False,1 x NVIDIA A40,AMD EPYC 9354P 32-Core Processor,-0.01188026400001263,0.16025284337508605
main_campaign_default_alpha_0_5,test2_robustez_alpha,CIFAR10,FedNova,0.01,56,10,5,45003,44960,180900000.0,407.040254208,407.052135,406.6632,70250.0,False,1 x NVIDIA A40,AMD EPYC 9354P 32-Core Processor,-0.011880791999999474,0.09564056939501686
main_campaign_default_alpha_0_5,test2_robustez_alpha,CIFAR10,FedNova,0.01,57,10,5,45001,44960,180900000.0,407.022164736,407.034045,406.6632,70250.0,False,1 x NVIDIA A40,AMD EPYC 9354P 32-Core Processor,-0.01188026400001263,0.09119217081849929
main_campaign_default_alpha_0_5,test2_robustez_alpha,CIFAR10,FedNova,0.01,58,10,5,45002,44928,180900000.0,407.031209472,407.04309,406.37376,70200.0,False,1 x NVIDIA A40,AMD EPYC 9354P 32-Core Processor,-0.011880528000006052,0.16470797720797847
main_campaign_default_alpha_0_5,test2_robustez_alpha,CIFAR10,FedNova,0.01,59,10,5,45003,44928,180900000.0,407.040254208,407.052135,406.37376,70200.0,False,1 x NVIDIA A40,AMD EPYC 9354P 32-Core Processor,-0.011880791999999474,0.16693376068377397
main_campaign_default_alpha_0_5,test2_robustez_alpha,CIFAR10,FedNova,0.01,60,10,5,45002,44896,180900000.0,407.031209472,407.04309,406.08432,70150.0,False,1 x NVIDIA A40,AMD EPYC 9354P 32-Core Processor,-0.011880528000006052,0.23610121168924358
main_campaign_default_alpha_0_5,test2_robustez_alpha,CIFAR10,FedNova,0.01,61,10,5,45003,44960,180900000.0,407.040254208,407.052135,406.6632,70250.0,False,1 x NVIDIA A40,AMD EPYC 9354P 32-Core Processor,-0.011880791999999474,0.09564056939501686
main_campaign_default_alpha_0_5,test2_robustez_alpha,CIFAR10,FedNova,0.01,62,10,5,45002,44928,180900000.0,407.031209472,407.04309,406.37376,70200.0,False,1 x NVIDIA A40,AMD EPYC 9354P 32-Core Processor,-0.011880528000006052,0.16470797720797847
main_campaign_default_alpha_0_5,test2_robustez_alpha,CIFAR10,FedNova,0.01,63,10,5,45002,44928,180900000.0,407.031209472,407.04309,406.37376,70200.0,False,1 x NVIDIA A40,AMD EPYC 9354P 32-Core Processor,-0.011880528000006052,0.16470797720797847
main_campaign_default_alpha_0_5,test2_robustez_alpha,CIFAR10,FedNova,0.01,64,10,5,45002,44928,180900000.0,407.031209472,407.04309,406.37376,70200.0,False,1 x NVIDIA A40,AMD EPYC 9354P 32-Core Processor,-0.011880528000006052,0.16470797720797847
main_campaign_default_alpha_0_5,test2_robustez_alpha,CIFAR10,FedNova,0.01,65,10,5,45002,44928,180900000.0,407.031209472,407.04309,406.37376,70200.0,False,1 x NVIDIA A40,AMD EPYC 9354P 32-Core Processor,-0.011880528000006052,0.16470797720797847
main_campaign_default_alpha_0_5,test2_robustez_alpha,CIFAR10,FedNova,0.01,66,10,5,45003,44928,180900000.0,407.040254208,407.052135,406.37376,70200.0,False,1 x NVIDIA A40,AMD EPYC 9354P 32-Core Processor,-0.011880791999999474,0.16693376068377397
main_campaign_default_alpha_0_5,test2_robustez_alpha,CIFAR10,FedNova,0.01,67,10,5,45003,44928,180900000.0,407.040254208,407.052135,406.37376,70200.0,False,1 x NVIDIA A40,AMD EPYC 9354P 32-Core Processor,-0.011880791999999474,0.16693376068377397
main_campaign_default_alpha_0_5,test2_robustez_alpha,CIFAR10,FedNova,0.01,68,10,5,45002,44928,180900000.0,407.031209472,407.04309,406.37376,70200.0,False,1 x NVIDIA A40,AMD EPYC 9354P 32-Core Processor,-0.011880528000006052,0.16470797720797847
main_campaign_default_alpha_0_5,test2_robustez_alpha,CIFAR10,FedNova,0.01,69,10,5,45001,44929,180900000.0,407.022164736,407.034045,406.382805,70200.0,False,1 x NVIDIA A40,AMD EPYC 9354P 32-Core Processor,-0.01188026400001263,0.16025284337508605
main_campaign_default_alpha_0_5,test2_robustez_alpha,CIFAR10,FedNova,0.01,70,10,5,45001,44896,180900000.0,407.022164736,407.034045,406.08432,70150.0,False,1 x NVIDIA A40,AMD EPYC 9354P 32-Core Processor,-0.01188026400001263,0.23387384176765114
main_campaign_default_alpha_0_5,test2_robustez_alpha,CIFAR10,FedNova,0.01,71,10,5,45002,44928,180900000.0,407.031209472,407.04309,406.37376,70200.0,False,1 x NVIDIA A40,AMD EPYC 9354P 32-Core Processor,-0.011880528000006052,0.16470797720797847
main_campaign_default_alpha_0_5,test2_robustez_alpha,CIFAR10,FedNova,0.1,42,10,5,45003,44928,180900000.0,407.040254208,407.052135,406.37376,70200.0,False,1 x NVIDIA A40,AMD EPYC 9354P 32-Core Processor,-0.011880791999999474,0.16693376068377397
main_campaign_default_alpha_0_5,test2_robustez_alpha,CIFAR10,FedNova,0.1,43,10,5,45002,44960,180900000.0,407.031209472,407.04309,406.6632,70250.0,False,1 x NVIDIA A40,AMD EPYC 9354P 32-Core Processor,-0.011880528000006052,0.09341637010675807
main_campaign_default_alpha_0_5,test2_robustez_alpha,CIFAR10,FedNova,0.1,44,10,5,45003,44960,180900000.0,407.040254208,407.052135,406.6632,70250.0,False,1 x NVIDIA A40,AMD EPYC 9354P 32-Core Processor,-0.011880791999999474,0.09564056939501686
main_campaign_default_alpha_0_5,test2_robustez_alpha,CIFAR10,FedNova,0.1,45,10,5,45002,44928,180900000.0,407.031209472,407.04309,406.37376,70200.0,False,1 x NVIDIA A40,AMD EPYC 9354P 32-Core Processor,-0.011880528000006052,0.16470797720797847
main_campaign_default_alpha_0_5,test2_robustez_alpha,CIFAR10,FedNova,0.1,46,10,5,45003,44928,180900000.0,407.040254208,407.052135,406.37376,70200.0,False,1 x NVIDIA A40,AMD EPYC 9354P 32-Core Processor,-0.011880791999999474,0.16693376068377397
main_campaign_default_alpha_0_5,test2_robustez_alpha,CIFAR10,FedNova,0.1,47,10,5,45003,44928,180900000.0,407.040254208,407.052135,406.37376,70200.0,False,1 x NVIDIA A40,AMD EPYC 9354P 32-Core Processor,-0.011880791999999474,0.16693376068377397
main_campaign_default_alpha_0_5,test2_robustez_alpha,CIFAR10,FedNova,0.1,48,10,5,45002,44960,180900000.0,407.031209472,407.04309,406.6632,70250.0,False,1 x NVIDIA A40,AMD EPYC 9354P 32-Core Processor,-0.011880528000006052,0.09341637010675807
main_campaign_default_alpha_0_5,test2_robustez_alpha,CIFAR10,FedNova,0.1,49,10,5,45003,44928,180900000.0,407.040254208,407.052135,406.37376,70200.0,False,1 x NVIDIA A40,AMD EPYC 9354P 32-Core Processor,-0.011880791999999474,0.16693376068377397
main_campaign_default_alpha_0_5,test2_robustez_alpha,CIFAR10,FedNova,0.1,50,10,5,45003,44928,180900000.0,407.040254208,407.052135,406.37376,70200.0,False,1 x NVIDIA A40,AMD EPYC 9354P 32-Core Processor,-0.011880791999999474,0.16693376068377397
main_campaign_default_alpha_0_5,test2_robustez_alpha,CIFAR10,FedNova,0.1,51,10,5,45003,44896,180900000.0,407.040254208,407.052135,406.08432,70150.0,False,1 x NVIDIA A40,AMD EPYC 9354P 32-Core Processor,-0.011880791999999474,0.23832858161083603
main_campaign_default_alpha_0_5,test2_robustez_alpha,CIFAR10,FedNova,0.1,52,10,5,45002,44928,180900000.0,407.031209472,407.04309,406.37376,70200.0,False,1 x NVIDIA A40,AMD EPYC 9354P 32-Core Processor,-0.011880528000006052,0.16470797720797847
main_campaign_default_alpha_0_5,test2_robustez_alpha,CIFAR10,FedNova,0.1,53,10,5,45003,44896,180900000.0,407.040254208,407.052135,406.08432,70150.0,False,1 x NVIDIA A40,AMD EPYC 9354P 32-Core Processor,-0.011880791999999474,0.23832858161083603
main_campaign_default_alpha_0_5,test2_robustez_alpha,CIFAR10,FedNova,0.1,54,10,5,45002,44928,180900000.0,407.031209472,407.04309,406.37376,70200.0,False,1 x NVIDIA A40,AMD EPYC 9354P 32-Core Processor,-0.011880528000006052,0.16470797720797847
main_campaign_default_alpha_0_5,test2_robustez_alpha,CIFAR10,FedNova,0.1,55,10,5,45003,44960,180900000.0,407.040254208,407.052135,406.6632,70250.0,False,1 x NVIDIA A40,AMD EPYC 9354P 32-Core Processor,-0.011880791999999474,0.09564056939501686
main_campaign_default_alpha_0_5,test2_robustez_alpha,CIFAR10,FedNova,0.1,56,10,5,45003,44928,180900000.0,407.040254208,407.052135,406.37376,70200.0,False,1 x NVIDIA A40,AMD EPYC 9354P 32-Core Processor,-0.011880791999999474,0.16693376068377397
main_campaign_default_alpha_0_5,test2_robustez_alpha,CIFAR10,FedNova,0.1,57,10,5,45002,44928,180900000.0,407.031209472,407.04309,406.37376,70200.0,False,1 x NVIDIA A40,AMD EPYC 9354P 32-Core Processor,-0.011880528000006052,0.16470797720797847
main_campaign_default_alpha_0_5,test2_robustez_alpha,CIFAR10,FedNova,0.1,58,10,5,45002,44928,180900000.0,407.031209472,407.04309,406.37376,70200.0,False,1 x NVIDIA A40,AMD EPYC 9354P 32-Core Processor,-0.011880528000006052,0.16470797720797847
main_campaign_default_alpha_0_5,test2_robustez_alpha,CIFAR10,FedNova,0.1,59,10,5,45002,44896,180900000.0,407.031209472,407.04309,406.08432,70150.0,False,1 x NVIDIA A40,AMD EPYC 9354P 32-Core Processor,-0.011880528000006052,0.23610121168924358
main_campaign_default_alpha_0_5,test2_robustez_alpha,CIFAR10,FedNova,0.1,60,10,5,45003,44896,180900000.0,407.040254208,407.052135,406.08432,70150.0,False,1 x NVIDIA A40,AMD EPYC 9354P 32-Core Processor,-0.011880791999999474,0.23832858161083603
main_campaign_default_alpha_0_5,test2_robustez_alpha,CIFAR10,FedNova,0.1,61,10,5,45002,44896,180900000.0,407.031209472,407.04309,406.08432,70150.0,False,1 x NVIDIA A40,AMD EPYC 9354P 32-Core Processor,-0.011880528000006052,0.23610121168924358
main_campaign_default_alpha_0_5,test2_robustez_alpha,CIFAR10,FedNova,0.1,62,10,5,45002,44928,180900000.0,407.031209472,407.04309,406.37376,70200.0,False,1 x NVIDIA A40,AMD EPYC 9354P 32-Core Processor,-0.011880528000006052,0.16470797720797847
main_campaign_default_alpha_0_5,test2_robustez_alpha,CIFAR10,FedNova,0.1,63,10,5,45002,44960,180900000.0,407.031209472,407.04309,406.6632,70250.0,False,1 x NVIDIA A40,AMD EPYC 9354P 32-Core Processor,-0.011880528000006052,0.09341637010675807
main_campaign_default_alpha_0_5,test2_robustez_alpha,CIFAR10,FedNova,0.1,64,10,5,45001,44896,180900000.0,407.022164736,407.034045,406.08432,70150.0,False,1 x NVIDIA A40,AMD EPYC 9354P 32-Core Processor,-0.01188026400001263,0.23387384176765114
main_campaign_default_alpha_0_5,test2_robustez_alpha,CIFAR10,FedNova,0.1,65,10,5,45002,44896,180900000.0,407.031209472,407.04309,406.08432,70150.0,False,1 x NVIDIA A40,AMD EPYC 9354P 32-Core Processor,-0.011880528000006052,0.23610121168924358
main_campaign_default_alpha_0_5,test2_robustez_alpha,CIFAR10,FedNova,0.1,66,10,5,45003,44928,180900000.0,407.040254208,407.052135,406.37376,70200.0,False,1 x NVIDIA A40,AMD EPYC 9354P 32-Core Processor,-0.011880791999999474,0.16693376068377397
main_campaign_default_alpha_0_5,test2_robustez_alpha,CIFAR10,FedNova,0.1,67,10,5,45002,44960,180900000.0,407.031209472,407.04309,406.6632,70250.0,False,1 x NVIDIA A40,AMD EPYC 9354P 32-Core Processor,-0.011880528000006052,0.09341637010675807
main_campaign_default_alpha_0_5,test2_robustez_alpha,CIFAR10,FedNova,0.1,68,10,5,45001,44896,180900000.0,407.022164736,407.034045,406.08432,70150.0,False,1 x NVIDIA A40,AMD EPYC 9354P 32-Core Processor,-0.01188026400001263,0.23387384176765114
main_campaign_default_alpha_0_5,test2_robustez_alpha,CIFAR10,FedNova,0.1,69,10,5,45002,44928,180900000.0,407.031209472,407.04309,406.37376,70200.0,False,1 x NVIDIA A40,AMD EPYC 9354P 32-Core Processor,-0.011880528000006052,0.16470797720797847
main_campaign_default_alpha_0_5,test2_robustez_alpha,CIFAR10,FedNova,0.1,70,10,5,45003,44928,180900000.0,407.040254208,407.052135,406.37376,70200.0,False,1 x NVIDIA A40,AMD EPYC 9354P 32-Core Processor,-0.011880791999999474,0.16693376068377397
main_campaign_default_alpha_0_5,test2_robustez_alpha,CIFAR10,FedNova,0.1,71,10,5,45003,44928,180900000.0,407.040254208,407.052135,406.37376,70200.0,False,1 x NVIDIA A40,AMD EPYC 9354P 32-Core Processor,-0.011880791999999474,0.16693376068377397
main_campaign_default_alpha_0_5,test2_robustez_alpha,CIFAR10,FedNova,1.0,42,10,5,45002,44928,180900000.0,407.031209472,407.04309,406.37376,70200.0,False,1 x NVIDIA A40,AMD EPYC 9354P 32-Core Processor,-0.011880528000006052,0.16470797720797847
main_campaign_default_alpha_0_5,test2_robustez_alpha,CIFAR10,FedNova,1.0,43,10,5,45002,44896,180900000.0,407.031209472,407.04309,406.08432,70150.0,False,1 x NVIDIA A40,AMD EPYC 9354P 32-Core Processor,-0.011880528000006052,0.23610121168924358
main_campaign_default_alpha_0_5,test2_robustez_alpha,CIFAR10,FedNova,1.0,44,10,5,45002,44928,180900000.0,407.031209472,407.04309,406.37376,70200.0,False,1 x NVIDIA A40,AMD EPYC 9354P 32-Core Processor,-0.011880528000006052,0.16470797720797847
main_campaign_default_alpha_0_5,test2_robustez_alpha,CIFAR10,FedNova,1.0,45,10,5,45002,44896,180900000.0,407.031209472,407.04309,406.08432,70150.0,False,1 x NVIDIA A40,AMD EPYC 9354P 32-Core Processor,-0.011880528000006052,0.23610121168924358
main_campaign_default_alpha_0_5,test2_robustez_alpha,CIFAR10,FedNova,1.0,46,10,5,45002,44928,180900000.0,407.031209472,407.04309,406.37376,70200.0,False,1 x NVIDIA A40,AMD EPYC 9354P 32-Core Processor,-0.011880528000006052,0.16470797720797847
main_campaign_default_alpha_0_5,test2_robustez_alpha,CIFAR10,FedNova,1.0,47,10,5,45003,44928,180900000.0,407.040254208,407.052135,406.37376,70200.0,False,1 x NVIDIA A40,AMD EPYC 9354P 32-Core Processor,-0.011880791999999474,0.16693376068377397
main_campaign_default_alpha_0_5,test2_robustez_alpha,CIFAR10,FedNova,1.0,48,10,5,45002,44928,180900000.0,407.031209472,407.04309,406.37376,70200.0,False,1 x NVIDIA A40,AMD EPYC 9354P 32-Core Processor,-0.011880528000006052,0.16470797720797847
main_campaign_default_alpha_0_5,test2_robustez_alpha,CIFAR10,FedNova,1.0,49,10,5,45002,44896,180900000.0,407.031209472,407.04309,406.08432,70150.0,False,1 x NVIDIA A40,AMD EPYC 9354P 32-Core Processor,-0.011880528000006052,0.23610121168924358
main_campaign_default_alpha_0_5,test2_robustez_alpha,CIFAR10,FedNova,1.0,50,10,5,45003,44928,180900000.0,407.040254208,407.052135,406.37376,70200.0,False,1 x NVIDIA A40,AMD EPYC 9354P 32-Core Processor,-0.011880791999999474,0.16693376068377397
main_campaign_default_alpha_0_5,test2_robustez_alpha,CIFAR10,FedNova,1.0,51,10,5,45002,44928,180900000.0,407.031209472,407.04309,406.37376,70200.0,False,1 x NVIDIA A40,AMD EPYC 9354P 32-Core Processor,-0.011880528000006052,0.16470797720797847
main_campaign_default_alpha_0_5,test2_robustez_alpha,CIFAR10,FedNova,1.0,52,10,5,45003,44928,180900000.0,407.040254208,407.052135,406.37376,70200.0,False,1 x NVIDIA A40,AMD EPYC 9354P 32-Core Processor,-0.011880791999999474,0.16693376068377397
main_campaign_default_alpha_0_5,test2_robustez_alpha,CIFAR10,FedNova,1.0,53,10,5,45002,44960,180900000.0,407.031209472,407.04309,406.6632,70250.0,False,1 x NVIDIA A40,AMD EPYC 9354P 32-Core Processor,-0.011880528000006052,0.09341637010675807
main_campaign_default_alpha_0_5,test2_robustez_alpha,CIFAR10,FedNova,1.0,54,10,5,45003,44928,180900000.0,407.040254208,407.052135,406.37376,70200.0,False,1 x NVIDIA A40,AMD EPYC 9354P 32-Core Processor,-0.011880791999999474,0.16693376068377397
main_campaign_default_alpha_0_5,test2_robustez_alpha,CIFAR10,FedNova,1.0,55,10,5,45002,44928,180900000.0,407.031209472,407.04309,406.37376,70200.0,False,1 x NVIDIA A40,AMD EPYC 9354P 32-Core Processor,-0.011880528000006052,0.16470797720797847
main_campaign_default_alpha_0_5,test2_robustez_alpha,CIFAR10,FedNova,1.0,56,10,5,45002,44960,180900000.0,407.031209472,407.04309,406.6632,70250.0,False,1 x NVIDIA A40,AMD EPYC 9354P 32-Core Processor,-0.011880528000006052,0.09341637010675807
main_campaign_default_alpha_0_5,test2_robustez_alpha,CIFAR10,FedNova,1.0,57,10,5,45002,44960,180900000.0,407.031209472,407.04309,406.6632,70250.0,False,1 x NVIDIA A40,AMD EPYC 9354P 32-Core Processor,-0.011880528000006052,0.09341637010675807
main_campaign_default_alpha_0_5,test2_robustez_alpha,CIFAR10,FedNova,1.0,58,10,5,45002,44896,180900000.0,407.031209472,407.04309,406.08432,70150.0,False,1 x NVIDIA A40,AMD EPYC 9354P 32-Core Processor,-0.011880528000006052,0.23610121168924358
main_campaign_default_alpha_0_5,test2_robustez_alpha,CIFAR10,FedNova,1.0,59,10,5,45002,44928,180900000.0,407.031209472,407.04309,406.37376,70200.0,False,1 x NVIDIA A40,AMD EPYC 9354P 32-Core Processor,-0.011880528000006052,0.16470797720797847
main_campaign_default_alpha_0_5,test2_robustez_alpha,CIFAR10,FedNova,1.0,60,10,5,45003,44896,180900000.0,407.040254208,407.052135,406.08432,70150.0,False,1 x NVIDIA A40,AMD EPYC 9354P 32-Core Processor,-0.011880791999999474,0.23832858161083603
main_campaign_default_alpha_0_5,test2_robustez_alpha,CIFAR10,FedNova,1.0,61,10,5,45002,44928,180900000.0,407.031209472,407.04309,406.37376,70200.0,False,1 x NVIDIA A40,AMD EPYC 9354P 32-Core Processor,-0.011880528000006052,0.16470797720797847
main_campaign_default_alpha_0_5,test2_robustez_alpha,CIFAR10,FedNova,1.0,62,10,5,45002,44960,180900000.0,407.031209472,407.04309,406.6632,70250.0,False,1 x NVIDIA A40,AMD EPYC 9354P 32-Core Processor,-0.011880528000006052,0.09341637010675807
main_campaign_default_alpha_0_5,test2_robustez_alpha,CIFAR10,FedNova,1.0,63,10,5,45003,44928,180900000.0,407.040254208,407.052135,406.37376,70200.0,False,1 x NVIDIA A40,AMD EPYC 9354P 32-Core Processor,-0.011880791999999474,0.16693376068377397
main_campaign_default_alpha_0_5,test2_robustez_alpha,CIFAR10,FedNova,1.0,64,10,5,45002,44896,180900000.0,407.031209472,407.04309,406.08432,70150.0,False,1 x NVIDIA A40,AMD EPYC 9354P 32-Core Processor,-0.011880528000006052,0.23610121168924358
main_campaign_default_alpha_0_5,test2_robustez_alpha,CIFAR10,FedNova,1.0,65,10,5,45003,44928,180900000.0,407.040254208,407.052135,406.37376,70200.0,False,1 x NVIDIA A40,AMD EPYC 9354P 32-Core Processor,-0.011880791999999474,0.16693376068377397
main_campaign_default_alpha_0_5,test2_robustez_alpha,CIFAR10,FedNova,1.0,66,10,5,45001,44928,180900000.0,407.022164736,407.034045,406.37376,70200.0,False,1 x NVIDIA A40,AMD EPYC 9354P 32-Core Processor,-0.01188026400001263,0.16248219373218298
main_campaign_default_alpha_0_5,test2_robustez_alpha,CIFAR10,FedNova,1.0,67,10,5,45003,44896,180900000.0,407.040254208,407.052135,406.08432,70150.0,False,1 x NVIDIA A40,AMD EPYC 9354P 32-Core Processor,-0.011880791999999474,0.23832858161083603
main_campaign_default_alpha_0_5,test2_robustez_alpha,CIFAR10,FedNova,1.0,68,10,5,45001,44896,180900000.0,407.022164736,407.034045,406.08432,70150.0,False,1 x NVIDIA A40,AMD EPYC 9354P 32-Core Processor,-0.01188026400001263,0.23387384176765114
main_campaign_default_alpha_0_5,test2_robustez_alpha,CIFAR10,FedNova,1.0,69,10,5,45002,44960,180900000.0,407.031209472,407.04309,406.6632,70250.0,False,1 x NVIDIA A40,AMD EPYC 9354P 32-Core Processor,-0.011880528000006052,0.09341637010675807
main_campaign_default_alpha_0_5,test2_robustez_alpha,CIFAR10,FedNova,1.0,70,10,5,45001,44928,180900000.0,407.022164736,407.034045,406.37376,70200.0,False,1 x NVIDIA A40,AMD EPYC 9354P 32-Core Processor,-0.01188026400001263,0.16248219373218298
main_campaign_default_alpha_0_5,test2_robustez_alpha,CIFAR10,FedNova,1.0,71,10,5,45003,44960,180900000.0,407.040254208,407.052135,406.6632,70250.0,False,1 x NVIDIA A40,AMD EPYC 9354P 32-Core Processor,-0.011880791999999474,0.09564056939501686
main_campaign_default_alpha_0_5,test2_robustez_alpha,CIFAR10,FedHAD,0.01,42,10,5,45001,44928,180900000.0,266.855890944,266.86368,266.516352,46040.0,False,1 x NVIDIA RTX A1000,Intel(R) Core(TM) i7-14700,-0.0077890559999787,0.13032145960034658
main_campaign_default_alpha_0_5,test2_robustez_alpha,CIFAR10,FedHAD,0.01,43,10,5,45001,44896,180900000.0,258.5057906688,258.513336,258.006816,44570.0,False,1 x NVIDIA RTX A1000,Intel(R) Core(TM) i7-14700,-0.0075453311999922335,0.19632039488444164
main_campaign_default_alpha_0_5,test2_robustez_alpha,CIFAR10,FedHAD,0.01,44,10,5,45003,44928,180900000.0,268.2107923968,268.218621,267.847776,46270.0,False,1 x NVIDIA RTX A1000,Intel(R) Core(TM) i7-14700,-0.007828603199982354,0.13845364166846785
main_campaign_default_alpha_0_5,test2_robustez_alpha,CIFAR10,FedHAD,0.01,45,10,5,45002,44928,180900000.0,255.124868352,255.132315,254.765088,44010.0,False,1 x NVIDIA RTX A1000,Intel(R) Core(TM) i7-14700,-0.007446648000012601,0.1441433765053457
main_campaign_default_alpha_0_5,test2_robustez_alpha,CIFAR10,FedHAD,0.01,46,10,5,45000,44928,180900000.0,268.6286592,268.6365,268.31088,46350.0,False,1 x NVIDIA RTX A1000,Intel(R) Core(TM) i7-14700,-0.007840799999996761,0.12135922330098747
main_campaign_default_alpha_0_5,test2_robustez_alpha,CIFAR10,FedHAD,0.01,47,10,5,45003,44928,180900000.0,268.2415444992,268.249374,267.847776,46270.0,False,1 x NVIDIA RTX A1000,Intel(R) Core(TM) i7-14700,-0.007829500799971356,0.1499351631726764
main_campaign_default_alpha_0_5,test2_robustez_alpha,CIFAR10,FedHAD,0.01,48,10,5,45001,44928,180900000.0,244.2132988416,244.220427,243.824256,42120.0,False,1 x NVIDIA RTX A1000,Intel(R) Core(TM) i7-14700,-0.007128158400007578,0.16248219373220518
main_campaign_default_alpha_0_5,test2_robustez_alpha,CIFAR10,FedHAD,0.01,49,10,5,45003,44928,180900000.0,254.763078912,254.770515,254.41776,43950.0,False,1 x NVIDIA RTX A1000,Intel(R) Core(TM) i7-14700,-0.007436087999991514,0.13865187713311133
main_campaign_default_alpha_0_5,test2_robustez_alpha,CIFAR10,FedHAD,0.01,50,10,5,45002,44896,180900000.0,262.0006766592,262.008324,261.480096,45170.0,False,1 x NVIDIA RTX A1000,Intel(R) Core(TM) i7-14700,-0.00764734080001972,0.20201461146778232
main_campaign_default_alpha_0_5,test2_robustez_alpha,CIFAR10,FedHAD,0.01,51,10,5,45001,44928,180900000.0,268.6322770944,268.640118,268.252992,46340.0,False,1 x NVIDIA RTX A1000,Intel(R) Core(TM) i7-14700,-0.007840905599948655,0.1443137678031725
main_campaign_default_alpha_0_5,test2_robustez_alpha,CIFAR10,FedHAD,0.01,52,10,5,45001,44960,180900000.0,296.703519744,296.71218,296.444448,51210.0,False,1 x NVIDIA RTX A1000,Intel(R) Core(TM) i7-14700,-0.008660255999984656,0.0903143917203586
main_campaign_default_alpha_0_5,test2_robustez_alpha,CIFAR10,FedHAD,0.01,53,10,5,45002,44896,180900000.0,260.009025792,260.016615,259.454016,44820.0,False,1 x NVIDIA RTX A1000,Intel(R) Core(TM) i7-14700,-0.007589208000013059,0.21683958054439234
main_campaign_default_alpha_0_5,test2_robustez_alpha,CIFAR10,FedHAD,0.01,54,10,5,45002,44928,180900000.0,284.6939192832,284.702229,284.287968,49110.0,False,1 x NVIDIA RTX A1000,Intel(R) Core(TM) i7-14700,-0.008309716799999478,0.14571879454285952
main_campaign_default_alpha_0_5,test2_robustez_alpha,CIFAR10,FedHAD,0.01,55,10,5,45001,44929,180900000.0,292.9807064064,292.989258,292.56957,50540.0,False,1 x NVIDIA RTX A1000,Intel(R) Core(TM) i7-14700,-0.008551593600031993,0.14344895814011327
main_campaign_default_alpha_0_5,test2_robustez_alpha,CIFAR10,FedHAD,0.01,56,10,5,45003,44960,180900000.0,236.5813506048,236.588256,236.356704,40830.0,False,1 x NVIDIA RTX A1000,Intel(R) Core(TM) i7-14700,-0.006905395199993336,0.09796718099437385
main_campaign_default_alpha_0_5,test2_robustez_alpha,CIFAR10,FedHAD,0.01,57,10,5,45001,44960,180900000.0,276.5807910912,276.588864,276.357312,47740.0,False,1 x NVIDIA RTX A1000,Intel(R) Core(TM) i7-14700,-0.008072908799988454,0.0837871805613899
main_campaign_default_alpha_0_5,test2_robustez_alpha,CIFAR10,FedHAD,0.01,58,10,5,45002,44928,180900000.0,236.0784632832,236.085354,235.719936,40720.0,False,1 x NVIDIA RTX A1000,Intel(R) Core(TM) i7-14700,-0.006890716800000973,0.15502210216109535
main_campaign_default_alpha_0_5,test2_robustez_alpha,CIFAR10,FedHAD,0.01,59,10,5,45003,44928,180900000.0,268.4586181632,268.466454,268.02144,46300.0,False,1 x NVIDIA RTX A1000,Intel(R) Core(TM) i7-14700,-0.007835836799984008,0.16603671706263423
main_campaign_default_alpha_0_5,test2_robustez_alpha,CIFAR10,FedHAD,0.01,60,10,5,45002,44896,180900000.0,259.9945542144,260.002143,259.454016,44820.0,False,1 x NVIDIA RTX A1000,Intel(R) Core(TM) i7-14700,-0.0075887855999781095,0.2112617135207273
main_campaign_default_alpha_0_5,test2_robustez_alpha,CIFAR10,FedHAD,0.01,61,10,5,45003,44960,180900000.0,276.334774272,276.34284,276.12576,47700.0,False,1 x NVIDIA RTX A1000,Intel(R) Core(TM) i7-14700,-0.00806572800001959,0.07861635220125507
main_campaign_default_alpha_0_5,test2_robustez_alpha,CIFAR10,FedHAD,0.01,62,10,5,45002,44928,180900000.0,269.1496359936,269.157492,268.773984,46430.0,False,1 x NVIDIA RTX A1000,Intel(R) Core(TM) i7-14700,-0.00785600640000439,0.1426879172948592
main_campaign_default_alpha_0_5,test2_robustez_alpha,CIFAR10,FedHAD,0.01,63,10,5,45002,44928,180900000.0,261.0817314816,261.089352,260.669664,45030.0,False,1 x NVIDIA RTX A1000,Intel(R) Core(TM) i7-14700,-0.007620518400017318,0.16100377526093723
main_campaign_default_alpha_0_5,test2_robustez_alpha,CIFAR10,FedHAD,0.01,64,10,5,45002,44928,180900000.0,236.085699072,236.09259,235.719936,40720.0,False,1 x NVIDIA RTX A1000,Intel(R) Core(TM) i7-14700,-0.006890927999990026,0.15809184675834587
main_campaign_default_alpha_0_5,test2_robustez_alpha,CIFAR10,FedHAD,0.01,65,10,5,45002,44928,180900000.0,256.6498108416,256.657302,256.328064,44280.0,False,1 x NVIDIA RTX A1000,Intel(R) Core(TM) i7-14700,-0.007491158400000586,0.128443992773275
main_campaign_default_alpha_0_5,test2_robustez_alpha,CIFAR10,FedHAD,0.01,66,10,5,45003,44928,180900000.0,269.153253888,269.16111,268.773984,46430.0,False,1 x NVIDIA RTX A1000,Intel(R) Core(TM) i7-14700,-0.007856112000013127,0.14403402972216206
main_campaign_default_alpha_0_5,test2_robustez_alpha,CIFAR10,FedHAD,0.01,67,10,5,45003,44928,180900000.0,260.316546816,260.324145,259.975008,44910.0,False,1 x NVIDIA RTX A1000,Intel(R) Core(TM) i7-14700,-0.007598183999959929,0.13429637051880494
main_campaign_default_alpha_0_5,test2_robustez_alpha,CIFAR10,FedHAD,0.01,68,10,5,45002,44928,180900000.0,236.0784632832,236.085354,235.719936,40720.0,False,1 x NVIDIA RTX A1000,Intel(R) Core(TM) i7-14700,-0.006890716800000973,0.15502210216109535
main_campaign_default_alpha_0_5,test2_robustez_alpha,CIFAR10,FedHAD,0.01,69,10,5,45001,44929,180900000.0,278.8908166656,278.898957,278.502786,48110.0,False,1 x NVIDIA RTX A1000,Intel(R) Core(TM) i7-14700,-0.008140334399968197,0.14225028255192562
main_campaign_default_alpha_0_5,test2_robustez_alpha,CIFAR10,FedHAD,0.01,70,10,5,45001,44896,180900000.0,260.994902016,261.00252,260.438112,44990.0,False,1 x NVIDIA RTX A1000,Intel(R) Core(TM) i7-14700,-0.007617983999978151,0.216714825516795
main_campaign_default_alpha_0_5,test2_robustez_alpha,CIFAR10,FedHAD,0.01,71,10,5,45002,44928,180900000.0,251.62455552,251.6319,251.291808,43410.0,False,1 x NVIDIA RTX A1000,Intel(R) Core(TM) i7-14700,-0.007344480000000431,0.13533747984335598
main_campaign_default_alpha_0_5,test2_robustez_alpha,CIFAR10,FedHAD,0.1,42,10,5,45003,44928,180900000.0,290.7828355584,290.791323,290.30832,50150.0,False,1 x NVIDIA RTX A1000,Intel(R) Core(TM) i7-14700,-0.008487441599982049,0.16637587238284013
main_campaign_default_alpha_0_5,test2_robustez_alpha,CIFAR10,FedHAD,0.1,43,10,5,45002,44960,180900000.0,283.9830030336,283.991292,283.766976,49020.0,False,1 x NVIDIA RTX A1000,Intel(R) Core(TM) i7-14700,-0.008288966399959463,0.07904936760505521
main_campaign_default_alpha_0_5,test2_robustez_alpha,CIFAR10,FedHAD,0.1,44,10,5,45003,44960,180900000.0,286.9731927552,286.981569,286.719264,49530.0,False,1 x NVIDIA RTX A1000,Intel(R) Core(TM) i7-14700,-0.008376244799990218,0.09148495861093231
main_campaign_default_alpha_0_5,test2_robustez_alpha,CIFAR10,FedHAD,0.1,45,10,5,45002,44928,180900000.0,300.276190464,300.284955,299.801952,51790.0,False,1 x NVIDIA RTX A1000,Intel(R) Core(TM) i7-14700,-0.008764536000001044,0.1611073566325505
main_campaign_default_alpha_0_5,test2_robustez_alpha,CIFAR10,FedHAD,0.1,46,10,5,45003,44928,180900000.0,274.453469184,274.46148,274.041792,47340.0,False,1 x NVIDIA RTX A1000,Intel(R) Core(TM) i7-14700,-0.00801081599996678,0.15314744402197267
main_campaign_default_alpha_0_5,test2_robustez_alpha,CIFAR10,FedHAD,0.1,47,10,5,45003,44928,180900000.0,311.708736768,311.717835,311.205888,53760.0,False,1 x NVIDIA RTX A1000,Intel(R) Core(TM) i7-14700,-0.009098231999985273,0.16450427827379155
main_campaign_default_alpha_0_5,test2_robustez_alpha,CIFAR10,FedHAD,0.1,48,10,5,45002,44960,180900000.0,282.6136300032,282.621879,282.377664,48780.0,False,1 x NVIDIA RTX A1000,Intel(R) Core(TM) i7-14700,-0.008248996799977704,0.08648523985239631
main_campaign_default_alpha_0_5,test2_robustez_alpha,CIFAR10,FedHAD,0.1,49,10,5,45003,44928,180900000.0,307.765231872,307.774215,307.269504,53080.0,False,1 x NVIDIA RTX A1000,Intel(R) Core(TM) i7-14700,-0.00898312800001122,0.16425678221554385
main_campaign_default_alpha_0_5,test2_robustez_alpha,CIFAR10,FedHAD,0.1,50,10,5,45003,44928,180900000.0,295.7628672,295.7715,295.344576,51020.0,False,1 x NVIDIA RTX A1000,Intel(R) Core(TM) i7-14700,-0.008632799999986673,0.1445511564092561
main_campaign_default_alpha_0_5,test2_robustez_alpha,CIFAR10,FedHAD,0.1,51,10,5,45003,44896,180900000.0,299.5869815808,299.595726,298.933632,51640.0,False,1 x NVIDIA RTX A1000,Intel(R) Core(TM) i7-14700,-0.008744419200013454,0.22148528272658563
main_campaign_default_alpha_0_5,test2_robustez_alpha,CIFAR10,FedHAD,0.1,52,10,5,45002,44928,180900000.0,277.8126841344,277.820793,277.399296,47920.0,False,1 x NVIDIA RTX A1000,Intel(R) Core(TM) i7-14700,-0.008108865599979254,0.15194595158596336
main_campaign_default_alpha_0_5,test2_robustez_alpha,CIFAR10,FedHAD,0.1,53,10,5,45003,44896,180900000.0,298.6897437696,298.698462,298.007424,51480.0,False,1 x NVIDIA RTX A1000,Intel(R) Core(TM) i7-14700,-0.008718230400006632,0.23188616938616402
main_campaign_default_alpha_0_5,test2_robustez_alpha,CIFAR10,FedHAD,0.1,54,10,5,45002,44928,180900000.0,303.63178752,303.64065,303.159456,52370.0,False,1 x NVIDIA RTX A1000,Intel(R) Core(TM) i7-14700,-0.00886248000000478,0.15872637005920343
main_campaign_default_alpha_0_5,test2_robustez_alpha,CIFAR10,FedHAD,0.1,55,10,5,45003,44960,180900000.0,282.9392404992,282.947499,282.667104,48830.0,False,1 x NVIDIA RTX A1000,Intel(R) Core(TM) i7-14700,-0.00825850079996826,0.09919619086626863
main_campaign_default_alpha_0_5,test2_robustez_alpha,CIFAR10,FedHAD,0.1,56,10,5,45003,44928,180900000.0,275.7993259008,275.807376,275.373216,47570.0,False,1 x NVIDIA RTX A1000,Intel(R) Core(TM) i7-14700,-0.008050099199977012,0.15766239226402412
main_campaign_default_alpha_0_5,test2_robustez_alpha,CIFAR10,FedHAD,0.1,57,10,5,45002,44928,180900000.0,289.6630972416,289.671552,289.208448,49960.0,False,1 x NVIDIA RTX A1000,Intel(R) Core(TM) i7-14700,-0.008454758400034734,0.1601281024820045
main_campaign_default_alpha_0_5,test2_robustez_alpha,CIFAR10,FedHAD,0.1,58,10,5,45002,44928,180900000.0,288.9901688832,288.998604,288.513792,49840.0,False,1 x NVIDIA RTX A1000,Intel(R) Core(TM) i7-14700,-0.008435116800001197,0.16803772070626
main_campaign_default_alpha_0_5,test2_robustez_alpha,CIFAR10,FedHAD,0.1,59,10,5,45002,44896,180900000.0,276.7472142336,276.755292,276.12576,47700.0,False,1 x NVIDIA RTX A1000,Intel(R) Core(TM) i7-14700,-0.00807776639999247,0.22798742138363526
main_campaign_default_alpha_0_5,test2_robustez_alpha,CIFAR10,FedHAD,0.1,60,10,5,45003,44896,180900000.0,271.4108199936,271.418742,270.800064,46780.0,False,1 x NVIDIA RTX A1000,Intel(R) Core(TM) i7-14700,-0.007922006400008286,0.22846301838392868
main_campaign_default_alpha_0_5,test2_robustez_alpha,CIFAR10,FedHAD,0.1,61,10,5,45002,44896,180900000.0,317.3110462464,317.320308,316.589472,54690.0,False,1 x NVIDIA RTX A1000,Intel(R) Core(TM) i7-14700,-0.0092617536000148,0.2308465898701817
main_campaign_default_alpha_0_5,test2_robustez_alpha,CIFAR10,FedHAD,0.1,62,10,5,45002,44928,180900000.0,265.2495458304,265.257288,264.8376,45750.0,False,1 x NVIDIA RTX A1000,Intel(R) Core(TM) i7-14700,-0.007742169600021498,0.15846994535519965
main_campaign_default_alpha_0_5,test2_robustez_alpha,CIFAR10,FedHAD,0.1,63,10,5,45002,44960,180900000.0,311.6327609856,311.641857,311.379552,53790.0,False,1 x NVIDIA RTX A1000,Intel(R) Core(TM) i7-14700,-0.009096014400029162,0.08423963562000925
main_campaign_default_alpha_0_5,test2_robustez_alpha,CIFAR10,FedHAD,0.1,64,10,5,45001,44896,180900000.0,297.8105954304,297.819288,297.196992,51340.0,False,1 x NVIDIA RTX A1000,Intel(R) Core(TM) i7-14700,-0.008692569599986655,0.209388391118015
main_campaign_default_alpha_0_5,test2_robustez_alpha,CIFAR10,FedHAD,0.1,65,10,5,45002,44896,180900000.0,289.2307588608,289.239201,288.629568,49860.0,False,1 x NVIDIA RTX A1000,Intel(R) Core(TM) i7-14700,-0.008442139199985377,0.2112164059366206
main_campaign_default_alpha_0_5,test2_robustez_alpha,CIFAR10,FedHAD,0.1,66,10,5,45003,44928,180900000.0,285.099123456,285.107445,284.693184,49180.0,False,1 x NVIDIA RTX A1000,Intel(R) Core(TM) i7-14700,-0.008321544000011727,0.14551138674259168
main_campaign_default_alpha_0_5,test2_robustez_alpha,CIFAR10,FedHAD,0.1,67,10,5,45002,44960,180900000.0,271.4162468352,271.424169,271.20528,46850.0,False,1 x NVIDIA RTX A1000,Intel(R) Core(TM) i7-14700,-0.00792216479999297,0.08070971184630515
main_campaign_default_alpha_0_5,test2_robustez_alpha,CIFAR10,FedHAD,0.1,68,10,5,45001,44896,180900000.0,279.789863424,279.79803,279.193824,48230.0,False,1 x NVIDIA RTX A1000,Intel(R) Core(TM) i7-14700,-0.008166576000007808,0.21641094754301093
main_campaign_default_alpha_0_5,test2_robustez_alpha,CIFAR10,FedHAD,0.1,69,10,5,45002,44928,180900000.0,292.0780417536,292.086567,291.639744,50380.0,False,1 x NVIDIA RTX A1000,Intel(R) Core(TM) i7-14700,-0.008525246399983644,0.1532105994442201
main_campaign_default_alpha_0_5,test2_robustez_alpha,CIFAR10,FedHAD,0.1,70,10,5,45003,44928,180900000.0,268.429675008,268.43751,268.02144,46300.0,False,1 x NVIDIA RTX A1000,Intel(R) Core(TM) i7-14700,-0.007834991999970953,0.15523758099351692
main_campaign_default_alpha_0_5,test2_robustez_alpha,CIFAR10,FedHAD,0.1,71,10,5,45003,44928,180900000.0,283.724323584,283.732605,283.245984,48930.0,False,1 x NVIDIA RTX A1000,Intel(R) Core(TM) i7-14700,-0.00828141599998844,0.17180155323930357
main_campaign_default_alpha_0_5,test2_robustez_alpha,CIFAR10,FedHAD,1.0,42,10,5,45002,44928,180900000.0,325.6249675776,325.634472,325.099008,56160.0,False,1 x NVIDIA RTX A1000,Intel(R) Core(TM) i7-14700,-0.009504422400027579,0.16470797720797847
main_campaign_default_alpha_0_5,test2_robustez_alpha,CIFAR10,FedHAD,1.0,43,10,5,45002,44896,180900000.0,325.6249675776,325.634472,324.867456,56120.0,False,1 x NVIDIA RTX A1000,Intel(R) Core(TM) i7-14700,-0.009504422400027579,0.23610121168924358
main_campaign_default_alpha_0_5,test2_robustez_alpha,CIFAR10,FedHAD,1.0,44,10,5,45002,44928,180900000.0,325.6249675776,325.634472,325.099008,56160.0,False,1 x NVIDIA RTX A1000,Intel(R) Core(TM) i7-14700,-0.009504422400027579,0.16470797720797847
main_campaign_default_alpha_0_5,test2_robustez_alpha,CIFAR10,FedHAD,1.0,45,10,5,45002,44896,180900000.0,325.6249675776,325.634472,324.867456,56120.0,False,1 x NVIDIA RTX A1000,Intel(R) Core(TM) i7-14700,-0.009504422400027579,0.23610121168924358
main_campaign_default_alpha_0_5,test2_robustez_alpha,CIFAR10,FedHAD,1.0,46,10,5,45002,44928,180900000.0,325.6249675776,325.634472,325.099008,56160.0,False,1 x NVIDIA RTX A1000,Intel(R) Core(TM) i7-14700,-0.009504422400027579,0.16470797720797847
main_campaign_default_alpha_0_5,test2_robustez_alpha,CIFAR10,FedHAD,1.0,47,10,5,45003,44928,180900000.0,325.6322033664,325.641708,325.099008,56160.0,False,1 x NVIDIA RTX A1000,Intel(R) Core(TM) i7-14700,-0.00950463359998821,0.16693376068375176
main_campaign_default_alpha_0_5,test2_robustez_alpha,CIFAR10,FedHAD,1.0,48,10,5,45002,44928,180900000.0,325.6249675776,325.634472,325.099008,56160.0,False,1 x NVIDIA RTX A1000,Intel(R) Core(TM) i7-14700,-0.009504422400027579,0.16470797720797847
main_campaign_default_alpha_0_5,test2_robustez_alpha,CIFAR10,FedHAD,1.0,49,10,5,45002,44896,180900000.0,339.6877231104,339.697638,338.876352,58540.0,False,1 x NVIDIA RTX A1000,Intel(R) Core(TM) i7-14700,-0.009914889599997423,0.24235565425350103
main_campaign_default_alpha_0_5,test2_robustez_alpha,CIFAR10,FedHAD,1.0,50,10,5,45003,44928,180900000.0,325.6322033664,325.641708,325.099008,56160.0,False,1 x NVIDIA RTX A1000,Intel(R) Core(TM) i7-14700,-0.00950463359998821,0.16693376068375176
main_campaign_default_alpha_0_5,test2_robustez_alpha,CIFAR10,FedHAD,1.0,51,10,5,45002,44928,180900000.0,325.6249675776,325.634472,325.099008,56160.0,False,1 x NVIDIA RTX A1000,Intel(R) Core(TM) i7-14700,-0.009504422400027579,0.16470797720797847
main_campaign_default_alpha_0_5,test2_robustez_alpha,CIFAR10,FedHAD,1.0,52,10,5,45003,44928,180900000.0,325.6322033664,325.641708,325.099008,56160.0,False,1 x NVIDIA RTX A1000,Intel(R) Core(TM) i7-14700,-0.00950463359998821,0.16693376068375176
main_campaign_default_alpha_0_5,test2_robustez_alpha,CIFAR10,FedHAD,1.0,53,10,5,45002,44960,180900000.0,352.8333424128,352.843641,352.53792,60900.0,False,1 x NVIDIA RTX A1000,Intel(R) Core(TM) i7-14700,-0.010298587199997655,0.08672003284071472
main_campaign_default_alpha_0_5,test2_robustez_alpha,CIFAR10,FedHAD,1.0,54,10,5,45003,44928,180900000.0,325.6322033664,325.641708,325.099008,56160.0,False,1 x NVIDIA RTX A1000,Intel(R) Core(TM) i7-14700,-0.00950463359998821,0.16693376068375176
main_campaign_default_alpha_0_5,test2_robustez_alpha,CIFAR10,FedHAD,1.0,55,10,5,45002,44928,180900000.0,355.9573942272,355.967784,355.43232,61400.0,False,1 x NVIDIA RTX A1000,Intel(R) Core(TM) i7-14700,-0.010389772800010633,0.15065146579804622
main_campaign_default_alpha_0_5,test2_robustez_alpha,CIFAR10,FedHAD,1.0,56,10,5,45002,44960,180900000.0,325.6249675776,325.634472,325.33056,56200.0,False,1 x NVIDIA RTX A1000,Intel(R) Core(TM) i7-14700,-0.009504422400027579,0.09341637010678028
main_campaign_default_alpha_0_5,test2_robustez_alpha,CIFAR10,FedHAD,1.0,57,10,5,45002,44960,180900000.0,325.6249675776,325.634472,325.33056,56200.0,False,1 x NVIDIA RTX A1000,Intel(R) Core(TM) i7-14700,-0.009504422400027579,0.09341637010678028
main_campaign_default_alpha_0_5,test2_robustez_alpha,CIFAR10,FedHAD,1.0,58,10,5,45002,44896,180900000.0,325.6249675776,325.634472,324.867456,56120.0,False,1 x NVIDIA RTX A1000,Intel(R) Core(TM) i7-14700,-0.009504422400027579,0.23610121168924358
main_campaign_default_alpha_0_5,test2_robustez_alpha,CIFAR10,FedHAD,1.0,59,10,5,45002,44928,180900000.0,325.6249675776,325.634472,325.099008,56160.0,False,1 x NVIDIA RTX A1000,Intel(R) Core(TM) i7-14700,-0.009504422400027579,0.16470797720797847
main_campaign_default_alpha_0_5,test2_robustez_alpha,CIFAR10,FedHAD,1.0,60,10,5,45003,44896,180900000.0,325.6322033664,325.641708,324.867456,56120.0,False,1 x NVIDIA RTX A1000,Intel(R) Core(TM) i7-14700,-0.00950463359998821,0.23832858161083603
main_campaign_default_alpha_0_5,test2_robustez_alpha,CIFAR10,FedHAD,1.0,61,10,5,45002,44928,180900000.0,345.6880009728,345.698091,345.128256,59620.0,False,1 x NVIDIA RTX A1000,Intel(R) Core(TM) i7-14700,-0.01009002719996488,0.1651081851727465
main_campaign_default_alpha_0_5,test2_robustez_alpha,CIFAR10,FedHAD,1.0,62,10,5,45002,44960,180900000.0,325.6249675776,325.634472,325.33056,56200.0,False,1 x NVIDIA RTX A1000,Intel(R) Core(TM) i7-14700,-0.009504422400027579,0.09341637010678028
main_campaign_default_alpha_0_5,test2_robustez_alpha,CIFAR10,FedHAD,1.0,63,10,5,45003,44928,180900000.0,349.4994527232,349.509654,348.948864,60280.0,False,1 x NVIDIA RTX A1000,Intel(R) Core(TM) i7-14700,-0.0102012767999895,0.16070836098207586
main_campaign_default_alpha_0_5,test2_robustez_alpha,CIFAR10,FedHAD,1.0,64,10,5,45002,44896,180900000.0,341.5183776768,341.528346,340.728768,58860.0,False,1 x NVIDIA RTX A1000,Intel(R) Core(TM) i7-14700,-0.009968323199984752,0.23466700645600191
main_campaign_default_alpha_0_5,test2_robustez_alpha,CIFAR10,FedHAD,1.0,65,10,5,45003,44928,180900000.0,325.6322033664,325.641708,325.099008,56160.0,False,1 x NVIDIA RTX A1000,Intel(R) Core(TM) i7-14700,-0.00950463359998821,0.16693376068375176
main_campaign_default_alpha_0_5,test2_robustez_alpha,CIFAR10,FedHAD,1.0,66,10,5,45001,44928,180900000.0,325.6177317888,325.627236,325.099008,56160.0,False,1 x NVIDIA RTX A1000,Intel(R) Core(TM) i7-14700,-0.009504211200010104,0.16248219373218298
main_campaign_default_alpha_0_5,test2_robustez_alpha,CIFAR10,FedHAD,1.0,67,10,5,45003,44896,180900000.0,325.6322033664,325.641708,324.867456,56120.0,False,1 x NVIDIA RTX A1000,Intel(R) Core(TM) i7-14700,-0.00950463359998821,0.23832858161083603
main_campaign_default_alpha_0_5,test2_robustez_alpha,CIFAR10,FedHAD,1.0,68,10,5,45001,44896,180900000.0,325.6177317888,325.627236,324.867456,56120.0,False,1 x NVIDIA RTX A1000,Intel(R) Core(TM) i7-14700,-0.009504211200010104,0.23387384176762893
main_campaign_default_alpha_0_5,test2_robustez_alpha,CIFAR10,FedHAD,1.0,69,10,5,45002,44960,180900000.0,325.6249675776,325.634472,325.33056,56200.0,False,1 x NVIDIA RTX A1000,Intel(R) Core(TM) i7-14700,-0.009504422400027579,0.09341637010678028
main_campaign_default_alpha_0_5,test2_robustez_alpha,CIFAR10,FedHAD,1.0,70,10,5,45001,44928,180900000.0,325.6177317888,325.627236,325.099008,56160.0,False,1 x NVIDIA RTX A1000,Intel(R) Core(TM) i7-14700,-0.009504211200010104,0.16248219373218298
main_campaign_default_alpha_0_5,test2_robustez_alpha,CIFAR10,FedHAD,1.0,71,10,5,45003,44960,180900000.0,325.6322033664,325.641708,325.33056,56200.0,False,1 x NVIDIA RTX A1000,Intel(R) Core(TM) i7-14700,-0.00950463359998821,0.09564056939501686
main_campaign_default_alpha_0_5,test8_femnist,FEMNIST,FedAVG,,42,10,10,2126,1952,116600000.0,12.3948317184,12.39458,11.38016,3050.0,False,1 x NVIDIA RTX A1000,Intel(R) Core(TM) i7-14700,0.0002517184000012662,8.913934426229497
main_campaign_default_alpha_0_5,test8_femnist,FEMNIST,FedAVG,,43,10,10,2126,1952,116600000.0,12.3948317184,12.39458,11.38016,3050.0,False,1 x NVIDIA RTX A1000,Intel(R) Core(TM) i7-14700,0.0002517184000012662,8.913934426229497
main_campaign_default_alpha_0_5,test8_femnist,FEMNIST,FedAVG,,44,10,10,2126,1952,116600000.0,12.3948317184,12.39458,11.38016,3050.0,False,1 x NVIDIA RTX A1000,Intel(R) Core(TM) i7-14700,0.0002517184000012662,8.913934426229497
main_campaign_default_alpha_0_5,test8_femnist,FEMNIST,FedAVG,,45,10,10,2126,1952,116600000.0,12.3948317184,12.39458,11.38016,3050.0,False,1 x NVIDIA RTX A1000,Intel(R) Core(TM) i7-14700,0.0002517184000012662,8.913934426229497
main_campaign_default_alpha_0_5,test8_femnist,FEMNIST,FedAVG,,46,10,10,2126,1952,116600000.0,12.3948317184,12.39458,11.38016,3050.0,False,1 x NVIDIA RTX A1000,Intel(R) Core(TM) i7-14700,0.0002517184000012662,8.913934426229497
main_campaign_default_alpha_0_5,test8_femnist,FEMNIST,FedAVG,,47,10,10,2126,1952,116600000.0,12.3948317184,12.39458,11.38016,3050.0,False,1 x NVIDIA RTX A1000,Intel(R) Core(TM) i7-14700,0.0002517184000012662,8.913934426229497
main_campaign_default_alpha_0_5,test8_femnist,FEMNIST,FedAVG,,48,10,10,2126,1952,116600000.0,12.3948317184,12.39458,11.38016,3050.0,False,1 x NVIDIA RTX A1000,Intel(R) Core(TM) i7-14700,0.0002517184000012662,8.913934426229497
main_campaign_default_alpha_0_5,test8_femnist,FEMNIST,FedAVG,,49,10,10,2126,1952,116600000.0,12.3948317184,12.39458,11.38016,3050.0,False,1 x NVIDIA RTX A1000,Intel(R) Core(TM) i7-14700,0.0002517184000012662,8.913934426229497
main_campaign_default_alpha_0_5,test8_femnist,FEMNIST,FedAVG,,50,10,10,2126,1952,116600000.0,12.3948317184,12.39458,11.38016,3050.0,False,1 x NVIDIA RTX A1000,Intel(R) Core(TM) i7-14700,0.0002517184000012662,8.913934426229497
main_campaign_default_alpha_0_5,test8_femnist,FEMNIST,FedAVG,,51,10,10,2126,1952,116600000.0,12.3948317184,12.39458,11.38016,3050.0,False,1 x NVIDIA RTX A1000,Intel(R) Core(TM) i7-14700,0.0002517184000012662,8.913934426229497
main_campaign_default_alpha_0_5,test8_femnist,FEMNIST,FedAVG,,52,10,10,2126,1952,116600000.0,12.3948317184,12.39458,11.38016,3050.0,False,1 x NVIDIA RTX A1000,Intel(R) Core(TM) i7-14700,0.0002517184000012662,8.913934426229497
main_campaign_default_alpha_0_5,test8_femnist,FEMNIST,FedAVG,,53,10,10,2126,1952,116600000.0,12.3948317184,12.39458,11.38016,3050.0,False,1 x NVIDIA RTX A1000,Intel(R) Core(TM) i7-14700,0.0002517184000012662,8.913934426229497
main_campaign_default_alpha_0_5,test8_femnist,FEMNIST,FedAVG,,54,10,10,2126,1952,116600000.0,12.3948317184,12.39458,11.38016,3050.0,False,1 x NVIDIA RTX A1000,Intel(R) Core(TM) i7-14700,0.0002517184000012662,8.913934426229497
main_campaign_default_alpha_0_5,test8_femnist,FEMNIST,FedAVG,,55,10,10,2126,1952,116600000.0,12.3948317184,12.39458,11.38016,3050.0,False,1 x NVIDIA RTX A1000,Intel(R) Core(TM) i7-14700,0.0002517184000012662,8.913934426229497
main_campaign_default_alpha_0_5,test8_femnist,FEMNIST,FedAVG,,56,10,10,2126,1952,116600000.0,12.3948317184,12.39458,11.38016,3050.0,False,1 x NVIDIA RTX A1000,Intel(R) Core(TM) i7-14700,0.0002517184000012662,8.913934426229497
main_campaign_default_alpha_0_5,test8_femnist,FEMNIST,FedAVG,,57,10,10,2126,1952,116600000.0,12.3948317184,12.39458,11.38016,3050.0,False,1 x NVIDIA RTX A1000,Intel(R) Core(TM) i7-14700,0.0002517184000012662,8.913934426229497
main_campaign_default_alpha_0_5,test8_femnist,FEMNIST,FedAVG,,58,10,10,2126,1952,116600000.0,12.3948317184,12.39458,11.38016,3050.0,False,1 x NVIDIA RTX A1000,Intel(R) Core(TM) i7-14700,0.0002517184000012662,8.913934426229497
main_campaign_default_alpha_0_5,test8_femnist,FEMNIST,FedAVG,,59,10,10,2126,1952,116600000.0,12.3948317184,12.39458,11.38016,3050.0,False,1 x NVIDIA RTX A1000,Intel(R) Core(TM) i7-14700,0.0002517184000012662,8.913934426229497
main_campaign_default_alpha_0_5,test8_femnist,FEMNIST,FedAVG,,60,10,10,2126,1952,116600000.0,12.3948317184,12.39458,11.38016,3050.0,False,1 x NVIDIA RTX A1000,Intel(R) Core(TM) i7-14700,0.0002517184000012662,8.913934426229497
main_campaign_default_alpha_0_5,test8_femnist,FEMNIST,FedAVG,,61,10,10,2126,1952,116600000.0,12.3948317184,12.39458,11.38016,3050.0,False,1 x NVIDIA RTX A1000,Intel(R) Core(TM) i7-14700,0.0002517184000012662,8.913934426229497
main_campaign_default_alpha_0_5,test8_femnist,FEMNIST,FedAVG,,62,10,10,2126,1952,116600000.0,12.3948317184,12.39458,11.38016,3050.0,False,1 x NVIDIA RTX A1000,Intel(R) Core(TM) i7-14700,0.0002517184000012662,8.913934426229497
main_campaign_default_alpha_0_5,test8_femnist,FEMNIST,FedAVG,,63,10,10,2126,1952,116600000.0,12.3948317184,12.39458,11.38016,3050.0,False,1 x NVIDIA RTX A1000,Intel(R) Core(TM) i7-14700,0.0002517184000012662,8.913934426229497
main_campaign_default_alpha_0_5,test8_femnist,FEMNIST,FedAVG,,64,10,10,2126,1952,116600000.0,12.3948317184,12.39458,11.38016,3050.0,False,1 x NVIDIA RTX A1000,Intel(R) Core(TM) i7-14700,0.0002517184000012662,8.913934426229497
main_campaign_default_alpha_0_5,test8_femnist,FEMNIST,FedAVG,,65,10,10,2126,1952,116600000.0,12.3948317184,12.39458,11.38016,3050.0,False,1 x NVIDIA RTX A1000,Intel(R) Core(TM) i7-14700,0.0002517184000012662,8.913934426229497
main_campaign_default_alpha_0_5,test8_femnist,FEMNIST,FedAVG,,66,10,10,2126,1952,116600000.0,12.3948317184,12.39458,11.38016,3050.0,False,1 x NVIDIA RTX A1000,Intel(R) Core(TM) i7-14700,0.0002517184000012662,8.913934426229497
main_campaign_default_alpha_0_5,test8_femnist,FEMNIST,FedAVG,,67,10,10,2126,1952,116600000.0,12.3948317184,12.39458,11.38016,3050.0,False,1 x NVIDIA RTX A1000,Intel(R) Core(TM) i7-14700,0.0002517184000012662,8.913934426229497
main_campaign_default_alpha_0_5,test8_femnist,FEMNIST,FedAVG,,68,10,10,2126,1952,116600000.0,12.3948317184,12.39458,11.38016,3050.0,False,1 x NVIDIA RTX A1000,Intel(R) Core(TM) i7-14700,0.0002517184000012662,8.913934426229497
main_campaign_default_alpha_0_5,test8_femnist,FEMNIST,FedAVG,,69,10,10,2126,1952,116600000.0,12.3948317184,12.39458,11.38016,3050.0,False,1 x NVIDIA RTX A1000,Intel(R) Core(TM) i7-14700,0.0002517184000012662,8.913934426229497
main_campaign_default_alpha_0_5,test8_femnist,FEMNIST,FedAVG,,70,10,10,2126,1952,116600000.0,12.3948317184,12.39458,11.38016,3050.0,False,1 x NVIDIA RTX A1000,Intel(R) Core(TM) i7-14700,0.0002517184000012662,8.913934426229497
main_campaign_default_alpha_0_5,test8_femnist,FEMNIST,FedAVG,,71,10,10,2126,1952,116600000.0,12.3948317184,12.39458,11.38016,3050.0,False,1 x NVIDIA RTX A1000,Intel(R) Core(TM) i7-14700,0.0002517184000012662,8.913934426229497
main_campaign_default_alpha_0_5,test8_femnist,FEMNIST,FedAvgM,,42,10,10,2126,1952,116600000.0,12.3948317184,12.39458,11.38016,3050.0,False,1 x NVIDIA RTX A1000,Intel(R) Core(TM) i7-14700,0.0002517184000012662,8.913934426229497
main_campaign_default_alpha_0_5,test8_femnist,FEMNIST,FedAvgM,,43,10,10,2126,1952,116600000.0,12.3948317184,12.39458,11.38016,3050.0,False,1 x NVIDIA RTX A1000,Intel(R) Core(TM) i7-14700,0.0002517184000012662,8.913934426229497
main_campaign_default_alpha_0_5,test8_femnist,FEMNIST,FedAvgM,,44,10,10,2126,1952,116600000.0,12.3948317184,12.39458,11.38016,3050.0,False,1 x NVIDIA RTX A1000,Intel(R) Core(TM) i7-14700,0.0002517184000012662,8.913934426229497
main_campaign_default_alpha_0_5,test8_femnist,FEMNIST,FedAvgM,,45,10,10,2126,1952,116600000.0,12.3948317184,12.39458,11.38016,3050.0,False,1 x NVIDIA RTX A1000,Intel(R) Core(TM) i7-14700,0.0002517184000012662,8.913934426229497
main_campaign_default_alpha_0_5,test8_femnist,FEMNIST,FedAvgM,,46,10,10,2126,1952,116600000.0,12.3948317184,12.39458,11.38016,3050.0,False,1 x NVIDIA RTX A1000,Intel(R) Core(TM) i7-14700,0.0002517184000012662,8.913934426229497
main_campaign_default_alpha_0_5,test8_femnist,FEMNIST,FedAvgM,,47,10,10,2126,1952,116600000.0,12.3948317184,12.39458,11.38016,3050.0,False,1 x NVIDIA RTX A1000,Intel(R) Core(TM) i7-14700,0.0002517184000012662,8.913934426229497
main_campaign_default_alpha_0_5,test8_femnist,FEMNIST,FedAvgM,,48,10,10,2126,1952,116600000.0,12.3948317184,12.39458,11.38016,3050.0,False,1 x NVIDIA RTX A1000,Intel(R) Core(TM) i7-14700,0.0002517184000012662,8.913934426229497
main_campaign_default_alpha_0_5,test8_femnist,FEMNIST,FedAvgM,,49,10,10,2126,1952,116600000.0,12.3948317184,12.39458,11.38016,3050.0,False,1 x NVIDIA RTX A1000,Intel(R) Core(TM) i7-14700,0.0002517184000012662,8.913934426229497
main_campaign_default_alpha_0_5,test8_femnist,FEMNIST,FedAvgM,,50,10,10,2126,1952,116600000.0,12.3948317184,12.39458,11.38016,3050.0,False,1 x NVIDIA RTX A1000,Intel(R) Core(TM) i7-14700,0.0002517184000012662,8.913934426229497
main_campaign_default_alpha_0_5,test8_femnist,FEMNIST,FedAvgM,,51,10,10,2126,1952,116600000.0,12.3948317184,12.39458,11.38016,3050.0,False,1 x NVIDIA RTX A1000,Intel(R) Core(TM) i7-14700,0.0002517184000012662,8.913934426229497
main_campaign_default_alpha_0_5,test8_femnist,FEMNIST,FedAvgM,,52,10,10,2126,1952,116600000.0,12.3948317184,12.39458,11.38016,3050.0,False,1 x NVIDIA RTX A1000,Intel(R) Core(TM) i7-14700,0.0002517184000012662,8.913934426229497
main_campaign_default_alpha_0_5,test8_femnist,FEMNIST,FedAvgM,,53,10,10,2126,1952,116600000.0,12.3948317184,12.39458,11.38016,3050.0,False,1 x NVIDIA RTX A1000,Intel(R) Core(TM) i7-14700,0.0002517184000012662,8.913934426229497
main_campaign_default_alpha_0_5,test8_femnist,FEMNIST,FedAvgM,,54,10,10,2126,1952,116600000.0,12.3948317184,12.39458,11.38016,3050.0,False,1 x NVIDIA RTX A1000,Intel(R) Core(TM) i7-14700,0.0002517184000012662,8.913934426229497
main_campaign_default_alpha_0_5,test8_femnist,FEMNIST,FedAvgM,,55,10,10,2126,1952,116600000.0,12.3948317184,12.39458,11.38016,3050.0,False,1 x NVIDIA RTX A1000,Intel(R) Core(TM) i7-14700,0.0002517184000012662,8.913934426229497
main_campaign_default_alpha_0_5,test8_femnist,FEMNIST,FedAvgM,,56,10,10,2126,1952,116600000.0,12.3948317184,12.39458,11.38016,3050.0,False,1 x NVIDIA RTX A1000,Intel(R) Core(TM) i7-14700,0.0002517184000012662,8.913934426229497
main_campaign_default_alpha_0_5,test8_femnist,FEMNIST,FedAvgM,,57,10,10,2126,1952,116600000.0,12.3948317184,12.39458,11.38016,3050.0,False,1 x NVIDIA RTX A1000,Intel(R) Core(TM) i7-14700,0.0002517184000012662,8.913934426229497
main_campaign_default_alpha_0_5,test8_femnist,FEMNIST,FedAvgM,,58,10,10,2126,1952,116600000.0,12.3948317184,12.39458,11.38016,3050.0,False,1 x NVIDIA RTX A1000,Intel(R) Core(TM) i7-14700,0.0002517184000012662,8.913934426229497
main_campaign_default_alpha_0_5,test8_femnist,FEMNIST,FedAvgM,,59,10,10,2126,1952,116600000.0,12.3948317184,12.39458,11.38016,3050.0,False,1 x NVIDIA RTX A1000,Intel(R) Core(TM) i7-14700,0.0002517184000012662,8.913934426229497
main_campaign_default_alpha_0_5,test8_femnist,FEMNIST,FedAvgM,,60,10,10,2126,1952,116600000.0,12.3948317184,12.39458,11.38016,3050.0,False,1 x NVIDIA RTX A1000,Intel(R) Core(TM) i7-14700,0.0002517184000012662,8.913934426229497
main_campaign_default_alpha_0_5,test8_femnist,FEMNIST,FedAvgM,,61,10,10,2126,1952,116600000.0,12.3948317184,12.39458,11.38016,3050.0,False,1 x NVIDIA RTX A1000,Intel(R) Core(TM) i7-14700,0.0002517184000012662,8.913934426229497
main_campaign_default_alpha_0_5,test8_femnist,FEMNIST,FedAvgM,,62,10,10,2126,1952,116600000.0,12.3948317184,12.39458,11.38016,3050.0,False,1 x NVIDIA RTX A1000,Intel(R) Core(TM) i7-14700,0.0002517184000012662,8.913934426229497
main_campaign_default_alpha_0_5,test8_femnist,FEMNIST,FedAvgM,,63,10,10,2126,1952,116600000.0,12.3948317184,12.39458,11.38016,3050.0,False,1 x NVIDIA RTX A1000,Intel(R) Core(TM) i7-14700,0.0002517184000012662,8.913934426229497
main_campaign_default_alpha_0_5,test8_femnist,FEMNIST,FedAvgM,,64,10,10,2126,1952,116600000.0,12.3948317184,12.39458,11.38016,3050.0,False,1 x NVIDIA RTX A1000,Intel(R) Core(TM) i7-14700,0.0002517184000012662,8.913934426229497
main_campaign_default_alpha_0_5,test8_femnist,FEMNIST,FedAvgM,,65,10,10,2126,1952,116600000.0,12.3948317184,12.39458,11.38016,3050.0,False,1 x NVIDIA RTX A1000,Intel(R) Core(TM) i7-14700,0.0002517184000012662,8.913934426229497
main_campaign_default_alpha_0_5,test8_femnist,FEMNIST,FedAvgM,,66,10,10,2126,1952,116600000.0,12.3948317184,12.39458,11.38016,3050.0,False,1 x NVIDIA RTX A1000,Intel(R) Core(TM) i7-14700,0.0002517184000012662,8.913934426229497
main_campaign_default_alpha_0_5,test8_femnist,FEMNIST,FedAvgM,,67,10,10,2126,1952,116600000.0,12.3948317184,12.39458,11.38016,3050.0,False,1 x NVIDIA RTX A1000,Intel(R) Core(TM) i7-14700,0.0002517184000012662,8.913934426229497
main_campaign_default_alpha_0_5,test8_femnist,FEMNIST,FedAvgM,,68,10,10,2126,1952,116600000.0,12.3948317184,12.39458,11.38016,3050.0,False,1 x NVIDIA RTX A1000,Intel(R) Core(TM) i7-14700,0.0002517184000012662,8.913934426229497
main_campaign_default_alpha_0_5,test8_femnist,FEMNIST,FedAvgM,,69,10,10,2126,1952,116600000.0,12.3948317184,12.39458,11.38016,3050.0,False,1 x NVIDIA RTX A1000,Intel(R) Core(TM) i7-14700,0.0002517184000012662,8.913934426229497
main_campaign_default_alpha_0_5,test8_femnist,FEMNIST,FedAvgM,,70,10,10,2126,1952,116600000.0,12.3948317184,12.39458,11.38016,3050.0,False,1 x NVIDIA RTX A1000,Intel(R) Core(TM) i7-14700,0.0002517184000012662,8.913934426229497
main_campaign_default_alpha_0_5,test8_femnist,FEMNIST,FedAvgM,,71,10,10,2126,1952,116600000.0,12.3948317184,12.39458,11.38016,3050.0,False,1 x NVIDIA RTX A1000,Intel(R) Core(TM) i7-14700,0.0002517184000012662,8.913934426229497
main_campaign_default_alpha_0_5,test8_femnist,FEMNIST,FedProx,,42,10,10,2126,1952,116600000.0,12.3948317184,12.39458,11.38016,3050.0,False,1 x NVIDIA RTX A1000,Intel(R) Core(TM) i7-14700,0.0002517184000012662,8.913934426229497
main_campaign_default_alpha_0_5,test8_femnist,FEMNIST,FedProx,,43,10,10,2126,1952,116600000.0,12.3948317184,12.39458,11.38016,3050.0,False,1 x NVIDIA RTX A1000,Intel(R) Core(TM) i7-14700,0.0002517184000012662,8.913934426229497
main_campaign_default_alpha_0_5,test8_femnist,FEMNIST,FedProx,,44,10,10,2126,1952,116600000.0,12.3948317184,12.39458,11.38016,3050.0,False,1 x NVIDIA RTX A1000,Intel(R) Core(TM) i7-14700,0.0002517184000012662,8.913934426229497
main_campaign_default_alpha_0_5,test8_femnist,FEMNIST,FedProx,,45,10,10,2126,1952,116600000.0,12.3948317184,12.39458,11.38016,3050.0,False,1 x NVIDIA RTX A1000,Intel(R) Core(TM) i7-14700,0.0002517184000012662,8.913934426229497
main_campaign_default_alpha_0_5,test8_femnist,FEMNIST,FedProx,,46,10,10,2126,1952,116600000.0,12.3948317184,12.39458,11.38016,3050.0,False,1 x NVIDIA RTX A1000,Intel(R) Core(TM) i7-14700,0.0002517184000012662,8.913934426229497
main_campaign_default_alpha_0_5,test8_femnist,FEMNIST,FedProx,,47,10,10,2126,1952,116600000.0,12.3948317184,12.39458,11.38016,3050.0,False,1 x NVIDIA RTX A1000,Intel(R) Core(TM) i7-14700,0.0002517184000012662,8.913934426229497
main_campaign_default_alpha_0_5,test8_femnist,FEMNIST,FedProx,,48,10,10,2126,1952,116600000.0,12.3948317184,12.39458,11.38016,3050.0,False,1 x NVIDIA RTX A1000,Intel(R) Core(TM) i7-14700,0.0002517184000012662,8.913934426229497
main_campaign_default_alpha_0_5,test8_femnist,FEMNIST,FedProx,,49,10,10,2126,1952,116600000.0,12.3948317184,12.39458,11.38016,3050.0,False,1 x NVIDIA RTX A1000,Intel(R) Core(TM) i7-14700,0.0002517184000012662,8.913934426229497
main_campaign_default_alpha_0_5,test8_femnist,FEMNIST,FedProx,,50,10,10,2126,1952,116600000.0,12.3948317184,12.39458,11.38016,3050.0,False,1 x NVIDIA RTX A1000,Intel(R) Core(TM) i7-14700,0.0002517184000012662,8.913934426229497
main_campaign_default_alpha_0_5,test8_femnist,FEMNIST,FedProx,,51,10,10,2126,1952,116600000.0,12.3948317184,12.39458,11.38016,3050.0,False,1 x NVIDIA RTX A1000,Intel(R) Core(TM) i7-14700,0.0002517184000012662,8.913934426229497
main_campaign_default_alpha_0_5,test8_femnist,FEMNIST,FedProx,,52,10,10,2126,1952,116600000.0,12.3948317184,12.39458,11.38016,3050.0,False,1 x NVIDIA RTX A1000,Intel(R) Core(TM) i7-14700,0.0002517184000012662,8.913934426229497
main_campaign_default_alpha_0_5,test8_femnist,FEMNIST,FedProx,,53,10,10,2126,1952,116600000.0,12.3948317184,12.39458,11.38016,3050.0,False,1 x NVIDIA RTX A1000,Intel(R) Core(TM) i7-14700,0.0002517184000012662,8.913934426229497
main_campaign_default_alpha_0_5,test8_femnist,FEMNIST,FedProx,,54,10,10,2126,1952,116600000.0,12.3948317184,12.39458,11.38016,3050.0,False,1 x NVIDIA RTX A1000,Intel(R) Core(TM) i7-14700,0.0002517184000012662,8.913934426229497
main_campaign_default_alpha_0_5,test8_femnist,FEMNIST,FedProx,,55,10,10,2126,1952,116600000.0,12.3948317184,12.39458,11.38016,3050.0,False,1 x NVIDIA RTX A1000,Intel(R) Core(TM) i7-14700,0.0002517184000012662,8.913934426229497
main_campaign_default_alpha_0_5,test8_femnist,FEMNIST,FedProx,,56,10,10,2126,1952,116600000.0,12.3948317184,12.39458,11.38016,3050.0,False,1 x NVIDIA RTX A1000,Intel(R) Core(TM) i7-14700,0.0002517184000012662,8.913934426229497
main_campaign_default_alpha_0_5,test8_femnist,FEMNIST,FedProx,,57,10,10,2126,1952,116600000.0,12.3948317184,12.39458,11.38016,3050.0,False,1 x NVIDIA RTX A1000,Intel(R) Core(TM) i7-14700,0.0002517184000012662,8.913934426229497
main_campaign_default_alpha_0_5,test8_femnist,FEMNIST,FedProx,,58,10,10,2126,1952,116600000.0,12.3948317184,12.39458,11.38016,3050.0,False,1 x NVIDIA RTX A1000,Intel(R) Core(TM) i7-14700,0.0002517184000012662,8.913934426229497
main_campaign_default_alpha_0_5,test8_femnist,FEMNIST,FedProx,,59,10,10,2126,1952,116600000.0,12.3948317184,12.39458,11.38016,3050.0,False,1 x NVIDIA RTX A1000,Intel(R) Core(TM) i7-14700,0.0002517184000012662,8.913934426229497
main_campaign_default_alpha_0_5,test8_femnist,FEMNIST,FedProx,,60,10,10,2126,1952,116600000.0,12.3948317184,12.39458,11.38016,3050.0,False,1 x NVIDIA RTX A1000,Intel(R) Core(TM) i7-14700,0.0002517184000012662,8.913934426229497
main_campaign_default_alpha_0_5,test8_femnist,FEMNIST,FedProx,,61,10,10,2126,1952,116600000.0,12.3948317184,12.39458,11.38016,3050.0,False,1 x NVIDIA RTX A1000,Intel(R) Core(TM) i7-14700,0.0002517184000012662,8.913934426229497
main_campaign_default_alpha_0_5,test8_femnist,FEMNIST,FedProx,,62,10,10,2126,1952,116600000.0,12.3948317184,12.39458,11.38016,3050.0,False,1 x NVIDIA RTX A1000,Intel(R) Core(TM) i7-14700,0.0002517184000012662,8.913934426229497
main_campaign_default_alpha_0_5,test8_femnist,FEMNIST,FedProx,,63,10,10,2126,1952,116600000.0,12.3948317184,12.39458,11.38016,3050.0,False,1 x NVIDIA RTX A1000,Intel(R) Core(TM) i7-14700,0.0002517184000012662,8.913934426229497
main_campaign_default_alpha_0_5,test8_femnist,FEMNIST,FedProx,,64,10,10,2126,1952,116600000.0,12.3948317184,12.39458,11.38016,3050.0,False,1 x NVIDIA RTX A1000,Intel(R) Core(TM) i7-14700,0.0002517184000012662,8.913934426229497
main_campaign_default_alpha_0_5,test8_femnist,FEMNIST,FedProx,,65,10,10,2126,1952,116600000.0,12.3948317184,12.39458,11.38016,3050.0,False,1 x NVIDIA RTX A1000,Intel(R) Core(TM) i7-14700,0.0002517184000012662,8.913934426229497
main_campaign_default_alpha_0_5,test8_femnist,FEMNIST,FedProx,,66,10,10,2126,1952,116600000.0,12.3948317184,12.39458,11.38016,3050.0,False,1 x NVIDIA A40,AMD EPYC 9354P 32-Core Processor,0.0002517184000012662,8.913934426229497
main_campaign_default_alpha_0_5,test8_femnist,FEMNIST,FedProx,,67,10,10,2126,1952,116600000.0,12.3948317184,12.39458,11.38016,3050.0,False,1 x NVIDIA RTX A1000,Intel(R) Core(TM) i7-14700,0.0002517184000012662,8.913934426229497
main_campaign_default_alpha_0_5,test8_femnist,FEMNIST,FedProx,,68,10,10,2126,1952,116600000.0,12.3948317184,12.39458,11.38016,3050.0,False,1 x NVIDIA RTX A1000,Intel(R) Core(TM) i7-14700,0.0002517184000012662,8.913934426229497
main_campaign_default_alpha_0_5,test8_femnist,FEMNIST,FedProx,,69,10,10,2126,1952,116600000.0,12.3948317184,12.39458,11.38016,3050.0,False,1 x NVIDIA RTX A1000,Intel(R) Core(TM) i7-14700,0.0002517184000012662,8.913934426229497
main_campaign_default_alpha_0_5,test8_femnist,FEMNIST,FedProx,,70,10,10,2126,1952,116600000.0,12.3948317184,12.39458,11.38016,3050.0,False,1 x NVIDIA RTX A1000,Intel(R) Core(TM) i7-14700,0.0002517184000012662,8.913934426229497
main_campaign_default_alpha_0_5,test8_femnist,FEMNIST,FedProx,,71,10,10,2126,1952,116600000.0,12.3948317184,12.39458,11.38016,3050.0,False,1 x NVIDIA RTX A1000,Intel(R) Core(TM) i7-14700,0.0002517184000012662,8.913934426229497
main_campaign_default_alpha_0_5,test8_femnist,FEMNIST,FedNova,,42,10,10,2126,1952,116600000.0,12.3948317184,12.39458,11.38016,3050.0,False,1 x NVIDIA A40,AMD EPYC 9354P 32-Core Processor,0.0002517184000012662,8.913934426229497
main_campaign_default_alpha_0_5,test8_femnist,FEMNIST,FedNova,,43,10,10,2126,1952,116600000.0,12.3948317184,12.39458,11.38016,3050.0,False,1 x NVIDIA A40,AMD EPYC 9354P 32-Core Processor,0.0002517184000012662,8.913934426229497
main_campaign_default_alpha_0_5,test8_femnist,FEMNIST,FedNova,,44,10,10,2126,1952,116600000.0,12.3948317184,12.39458,11.38016,3050.0,False,1 x NVIDIA A40,AMD EPYC 9354P 32-Core Processor,0.0002517184000012662,8.913934426229497
main_campaign_default_alpha_0_5,test8_femnist,FEMNIST,FedNova,,45,10,10,2126,1952,116600000.0,12.3948317184,12.39458,11.38016,3050.0,False,1 x NVIDIA A40,AMD EPYC 9354P 32-Core Processor,0.0002517184000012662,8.913934426229497
main_campaign_default_alpha_0_5,test8_femnist,FEMNIST,FedNova,,46,10,10,2126,1952,116600000.0,12.3948317184,12.39458,11.38016,3050.0,False,1 x NVIDIA A40,AMD EPYC 9354P 32-Core Processor,0.0002517184000012662,8.913934426229497
main_campaign_default_alpha_0_5,test8_femnist,FEMNIST,FedNova,,47,10,10,2126,1952,116600000.0,12.3948317184,12.39458,11.38016,3050.0,False,1 x NVIDIA A40,AMD EPYC 9354P 32-Core Processor,0.0002517184000012662,8.913934426229497
main_campaign_default_alpha_0_5,test8_femnist,FEMNIST,FedNova,,48,10,10,2126,1952,116600000.0,12.3948317184,12.39458,11.38016,3050.0,False,1 x NVIDIA A40,AMD EPYC 9354P 32-Core Processor,0.0002517184000012662,8.913934426229497
main_campaign_default_alpha_0_5,test8_femnist,FEMNIST,FedNova,,49,10,10,2126,1952,116600000.0,12.3948317184,12.39458,11.38016,3050.0,False,1 x NVIDIA A40,AMD EPYC 9354P 32-Core Processor,0.0002517184000012662,8.913934426229497
main_campaign_default_alpha_0_5,test8_femnist,FEMNIST,FedNova,,50,10,10,2126,1952,116600000.0,12.3948317184,12.39458,11.38016,3050.0,False,1 x NVIDIA A40,AMD EPYC 9354P 32-Core Processor,0.0002517184000012662,8.913934426229497
main_campaign_default_alpha_0_5,test8_femnist,FEMNIST,FedNova,,51,10,10,2126,1952,116600000.0,12.3948317184,12.39458,11.38016,3050.0,False,1 x NVIDIA A40,AMD EPYC 9354P 32-Core Processor,0.0002517184000012662,8.913934426229497
main_campaign_default_alpha_0_5,test8_femnist,FEMNIST,FedNova,,52,10,10,2126,1952,116600000.0,12.3948317184,12.39458,11.38016,3050.0,False,1 x NVIDIA A40,AMD EPYC 9354P 32-Core Processor,0.0002517184000012662,8.913934426229497
main_campaign_default_alpha_0_5,test8_femnist,FEMNIST,FedNova,,53,10,10,2126,1952,116600000.0,12.3948317184,12.39458,11.38016,3050.0,False,1 x NVIDIA A40,AMD EPYC 9354P 32-Core Processor,0.0002517184000012662,8.913934426229497
main_campaign_default_alpha_0_5,test8_femnist,FEMNIST,FedNova,,54,10,10,2126,1952,116600000.0,12.3948317184,12.39458,11.38016,3050.0,False,1 x NVIDIA A40,AMD EPYC 9354P 32-Core Processor,0.0002517184000012662,8.913934426229497
main_campaign_default_alpha_0_5,test8_femnist,FEMNIST,FedNova,,55,10,10,2126,1952,116600000.0,12.3948317184,12.39458,11.38016,3050.0,False,1 x NVIDIA A40,AMD EPYC 9354P 32-Core Processor,0.0002517184000012662,8.913934426229497
main_campaign_default_alpha_0_5,test8_femnist,FEMNIST,FedNova,,56,10,10,2126,1952,116600000.0,12.3948317184,12.39458,11.38016,3050.0,False,1 x NVIDIA A40,AMD EPYC 9354P 32-Core Processor,0.0002517184000012662,8.913934426229497
main_campaign_default_alpha_0_5,test8_femnist,FEMNIST,FedNova,,57,10,10,2126,1952,116600000.0,12.3948317184,12.39458,11.38016,3050.0,False,1 x NVIDIA A40,AMD EPYC 9354P 32-Core Processor,0.0002517184000012662,8.913934426229497
main_campaign_default_alpha_0_5,test8_femnist,FEMNIST,FedNova,,58,10,10,2126,1952,116600000.0,12.3948317184,12.39458,11.38016,3050.0,False,1 x NVIDIA A40,AMD EPYC 9354P 32-Core Processor,0.0002517184000012662,8.913934426229497
main_campaign_default_alpha_0_5,test8_femnist,FEMNIST,FedNova,,59,10,10,2126,1952,116600000.0,12.3948317184,12.39458,11.38016,3050.0,False,1 x NVIDIA A40,AMD EPYC 9354P 32-Core Processor,0.0002517184000012662,8.913934426229497
main_campaign_default_alpha_0_5,test8_femnist,FEMNIST,FedNova,,60,10,10,2126,1952,116600000.0,12.3948317184,12.39458,11.38016,3050.0,False,1 x NVIDIA A40,AMD EPYC 9354P 32-Core Processor,0.0002517184000012662,8.913934426229497
main_campaign_default_alpha_0_5,test8_femnist,FEMNIST,FedNova,,61,10,10,2126,1952,116600000.0,12.3948317184,12.39458,11.38016,3050.0,False,1 x NVIDIA A40,AMD EPYC 9354P 32-Core Processor,0.0002517184000012662,8.913934426229497
main_campaign_default_alpha_0_5,test8_femnist,FEMNIST,FedNova,,62,10,10,2126,1952,116600000.0,12.3948317184,12.39458,11.38016,3050.0,False,1 x NVIDIA A40,AMD EPYC 9354P 32-Core Processor,0.0002517184000012662,8.913934426229497
main_campaign_default_alpha_0_5,test8_femnist,FEMNIST,FedNova,,63,10,10,2126,1952,116600000.0,12.3948317184,12.39458,11.38016,3050.0,False,1 x NVIDIA A40,AMD EPYC 9354P 32-Core Processor,0.0002517184000012662,8.913934426229497
main_campaign_default_alpha_0_5,test8_femnist,FEMNIST,FedNova,,64,10,10,2126,1952,116600000.0,12.3948317184,12.39458,11.38016,3050.0,False,1 x NVIDIA A40,AMD EPYC 9354P 32-Core Processor,0.0002517184000012662,8.913934426229497
main_campaign_default_alpha_0_5,test8_femnist,FEMNIST,FedNova,,65,10,10,2126,1952,116600000.0,12.3948317184,12.39458,11.38016,3050.0,False,1 x NVIDIA A40,AMD EPYC 9354P 32-Core Processor,0.0002517184000012662,8.913934426229497
main_campaign_default_alpha_0_5,test8_femnist,FEMNIST,FedNova,,66,10,10,2126,1952,116600000.0,12.3948317184,12.39458,11.38016,3050.0,False,1 x NVIDIA A40,AMD EPYC 9354P 32-Core Processor,0.0002517184000012662,8.913934426229497
main_campaign_default_alpha_0_5,test8_femnist,FEMNIST,FedNova,,67,10,10,2126,1952,116600000.0,12.3948317184,12.39458,11.38016,3050.0,False,1 x NVIDIA A40,AMD EPYC 9354P 32-Core Processor,0.0002517184000012662,8.913934426229497
main_campaign_default_alpha_0_5,test8_femnist,FEMNIST,FedNova,,68,10,10,2126,1952,116600000.0,12.3948317184,12.39458,11.38016,3050.0,False,1 x NVIDIA A40,AMD EPYC 9354P 32-Core Processor,0.0002517184000012662,8.913934426229497
main_campaign_default_alpha_0_5,test8_femnist,FEMNIST,FedNova,,69,10,10,2126,1952,116600000.0,12.3948317184,12.39458,11.38016,3050.0,False,1 x NVIDIA A40,AMD EPYC 9354P 32-Core Processor,0.0002517184000012662,8.913934426229497
main_campaign_default_alpha_0_5,test8_femnist,FEMNIST,FedNova,,70,10,10,2126,1952,116600000.0,12.3948317184,12.39458,11.38016,3050.0,False,1 x NVIDIA A40,AMD EPYC 9354P 32-Core Processor,0.0002517184000012662,8.913934426229497
main_campaign_default_alpha_0_5,test8_femnist,FEMNIST,FedNova,,71,10,10,2126,1952,116600000.0,12.3948317184,12.39458,11.38016,3050.0,False,1 x NVIDIA A40,AMD EPYC 9354P 32-Core Processor,0.0002517184000012662,8.913934426229497
main_campaign_default_alpha_0_5,test8_femnist,FEMNIST,FedHAD,,42,10,10,2126,1952,116600000.0,11.13319409664,11.132968,10.298112,2760.0,False,1 x NVIDIA RTX A1000,Intel(R) Core(TM) i7-14700,0.000226096640000506,8.106884057971019
main_campaign_default_alpha_0_5,test8_femnist,FEMNIST,FedHAD,,43,10,10,2126,1952,116600000.0,11.13319409664,11.132968,10.298112,2760.0,False,1 x NVIDIA RTX A1000,Intel(R) Core(TM) i7-14700,0.000226096640000506,8.106884057971019
main_campaign_default_alpha_0_5,test8_femnist,FEMNIST,FedHAD,,44,10,10,2126,1952,116600000.0,11.13319409664,11.132968,10.298112,2760.0,False,1 x NVIDIA RTX A1000,Intel(R) Core(TM) i7-14700,0.000226096640000506,8.106884057971019
main_campaign_default_alpha_0_5,test8_femnist,FEMNIST,FedHAD,,45,10,10,2126,1952,116600000.0,11.13319409664,11.132968,10.298112,2760.0,False,1 x NVIDIA RTX A1000,Intel(R) Core(TM) i7-14700,0.000226096640000506,8.106884057971019
main_campaign_default_alpha_0_5,test8_femnist,FEMNIST,FedHAD,,46,10,10,2126,1952,116600000.0,11.13319409664,11.132968,10.298112,2760.0,False,1 x NVIDIA RTX A1000,Intel(R) Core(TM) i7-14700,0.000226096640000506,8.106884057971019
main_campaign_default_alpha_0_5,test8_femnist,FEMNIST,FedHAD,,47,10,10,2126,1952,116600000.0,11.13319409664,11.132968,10.298112,2760.0,False,1 x NVIDIA RTX A1000,Intel(R) Core(TM) i7-14700,0.000226096640000506,8.106884057971019
main_campaign_default_alpha_0_5,test8_femnist,FEMNIST,FedHAD,,48,10,10,2126,1952,116600000.0,11.13319409664,11.132968,10.298112,2760.0,False,1 x NVIDIA RTX A1000,Intel(R) Core(TM) i7-14700,0.000226096640000506,8.106884057971019
main_campaign_default_alpha_0_5,test8_femnist,FEMNIST,FedHAD,,49,10,10,2126,1952,116600000.0,11.13319409664,11.132968,10.298112,2760.0,False,1 x NVIDIA RTX A1000,Intel(R) Core(TM) i7-14700,0.000226096640000506,8.106884057971019
main_campaign_default_alpha_0_5,test8_femnist,FEMNIST,FedHAD,,50,10,10,2126,1952,116600000.0,11.13319409664,11.132968,10.298112,2760.0,False,1 x NVIDIA RTX A1000,Intel(R) Core(TM) i7-14700,0.000226096640000506,8.106884057971019
main_campaign_default_alpha_0_5,test8_femnist,FEMNIST,FedHAD,,51,10,10,2126,1952,116600000.0,11.13319409664,11.132968,10.298112,2760.0,False,1 x NVIDIA RTX A1000,Intel(R) Core(TM) i7-14700,0.000226096640000506,8.106884057971019
main_campaign_default_alpha_0_5,test8_femnist,FEMNIST,FedHAD,,52,10,10,2126,1952,116600000.0,11.13319409664,11.132968,10.298112,2760.0,False,1 x NVIDIA RTX A1000,Intel(R) Core(TM) i7-14700,0.000226096640000506,8.106884057971019
main_campaign_default_alpha_0_5,test8_femnist,FEMNIST,FedHAD,,53,10,10,2126,1952,116600000.0,11.13319409664,11.132968,10.298112,2760.0,False,1 x NVIDIA A40,AMD EPYC 9354P 32-Core Processor,0.000226096640000506,8.106884057971019
main_campaign_default_alpha_0_5,test8_femnist,FEMNIST,FedHAD,,54,10,10,2126,1952,116600000.0,11.13319409664,11.132968,10.298112,2760.0,False,1 x NVIDIA RTX A1000,Intel(R) Core(TM) i7-14700,0.000226096640000506,8.106884057971019
main_campaign_default_alpha_0_5,test8_femnist,FEMNIST,FedHAD,,55,10,10,2126,1952,116600000.0,11.13319409664,11.132968,10.298112,2760.0,False,1 x NVIDIA RTX A1000,Intel(R) Core(TM) i7-14700,0.000226096640000506,8.106884057971019
main_campaign_default_alpha_0_5,test8_femnist,FEMNIST,FedHAD,,56,10,10,2126,1952,116600000.0,11.13319409664,11.132968,10.298112,2760.0,False,1 x NVIDIA RTX A1000,Intel(R) Core(TM) i7-14700,0.000226096640000506,8.106884057971019
main_campaign_default_alpha_0_5,test8_femnist,FEMNIST,FedHAD,,57,10,10,2126,1952,116600000.0,11.13319409664,11.132968,10.298112,2760.0,False,1 x NVIDIA RTX A1000,Intel(R) Core(TM) i7-14700,0.000226096640000506,8.106884057971019
main_campaign_default_alpha_0_5,test8_femnist,FEMNIST,FedHAD,,58,10,10,2126,1952,116600000.0,11.13319409664,11.132968,10.298112,2760.0,False,1 x NVIDIA RTX A1000,Intel(R) Core(TM) i7-14700,0.000226096640000506,8.106884057971019
main_campaign_default_alpha_0_5,test8_femnist,FEMNIST,FedHAD,,59,10,10,2126,1952,116600000.0,11.13319409664,11.132968,10.298112,2760.0,False,1 x NVIDIA RTX A1000,Intel(R) Core(TM) i7-14700,0.000226096640000506,8.106884057971019
main_campaign_default_alpha_0_5,test8_femnist,FEMNIST,FedHAD,,60,10,10,2126,1952,116600000.0,11.13319409664,11.132968,10.298112,2760.0,False,1 x NVIDIA RTX A1000,Intel(R) Core(TM) i7-14700,0.000226096640000506,8.106884057971019
main_campaign_default_alpha_0_5,test8_femnist,FEMNIST,FedHAD,,61,10,10,2126,1952,116600000.0,11.13319409664,11.132968,10.298112,2760.0,False,1 x NVIDIA RTX A1000,Intel(R) Core(TM) i7-14700,0.000226096640000506,8.106884057971019
main_campaign_default_alpha_0_5,test8_femnist,FEMNIST,FedHAD,,62,10,10,2126,1952,116600000.0,11.13319409664,11.132968,10.298112,2760.0,False,1 x NVIDIA RTX A1000,Intel(R) Core(TM) i7-14700,0.000226096640000506,8.106884057971019
main_campaign_default_alpha_0_5,test8_femnist,FEMNIST,FedHAD,,63,10,10,2126,1952,116600000.0,11.13319409664,11.132968,10.298112,2760.0,False,1 x NVIDIA RTX A1000,Intel(R) Core(TM) i7-14700,0.000226096640000506,8.106884057971019
main_campaign_default_alpha_0_5,test8_femnist,FEMNIST,FedHAD,,64,10,10,2126,1952,116600000.0,11.13319409664,11.132968,10.298112,2760.0,False,1 x NVIDIA RTX A1000,Intel(R) Core(TM) i7-14700,0.000226096640000506,8.106884057971019
main_campaign_default_alpha_0_5,test8_femnist,FEMNIST,FedHAD,,65,10,10,2126,1952,116600000.0,11.13319409664,11.132968,10.298112,2760.0,False,1 x NVIDIA RTX A1000,Intel(R) Core(TM) i7-14700,0.000226096640000506,8.106884057971019
main_campaign_default_alpha_0_5,test8_femnist,FEMNIST,FedHAD,,66,10,10,2126,1952,116600000.0,11.13319409664,11.132968,10.298112,2760.0,False,1 x NVIDIA RTX A1000,Intel(R) Core(TM) i7-14700,0.000226096640000506,8.106884057971019
main_campaign_default_alpha_0_5,test8_femnist,FEMNIST,FedHAD,,67,10,10,2126,1952,116600000.0,11.13319409664,11.132968,10.298112,2760.0,False,1 x NVIDIA RTX A1000,Intel(R) Core(TM) i7-14700,0.000226096640000506,8.106884057971019
main_campaign_default_alpha_0_5,test8_femnist,FEMNIST,FedHAD,,68,10,10,2126,1952,116600000.0,11.13319409664,11.132968,10.298112,2760.0,False,1 x NVIDIA RTX A1000,Intel(R) Core(TM) i7-14700,0.000226096640000506,8.106884057971019
main_campaign_default_alpha_0_5,test8_femnist,FEMNIST,FedHAD,,69,10,10,2126,1952,116600000.0,11.13319409664,11.132968,10.298112,2760.0,False,1 x NVIDIA RTX A1000,Intel(R) Core(TM) i7-14700,0.000226096640000506,8.106884057971019
main_campaign_default_alpha_0_5,test8_femnist,FEMNIST,FedHAD,,70,10,10,2126,1952,116600000.0,11.13319409664,11.132968,10.298112,2760.0,False,1 x NVIDIA RTX A1000,Intel(R) Core(TM) i7-14700,0.000226096640000506,8.106884057971019
main_campaign_default_alpha_0_5,test8_femnist,FEMNIST,FedHAD,,71,10,10,2126,1952,116600000.0,11.13319409664,11.132968,10.298112,2760.0,False,1 x NVIDIA RTX A1000,Intel(R) Core(TM) i7-14700,0.000226096640000506,8.106884057971019
main_campaign_default_alpha_0_5,test7_plato,CIFAR10,FedAVG,0.5,42,50,5,45003,44928,180900000.0,2035.20127104,2035.260675,2031.8688,351000.0,False,1 x NVIDIA RTX A1000,Intel(R) Core(TM) i7-14700,-0.05940396000005421,0.16693376068375176
main_campaign_default_alpha_0_5,test7_plato,CIFAR10,FedAVG,0.5,43,50,5,45003,44896,180900000.0,2035.20127104,2035.260675,2030.4216,350750.0,False,1 x NVIDIA RTX A1000,Intel(R) Core(TM) i7-14700,-0.05940396000005421,0.23832858161083603
main_campaign_default_alpha_0_5,test7_plato,CIFAR10,FedAVG,0.5,44,50,5,45002,44928,180900000.0,2035.15604736,2035.21545,2031.8688,351000.0,False,1 x NVIDIA RTX A1000,Intel(R) Core(TM) i7-14700,-0.05940263999991657,0.16470797720797847
main_campaign_default_alpha_0_5,test7_plato,CIFAR10,FedAVG,0.5,45,50,5,45001,44928,180900000.0,2035.11082368,2035.170225,2031.8688,351000.0,False,1 x NVIDIA RTX A1000,Intel(R) Core(TM) i7-14700,-0.05940132000000631,0.16248219373220518
main_campaign_default_alpha_0_5,test7_plato,CIFAR10,FedAVG,0.5,46,50,5,45002,44896,180900000.0,2035.15604736,2035.21545,2030.4216,350750.0,False,1 x NVIDIA RTX A1000,Intel(R) Core(TM) i7-14700,-0.05940263999991657,0.23610121168924358
main_campaign_default_alpha_0_5,test7_plato,CIFAR10,FedAVG,0.5,47,50,5,45002,44928,180900000.0,2035.15604736,2035.21545,2031.8688,351000.0,False,1 x NVIDIA RTX A1000,Intel(R) Core(TM) i7-14700,-0.05940263999991657,0.16470797720797847
main_campaign_default_alpha_0_5,test7_plato,CIFAR10,FedAVG,0.5,48,50,5,45002,44928,180900000.0,2035.15604736,2035.21545,2031.8688,351000.0,False,1 x NVIDIA RTX A1000,Intel(R) Core(TM) i7-14700,-0.05940263999991657,0.16470797720797847
main_campaign_default_alpha_0_5,test7_plato,CIFAR10,FedAVG,0.5,49,50,5,45002,44928,180900000.0,2035.15604736,2035.21545,2031.8688,351000.0,False,1 x NVIDIA RTX A1000,Intel(R) Core(TM) i7-14700,-0.05940263999991657,0.16470797720797847
main_campaign_default_alpha_0_5,test7_plato,CIFAR10,FedAVG,0.5,50,50,5,45002,44928,180900000.0,2035.15604736,2035.21545,2031.8688,351000.0,False,1 x NVIDIA RTX A1000,Intel(R) Core(TM) i7-14700,-0.05940263999991657,0.16470797720797847
main_campaign_default_alpha_0_5,test7_plato,CIFAR10,FedAVG,0.5,51,50,5,45002,44896,180900000.0,2035.15604736,2035.21545,2030.4216,350750.0,False,1 x NVIDIA RTX A1000,Intel(R) Core(TM) i7-14700,-0.05940263999991657,0.23610121168924358
main_campaign_default_alpha_0_5,test7_plato,CIFAR10,FedAVG,0.5,52,50,5,45002,44928,180900000.0,2035.15604736,2035.21545,2031.8688,351000.0,False,1 x NVIDIA RTX A1000,Intel(R) Core(TM) i7-14700,-0.05940263999991657,0.16470797720797847
main_campaign_default_alpha_0_5,test7_plato,CIFAR10,FedAVG,0.5,53,50,5,45002,44928,180900000.0,2035.15604736,2035.21545,2031.8688,351000.0,False,1 x NVIDIA RTX A1000,Intel(R) Core(TM) i7-14700,-0.05940263999991657,0.16470797720797847
main_campaign_default_alpha_0_5,test7_plato,CIFAR10,FedAVG,0.5,54,50,5,45002,44928,180900000.0,2035.15604736,2035.21545,2031.8688,351000.0,False,1 x NVIDIA RTX A1000,Intel(R) Core(TM) i7-14700,-0.05940263999991657,0.16470797720797847
main_campaign_default_alpha_0_5,test7_plato,CIFAR10,FedAVG,0.5,55,50,5,45002,44896,180900000.0,2035.15604736,2035.21545,2030.4216,350750.0,False,1 x NVIDIA RTX A1000,Intel(R) Core(TM) i7-14700,-0.05940263999991657,0.23610121168924358
main_campaign_default_alpha_0_5,test7_plato,CIFAR10,FedAVG,0.5,56,50,5,45003,44928,180900000.0,2035.20127104,2035.260675,2031.8688,351000.0,False,1 x NVIDIA RTX A1000,Intel(R) Core(TM) i7-14700,-0.05940396000005421,0.16693376068375176
main_campaign_default_alpha_0_5,test7_plato,CIFAR10,FedAVG,0.5,57,50,5,45003,44928,180900000.0,2035.20127104,2035.260675,2031.8688,351000.0,False,1 x NVIDIA RTX A1000,Intel(R) Core(TM) i7-14700,-0.05940396000005421,0.16693376068375176
main_campaign_default_alpha_0_5,test7_plato,CIFAR10,FedAVG,0.5,58,50,5,45002,44928,180900000.0,2035.15604736,2035.21545,2031.8688,351000.0,False,1 x NVIDIA RTX A1000,Intel(R) Core(TM) i7-14700,-0.05940263999991657,0.16470797720797847
main_campaign_default_alpha_0_5,test7_plato,CIFAR10,FedAVG,0.5,59,50,5,45003,44928,180900000.0,2035.20127104,2035.260675,2031.8688,351000.0,False,1 x NVIDIA RTX A1000,Intel(R) Core(TM) i7-14700,-0.05940396000005421,0.16693376068375176
main_campaign_default_alpha_0_5,test7_plato,CIFAR10,FedAVG,0.5,60,50,5,45002,44928,180900000.0,2035.15604736,2035.21545,2031.8688,351000.0,False,1 x NVIDIA RTX A1000,Intel(R) Core(TM) i7-14700,-0.05940263999991657,0.16470797720797847
main_campaign_default_alpha_0_5,test7_plato,CIFAR10,FedAVG,0.5,61,50,5,45002,44928,180900000.0,2035.15604736,2035.21545,2031.8688,351000.0,False,1 x NVIDIA RTX A1000,Intel(R) Core(TM) i7-14700,-0.05940263999991657,0.16470797720797847
main_campaign_default_alpha_0_5,test7_plato,CIFAR10,FedAVG,0.5,62,50,5,45002,44960,180900000.0,2035.15604736,2035.21545,2033.316,351250.0,False,1 x NVIDIA RTX A1000,Intel(R) Core(TM) i7-14700,-0.05940263999991657,0.09341637010675807
main_campaign_default_alpha_0_5,test7_plato,CIFAR10,FedAVG,0.5,63,50,5,45002,44928,180900000.0,2035.15604736,2035.21545,2031.8688,351000.0,False,1 x NVIDIA RTX A1000,Intel(R) Core(TM) i7-14700,-0.05940263999991657,0.16470797720797847
main_campaign_default_alpha_0_5,test7_plato,CIFAR10,FedAVG,0.5,64,50,5,45002,44928,180900000.0,2035.15604736,2035.21545,2031.8688,351000.0,False,1 x NVIDIA RTX A1000,Intel(R) Core(TM) i7-14700,-0.05940263999991657,0.16470797720797847
main_campaign_default_alpha_0_5,test7_plato,CIFAR10,FedAVG,0.5,65,50,5,45002,44928,180900000.0,2035.15604736,2035.21545,2031.8688,351000.0,False,1 x NVIDIA RTX A1000,Intel(R) Core(TM) i7-14700,-0.05940263999991657,0.16470797720797847
main_campaign_default_alpha_0_5,test7_plato,CIFAR10,FedAVG,0.5,66,50,5,45002,44960,180900000.0,2035.15604736,2035.21545,2033.316,351250.0,False,1 x NVIDIA RTX A1000,Intel(R) Core(TM) i7-14700,-0.05940263999991657,0.09341637010675807
main_campaign_default_alpha_0_5,test7_plato,CIFAR10,FedAVG,0.5,67,50,5,45002,44896,180900000.0,2035.15604736,2035.21545,2030.4216,350750.0,False,1 x NVIDIA RTX A1000,Intel(R) Core(TM) i7-14700,-0.05940263999991657,0.23610121168924358
main_campaign_default_alpha_0_5,test7_plato,CIFAR10,FedAVG,0.5,68,50,5,45002,44960,180900000.0,2035.15604736,2035.21545,2033.316,351250.0,False,1 x NVIDIA RTX A1000,Intel(R) Core(TM) i7-14700,-0.05940263999991657,0.09341637010675807
main_campaign_default_alpha_0_5,test7_plato,CIFAR10,FedAVG,0.5,69,50,5,45003,44928,180900000.0,2035.20127104,2035.260675,2031.8688,351000.0,False,1 x NVIDIA RTX A1000,Intel(R) Core(TM) i7-14700,-0.05940396000005421,0.16693376068375176
main_campaign_default_alpha_0_5,test7_plato,CIFAR10,FedAVG,0.5,70,50,5,45002,44864,180900000.0,2035.15604736,2035.21545,2028.9744,350500.0,False,1 x NVIDIA RTX A1000,Intel(R) Core(TM) i7-14700,-0.05940263999991657,0.3075962910128238
main_campaign_default_alpha_0_5,test7_plato,CIFAR10,FedAVG,0.5,71,50,5,45002,44960,180900000.0,2035.15604736,2035.21545,2033.316,351250.0,False,1 x NVIDIA RTX A1000,Intel(R) Core(TM) i7-14700,-0.05940263999991657,0.09341637010675807
main_campaign_default_alpha_0_5,test7_plato,CIFAR10,FedAvgM,0.5,42,50,5,45003,44928,180900000.0,2035.20127104,2035.260675,2031.8688,351000.0,False,1 x NVIDIA RTX A1000,Intel(R) Core(TM) i7-14700,-0.05940396000005421,0.16693376068375176
main_campaign_default_alpha_0_5,test7_plato,CIFAR10,FedAvgM,0.5,43,50,5,45003,44896,180900000.0,2035.20127104,2035.260675,2030.4216,350750.0,False,1 x NVIDIA RTX A1000,Intel(R) Core(TM) i7-14700,-0.05940396000005421,0.23832858161083603
main_campaign_default_alpha_0_5,test7_plato,CIFAR10,FedAvgM,0.5,44,50,5,45002,44928,180900000.0,2035.15604736,2035.21545,2031.8688,351000.0,False,1 x NVIDIA RTX A1000,Intel(R) Core(TM) i7-14700,-0.05940263999991657,0.16470797720797847
main_campaign_default_alpha_0_5,test7_plato,CIFAR10,FedAvgM,0.5,45,50,5,45001,44928,180900000.0,2035.11082368,2035.170225,2031.8688,351000.0,False,1 x NVIDIA RTX A1000,Intel(R) Core(TM) i7-14700,-0.05940132000000631,0.16248219373220518
main_campaign_default_alpha_0_5,test7_plato,CIFAR10,FedAvgM,0.5,46,50,5,45002,44896,180900000.0,2035.15604736,2035.21545,2030.4216,350750.0,False,1 x NVIDIA RTX A1000,Intel(R) Core(TM) i7-14700,-0.05940263999991657,0.23610121168924358
main_campaign_default_alpha_0_5,test7_plato,CIFAR10,FedAvgM,0.5,47,50,5,45002,44928,180900000.0,2035.15604736,2035.21545,2031.8688,351000.0,False,1 x NVIDIA RTX A1000,Intel(R) Core(TM) i7-14700,-0.05940263999991657,0.16470797720797847
main_campaign_default_alpha_0_5,test7_plato,CIFAR10,FedAvgM,0.5,48,50,5,45002,44928,180900000.0,2035.15604736,2035.21545,2031.8688,351000.0,False,1 x NVIDIA RTX A1000,Intel(R) Core(TM) i7-14700,-0.05940263999991657,0.16470797720797847
main_campaign_default_alpha_0_5,test7_plato,CIFAR10,FedAvgM,0.5,49,50,5,45002,44928,180900000.0,2035.15604736,2035.21545,2031.8688,351000.0,False,1 x NVIDIA RTX A1000,Intel(R) Core(TM) i7-14700,-0.05940263999991657,0.16470797720797847
main_campaign_default_alpha_0_5,test7_plato,CIFAR10,FedAvgM,0.5,50,50,5,45002,44928,180900000.0,2035.15604736,2035.21545,2031.8688,351000.0,False,1 x NVIDIA RTX A1000,Intel(R) Core(TM) i7-14700,-0.05940263999991657,0.16470797720797847
main_campaign_default_alpha_0_5,test7_plato,CIFAR10,FedAvgM,0.5,51,50,5,45002,44896,180900000.0,2035.15604736,2035.21545,2030.4216,350750.0,False,1 x NVIDIA RTX A1000,Intel(R) Core(TM) i7-14700,-0.05940263999991657,0.23610121168924358
main_campaign_default_alpha_0_5,test7_plato,CIFAR10,FedAvgM,0.5,52,50,5,45002,44928,180900000.0,2035.15604736,2035.21545,2031.8688,351000.0,False,1 x NVIDIA RTX A1000,Intel(R) Core(TM) i7-14700,-0.05940263999991657,0.16470797720797847
main_campaign_default_alpha_0_5,test7_plato,CIFAR10,FedAvgM,0.5,53,50,5,45002,44928,180900000.0,2035.15604736,2035.21545,2031.8688,351000.0,False,1 x NVIDIA RTX A1000,Intel(R) Core(TM) i7-14700,-0.05940263999991657,0.16470797720797847
main_campaign_default_alpha_0_5,test7_plato,CIFAR10,FedAvgM,0.5,54,50,5,45002,44928,180900000.0,2035.15604736,2035.21545,2031.8688,351000.0,False,1 x NVIDIA RTX A1000,Intel(R) Core(TM) i7-14700,-0.05940263999991657,0.16470797720797847
main_campaign_default_alpha_0_5,test7_plato,CIFAR10,FedAvgM,0.5,55,50,5,45002,44896,180900000.0,2035.15604736,2035.21545,2030.4216,350750.0,False,1 x NVIDIA RTX A1000,Intel(R) Core(TM) i7-14700,-0.05940263999991657,0.23610121168924358
main_campaign_default_alpha_0_5,test7_plato,CIFAR10,FedAvgM,0.5,56,50,5,45003,44928,180900000.0,2035.20127104,2035.260675,2031.8688,351000.0,False,1 x NVIDIA RTX A1000,Intel(R) Core(TM) i7-14700,-0.05940396000005421,0.16693376068375176
main_campaign_default_alpha_0_5,test7_plato,CIFAR10,FedAvgM,0.5,57,50,5,45003,44928,180900000.0,2035.20127104,2035.260675,2031.8688,351000.0,False,1 x NVIDIA RTX A1000,Intel(R) Core(TM) i7-14700,-0.05940396000005421,0.16693376068375176
main_campaign_default_alpha_0_5,test7_plato,CIFAR10,FedAvgM,0.5,58,50,5,45002,44928,180900000.0,2035.15604736,2035.21545,2031.8688,351000.0,False,1 x NVIDIA RTX A1000,Intel(R) Core(TM) i7-14700,-0.05940263999991657,0.16470797720797847
main_campaign_default_alpha_0_5,test7_plato,CIFAR10,FedAvgM,0.5,59,50,5,45003,44928,180900000.0,2035.20127104,2035.260675,2031.8688,351000.0,False,1 x NVIDIA RTX A1000,Intel(R) Core(TM) i7-14700,-0.05940396000005421,0.16693376068375176
main_campaign_default_alpha_0_5,test7_plato,CIFAR10,FedAvgM,0.5,60,50,5,45002,44928,180900000.0,2035.15604736,2035.21545,2031.8688,351000.0,False,1 x NVIDIA RTX A1000,Intel(R) Core(TM) i7-14700,-0.05940263999991657,0.16470797720797847
main_campaign_default_alpha_0_5,test7_plato,CIFAR10,FedAvgM,0.5,61,50,5,45002,44928,180900000.0,2035.15604736,2035.21545,2031.8688,351000.0,False,1 x NVIDIA RTX A1000,Intel(R) Core(TM) i7-14700,-0.05940263999991657,0.16470797720797847
main_campaign_default_alpha_0_5,test7_plato,CIFAR10,FedAvgM,0.5,62,50,5,45002,44960,180900000.0,2035.15604736,2035.21545,2033.316,351250.0,False,1 x NVIDIA RTX A1000,Intel(R) Core(TM) i7-14700,-0.05940263999991657,0.09341637010675807
main_campaign_default_alpha_0_5,test7_plato,CIFAR10,FedAvgM,0.5,63,50,5,45002,44928,180900000.0,2035.15604736,2035.21545,2031.8688,351000.0,False,1 x NVIDIA RTX A1000,Intel(R) Core(TM) i7-14700,-0.05940263999991657,0.16470797720797847
main_campaign_default_alpha_0_5,test7_plato,CIFAR10,FedAvgM,0.5,64,50,5,45002,44928,180900000.0,2035.15604736,2035.21545,2031.8688,351000.0,False,1 x NVIDIA RTX A1000,Intel(R) Core(TM) i7-14700,-0.05940263999991657,0.16470797720797847
main_campaign_default_alpha_0_5,test7_plato,CIFAR10,FedAvgM,0.5,65,50,5,45002,44928,180900000.0,2035.15604736,2035.21545,2031.8688,351000.0,False,1 x NVIDIA RTX A1000,Intel(R) Core(TM) i7-14700,-0.05940263999991657,0.16470797720797847
main_campaign_default_alpha_0_5,test7_plato,CIFAR10,FedAvgM,0.5,66,50,5,45002,44960,180900000.0,2035.15604736,2035.21545,2033.316,351250.0,False,1 x NVIDIA RTX A1000,Intel(R) Core(TM) i7-14700,-0.05940263999991657,0.09341637010675807
main_campaign_default_alpha_0_5,test7_plato,CIFAR10,FedAvgM,0.5,67,50,5,45002,44896,180900000.0,2035.15604736,2035.21545,2030.4216,350750.0,False,1 x NVIDIA RTX A1000,Intel(R) Core(TM) i7-14700,-0.05940263999991657,0.23610121168924358
main_campaign_default_alpha_0_5,test7_plato,CIFAR10,FedAvgM,0.5,68,50,5,45002,44960,180900000.0,2035.15604736,2035.21545,2033.316,351250.0,False,1 x NVIDIA RTX A1000,Intel(R) Core(TM) i7-14700,-0.05940263999991657,0.09341637010675807
main_campaign_default_alpha_0_5,test7_plato,CIFAR10,FedAvgM,0.5,69,50,5,45003,44928,180900000.0,2035.20127104,2035.260675,2031.8688,351000.0,False,1 x NVIDIA RTX A1000,Intel(R) Core(TM) i7-14700,-0.05940396000005421,0.16693376068375176
main_campaign_default_alpha_0_5,test7_plato,CIFAR10,FedAvgM,0.5,70,50,5,45002,44864,180900000.0,2035.15604736,2035.21545,2028.9744,350500.0,False,1 x NVIDIA RTX A1000,Intel(R) Core(TM) i7-14700,-0.05940263999991657,0.3075962910128238
main_campaign_default_alpha_0_5,test7_plato,CIFAR10,FedAvgM,0.5,71,50,5,45002,44960,180900000.0,2035.15604736,2035.21545,2033.316,351250.0,False,1 x NVIDIA RTX A1000,Intel(R) Core(TM) i7-14700,-0.05940263999991657,0.09341637010675807
main_campaign_default_alpha_0_5,test7_plato,CIFAR10,FedProx,0.5,42,50,5,45003,44928,180900000.0,2035.20127104,2035.260675,2031.8688,351000.0,False,1 x NVIDIA RTX A1000,Intel(R) Core(TM) i7-14700,-0.05940396000005421,0.16693376068375176
main_campaign_default_alpha_0_5,test7_plato,CIFAR10,FedProx,0.5,43,50,5,45003,44896,180900000.0,2035.20127104,2035.260675,2030.4216,350750.0,False,1 x NVIDIA RTX A1000,Intel(R) Core(TM) i7-14700,-0.05940396000005421,0.23832858161083603
main_campaign_default_alpha_0_5,test7_plato,CIFAR10,FedProx,0.5,44,50,5,45002,44928,180900000.0,2035.15604736,2035.21545,2031.8688,351000.0,False,1 x NVIDIA RTX A1000,Intel(R) Core(TM) i7-14700,-0.05940263999991657,0.16470797720797847
main_campaign_default_alpha_0_5,test7_plato,CIFAR10,FedProx,0.5,45,50,5,45001,44928,180900000.0,2035.11082368,2035.170225,2031.8688,351000.0,False,1 x NVIDIA RTX A1000,Intel(R) Core(TM) i7-14700,-0.05940132000000631,0.16248219373220518
main_campaign_default_alpha_0_5,test7_plato,CIFAR10,FedProx,0.5,46,50,5,45002,44896,180900000.0,2035.15604736,2035.21545,2030.4216,350750.0,False,1 x NVIDIA RTX A1000,Intel(R) Core(TM) i7-14700,-0.05940263999991657,0.23610121168924358
main_campaign_default_alpha_0_5,test7_plato,CIFAR10,FedProx,0.5,47,50,5,45002,44928,180900000.0,2035.15604736,2035.21545,2031.8688,351000.0,False,1 x NVIDIA RTX A1000,Intel(R) Core(TM) i7-14700,-0.05940263999991657,0.16470797720797847
main_campaign_default_alpha_0_5,test7_plato,CIFAR10,FedProx,0.5,48,50,5,45002,44928,180900000.0,2035.15604736,2035.21545,2031.8688,351000.0,False,1 x NVIDIA RTX A1000,Intel(R) Core(TM) i7-14700,-0.05940263999991657,0.16470797720797847
main_campaign_default_alpha_0_5,test7_plato,CIFAR10,FedProx,0.5,49,50,5,45002,44928,180900000.0,2035.15604736,2035.21545,2031.8688,351000.0,False,1 x NVIDIA RTX A1000,Intel(R) Core(TM) i7-14700,-0.05940263999991657,0.16470797720797847
main_campaign_default_alpha_0_5,test7_plato,CIFAR10,FedProx,0.5,50,50,5,45002,44928,180900000.0,2035.15604736,2035.21545,2031.8688,351000.0,False,1 x NVIDIA RTX A1000,Intel(R) Core(TM) i7-14700,-0.05940263999991657,0.16470797720797847
main_campaign_default_alpha_0_5,test7_plato,CIFAR10,FedProx,0.5,51,50,5,45002,44896,180900000.0,2035.15604736,2035.21545,2030.4216,350750.0,False,1 x NVIDIA RTX A1000,Intel(R) Core(TM) i7-14700,-0.05940263999991657,0.23610121168924358
main_campaign_default_alpha_0_5,test7_plato,CIFAR10,FedProx,0.5,52,50,5,45002,44928,180900000.0,2035.15604736,2035.21545,2031.8688,351000.0,False,1 x NVIDIA RTX A1000,Intel(R) Core(TM) i7-14700,-0.05940263999991657,0.16470797720797847
main_campaign_default_alpha_0_5,test7_plato,CIFAR10,FedProx,0.5,53,50,5,45002,44928,180900000.0,2035.15604736,2035.21545,2031.8688,351000.0,False,1 x NVIDIA RTX A1000,Intel(R) Core(TM) i7-14700,-0.05940263999991657,0.16470797720797847
main_campaign_default_alpha_0_5,test7_plato,CIFAR10,FedProx,0.5,54,50,5,45002,44928,180900000.0,2035.15604736,2035.21545,2031.8688,351000.0,False,1 x NVIDIA RTX A1000,Intel(R) Core(TM) i7-14700,-0.05940263999991657,0.16470797720797847
main_campaign_default_alpha_0_5,test7_plato,CIFAR10,FedProx,0.5,55,50,5,45002,44896,180900000.0,2035.15604736,2035.21545,2030.4216,350750.0,False,1 x NVIDIA RTX A1000,Intel(R) Core(TM) i7-14700,-0.05940263999991657,0.23610121168924358
main_campaign_default_alpha_0_5,test7_plato,CIFAR10,FedProx,0.5,56,50,5,45003,44928,180900000.0,2035.20127104,2035.260675,2031.8688,351000.0,False,1 x NVIDIA RTX A1000,Intel(R) Core(TM) i7-14700,-0.05940396000005421,0.16693376068375176
main_campaign_default_alpha_0_5,test7_plato,CIFAR10,FedProx,0.5,57,50,5,45003,44928,180900000.0,2035.20127104,2035.260675,2031.8688,351000.0,False,1 x NVIDIA RTX A1000,Intel(R) Core(TM) i7-14700,-0.05940396000005421,0.16693376068375176
main_campaign_default_alpha_0_5,test7_plato,CIFAR10,FedProx,0.5,58,50,5,45002,44928,180900000.0,2035.15604736,2035.21545,2031.8688,351000.0,False,1 x NVIDIA RTX A1000,Intel(R) Core(TM) i7-14700,-0.05940263999991657,0.16470797720797847
main_campaign_default_alpha_0_5,test7_plato,CIFAR10,FedProx,0.5,59,50,5,45003,44928,180900000.0,2035.20127104,2035.260675,2031.8688,351000.0,False,1 x NVIDIA RTX A1000,Intel(R) Core(TM) i7-14700,-0.05940396000005421,0.16693376068375176
main_campaign_default_alpha_0_5,test7_plato,CIFAR10,FedProx,0.5,60,50,5,45002,44928,180900000.0,2035.15604736,2035.21545,2031.8688,351000.0,False,1 x NVIDIA RTX A1000,Intel(R) Core(TM) i7-14700,-0.05940263999991657,0.16470797720797847
main_campaign_default_alpha_0_5,test7_plato,CIFAR10,FedProx,0.5,61,50,5,45002,44928,180900000.0,2035.15604736,2035.21545,2031.8688,351000.0,False,1 x NVIDIA RTX A1000,Intel(R) Core(TM) i7-14700,-0.05940263999991657,0.16470797720797847
main_campaign_default_alpha_0_5,test7_plato,CIFAR10,FedProx,0.5,62,50,5,45002,44960,180900000.0,2035.15604736,2035.21545,2033.316,351250.0,False,1 x NVIDIA RTX A1000,Intel(R) Core(TM) i7-14700,-0.05940263999991657,0.09341637010675807
main_campaign_default_alpha_0_5,test7_plato,CIFAR10,FedProx,0.5,63,50,5,45002,44928,180900000.0,2035.15604736,2035.21545,2031.8688,351000.0,False,1 x NVIDIA RTX A1000,Intel(R) Core(TM) i7-14700,-0.05940263999991657,0.16470797720797847
main_campaign_default_alpha_0_5,test7_plato,CIFAR10,FedProx,0.5,64,50,5,45002,44928,180900000.0,2035.15604736,2035.21545,2031.8688,351000.0,False,1 x NVIDIA RTX A1000,Intel(R) Core(TM) i7-14700,-0.05940263999991657,0.16470797720797847
main_campaign_default_alpha_0_5,test7_plato,CIFAR10,FedProx,0.5,65,50,5,45002,44928,180900000.0,2035.15604736,2035.21545,2031.8688,351000.0,False,1 x NVIDIA RTX A1000,Intel(R) Core(TM) i7-14700,-0.05940263999991657,0.16470797720797847
main_campaign_default_alpha_0_5,test7_plato,CIFAR10,FedProx,0.5,66,50,5,45002,44960,180900000.0,2035.15604736,2035.21545,2033.316,351250.0,False,1 x NVIDIA RTX A1000,Intel(R) Core(TM) i7-14700,-0.05940263999991657,0.09341637010675807
main_campaign_default_alpha_0_5,test7_plato,CIFAR10,FedProx,0.5,67,50,5,45002,44896,180900000.0,2035.15604736,2035.21545,2030.4216,350750.0,False,1 x NVIDIA RTX A1000,Intel(R) Core(TM) i7-14700,-0.05940263999991657,0.23610121168924358
main_campaign_default_alpha_0_5,test7_plato,CIFAR10,FedProx,0.5,68,50,5,45002,44960,180900000.0,2035.15604736,2035.21545,2033.316,351250.0,False,1 x NVIDIA RTX A1000,Intel(R) Core(TM) i7-14700,-0.05940263999991657,0.09341637010675807
main_campaign_default_alpha_0_5,test7_plato,CIFAR10,FedProx,0.5,69,50,5,45003,44928,180900000.0,2035.20127104,2035.260675,2031.8688,351000.0,False,1 x NVIDIA RTX A1000,Intel(R) Core(TM) i7-14700,-0.05940396000005421,0.16693376068375176
main_campaign_default_alpha_0_5,test7_plato,CIFAR10,FedProx,0.5,70,50,5,45002,44864,180900000.0,2035.15604736,2035.21545,2028.9744,350500.0,False,1 x NVIDIA RTX A1000,Intel(R) Core(TM) i7-14700,-0.05940263999991657,0.3075962910128238
main_campaign_default_alpha_0_5,test7_plato,CIFAR10,FedProx,0.5,71,50,5,45002,44960,180900000.0,2035.15604736,2035.21545,2033.316,351250.0,False,1 x NVIDIA RTX A1000,Intel(R) Core(TM) i7-14700,-0.05940263999991657,0.09341637010675807
main_campaign_default_alpha_0_5,test7_plato,CIFAR10,FedHAD,0.5,42,50,5,45003,44928,180900000.0,1604.554255872,1604.60109,1602.0504,276750.0,False,1 x NVIDIA RTX A1000,Intel(R) Core(TM) i7-14700,-0.04683412800000042,0.15921409214092463
main_campaign_default_alpha_0_5,test7_plato,CIFAR10,FedHAD,0.5,43,50,5,45003,44896,180900000.0,1628.161016832,1628.20854,1624.33728,280600.0,False,1 x NVIDIA RTX A1000,Intel(R) Core(TM) i7-14700,-0.047523167999997895,0.23832858161083603
main_campaign_default_alpha_0_5,test7_plato,CIFAR10,FedHAD,0.5,44,50,5,45002,44928,180900000.0,1628.124837888,1628.17236,1625.49504,280800.0,False,1 x NVIDIA RTX A1000,Intel(R) Core(TM) i7-14700,-0.04752211200002421,0.16470797720797847
main_campaign_default_alpha_0_5,test7_plato,CIFAR10,FedHAD,0.5,45,50,5,45001,44928,180900000.0,1570.681719552,1570.727565,1568.18592,270900.0,False,1 x NVIDIA RTX A1000,Intel(R) Core(TM) i7-14700,-0.045845447999909084,0.1620754891103804
main_campaign_default_alpha_0_5,test7_plato,CIFAR10,FedHAD,0.5,46,50,5,45002,44896,180900000.0,1568.682832896,1568.72862,1565.00208,270350.0,False,1 x NVIDIA RTX A1000,Intel(R) Core(TM) i7-14700,-0.04578710400005548,0.23811725540965334
main_campaign_default_alpha_0_5,test7_plato,CIFAR10,FedHAD,0.5,47,50,5,45002,44928,180900000.0,1906.99213824,1907.0478,1904.22576,328950.0,False,1 x NVIDIA RTX A1000,Intel(R) Core(TM) i7-14700,-0.05566176000002088,0.14819881440948368
main_campaign_default_alpha_0_5,test7_plato,CIFAR10,FedHAD,0.5,48,50,5,45002,44928,180900000.0,1589.359099392,1589.40549,1586.99952,274150.0,False,1 x NVIDIA RTX A1000,Intel(R) Core(TM) i7-14700,-0.046390608000137945,0.15160496078789887
main_campaign_default_alpha_0_5,test7_plato,CIFAR10,FedHAD,0.5,49,50,5,45002,44928,180900000.0,1628.124837888,1628.17236,1625.49504,280800.0,False,1 x NVIDIA RTX A1000,Intel(R) Core(TM) i7-14700,-0.04752211200002421,0.16470797720797847
main_campaign_default_alpha_0_5,test7_plato,CIFAR10,FedHAD,0.5,50,50,5,45002,44928,180900000.0,1628.124837888,1628.17236,1625.49504,280800.0,False,1 x NVIDIA RTX A1000,Intel(R) Core(TM) i7-14700,-0.04752211200002421,0.16470797720797847
main_campaign_default_alpha_0_5,test7_plato,CIFAR10,FedHAD,0.5,51,50,5,45002,44896,180900000.0,1628.124837888,1628.17236,1624.33728,280600.0,False,1 x NVIDIA RTX A1000,Intel(R) Core(TM) i7-14700,-0.04752211200002421,0.23610121168924358
main_campaign_default_alpha_0_5,test7_plato,CIFAR10,FedHAD,0.5,52,50,5,45002,44928,180900000.0,1628.124837888,1628.17236,1625.49504,280800.0,False,1 x NVIDIA RTX A1000,Intel(R) Core(TM) i7-14700,-0.04752211200002421,0.16470797720797847
main_campaign_default_alpha_0_5,test7_plato,CIFAR10,FedHAD,0.5,53,50,5,45002,44928,180900000.0,1566.81961728,1566.86535,1564.4232,270250.0,False,1 x NVIDIA RTX A1000,Intel(R) Core(TM) i7-14700,-0.04573271999993267,0.15610545790933905
main_campaign_default_alpha_0_5,test7_plato,CIFAR10,FedHAD,0.5,54,50,5,45002,44928,180900000.0,1583.181544704,1583.227755,1580.63184,273050.0,False,1 x NVIDIA RTX A1000,Intel(R) Core(TM) i7-14700,-0.0462102959997992,0.16423274125616505
main_campaign_default_alpha_0_5,test7_plato,CIFAR10,FedHAD,0.5,55,50,5,45002,44896,180900000.0,1628.124837888,1628.17236,1624.33728,280600.0,False,1 x NVIDIA RTX A1000,Intel(R) Core(TM) i7-14700,-0.04752211200002421,0.23610121168924358
main_campaign_default_alpha_0_5,test7_plato,CIFAR10,FedHAD,0.5,56,50,5,45003,44928,180900000.0,1593.356872704,1593.40338,1590.76224,274800.0,False,1 x NVIDIA RTX A1000,Intel(R) Core(TM) i7-14700,-0.04650729600007253,0.16602983988354136
main_campaign_default_alpha_0_5,test7_plato,CIFAR10,FedHAD,0.5,57,50,5,45003,44928,180900000.0,1595.681369856,1595.727945,1593.07776,275200.0,False,1 x NVIDIA RTX A1000,Intel(R) Core(TM) i7-14700,-0.046575144000144064,0.16635628633721034
main_campaign_default_alpha_0_5,test7_plato,CIFAR10,FedHAD,0.5,58,50,5,45002,44928,180900000.0,1628.124837888,1628.17236,1625.49504,280800.0,False,1 x NVIDIA RTX A1000,Intel(R) Core(TM) i7-14700,-0.04752211200002421,0.16470797720797847
main_campaign_default_alpha_0_5,test7_plato,CIFAR10,FedHAD,0.5,59,50,5,45003,44928,180900000.0,1596.459217152,1596.505815,1593.94608,275350.0,False,1 x NVIDIA RTX A1000,Intel(R) Core(TM) i7-14700,-0.046597847999919395,0.16059106591610472
main_campaign_default_alpha_0_5,test7_plato,CIFAR10,FedHAD,0.5,60,50,5,45002,44928,180900000.0,1628.124837888,1628.17236,1625.49504,280800.0,False,1 x NVIDIA RTX A1000,Intel(R) Core(TM) i7-14700,-0.04752211200002421,0.16470797720797847
main_campaign_default_alpha_0_5,test7_plato,CIFAR10,FedHAD,0.5,61,50,5,45002,44928,180900000.0,1628.124837888,1628.17236,1625.49504,280800.0,False,1 x NVIDIA RTX A1000,Intel(R) Core(TM) i7-14700,-0.04752211200002421,0.16470797720797847
main_campaign_default_alpha_0_5,test7_plato,CIFAR10,FedHAD,0.5,62,50,5,45002,44960,180900000.0,1628.124837888,1628.17236,1626.6528,281000.0,False,1 x NVIDIA RTX A1000,Intel(R) Core(TM) i7-14700,-0.04752211200002421,0.09341637010675807
main_campaign_default_alpha_0_5,test7_plato,CIFAR10,FedHAD,0.5,63,50,5,45002,44928,180900000.0,1628.124837888,1628.17236,1625.49504,280800.0,False,1 x NVIDIA RTX A1000,Intel(R) Core(TM) i7-14700,-0.04752211200002421,0.16470797720797847
main_campaign_default_alpha_0_5,test7_plato,CIFAR10,FedHAD,0.5,64,50,5,45002,44928,180900000.0,1628.124837888,1628.17236,1625.49504,280800.0,False,1 x NVIDIA RTX A1000,Intel(R) Core(TM) i7-14700,-0.04752211200002421,0.16470797720797847
main_campaign_default_alpha_0_5,test7_plato,CIFAR10,FedHAD,0.5,65,50,5,45002,44928,180900000.0,1628.124837888,1628.17236,1625.49504,280800.0,False,1 x NVIDIA RTX A1000,Intel(R) Core(TM) i7-14700,-0.04752211200002421,0.16470797720797847
main_campaign_default_alpha_0_5,test7_plato,CIFAR10,FedHAD,0.5,66,50,5,45002,44960,180900000.0,1628.124837888,1628.17236,1626.6528,281000.0,False,1 x NVIDIA RTX A1000,Intel(R) Core(TM) i7-14700,-0.04752211200002421,0.09341637010675807
main_campaign_default_alpha_0_5,test7_plato,CIFAR10,FedHAD,0.5,67,50,5,45002,44896,180900000.0,1628.124837888,1628.17236,1624.33728,280600.0,False,1 x NVIDIA RTX A1000,Intel(R) Core(TM) i7-14700,-0.04752211200002421,0.23610121168924358
main_campaign_default_alpha_0_5,test7_plato,CIFAR10,FedHAD,0.5,68,50,5,45002,44960,180900000.0,1628.124837888,1628.17236,1626.6528,281000.0,False,1 x NVIDIA RTX A1000,Intel(R) Core(TM) i7-14700,-0.04752211200002421,0.09341637010675807
main_campaign_default_alpha_0_5,test7_plato,CIFAR10,FedHAD,0.5,69,50,5,45003,44928,180900000.0,1746.077240064,1746.128205,1743.29712,301150.0,False,1 x NVIDIA RTX A1000,Intel(R) Core(TM) i7-14700,-0.05096493599990026,0.16239830649178444
main_campaign_default_alpha_0_5,test7_plato,CIFAR10,FedHAD,0.5,70,50,5,45002,44864,180900000.0,1560.162691584,1560.20823,1555.45056,268700.0,False,1 x NVIDIA RTX A1000,Intel(R) Core(TM) i7-14700,-0.045538415999999415,0.3058708596948234
main_campaign_default_alpha_0_5,test7_plato,CIFAR10,FedHAD,0.5,71,50,5,45002,44960,180900000.0,1628.124837888,1628.17236,1626.6528,281000.0,False,1 x NVIDIA RTX A1000,Intel(R) Core(TM) i7-14700,-0.04752211200002421,0.09341637010675807
main_campaign_default_alpha_0_01,test7_plato,CIFAR10,FedAVG,0.01,42,50,5,45001,44928,180900000.0,2035.11082368,2035.170225,2031.8688,351000.0,False,1 x NVIDIA A40,AMD EPYC 9354P 32-Core Processor,-0.05940132000000631,0.16248219373220518
main_campaign_default_alpha_0_01,test7_plato,CIFAR10,FedAVG,0.01,43,50,5,45001,44896,180900000.0,2035.11082368,2035.170225,2030.4216,350750.0,False,1 x NVIDIA A40,AMD EPYC 9354P 32-Core Processor,-0.05940132000000631,0.23387384176765114
main_campaign_default_alpha_0_01,test7_plato,CIFAR10,FedAVG,0.01,44,50,5,45003,44928,180900000.0,2035.20127104,2035.260675,2031.8688,351000.0,False,1 x NVIDIA A40,AMD EPYC 9354P 32-Core Processor,-0.05940396000005421,0.16693376068375176
main_campaign_default_alpha_0_01,test7_plato,CIFAR10,FedAVG,0.01,45,50,5,45002,44928,180900000.0,2035.15604736,2035.21545,2031.8688,351000.0,False,1 x NVIDIA A40,AMD EPYC 9354P 32-Core Processor,-0.05940263999991657,0.16470797720797847
main_campaign_default_alpha_0_01,test7_plato,CIFAR10,FedAVG,0.01,46,50,5,45000,44928,180900000.0,2035.0656,2035.125,2031.8688,351000.0,False,1 x NVIDIA A40,AMD EPYC 9354P 32-Core Processor,-0.05940000000009604,0.1602564102564097
main_campaign_default_alpha_0_01,test7_plato,CIFAR10,FedAVG,0.01,47,50,5,45003,44928,180900000.0,2035.20127104,2035.260675,2031.8688,351000.0,False,1 x NVIDIA A40,AMD EPYC 9354P 32-Core Processor,-0.05940396000005421,0.16693376068375176
main_campaign_default_alpha_0_01,test7_plato,CIFAR10,FedAVG,0.01,48,50,5,45001,44928,180900000.0,2035.11082368,2035.170225,2031.8688,351000.0,False,1 x NVIDIA A40,AMD EPYC 9354P 32-Core Processor,-0.05940132000000631,0.16248219373220518
main_campaign_default_alpha_0_01,test7_plato,CIFAR10,FedAVG,0.01,49,50,5,45003,44928,180900000.0,2035.20127104,2035.260675,2031.8688,351000.0,False,1 x NVIDIA A40,AMD EPYC 9354P 32-Core Processor,-0.05940396000005421,0.16693376068375176
main_campaign_default_alpha_0_01,test7_plato,CIFAR10,FedAVG,0.01,50,50,5,45002,44896,180900000.0,2035.15604736,2035.21545,2030.4216,350750.0,False,1 x NVIDIA A40,AMD EPYC 9354P 32-Core Processor,-0.05940263999991657,0.23610121168924358
main_campaign_default_alpha_0_01,test7_plato,CIFAR10,FedAVG,0.01,51,50,5,45001,44928,180900000.0,2035.11082368,2035.170225,2031.8688,351000.0,False,1 x NVIDIA A40,AMD EPYC 9354P 32-Core Processor,-0.05940132000000631,0.16248219373220518
main_campaign_default_alpha_0_01,test7_plato,CIFAR10,FedAVG,0.01,52,50,5,45001,44960,180900000.0,2035.11082368,2035.170225,2033.316,351250.0,False,1 x NVIDIA A40,AMD EPYC 9354P 32-Core Processor,-0.05940132000000631,0.09119217081849929
main_campaign_default_alpha_0_01,test7_plato,CIFAR10,FedAVG,0.01,53,50,5,45002,44896,180900000.0,2035.15604736,2035.21545,2030.4216,350750.0,False,1 x NVIDIA A40,AMD EPYC 9354P 32-Core Processor,-0.05940263999991657,0.23610121168924358
main_campaign_default_alpha_0_01,test7_plato,CIFAR10,FedAVG,0.01,54,50,5,45002,44928,180900000.0,2035.15604736,2035.21545,2031.8688,351000.0,False,1 x NVIDIA A40,AMD EPYC 9354P 32-Core Processor,-0.05940263999991657,0.16470797720797847
main_campaign_default_alpha_0_01,test7_plato,CIFAR10,FedAVG,0.01,55,50,5,45001,44929,180900000.0,2035.11082368,2035.170225,2031.914025,351000.0,False,1 x NVIDIA A40,AMD EPYC 9354P 32-Core Processor,-0.05940132000000631,0.16025284337510826
main_campaign_default_alpha_0_01,test7_plato,CIFAR10,FedAVG,0.01,56,50,5,45003,44960,180900000.0,2035.20127104,2035.260675,2033.316,351250.0,False,1 x NVIDIA A40,AMD EPYC 9354P 32-Core Processor,-0.05940396000005421,0.09564056939501686
main_campaign_default_alpha_0_01,test7_plato,CIFAR10,FedAVG,0.01,57,50,5,45001,44960,180900000.0,2035.11082368,2035.170225,2033.316,351250.0,False,1 x NVIDIA A40,AMD EPYC 9354P 32-Core Processor,-0.05940132000000631,0.09119217081849929
main_campaign_default_alpha_0_01,test7_plato,CIFAR10,FedAVG,0.01,58,50,5,45002,44928,180900000.0,2035.15604736,2035.21545,2031.8688,351000.0,False,1 x NVIDIA A40,AMD EPYC 9354P 32-Core Processor,-0.05940263999991657,0.16470797720797847
main_campaign_default_alpha_0_01,test7_plato,CIFAR10,FedAVG,0.01,59,50,5,45003,44928,180900000.0,2035.20127104,2035.260675,2031.8688,351000.0,False,1 x NVIDIA A40,AMD EPYC 9354P 32-Core Processor,-0.05940396000005421,0.16693376068375176
main_campaign_default_alpha_0_01,test7_plato,CIFAR10,FedAVG,0.01,60,50,5,45002,44896,180900000.0,2035.15604736,2035.21545,2030.4216,350750.0,False,1 x NVIDIA A40,AMD EPYC 9354P 32-Core Processor,-0.05940263999991657,0.23610121168924358
main_campaign_default_alpha_0_01,test7_plato,CIFAR10,FedAVG,0.01,61,50,5,45003,44960,180900000.0,2035.20127104,2035.260675,2033.316,351250.0,False,1 x NVIDIA A40,AMD EPYC 9354P 32-Core Processor,-0.05940396000005421,0.09564056939501686
main_campaign_default_alpha_0_01,test7_plato,CIFAR10,FedAVG,0.01,62,50,5,45002,44928,180900000.0,2035.15604736,2035.21545,2031.8688,351000.0,False,1 x NVIDIA A40,AMD EPYC 9354P 32-Core Processor,-0.05940263999991657,0.16470797720797847
main_campaign_default_alpha_0_01,test7_plato,CIFAR10,FedAVG,0.01,63,50,5,45002,44928,180900000.0,2035.15604736,2035.21545,2031.8688,351000.0,False,1 x NVIDIA A40,AMD EPYC 9354P 32-Core Processor,-0.05940263999991657,0.16470797720797847
main_campaign_default_alpha_0_01,test7_plato,CIFAR10,FedAVG,0.01,64,50,5,45002,44928,180900000.0,2035.15604736,2035.21545,2031.8688,351000.0,False,1 x NVIDIA A40,AMD EPYC 9354P 32-Core Processor,-0.05940263999991657,0.16470797720797847
main_campaign_default_alpha_0_01,test7_plato,CIFAR10,FedAVG,0.01,65,50,5,45002,44928,180900000.0,2035.15604736,2035.21545,2031.8688,351000.0,False,1 x NVIDIA A40,AMD EPYC 9354P 32-Core Processor,-0.05940263999991657,0.16470797720797847
main_campaign_default_alpha_0_01,test7_plato,CIFAR10,FedAVG,0.01,66,50,5,45003,44928,180900000.0,2035.20127104,2035.260675,2031.8688,351000.0,False,1 x NVIDIA A40,AMD EPYC 9354P 32-Core Processor,-0.05940396000005421,0.16693376068375176
main_campaign_default_alpha_0_01,test7_plato,CIFAR10,FedAVG,0.01,67,50,5,45003,44928,180900000.0,2035.20127104,2035.260675,2031.8688,351000.0,False,1 x NVIDIA A40,AMD EPYC 9354P 32-Core Processor,-0.05940396000005421,0.16693376068375176
main_campaign_default_alpha_0_01,test7_plato,CIFAR10,FedAVG,0.01,68,50,5,45002,44928,180900000.0,2035.15604736,2035.21545,2031.8688,351000.0,False,1 x NVIDIA A40,AMD EPYC 9354P 32-Core Processor,-0.05940263999991657,0.16470797720797847
main_campaign_default_alpha_0_01,test7_plato,CIFAR10,FedAVG,0.01,69,50,5,45001,44929,180900000.0,2035.11082368,2035.170225,2031.914025,351000.0,False,1 x NVIDIA A40,AMD EPYC 9354P 32-Core Processor,-0.05940132000000631,0.16025284337510826
main_campaign_default_alpha_0_01,test7_plato,CIFAR10,FedAVG,0.01,70,50,5,45001,44896,180900000.0,2035.11082368,2035.170225,2030.4216,350750.0,False,1 x NVIDIA A40,AMD EPYC 9354P 32-Core Processor,-0.05940132000000631,0.23387384176765114
main_campaign_default_alpha_0_01,test7_plato,CIFAR10,FedAVG,0.01,71,50,5,45002,44928,180900000.0,2035.15604736,2035.21545,2031.8688,351000.0,False,1 x NVIDIA A40,AMD EPYC 9354P 32-Core Processor,-0.05940263999991657,0.16470797720797847
main_campaign_default_alpha_0_01,test7_plato,CIFAR10,FedAvgM,0.01,42,50,5,45001,44928,180900000.0,2035.11082368,2035.170225,2031.8688,351000.0,False,1 x NVIDIA A40,AMD EPYC 9354P 32-Core Processor,-0.05940132000000631,0.16248219373220518
main_campaign_default_alpha_0_01,test7_plato,CIFAR10,FedAvgM,0.01,43,50,5,45001,44896,180900000.0,2035.11082368,2035.170225,2030.4216,350750.0,False,1 x NVIDIA A40,AMD EPYC 9354P 32-Core Processor,-0.05940132000000631,0.23387384176765114
main_campaign_default_alpha_0_01,test7_plato,CIFAR10,FedAvgM,0.01,44,50,5,45003,44928,180900000.0,2035.20127104,2035.260675,2031.8688,351000.0,False,1 x NVIDIA A40,AMD EPYC 9354P 32-Core Processor,-0.05940396000005421,0.16693376068375176
main_campaign_default_alpha_0_01,test7_plato,CIFAR10,FedAvgM,0.01,45,50,5,45002,44928,180900000.0,2035.15604736,2035.21545,2031.8688,351000.0,False,1 x NVIDIA A40,AMD EPYC 9354P 32-Core Processor,-0.05940263999991657,0.16470797720797847
main_campaign_default_alpha_0_01,test7_plato,CIFAR10,FedAvgM,0.01,46,50,5,45000,44928,180900000.0,2035.0656,2035.125,2031.8688,351000.0,False,1 x NVIDIA A40,AMD EPYC 9354P 32-Core Processor,-0.05940000000009604,0.1602564102564097
main_campaign_default_alpha_0_01,test7_plato,CIFAR10,FedAvgM,0.01,47,50,5,45003,44928,180900000.0,2035.20127104,2035.260675,2031.8688,351000.0,False,1 x NVIDIA A40,AMD EPYC 9354P 32-Core Processor,-0.05940396000005421,0.16693376068375176
main_campaign_default_alpha_0_01,test7_plato,CIFAR10,FedAvgM,0.01,48,50,5,45001,44928,180900000.0,2035.11082368,2035.170225,2031.8688,351000.0,False,1 x NVIDIA A40,AMD EPYC 9354P 32-Core Processor,-0.05940132000000631,0.16248219373220518
main_campaign_default_alpha_0_01,test7_plato,CIFAR10,FedAvgM,0.01,49,50,5,45003,44928,180900000.0,2035.20127104,2035.260675,2031.8688,351000.0,False,1 x NVIDIA A40,AMD EPYC 9354P 32-Core Processor,-0.05940396000005421,0.16693376068375176
main_campaign_default_alpha_0_01,test7_plato,CIFAR10,FedAvgM,0.01,50,50,5,45002,44896,180900000.0,2035.15604736,2035.21545,2030.4216,350750.0,False,1 x NVIDIA A40,AMD EPYC 9354P 32-Core Processor,-0.05940263999991657,0.23610121168924358
main_campaign_default_alpha_0_01,test7_plato,CIFAR10,FedAvgM,0.01,51,50,5,45001,44928,180900000.0,2035.11082368,2035.170225,2031.8688,351000.0,False,1 x NVIDIA A40,AMD EPYC 9354P 32-Core Processor,-0.05940132000000631,0.16248219373220518
main_campaign_default_alpha_0_01,test7_plato,CIFAR10,FedAvgM,0.01,52,50,5,45001,44960,180900000.0,2035.11082368,2035.170225,2033.316,351250.0,False,1 x NVIDIA A40,AMD EPYC 9354P 32-Core Processor,-0.05940132000000631,0.09119217081849929
main_campaign_default_alpha_0_01,test7_plato,CIFAR10,FedAvgM,0.01,53,50,5,45002,44896,180900000.0,2035.15604736,2035.21545,2030.4216,350750.0,False,1 x NVIDIA A40,AMD EPYC 9354P 32-Core Processor,-0.05940263999991657,0.23610121168924358
main_campaign_default_alpha_0_01,test7_plato,CIFAR10,FedAvgM,0.01,54,50,5,45002,44928,180900000.0,2035.15604736,2035.21545,2031.8688,351000.0,False,1 x NVIDIA A40,AMD EPYC 9354P 32-Core Processor,-0.05940263999991657,0.16470797720797847
main_campaign_default_alpha_0_01,test7_plato,CIFAR10,FedAvgM,0.01,55,50,5,45001,44929,180900000.0,2035.11082368,2035.170225,2031.914025,351000.0,False,1 x NVIDIA A40,AMD EPYC 9354P 32-Core Processor,-0.05940132000000631,0.16025284337510826
main_campaign_default_alpha_0_01,test7_plato,CIFAR10,FedAvgM,0.01,56,50,5,45003,44960,180900000.0,2035.20127104,2035.260675,2033.316,351250.0,False,1 x NVIDIA A40,AMD EPYC 9354P 32-Core Processor,-0.05940396000005421,0.09564056939501686
main_campaign_default_alpha_0_01,test7_plato,CIFAR10,FedAvgM,0.01,57,50,5,45001,44960,180900000.0,2035.11082368,2035.170225,2033.316,351250.0,False,1 x NVIDIA A40,AMD EPYC 9354P 32-Core Processor,-0.05940132000000631,0.09119217081849929
main_campaign_default_alpha_0_01,test7_plato,CIFAR10,FedAvgM,0.01,58,50,5,45002,44928,180900000.0,2035.15604736,2035.21545,2031.8688,351000.0,False,1 x NVIDIA A40,AMD EPYC 9354P 32-Core Processor,-0.05940263999991657,0.16470797720797847
main_campaign_default_alpha_0_01,test7_plato,CIFAR10,FedAvgM,0.01,59,50,5,45003,44928,180900000.0,2035.20127104,2035.260675,2031.8688,351000.0,False,1 x NVIDIA A40,AMD EPYC 9354P 32-Core Processor,-0.05940396000005421,0.16693376068375176
main_campaign_default_alpha_0_01,test7_plato,CIFAR10,FedAvgM,0.01,60,50,5,45002,44896,180900000.0,2035.15604736,2035.21545,2030.4216,350750.0,False,1 x NVIDIA A40,AMD EPYC 9354P 32-Core Processor,-0.05940263999991657,0.23610121168924358
main_campaign_default_alpha_0_01,test7_plato,CIFAR10,FedAvgM,0.01,61,50,5,45003,44960,180900000.0,2035.20127104,2035.260675,2033.316,351250.0,False,1 x NVIDIA A40,AMD EPYC 9354P 32-Core Processor,-0.05940396000005421,0.09564056939501686
main_campaign_default_alpha_0_01,test7_plato,CIFAR10,FedAvgM,0.01,62,50,5,45002,44928,180900000.0,2035.15604736,2035.21545,2031.8688,351000.0,False,1 x NVIDIA A40,AMD EPYC 9354P 32-Core Processor,-0.05940263999991657,0.16470797720797847
main_campaign_default_alpha_0_01,test7_plato,CIFAR10,FedAvgM,0.01,63,50,5,45002,44928,180900000.0,2035.15604736,2035.21545,2031.8688,351000.0,False,1 x NVIDIA A40,AMD EPYC 9354P 32-Core Processor,-0.05940263999991657,0.16470797720797847
main_campaign_default_alpha_0_01,test7_plato,CIFAR10,FedAvgM,0.01,64,50,5,45002,44928,180900000.0,2035.15604736,2035.21545,2031.8688,351000.0,False,1 x NVIDIA A40,AMD EPYC 9354P 32-Core Processor,-0.05940263999991657,0.16470797720797847
main_campaign_default_alpha_0_01,test7_plato,CIFAR10,FedAvgM,0.01,65,50,5,45002,44928,180900000.0,2035.15604736,2035.21545,2031.8688,351000.0,False,1 x NVIDIA A40,AMD EPYC 9354P 32-Core Processor,-0.05940263999991657,0.16470797720797847
main_campaign_default_alpha_0_01,test7_plato,CIFAR10,FedAvgM,0.01,66,50,5,45003,44928,180900000.0,2035.20127104,2035.260675,2031.8688,351000.0,False,1 x NVIDIA A40,AMD EPYC 9354P 32-Core Processor,-0.05940396000005421,0.16693376068375176
main_campaign_default_alpha_0_01,test7_plato,CIFAR10,FedAvgM,0.01,67,50,5,45003,44928,180900000.0,2035.20127104,2035.260675,2031.8688,351000.0,False,1 x NVIDIA A40,AMD EPYC 9354P 32-Core Processor,-0.05940396000005421,0.16693376068375176
main_campaign_default_alpha_0_01,test7_plato,CIFAR10,FedAvgM,0.01,68,50,5,45002,44928,180900000.0,2035.15604736,2035.21545,2031.8688,351000.0,False,1 x NVIDIA A40,AMD EPYC 9354P 32-Core Processor,-0.05940263999991657,0.16470797720797847
main_campaign_default_alpha_0_01,test7_plato,CIFAR10,FedAvgM,0.01,69,50,5,45001,44929,180900000.0,2035.11082368,2035.170225,2031.914025,351000.0,False,1 x NVIDIA A40,AMD EPYC 9354P 32-Core Processor,-0.05940132000000631,0.16025284337510826
main_campaign_default_alpha_0_01,test7_plato,CIFAR10,FedAvgM,0.01,70,50,5,45001,44896,180900000.0,2035.11082368,2035.170225,2030.4216,350750.0,False,1 x NVIDIA A40,AMD EPYC 9354P 32-Core Processor,-0.05940132000000631,0.23387384176765114
main_campaign_default_alpha_0_01,test7_plato,CIFAR10,FedAvgM,0.01,71,50,5,45002,44928,180900000.0,2035.15604736,2035.21545,2031.8688,351000.0,False,1 x NVIDIA A40,AMD EPYC 9354P 32-Core Processor,-0.05940263999991657,0.16470797720797847
main_campaign_default_alpha_0_01,test7_plato,CIFAR10,FedProx,0.01,42,50,5,45001,44928,180900000.0,2035.11082368,2035.170225,2031.8688,351000.0,False,1 x NVIDIA A40,AMD EPYC 9354P 32-Core Processor,-0.05940132000000631,0.16248219373220518
main_campaign_default_alpha_0_01,test7_plato,CIFAR10,FedProx,0.01,43,50,5,45001,44896,180900000.0,2035.11082368,2035.170225,2030.4216,350750.0,False,1 x NVIDIA A40,AMD EPYC 9354P 32-Core Processor,-0.05940132000000631,0.23387384176765114
main_campaign_default_alpha_0_01,test7_plato,CIFAR10,FedProx,0.01,44,50,5,45003,44928,180900000.0,2035.20127104,2035.260675,2031.8688,351000.0,False,1 x NVIDIA A40,AMD EPYC 9354P 32-Core Processor,-0.05940396000005421,0.16693376068375176
main_campaign_default_alpha_0_01,test7_plato,CIFAR10,FedProx,0.01,45,50,5,45002,44928,180900000.0,2035.15604736,2035.21545,2031.8688,351000.0,False,1 x NVIDIA A40,AMD EPYC 9354P 32-Core Processor,-0.05940263999991657,0.16470797720797847
main_campaign_default_alpha_0_01,test7_plato,CIFAR10,FedProx,0.01,46,50,5,45000,44928,180900000.0,2035.0656,2035.125,2031.8688,351000.0,False,1 x NVIDIA A40,AMD EPYC 9354P 32-Core Processor,-0.05940000000009604,0.1602564102564097
main_campaign_default_alpha_0_01,test7_plato,CIFAR10,FedProx,0.01,47,50,5,45003,44928,180900000.0,2035.20127104,2035.260675,2031.8688,351000.0,False,1 x NVIDIA A40,AMD EPYC 9354P 32-Core Processor,-0.05940396000005421,0.16693376068375176
main_campaign_default_alpha_0_01,test7_plato,CIFAR10,FedProx,0.01,48,50,5,45001,44928,180900000.0,2035.11082368,2035.170225,2031.8688,351000.0,False,1 x NVIDIA A40,AMD EPYC 9354P 32-Core Processor,-0.05940132000000631,0.16248219373220518
main_campaign_default_alpha_0_01,test7_plato,CIFAR10,FedProx,0.01,49,50,5,45003,44928,180900000.0,2035.20127104,2035.260675,2031.8688,351000.0,False,1 x NVIDIA A40,AMD EPYC 9354P 32-Core Processor,-0.05940396000005421,0.16693376068375176
main_campaign_default_alpha_0_01,test7_plato,CIFAR10,FedProx,0.01,50,50,5,45002,44896,180900000.0,2035.15604736,2035.21545,2030.4216,350750.0,False,1 x NVIDIA A40,AMD EPYC 9354P 32-Core Processor,-0.05940263999991657,0.23610121168924358
main_campaign_default_alpha_0_01,test7_plato,CIFAR10,FedProx,0.01,51,50,5,45001,44928,180900000.0,2035.11082368,2035.170225,2031.8688,351000.0,False,1 x NVIDIA A40,AMD EPYC 9354P 32-Core Processor,-0.05940132000000631,0.16248219373220518
main_campaign_default_alpha_0_01,test7_plato,CIFAR10,FedProx,0.01,52,50,5,45001,44960,180900000.0,2035.11082368,2035.170225,2033.316,351250.0,False,1 x NVIDIA A40,AMD EPYC 9354P 32-Core Processor,-0.05940132000000631,0.09119217081849929
main_campaign_default_alpha_0_01,test7_plato,CIFAR10,FedProx,0.01,53,50,5,45002,44896,180900000.0,2035.15604736,2035.21545,2030.4216,350750.0,False,1 x NVIDIA A40,AMD EPYC 9354P 32-Core Processor,-0.05940263999991657,0.23610121168924358
main_campaign_default_alpha_0_01,test7_plato,CIFAR10,FedProx,0.01,54,50,5,45002,44928,180900000.0,2035.15604736,2035.21545,2031.8688,351000.0,False,1 x NVIDIA A40,AMD EPYC 9354P 32-Core Processor,-0.05940263999991657,0.16470797720797847
main_campaign_default_alpha_0_01,test7_plato,CIFAR10,FedProx,0.01,55,50,5,45001,44929,180900000.0,2035.11082368,2035.170225,2031.914025,351000.0,False,1 x NVIDIA A40,AMD EPYC 9354P 32-Core Processor,-0.05940132000000631,0.16025284337510826
main_campaign_default_alpha_0_01,test7_plato,CIFAR10,FedProx,0.01,56,50,5,45003,44960,180900000.0,2035.20127104,2035.260675,2033.316,351250.0,False,1 x NVIDIA A40,AMD EPYC 9354P 32-Core Processor,-0.05940396000005421,0.09564056939501686
main_campaign_default_alpha_0_01,test7_plato,CIFAR10,FedProx,0.01,57,50,5,45001,44960,180900000.0,2035.11082368,2035.170225,2033.316,351250.0,False,1 x NVIDIA A40,AMD EPYC 9354P 32-Core Processor,-0.05940132000000631,0.09119217081849929
main_campaign_default_alpha_0_01,test7_plato,CIFAR10,FedProx,0.01,58,50,5,45002,44928,180900000.0,2035.15604736,2035.21545,2031.8688,351000.0,False,1 x NVIDIA A40,AMD EPYC 9354P 32-Core Processor,-0.05940263999991657,0.16470797720797847
main_campaign_default_alpha_0_01,test7_plato,CIFAR10,FedProx,0.01,59,50,5,45003,44928,180900000.0,2035.20127104,2035.260675,2031.8688,351000.0,False,1 x NVIDIA A40,AMD EPYC 9354P 32-Core Processor,-0.05940396000005421,0.16693376068375176
main_campaign_default_alpha_0_01,test7_plato,CIFAR10,FedProx,0.01,60,50,5,45002,44896,180900000.0,2035.15604736,2035.21545,2030.4216,350750.0,False,1 x NVIDIA A40,AMD EPYC 9354P 32-Core Processor,-0.05940263999991657,0.23610121168924358
main_campaign_default_alpha_0_01,test7_plato,CIFAR10,FedProx,0.01,61,50,5,45003,44960,180900000.0,2035.20127104,2035.260675,2033.316,351250.0,False,1 x NVIDIA A40,AMD EPYC 9354P 32-Core Processor,-0.05940396000005421,0.09564056939501686
main_campaign_default_alpha_0_01,test7_plato,CIFAR10,FedProx,0.01,62,50,5,45002,44928,180900000.0,2035.15604736,2035.21545,2031.8688,351000.0,False,1 x NVIDIA A40,AMD EPYC 9354P 32-Core Processor,-0.05940263999991657,0.16470797720797847
main_campaign_default_alpha_0_01,test7_plato,CIFAR10,FedProx,0.01,63,50,5,45002,44928,180900000.0,2035.15604736,2035.21545,2031.8688,351000.0,False,1 x NVIDIA A40,AMD EPYC 9354P 32-Core Processor,-0.05940263999991657,0.16470797720797847
main_campaign_default_alpha_0_01,test7_plato,CIFAR10,FedProx,0.01,64,50,5,45002,44928,180900000.0,2035.15604736,2035.21545,2031.8688,351000.0,False,1 x NVIDIA A40,AMD EPYC 9354P 32-Core Processor,-0.05940263999991657,0.16470797720797847
main_campaign_default_alpha_0_01,test7_plato,CIFAR10,FedProx,0.01,65,50,5,45002,44928,180900000.0,2035.15604736,2035.21545,2031.8688,351000.0,False,1 x NVIDIA A40,AMD EPYC 9354P 32-Core Processor,-0.05940263999991657,0.16470797720797847
main_campaign_default_alpha_0_01,test7_plato,CIFAR10,FedProx,0.01,66,50,5,45003,44928,180900000.0,2035.20127104,2035.260675,2031.8688,351000.0,False,1 x NVIDIA A40,AMD EPYC 9354P 32-Core Processor,-0.05940396000005421,0.16693376068375176
main_campaign_default_alpha_0_01,test7_plato,CIFAR10,FedProx,0.01,67,50,5,45003,44928,180900000.0,2035.20127104,2035.260675,2031.8688,351000.0,False,1 x NVIDIA A40,AMD EPYC 9354P 32-Core Processor,-0.05940396000005421,0.16693376068375176
main_campaign_default_alpha_0_01,test7_plato,CIFAR10,FedProx,0.01,68,50,5,45002,44928,180900000.0,2035.15604736,2035.21545,2031.8688,351000.0,False,1 x NVIDIA A40,AMD EPYC 9354P 32-Core Processor,-0.05940263999991657,0.16470797720797847
main_campaign_default_alpha_0_01,test7_plato,CIFAR10,FedProx,0.01,69,50,5,45001,44929,180900000.0,2035.11082368,2035.170225,2031.914025,351000.0,False,1 x NVIDIA A40,AMD EPYC 9354P 32-Core Processor,-0.05940132000000631,0.16025284337510826
main_campaign_default_alpha_0_01,test7_plato,CIFAR10,FedProx,0.01,70,50,5,45001,44896,180900000.0,2035.11082368,2035.170225,2030.4216,350750.0,False,1 x NVIDIA A40,AMD EPYC 9354P 32-Core Processor,-0.05940132000000631,0.23387384176765114
main_campaign_default_alpha_0_01,test7_plato,CIFAR10,FedProx,0.01,71,50,5,45002,44928,180900000.0,2035.15604736,2035.21545,2031.8688,351000.0,False,1 x NVIDIA A40,AMD EPYC 9354P 32-Core Processor,-0.05940263999991657,0.16470797720797847
main_campaign_default_alpha_0_01,test7_plato,CIFAR10,FedHAD,0.01,42,50,5,45001,44928,180900000.0,1334.27945472,1334.3184,1332.58176,230200.0,False,1 x NVIDIA A40,AMD EPYC 9354P 32-Core Processor,-0.03894528000000719,0.13032145960034658
main_campaign_default_alpha_0_01,test7_plato,CIFAR10,FedHAD,0.01,43,50,5,45001,44896,180900000.0,1292.528953344,1292.56668,1290.03408,222850.0,False,1 x NVIDIA A40,AMD EPYC 9354P 32-Core Processor,-0.037726655999904324,0.19632039488444164
main_campaign_default_alpha_0_01,test7_plato,CIFAR10,FedHAD,0.01,44,50,5,45003,44928,180900000.0,1341.053961984,1341.093105,1339.23888,231350.0,False,1 x NVIDIA A40,AMD EPYC 9354P 32-Core Processor,-0.039143016000025455,0.13845364166844565
main_campaign_default_alpha_0_01,test7_plato,CIFAR10,FedHAD,0.01,45,50,5,45002,44928,180900000.0,1275.62434176,1275.661575,1273.82544,220050.0,False,1 x NVIDIA A40,AMD EPYC 9354P 32-Core Processor,-0.03723323999997774,0.1441433765053457
main_campaign_default_alpha_0_01,test7_plato,CIFAR10,FedHAD,0.01,46,50,5,45000,44928,180900000.0,1343.143296,1343.1825,1341.5544,231750.0,False,1 x NVIDIA A40,AMD EPYC 9354P 32-Core Processor,-0.039203999999926964,0.12135922330096527
main_campaign_default_alpha_0_01,test7_plato,CIFAR10,FedHAD,0.01,47,50,5,45003,44928,180900000.0,1341.207722496,1341.24687,1339.23888,231350.0,False,1 x NVIDIA A40,AMD EPYC 9354P 32-Core Processor,-0.03914750399985678,0.1499351631726764
main_campaign_default_alpha_0_01,test7_plato,CIFAR10,FedHAD,0.01,48,50,5,45001,44928,180900000.0,1221.066494208,1221.102135,1219.12128,210600.0,False,1 x NVIDIA A40,AMD EPYC 9354P 32-Core Processor,-0.035640792000094734,0.16248219373220518
main_campaign_default_alpha_0_01,test7_plato,CIFAR10,FedHAD,0.01,49,50,5,45003,44928,180900000.0,1273.81539456,1273.852575,1272.0888,219750.0,False,1 x NVIDIA A40,AMD EPYC 9354P 32-Core Processor,-0.03718043999992915,0.13865187713308913
main_campaign_default_alpha_0_01,test7_plato,CIFAR10,FedHAD,0.01,50,50,5,45002,44896,180900000.0,1310.003383296,1310.04162,1307.40048,225850.0,False,1 x NVIDIA A40,AMD EPYC 9354P 32-Core Processor,-0.03823670399992807,0.20201461146778232
main_campaign_default_alpha_0_01,test7_plato,CIFAR10,FedHAD,0.01,51,50,5,45001,44928,180900000.0,1343.161385472,1343.20059,1341.26496,231700.0,False,1 x NVIDIA A40,AMD EPYC 9354P 32-Core Processor,-0.039204528000027494,0.14431376780319471
main_campaign_default_alpha_0_01,test7_plato,CIFAR10,FedHAD,0.01,52,50,5,45001,44960,180900000.0,1483.51759872,1483.5609,1482.22224,256050.0,False,1 x NVIDIA A40,AMD EPYC 9354P 32-Core Processor,-0.04330127999992328,0.0903143917203586
main_campaign_default_alpha_0_01,test7_plato,CIFAR10,FedHAD,0.01,53,50,5,45002,44896,180900000.0,1300.04512896,1300.083075,1297.27008,224100.0,False,1 x NVIDIA A40,AMD EPYC 9354P 32-Core Processor,-0.03794603999995161,0.21683958054439234
main_campaign_default_alpha_0_01,test7_plato,CIFAR10,FedHAD,0.01,54,50,5,45002,44928,180900000.0,1423.469596416,1423.511145,1421.43984,245550.0,False,1 x NVIDIA A40,AMD EPYC 9354P 32-Core Processor,-0.041548583999883704,0.14571879454285952
main_campaign_default_alpha_0_01,test7_plato,CIFAR10,FedHAD,0.01,55,50,5,45001,44929,180900000.0,1464.903532032,1464.94629,1462.84785,252700.0,False,1 x NVIDIA A40,AMD EPYC 9354P 32-Core Processor,-0.04275796800015996,0.14344895814011327
main_campaign_default_alpha_0_01,test7_plato,CIFAR10,FedHAD,0.01,56,50,5,45003,44960,180900000.0,1182.906753024,1182.94128,1181.78352,204150.0,False,1 x NVIDIA A40,AMD EPYC 9354P 32-Core Processor,-0.034526976000051945,0.09796718099437385
main_campaign_default_alpha_0_01,test7_plato,CIFAR10,FedHAD,0.01,57,50,5,45001,44960,180900000.0,1382.903955456,1382.94432,1381.78656,238700.0,False,1 x NVIDIA A40,AMD EPYC 9354P 32-Core Processor,-0.0403645440001128,0.08378718056136769
main_campaign_default_alpha_0_01,test7_plato,CIFAR10,FedHAD,0.01,58,50,5,45002,44928,180900000.0,1180.392316416,1180.42677,1178.59968,203600.0,False,1 x NVIDIA A40,AMD EPYC 9354P 32-Core Processor,-0.03445358399994802,0.15502210216109535
main_campaign_default_alpha_0_01,test7_plato,CIFAR10,FedHAD,0.01,59,50,5,45003,44928,180900000.0,1342.293090816,1342.33227,1340.1072,231500.0,False,1 x NVIDIA A40,AMD EPYC 9354P 32-Core Processor,-0.03917918400020426,0.16603671706265644
main_campaign_default_alpha_0_01,test7_plato,CIFAR10,FedHAD,0.01,60,50,5,45002,44896,180900000.0,1299.972771072,1300.010715,1297.27008,224100.0,False,1 x NVIDIA A40,AMD EPYC 9354P 32-Core Processor,-0.037943928000004234,0.21126171352074952
main_campaign_default_alpha_0_01,test7_plato,CIFAR10,FedHAD,0.01,61,50,5,45003,44960,180900000.0,1381.67387136,1381.7142,1380.6288,238500.0,False,1 x NVIDIA A40,AMD EPYC 9354P 32-Core Processor,-0.040328639999870575,0.07861635220125507
main_campaign_default_alpha_0_01,test7_plato,CIFAR10,FedHAD,0.01,62,50,5,45002,44928,180900000.0,1345.748179968,1345.78746,1343.86992,232150.0,False,1 x NVIDIA A40,AMD EPYC 9354P 32-Core Processor,-0.03928003200007879,0.14268791729483699
main_campaign_default_alpha_0_01,test7_plato,CIFAR10,FedHAD,0.01,63,50,5,45002,44928,180900000.0,1305.408657408,1305.44676,1303.34832,225150.0,False,1 x NVIDIA A40,AMD EPYC 9354P 32-Core Processor,-0.03810259200008659,0.16100377526093723
main_campaign_default_alpha_0_01,test7_plato,CIFAR10,FedHAD,0.01,64,50,5,45002,44928,180900000.0,1180.42849536,1180.46295,1178.59968,203600.0,False,1 x NVIDIA A40,AMD EPYC 9354P 32-Core Processor,-0.034454640000149084,0.15809184675834587
main_campaign_default_alpha_0_01,test7_plato,CIFAR10,FedHAD,0.01,65,50,5,45002,44928,180900000.0,1283.249054208,1283.28651,1281.64032,221400.0,False,1 x NVIDIA A40,AMD EPYC 9354P 32-Core Processor,-0.037455791999946086,0.1284439927732528
main_campaign_default_alpha_0_01,test7_plato,CIFAR10,FedHAD,0.01,66,50,5,45003,44928,180900000.0,1345.76626944,1345.80555,1343.86992,232150.0,False,1 x NVIDIA A40,AMD EPYC 9354P 32-Core Processor,-0.03928055999995195,0.14403402972216206
main_campaign_default_alpha_0_01,test7_plato,CIFAR10,FedHAD,0.01,67,50,5,45003,44928,180900000.0,1301.58273408,1301.620725,1299.87504,224550.0,False,1 x NVIDIA A40,AMD EPYC 9354P 32-Core Processor,-0.03799092000008386,0.13429637051882715
main_campaign_default_alpha_0_01,test7_plato,CIFAR10,FedHAD,0.01,68,50,5,45002,44928,180900000.0,1180.392316416,1180.42677,1178.59968,203600.0,False,1 x NVIDIA A40,AMD EPYC 9354P 32-Core Processor,-0.03445358399994802,0.15502210216109535
main_campaign_default_alpha_0_01,test7_plato,CIFAR10,FedHAD,0.01,69,50,5,45001,44929,180900000.0,1394.454083328,1394.494785,1392.51393,240550.0,False,1 x NVIDIA A40,AMD EPYC 9354P 32-Core Processor,-0.040701672000068356,0.14225028255192562
main_campaign_default_alpha_0_01,test7_plato,CIFAR10,FedHAD,0.01,70,50,5,45001,44896,180900000.0,1304.97451008,1305.0126,1302.19056,224950.0,False,1 x NVIDIA A40,AMD EPYC 9354P 32-Core Processor,-0.0380899199999476,0.2167148255167728
main_campaign_default_alpha_0_01,test7_plato,CIFAR10,FedHAD,0.01,71,50,5,45002,44928,180900000.0,1258.1227776,1258.1595,1256.45904,217050.0,False,1 x NVIDIA A40,AMD EPYC 9354P 32-Core Processor,-0.03672239999991689,0.13533747984335598
main_campaign_default_alpha_0_01,test8_femnist,FEMNIST,FedAVG,,42,50,10,2126,1952,116600000.0,61.974158592,61.9729,56.9008,15250.0,False,1 x NVIDIA A40,AMD EPYC 9354P 32-Core Processor,0.0012585919999992257,8.91393442622952
main_campaign_default_alpha_0_01,test8_femnist,FEMNIST,FedAVG,,43,50,10,2126,1952,116600000.0,61.974158592,61.9729,56.9008,15250.0,False,1 x NVIDIA A40,AMD EPYC 9354P 32-Core Processor,0.0012585919999992257,8.91393442622952
main_campaign_default_alpha_0_01,test8_femnist,FEMNIST,FedAVG,,44,50,10,2126,1952,116600000.0,61.974158592,61.9729,56.9008,15250.0,False,1 x NVIDIA A40,AMD EPYC 9354P 32-Core Processor,0.0012585919999992257,8.91393442622952
main_campaign_default_alpha_0_01,test8_femnist,FEMNIST,FedAVG,,45,50,10,2126,1952,116600000.0,61.974158592,61.9729,56.9008,15250.0,False,1 x NVIDIA A40,AMD EPYC 9354P 32-Core Processor,0.0012585919999992257,8.91393442622952
main_campaign_default_alpha_0_01,test8_femnist,FEMNIST,FedAVG,,46,50,10,2126,1952,116600000.0,61.974158592,61.9729,56.9008,15250.0,False,1 x NVIDIA A40,AMD EPYC 9354P 32-Core Processor,0.0012585919999992257,8.91393442622952
main_campaign_default_alpha_0_01,test8_femnist,FEMNIST,FedAVG,,47,50,10,2126,1952,116600000.0,61.974158592,61.9729,56.9008,15250.0,False,1 x NVIDIA A40,AMD EPYC 9354P 32-Core Processor,0.0012585919999992257,8.91393442622952
main_campaign_default_alpha_0_01,test8_femnist,FEMNIST,FedAVG,,48,50,10,2126,1952,116600000.0,61.974158592,61.9729,56.9008,15250.0,False,1 x NVIDIA A40,AMD EPYC 9354P 32-Core Processor,0.0012585919999992257,8.91393442622952
main_campaign_default_alpha_0_01,test8_femnist,FEMNIST,FedAVG,,49,50,10,2126,1952,116600000.0,61.974158592,61.9729,56.9008,15250.0,False,1 x NVIDIA A40,AMD EPYC 9354P 32-Core Processor,0.0012585919999992257,8.91393442622952
main_campaign_default_alpha_0_01,test8_femnist,FEMNIST,FedAVG,,50,50,10,2126,1952,116600000.0,61.974158592,61.9729,56.9008,15250.0,False,1 x NVIDIA A40,AMD EPYC 9354P 32-Core Processor,0.0012585919999992257,8.91393442622952
main_campaign_default_alpha_0_01,test8_femnist,FEMNIST,FedAVG,,51,50,10,2126,1952,116600000.0,61.974158592,61.9729,56.9008,15250.0,False,1 x NVIDIA A40,AMD EPYC 9354P 32-Core Processor,0.0012585919999992257,8.91393442622952
main_campaign_default_alpha_0_01,test8_femnist,FEMNIST,FedAVG,,52,50,10,2126,1952,116600000.0,61.974158592,61.9729,56.9008,15250.0,False,1 x NVIDIA A40,AMD EPYC 9354P 32-Core Processor,0.0012585919999992257,8.91393442622952
main_campaign_default_alpha_0_01,test8_femnist,FEMNIST,FedAVG,,53,50,10,2126,1952,116600000.0,61.974158592,61.9729,56.9008,15250.0,False,1 x NVIDIA A40,AMD EPYC 9354P 32-Core Processor,0.0012585919999992257,8.91393442622952
main_campaign_default_alpha_0_01,test8_femnist,FEMNIST,FedAVG,,54,50,10,2126,1952,116600000.0,61.974158592,61.9729,56.9008,15250.0,False,1 x NVIDIA A40,AMD EPYC 9354P 32-Core Processor,0.0012585919999992257,8.91393442622952
main_campaign_default_alpha_0_01,test8_femnist,FEMNIST,FedAVG,,55,50,10,2126,1952,116600000.0,61.974158592,61.9729,56.9008,15250.0,False,1 x NVIDIA A40,AMD EPYC 9354P 32-Core Processor,0.0012585919999992257,8.91393442622952
main_campaign_default_alpha_0_01,test8_femnist,FEMNIST,FedAVG,,56,50,10,2126,1952,116600000.0,61.974158592,61.9729,56.9008,15250.0,False,1 x NVIDIA A40,AMD EPYC 9354P 32-Core Processor,0.0012585919999992257,8.91393442622952
main_campaign_default_alpha_0_01,test8_femnist,FEMNIST,FedAVG,,57,50,10,2126,1952,116600000.0,61.974158592,61.9729,56.9008,15250.0,False,1 x NVIDIA A40,AMD EPYC 9354P 32-Core Processor,0.0012585919999992257,8.91393442622952
main_campaign_default_alpha_0_01,test8_femnist,FEMNIST,FedAVG,,58,50,10,2126,1952,116600000.0,61.974158592,61.9729,56.9008,15250.0,False,1 x NVIDIA A40,AMD EPYC 9354P 32-Core Processor,0.0012585919999992257,8.91393442622952
main_campaign_default_alpha_0_01,test8_femnist,FEMNIST,FedAVG,,59,50,10,2126,1952,116600000.0,61.974158592,61.9729,56.9008,15250.0,False,1 x NVIDIA A40,AMD EPYC 9354P 32-Core Processor,0.0012585919999992257,8.91393442622952
main_campaign_default_alpha_0_01,test8_femnist,FEMNIST,FedAVG,,60,50,10,2126,1952,116600000.0,61.974158592,61.9729,56.9008,15250.0,False,1 x NVIDIA A40,AMD EPYC 9354P 32-Core Processor,0.0012585919999992257,8.91393442622952
main_campaign_default_alpha_0_01,test8_femnist,FEMNIST,FedAVG,,61,50,10,2126,1952,116600000.0,61.974158592,61.9729,56.9008,15250.0,False,1 x NVIDIA A40,AMD EPYC 9354P 32-Core Processor,0.0012585919999992257,8.91393442622952
main_campaign_default_alpha_0_01,test8_femnist,FEMNIST,FedAVG,,62,50,10,2126,1952,116600000.0,61.974158592,61.9729,56.9008,15250.0,False,1 x NVIDIA A40,AMD EPYC 9354P 32-Core Processor,0.0012585919999992257,8.91393442622952
main_campaign_default_alpha_0_01,test8_femnist,FEMNIST,FedAVG,,63,50,10,2126,1952,116600000.0,61.974158592,61.9729,56.9008,15250.0,False,1 x NVIDIA A40,AMD EPYC 9354P 32-Core Processor,0.0012585919999992257,8.91393442622952
main_campaign_default_alpha_0_01,test8_femnist,FEMNIST,FedAVG,,64,50,10,2126,1952,116600000.0,61.974158592,61.9729,56.9008,15250.0,False,1 x NVIDIA A40,AMD EPYC 9354P 32-Core Processor,0.0012585919999992257,8.91393442622952
main_campaign_default_alpha_0_01,test8_femnist,FEMNIST,FedAVG,,65,50,10,2126,1952,116600000.0,61.974158592,61.9729,56.9008,15250.0,False,1 x NVIDIA A40,AMD EPYC 9354P 32-Core Processor,0.0012585919999992257,8.91393442622952
main_campaign_default_alpha_0_01,test8_femnist,FEMNIST,FedAVG,,66,50,10,2126,1952,116600000.0,61.974158592,61.9729,56.9008,15250.0,False,1 x NVIDIA A40,AMD EPYC 9354P 32-Core Processor,0.0012585919999992257,8.91393442622952
main_campaign_default_alpha_0_01,test8_femnist,FEMNIST,FedAVG,,67,50,10,2126,1952,116600000.0,61.974158592,61.9729,56.9008,15250.0,False,1 x NVIDIA A40,AMD EPYC 9354P 32-Core Processor,0.0012585919999992257,8.91393442622952
main_campaign_default_alpha_0_01,test8_femnist,FEMNIST,FedAVG,,68,50,10,2126,1952,116600000.0,61.974158592,61.9729,56.9008,15250.0,False,1 x NVIDIA A40,AMD EPYC 9354P 32-Core Processor,0.0012585919999992257,8.91393442622952
main_campaign_default_alpha_0_01,test8_femnist,FEMNIST,FedAVG,,69,50,10,2126,1952,116600000.0,61.974158592,61.9729,56.9008,15250.0,False,1 x NVIDIA A40,AMD EPYC 9354P 32-Core Processor,0.0012585919999992257,8.91393442622952
main_campaign_default_alpha_0_01,test8_femnist,FEMNIST,FedAVG,,70,50,10,2126,1952,116600000.0,61.974158592,61.9729,56.9008,15250.0,False,1 x NVIDIA A40,AMD EPYC 9354P 32-Core Processor,0.0012585919999992257,8.91393442622952
main_campaign_default_alpha_0_01,test8_femnist,FEMNIST,FedAVG,,71,50,10,2126,1952,116600000.0,61.974158592,61.9729,56.9008,15250.0,False,1 x NVIDIA A40,AMD EPYC 9354P 32-Core Processor,0.0012585919999992257,8.91393442622952
main_campaign_default_alpha_0_01,test8_femnist,FEMNIST,FedAvgM,,42,50,10,2126,1952,116600000.0,61.974158592,61.9729,56.9008,15250.0,False,1 x NVIDIA A40,AMD EPYC 9354P 32-Core Processor,0.0012585919999992257,8.91393442622952
main_campaign_default_alpha_0_01,test8_femnist,FEMNIST,FedAvgM,,43,50,10,2126,1952,116600000.0,61.974158592,61.9729,56.9008,15250.0,False,1 x NVIDIA A40,AMD EPYC 9354P 32-Core Processor,0.0012585919999992257,8.91393442622952
main_campaign_default_alpha_0_01,test8_femnist,FEMNIST,FedAvgM,,44,50,10,2126,1952,116600000.0,61.974158592,61.9729,56.9008,15250.0,False,1 x NVIDIA A40,AMD EPYC 9354P 32-Core Processor,0.0012585919999992257,8.91393442622952
main_campaign_default_alpha_0_01,test8_femnist,FEMNIST,FedAvgM,,45,50,10,2126,1952,116600000.0,61.974158592,61.9729,56.9008,15250.0,False,1 x NVIDIA A40,AMD EPYC 9354P 32-Core Processor,0.0012585919999992257,8.91393442622952
main_campaign_default_alpha_0_01,test8_femnist,FEMNIST,FedAvgM,,46,50,10,2126,1952,116600000.0,61.974158592,61.9729,56.9008,15250.0,False,1 x NVIDIA A40,AMD EPYC 9354P 32-Core Processor,0.0012585919999992257,8.91393442622952
main_campaign_default_alpha_0_01,test8_femnist,FEMNIST,FedAvgM,,47,50,10,2126,1952,116600000.0,61.974158592,61.9729,56.9008,15250.0,False,1 x NVIDIA A40,AMD EPYC 9354P 32-Core Processor,0.0012585919999992257,8.91393442622952
main_campaign_default_alpha_0_01,test8_femnist,FEMNIST,FedAvgM,,48,50,10,2126,1952,116600000.0,61.974158592,61.9729,56.9008,15250.0,False,1 x NVIDIA A40,AMD EPYC 9354P 32-Core Processor,0.0012585919999992257,8.91393442622952
main_campaign_default_alpha_0_01,test8_femnist,FEMNIST,FedAvgM,,49,50,10,2126,1952,116600000.0,61.974158592,61.9729,56.9008,15250.0,False,1 x NVIDIA A40,AMD EPYC 9354P 32-Core Processor,0.0012585919999992257,8.91393442622952
main_campaign_default_alpha_0_01,test8_femnist,FEMNIST,FedAvgM,,50,50,10,2126,1952,116600000.0,61.974158592,61.9729,56.9008,15250.0,False,1 x NVIDIA A40,AMD EPYC 9354P 32-Core Processor,0.0012585919999992257,8.91393442622952
main_campaign_default_alpha_0_01,test8_femnist,FEMNIST,FedAvgM,,51,50,10,2126,1952,116600000.0,61.974158592,61.9729,56.9008,15250.0,False,1 x NVIDIA A40,AMD EPYC 9354P 32-Core Processor,0.0012585919999992257,8.91393442622952
main_campaign_default_alpha_0_01,test8_femnist,FEMNIST,FedAvgM,,52,50,10,2126,1952,116600000.0,61.974158592,61.9729,56.9008,15250.0,False,1 x NVIDIA A40,AMD EPYC 9354P 32-Core Processor,0.0012585919999992257,8.91393442622952
main_campaign_default_alpha_0_01,test8_femnist,FEMNIST,FedAvgM,,53,50,10,2126,1952,116600000.0,61.974158592,61.9729,56.9008,15250.0,False,1 x NVIDIA A40,AMD EPYC 9354P 32-Core Processor,0.0012585919999992257,8.91393442622952
main_campaign_default_alpha_0_01,test8_femnist,FEMNIST,FedAvgM,,54,50,10,2126,1952,116600000.0,61.974158592,61.9729,56.9008,15250.0,False,1 x NVIDIA A40,AMD EPYC 9354P 32-Core Processor,0.0012585919999992257,8.91393442622952
main_campaign_default_alpha_0_01,test8_femnist,FEMNIST,FedAvgM,,55,50,10,2126,1952,116600000.0,61.974158592,61.9729,56.9008,15250.0,False,1 x NVIDIA A40,AMD EPYC 9354P 32-Core Processor,0.0012585919999992257,8.91393442622952
main_campaign_default_alpha_0_01,test8_femnist,FEMNIST,FedAvgM,,56,50,10,2126,1952,116600000.0,61.974158592,61.9729,56.9008,15250.0,False,1 x NVIDIA A40,AMD EPYC 9354P 32-Core Processor,0.0012585919999992257,8.91393442622952
main_campaign_default_alpha_0_01,test8_femnist,FEMNIST,FedAvgM,,57,50,10,2126,1952,116600000.0,61.974158592,61.9729,56.9008,15250.0,False,1 x NVIDIA A40,AMD EPYC 9354P 32-Core Processor,0.0012585919999992257,8.91393442622952
main_campaign_default_alpha_0_01,test8_femnist,FEMNIST,FedAvgM,,58,50,10,2126,1952,116600000.0,61.974158592,61.9729,56.9008,15250.0,False,1 x NVIDIA A40,AMD EPYC 9354P 32-Core Processor,0.0012585919999992257,8.91393442622952
main_campaign_default_alpha_0_01,test8_femnist,FEMNIST,FedAvgM,,59,50,10,2126,1952,116600000.0,61.974158592,61.9729,56.9008,15250.0,False,1 x NVIDIA A40,AMD EPYC 9354P 32-Core Processor,0.0012585919999992257,8.91393442622952
main_campaign_default_alpha_0_01,test8_femnist,FEMNIST,FedAvgM,,60,50,10,2126,1952,116600000.0,61.974158592,61.9729,56.9008,15250.0,False,1 x NVIDIA A40,AMD EPYC 9354P 32-Core Processor,0.0012585919999992257,8.91393442622952
main_campaign_default_alpha_0_01,test8_femnist,FEMNIST,FedAvgM,,61,50,10,2126,1952,116600000.0,61.974158592,61.9729,56.9008,15250.0,False,1 x NVIDIA A40,AMD EPYC 9354P 32-Core Processor,0.0012585919999992257,8.91393442622952
main_campaign_default_alpha_0_01,test8_femnist,FEMNIST,FedAvgM,,62,50,10,2126,1952,116600000.0,61.974158592,61.9729,56.9008,15250.0,False,1 x NVIDIA A40,AMD EPYC 9354P 32-Core Processor,0.0012585919999992257,8.91393442622952
main_campaign_default_alpha_0_01,test8_femnist,FEMNIST,FedAvgM,,63,50,10,2126,1952,116600000.0,61.974158592,61.9729,56.9008,15250.0,False,1 x NVIDIA A40,AMD EPYC 9354P 32-Core Processor,0.0012585919999992257,8.91393442622952
main_campaign_default_alpha_0_01,test8_femnist,FEMNIST,FedAvgM,,64,50,10,2126,1952,116600000.0,61.974158592,61.9729,56.9008,15250.0,False,1 x NVIDIA A40,AMD EPYC 9354P 32-Core Processor,0.0012585919999992257,8.91393442622952
main_campaign_default_alpha_0_01,test8_femnist,FEMNIST,FedAvgM,,65,50,10,2126,1952,116600000.0,61.974158592,61.9729,56.9008,15250.0,False,1 x NVIDIA A40,AMD EPYC 9354P 32-Core Processor,0.0012585919999992257,8.91393442622952
main_campaign_default_alpha_0_01,test8_femnist,FEMNIST,FedAvgM,,66,50,10,2126,1952,116600000.0,61.974158592,61.9729,56.9008,15250.0,False,1 x NVIDIA A40,AMD EPYC 9354P 32-Core Processor,0.0012585919999992257,8.91393442622952
main_campaign_default_alpha_0_01,test8_femnist,FEMNIST,FedAvgM,,67,50,10,2126,1952,116600000.0,61.974158592,61.9729,56.9008,15250.0,False,1 x NVIDIA A40,AMD EPYC 9354P 32-Core Processor,0.0012585919999992257,8.91393442622952
main_campaign_default_alpha_0_01,test8_femnist,FEMNIST,FedAvgM,,68,50,10,2126,1952,116600000.0,61.974158592,61.9729,56.9008,15250.0,False,1 x NVIDIA A40,AMD EPYC 9354P 32-Core Processor,0.0012585919999992257,8.91393442622952
main_campaign_default_alpha_0_01,test8_femnist,FEMNIST,FedAvgM,,69,50,10,2126,1952,116600000.0,61.974158592,61.9729,56.9008,15250.0,False,1 x NVIDIA A40,AMD EPYC 9354P 32-Core Processor,0.0012585919999992257,8.91393442622952
main_campaign_default_alpha_0_01,test8_femnist,FEMNIST,FedAvgM,,70,50,10,2126,1952,116600000.0,61.974158592,61.9729,56.9008,15250.0,False,1 x NVIDIA A40,AMD EPYC 9354P 32-Core Processor,0.0012585919999992257,8.91393442622952
main_campaign_default_alpha_0_01,test8_femnist,FEMNIST,FedAvgM,,71,50,10,2126,1952,116600000.0,61.974158592,61.9729,56.9008,15250.0,False,1 x NVIDIA A40,AMD EPYC 9354P 32-Core Processor,0.0012585919999992257,8.91393442622952
main_campaign_default_alpha_0_01,test8_femnist,FEMNIST,FedProx,,42,50,10,2126,1952,116600000.0,61.974158592,61.9729,56.9008,15250.0,False,1 x NVIDIA A40,AMD EPYC 9354P 32-Core Processor,0.0012585919999992257,8.91393442622952
main_campaign_default_alpha_0_01,test8_femnist,FEMNIST,FedProx,,43,50,10,2126,1952,116600000.0,61.974158592,61.9729,56.9008,15250.0,False,1 x NVIDIA A40,AMD EPYC 9354P 32-Core Processor,0.0012585919999992257,8.91393442622952
main_campaign_default_alpha_0_01,test8_femnist,FEMNIST,FedProx,,44,50,10,2126,1952,116600000.0,61.974158592,61.9729,56.9008,15250.0,False,1 x NVIDIA A40,AMD EPYC 9354P 32-Core Processor,0.0012585919999992257,8.91393442622952
main_campaign_default_alpha_0_01,test8_femnist,FEMNIST,FedProx,,45,50,10,2126,1952,116600000.0,61.974158592,61.9729,56.9008,15250.0,False,1 x NVIDIA A40,AMD EPYC 9354P 32-Core Processor,0.0012585919999992257,8.91393442622952
main_campaign_default_alpha_0_01,test8_femnist,FEMNIST,FedProx,,46,50,10,2126,1952,116600000.0,61.974158592,61.9729,56.9008,15250.0,False,1 x NVIDIA A40,AMD EPYC 9354P 32-Core Processor,0.0012585919999992257,8.91393442622952
main_campaign_default_alpha_0_01,test8_femnist,FEMNIST,FedProx,,47,50,10,2126,1952,116600000.0,61.974158592,61.9729,56.9008,15250.0,False,1 x NVIDIA A40,AMD EPYC 9354P 32-Core Processor,0.0012585919999992257,8.91393442622952
main_campaign_default_alpha_0_01,test8_femnist,FEMNIST,FedProx,,48,50,10,2126,1952,116600000.0,61.974158592,61.9729,56.9008,15250.0,False,1 x NVIDIA A40,AMD EPYC 9354P 32-Core Processor,0.0012585919999992257,8.91393442622952
main_campaign_default_alpha_0_01,test8_femnist,FEMNIST,FedProx,,49,50,10,2126,1952,116600000.0,61.974158592,61.9729,56.9008,15250.0,False,1 x NVIDIA A40,AMD EPYC 9354P 32-Core Processor,0.0012585919999992257,8.91393442622952
main_campaign_default_alpha_0_01,test8_femnist,FEMNIST,FedProx,,50,50,10,2126,1952,116600000.0,61.974158592,61.9729,56.9008,15250.0,False,1 x NVIDIA A40,AMD EPYC 9354P 32-Core Processor,0.0012585919999992257,8.91393442622952
main_campaign_default_alpha_0_01,test8_femnist,FEMNIST,FedProx,,51,50,10,2126,1952,116600000.0,61.974158592,61.9729,56.9008,15250.0,False,1 x NVIDIA A40,AMD EPYC 9354P 32-Core Processor,0.0012585919999992257,8.91393442622952
main_campaign_default_alpha_0_01,test8_femnist,FEMNIST,FedProx,,52,50,10,2126,1952,116600000.0,61.974158592,61.9729,56.9008,15250.0,False,1 x NVIDIA A40,AMD EPYC 9354P 32-Core Processor,0.0012585919999992257,8.91393442622952
main_campaign_default_alpha_0_01,test8_femnist,FEMNIST,FedProx,,53,50,10,2126,1952,116600000.0,61.974158592,61.9729,56.9008,15250.0,False,1 x NVIDIA A40,AMD EPYC 9354P 32-Core Processor,0.0012585919999992257,8.91393442622952
main_campaign_default_alpha_0_01,test8_femnist,FEMNIST,FedProx,,54,50,10,2126,1952,116600000.0,61.974158592,61.9729,56.9008,15250.0,False,1 x NVIDIA A40,AMD EPYC 9354P 32-Core Processor,0.0012585919999992257,8.91393442622952
main_campaign_default_alpha_0_01,test8_femnist,FEMNIST,FedProx,,55,50,10,2126,1952,116600000.0,61.974158592,61.9729,56.9008,15250.0,False,1 x NVIDIA A40,AMD EPYC 9354P 32-Core Processor,0.0012585919999992257,8.91393442622952
main_campaign_default_alpha_0_01,test8_femnist,FEMNIST,FedProx,,56,50,10,2126,1952,116600000.0,61.974158592,61.9729,56.9008,15250.0,False,1 x NVIDIA A40,AMD EPYC 9354P 32-Core Processor,0.0012585919999992257,8.91393442622952
main_campaign_default_alpha_0_01,test8_femnist,FEMNIST,FedProx,,57,50,10,2126,1952,116600000.0,61.974158592,61.9729,56.9008,15250.0,False,1 x NVIDIA A40,AMD EPYC 9354P 32-Core Processor,0.0012585919999992257,8.91393442622952
main_campaign_default_alpha_0_01,test8_femnist,FEMNIST,FedProx,,58,50,10,2126,1952,116600000.0,61.974158592,61.9729,56.9008,15250.0,False,1 x NVIDIA A40,AMD EPYC 9354P 32-Core Processor,0.0012585919999992257,8.91393442622952
main_campaign_default_alpha_0_01,test8_femnist,FEMNIST,FedProx,,59,50,10,2126,1952,116600000.0,61.974158592,61.9729,56.9008,15250.0,False,1 x NVIDIA A40,AMD EPYC 9354P 32-Core Processor,0.0012585919999992257,8.91393442622952
main_campaign_default_alpha_0_01,test8_femnist,FEMNIST,FedProx,,60,50,10,2126,1952,116600000.0,61.974158592,61.9729,56.9008,15250.0,False,1 x NVIDIA A40,AMD EPYC 9354P 32-Core Processor,0.0012585919999992257,8.91393442622952
main_campaign_default_alpha_0_01,test8_femnist,FEMNIST,FedProx,,61,50,10,2126,1952,116600000.0,61.974158592,61.9729,56.9008,15250.0,False,1 x NVIDIA A40,AMD EPYC 9354P 32-Core Processor,0.0012585919999992257,8.91393442622952
main_campaign_default_alpha_0_01,test8_femnist,FEMNIST,FedProx,,62,50,10,2126,1952,116600000.0,61.974158592,61.9729,56.9008,15250.0,False,1 x NVIDIA A40,AMD EPYC 9354P 32-Core Processor,0.0012585919999992257,8.91393442622952
main_campaign_default_alpha_0_01,test8_femnist,FEMNIST,FedProx,,63,50,10,2126,1952,116600000.0,61.974158592,61.9729,56.9008,15250.0,False,1 x NVIDIA A40,AMD EPYC 9354P 32-Core Processor,0.0012585919999992257,8.91393442622952
main_campaign_default_alpha_0_01,test8_femnist,FEMNIST,FedProx,,64,50,10,2126,1952,116600000.0,61.974158592,61.9729,56.9008,15250.0,False,1 x NVIDIA A40,AMD EPYC 9354P 32-Core Processor,0.0012585919999992257,8.91393442622952
main_campaign_default_alpha_0_01,test8_femnist,FEMNIST,FedProx,,65,50,10,2126,1952,116600000.0,61.974158592,61.9729,56.9008,15250.0,False,1 x NVIDIA A40,AMD EPYC 9354P 32-Core Processor,0.0012585919999992257,8.91393442622952
main_campaign_default_alpha_0_01,test8_femnist,FEMNIST,FedProx,,66,50,10,2126,1952,116600000.0,61.974158592,61.9729,56.9008,15250.0,False,1 x NVIDIA A40,AMD EPYC 9354P 32-Core Processor,0.0012585919999992257,8.91393442622952
main_campaign_default_alpha_0_01,test8_femnist,FEMNIST,FedProx,,67,50,10,2126,1952,116600000.0,61.974158592,61.9729,56.9008,15250.0,False,1 x NVIDIA A40,AMD EPYC 9354P 32-Core Processor,0.0012585919999992257,8.91393442622952
main_campaign_default_alpha_0_01,test8_femnist,FEMNIST,FedProx,,68,50,10,2126,1952,116600000.0,61.974158592,61.9729,56.9008,15250.0,False,1 x NVIDIA A40,AMD EPYC 9354P 32-Core Processor,0.0012585919999992257,8.91393442622952
main_campaign_default_alpha_0_01,test8_femnist,FEMNIST,FedProx,,69,50,10,2126,1952,116600000.0,61.974158592,61.9729,56.9008,15250.0,False,1 x NVIDIA A40,AMD EPYC 9354P 32-Core Processor,0.0012585919999992257,8.91393442622952
main_campaign_default_alpha_0_01,test8_femnist,FEMNIST,FedProx,,70,50,10,2126,1952,116600000.0,61.974158592,61.9729,56.9008,15250.0,False,1 x NVIDIA A40,AMD EPYC 9354P 32-Core Processor,0.0012585919999992257,8.91393442622952
main_campaign_default_alpha_0_01,test8_femnist,FEMNIST,FedProx,,71,50,10,2126,1952,116600000.0,61.974158592,61.9729,56.9008,15250.0,False,1 x NVIDIA A40,AMD EPYC 9354P 32-Core Processor,0.0012585919999992257,8.91393442622952
main_campaign_default_alpha_0_01,test8_femnist,FEMNIST,FedHAD,,42,50,10,2126,1952,116600000.0,55.6659704832,55.66484,51.49056,13800.0,False,1 x NVIDIA A40,AMD EPYC 9354P 32-Core Processor,0.0011304832000007536,8.106884057970998
main_campaign_default_alpha_0_01,test8_femnist,FEMNIST,FedHAD,,43,50,10,2126,1952,116600000.0,55.6659704832,55.66484,51.49056,13800.0,False,1 x NVIDIA A40,AMD EPYC 9354P 32-Core Processor,0.0011304832000007536,8.106884057970998
main_campaign_default_alpha_0_01,test8_femnist,FEMNIST,FedHAD,,44,50,10,2126,1952,116600000.0,55.6659704832,55.66484,51.49056,13800.0,False,1 x NVIDIA A40,AMD EPYC 9354P 32-Core Processor,0.0011304832000007536,8.106884057970998
main_campaign_default_alpha_0_01,test8_femnist,FEMNIST,FedHAD,,45,50,10,2126,1952,116600000.0,55.6659704832,55.66484,51.49056,13800.0,False,1 x NVIDIA A40,AMD EPYC 9354P 32-Core Processor,0.0011304832000007536,8.106884057970998
main_campaign_default_alpha_0_01,test8_femnist,FEMNIST,FedHAD,,46,50,10,2126,1952,116600000.0,55.6659704832,55.66484,51.49056,13800.0,False,1 x NVIDIA A40,AMD EPYC 9354P 32-Core Processor,0.0011304832000007536,8.106884057970998
main_campaign_default_alpha_0_01,test8_femnist,FEMNIST,FedHAD,,47,50,10,2126,1952,116600000.0,55.6659704832,55.66484,51.49056,13800.0,False,1 x NVIDIA A40,AMD EPYC 9354P 32-Core Processor,0.0011304832000007536,8.106884057970998
main_campaign_default_alpha_0_01,test8_femnist,FEMNIST,FedHAD,,48,50,10,2126,1952,116600000.0,55.6659704832,55.66484,51.49056,13800.0,False,1 x NVIDIA A40,AMD EPYC 9354P 32-Core Processor,0.0011304832000007536,8.106884057970998
main_campaign_default_alpha_0_01,test8_femnist,FEMNIST,FedHAD,,49,50,10,2126,1952,116600000.0,55.68404385024,55.682913,51.5054848,13804.0,False,1 x NVIDIA A40,AMD EPYC 9354P 32-Core Processor,0.001130850240002701,8.11064727615185
main_campaign_default_alpha_0_01,test8_femnist,FEMNIST,FedHAD,,50,50,10,2126,1952,116600000.0,55.6659704832,55.66484,51.49056,13800.0,False,1 x NVIDIA A40,AMD EPYC 9354P 32-Core Processor,0.0011304832000007536,8.106884057970998
main_campaign_default_alpha_0_01,test8_femnist,FEMNIST,FedHAD,,51,50,10,2126,1952,116600000.0,55.6659704832,55.66484,51.49056,13800.0,False,1 x NVIDIA A40,AMD EPYC 9354P 32-Core Processor,0.0011304832000007536,8.106884057970998
main_campaign_default_alpha_0_01,test8_femnist,FEMNIST,FedHAD,,52,50,10,2126,1952,116600000.0,55.6659704832,55.66484,51.49056,13800.0,False,1 x NVIDIA A40,AMD EPYC 9354P 32-Core Processor,0.0011304832000007536,8.106884057970998
main_campaign_default_alpha_0_01,test8_femnist,FEMNIST,FedHAD,,53,50,10,2126,1952,116600000.0,55.6659704832,55.66484,51.49056,13800.0,False,1 x NVIDIA A40,AMD EPYC 9354P 32-Core Processor,0.0011304832000007536,8.106884057970998
main_campaign_default_alpha_0_01,test8_femnist,FEMNIST,FedHAD,,54,50,10,2126,1952,116600000.0,55.6659704832,55.66484,51.49056,13800.0,False,1 x NVIDIA A40,AMD EPYC 9354P 32-Core Processor,0.0011304832000007536,8.106884057970998
main_campaign_default_alpha_0_01,test8_femnist,FEMNIST,FedHAD,,55,50,10,2126,1952,116600000.0,55.6659704832,55.66484,51.49056,13800.0,False,1 x NVIDIA A40,AMD EPYC 9354P 32-Core Processor,0.0011304832000007536,8.106884057970998
main_campaign_default_alpha_0_01,test8_femnist,FEMNIST,FedHAD,,56,50,10,2126,1952,116600000.0,55.6659704832,55.66484,51.49056,13800.0,False,1 x NVIDIA A40,AMD EPYC 9354P 32-Core Processor,0.0011304832000007536,8.106884057970998
main_campaign_default_alpha_0_01,test8_femnist,FEMNIST,FedHAD,,57,50,10,2126,1952,116600000.0,55.6659704832,55.66484,51.49056,13800.0,False,1 x NVIDIA A40,AMD EPYC 9354P 32-Core Processor,0.0011304832000007536,8.106884057970998
main_campaign_default_alpha_0_01,test8_femnist,FEMNIST,FedHAD,,58,50,10,2126,1952,116600000.0,55.6659704832,55.66484,51.49056,13800.0,False,1 x NVIDIA A40,AMD EPYC 9354P 32-Core Processor,0.0011304832000007536,8.106884057970998
main_campaign_default_alpha_0_01,test8_femnist,FEMNIST,FedHAD,,59,50,10,2126,1952,116600000.0,55.6659704832,55.66484,51.49056,13800.0,False,1 x NVIDIA A40,AMD EPYC 9354P 32-Core Processor,0.0011304832000007536,8.106884057970998
main_campaign_default_alpha_0_01,test8_femnist,FEMNIST,FedHAD,,60,50,10,2126,1952,116600000.0,55.6659704832,55.66484,51.49056,13800.0,False,1 x NVIDIA A40,AMD EPYC 9354P 32-Core Processor,0.0011304832000007536,8.106884057970998
main_campaign_default_alpha_0_01,test8_femnist,FEMNIST,FedHAD,,61,50,10,2126,1952,116600000.0,55.6659704832,55.66484,51.49056,13800.0,False,1 x NVIDIA A40,AMD EPYC 9354P 32-Core Processor,0.0011304832000007536,8.106884057970998
main_campaign_default_alpha_0_01,test8_femnist,FEMNIST,FedHAD,,62,50,10,2126,1952,116600000.0,55.6659704832,55.66484,51.49056,13800.0,False,1 x NVIDIA A40,AMD EPYC 9354P 32-Core Processor,0.0011304832000007536,8.106884057970998
main_campaign_default_alpha_0_01,test8_femnist,FEMNIST,FedHAD,,63,50,10,2126,1952,116600000.0,55.6659704832,55.66484,51.49056,13800.0,False,1 x NVIDIA A40,AMD EPYC 9354P 32-Core Processor,0.0011304832000007536,8.106884057970998
main_campaign_default_alpha_0_01,test8_femnist,FEMNIST,FedHAD,,64,50,10,2126,1952,116600000.0,55.6659704832,55.66484,51.49056,13800.0,False,1 x NVIDIA A40,AMD EPYC 9354P 32-Core Processor,0.0011304832000007536,8.106884057970998
main_campaign_default_alpha_0_01,test8_femnist,FEMNIST,FedHAD,,65,50,10,2126,1952,116600000.0,55.6659704832,55.66484,51.49056,13800.0,False,1 x NVIDIA A40,AMD EPYC 9354P 32-Core Processor,0.0011304832000007536,8.106884057970998
main_campaign_default_alpha_0_01,test8_femnist,FEMNIST,FedHAD,,66,50,10,2126,1952,116600000.0,55.6659704832,55.66484,51.49056,13800.0,False,1 x NVIDIA A40,AMD EPYC 9354P 32-Core Processor,0.0011304832000007536,8.106884057970998
main_campaign_default_alpha_0_01,test8_femnist,FEMNIST,FedHAD,,67,50,10,2126,1952,116600000.0,55.6659704832,55.66484,51.49056,13800.0,False,1 x NVIDIA A40,AMD EPYC 9354P 32-Core Processor,0.0011304832000007536,8.106884057970998
main_campaign_default_alpha_0_01,test8_femnist,FEMNIST,FedHAD,,68,50,10,2126,1952,116600000.0,55.6659704832,55.66484,51.49056,13800.0,False,1 x NVIDIA A40,AMD EPYC 9354P 32-Core Processor,0.0011304832000007536,8.106884057970998
main_campaign_default_alpha_0_01,test8_femnist,FEMNIST,FedHAD,,69,50,10,2126,1952,116600000.0,55.6659704832,55.66484,51.49056,13800.0,False,1 x NVIDIA A40,AMD EPYC 9354P 32-Core Processor,0.0011304832000007536,8.106884057970998
main_campaign_default_alpha_0_01,test8_femnist,FEMNIST,FedHAD,,70,50,10,2126,1952,116600000.0,55.6659704832,55.66484,51.49056,13800.0,False,1 x NVIDIA A40,AMD EPYC 9354P 32-Core Processor,0.0011304832000007536,8.106884057970998
main_campaign_default_alpha_0_01,test8_femnist,FEMNIST,FedHAD,,71,50,10,2126,1952,116600000.0,55.6659704832,55.66484,51.49056,13800.0,False,1 x NVIDIA A40,AMD EPYC 9354P 32-Core Processor,0.0011304832000007536,8.106884057970998
