campaign,tag,dataset,alpha,seed,signature,epochs_decay,lr_decay,rounds,clients,lr_min,lr_max,lr_median,lr_wmean,ep_min,ep_max,ep_wmean,empty_clients,acc_final,TF
main_campaign_default_alpha_0_5,1.1_diagnostico_drift,CIFAR10,0.01,42,E1L1F1,3.0,1.5,10,5,0.004001,0.005931,0.005061,0.005426528343814583,2.0,4.0,3.278149374458345,0,0.6402,266.855890944
main_campaign_default_alpha_0_5,1.1_diagnostico_drift,CIFAR10,0.01,43,E1L1F1,3.0,1.5,10,5,0.004002,0.006179,0.005004,0.005316269105130998,2.0,4.0,3.175573876136086,0,0.4982,258.5057906688
main_campaign_default_alpha_0_5,1.1_diagnostico_drift,CIFAR10,0.01,44,E1L1F1,3.0,1.5,10,5,0.004,0.006074,0.0052,0.005484446103593094,2.0,4.0,3.2946470235317644,0,0.5851,268.2107923968
main_campaign_default_alpha_0_5,1.1_diagnostico_drift,CIFAR10,0.01,45,E1L1F1,3.0,1.5,10,5,0.004,0.005872,0.005,0.0053017574552242114,2.0,4.0,3.1339718234745124,0,0.5687,255.124868352
main_campaign_default_alpha_0_5,1.1_diagnostico_drift,CIFAR10,0.01,46,E1L1F1,3.0,1.5,10,5,0.004,0.006667,0.0048354999999999995,0.005834585044444444,2.0,4.0,3.3,1,0.5743,268.6286592
main_campaign_default_alpha_0_5,1.1_diagnostico_drift,CIFAR10,0.01,47,E1L1F1,3.0,1.5,10,5,0.004127,0.006204,0.004997,0.005346866053374219,2.0,4.0,3.295024776126036,0,0.5637,268.2415444992
main_campaign_default_alpha_0_5,1.1_diagnostico_drift,CIFAR10,0.01,48,E1L1F1,3.0,1.5,10,5,0.005001,0.005709,0.0053355,0.005416497966711851,3.0,3.0,3.0,1,0.5301,244.2132988416
main_campaign_default_alpha_0_5,1.1_diagnostico_drift,CIFAR10,0.01,49,E1L1F1,3.0,1.5,10,5,0.004246,0.005945,0.005,0.005361977645934716,2.0,4.0,3.1294580361309245,0,0.5528,254.763078912
main_campaign_default_alpha_0_5,1.1_diagnostico_drift,CIFAR10,0.01,50,E1L1F1,3.0,1.5,10,5,0.004001,0.006843,0.004003,0.005759730767521444,2.0,4.0,3.218434736233945,0,0.6121,262.0006766592
main_campaign_default_alpha_0_5,1.1_diagnostico_drift,CIFAR10,0.01,51,E1L1F1,3.0,1.5,10,5,0.004001,0.006202,0.005339,0.005584555387658051,2.0,4.0,3.2999711117530723,1,0.5551,268.6322770944
main_campaign_default_alpha_0_5,1.1_diagnostico_drift,CIFAR10,0.1,42,E1L1F1,3.0,1.5,10,5,0.004499,0.006376,0.005653,0.005887251383241118,3.0,4.0,3.5719174277270405,0,0.691,290.7828355584
main_campaign_default_alpha_0_5,1.1_diagnostico_drift,CIFAR10,0.1,43,E1L1F1,3.0,1.5,10,5,0.004239,0.0062,0.00557,0.005662439669348028,2.0,4.0,3.4884671792364785,0,0.6771,283.9830030336
main_campaign_default_alpha_0_5,1.1_diagnostico_drift,CIFAR10,0.1,44,E1L1F1,3.0,1.5,10,5,0.004983,0.006162,0.005628,0.005769594493700419,3.0,4.0,3.5251205475190543,0,0.667,286.9731927552
main_campaign_default_alpha_0_5,1.1_diagnostico_drift,CIFAR10,0.1,45,E1L1F1,3.0,1.5,10,5,0.004712,0.006341,0.005106,0.0058698081196391265,3.0,4.0,3.6886138393849164,0,0.6526,300.276190464
main_campaign_default_alpha_0_5,1.1_diagnostico_drift,CIFAR10,0.1,46,E1L1F1,3.0,1.5,10,5,0.004485,0.006424,0.005296,0.005659446570228653,3.0,4.0,3.3713308001688778,0,0.7035,274.453469184
main_campaign_default_alpha_0_5,1.1_diagnostico_drift,CIFAR10,0.1,47,E1L1F1,3.0,1.5,10,5,0.005064,0.006276,0.006184,0.006048276692664934,3.0,4.0,3.8289669577583716,0,0.7235,311.708736768
main_campaign_default_alpha_0_5,1.1_diagnostico_drift,CIFAR10,0.1,48,E1L1F1,3.0,1.5,10,5,0.004315,0.006798,0.005484,0.005910706835251766,2.0,4.0,3.4716457046353497,0,0.6702,282.6136300032
main_campaign_default_alpha_0_5,1.1_diagnostico_drift,CIFAR10,0.1,49,E1L1F1,3.0,1.5,10,5,0.005252,0.006282,0.005824,0.005865961846987979,3.0,4.0,3.7805257427282624,0,0.6846,307.765231872
main_campaign_default_alpha_0_5,1.1_diagnostico_drift,CIFAR10,0.1,50,E1L1F1,3.0,1.5,10,5,0.004357,0.007188,0.00479,0.006160549963335777,2.0,4.0,3.633091127258183,0,0.7071,295.7628672
main_campaign_default_alpha_0_5,1.1_diagnostico_drift,CIFAR10,0.1,51,E1L1F1,3.0,1.5,10,5,0.004453,0.006276,0.005492,0.005845555896273583,3.0,4.0,3.6800657733928848,0,0.7053,299.5869815808
main_campaign_default_alpha_0_5,1.1_diagnostico_drift,CIFAR10,1.0,42,E1L1F1,3.0,1.5,10,5,0.006547,0.007707,0.006979,0.007159168748055642,4.0,4.0,4.0,0,0.8102,325.6249675776
main_campaign_default_alpha_0_5,1.1_diagnostico_drift,CIFAR10,1.0,43,E1L1F1,3.0,1.5,10,5,0.006796,0.007715,0.00723,0.007252538998266744,4.0,4.0,4.0,0,0.817,325.6249675776
main_campaign_default_alpha_0_5,1.1_diagnostico_drift,CIFAR10,1.0,44,E1L1F1,3.0,1.5,10,5,0.006269,0.007758,0.007551,0.007340642593662503,4.0,4.0,4.0,0,0.8247,325.6249675776
main_campaign_default_alpha_0_5,1.1_diagnostico_drift,CIFAR10,1.0,45,E1L1F1,3.0,1.5,10,5,0.006436,0.007618,0.007046,0.007095227767654772,4.0,4.0,4.0,0,0.8096,325.6249675776
main_campaign_default_alpha_0_5,1.1_diagnostico_drift,CIFAR10,1.0,46,E1L1F1,3.0,1.5,10,5,0.006189,0.007576,0.006796,0.007028881271943469,4.0,4.0,4.0,0,0.8224,325.6249675776
main_campaign_default_alpha_0_5,1.1_diagnostico_drift,CIFAR10,1.0,47,E1L1F1,3.0,1.5,10,5,0.006809,0.007558,0.006935,0.0070646816434459915,4.0,4.0,4.0,0,0.8172,325.6322033664
main_campaign_default_alpha_0_5,1.1_diagnostico_drift,CIFAR10,1.0,48,E1L1F1,3.0,1.5,10,5,0.00699,0.007755,0.00727,0.007359610372872316,4.0,4.0,4.0,0,0.8257,325.6249675776
main_campaign_default_alpha_0_5,1.1_diagnostico_drift,CIFAR10,1.0,49,E1L1F1,3.0,1.5,10,5,0.006765,0.00809,0.007463,0.0073630098662281675,4.0,5.0,4.172747877872094,0,0.8226,339.6877231104
main_campaign_default_alpha_0_5,1.1_diagnostico_drift,CIFAR10,1.0,50,E1L1F1,3.0,1.5,10,5,0.006984,0.007873,0.007262,0.007307061373686198,4.0,4.0,4.0,0,0.8124,325.6322033664
main_campaign_default_alpha_0_5,1.1_diagnostico_drift,CIFAR10,1.0,51,E1L1F1,3.0,1.5,10,5,0.007288,0.007739,0.007374,0.007464955935291764,4.0,4.0,4.0,0,0.8207,325.6249675776
main_campaign_default_alpha_0_5,test1_convergencia,CIFAR10,0.5,42,E1L1F1,3.0,1.5,10,5,0.005571,0.006832,0.00617,0.006489268448770083,3.0,4.0,3.942003866408906,0,0.7862,320.9108511744
main_campaign_default_alpha_0_5,test1_convergencia,CIFAR10,0.5,43,E1L1F1,3.0,1.5,10,5,0.006231,0.007063,0.006711,0.006699612048085684,4.0,4.0,4.0,0,0.8011,325.6322033664
main_campaign_default_alpha_0_5,test1_convergencia,CIFAR10,0.5,44,E1L1F1,3.0,1.5,10,5,0.005989,0.007324,0.006995,0.0068529659570685745,4.0,4.0,4.0,0,0.7991,325.6249675776
main_campaign_default_alpha_0_5,test1_convergencia,CIFAR10,0.5,45,E1L1F1,3.0,1.5,10,5,0.005474,0.006711,0.006364,0.0062886078531588195,3.0,4.0,3.8589586898068933,0,0.7851,314.1363439104
main_campaign_default_alpha_0_5,test1_convergencia,CIFAR10,0.5,46,E1L1F1,3.0,1.5,10,5,0.00561,0.0069,0.0064,0.006492999044486912,3.0,4.0,3.853962046131283,0,0.7941,313.7365665792
main_campaign_default_alpha_0_5,test1_convergencia,CIFAR10,0.5,47,E1L1F1,3.0,1.5,10,5,0.006045,0.008205,0.007321,0.007790146593484734,4.0,5.0,4.685125105550864,0,0.8289,381.398427648
main_campaign_default_alpha_0_5,test1_convergencia,CIFAR10,0.5,48,E1L1F1,3.0,1.5,10,5,0.005288,0.007954,0.007147,0.0068500074218923596,3.0,4.0,3.9047597884538465,0,0.7697,317.8718198784
main_campaign_default_alpha_0_5,test1_convergencia,CIFAR10,0.5,49,E1L1F1,3.0,1.5,10,5,0.006114,0.007665,0.006738,0.00694820372427892,4.0,4.0,4.0,0,0.8114,325.6249675776
main_campaign_default_alpha_0_5,test1_convergencia,CIFAR10,0.5,50,E1L1F1,3.0,1.5,10,5,0.006025,0.007169,0.006455,0.006708292098128973,4.0,4.0,4.0,0,0.811,325.6249675776
main_campaign_default_alpha_0_5,test1_convergencia,CIFAR10,0.5,51,E1L1F1,3.0,1.5,10,5,0.005945,0.007297,0.006817,0.006692613439402693,4.0,4.0,4.0,0,0.807,325.6249675776
main_campaign_default_alpha_0_5,test1_convergencia,CIFAR10,0.5,52,E1L1F1,3.0,1.5,10,5,0.006093,0.007141,0.006601,0.006695828229856452,4.0,4.0,4.0,0,0.7974,325.6249675776
main_campaign_default_alpha_0_5,test1_convergencia,CIFAR10,0.5,53,E1L1F1,3.0,1.5,10,5,0.005469,0.007503,0.006549,0.006741403515399316,3.0,4.0,3.8493844718012533,0,0.8148,313.363923456
main_campaign_default_alpha_0_5,test1_convergencia,CIFAR10,0.5,54,E1L1F1,3.0,1.5,10,5,0.005691,0.00727,0.006722,0.006738027287676104,3.0,4.0,3.8895826852139903,0,0.8065,316.6363089408
main_campaign_default_alpha_0_5,test1_convergencia,CIFAR10,0.5,55,E1L1F1,3.0,1.5,10,5,0.005976,0.006963,0.006921,0.0068958431847473455,4.0,4.0,4.0,0,0.8128,325.6249675776
main_campaign_default_alpha_0_5,test1_convergencia,CIFAR10,0.5,56,E1L1F1,3.0,1.5,10,5,0.005701,0.00711,0.006629,0.006779097326844877,3.0,4.0,3.9144945892496055,0,0.8092,318.6713745408
main_campaign_default_alpha_0_5,test1_convergencia,CIFAR10,0.5,57,E1L1F1,3.0,1.5,10,5,0.005667,0.007342,0.006389,0.006838592538275227,3.0,4.0,3.920205319645357,0,0.7943,319.1362739712
main_campaign_default_alpha_0_5,test1_convergencia,CIFAR10,0.5,58,E1L1F1,3.0,1.5,10,5,0.006494,0.007371,0.006895,0.006943313986045065,4.0,4.0,4.0,0,0.8176,325.6249675776
main_campaign_default_alpha_0_5,test1_convergencia,CIFAR10,0.5,59,E1L1F1,3.0,1.5,10,5,0.005432,0.007025,0.006573,0.00659287320845277,3.0,4.0,3.922116303357554,0,0.8013,319.2918434304
main_campaign_default_alpha_0_5,test1_convergencia,CIFAR10,0.5,60,E1L1F1,3.0,1.5,10,5,0.006139,0.00723,0.006886,0.0067667099906670814,4.0,4.0,4.0,0,0.7988,325.6249675776
main_campaign_default_alpha_0_5,test1_convergencia,CIFAR10,0.5,61,E1L1F1,3.0,1.5,10,5,0.006339,0.00731,0.006742,0.006857802253233188,4.0,4.0,4.0,0,0.8031,325.6249675776
main_campaign_default_alpha_0_5,test1_convergencia,CIFAR10,0.5,62,E1L1F1,3.0,1.5,10,5,0.006204,0.00771,0.006602,0.006839965823741167,4.0,4.0,4.0,0,0.8052,325.6249675776
main_campaign_default_alpha_0_5,test1_convergencia,CIFAR10,0.5,63,E1L1F1,3.0,1.5,10,5,0.006524,0.007899,0.006698,0.006935893026976578,4.0,4.0,4.0,0,0.8084,325.6249675776
main_campaign_default_alpha_0_5,test1_convergencia,CIFAR10,0.5,64,E1L1F1,3.0,1.5,10,5,0.006409,0.00679,0.006587,0.006568746389049376,4.0,4.0,4.0,0,0.798,325.6249675776
main_campaign_default_alpha_0_5,test1_convergencia,CIFAR10,0.5,65,E1L1F1,3.0,1.5,10,5,0.006433,0.006992,0.006797,0.0067565533754055385,4.0,4.0,4.0,0,0.814,325.6249675776
main_campaign_default_alpha_0_5,test1_convergencia,CIFAR10,0.5,66,E1L1F1,3.0,1.5,10,5,0.006522,0.007579,0.006984,0.007152939091595929,4.0,4.0,4.0,0,0.8167,325.6249675776
main_campaign_default_alpha_0_5,test1_convergencia,CIFAR10,0.5,67,E1L1F1,3.0,1.5,10,5,0.006372,0.006888,0.006595,0.006659661326163282,4.0,4.0,4.0,0,0.7976,325.6249675776
main_campaign_default_alpha_0_5,test1_convergencia,CIFAR10,0.5,68,E1L1F1,3.0,1.5,10,5,0.006006,0.007322,0.006315,0.006512572996755699,4.0,4.0,4.0,0,0.7906,325.6249675776
main_campaign_default_alpha_0_5,test1_convergencia,CIFAR10,0.5,69,E1L1F1,3.0,1.5,10,5,0.00612,0.008109,0.006909,0.007083418705419638,4.0,5.0,4.289691798324556,0,0.8079,349.2154480128
main_campaign_default_alpha_0_5,test1_convergencia,CIFAR10,0.5,70,E1L1F1,3.0,1.5,10,5,0.00559,0.006654,0.006267,0.006305999844451357,3.0,4.0,3.833029643126972,0,0.7767,312.0325383168
main_campaign_default_alpha_0_5,test1_convergencia,CIFAR10,0.5,71,E1L1F1,3.0,1.5,10,5,0.006217,0.007643,0.006772,0.006961044798008978,4.0,4.0,4.0,0,0.798,325.6249675776
main_campaign_default_alpha_0_5,test1_convergencia,FashionMNIST,0.5,42,E1L1F1,3.0,1.5,10,5,0.00557,0.006832,0.006174,0.0064844362639804465,3.0,4.0,3.9421709502999778,0,0.8793,3.5975510712
main_campaign_default_alpha_0_5,test1_convergencia,FashionMNIST,0.5,43,E1L1F1,3.0,1.5,10,5,0.006218,0.007071,0.006709,0.006696185641272546,4.0,4.0,4.0,0,0.8775,3.6501895872
main_campaign_default_alpha_0_5,test1_convergencia,FashionMNIST,0.5,44,E1L1F1,3.0,1.5,10,5,0.005966,0.007327,0.007,0.006857387922893172,4.0,4.0,4.0,0,0.882,3.6502571808
main_campaign_default_alpha_0_5,test1_convergencia,FashionMNIST,0.5,45,E1L1F1,3.0,1.5,10,5,0.00548,0.006706,0.006378,0.00629456083108033,3.0,4.0,3.8588941150327765,0,0.8834,3.5214237792
main_campaign_default_alpha_0_5,test1_convergencia,FashionMNIST,0.5,46,E1L1F1,3.0,1.5,10,5,0.005616,0.006894,0.006408,0.006491479065202497,3.0,4.0,3.8539286309512786,0,0.8839,3.5168274144
main_campaign_default_alpha_0_5,test1_convergencia,FashionMNIST,0.5,47,E1L1F1,3.0,1.5,10,5,0.00602,0.008208,0.007317,0.007785616625310173,4.0,5.0,4.685289433724677,0,0.8896,4.275548676
main_campaign_default_alpha_0_5,test1_convergencia,FashionMNIST,0.5,48,E1L1F1,3.0,1.5,10,5,0.005278,0.007944,0.00713,0.006842618250499963,3.0,4.0,3.9047477964595214,0,0.8671,3.5633994048
main_campaign_default_alpha_0_5,test1_convergencia,FashionMNIST,0.5,49,E1L1F1,3.0,1.5,10,5,0.00611,0.00766,0.006739,0.006951212310883132,4.0,4.0,4.0,0,0.8896,3.6501219936
main_campaign_default_alpha_0_5,test1_convergencia,FashionMNIST,0.5,50,E1L1F1,3.0,1.5,10,5,0.006009,0.007156,0.006462,0.006703276600866634,4.0,4.0,4.0,0,0.8903,3.6501895872
main_campaign_default_alpha_0_5,test1_convergencia,FashionMNIST,0.5,51,E1L1F1,3.0,1.5,10,5,0.005934,0.007297,0.006815,0.0066924397429724836,4.0,4.0,4.0,0,0.8863,3.6501895872
main_campaign_default_alpha_0_5,test1_convergencia,FashionMNIST,0.5,52,E1L1F1,3.0,1.5,10,5,0.006104,0.007125,0.006593,0.0066940220362208805,4.0,4.0,4.0,0,0.8853,3.6501895872
main_campaign_default_alpha_0_5,test1_convergencia,FashionMNIST,0.5,53,E1L1F1,3.0,1.5,10,5,0.005459,0.007498,0.006554,0.006738823488018962,3.0,4.0,3.8495055738676345,0,0.8827,3.5128562904
main_campaign_default_alpha_0_5,test1_convergencia,FashionMNIST,0.5,54,E1L1F1,3.0,1.5,10,5,0.005702,0.007265,0.006722,0.006737526091626237,3.0,4.0,3.889615199437058,0,0.8832,3.5494582248
main_campaign_default_alpha_0_5,test1_convergencia,FashionMNIST,0.5,55,E1L1F1,3.0,1.5,10,5,0.006,0.006958,0.006931,0.006897818250837916,4.0,4.0,4.0,0,0.8759,3.6502571808
main_campaign_default_alpha_0_5,test1_convergencia,FashionMNIST,0.5,56,E1L1F1,3.0,1.5,10,5,0.005714,0.007122,0.006641,0.006780722565830895,3.0,4.0,3.914484648716714,0,0.8792,3.572152776
main_campaign_default_alpha_0_5,test1_convergencia,FashionMNIST,0.5,57,E1L1F1,3.0,1.5,10,5,0.005629,0.007345,0.006387,0.006837011592163254,3.0,4.0,3.920188141179956,0,0.8766,3.5773574832
main_campaign_default_alpha_0_5,test1_convergencia,FashionMNIST,0.5,58,E1L1F1,3.0,1.5,10,5,0.006493,0.007378,0.006904,0.0069498133587644895,4.0,4.0,4.0,0,0.8879,3.6501895872
main_campaign_default_alpha_0_5,test1_convergencia,FashionMNIST,0.5,59,E1L1F1,3.0,1.5,10,5,0.005411,0.007025,0.006583,0.006593972538054146,3.0,4.0,3.922243620606644,0,0.8805,3.5792332056
main_campaign_default_alpha_0_5,test1_convergencia,FashionMNIST,0.5,60,E1L1F1,3.0,1.5,10,5,0.006143,0.007222,0.006893,0.006765864502509214,4.0,4.0,4.0,0,0.878,3.6501219936
main_campaign_default_alpha_0_5,test1_convergencia,FashionMNIST,0.5,61,E1L1F1,3.0,1.5,10,5,0.006334,0.007328,0.006751,0.006865526906410874,4.0,4.0,4.0,0,0.883,3.6501895872
main_campaign_default_alpha_0_5,test1_convergencia,FashionMNIST,0.5,62,E1L1F1,3.0,1.5,10,5,0.006186,0.0077,0.006605,0.006833473593570608,4.0,4.0,4.0,0,0.881,3.6501895872
main_campaign_default_alpha_0_5,test1_convergencia,FashionMNIST,0.5,63,E1L1F1,3.0,1.5,10,5,0.006529,0.007917,0.006713,0.0069424898892633605,4.0,4.0,4.0,0,0.8826,3.6501895872
main_campaign_default_alpha_0_5,test1_convergencia,FashionMNIST,0.5,64,E1L1F1,3.0,1.5,10,5,0.006402,0.006793,0.006589,0.006569073886152365,4.0,4.0,4.0,0,0.8748,3.6501895872
main_campaign_default_alpha_0_5,test1_convergencia,FashionMNIST,0.5,65,E1L1F1,3.0,1.5,10,5,0.006436,0.007011,0.006791,0.006759518203029518,4.0,4.0,4.0,0,0.8848,3.6501895872
main_campaign_default_alpha_0_5,test1_convergencia,FashionMNIST,0.5,66,E1L1F1,3.0,1.5,10,5,0.006529,0.007564,0.006983,0.007151907929335952,4.0,4.0,4.0,0,0.8834,3.6501895872
main_campaign_default_alpha_0_5,test1_convergencia,FashionMNIST,0.5,67,E1L1F1,3.0,1.5,10,5,0.006376,0.006889,0.006604,0.006666824691678087,4.0,4.0,4.0,0,0.8838,3.6501895872
main_campaign_default_alpha_0_5,test1_convergencia,FashionMNIST,0.5,68,E1L1F1,3.0,1.5,10,5,0.005994,0.007325,0.006326,0.00651465920411829,4.0,4.0,4.0,0,0.8737,3.6502571808
main_campaign_default_alpha_0_5,test1_convergencia,FashionMNIST,0.5,69,E1L1F1,3.0,1.5,10,5,0.006113,0.008092,0.006928,0.007079193603940594,4.0,5.0,4.289544831672901,0,0.8827,3.9144129696
main_campaign_default_alpha_0_5,test1_convergencia,FashionMNIST,0.5,70,E1L1F1,3.0,1.5,10,5,0.005601,0.006655,0.006267,0.006308109514462428,3.0,4.0,3.8329876671234397,0,0.8745,3.4977829176
main_campaign_default_alpha_0_5,test1_convergencia,FashionMNIST,0.5,71,E1L1F1,3.0,1.5,10,5,0.006213,0.007639,0.006769,0.006963008962631014,4.0,4.0,4.0,0,0.8904,3.6501895872
main_campaign_default_alpha_0_5,test1_convergencia,MNIST,0.5,42,E1L1F1,3.0,1.5,10,5,0.005543,0.006848,0.006245,0.006485876967519721,3.0,4.0,3.9408910781082183,0,0.9885,3.5962498944
main_campaign_default_alpha_0_5,test1_convergencia,MNIST,0.5,43,E1L1F1,3.0,1.5,10,5,0.006223,0.007063,0.006724,0.006695965797563054,4.0,4.0,4.0,0,0.9858,3.6501895872
main_campaign_default_alpha_0_5,test1_convergencia,MNIST,0.5,44,E1L1F1,3.0,1.5,10,5,0.005996,0.007343,0.007011,0.006840346153846154,4.0,4.0,4.0,0,0.9896,3.6501895872
main_campaign_default_alpha_0_5,test1_convergencia,MNIST,0.5,45,E1L1F1,3.0,1.5,10,5,0.005495,0.006543,0.006364,0.006262741903227599,3.0,4.0,3.860044812325241,0,0.9872,3.5225390736
main_campaign_default_alpha_0_5,test1_convergencia,MNIST,0.5,46,E1L1F1,3.0,1.5,10,5,0.005593,0.006928,0.006427,0.006466999425947187,3.0,4.0,3.8530054442428057,0,0.9901,3.516050088
main_campaign_default_alpha_0_5,test1_convergencia,MNIST,0.5,47,E1L1F1,3.0,1.5,10,5,0.006047,0.008162,0.007317,0.007719490064998796,4.0,5.0,4.68782059591489,0,0.9912,4.2777792648
main_campaign_default_alpha_0_5,test1_convergencia,MNIST,0.5,48,E1L1F1,3.0,1.5,10,5,0.005278,0.007957,0.007177,0.006866113106921966,3.0,4.0,3.9031146994555757,0,0.9883,3.5617771584
main_campaign_default_alpha_0_5,test1_convergencia,MNIST,0.5,49,E1L1F1,3.0,1.5,10,5,0.006126,0.007719,0.006734,0.006964315223228339,4.0,4.0,4.0,0,0.9896,3.6502571808
main_campaign_default_alpha_0_5,test1_convergencia,MNIST,0.5,50,E1L1F1,3.0,1.5,10,5,0.0059,0.007283,0.006432,0.006700935187585645,4.0,4.0,4.0,0,0.9887,3.6501895872
main_campaign_default_alpha_0_5,test1_convergencia,MNIST,0.5,51,E1L1F1,3.0,1.5,10,5,0.005842,0.007317,0.006806,0.006709215821343258,4.0,4.0,4.0,0,0.9883,3.6502571808
main_campaign_default_alpha_0_5,test1_convergencia,MNIST,0.5,52,E1L1F1,3.0,1.5,10,5,0.006235,0.00714,0.006652,0.006692725190274255,4.0,4.0,4.0,0,0.9891,3.6501219936
main_campaign_default_alpha_0_5,test1_convergencia,MNIST,0.5,53,E1L1F1,3.0,1.5,10,5,0.005345,0.007504,0.006567,0.006711142917986038,3.0,4.0,3.8398422309871676,0,0.9901,3.5041029192
main_campaign_default_alpha_0_5,test1_convergencia,MNIST,0.5,54,E1L1F1,3.0,1.5,10,5,0.005812,0.007243,0.006721,0.006744743329074311,4.0,4.0,4.0,0,0.991,3.6502571808
main_campaign_default_alpha_0_5,test1_convergencia,MNIST,0.5,55,E1L1F1,3.0,1.5,10,5,0.006005,0.006962,0.006903,0.006880564950095366,4.0,4.0,4.0,0,0.9888,3.6502571808
main_campaign_default_alpha_0_5,test1_convergencia,MNIST,0.5,56,E1L1F1,3.0,1.5,10,5,0.0057,0.007114,0.006761,0.0067948627432825315,3.0,4.0,3.9144830651284237,0,0.9893,3.5720851824
main_campaign_default_alpha_0_5,test1_convergencia,MNIST,0.5,57,E1L1F1,3.0,1.5,10,5,0.005655,0.007338,0.006358,0.0068045695979852975,3.0,4.0,3.9185230450160176,0,0.9889,3.5759042208
main_campaign_default_alpha_0_5,test1_convergencia,MNIST,0.5,58,E1L1F1,3.0,1.5,10,5,0.006524,0.007407,0.006893,0.006925086050774957,4.0,4.0,4.0,0,0.9896,3.6502571808
main_campaign_default_alpha_0_5,test1_convergencia,MNIST,0.5,59,E1L1F1,3.0,1.5,10,5,0.005432,0.007131,0.006533,0.006578264466788883,3.0,4.0,3.92354128474344,0,0.9912,3.5804836872
main_campaign_default_alpha_0_5,test1_convergencia,MNIST,0.5,60,E1L1F1,3.0,1.5,10,5,0.006153,0.007195,0.006889,0.0067569590200362946,4.0,4.0,4.0,0,0.9879,3.6501895872
main_campaign_default_alpha_0_5,test1_convergencia,MNIST,0.5,61,E1L1F1,3.0,1.5,10,5,0.006291,0.007366,0.006731,0.006854805603392403,4.0,4.0,4.0,0,0.9896,3.6502571808
main_campaign_default_alpha_0_5,test1_convergencia,MNIST,0.5,62,E1L1F1,3.0,1.5,10,5,0.006185,0.007577,0.006587,0.006811982797252004,4.0,4.0,4.0,0,0.9897,3.6502571808
main_campaign_default_alpha_0_5,test1_convergencia,MNIST,0.5,63,E1L1F1,3.0,1.5,10,5,0.006509,0.007944,0.00673,0.006947449742602127,4.0,4.0,4.0,0,0.9891,3.6501895872
main_campaign_default_alpha_0_5,test1_convergencia,MNIST,0.5,64,E1L1F1,3.0,1.5,10,5,0.006378,0.006793,0.006547,0.006553945872375098,4.0,4.0,4.0,0,0.9867,3.6501895872
main_campaign_default_alpha_0_5,test1_convergencia,MNIST,0.5,65,E1L1F1,3.0,1.5,10,5,0.006437,0.007023,0.006814,0.00676070322019147,4.0,4.0,4.0,0,0.9886,3.6502571808
main_campaign_default_alpha_0_5,test1_convergencia,MNIST,0.5,66,E1L1F1,3.0,1.5,10,5,0.006522,0.007534,0.006932,0.007145696553895154,4.0,4.0,4.0,0,0.9902,3.6502571808
main_campaign_default_alpha_0_5,test1_convergencia,MNIST,0.5,67,E1L1F1,3.0,1.5,10,5,0.006417,0.006767,0.006635,0.006634060757008999,4.0,4.0,4.0,0,0.9893,3.6501895872
main_campaign_default_alpha_0_5,test1_convergencia,MNIST,0.5,68,E1L1F1,3.0,1.5,10,5,0.006114,0.007369,0.006336,0.006556540442946557,4.0,4.0,4.0,0,0.9876,3.6501895872
main_campaign_default_alpha_0_5,test1_convergencia,MNIST,0.5,69,E1L1F1,3.0,1.5,10,5,0.006114,0.008063,0.006879,0.007078281322913966,4.0,5.0,4.292952112884708,0,0.9909,3.9175222752
main_campaign_default_alpha_0_5,test1_convergencia,MNIST,0.5,70,E1L1F1,3.0,1.5,10,5,0.005527,0.006651,0.006288,0.006305631698825969,3.0,4.0,3.8303210992185472,0,0.9872,3.495349548
main_campaign_default_alpha_0_5,test1_convergencia,MNIST,0.5,71,E1L1F1,3.0,1.5,10,5,0.006145,0.007648,0.006832,0.006949467871560313,4.0,4.0,4.0,0,0.9894,3.6501895872
main_campaign_default_alpha_0_5,test2_robustez_alpha,CIFAR10,0.01,42,E1L1F1,3.0,1.5,10,5,0.004001,0.005931,0.005061,0.005426528343814583,2.0,4.0,3.278149374458345,0,0.6412,266.855890944
main_campaign_default_alpha_0_5,test2_robustez_alpha,CIFAR10,0.01,43,E1L1F1,3.0,1.5,10,5,0.004002,0.006179,0.005004,0.005316269105130998,2.0,4.0,3.175573876136086,0,0.5024,258.5057906688
main_campaign_default_alpha_0_5,test2_robustez_alpha,CIFAR10,0.01,44,E1L1F1,3.0,1.5,10,5,0.004,0.006074,0.0052,0.005484446103593094,2.0,4.0,3.2946470235317644,0,0.5761,268.2107923968
main_campaign_default_alpha_0_5,test2_robustez_alpha,CIFAR10,0.01,45,E1L1F1,3.0,1.5,10,5,0.004,0.005872,0.005,0.0053017574552242114,2.0,4.0,3.1339718234745124,0,0.5865,255.124868352
main_campaign_default_alpha_0_5,test2_robustez_alpha,CIFAR10,0.01,46,E1L1F1,3.0,1.5,10,5,0.004,0.006667,0.0048354999999999995,0.005834585044444444,2.0,4.0,3.3,1,0.578,268.6286592
main_campaign_default_alpha_0_5,test2_robustez_alpha,CIFAR10,0.01,47,E1L1F1,3.0,1.5,10,5,0.004127,0.006204,0.004997,0.005346866053374219,2.0,4.0,3.295024776126036,0,0.5691,268.2415444992
main_campaign_default_alpha_0_5,test2_robustez_alpha,CIFAR10,0.01,48,E1L1F1,3.0,1.5,10,5,0.005001,0.005709,0.0053355,0.005416497966711851,3.0,3.0,3.0,1,0.5259,244.2132988416
main_campaign_default_alpha_0_5,test2_robustez_alpha,CIFAR10,0.01,49,E1L1F1,3.0,1.5,10,5,0.004246,0.005945,0.005,0.005361977645934716,2.0,4.0,3.1294580361309245,0,0.5397,254.763078912
main_campaign_default_alpha_0_5,test2_robustez_alpha,CIFAR10,0.01,50,E1L1F1,3.0,1.5,10,5,0.004001,0.006843,0.004003,0.005759730767521444,2.0,4.0,3.218434736233945,0,0.6021,262.0006766592
main_campaign_default_alpha_0_5,test2_robustez_alpha,CIFAR10,0.01,51,E1L1F1,3.0,1.5,10,5,0.004001,0.006202,0.005339,0.005584555387658051,2.0,4.0,3.2999711117530723,1,0.5667,268.6322770944
main_campaign_default_alpha_0_5,test2_robustez_alpha,CIFAR10,0.01,52,E1L1F1,3.0,1.5,10,5,0.004009,0.006202,0.0054915,0.005738714450789982,2.0,4.0,3.64480789315793,1,0.5601,296.703519744
main_campaign_default_alpha_0_5,test2_robustez_alpha,CIFAR10,0.01,53,E1L1F1,3.0,1.5,10,5,0.004,0.00575,0.005666,0.005529706257499666,2.0,4.0,3.1939691569263586,0,0.6038,260.009025792
main_campaign_default_alpha_0_5,test2_robustez_alpha,CIFAR10,0.01,54,E1L1F1,3.0,1.5,10,5,0.004001,0.006045,0.005001,0.005513622683436292,2.0,4.0,3.4972001244389137,0,0.5521,284.6939192832
main_campaign_default_alpha_0_5,test2_robustez_alpha,CIFAR10,0.01,55,E1L1F1,3.0,1.5,10,5,0.004,0.00638,0.004012,0.005830831203751028,2.0,4.0,3.599075576098309,0,0.5949,292.9807064064
main_campaign_default_alpha_0_5,test2_robustez_alpha,CIFAR10,0.01,56,E1L1F1,3.0,1.5,10,5,0.004222,0.00567,0.005007,0.005170631757882808,2.0,3.0,2.9061173699531144,0,0.5666,236.5813506048
main_campaign_default_alpha_0_5,test2_robustez_alpha,CIFAR10,0.01,57,E1L1F1,3.0,1.5,10,5,0.005,0.006202,0.0050185,0.005485419101797738,3.0,4.0,3.397613386369192,1,0.5455,276.5807910912
main_campaign_default_alpha_0_5,test2_robustez_alpha,CIFAR10,0.01,58,E1L1F1,3.0,1.5,10,5,0.004001,0.00567,0.005002,0.005167839251588818,2.0,3.0,2.9000044442469224,0,0.5333,236.0784632832
main_campaign_default_alpha_0_5,test2_robustez_alpha,CIFAR10,0.01,59,E1L1F1,3.0,1.5,10,5,0.004004,0.006202,0.005066,0.005579855876274915,2.0,4.0,3.297691265026776,0,0.5837,268.4586181632
main_campaign_default_alpha_0_5,test2_robustez_alpha,CIFAR10,0.01,60,E1L1F1,3.0,1.5,10,5,0.004,0.006201,0.005,0.005292016110395094,2.0,4.0,3.1937913870494645,0,0.5124,259.9945542144
main_campaign_default_alpha_0_5,test2_robustez_alpha,CIFAR10,0.01,61,E1L1F1,3.0,1.5,10,5,0.004111,0.006202,0.00501,0.005489143123791746,2.0,4.0,3.394440370641957,0,0.5385,276.334774272
main_campaign_default_alpha_0_5,test2_robustez_alpha,CIFAR10,0.01,62,E1L1F1,3.0,1.5,10,5,0.004001,0.006282,0.005,0.005615704413137195,2.0,4.0,3.3062530554197593,0,0.551,269.1496359936
main_campaign_default_alpha_0_5,test2_robustez_alpha,CIFAR10,0.01,63,E1L1F1,3.0,1.5,10,5,0.004001,0.00593,0.005001,0.0052949596017954756,2.0,4.0,3.207146349051153,0,0.5638,261.0817314816
main_campaign_default_alpha_0_5,test2_robustez_alpha,CIFAR10,0.01,64,E1L1F1,3.0,1.5,10,5,0.004001,0.00567,0.005001,0.005101784498466735,2.0,3.0,2.9000933291853697,0,0.4875,236.085699072
main_campaign_default_alpha_0_5,test2_robustez_alpha,CIFAR10,0.01,65,E1L1F1,3.0,1.5,10,5,0.004,0.006173,0.005342,0.005437091240389315,2.0,4.0,3.1527043242522557,0,0.58,256.6498108416
main_campaign_default_alpha_0_5,test2_robustez_alpha,CIFAR10,0.01,66,E1L1F1,3.0,1.5,10,5,0.004382,0.006202,0.00533,0.005629750949936671,2.0,4.0,3.306224029509144,0,0.6328,269.153253888
main_campaign_default_alpha_0_5,test2_robustez_alpha,CIFAR10,0.01,67,E1L1F1,3.0,1.5,10,5,0.004,0.006667,0.004017,0.005533816256693998,2.0,4.0,3.1976757105081886,0,0.5077,260.316546816
main_campaign_default_alpha_0_5,test2_robustez_alpha,CIFAR10,0.01,68,E1L1F1,3.0,1.5,10,5,0.004001,0.00567,0.005001,0.005101510421759033,2.0,3.0,2.9000044442469224,0,0.4735,236.0784632832
main_campaign_default_alpha_0_5,test2_robustez_alpha,CIFAR10,0.01,69,E1L1F1,3.0,1.5,10,5,0.004,0.006427,0.004983,0.005767704184351459,2.0,4.0,3.425990533543699,0,0.6054,278.8908166656
main_campaign_default_alpha_0_5,test2_robustez_alpha,CIFAR10,0.01,70,E1L1F1,3.0,1.5,10,5,0.004001,0.00574,0.005,0.005127605564320793,2.0,4.0,3.2061509744227905,0,0.531,260.994902016
main_campaign_default_alpha_0_5,test2_robustez_alpha,CIFAR10,0.01,71,E1L1F1,3.0,1.5,10,5,0.004002,0.00621,0.004222,0.0053942085240655975,2.0,4.0,3.0909737345006887,0,0.5213,251.62455552
main_campaign_default_alpha_0_5,test2_robustez_alpha,CIFAR10,0.1,42,E1L1F1,3.0,1.5,10,5,0.004499,0.006376,0.005653,0.005887251383241118,3.0,4.0,3.5719174277270405,0,0.6991,290.7828355584
main_campaign_default_alpha_0_5,test2_robustez_alpha,CIFAR10,0.1,43,E1L1F1,3.0,1.5,10,5,0.004239,0.0062,0.00557,0.005662439669348028,2.0,4.0,3.4884671792364785,0,0.6651,283.9830030336
main_campaign_default_alpha_0_5,test2_robustez_alpha,CIFAR10,0.1,44,E1L1F1,3.0,1.5,10,5,0.004983,0.006162,0.005628,0.005769594493700419,3.0,4.0,3.5251205475190543,0,0.655,286.9731927552
main_campaign_default_alpha_0_5,test2_robustez_alpha,CIFAR10,0.1,45,E1L1F1,3.0,1.5,10,5,0.004712,0.006341,0.005106,0.0058698081196391265,3.0,4.0,3.6886138393849164,0,0.6497,300.276190464
main_campaign_default_alpha_0_5,test2_robustez_alpha,CIFAR10,0.1,46,E1L1F1,3.0,1.5,10,5,0.004485,0.006424,0.005296,0.005659446570228653,3.0,4.0,3.3713308001688778,0,0.7072,274.453469184
main_campaign_default_alpha_0_5,test2_robustez_alpha,CIFAR10,0.1,47,E1L1F1,3.0,1.5,10,5,0.005064,0.006276,0.006184,0.006048276692664934,3.0,4.0,3.8289669577583716,0,0.7121,311.708736768
main_campaign_default_alpha_0_5,test2_robustez_alpha,CIFAR10,0.1,48,E1L1F1,3.0,1.5,10,5,0.004315,0.006798,0.005484,0.005910706835251766,2.0,4.0,3.4716457046353497,0,0.6694,282.6136300032
main_campaign_default_alpha_0_5,test2_robustez_alpha,CIFAR10,0.1,49,E1L1F1,3.0,1.5,10,5,0.005252,0.006282,0.005824,0.005865961846987979,3.0,4.0,3.7805257427282624,0,0.6869,307.765231872
main_campaign_default_alpha_0_5,test2_robustez_alpha,CIFAR10,0.1,50,E1L1F1,3.0,1.5,10,5,0.004357,0.007188,0.00479,0.006160549963335777,2.0,4.0,3.633091127258183,0,0.7085,295.7628672
main_campaign_default_alpha_0_5,test2_robustez_alpha,CIFAR10,0.1,51,E1L1F1,3.0,1.5,10,5,0.004453,0.006276,0.005492,0.005845555896273583,3.0,4.0,3.6800657733928848,0,0.7131,299.5869815808
main_campaign_default_alpha_0_5,test2_robustez_alpha,CIFAR10,0.1,52,E1L1F1,3.0,1.5,10,5,0.004994,0.006745,0.005556,0.0059395286209501805,3.0,4.0,3.4126705479756456,0,0.7587,277.8126841344
main_campaign_default_alpha_0_5,test2_robustez_alpha,CIFAR10,0.1,53,E1L1F1,3.0,1.5,10,5,0.004148,0.006349,0.005761,0.005804136257582828,2.0,4.0,3.669044285936493,0,0.709,298.6897437696
main_campaign_default_alpha_0_5,test2_robustez_alpha,CIFAR10,0.1,54,E1L1F1,3.0,1.5,10,5,0.004143,0.005824,0.005813,0.005558828029865339,2.0,4.0,3.729834229589796,0,0.7012,303.63178752
main_campaign_default_alpha_0_5,test2_robustez_alpha,CIFAR10,0.1,55,E1L1F1,3.0,1.5,10,5,0.004718,0.007162,0.005202,0.0061097894140390635,3.0,4.0,3.47556829544697,0,0.6907,282.9392404992
main_campaign_default_alpha_0_5,test2_robustez_alpha,CIFAR10,0.1,56,E1L1F1,3.0,1.5,10,5,0.004443,0.006093,0.005702,0.0055859453369775346,2.0,4.0,3.3878630313534654,0,0.6889,275.7993259008
main_campaign_default_alpha_0_5,test2_robustez_alpha,CIFAR10,0.1,57,E1L1F1,3.0,1.5,10,5,0.005263,0.006767,0.005654,0.006128848428958712,3.0,4.0,3.558241855917515,0,0.6806,289.6630972416
main_campaign_default_alpha_0_5,test2_robustez_alpha,CIFAR10,0.1,58,E1L1F1,3.0,1.5,10,5,0.005159,0.006186,0.00562,0.005779944046931248,3.0,4.0,3.549975556641927,0,0.712,288.9901688832
main_campaign_default_alpha_0_5,test2_robustez_alpha,CIFAR10,0.1,59,E1L1F1,3.0,1.5,10,5,0.004114,0.005882,0.005632,0.005552275743300298,2.0,4.0,3.3995822407892984,0,0.646,276.7472142336
main_campaign_default_alpha_0_5,test2_robustez_alpha,CIFAR10,0.1,60,E1L1F1,3.0,1.5,10,5,0.005007,0.006217,0.00561,0.005710770570850833,3.0,4.0,3.3339555140768393,0,0.6963,271.4108199936
main_campaign_default_alpha_0_5,test2_robustez_alpha,CIFAR10,0.1,61,E1L1F1,3.0,1.5,10,5,0.004668,0.006311,0.006237,0.005986955979734234,3.0,4.0,3.89787120572419,0,0.7561,317.3110462464
main_campaign_default_alpha_0_5,test2_robustez_alpha,CIFAR10,0.1,62,E1L1F1,3.0,1.5,10,5,0.005123,0.005738,0.005476,0.0055159330474201145,3.0,4.0,3.258344073596729,0,0.6868,265.2495458304
main_campaign_default_alpha_0_5,test2_robustez_alpha,CIFAR10,0.1,63,E1L1F1,3.0,1.5,10,5,0.004681,0.006587,0.005785,0.006100704724234478,3.0,4.0,3.8281187502777656,0,0.6609,311.6327609856
main_campaign_default_alpha_0_5,test2_robustez_alpha,CIFAR10,0.1,64,E1L1F1,3.0,1.5,10,5,0.004294,0.006463,0.005091,0.005792140085775871,2.0,4.0,3.6584075909424234,0,0.6685,297.8105954304
main_campaign_default_alpha_0_5,test2_robustez_alpha,CIFAR10,0.1,65,E1L1F1,3.0,1.5,10,5,0.004091,0.006007,0.005686,0.005674410870627972,2.0,4.0,3.5529309808452956,0,0.663,289.2307588608
main_campaign_default_alpha_0_5,test2_robustez_alpha,CIFAR10,0.1,66,E1L1F1,3.0,1.5,10,5,0.004406,0.006055,0.005696,0.00573076234917672,2.0,4.0,3.502099860009333,0,0.6521,285.099123456
main_campaign_default_alpha_0_5,test2_robustez_alpha,CIFAR10,0.1,67,E1L1F1,3.0,1.5,10,5,0.0044,0.006798,0.005059,0.005778870494644683,2.0,4.0,3.3340962623883383,0,0.6412,271.4162468352
main_campaign_default_alpha_0_5,test2_robustez_alpha,CIFAR10,0.1,68,E1L1F1,3.0,1.5,10,5,0.004125,0.006174,0.00569,0.0056304073465034115,2.0,4.0,3.4370347325614987,0,0.7036,279.789863424
main_campaign_default_alpha_0_5,test2_robustez_alpha,CIFAR10,0.1,69,E1L1F1,3.0,1.5,10,5,0.004816,0.006812,0.005662,0.006125039820452424,3.0,4.0,3.587907204124261,0,0.7091,292.0780417536
main_campaign_default_alpha_0_5,test2_robustez_alpha,CIFAR10,0.1,70,E1L1F1,3.0,1.5,10,5,0.004846,0.005797,0.005091,0.00531169530920161,3.0,4.0,3.297335733173344,0,0.6212,268.429675008
main_campaign_default_alpha_0_5,test2_robustez_alpha,CIFAR10,0.1,71,E1L1F1,3.0,1.5,10,5,0.004252,0.006895,0.005511,0.005938201564340154,2.0,4.0,3.485212096971313,0,0.6475,283.724323584
main_campaign_default_alpha_0_5,test2_robustez_alpha,CIFAR10,1.0,42,E1L1F1,3.0,1.5,10,5,0.006547,0.007707,0.006979,0.007159168748055642,4.0,4.0,4.0,0,0.8125,325.6249675776
main_campaign_default_alpha_0_5,test2_robustez_alpha,CIFAR10,1.0,43,E1L1F1,3.0,1.5,10,5,0.006796,0.007715,0.00723,0.007252538998266744,4.0,4.0,4.0,0,0.816,325.6249675776
main_campaign_default_alpha_0_5,test2_robustez_alpha,CIFAR10,1.0,44,E1L1F1,3.0,1.5,10,5,0.006269,0.007758,0.007551,0.007340642593662503,4.0,4.0,4.0,0,0.8241,325.6249675776
main_campaign_default_alpha_0_5,test2_robustez_alpha,CIFAR10,1.0,45,E1L1F1,3.0,1.5,10,5,0.006436,0.007618,0.007046,0.007095227767654772,4.0,4.0,4.0,0,0.8235,325.6249675776
main_campaign_default_alpha_0_5,test2_robustez_alpha,CIFAR10,1.0,46,E1L1F1,3.0,1.5,10,5,0.006189,0.007576,0.006796,0.007028881271943469,4.0,4.0,4.0,0,0.8187,325.6249675776
main_campaign_default_alpha_0_5,test2_robustez_alpha,CIFAR10,1.0,47,E1L1F1,3.0,1.5,10,5,0.006809,0.007558,0.006935,0.0070646816434459915,4.0,4.0,4.0,0,0.8242,325.6322033664
main_campaign_default_alpha_0_5,test2_robustez_alpha,CIFAR10,1.0,48,E1L1F1,3.0,1.5,10,5,0.00699,0.007755,0.00727,0.007359610372872316,4.0,4.0,4.0,0,0.829,325.6249675776
main_campaign_default_alpha_0_5,test2_robustez_alpha,CIFAR10,1.0,49,E1L1F1,3.0,1.5,10,5,0.006765,0.00809,0.007463,0.0073630098662281675,4.0,5.0,4.172747877872094,0,0.8254,339.6877231104
main_campaign_default_alpha_0_5,test2_robustez_alpha,CIFAR10,1.0,50,E1L1F1,3.0,1.5,10,5,0.006984,0.007873,0.007262,0.007307061373686198,4.0,4.0,4.0,0,0.8217,325.6322033664
main_campaign_default_alpha_0_5,test2_robustez_alpha,CIFAR10,1.0,51,E1L1F1,3.0,1.5,10,5,0.007288,0.007739,0.007374,0.007464955935291764,4.0,4.0,4.0,0,0.8239,325.6249675776
main_campaign_default_alpha_0_5,test2_robustez_alpha,CIFAR10,1.0,52,E1L1F1,3.0,1.5,10,5,0.006433,0.007984,0.007577,0.0074827846588005256,4.0,4.0,4.0,0,0.8191,325.6322033664
main_campaign_default_alpha_0_5,test2_robustez_alpha,CIFAR10,1.0,53,E1L1F1,3.0,1.5,10,5,0.007061,0.008125,0.007559,0.007690254988667171,4.0,5.0,4.334229589796009,0,0.8301,352.8333424128
main_campaign_default_alpha_0_5,test2_robustez_alpha,CIFAR10,1.0,54,E1L1F1,3.0,1.5,10,5,0.0069,0.007659,0.007287,0.007266400173321779,4.0,4.0,4.0,0,0.8206,325.6322033664
main_campaign_default_alpha_0_5,test2_robustez_alpha,CIFAR10,1.0,55,E1L1F1,3.0,1.5,10,5,0.006381,0.008354,0.007179,0.007622832407448557,4.0,5.0,4.372605661970579,0,0.8236,355.9573942272
main_campaign_default_alpha_0_5,test2_robustez_alpha,CIFAR10,1.0,56,E1L1F1,3.0,1.5,10,5,0.006065,0.007917,0.006934,0.00711338691613706,4.0,4.0,4.0,0,0.8227,325.6249675776
main_campaign_default_alpha_0_5,test2_robustez_alpha,CIFAR10,1.0,57,E1L1F1,3.0,1.5,10,5,0.006439,0.007515,0.007162,0.007101916181503043,4.0,4.0,4.0,0,0.8111,325.6249675776
main_campaign_default_alpha_0_5,test2_robustez_alpha,CIFAR10,1.0,58,E1L1F1,3.0,1.5,10,5,0.006955,0.00772,0.00759,0.007514143260299542,4.0,4.0,4.0,0,0.8157,325.6249675776
main_campaign_default_alpha_0_5,test2_robustez_alpha,CIFAR10,1.0,59,E1L1F1,3.0,1.5,10,5,0.007344,0.007595,0.007437,0.007474508177414337,4.0,4.0,4.0,0,0.82,325.6249675776
main_campaign_default_alpha_0_5,test2_robustez_alpha,CIFAR10,1.0,60,E1L1F1,3.0,1.5,10,5,0.006951,0.007539,0.007179,0.007220995666955537,4.0,4.0,4.0,0,0.8208,325.6322033664
main_campaign_default_alpha_0_5,test2_robustez_alpha,CIFAR10,1.0,61,E1L1F1,3.0,1.5,10,5,0.007106,0.008069,0.007417,0.007516333918492512,4.0,5.0,4.246455713079419,0,0.8165,345.6880009728
main_campaign_default_alpha_0_5,test2_robustez_alpha,CIFAR10,1.0,62,E1L1F1,3.0,1.5,10,5,0.00671,0.007874,0.007485,0.007556108950713301,4.0,4.0,4.0,0,0.8243,325.6249675776
main_campaign_default_alpha_0_5,test2_robustez_alpha,CIFAR10,1.0,63,E1L1F1,3.0,1.5,10,5,0.006761,0.008329,0.007631,0.0077228526098260105,4.0,5.0,4.2931804546363574,0,0.8215,349.4994527232
main_campaign_default_alpha_0_5,test2_robustez_alpha,CIFAR10,1.0,64,E1L1F1,3.0,1.5,10,5,0.006903,0.008149,0.0077,0.00756088551619928,4.0,5.0,4.1952357672992315,0,0.8091,341.5183776768
main_campaign_default_alpha_0_5,test2_robustez_alpha,CIFAR10,1.0,65,E1L1F1,3.0,1.5,10,5,0.006709,0.0074,0.007183,0.007058695931382353,4.0,4.0,4.0,0,0.8194,325.6322033664
main_campaign_default_alpha_0_5,test2_robustez_alpha,CIFAR10,1.0,66,E1L1F1,3.0,1.5,10,5,0.00641,0.007212,0.006985,0.006908995355658763,4.0,4.0,4.0,0,0.8131,325.6177317888
main_campaign_default_alpha_0_5,test2_robustez_alpha,CIFAR10,1.0,67,E1L1F1,3.0,1.5,10,5,0.006647,0.007391,0.006978,0.007038057796146924,4.0,4.0,4.0,0,0.8155,325.6322033664
main_campaign_default_alpha_0_5,test2_robustez_alpha,CIFAR10,1.0,68,E1L1F1,3.0,1.5,10,5,0.006822,0.007545,0.007234,0.007171910468656252,4.0,4.0,4.0,0,0.8223,325.6177317888
main_campaign_default_alpha_0_5,test2_robustez_alpha,CIFAR10,1.0,69,E1L1F1,3.0,1.5,10,5,0.007318,0.007752,0.007609,0.007578354362028356,4.0,4.0,4.0,0,0.821,325.6249675776
main_campaign_default_alpha_0_5,test2_robustez_alpha,CIFAR10,1.0,70,E1L1F1,3.0,1.5,10,5,0.006896,0.007819,0.007127,0.007290672273949467,4.0,4.0,4.0,0,0.8204,325.6177317888
main_campaign_default_alpha_0_5,test2_robustez_alpha,CIFAR10,1.0,71,E1L1F1,3.0,1.5,10,5,0.006996,0.007571,0.00744,0.007350498566762216,4.0,4.0,4.0,0,0.8264,325.6322033664
main_campaign_default_alpha_0_5,test2_robustez_alpha,FashionMNIST,0.01,42,E1L1F1,3.0,1.5,10,5,0.004002,0.005931,0.005057,0.005425796377911929,2.0,4.0,3.2781378467464166,0,0.7605,2.9914561584
main_campaign_default_alpha_0_5,test2_robustez_alpha,FashionMNIST,0.01,43,E1L1F1,3.0,1.5,10,5,0.004,0.00618,0.005004,0.0053143653383208025,2.0,4.0,3.1756231250694418,0,0.7025,2.897906616
main_campaign_default_alpha_0_5,test2_robustez_alpha,FashionMNIST,0.01,44,E1L1F1,3.0,1.5,10,5,0.004001,0.006074,0.005195,0.005483019128921151,2.0,4.0,3.2946372356579388,0,0.6924,3.0065126328
main_campaign_default_alpha_0_5,test2_robustez_alpha,FashionMNIST,0.01,45,E1L1F1,3.0,1.5,10,5,0.004002,0.005874,0.005,0.005302136939372616,2.0,4.0,3.1338839302248065,0,0.7486,2.8598176224
main_campaign_default_alpha_0_5,test2_robustez_alpha,FashionMNIST,0.01,46,E1L1F1,3.0,1.5,10,5,0.004,0.006667,0.0048354999999999995,0.005834569092592593,2.0,4.0,3.2999814814814816,1,0.6739,3.0112779816
main_campaign_default_alpha_0_5,test2_robustez_alpha,FashionMNIST,0.01,47,E1L1F1,3.0,1.5,10,5,0.004123,0.006203,0.004997,0.005345192674481048,2.0,4.0,3.2950947169601688,0,0.7118,3.006985788
main_campaign_default_alpha_0_5,test2_robustez_alpha,FashionMNIST,0.01,48,E1L1F1,3.0,1.5,10,5,0.005,0.00571,0.0053355,0.005416608155404529,3.0,3.0,3.0,1,0.7144,2.7375914952
main_campaign_default_alpha_0_5,test2_robustez_alpha,FashionMNIST,0.01,49,E1L1F1,3.0,1.5,10,5,0.00424,0.005942,0.005,0.005361445660426273,2.0,4.0,3.1294928059552247,0,0.7507,2.8558633968
main_campaign_default_alpha_0_5,test2_robustez_alpha,FashionMNIST,0.01,50,E1L1F1,3.0,1.5,10,5,0.004,0.006842,0.004001,0.00575924241694752,2.0,4.0,3.218491907707122,0,0.6943,2.937026412
main_campaign_default_alpha_0_5,test2_robustez_alpha,FashionMNIST,0.01,51,E1L1F1,3.0,1.5,10,5,0.004001,0.006203,0.0053384999999999995,0.005584773925925926,2.0,4.0,3.2999814814814816,1,0.719,3.0112779816
main_campaign_default_alpha_0_5,test2_robustez_alpha,FashionMNIST,0.01,52,E1L1F1,3.0,1.5,10,5,0.004,0.006202,0.004908,0.00573955286013222,2.0,4.0,3.6448399103720304,0,0.6763,3.32602758
main_campaign_default_alpha_0_5,test2_robustez_alpha,FashionMNIST,0.01,53,E1L1F1,3.0,1.5,10,5,0.004,0.005746,0.005668,0.005528542229135419,2.0,4.0,3.193859600392571,0,0.7356,2.9146022352
main_campaign_default_alpha_0_5,test2_robustez_alpha,FashionMNIST,0.01,54,E1L1F1,3.0,1.5,10,5,0.004,0.006049,0.005001,0.00551482887670827,2.0,4.0,3.4972038072663976,0,0.7092,3.1913642304
main_campaign_default_alpha_0_5,test2_robustez_alpha,FashionMNIST,0.01,55,E1L1F1,3.0,1.5,10,5,0.004,0.006381,0.00401,0.005831202659160773,2.0,4.0,3.5992000296285322,0,0.7166,3.2844406176
main_campaign_default_alpha_0_5,test2_robustez_alpha,FashionMNIST,0.01,56,E1L1F1,3.0,1.5,10,5,0.004217,0.00567,0.005006,0.005170010814614545,2.0,3.0,2.9061498861132202,0,0.7129,2.651950404
main_campaign_default_alpha_0_5,test2_robustez_alpha,FashionMNIST,0.01,57,E1L1F1,3.0,1.5,10,5,0.005,0.006202,0.005,0.0054854719912594205,3.0,4.0,3.3976593026055073,0,0.722,3.1004677368
main_campaign_default_alpha_0_5,test2_robustez_alpha,FashionMNIST,0.01,58,E1L1F1,3.0,1.5,10,5,0.004,0.00567,0.005003,0.005168462760638495,2.0,3.0,2.8999851857338617,0,0.6916,2.646373932
main_campaign_default_alpha_0_5,test2_robustez_alpha,FashionMNIST,0.01,59,E1L1F1,3.0,1.5,10,5,0.004006,0.006202,0.005082,0.00558010903097976,2.0,4.0,3.2976316130585337,0,0.6954,3.0093008688
main_campaign_default_alpha_0_5,test2_robustez_alpha,FashionMNIST,0.01,60,E1L1F1,3.0,1.5,10,5,0.004,0.0062,0.005001,0.005292356505314617,2.0,4.0,3.1938076367541943,0,0.6681,2.9145008448
main_campaign_default_alpha_0_5,test2_robustez_alpha,FashionMNIST,0.01,61,E1L1F1,3.0,1.5,10,5,0.004122,0.006202,0.005009,0.0054880331648241775,2.0,4.0,3.3943299446327058,0,0.7628,3.0975443136
main_campaign_default_alpha_0_5,test2_robustez_alpha,FashionMNIST,0.01,62,E1L1F1,3.0,1.5,10,5,0.004,0.006282,0.005001,0.005615749712973593,2.0,4.0,3.3062479167438243,0,0.7008,3.0171079296
main_campaign_default_alpha_0_5,test2_robustez_alpha,FashionMNIST,0.01,63,E1L1F1,3.0,1.5,10,5,0.004,0.005931,0.005,0.005296140383689492,2.0,4.0,3.2072145476093477,0,0.7232,2.9267352864
main_campaign_default_alpha_0_5,test2_robustez_alpha,FashionMNIST,0.01,64,E1L1F1,3.0,1.5,10,5,0.004,0.00567,0.005,0.00510131560526657,2.0,3.0,2.9000944426955058,0,0.6403,2.6464246272
main_campaign_default_alpha_0_5,test2_robustez_alpha,FashionMNIST,0.01,65,E1L1F1,3.0,1.5,10,5,0.004001,0.006172,0.005335,0.00543496394644742,2.0,4.0,3.1525841156972763,0,0.6851,2.8769357016
main_campaign_default_alpha_0_5,test2_robustez_alpha,FashionMNIST,0.01,66,E1L1F1,3.0,1.5,10,5,0.004373,0.006202,0.005327,0.005626608199696306,2.0,4.0,3.3062479167438243,0,0.7439,3.0171079296
main_campaign_default_alpha_0_5,test2_robustez_alpha,FashionMNIST,0.01,67,E1L1F1,3.0,1.5,10,5,0.004,0.006667,0.004016,0.005533492101998111,2.0,4.0,3.19781115164534,0,0.6549,2.918100204
main_campaign_default_alpha_0_5,test2_robustez_alpha,FashionMNIST,0.01,68,E1L1F1,3.0,1.5,10,5,0.004001,0.00567,0.005,0.00510127782304359,2.0,3.0,2.8999851857338617,0,0.6792,2.646373932
main_campaign_default_alpha_0_5,test2_robustez_alpha,FashionMNIST,0.01,69,E1L1F1,3.0,1.5,10,5,0.004,0.006425,0.004984,0.005767798651876817,2.0,4.0,3.425992111257199,0,0.7429,3.1263222888
main_campaign_default_alpha_0_5,test2_robustez_alpha,FashionMNIST,0.01,70,E1L1F1,3.0,1.5,10,5,0.004001,0.00574,0.005001,0.005127657346024221,2.0,4.0,3.2061960668123404,0,0.7201,2.9258058744
main_campaign_default_alpha_0_5,test2_robustez_alpha,FashionMNIST,0.01,71,E1L1F1,3.0,1.5,10,5,0.004,0.006209,0.004225,0.005394098570423317,2.0,4.0,3.091033665419799,0,0.6655,2.8207147248
main_campaign_default_alpha_0_5,test2_robustez_alpha,FashionMNIST,0.1,42,E1L1F1,3.0,1.5,10,5,0.004506,0.006372,0.005651,0.0058858602299872225,3.0,4.0,3.5720793289261707,0,0.8063,3.2597520552
main_campaign_default_alpha_0_5,test2_robustez_alpha,FashionMNIST,0.1,43,E1L1F1,3.0,1.5,10,5,0.004242,0.006206,0.005564,0.0056622287693048395,2.0,4.0,3.4883337654160957,0,0.8182,3.1832698968
main_campaign_default_alpha_0_5,test2_robustez_alpha,FashionMNIST,0.1,44,E1L1F1,3.0,1.5,10,5,0.004993,0.006161,0.005629,0.005770834675851342,3.0,4.0,3.525081939892228,0,0.8058,3.216863916
main_campaign_default_alpha_0_5,test2_robustez_alpha,FashionMNIST,0.1,45,E1L1F1,3.0,1.5,10,5,0.004761,0.006345,0.005104,0.005873982704344284,3.0,4.0,3.6885670901077736,0,0.8029,3.365992296
main_campaign_default_alpha_0_5,test2_robustez_alpha,FashionMNIST,0.1,46,E1L1F1,3.0,1.5,10,5,0.00449,0.006427,0.005301,0.005661222306581238,3.0,4.0,3.371319580756268,0,0.8095,3.0764889072
main_campaign_default_alpha_0_5,test2_robustez_alpha,FashionMNIST,0.1,47,E1L1F1,3.0,1.5,10,5,0.005066,0.006272,0.006187,0.006048602773971334,3.0,4.0,3.8290618865967927,0,0.8563,3.4942004568
main_campaign_default_alpha_0_5,test2_robustez_alpha,FashionMNIST,0.1,48,E1L1F1,3.0,1.5,10,5,0.004319,0.0068,0.005486,0.005913096459390393,2.0,4.0,3.4717047516758637,0,0.763,3.1680951336
main_campaign_default_alpha_0_5,test2_robustez_alpha,FashionMNIST,0.1,49,E1L1F1,3.0,1.5,10,5,0.005242,0.006285,0.005824,0.005865253101736972,3.0,4.0,3.780452575830525,0,0.7685,3.4498421568
main_campaign_default_alpha_0_5,test2_robustez_alpha,FashionMNIST,0.1,50,E1L1F1,3.0,1.5,10,5,0.004361,0.007186,0.004798,0.006158541887337506,2.0,4.0,3.6331987704159103,0,0.8279,3.31546608
main_campaign_default_alpha_0_5,test2_robustez_alpha,FashionMNIST,0.1,51,E1L1F1,3.0,1.5,10,5,0.004451,0.006276,0.005498,0.00584765262397689,3.0,4.0,3.6801599940742937,0,0.8094,3.3583204224
main_campaign_default_alpha_0_5,test2_robustez_alpha,FashionMNIST,0.1,52,E1L1F1,3.0,1.5,10,5,0.005005,0.006742,0.005553,0.0059385488297163174,3.0,4.0,3.4126175838826756,0,0.8638,3.114290628
main_campaign_default_alpha_0_5,test2_robustez_alpha,FashionMNIST,0.1,53,E1L1F1,3.0,1.5,10,5,0.004148,0.006355,0.005747,0.005800623525490268,2.0,4.0,3.668950574989352,0,0.8046,3.3480292968
main_campaign_default_alpha_0_5,test2_robustez_alpha,FashionMNIST,0.1,54,E1L1F1,3.0,1.5,10,5,0.004144,0.00582,0.005815,0.005557097996370505,2.0,4.0,3.729676678641532,0,0.7856,3.403506744
main_campaign_default_alpha_0_5,test2_robustez_alpha,FashionMNIST,0.1,55,E1L1F1,3.0,1.5,10,5,0.004726,0.007162,0.005208,0.006111534072812118,3.0,4.0,3.4756490500351838,0,0.828,3.1716944928
main_campaign_default_alpha_0_5,test2_robustez_alpha,FashionMNIST,0.1,56,E1L1F1,3.0,1.5,10,5,0.004428,0.006091,0.005706,0.005586396651975853,2.0,4.0,3.388152290655902,0,0.792,3.0918495528
main_campaign_default_alpha_0_5,test2_robustez_alpha,FashionMNIST,0.1,57,E1L1F1,3.0,1.5,10,5,0.00524,0.006764,0.005647,0.006127683474686123,3.0,4.0,3.55812747676012,0,0.8431,3.2469599664
main_campaign_default_alpha_0_5,test2_robustez_alpha,FashionMNIST,0.1,58,E1L1F1,3.0,1.5,10,5,0.005147,0.00619,0.005625,0.005778191933781456,3.0,4.0,3.5500620335907263,0,0.8343,3.2396598576
main_campaign_default_alpha_0_5,test2_robustez_alpha,FashionMNIST,0.1,59,E1L1F1,3.0,1.5,10,5,0.004115,0.005882,0.005632,0.005553222769527053,2.0,4.0,3.3997074182437688,0,0.8274,3.1023941544
main_campaign_default_alpha_0_5,test2_robustez_alpha,FashionMNIST,0.1,60,E1L1F1,3.0,1.5,10,5,0.005015,0.006217,0.00561,0.005711605477574905,3.0,4.0,3.3340061479204475,0,0.8151,3.0424386312
main_campaign_default_alpha_0_5,test2_robustez_alpha,FashionMNIST,0.1,61,E1L1F1,3.0,1.5,10,5,0.004659,0.006294,0.00622,0.00598202449818532,3.0,4.0,3.8978594178209023,0,0.8647,3.5571132
main_campaign_default_alpha_0_5,test2_robustez_alpha,FashionMNIST,0.1,62,E1L1F1,3.0,1.5,10,5,0.005129,0.005736,0.005467,0.005513836765304989,3.0,4.0,3.2583052479537793,0,0.7748,2.973357972
main_campaign_default_alpha_0_5,test2_robustez_alpha,FashionMNIST,0.1,63,E1L1F1,3.0,1.5,10,5,0.004674,0.006583,0.005782,0.006098462093996518,3.0,4.0,3.8281359949631497,0,0.7601,3.4933555368
main_campaign_default_alpha_0_5,test2_robustez_alpha,FashionMNIST,0.1,64,E1L1F1,3.0,1.5,10,5,0.004286,0.006462,0.00509,0.005791095646376919,2.0,4.0,3.658413733079017,0,0.8216,3.3384141072
main_campaign_default_alpha_0_5,test2_robustez_alpha,FashionMNIST,0.1,65,E1L1F1,3.0,1.5,10,5,0.004108,0.005998,0.005689,0.005671447012203025,2.0,4.0,3.5528211395663205,0,0.8311,3.2421777192
main_campaign_default_alpha_0_5,test2_robustez_alpha,FashionMNIST,0.1,66,E1L1F1,3.0,1.5,10,5,0.004404,0.006056,0.005695,0.005732594655654524,2.0,4.0,3.5021203311049796,0,0.7545,3.1957916112
main_campaign_default_alpha_0_5,test2_robustez_alpha,FashionMNIST,0.1,67,E1L1F1,3.0,1.5,10,5,0.004409,0.006803,0.005059,0.005780383997185341,2.0,4.0,3.334185137862711,0,0.7877,3.0426583104
main_campaign_default_alpha_0_5,test2_robustez_alpha,FashionMNIST,0.1,68,E1L1F1,3.0,1.5,10,5,0.004123,0.006164,0.00569,0.005627221843635422,2.0,4.0,3.437113440242954,0,0.827,3.1365289224
main_campaign_default_alpha_0_5,test2_robustez_alpha,FashionMNIST,0.1,69,E1L1F1,3.0,1.5,10,5,0.004836,0.006808,0.005658,0.006121690641087366,3.0,4.0,3.587904151698085,0,0.8295,3.2741325936
main_campaign_default_alpha_0_5,test2_robustez_alpha,FashionMNIST,0.1,70,E1L1F1,3.0,1.5,10,5,0.004834,0.005795,0.005094,0.005308728473019518,3.0,4.0,3.297322321395504,0,0.7882,3.0089629008
main_campaign_default_alpha_0_5,test2_robustez_alpha,FashionMNIST,0.1,71,E1L1F1,3.0,1.5,10,5,0.00426,0.006889,0.005511,0.005935760897744528,2.0,4.0,3.485278323025073,0,0.8023,3.1804816608
main_campaign_default_alpha_0_5,test2_robustez_alpha,FashionMNIST,1.0,42,E1L1F1,3.0,1.5,10,5,0.006536,0.007721,0.006982,0.007167119773341729,4.0,4.0,4.0,0,0.887,3.6501895872
main_campaign_default_alpha_0_5,test2_robustez_alpha,FashionMNIST,1.0,43,E1L1F1,3.0,1.5,10,5,0.006769,0.007695,0.007217,0.007241139791118847,4.0,4.0,4.0,0,0.8912,3.6501895872
main_campaign_default_alpha_0_5,test2_robustez_alpha,FashionMNIST,1.0,44,E1L1F1,3.0,1.5,10,5,0.006264,0.007772,0.007544,0.007341779582237694,4.0,4.0,4.0,0,0.8886,3.6501895872
main_campaign_default_alpha_0_5,test2_robustez_alpha,FashionMNIST,1.0,45,E1L1F1,3.0,1.5,10,5,0.006442,0.007611,0.007052,0.007099484019110403,4.0,4.0,4.0,0,0.8919,3.6501895872
main_campaign_default_alpha_0_5,test2_robustez_alpha,FashionMNIST,1.0,46,E1L1F1,3.0,1.5,10,5,0.006218,0.007581,0.006797,0.007035051646235325,4.0,4.0,4.0,0,0.8889,3.6501895872
main_campaign_default_alpha_0_5,test2_robustez_alpha,FashionMNIST,1.0,47,E1L1F1,3.0,1.5,10,5,0.006807,0.007546,0.00694,0.007066567256768268,4.0,4.0,4.0,0,0.8882,3.6501895872
main_campaign_default_alpha_0_5,test2_robustez_alpha,FashionMNIST,1.0,48,E1L1F1,3.0,1.5,10,5,0.00698,0.007749,0.007268,0.007353704701590653,4.0,4.0,4.0,0,0.8887,3.6502571808
main_campaign_default_alpha_0_5,test2_robustez_alpha,FashionMNIST,1.0,49,E1L1F1,3.0,1.5,10,5,0.006772,0.008089,0.007481,0.007361837672678789,4.0,5.0,4.172604718343765,0,0.8903,3.8076995736
main_campaign_default_alpha_0_5,test2_robustez_alpha,FashionMNIST,1.0,50,E1L1F1,3.0,1.5,10,5,0.007001,0.007876,0.007258,0.0073085210918114145,4.0,4.0,4.0,0,0.8946,3.6501895872
main_campaign_default_alpha_0_5,test2_robustez_alpha,FashionMNIST,1.0,51,E1L1F1,3.0,1.5,10,5,0.0073,0.007724,0.007381,0.007470166493833562,4.0,4.0,4.0,0,0.8966,3.6501895872
main_campaign_default_alpha_0_5,test2_robustez_alpha,FashionMNIST,1.0,52,E1L1F1,3.0,1.5,10,5,0.006424,0.007963,0.007584,0.007471555405355356,4.0,4.0,4.0,0,0.8928,3.6501895872
main_campaign_default_alpha_0_5,test2_robustez_alpha,FashionMNIST,1.0,53,E1L1F1,3.0,1.5,10,5,0.007043,0.008129,0.007565,0.007693872673740348,4.0,5.0,4.334018480454789,0,0.8905,3.95507052
main_campaign_default_alpha_0_5,test2_robustez_alpha,FashionMNIST,1.0,54,E1L1F1,3.0,1.5,10,5,0.006904,0.007658,0.007323,0.007268860301470315,4.0,4.0,4.0,0,0.8936,3.6501895872
main_campaign_default_alpha_0_5,test2_robustez_alpha,FashionMNIST,1.0,55,E1L1F1,3.0,1.5,10,5,0.006366,0.008331,0.007178,0.007613812336808579,4.0,5.0,4.372696801911076,0,0.8957,3.990219192
main_campaign_default_alpha_0_5,test2_robustez_alpha,FashionMNIST,1.0,56,E1L1F1,3.0,1.5,10,5,0.006068,0.007927,0.00695,0.00712123915780897,4.0,4.0,4.0,0,0.8901,3.6501895872
main_campaign_default_alpha_0_5,test2_robustez_alpha,FashionMNIST,1.0,57,E1L1F1,3.0,1.5,10,5,0.006427,0.007509,0.007171,0.007099929577986408,4.0,4.0,4.0,0,0.888,3.6502571808
main_campaign_default_alpha_0_5,test2_robustez_alpha,FashionMNIST,1.0,58,E1L1F1,3.0,1.5,10,5,0.006962,0.007711,0.007591,0.007507304131251968,4.0,4.0,4.0,0,0.8896,3.6502571808
main_campaign_default_alpha_0_5,test2_robustez_alpha,FashionMNIST,1.0,59,E1L1F1,3.0,1.5,10,5,0.007317,0.0076,0.007448,0.0074678066774068125,4.0,4.0,4.0,0,0.8914,3.6502571808
main_campaign_default_alpha_0_5,test2_robustez_alpha,FashionMNIST,1.0,60,E1L1F1,3.0,1.5,10,5,0.006945,0.007572,0.007169,0.007222953706275578,4.0,4.0,4.0,0,0.8839,3.6502571808
main_campaign_default_alpha_0_5,test2_robustez_alpha,FashionMNIST,1.0,61,E1L1F1,3.0,1.5,10,5,0.007101,0.008074,0.007423,0.007515985408218061,4.0,5.0,4.246486306316315,0,0.893,3.8751917832
main_campaign_default_alpha_0_5,test2_robustez_alpha,FashionMNIST,1.0,62,E1L1F1,3.0,1.5,10,5,0.006705,0.007867,0.007489,0.0075521820824769005,4.0,4.0,4.0,0,0.8907,3.6502571808
main_campaign_default_alpha_0_5,test2_robustez_alpha,FashionMNIST,1.0,63,E1L1F1,3.0,1.5,10,5,0.006751,0.008327,0.007624,0.007718237194918706,4.0,5.0,4.293174326876782,0,0.8947,3.917725056
main_campaign_default_alpha_0_5,test2_robustez_alpha,FashionMNIST,1.0,64,E1L1F1,3.0,1.5,10,5,0.006897,0.008151,0.007727,0.007566366164842694,4.0,5.0,4.195174342166176,0,0.8875,3.8283663168
main_campaign_default_alpha_0_5,test2_robustez_alpha,FashionMNIST,1.0,65,E1L1F1,3.0,1.5,10,5,0.006704,0.00741,0.007181,0.007059923411662315,4.0,4.0,4.0,0,0.8944,3.6502571808
main_campaign_default_alpha_0_5,test2_robustez_alpha,FashionMNIST,1.0,66,E1L1F1,3.0,1.5,10,5,0.006423,0.007211,0.006966,0.006906225158327469,4.0,4.0,4.0,0,0.8887,3.6501895872
main_campaign_default_alpha_0_5,test2_robustez_alpha,FashionMNIST,1.0,67,E1L1F1,3.0,1.5,10,5,0.006649,0.007383,0.006979,0.007031975390256096,4.0,4.0,4.0,0,0.8856,3.6502571808
main_campaign_default_alpha_0_5,test2_robustez_alpha,FashionMNIST,1.0,68,E1L1F1,3.0,1.5,10,5,0.006838,0.007567,0.007231,0.007177210844042813,4.0,4.0,4.0,0,0.8861,3.6501895872
main_campaign_default_alpha_0_5,test2_robustez_alpha,FashionMNIST,1.0,69,E1L1F1,3.0,1.5,10,5,0.007302,0.007747,0.00761,0.007580668573968113,4.0,4.0,4.0,0,0.8943,3.6502571808
main_campaign_default_alpha_0_5,test2_robustez_alpha,FashionMNIST,1.0,70,E1L1F1,3.0,1.5,10,5,0.006897,0.007852,0.007124,0.007293869782600645,4.0,4.0,4.0,0,0.894,3.6501895872
main_campaign_default_alpha_0_5,test2_robustez_alpha,FashionMNIST,1.0,71,E1L1F1,3.0,1.5,10,5,0.007001,0.007544,0.007446,0.007349996685369332,4.0,4.0,4.0,0,0.8952,3.6502571808
main_campaign_default_alpha_0_5,test2_robustez_alpha,MNIST,0.01,42,E1L1F1,3.0,1.5,10,5,0.004003,0.005911,0.005058,0.005424859378182692,2.0,4.0,3.2851693424439383,0,0.9277,2.9979282456
main_campaign_default_alpha_0_5,test2_robustez_alpha,MNIST,0.01,43,E1L1F1,3.0,1.5,10,5,0.004001,0.006166,0.005004,0.005294627976741601,2.0,4.0,3.1678085996814933,0,0.8744,2.8907754912
main_campaign_default_alpha_0_5,test2_robustez_alpha,MNIST,0.01,44,E1L1F1,3.0,1.5,10,5,0.004001,0.006064,0.00523,0.005506553294322434,2.0,4.0,3.2970075182400653,0,0.9228,3.008675628
main_campaign_default_alpha_0_5,test2_robustez_alpha,MNIST,0.01,45,E1L1F1,3.0,1.5,10,5,0.004001,0.005889,0.004999,0.005293544109477426,2.0,4.0,3.121328839672605,0,0.9229,2.8483605072
main_campaign_default_alpha_0_5,test2_robustez_alpha,MNIST,0.01,46,E1L1F1,3.0,1.5,10,5,0.004,0.006664,0.004,0.0057894936760430355,2.0,4.0,3.2679765189533527,0,0.9305,2.9821282416
main_campaign_default_alpha_0_5,test2_robustez_alpha,MNIST,0.01,47,E1L1F1,3.0,1.5,10,5,0.004108,0.006202,0.004997,0.005332277336444272,2.0,4.0,3.2813732570412757,0,0.9218,2.9944640736
main_campaign_default_alpha_0_5,test2_robustez_alpha,MNIST,0.01,48,E1L1F1,3.0,1.5,10,5,0.004987,0.00571,0.0053349999999999995,0.005411782078109665,3.0,3.0,3.0,1,0.9239,2.7375914952
main_campaign_default_alpha_0_5,test2_robustez_alpha,MNIST,0.01,49,E1L1F1,3.0,1.5,10,5,0.004239,0.005943,0.005,0.005333877986000519,2.0,4.0,3.1148661160697753,0,0.9245,2.8424629656
main_campaign_default_alpha_0_5,test2_robustez_alpha,MNIST,0.01,50,E1L1F1,3.0,1.5,10,5,0.004,0.006825,0.004002,0.0057400285354517345,2.0,4.0,3.2114882506527413,0,0.9085,2.930689512
main_campaign_default_alpha_0_5,test2_robustez_alpha,MNIST,0.01,51,E1L1F1,3.0,1.5,10,5,0.004001,0.006191,0.0053375,0.005583881076276365,2.0,4.0,3.303624006962834,1,0.9193,3.0146576616
main_campaign_default_alpha_0_5,test2_robustez_alpha,MNIST,0.01,52,E1L1F1,3.0,1.5,10,5,0.004007,0.006202,0.005,0.005717447269495009,2.0,4.0,3.6359326679135573,0,0.9413,3.3178994496
main_campaign_default_alpha_0_5,test2_robustez_alpha,MNIST,0.01,53,E1L1F1,3.0,1.5,10,5,0.004,0.005745,0.005663,0.005504840882156877,2.0,4.0,3.180745870676246,0,0.9434,2.9026888632
main_campaign_default_alpha_0_5,test2_robustez_alpha,MNIST,0.01,54,E1L1F1,3.0,1.5,10,5,0.004,0.006013,0.005,0.005512131624754639,2.0,4.0,3.514721676974927,0,0.9192,3.2073501168
main_campaign_default_alpha_0_5,test2_robustez_alpha,MNIST,0.01,55,E1L1F1,3.0,1.5,10,5,0.004003,0.006375,0.0051015,0.005839606414696024,2.0,4.0,3.6060813688635394,1,0.8967,3.2906592288
main_campaign_default_alpha_0_5,test2_robustez_alpha,MNIST,0.01,56,E1L1F1,3.0,1.5,10,5,0.004191,0.005667,0.005004,0.005155286952335098,2.0,3.0,2.895596459390393,0,0.897,2.6423690112
main_campaign_default_alpha_0_5,test2_robustez_alpha,MNIST,0.01,57,E1L1F1,3.0,1.5,10,5,0.004997,0.006195,0.005018,0.005501561148148148,3.0,4.0,3.4141666666666666,1,0.9003,3.115473516
main_campaign_default_alpha_0_5,test2_robustez_alpha,MNIST,0.01,58,E1L1F1,3.0,1.5,10,5,0.004001,0.00567,0.005003,0.005186775086569265,2.0,3.0,2.901357332000074,0,0.8882,2.6476751088
main_campaign_default_alpha_0_5,test2_robustez_alpha,MNIST,0.01,59,E1L1F1,3.0,1.5,10,5,0.004004,0.006196,0.00501,0.005585178712293761,2.0,4.0,3.3050200914763996,0,0.8994,3.0160433304
main_campaign_default_alpha_0_5,test2_robustez_alpha,MNIST,0.01,60,E1L1F1,3.0,1.5,10,5,0.004001,0.00619,0.005001,0.005282387856005333,2.0,4.0,3.192492870634421,0,0.8881,2.9133010584
main_campaign_default_alpha_0_5,test2_robustez_alpha,MNIST,0.01,61,E1L1F1,3.0,1.5,10,5,0.004,0.006193,0.005003,0.005496568952426806,2.0,4.0,3.4051221273680117,0,0.9119,3.107277792
main_campaign_default_alpha_0_5,test2_robustez_alpha,MNIST,0.01,62,E1L1F1,3.0,1.5,10,5,0.004,0.00627,0.005,0.005617208714492055,2.0,4.0,3.3112847672308434,0,0.9189,3.0217042944
main_campaign_default_alpha_0_5,test2_robustez_alpha,MNIST,0.01,63,E1L1F1,3.0,1.5,10,5,0.004001,0.005941,0.004998,0.005303799100033332,2.0,4.0,3.207196029776675,0,0.919,2.926718388
main_campaign_default_alpha_0_5,test2_robustez_alpha,MNIST,0.01,64,E1L1F1,3.0,1.5,10,5,0.004,0.005669,0.004993,0.005098700603681346,2.0,3.0,2.9009666308655233,0,0.9082,2.6472695472
main_campaign_default_alpha_0_5,test2_robustez_alpha,MNIST,0.01,65,E1L1F1,3.0,1.5,10,5,0.004,0.006164,0.005329,0.005435695609503176,2.0,4.0,3.1592318945243782,0,0.8717,2.8830022272
main_campaign_default_alpha_0_5,test2_robustez_alpha,MNIST,0.01,66,E1L1F1,3.0,1.5,10,5,0.004386,0.006201,0.005363,0.005628570441835488,2.0,4.0,3.3100440724417615,0,0.9565,3.0205721016
main_campaign_default_alpha_0_5,test2_robustez_alpha,MNIST,0.01,67,E1L1F1,3.0,1.5,10,5,0.004001,0.006662,0.004015,0.005517746731602534,2.0,4.0,3.1914558720047403,0,0.8261,2.912354748
main_campaign_default_alpha_0_5,test2_robustez_alpha,MNIST,0.01,68,E1L1F1,3.0,1.5,10,5,0.004001,0.00567,0.004998,0.005100670549238917,2.0,3.0,2.902485093144698,0,0.8893,2.648655216
main_campaign_default_alpha_0_5,test2_robustez_alpha,MNIST,0.01,69,E1L1F1,3.0,1.5,10,5,0.004726,0.006443,0.005311,0.005770037037037037,3.0,4.0,3.4322222222222223,1,0.9519,3.131949456
main_campaign_default_alpha_0_5,test2_robustez_alpha,MNIST,0.01,70,E1L1F1,3.0,1.5,10,5,0.004001,0.005745,0.005,0.0051265652568423395,2.0,4.0,3.206825673123218,0,0.9203,2.92638042
main_campaign_default_alpha_0_5,test2_robustez_alpha,MNIST,0.01,71,E1L1F1,3.0,1.5,10,5,0.004,0.006206,0.004203,0.005369888876543896,2.0,4.0,3.0682369497990853,0,0.9175,2.7999634896
main_campaign_default_alpha_0_5,test2_robustez_alpha,MNIST,0.1,42,E1L1F1,3.0,1.5,10,5,0.004464,0.006319,0.00566,0.0058680077405973965,3.0,4.0,3.572211625710635,0,0.9761,3.2597520552
main_campaign_default_alpha_0_5,test2_robustez_alpha,MNIST,0.1,43,E1L1F1,3.0,1.5,10,5,0.004239,0.006139,0.005553,0.005654841450316655,2.0,4.0,3.5003148031554385,0,0.9621,3.1942031616
main_campaign_default_alpha_0_5,test2_robustez_alpha,MNIST,0.1,44,E1L1F1,3.0,1.5,10,5,0.004976,0.006204,0.005592,0.005780528600262949,3.0,4.0,3.5174897690869025,0,0.9695,3.209935572
main_campaign_default_alpha_0_5,test2_robustez_alpha,MNIST,0.1,45,E1L1F1,3.0,1.5,10,5,0.004767,0.006367,0.005071,0.005850905466464205,3.0,4.0,3.673549127810081,0,0.9745,3.3522876936
main_campaign_default_alpha_0_5,test2_robustez_alpha,MNIST,0.1,46,E1L1F1,3.0,1.5,10,5,0.004496,0.006413,0.005289,0.0056651632191996445,3.0,4.0,3.3739375196755614,0,0.9696,3.0788208864
main_campaign_default_alpha_0_5,test2_robustez_alpha,MNIST,0.1,47,E1L1F1,3.0,1.5,10,5,0.005064,0.006302,0.006092,0.006025923762082886,3.0,4.0,3.831839561497722,0,0.9798,3.4967352168
main_campaign_default_alpha_0_5,test2_robustez_alpha,MNIST,0.1,48,E1L1F1,3.0,1.5,10,5,0.004317,0.00677,0.005528,0.005911952983222843,2.0,4.0,3.4672604718343765,0,0.9403,3.1640395176
main_campaign_default_alpha_0_5,test2_robustez_alpha,MNIST,0.1,49,E1L1F1,3.0,1.5,10,5,0.005375,0.006282,0.005733,0.005866078441539202,3.0,4.0,3.7871560312581014,0,0.9487,3.4559593776
main_campaign_default_alpha_0_5,test2_robustez_alpha,MNIST,0.1,50,E1L1F1,3.0,1.5,10,5,0.004357,0.007169,0.004767,0.0061460825339802235,2.0,4.0,3.631346987148624,0,0.978,3.31377624
main_campaign_default_alpha_0_5,test2_robustez_alpha,MNIST,0.1,51,E1L1F1,3.0,1.5,10,5,0.004474,0.006259,0.005477,0.005836368467834524,3.0,4.0,3.6781600681456244,0,0.973,3.3564953952
main_campaign_default_alpha_0_5,test2_robustez_alpha,MNIST,0.1,52,E1L1F1,3.0,1.5,10,5,0.005033,0.006731,0.005517,0.005928706301735153,3.0,4.0,3.4126034703061054,0,0.9819,3.1141047456
main_campaign_default_alpha_0_5,test2_robustez_alpha,MNIST,0.1,53,E1L1F1,3.0,1.5,10,5,0.004135,0.006352,0.005667,0.005772506953317408,2.0,4.0,3.437679388182138,0,0.9749,3.137103468
main_campaign_default_alpha_0_5,test2_robustez_alpha,MNIST,0.1,54,E1L1F1,3.0,1.5,10,5,0.004166,0.005817,0.005784,0.005561250597189045,2.0,4.0,3.7448475084717514,0,0.9553,3.4174141272
main_campaign_default_alpha_0_5,test2_robustez_alpha,MNIST,0.1,55,E1L1F1,3.0,1.5,10,5,0.004751,0.007106,0.005242,0.00612002255430254,3.0,4.0,3.4876025405995965,0,0.9616,3.1826615544
main_campaign_default_alpha_0_5,test2_robustez_alpha,MNIST,0.1,56,E1L1F1,3.0,1.5,10,5,0.004443,0.006073,0.005703,0.00556355355357209,2.0,4.0,3.379245213140254,0,0.9692,3.0837214224
main_campaign_default_alpha_0_5,test2_robustez_alpha,MNIST,0.1,57,E1L1F1,3.0,1.5,10,5,0.005201,0.006774,0.005666,0.006111963000685173,3.0,4.0,3.547026906909131,0,0.9776,3.2367702312
main_campaign_default_alpha_0_5,test2_robustez_alpha,MNIST,0.1,58,E1L1F1,3.0,1.5,10,5,0.005234,0.006214,0.005643,0.005805443298396357,3.0,4.0,3.551498092663235,0,0.9753,3.2409103392
main_campaign_default_alpha_0_5,test2_robustez_alpha,MNIST,0.1,59,E1L1F1,3.0,1.5,10,5,0.004113,0.005922,0.005588,0.005541632828413762,2.0,4.0,3.3906521980667383,0,0.9758,3.0941308368
main_campaign_default_alpha_0_5,test2_robustez_alpha,MNIST,0.1,60,E1L1F1,3.0,1.5,10,5,0.004958,0.006197,0.005615,0.005697808485028055,3.0,4.0,3.3345123238458547,0,0.9751,3.0428441928
main_campaign_default_alpha_0_5,test2_robustez_alpha,MNIST,0.1,61,E1L1F1,3.0,1.5,10,5,0.004675,0.006297,0.006216,0.0059733908744120595,3.0,4.0,3.8998925965704974,0,0.9838,3.5588368368
main_campaign_default_alpha_0_5,test2_robustez_alpha,MNIST,0.1,62,E1L1F1,3.0,1.5,10,5,0.00511,0.005735,0.005461,0.005511562849524091,3.0,4.0,3.2626569386319026,0,0.9617,2.977329096
main_campaign_default_alpha_0_5,test2_robustez_alpha,MNIST,0.1,63,E1L1F1,3.0,1.5,10,5,0.004658,0.006582,0.005731,0.006104486296803821,3.0,4.0,3.831635865338321,0,0.9515,3.4965493344
main_campaign_default_alpha_0_5,test2_robustez_alpha,MNIST,0.1,64,E1L1F1,3.0,1.5,10,5,0.004318,0.006457,0.00507,0.005799166493833562,2.0,4.0,3.6635494981667347,0,0.9542,3.3431625576
main_campaign_default_alpha_0_5,test2_robustez_alpha,MNIST,0.1,65,E1L1F1,3.0,1.5,10,5,0.004107,0.006011,0.005681,0.005658042979889635,2.0,4.0,3.5512758786711602,0,0.979,3.2407075584
main_campaign_default_alpha_0_5,test2_robustez_alpha,MNIST,0.1,66,E1L1F1,3.0,1.5,10,5,0.004417,0.006043,0.005671,0.005726109255212769,2.0,4.0,3.5022221399207436,0,0.9424,3.1959436968
main_campaign_default_alpha_0_5,test2_robustez_alpha,MNIST,0.1,67,E1L1F1,3.0,1.5,10,5,0.00441,0.006769,0.005047,0.005752956649753713,2.0,4.0,3.3322099181511797,0,0.9596,3.0407994864
main_campaign_default_alpha_0_5,test2_robustez_alpha,MNIST,0.1,68,E1L1F1,3.0,1.5,10,5,0.004129,0.006151,0.005708,0.005614856079404468,2.0,4.0,3.427910077404541,0,0.9836,3.1281304176
main_campaign_default_alpha_0_5,test2_robustez_alpha,MNIST,0.1,69,E1L1F1,3.0,1.5,10,5,0.00479,0.006821,0.005646,0.0061277283619125215,3.0,4.0,3.5997000111107,0,0.9759,3.2848968744
main_campaign_default_alpha_0_5,test2_robustez_alpha,MNIST,0.1,70,E1L1F1,3.0,1.5,10,5,0.004828,0.005804,0.005087,0.005314175879117827,3.0,4.0,3.298742662444679,0,0.9609,3.0103147728
main_campaign_default_alpha_0_5,test2_robustez_alpha,MNIST,0.1,71,E1L1F1,3.0,1.5,10,5,0.004255,0.006917,0.005517,0.005914106494083663,2.0,4.0,3.4789178378978947,0,0.957,3.1747362048
main_campaign_default_alpha_0_5,test2_robustez_alpha,MNIST,1.0,42,E1L1F1,3.0,1.5,10,5,0.006555,0.007756,0.007012,0.0071547937668975225,4.0,4.0,4.0,0,0.9896,3.6501895872
main_campaign_default_alpha_0_5,test2_robustez_alpha,MNIST,1.0,43,E1L1F1,3.0,1.5,10,5,0.006785,0.007709,0.007158,0.007266620909949446,4.0,4.0,4.0,0,0.991,3.6502571808
main_campaign_default_alpha_0_5,test2_robustez_alpha,MNIST,1.0,44,E1L1F1,3.0,1.5,10,5,0.006286,0.007726,0.007589,0.0073587464029776116,4.0,4.0,4.0,0,0.9914,3.6502571808
main_campaign_default_alpha_0_5,test2_robustez_alpha,MNIST,1.0,45,E1L1F1,3.0,1.5,10,5,0.006314,0.00761,0.007062,0.007086615384615383,4.0,4.0,4.0,0,0.9915,3.6501895872
main_campaign_default_alpha_0_5,test2_robustez_alpha,MNIST,1.0,46,E1L1F1,3.0,1.5,10,5,0.00621,0.007589,0.00688,0.007044584874914357,4.0,4.0,4.0,0,0.9911,3.6502571808
main_campaign_default_alpha_0_5,test2_robustez_alpha,MNIST,1.0,47,E1L1F1,3.0,1.5,10,5,0.006814,0.00752,0.006935,0.007065935020925151,4.0,4.0,4.0,0,0.9906,3.6501895872
main_campaign_default_alpha_0_5,test2_robustez_alpha,MNIST,1.0,48,E1L1F1,3.0,1.5,10,5,0.0069,0.007762,0.00731,0.007355704251694382,4.0,4.0,4.0,0,0.9898,3.6501895872
main_campaign_default_alpha_0_5,test2_robustez_alpha,MNIST,1.0,49,E1L1F1,3.0,1.5,10,5,0.006731,0.008021,0.007496,0.007353419428910041,4.0,5.0,4.17399355579423,0,0.9908,3.8089669536
main_campaign_default_alpha_0_5,test2_robustez_alpha,MNIST,1.0,50,E1L1F1,3.0,1.5,10,5,0.007117,0.007825,0.007156,0.007308861058128553,4.0,4.0,4.0,0,0.9911,3.6501219936
main_campaign_default_alpha_0_5,test2_robustez_alpha,MNIST,1.0,51,E1L1F1,3.0,1.5,10,5,0.007238,0.007791,0.00733,0.007447350727750824,4.0,4.0,4.0,0,0.9906,3.6501895872
main_campaign_default_alpha_0_5,test2_robustez_alpha,MNIST,1.0,52,E1L1F1,3.0,1.5,10,5,0.006418,0.007902,0.007609,0.00745003527581801,4.0,4.0,4.0,0,0.9922,3.6502571808
main_campaign_default_alpha_0_5,test2_robustez_alpha,MNIST,1.0,53,E1L1F1,3.0,1.5,10,5,0.007177,0.008138,0.007564,0.007690479751124937,4.0,5.0,4.331129752050812,0,0.9915,3.9524343696
main_campaign_default_alpha_0_5,test2_robustez_alpha,MNIST,1.0,54,E1L1F1,3.0,1.5,10,5,0.006905,0.007618,0.007259,0.007257477297137143,4.0,4.0,4.0,0,0.9908,3.6501895872
main_campaign_default_alpha_0_5,test2_robustez_alpha,MNIST,1.0,55,E1L1F1,3.0,1.5,10,5,0.006405,0.008268,0.0072,0.007593595392848545,4.0,5.0,4.376516119474844,0,0.9915,3.993852348
main_campaign_default_alpha_0_5,test2_robustez_alpha,MNIST,1.0,56,E1L1F1,3.0,1.5,10,5,0.00603,0.007887,0.006991,0.007123211603273953,4.0,4.0,4.0,0,0.9908,3.6501895872
main_campaign_default_alpha_0_5,test2_robustez_alpha,MNIST,1.0,57,E1L1F1,3.0,1.5,10,5,0.006432,0.00755,0.007173,0.0071475780604781216,4.0,4.0,4.0,0,0.9905,3.6502571808
main_campaign_default_alpha_0_5,test2_robustez_alpha,MNIST,1.0,58,E1L1F1,3.0,1.5,10,5,0.007147,0.007713,0.007574,0.007533164101994333,4.0,4.0,4.0,0,0.9905,3.6502571808
main_campaign_default_alpha_0_5,test2_robustez_alpha,MNIST,1.0,59,E1L1F1,3.0,1.5,10,5,0.007179,0.007595,0.00747,0.007468143253953557,4.0,4.0,4.0,0,0.9902,3.6501895872
main_campaign_default_alpha_0_5,test2_robustez_alpha,MNIST,1.0,60,E1L1F1,3.0,1.5,10,5,0.006882,0.007572,0.007187,0.007219959002277652,4.0,4.0,4.0,0,0.9898,3.6502571808
main_campaign_default_alpha_0_5,test2_robustez_alpha,MNIST,1.0,61,E1L1F1,3.0,1.5,10,5,0.006998,0.008092,0.007432,0.007496489695016943,4.0,5.0,4.245615984297169,0,0.9901,3.8743975584
main_campaign_default_alpha_0_5,test2_robustez_alpha,MNIST,1.0,62,E1L1F1,3.0,1.5,10,5,0.006752,0.007859,0.00747,0.007499610884782045,4.0,4.0,4.0,0,0.9919,3.6501895872
main_campaign_default_alpha_0_5,test2_robustez_alpha,MNIST,1.0,63,E1L1F1,3.0,1.5,10,5,0.006802,0.00828,0.007634,0.007728350968482648,4.0,5.0,4.295414984630199,0,0.9918,3.9197697624
main_campaign_default_alpha_0_5,test2_robustez_alpha,MNIST,1.0,64,E1L1F1,3.0,1.5,10,5,0.006947,0.008039,0.007658,0.007562821102531341,4.0,5.0,4.196748328796549,0,0.9878,3.8298026808
main_campaign_default_alpha_0_5,test2_robustez_alpha,MNIST,1.0,65,E1L1F1,3.0,1.5,10,5,0.006731,0.007364,0.007153,0.007077595781715831,4.0,4.0,4.0,0,0.9891,3.6502571808
main_campaign_default_alpha_0_5,test2_robustez_alpha,MNIST,1.0,66,E1L1F1,3.0,1.5,10,5,0.006515,0.007222,0.006966,0.006927047701053645,4.0,4.0,4.0,0,0.9891,3.6502571808
main_campaign_default_alpha_0_5,test2_robustez_alpha,MNIST,1.0,67,E1L1F1,3.0,1.5,10,5,0.006651,0.007346,0.00699,0.007033940336647964,4.0,4.0,4.0,0,0.9896,3.6502571808
main_campaign_default_alpha_0_5,test2_robustez_alpha,MNIST,1.0,68,E1L1F1,3.0,1.5,10,5,0.006787,0.007568,0.007306,0.0071982432132143255,4.0,4.0,4.0,0,0.9904,3.6501895872
main_campaign_default_alpha_0_5,test2_robustez_alpha,MNIST,1.0,69,E1L1F1,3.0,1.5,10,5,0.007193,0.0077,0.007581,0.0075518589470565355,4.0,4.0,4.0,0,0.9916,3.6501219936
main_campaign_default_alpha_0_5,test2_robustez_alpha,MNIST,1.0,70,E1L1F1,3.0,1.5,10,5,0.006923,0.007839,0.007158,0.00728908435028981,4.0,4.0,4.0,0,0.99,3.6501219936
main_campaign_default_alpha_0_5,test2_robustez_alpha,MNIST,1.0,71,E1L1F1,3.0,1.5,10,5,0.007035,0.007564,0.007339,0.007357421180304799,4.0,4.0,4.0,0,0.9914,3.6502571808
main_campaign_default_alpha_0_5,test3_comunicacao,CIFAR10,0.5,42,E1L1F1,3.0,1.5,10,5,0.005571,0.006832,0.00617,0.006489268448770083,3.0,4.0,3.942003866408906,0,0.7955,320.9108511744
main_campaign_default_alpha_0_5,test3_comunicacao,CIFAR10,0.5,43,E1L1F1,3.0,1.5,10,5,0.006231,0.007063,0.006711,0.006699612048085684,4.0,4.0,4.0,0,0.8097,325.6322033664
main_campaign_default_alpha_0_5,test3_comunicacao,CIFAR10,0.5,44,E1L1F1,3.0,1.5,10,5,0.005989,0.007324,0.006995,0.0068529659570685745,4.0,4.0,4.0,0,0.7953,325.6249675776
main_campaign_default_alpha_0_5,test3_comunicacao,CIFAR10,0.5,45,E1L1F1,3.0,1.5,10,5,0.005474,0.006711,0.006364,0.0062886078531588195,3.0,4.0,3.8589586898068933,0,0.7995,314.1363439104
main_campaign_default_alpha_0_5,test3_comunicacao,CIFAR10,0.5,46,E1L1F1,3.0,1.5,10,5,0.00561,0.0069,0.0064,0.006492999044486912,3.0,4.0,3.853962046131283,0,0.7918,313.7365665792
main_campaign_default_alpha_0_5,test3_comunicacao,CIFAR10,0.5,47,E1L1F1,3.0,1.5,10,5,0.006045,0.008205,0.007321,0.007790146593484734,4.0,5.0,4.685125105550864,0,0.8224,381.398427648
main_campaign_default_alpha_0_5,test3_comunicacao,CIFAR10,0.5,48,E1L1F1,3.0,1.5,10,5,0.005288,0.007954,0.007147,0.0068500074218923596,3.0,4.0,3.9047597884538465,0,0.7754,317.8718198784
main_campaign_default_alpha_0_5,test3_comunicacao,CIFAR10,0.5,49,E1L1F1,3.0,1.5,10,5,0.006114,0.007665,0.006738,0.00694820372427892,4.0,4.0,4.0,0,0.8096,325.6249675776
main_campaign_default_alpha_0_5,test3_comunicacao,CIFAR10,0.5,50,E1L1F1,3.0,1.5,10,5,0.006025,0.007169,0.006455,0.006708292098128973,4.0,4.0,4.0,0,0.8085,325.6249675776
main_campaign_default_alpha_0_5,test3_comunicacao,CIFAR10,0.5,51,E1L1F1,3.0,1.5,10,5,0.005945,0.007297,0.006817,0.006692613439402693,4.0,4.0,4.0,0,0.7945,325.6249675776
main_campaign_default_alpha_0_5,test3_comunicacao,CIFAR10,0.5,52,E1L1F1,3.0,1.5,10,5,0.006093,0.007141,0.006601,0.006695828229856452,4.0,4.0,4.0,0,0.8104,325.6249675776
main_campaign_default_alpha_0_5,test3_comunicacao,CIFAR10,0.5,53,E1L1F1,3.0,1.5,10,5,0.005469,0.007503,0.006549,0.006741403515399316,3.0,4.0,3.8493844718012533,0,0.8168,313.363923456
main_campaign_default_alpha_0_5,test3_comunicacao,CIFAR10,0.5,54,E1L1F1,3.0,1.5,10,5,0.005691,0.00727,0.006722,0.006738027287676104,3.0,4.0,3.8895826852139903,0,0.8027,316.6363089408
main_campaign_default_alpha_0_5,test3_comunicacao,CIFAR10,0.5,55,E1L1F1,3.0,1.5,10,5,0.005976,0.006963,0.006921,0.0068958431847473455,4.0,4.0,4.0,0,0.8155,325.6249675776
main_campaign_default_alpha_0_5,test3_comunicacao,CIFAR10,0.5,56,E1L1F1,3.0,1.5,10,5,0.005701,0.00711,0.006629,0.006779097326844877,3.0,4.0,3.9144945892496055,0,0.802,318.6713745408
main_campaign_default_alpha_0_5,test3_comunicacao,CIFAR10,0.5,57,E1L1F1,3.0,1.5,10,5,0.005667,0.007342,0.006389,0.006838592538275227,3.0,4.0,3.920205319645357,0,0.7981,319.1362739712
main_campaign_default_alpha_0_5,test3_comunicacao,CIFAR10,0.5,58,E1L1F1,3.0,1.5,10,5,0.006494,0.007371,0.006895,0.006943313986045065,4.0,4.0,4.0,0,0.8181,325.6249675776
main_campaign_default_alpha_0_5,test3_comunicacao,CIFAR10,0.5,59,E1L1F1,3.0,1.5,10,5,0.005432,0.007025,0.006573,0.00659287320845277,3.0,4.0,3.922116303357554,0,0.8078,319.2918434304
main_campaign_default_alpha_0_5,test3_comunicacao,CIFAR10,0.5,60,E1L1F1,3.0,1.5,10,5,0.006139,0.00723,0.006886,0.0067667099906670814,4.0,4.0,4.0,0,0.808,325.6249675776
main_campaign_default_alpha_0_5,test3_comunicacao,CIFAR10,0.5,61,E1L1F1,3.0,1.5,10,5,0.006339,0.00731,0.006742,0.006857802253233188,4.0,4.0,4.0,0,0.8017,325.6249675776
main_campaign_default_alpha_0_5,test3_comunicacao,CIFAR10,0.5,62,E1L1F1,3.0,1.5,10,5,0.006204,0.00771,0.006602,0.006839965823741167,4.0,4.0,4.0,0,0.8027,325.6249675776
main_campaign_default_alpha_0_5,test3_comunicacao,CIFAR10,0.5,63,E1L1F1,3.0,1.5,10,5,0.006524,0.007899,0.006698,0.006935893026976578,4.0,4.0,4.0,0,0.8126,325.6249675776
main_campaign_default_alpha_0_5,test3_comunicacao,CIFAR10,0.5,64,E1L1F1,3.0,1.5,10,5,0.006409,0.00679,0.006587,0.006568746389049376,4.0,4.0,4.0,0,0.7886,325.6249675776
main_campaign_default_alpha_0_5,test3_comunicacao,CIFAR10,0.5,65,E1L1F1,3.0,1.5,10,5,0.006433,0.006992,0.006797,0.0067565533754055385,4.0,4.0,4.0,0,0.8078,325.6249675776
main_campaign_default_alpha_0_5,test3_comunicacao,CIFAR10,0.5,66,E1L1F1,3.0,1.5,10,5,0.006522,0.007579,0.006984,0.007152939091595929,4.0,4.0,4.0,0,0.8128,325.6249675776
main_campaign_default_alpha_0_5,test3_comunicacao,CIFAR10,0.5,67,E1L1F1,3.0,1.5,10,5,0.006372,0.006888,0.006595,0.006659661326163282,4.0,4.0,4.0,0,0.7977,325.6249675776
main_campaign_default_alpha_0_5,test3_comunicacao,CIFAR10,0.5,68,E1L1F1,3.0,1.5,10,5,0.006006,0.007322,0.006315,0.006512572996755699,4.0,4.0,4.0,0,0.7853,325.6249675776
main_campaign_default_alpha_0_5,test3_comunicacao,CIFAR10,0.5,69,E1L1F1,3.0,1.5,10,5,0.00612,0.008109,0.006909,0.007083418705419638,4.0,5.0,4.289691798324556,0,0.812,349.2154480128
main_campaign_default_alpha_0_5,test3_comunicacao,CIFAR10,0.5,70,E1L1F1,3.0,1.5,10,5,0.00559,0.006654,0.006267,0.006305999844451357,3.0,4.0,3.833029643126972,0,0.7641,312.0325383168
main_campaign_default_alpha_0_5,test3_comunicacao,CIFAR10,0.5,71,E1L1F1,3.0,1.5,10,5,0.006217,0.007643,0.006772,0.006961044798008978,4.0,4.0,4.0,0,0.8021,325.6249675776
main_campaign_default_alpha_0_5,test3_comunicacao,CIFAR10,0.5,42,E1L1F1,3.0,1.5,10,5,0.005571,0.006832,0.00617,0.006489268448770083,3.0,4.0,3.942003866408906,0,0.7874,320.9108511744
main_campaign_default_alpha_0_5,test3_comunicacao,CIFAR10,0.5,43,E1L1F1,3.0,1.5,10,5,0.006231,0.007063,0.006711,0.006699612048085684,4.0,4.0,4.0,0,0.8036,325.6322033664
main_campaign_default_alpha_0_5,test3_comunicacao,CIFAR10,0.5,44,E1L1F1,3.0,1.5,10,5,0.005989,0.007324,0.006995,0.0068529659570685745,4.0,4.0,4.0,0,0.8059,325.6249675776
main_campaign_default_alpha_0_5,test3_comunicacao,CIFAR10,0.5,45,E1L1F1,3.0,1.5,10,5,0.005474,0.006711,0.006364,0.0062886078531588195,3.0,4.0,3.8589586898068933,0,0.7861,314.1363439104
main_campaign_default_alpha_0_5,test3_comunicacao,CIFAR10,0.5,46,E1L1F1,3.0,1.5,10,5,0.00561,0.0069,0.0064,0.006492999044486912,3.0,4.0,3.853962046131283,0,0.7961,313.7365665792
main_campaign_default_alpha_0_5,test3_comunicacao,CIFAR10,0.5,47,E1L1F1,3.0,1.5,10,5,0.006045,0.008205,0.007321,0.007790146593484734,4.0,5.0,4.685125105550864,0,0.8243,381.398427648
main_campaign_default_alpha_0_5,test3_comunicacao,CIFAR10,0.5,48,E1L1F1,3.0,1.5,10,5,0.005288,0.007954,0.007147,0.0068500074218923596,3.0,4.0,3.9047597884538465,0,0.7836,317.8718198784
main_campaign_default_alpha_0_5,test3_comunicacao,CIFAR10,0.5,49,E1L1F1,3.0,1.5,10,5,0.006114,0.007665,0.006738,0.00694820372427892,4.0,4.0,4.0,0,0.8015,325.6249675776
main_campaign_default_alpha_0_5,test3_comunicacao,CIFAR10,0.5,50,E1L1F1,3.0,1.5,10,5,0.006025,0.007169,0.006455,0.006708292098128973,4.0,4.0,4.0,0,0.8029,325.6249675776
main_campaign_default_alpha_0_5,test3_comunicacao,CIFAR10,0.5,51,E1L1F1,3.0,1.5,10,5,0.005945,0.007297,0.006817,0.006692613439402693,4.0,4.0,4.0,0,0.7977,325.6249675776
main_campaign_default_alpha_0_5,test3_comunicacao,CIFAR10,0.5,52,E1L1F1,3.0,1.5,10,5,0.006093,0.007141,0.006601,0.006695828229856452,4.0,4.0,4.0,0,0.8064,325.6249675776
main_campaign_default_alpha_0_5,test3_comunicacao,CIFAR10,0.5,53,E1L1F1,3.0,1.5,10,5,0.005469,0.007503,0.006549,0.006741403515399316,3.0,4.0,3.8493844718012533,0,0.8057,313.363923456
main_campaign_default_alpha_0_5,test3_comunicacao,CIFAR10,0.5,54,E1L1F1,3.0,1.5,10,5,0.005691,0.00727,0.006722,0.006738027287676104,3.0,4.0,3.8895826852139903,0,0.8012,316.6363089408
main_campaign_default_alpha_0_5,test3_comunicacao,CIFAR10,0.5,55,E1L1F1,3.0,1.5,10,5,0.005976,0.006963,0.006921,0.0068958431847473455,4.0,4.0,4.0,0,0.813,325.6249675776
main_campaign_default_alpha_0_5,test3_comunicacao,CIFAR10,0.5,56,E1L1F1,3.0,1.5,10,5,0.005701,0.00711,0.006629,0.006779097326844877,3.0,4.0,3.9144945892496055,0,0.8084,318.6713745408
main_campaign_default_alpha_0_5,test3_comunicacao,CIFAR10,0.5,57,E1L1F1,3.0,1.5,10,5,0.005667,0.007342,0.006389,0.006838592538275227,3.0,4.0,3.920205319645357,0,0.789,319.1362739712
main_campaign_default_alpha_0_5,test3_comunicacao,CIFAR10,0.5,58,E1L1F1,3.0,1.5,10,5,0.006494,0.007371,0.006895,0.006943313986045065,4.0,4.0,4.0,0,0.8123,325.6249675776
main_campaign_default_alpha_0_5,test3_comunicacao,CIFAR10,0.5,59,E1L1F1,3.0,1.5,10,5,0.005432,0.007025,0.006573,0.00659287320845277,3.0,4.0,3.922116303357554,0,0.8009,319.2918434304
main_campaign_default_alpha_0_5,test3_comunicacao,CIFAR10,0.5,60,E1L1F1,3.0,1.5,10,5,0.006139,0.00723,0.006886,0.0067667099906670814,4.0,4.0,4.0,0,0.7993,325.6249675776
main_campaign_default_alpha_0_5,test3_comunicacao,CIFAR10,0.5,61,E1L1F1,3.0,1.5,10,5,0.006339,0.00731,0.006742,0.006857802253233188,4.0,4.0,4.0,0,0.8001,325.6249675776
main_campaign_default_alpha_0_5,test3_comunicacao,CIFAR10,0.5,62,E1L1F1,3.0,1.5,10,5,0.006204,0.00771,0.006602,0.006839965823741167,4.0,4.0,4.0,0,0.8102,325.6249675776
main_campaign_default_alpha_0_5,test3_comunicacao,CIFAR10,0.5,63,E1L1F1,3.0,1.5,10,5,0.006524,0.007899,0.006698,0.006935893026976578,4.0,4.0,4.0,0,0.8095,325.6249675776
main_campaign_default_alpha_0_5,test3_comunicacao,CIFAR10,0.5,64,E1L1F1,3.0,1.5,10,5,0.006409,0.00679,0.006587,0.006568746389049376,4.0,4.0,4.0,0,0.8031,325.6249675776
main_campaign_default_alpha_0_5,test3_comunicacao,CIFAR10,0.5,65,E1L1F1,3.0,1.5,10,5,0.006433,0.006992,0.006797,0.0067565533754055385,4.0,4.0,4.0,0,0.8124,325.6249675776
main_campaign_default_alpha_0_5,test3_comunicacao,CIFAR10,0.5,66,E1L1F1,3.0,1.5,10,5,0.006522,0.007579,0.006984,0.007152939091595929,4.0,4.0,4.0,0,0.8093,325.6249675776
main_campaign_default_alpha_0_5,test3_comunicacao,CIFAR10,0.5,67,E1L1F1,3.0,1.5,10,5,0.006372,0.006888,0.006595,0.006659661326163282,4.0,4.0,4.0,0,0.8047,325.6249675776
main_campaign_default_alpha_0_5,test3_comunicacao,CIFAR10,0.5,68,E1L1F1,3.0,1.5,10,5,0.006006,0.007322,0.006315,0.006512572996755699,4.0,4.0,4.0,0,0.7825,325.6249675776
main_campaign_default_alpha_0_5,test3_comunicacao,CIFAR10,0.5,69,E1L1F1,3.0,1.5,10,5,0.00612,0.008109,0.006909,0.007083418705419638,4.0,5.0,4.289691798324556,0,0.809,349.2154480128
main_campaign_default_alpha_0_5,test3_comunicacao,CIFAR10,0.5,70,E1L1F1,3.0,1.5,10,5,0.00559,0.006654,0.006267,0.006305999844451357,3.0,4.0,3.833029643126972,0,0.7759,312.0325383168
main_campaign_default_alpha_0_5,test3_comunicacao,CIFAR10,0.5,71,E1L1F1,3.0,1.5,10,5,0.006217,0.007643,0.006772,0.006961044798008978,4.0,4.0,4.0,0,0.8117,325.6249675776
main_campaign_default_alpha_0_5,test3_comunicacao,CIFAR10,0.5,42,E1L1F1,3.0,1.5,10,5,0.005571,0.006832,0.00617,0.006489268448770083,3.0,4.0,3.942003866408906,0,0.7825,320.9108511744
main_campaign_default_alpha_0_5,test3_comunicacao,CIFAR10,0.5,43,E1L1F1,3.0,1.5,10,5,0.006231,0.007063,0.006711,0.006699612048085684,4.0,4.0,4.0,0,0.7959,325.6322033664
main_campaign_default_alpha_0_5,test3_comunicacao,CIFAR10,0.5,44,E1L1F1,3.0,1.5,10,5,0.005989,0.007324,0.006995,0.0068529659570685745,4.0,4.0,4.0,0,0.806,325.6249675776
main_campaign_default_alpha_0_5,test3_comunicacao,CIFAR10,0.5,45,E1L1F1,3.0,1.5,10,5,0.005474,0.006711,0.006364,0.0062886078531588195,3.0,4.0,3.8589586898068933,0,0.792,314.1363439104
main_campaign_default_alpha_0_5,test3_comunicacao,CIFAR10,0.5,46,E1L1F1,3.0,1.5,10,5,0.00561,0.0069,0.0064,0.006492999044486912,3.0,4.0,3.853962046131283,0,0.7984,313.7365665792
main_campaign_default_alpha_0_5,test3_comunicacao,CIFAR10,0.5,47,E1L1F1,3.0,1.5,10,5,0.006045,0.008205,0.007321,0.007790146593484734,4.0,5.0,4.685125105550864,0,0.8278,381.398427648
main_campaign_default_alpha_0_5,test3_comunicacao,CIFAR10,0.5,48,E1L1F1,3.0,1.5,10,5,0.005288,0.007954,0.007147,0.0068500074218923596,3.0,4.0,3.9047597884538465,0,0.7764,317.8718198784
main_campaign_default_alpha_0_5,test3_comunicacao,CIFAR10,0.5,49,E1L1F1,3.0,1.5,10,5,0.006114,0.007665,0.006738,0.00694820372427892,4.0,4.0,4.0,0,0.81,325.6249675776
main_campaign_default_alpha_0_5,test3_comunicacao,CIFAR10,0.5,50,E1L1F1,3.0,1.5,10,5,0.006025,0.007169,0.006455,0.006708292098128973,4.0,4.0,4.0,0,0.8079,325.6249675776
main_campaign_default_alpha_0_5,test3_comunicacao,CIFAR10,0.5,51,E1L1F1,3.0,1.5,10,5,0.005945,0.007297,0.006817,0.006692613439402693,4.0,4.0,4.0,0,0.7988,325.6249675776
main_campaign_default_alpha_0_5,test3_comunicacao,CIFAR10,0.5,52,E1L1F1,3.0,1.5,10,5,0.006093,0.007141,0.006601,0.006695828229856452,4.0,4.0,4.0,0,0.8085,325.6249675776
main_campaign_default_alpha_0_5,test3_comunicacao,CIFAR10,0.5,53,E1L1F1,3.0,1.5,10,5,0.005469,0.007503,0.006549,0.006741403515399316,3.0,4.0,3.8493844718012533,0,0.8083,313.363923456
main_campaign_default_alpha_0_5,test3_comunicacao,CIFAR10,0.5,54,E1L1F1,3.0,1.5,10,5,0.005691,0.00727,0.006722,0.006738027287676104,3.0,4.0,3.8895826852139903,0,0.7971,316.6363089408
main_campaign_default_alpha_0_5,test3_comunicacao,CIFAR10,0.5,55,E1L1F1,3.0,1.5,10,5,0.005976,0.006963,0.006921,0.0068958431847473455,4.0,4.0,4.0,0,0.8044,325.6249675776
main_campaign_default_alpha_0_5,test3_comunicacao,CIFAR10,0.5,56,E1L1F1,3.0,1.5,10,5,0.005701,0.00711,0.006629,0.006779097326844877,3.0,4.0,3.9144945892496055,0,0.8063,318.6713745408
main_campaign_default_alpha_0_5,test3_comunicacao,CIFAR10,0.5,57,E1L1F1,3.0,1.5,10,5,0.005667,0.007342,0.006389,0.006838592538275227,3.0,4.0,3.920205319645357,0,0.786,319.1362739712
main_campaign_default_alpha_0_5,test3_comunicacao,CIFAR10,0.5,58,E1L1F1,3.0,1.5,10,5,0.006494,0.007371,0.006895,0.006943313986045065,4.0,4.0,4.0,0,0.8223,325.6249675776
main_campaign_default_alpha_0_5,test3_comunicacao,CIFAR10,0.5,59,E1L1F1,3.0,1.5,10,5,0.005432,0.007025,0.006573,0.00659287320845277,3.0,4.0,3.922116303357554,0,0.8042,319.2918434304
main_campaign_default_alpha_0_5,test3_comunicacao,CIFAR10,0.5,60,E1L1F1,3.0,1.5,10,5,0.006139,0.00723,0.006886,0.0067667099906670814,4.0,4.0,4.0,0,0.8096,325.6249675776
main_campaign_default_alpha_0_5,test3_comunicacao,CIFAR10,0.5,61,E1L1F1,3.0,1.5,10,5,0.006339,0.00731,0.006742,0.006857802253233188,4.0,4.0,4.0,0,0.8071,325.6249675776
main_campaign_default_alpha_0_5,test3_comunicacao,CIFAR10,0.5,62,E1L1F1,3.0,1.5,10,5,0.006204,0.00771,0.006602,0.006839965823741167,4.0,4.0,4.0,0,0.8088,325.6249675776
main_campaign_default_alpha_0_5,test3_comunicacao,CIFAR10,0.5,63,E1L1F1,3.0,1.5,10,5,0.006524,0.007899,0.006698,0.006935893026976578,4.0,4.0,4.0,0,0.8086,325.6249675776
main_campaign_default_alpha_0_5,test3_comunicacao,CIFAR10,0.5,64,E1L1F1,3.0,1.5,10,5,0.006409,0.00679,0.006587,0.006568746389049376,4.0,4.0,4.0,0,0.7862,325.6249675776
main_campaign_default_alpha_0_5,test3_comunicacao,CIFAR10,0.5,65,E1L1F1,3.0,1.5,10,5,0.006433,0.006992,0.006797,0.0067565533754055385,4.0,4.0,4.0,0,0.7972,325.6249675776
main_campaign_default_alpha_0_5,test3_comunicacao,CIFAR10,0.5,66,E1L1F1,3.0,1.5,10,5,0.006522,0.007579,0.006984,0.007152939091595929,4.0,4.0,4.0,0,0.811,325.6249675776
main_campaign_default_alpha_0_5,test3_comunicacao,CIFAR10,0.5,67,E1L1F1,3.0,1.5,10,5,0.006372,0.006888,0.006595,0.006659661326163282,4.0,4.0,4.0,0,0.8081,325.6249675776
main_campaign_default_alpha_0_5,test3_comunicacao,CIFAR10,0.5,68,E1L1F1,3.0,1.5,10,5,0.006006,0.007322,0.006315,0.006512572996755699,4.0,4.0,4.0,0,0.7842,325.6249675776
main_campaign_default_alpha_0_5,test3_comunicacao,CIFAR10,0.5,69,E1L1F1,3.0,1.5,10,5,0.00612,0.008109,0.006909,0.007083418705419638,4.0,5.0,4.289691798324556,0,0.8132,349.2154480128
main_campaign_default_alpha_0_5,test3_comunicacao,CIFAR10,0.5,70,E1L1F1,3.0,1.5,10,5,0.00559,0.006654,0.006267,0.006305999844451357,3.0,4.0,3.833029643126972,0,0.7688,312.0325383168
main_campaign_default_alpha_0_5,test3_comunicacao,CIFAR10,0.5,71,E1L1F1,3.0,1.5,10,5,0.006217,0.007643,0.006772,0.006961044798008978,4.0,4.0,4.0,0,0.8004,325.6249675776
main_campaign_default_alpha_0_5,test3_comunicacao,FashionMNIST,0.5,42,E1L1F1,3.0,1.5,10,5,0.00557,0.006832,0.006174,0.0064844362639804465,3.0,4.0,3.9421709502999778,0,0.8788,3.5975510712
main_campaign_default_alpha_0_5,test3_comunicacao,FashionMNIST,0.5,43,E1L1F1,3.0,1.5,10,5,0.006218,0.007071,0.006709,0.006696185641272546,4.0,4.0,4.0,0,0.8731,3.6501895872
main_campaign_default_alpha_0_5,test3_comunicacao,FashionMNIST,0.5,44,E1L1F1,3.0,1.5,10,5,0.005966,0.007327,0.007,0.006857387922893172,4.0,4.0,4.0,0,0.8828,3.6502571808
main_campaign_default_alpha_0_5,test3_comunicacao,FashionMNIST,0.5,45,E1L1F1,3.0,1.5,10,5,0.00548,0.006706,0.006378,0.00629456083108033,3.0,4.0,3.8588941150327765,0,0.8754,3.5214237792
main_campaign_default_alpha_0_5,test3_comunicacao,FashionMNIST,0.5,46,E1L1F1,3.0,1.5,10,5,0.005616,0.006894,0.006408,0.006491479065202497,3.0,4.0,3.8539286309512786,0,0.8818,3.5168274144
main_campaign_default_alpha_0_5,test3_comunicacao,FashionMNIST,0.5,47,E1L1F1,3.0,1.5,10,5,0.00602,0.008208,0.007317,0.007785616625310173,4.0,5.0,4.685289433724677,0,0.8924,4.275548676
main_campaign_default_alpha_0_5,test3_comunicacao,FashionMNIST,0.5,48,E1L1F1,3.0,1.5,10,5,0.005278,0.007944,0.00713,0.006842618250499963,3.0,4.0,3.9047477964595214,0,0.8727,3.5633994048
main_campaign_default_alpha_0_5,test3_comunicacao,FashionMNIST,0.5,49,E1L1F1,3.0,1.5,10,5,0.00611,0.00766,0.006739,0.006951212310883132,4.0,4.0,4.0,0,0.8847,3.6501219936
main_campaign_default_alpha_0_5,test3_comunicacao,FashionMNIST,0.5,50,E1L1F1,3.0,1.5,10,5,0.006009,0.007156,0.006462,0.006703276600866634,4.0,4.0,4.0,0,0.8859,3.6501895872
main_campaign_default_alpha_0_5,test3_comunicacao,FashionMNIST,0.5,51,E1L1F1,3.0,1.5,10,5,0.005934,0.007297,0.006815,0.0066924397429724836,4.0,4.0,4.0,0,0.881,3.6501895872
main_campaign_default_alpha_0_5,test3_comunicacao,FashionMNIST,0.5,52,E1L1F1,3.0,1.5,10,5,0.006104,0.007125,0.006593,0.0066940220362208805,4.0,4.0,4.0,0,0.8918,3.6501895872
main_campaign_default_alpha_0_5,test3_comunicacao,FashionMNIST,0.5,53,E1L1F1,3.0,1.5,10,5,0.005459,0.007498,0.006554,0.006738823488018962,3.0,4.0,3.8495055738676345,0,0.8882,3.5128562904
main_campaign_default_alpha_0_5,test3_comunicacao,FashionMNIST,0.5,54,E1L1F1,3.0,1.5,10,5,0.005702,0.007265,0.006722,0.006737526091626237,3.0,4.0,3.889615199437058,0,0.8892,3.5494582248
main_campaign_default_alpha_0_5,test3_comunicacao,FashionMNIST,0.5,55,E1L1F1,3.0,1.5,10,5,0.006,0.006958,0.006931,0.006897818250837916,4.0,4.0,4.0,0,0.8838,3.6502571808
main_campaign_default_alpha_0_5,test3_comunicacao,FashionMNIST,0.5,56,E1L1F1,3.0,1.5,10,5,0.005714,0.007122,0.006641,0.006780722565830895,3.0,4.0,3.914484648716714,0,0.8872,3.572152776
main_campaign_default_alpha_0_5,test3_comunicacao,FashionMNIST,0.5,57,E1L1F1,3.0,1.5,10,5,0.005629,0.007345,0.006387,0.006837011592163254,3.0,4.0,3.920188141179956,0,0.8827,3.5773574832
main_campaign_default_alpha_0_5,test3_comunicacao,FashionMNIST,0.5,58,E1L1F1,3.0,1.5,10,5,0.006493,0.007378,0.006904,0.0069498133587644895,4.0,4.0,4.0,0,0.8874,3.6501895872
main_campaign_default_alpha_0_5,test3_comunicacao,FashionMNIST,0.5,59,E1L1F1,3.0,1.5,10,5,0.005411,0.007025,0.006583,0.006593972538054146,3.0,4.0,3.922243620606644,0,0.8858,3.5792332056
main_campaign_default_alpha_0_5,test3_comunicacao,FashionMNIST,0.5,60,E1L1F1,3.0,1.5,10,5,0.006143,0.007222,0.006893,0.006765864502509214,4.0,4.0,4.0,0,0.8791,3.6501219936
main_campaign_default_alpha_0_5,test3_comunicacao,FashionMNIST,0.5,61,E1L1F1,3.0,1.5,10,5,0.006334,0.007328,0.006751,0.006865526906410874,4.0,4.0,4.0,0,0.8801,3.6501895872
main_campaign_default_alpha_0_5,test3_comunicacao,FashionMNIST,0.5,62,E1L1F1,3.0,1.5,10,5,0.006186,0.0077,0.006605,0.006833473593570608,4.0,4.0,4.0,0,0.8822,3.6501895872
main_campaign_default_alpha_0_5,test3_comunicacao,FashionMNIST,0.5,63,E1L1F1,3.0,1.5,10,5,0.006529,0.007917,0.006713,0.0069424898892633605,4.0,4.0,4.0,0,0.8803,3.6501895872
main_campaign_default_alpha_0_5,test3_comunicacao,FashionMNIST,0.5,64,E1L1F1,3.0,1.5,10,5,0.006402,0.006793,0.006589,0.006569073886152365,4.0,4.0,4.0,0,0.8784,3.6501895872
main_campaign_default_alpha_0_5,test3_comunicacao,FashionMNIST,0.5,65,E1L1F1,3.0,1.5,10,5,0.006436,0.007011,0.006791,0.006759518203029518,4.0,4.0,4.0,0,0.8711,3.6501895872
main_campaign_default_alpha_0_5,test3_comunicacao,FashionMNIST,0.5,66,E1L1F1,3.0,1.5,10,5,0.006529,0.007564,0.006983,0.007151907929335952,4.0,4.0,4.0,0,0.8828,3.6501895872
main_campaign_default_alpha_0_5,test3_comunicacao,FashionMNIST,0.5,67,E1L1F1,3.0,1.5,10,5,0.006376,0.006889,0.006604,0.006666824691678087,4.0,4.0,4.0,0,0.8866,3.6501895872
main_campaign_default_alpha_0_5,test3_comunicacao,FashionMNIST,0.5,68,E1L1F1,3.0,1.5,10,5,0.005994,0.007325,0.006326,0.00651465920411829,4.0,4.0,4.0,0,0.8754,3.6502571808
main_campaign_default_alpha_0_5,test3_comunicacao,FashionMNIST,0.5,69,E1L1F1,3.0,1.5,10,5,0.006113,0.008092,0.006928,0.007079193603940594,4.0,5.0,4.289544831672901,0,0.884,3.9144129696
main_campaign_default_alpha_0_5,test3_comunicacao,FashionMNIST,0.5,70,E1L1F1,3.0,1.5,10,5,0.005601,0.006655,0.006267,0.006308109514462428,3.0,4.0,3.8329876671234397,0,0.8848,3.4977829176
main_campaign_default_alpha_0_5,test3_comunicacao,FashionMNIST,0.5,71,E1L1F1,3.0,1.5,10,5,0.006213,0.007639,0.006769,0.006963008962631014,4.0,4.0,4.0,0,0.8867,3.6501895872
main_campaign_default_alpha_0_5,test3_comunicacao,FashionMNIST,0.5,42,E1L1F1,3.0,1.5,10,5,0.00557,0.006832,0.006174,0.0064844362639804465,3.0,4.0,3.9421709502999778,0,0.8793,3.5975510712
main_campaign_default_alpha_0_5,test3_comunicacao,FashionMNIST,0.5,43,E1L1F1,3.0,1.5,10,5,0.006218,0.007071,0.006709,0.006696185641272546,4.0,4.0,4.0,0,0.8714,3.6501895872
main_campaign_default_alpha_0_5,test3_comunicacao,FashionMNIST,0.5,44,E1L1F1,3.0,1.5,10,5,0.005966,0.007327,0.007,0.006857387922893172,4.0,4.0,4.0,0,0.8901,3.6502571808
main_campaign_default_alpha_0_5,test3_comunicacao,FashionMNIST,0.5,45,E1L1F1,3.0,1.5,10,5,0.00548,0.006706,0.006378,0.00629456083108033,3.0,4.0,3.8588941150327765,0,0.8795,3.5214237792
main_campaign_default_alpha_0_5,test3_comunicacao,FashionMNIST,0.5,46,E1L1F1,3.0,1.5,10,5,0.005616,0.006894,0.006408,0.006491479065202497,3.0,4.0,3.8539286309512786,0,0.8781,3.5168274144
main_campaign_default_alpha_0_5,test3_comunicacao,FashionMNIST,0.5,47,E1L1F1,3.0,1.5,10,5,0.00602,0.008208,0.007317,0.007785616625310173,4.0,5.0,4.685289433724677,0,0.8915,4.275548676
main_campaign_default_alpha_0_5,test3_comunicacao,FashionMNIST,0.5,48,E1L1F1,3.0,1.5,10,5,0.005278,0.007944,0.00713,0.006842618250499963,3.0,4.0,3.9047477964595214,0,0.874,3.5633994048
main_campaign_default_alpha_0_5,test3_comunicacao,FashionMNIST,0.5,49,E1L1F1,3.0,1.5,10,5,0.00611,0.00766,0.006739,0.006951212310883132,4.0,4.0,4.0,0,0.8862,3.6501219936
main_campaign_default_alpha_0_5,test3_comunicacao,FashionMNIST,0.5,50,E1L1F1,3.0,1.5,10,5,0.006009,0.007156,0.006462,0.006703276600866634,4.0,4.0,4.0,0,0.8903,3.6501895872
main_campaign_default_alpha_0_5,test3_comunicacao,FashionMNIST,0.5,51,E1L1F1,3.0,1.5,10,5,0.005934,0.007297,0.006815,0.0066924397429724836,4.0,4.0,4.0,0,0.8686,3.6501895872
main_campaign_default_alpha_0_5,test3_comunicacao,FashionMNIST,0.5,52,E1L1F1,3.0,1.5,10,5,0.006104,0.007125,0.006593,0.0066940220362208805,4.0,4.0,4.0,0,0.8864,3.6501895872
main_campaign_default_alpha_0_5,test3_comunicacao,FashionMNIST,0.5,53,E1L1F1,3.0,1.5,10,5,0.005459,0.007498,0.006554,0.006738823488018962,3.0,4.0,3.8495055738676345,0,0.8857,3.5128562904
main_campaign_default_alpha_0_5,test3_comunicacao,FashionMNIST,0.5,54,E1L1F1,3.0,1.5,10,5,0.005702,0.007265,0.006722,0.006737526091626237,3.0,4.0,3.889615199437058,0,0.8867,3.5494582248
main_campaign_default_alpha_0_5,test3_comunicacao,FashionMNIST,0.5,55,E1L1F1,3.0,1.5,10,5,0.006,0.006958,0.006931,0.006897818250837916,4.0,4.0,4.0,0,0.8783,3.6502571808
main_campaign_default_alpha_0_5,test3_comunicacao,FashionMNIST,0.5,56,E1L1F1,3.0,1.5,10,5,0.005714,0.007122,0.006641,0.006780722565830895,3.0,4.0,3.914484648716714,0,0.8794,3.572152776
main_campaign_default_alpha_0_5,test3_comunicacao,FashionMNIST,0.5,57,E1L1F1,3.0,1.5,10,5,0.005629,0.007345,0.006387,0.006837011592163254,3.0,4.0,3.920188141179956,0,0.8848,3.5773574832
main_campaign_default_alpha_0_5,test3_comunicacao,FashionMNIST,0.5,58,E1L1F1,3.0,1.5,10,5,0.006493,0.007378,0.006904,0.0069498133587644895,4.0,4.0,4.0,0,0.8852,3.6501895872
main_campaign_default_alpha_0_5,test3_comunicacao,FashionMNIST,0.5,59,E1L1F1,3.0,1.5,10,5,0.005411,0.007025,0.006583,0.006593972538054146,3.0,4.0,3.922243620606644,0,0.8846,3.5792332056
main_campaign_default_alpha_0_5,test3_comunicacao,FashionMNIST,0.5,60,E1L1F1,3.0,1.5,10,5,0.006143,0.007222,0.006893,0.006765864502509214,4.0,4.0,4.0,0,0.8794,3.6501219936
main_campaign_default_alpha_0_5,test3_comunicacao,FashionMNIST,0.5,61,E1L1F1,3.0,1.5,10,5,0.006334,0.007328,0.006751,0.006865526906410874,4.0,4.0,4.0,0,0.8805,3.6501895872
main_campaign_default_alpha_0_5,test3_comunicacao,FashionMNIST,0.5,62,E1L1F1,3.0,1.5,10,5,0.006186,0.0077,0.006605,0.006833473593570608,4.0,4.0,4.0,0,0.8818,3.6501895872
main_campaign_default_alpha_0_5,test3_comunicacao,FashionMNIST,0.5,63,E1L1F1,3.0,1.5,10,5,0.006529,0.007917,0.006713,0.0069424898892633605,4.0,4.0,4.0,0,0.8903,3.6501895872
main_campaign_default_alpha_0_5,test3_comunicacao,FashionMNIST,0.5,64,E1L1F1,3.0,1.5,10,5,0.006402,0.006793,0.006589,0.006569073886152365,4.0,4.0,4.0,0,0.8732,3.6501895872
main_campaign_default_alpha_0_5,test3_comunicacao,FashionMNIST,0.5,65,E1L1F1,3.0,1.5,10,5,0.006436,0.007011,0.006791,0.006759518203029518,4.0,4.0,4.0,0,0.878,3.6501895872
main_campaign_default_alpha_0_5,test3_comunicacao,FashionMNIST,0.5,66,E1L1F1,3.0,1.5,10,5,0.006529,0.007564,0.006983,0.007151907929335952,4.0,4.0,4.0,0,0.8856,3.6501895872
main_campaign_default_alpha_0_5,test3_comunicacao,FashionMNIST,0.5,67,E1L1F1,3.0,1.5,10,5,0.006376,0.006889,0.006604,0.006666824691678087,4.0,4.0,4.0,0,0.8834,3.6501895872
main_campaign_default_alpha_0_5,test3_comunicacao,FashionMNIST,0.5,68,E1L1F1,3.0,1.5,10,5,0.005994,0.007325,0.006326,0.00651465920411829,4.0,4.0,4.0,0,0.8785,3.6502571808
main_campaign_default_alpha_0_5,test3_comunicacao,FashionMNIST,0.5,69,E1L1F1,3.0,1.5,10,5,0.006113,0.008092,0.006928,0.007079193603940594,4.0,5.0,4.289544831672901,0,0.8806,3.9144129696
main_campaign_default_alpha_0_5,test3_comunicacao,FashionMNIST,0.5,70,E1L1F1,3.0,1.5,10,5,0.005601,0.006655,0.006267,0.006308109514462428,3.0,4.0,3.8329876671234397,0,0.8738,3.4977829176
main_campaign_default_alpha_0_5,test3_comunicacao,FashionMNIST,0.5,71,E1L1F1,3.0,1.5,10,5,0.006213,0.007639,0.006769,0.006963008962631014,4.0,4.0,4.0,0,0.886,3.6501895872
main_campaign_default_alpha_0_5,test3_comunicacao,FashionMNIST,0.5,42,E1L1F1,3.0,1.5,10,5,0.00557,0.006832,0.006174,0.0064844362639804465,3.0,4.0,3.9421709502999778,0,0.8757,3.5975510712
main_campaign_default_alpha_0_5,test3_comunicacao,FashionMNIST,0.5,43,E1L1F1,3.0,1.5,10,5,0.006218,0.007071,0.006709,0.006696185641272546,4.0,4.0,4.0,0,0.8796,3.6501895872
main_campaign_default_alpha_0_5,test3_comunicacao,FashionMNIST,0.5,44,E1L1F1,3.0,1.5,10,5,0.005966,0.007327,0.007,0.006857387922893172,4.0,4.0,4.0,0,0.8835,3.6502571808
main_campaign_default_alpha_0_5,test3_comunicacao,FashionMNIST,0.5,45,E1L1F1,3.0,1.5,10,5,0.00548,0.006706,0.006378,0.00629456083108033,3.0,4.0,3.8588941150327765,0,0.8813,3.5214237792
main_campaign_default_alpha_0_5,test3_comunicacao,FashionMNIST,0.5,46,E1L1F1,3.0,1.5,10,5,0.005616,0.006894,0.006408,0.006491479065202497,3.0,4.0,3.8539286309512786,0,0.8828,3.5168274144
main_campaign_default_alpha_0_5,test3_comunicacao,FashionMNIST,0.5,47,E1L1F1,3.0,1.5,10,5,0.00602,0.008208,0.007317,0.007785616625310173,4.0,5.0,4.685289433724677,0,0.8933,4.275548676
main_campaign_default_alpha_0_5,test3_comunicacao,FashionMNIST,0.5,48,E1L1F1,3.0,1.5,10,5,0.005278,0.007944,0.00713,0.006842618250499963,3.0,4.0,3.9047477964595214,0,0.8542,3.5633994048
main_campaign_default_alpha_0_5,test3_comunicacao,FashionMNIST,0.5,49,E1L1F1,3.0,1.5,10,5,0.00611,0.00766,0.006739,0.006951212310883132,4.0,4.0,4.0,0,0.8911,3.6501219936
main_campaign_default_alpha_0_5,test3_comunicacao,FashionMNIST,0.5,50,E1L1F1,3.0,1.5,10,5,0.006009,0.007156,0.006462,0.006703276600866634,4.0,4.0,4.0,0,0.8869,3.6501895872
main_campaign_default_alpha_0_5,test3_comunicacao,FashionMNIST,0.5,51,E1L1F1,3.0,1.5,10,5,0.005934,0.007297,0.006815,0.0066924397429724836,4.0,4.0,4.0,0,0.8809,3.6501895872
main_campaign_default_alpha_0_5,test3_comunicacao,FashionMNIST,0.5,52,E1L1F1,3.0,1.5,10,5,0.006104,0.007125,0.006593,0.0066940220362208805,4.0,4.0,4.0,0,0.8928,3.6501895872
main_campaign_default_alpha_0_5,test3_comunicacao,FashionMNIST,0.5,53,E1L1F1,3.0,1.5,10,5,0.005459,0.007498,0.006554,0.006738823488018962,3.0,4.0,3.8495055738676345,0,0.8853,3.5128562904
main_campaign_default_alpha_0_5,test3_comunicacao,FashionMNIST,0.5,54,E1L1F1,3.0,1.5,10,5,0.005702,0.007265,0.006722,0.006737526091626237,3.0,4.0,3.889615199437058,0,0.8801,3.5494582248
main_campaign_default_alpha_0_5,test3_comunicacao,FashionMNIST,0.5,55,E1L1F1,3.0,1.5,10,5,0.006,0.006958,0.006931,0.006897818250837916,4.0,4.0,4.0,0,0.8787,3.6502571808
main_campaign_default_alpha_0_5,test3_comunicacao,FashionMNIST,0.5,56,E1L1F1,3.0,1.5,10,5,0.005714,0.007122,0.006641,0.006780722565830895,3.0,4.0,3.914484648716714,0,0.8848,3.572152776
main_campaign_default_alpha_0_5,test3_comunicacao,FashionMNIST,0.5,57,E1L1F1,3.0,1.5,10,5,0.005629,0.007345,0.006387,0.006837011592163254,3.0,4.0,3.920188141179956,0,0.881,3.5773574832
main_campaign_default_alpha_0_5,test3_comunicacao,FashionMNIST,0.5,58,E1L1F1,3.0,1.5,10,5,0.006493,0.007378,0.006904,0.0069498133587644895,4.0,4.0,4.0,0,0.8879,3.6501895872
main_campaign_default_alpha_0_5,test3_comunicacao,FashionMNIST,0.5,59,E1L1F1,3.0,1.5,10,5,0.005411,0.007025,0.006583,0.006593972538054146,3.0,4.0,3.922243620606644,0,0.8883,3.5792332056
main_campaign_default_alpha_0_5,test3_comunicacao,FashionMNIST,0.5,60,E1L1F1,3.0,1.5,10,5,0.006143,0.007222,0.006893,0.006765864502509214,4.0,4.0,4.0,0,0.881,3.6501219936
main_campaign_default_alpha_0_5,test3_comunicacao,FashionMNIST,0.5,61,E1L1F1,3.0,1.5,10,5,0.006334,0.007328,0.006751,0.006865526906410874,4.0,4.0,4.0,0,0.8721,3.6501895872
main_campaign_default_alpha_0_5,test3_comunicacao,FashionMNIST,0.5,62,E1L1F1,3.0,1.5,10,5,0.006186,0.0077,0.006605,0.006833473593570608,4.0,4.0,4.0,0,0.8814,3.6501895872
main_campaign_default_alpha_0_5,test3_comunicacao,FashionMNIST,0.5,63,E1L1F1,3.0,1.5,10,5,0.006529,0.007917,0.006713,0.0069424898892633605,4.0,4.0,4.0,0,0.8834,3.6501895872
main_campaign_default_alpha_0_5,test3_comunicacao,FashionMNIST,0.5,64,E1L1F1,3.0,1.5,10,5,0.006402,0.006793,0.006589,0.006569073886152365,4.0,4.0,4.0,0,0.8742,3.6501895872
main_campaign_default_alpha_0_5,test3_comunicacao,FashionMNIST,0.5,65,E1L1F1,3.0,1.5,10,5,0.006436,0.007011,0.006791,0.006759518203029518,4.0,4.0,4.0,0,0.883,3.6501895872
main_campaign_default_alpha_0_5,test3_comunicacao,FashionMNIST,0.5,66,E1L1F1,3.0,1.5,10,5,0.006529,0.007564,0.006983,0.007151907929335952,4.0,4.0,4.0,0,0.8859,3.6501895872
main_campaign_default_alpha_0_5,test3_comunicacao,FashionMNIST,0.5,67,E1L1F1,3.0,1.5,10,5,0.006376,0.006889,0.006604,0.006666824691678087,4.0,4.0,4.0,0,0.8841,3.6501895872
main_campaign_default_alpha_0_5,test3_comunicacao,FashionMNIST,0.5,68,E1L1F1,3.0,1.5,10,5,0.005994,0.007325,0.006326,0.00651465920411829,4.0,4.0,4.0,0,0.8697,3.6502571808
main_campaign_default_alpha_0_5,test3_comunicacao,FashionMNIST,0.5,69,E1L1F1,3.0,1.5,10,5,0.006113,0.008092,0.006928,0.007079193603940594,4.0,5.0,4.289544831672901,0,0.8876,3.9144129696
main_campaign_default_alpha_0_5,test3_comunicacao,FashionMNIST,0.5,70,E1L1F1,3.0,1.5,10,5,0.005601,0.006655,0.006267,0.006308109514462428,3.0,4.0,3.8329876671234397,0,0.8744,3.4977829176
main_campaign_default_alpha_0_5,test3_comunicacao,FashionMNIST,0.5,71,E1L1F1,3.0,1.5,10,5,0.006213,0.007639,0.006769,0.006963008962631014,4.0,4.0,4.0,0,0.8882,3.6501895872
main_campaign_default_alpha_0_5,test3_comunicacao,MNIST,0.5,42,E1L1F1,3.0,1.5,10,5,0.005543,0.006848,0.006245,0.006485876967519721,3.0,4.0,3.9408910781082183,0,0.9887,3.5962498944
main_campaign_default_alpha_0_5,test3_comunicacao,MNIST,0.5,43,E1L1F1,3.0,1.5,10,5,0.006223,0.007063,0.006724,0.006695965797563054,4.0,4.0,4.0,0,0.9863,3.6501895872
main_campaign_default_alpha_0_5,test3_comunicacao,MNIST,0.5,44,E1L1F1,3.0,1.5,10,5,0.005996,0.007343,0.007011,0.006840346153846154,4.0,4.0,4.0,0,0.9898,3.6501895872
main_campaign_default_alpha_0_5,test3_comunicacao,MNIST,0.5,45,E1L1F1,3.0,1.5,10,5,0.005495,0.006543,0.006364,0.006262741903227599,3.0,4.0,3.860044812325241,0,0.9872,3.5225390736
main_campaign_default_alpha_0_5,test3_comunicacao,MNIST,0.5,46,E1L1F1,3.0,1.5,10,5,0.005593,0.006928,0.006427,0.006466999425947187,3.0,4.0,3.8530054442428057,0,0.9889,3.516050088
main_campaign_default_alpha_0_5,test3_comunicacao,MNIST,0.5,47,E1L1F1,3.0,1.5,10,5,0.006047,0.008162,0.007317,0.007719490064998796,4.0,5.0,4.68782059591489,0,0.9894,4.2777792648
main_campaign_default_alpha_0_5,test3_comunicacao,MNIST,0.5,48,E1L1F1,3.0,1.5,10,5,0.005278,0.007957,0.007177,0.006866113106921966,3.0,4.0,3.9031146994555757,0,0.9898,3.5617771584
main_campaign_default_alpha_0_5,test3_comunicacao,MNIST,0.5,49,E1L1F1,3.0,1.5,10,5,0.006126,0.007719,0.006734,0.006964315223228339,4.0,4.0,4.0,0,0.99,3.6502571808
main_campaign_default_alpha_0_5,test3_comunicacao,MNIST,0.5,50,E1L1F1,3.0,1.5,10,5,0.0059,0.007283,0.006432,0.006700935187585645,4.0,4.0,4.0,0,0.9881,3.6501895872
main_campaign_default_alpha_0_5,test3_comunicacao,MNIST,0.5,51,E1L1F1,3.0,1.5,10,5,0.005842,0.007317,0.006806,0.006709215821343258,4.0,4.0,4.0,0,0.9893,3.6502571808
main_campaign_default_alpha_0_5,test3_comunicacao,MNIST,0.5,52,E1L1F1,3.0,1.5,10,5,0.006235,0.00714,0.006652,0.006692725190274255,4.0,4.0,4.0,0,0.99,3.6501219936
main_campaign_default_alpha_0_5,test3_comunicacao,MNIST,0.5,53,E1L1F1,3.0,1.5,10,5,0.005345,0.007504,0.006567,0.006711142917986038,3.0,4.0,3.8398422309871676,0,0.9907,3.5041029192
main_campaign_default_alpha_0_5,test3_comunicacao,MNIST,0.5,54,E1L1F1,3.0,1.5,10,5,0.005812,0.007243,0.006721,0.006744743329074311,4.0,4.0,4.0,0,0.9889,3.6502571808
main_campaign_default_alpha_0_5,test3_comunicacao,MNIST,0.5,55,E1L1F1,3.0,1.5,10,5,0.006005,0.006962,0.006903,0.006880564950095366,4.0,4.0,4.0,0,0.9898,3.6502571808
main_campaign_default_alpha_0_5,test3_comunicacao,MNIST,0.5,56,E1L1F1,3.0,1.5,10,5,0.0057,0.007114,0.006761,0.0067948627432825315,3.0,4.0,3.9144830651284237,0,0.9892,3.5720851824
main_campaign_default_alpha_0_5,test3_comunicacao,MNIST,0.5,57,E1L1F1,3.0,1.5,10,5,0.005655,0.007338,0.006358,0.0068045695979852975,3.0,4.0,3.9185230450160176,0,0.9881,3.5759042208
main_campaign_default_alpha_0_5,test3_comunicacao,MNIST,0.5,58,E1L1F1,3.0,1.5,10,5,0.006524,0.007407,0.006893,0.006925086050774957,4.0,4.0,4.0,0,0.99,3.6502571808
main_campaign_default_alpha_0_5,test3_comunicacao,MNIST,0.5,59,E1L1F1,3.0,1.5,10,5,0.005432,0.007131,0.006533,0.006578264466788883,3.0,4.0,3.92354128474344,0,0.9887,3.5804836872
main_campaign_default_alpha_0_5,test3_comunicacao,MNIST,0.5,60,E1L1F1,3.0,1.5,10,5,0.006153,0.007195,0.006889,0.0067569590200362946,4.0,4.0,4.0,0,0.9881,3.6501895872
main_campaign_default_alpha_0_5,test3_comunicacao,MNIST,0.5,61,E1L1F1,3.0,1.5,10,5,0.006291,0.007366,0.006731,0.006854805603392403,4.0,4.0,4.0,0,0.9896,3.6502571808
main_campaign_default_alpha_0_5,test3_comunicacao,MNIST,0.5,62,E1L1F1,3.0,1.5,10,5,0.006185,0.007577,0.006587,0.006811982797252004,4.0,4.0,4.0,0,0.9912,3.6502571808
main_campaign_default_alpha_0_5,test3_comunicacao,MNIST,0.5,63,E1L1F1,3.0,1.5,10,5,0.006509,0.007944,0.00673,0.006947449742602127,4.0,4.0,4.0,0,0.9903,3.6501895872
main_campaign_default_alpha_0_5,test3_comunicacao,MNIST,0.5,64,E1L1F1,3.0,1.5,10,5,0.006378,0.006793,0.006547,0.006553945872375098,4.0,4.0,4.0,0,0.9868,3.6501895872
main_campaign_default_alpha_0_5,test3_comunicacao,MNIST,0.5,65,E1L1F1,3.0,1.5,10,5,0.006437,0.007023,0.006814,0.00676070322019147,4.0,4.0,4.0,0,0.9897,3.6502571808
main_campaign_default_alpha_0_5,test3_comunicacao,MNIST,0.5,66,E1L1F1,3.0,1.5,10,5,0.006522,0.007534,0.006932,0.007145696553895154,4.0,4.0,4.0,0,0.99,3.6502571808
main_campaign_default_alpha_0_5,test3_comunicacao,MNIST,0.5,67,E1L1F1,3.0,1.5,10,5,0.006417,0.006767,0.006635,0.006634060757008999,4.0,4.0,4.0,0,0.9892,3.6501895872
main_campaign_default_alpha_0_5,test3_comunicacao,MNIST,0.5,68,E1L1F1,3.0,1.5,10,5,0.006114,0.007369,0.006336,0.006556540442946557,4.0,4.0,4.0,0,0.9884,3.6501895872
main_campaign_default_alpha_0_5,test3_comunicacao,MNIST,0.5,69,E1L1F1,3.0,1.5,10,5,0.006114,0.008063,0.006879,0.007078281322913966,4.0,5.0,4.292952112884708,0,0.9886,3.9175222752
main_campaign_default_alpha_0_5,test3_comunicacao,MNIST,0.5,70,E1L1F1,3.0,1.5,10,5,0.005527,0.006651,0.006288,0.006305631698825969,3.0,4.0,3.8303210992185472,0,0.9847,3.495349548
main_campaign_default_alpha_0_5,test3_comunicacao,MNIST,0.5,71,E1L1F1,3.0,1.5,10,5,0.006145,0.007648,0.006832,0.006949467871560313,4.0,4.0,4.0,0,0.9891,3.6501895872
main_campaign_default_alpha_0_5,test3_comunicacao,MNIST,0.5,42,E1L1F1,3.0,1.5,10,5,0.005543,0.006848,0.006245,0.006485876967519721,3.0,4.0,3.9408910781082183,0,0.9864,3.5962498944
main_campaign_default_alpha_0_5,test3_comunicacao,MNIST,0.5,43,E1L1F1,3.0,1.5,10,5,0.006223,0.007063,0.006724,0.006695965797563054,4.0,4.0,4.0,0,0.9879,3.6501895872
main_campaign_default_alpha_0_5,test3_comunicacao,MNIST,0.5,44,E1L1F1,3.0,1.5,10,5,0.005996,0.007343,0.007011,0.006840346153846154,4.0,4.0,4.0,0,0.9897,3.6501895872
main_campaign_default_alpha_0_5,test3_comunicacao,MNIST,0.5,45,E1L1F1,3.0,1.5,10,5,0.005495,0.006543,0.006364,0.006262741903227599,3.0,4.0,3.860044812325241,0,0.985,3.5225390736
main_campaign_default_alpha_0_5,test3_comunicacao,MNIST,0.5,46,E1L1F1,3.0,1.5,10,5,0.005593,0.006928,0.006427,0.006466999425947187,3.0,4.0,3.8530054442428057,0,0.9889,3.516050088
main_campaign_default_alpha_0_5,test3_comunicacao,MNIST,0.5,47,E1L1F1,3.0,1.5,10,5,0.006047,0.008162,0.007317,0.007719490064998796,4.0,5.0,4.68782059591489,0,0.9906,4.2777792648
main_campaign_default_alpha_0_5,test3_comunicacao,MNIST,0.5,48,E1L1F1,3.0,1.5,10,5,0.005278,0.007957,0.007177,0.006866113106921966,3.0,4.0,3.9031146994555757,0,0.9889,3.5617771584
main_campaign_default_alpha_0_5,test3_comunicacao,MNIST,0.5,49,E1L1F1,3.0,1.5,10,5,0.006126,0.007719,0.006734,0.006964315223228339,4.0,4.0,4.0,0,0.9894,3.6502571808
main_campaign_default_alpha_0_5,test3_comunicacao,MNIST,0.5,50,E1L1F1,3.0,1.5,10,5,0.0059,0.007283,0.006432,0.006700935187585645,4.0,4.0,4.0,0,0.99,3.6501895872
main_campaign_default_alpha_0_5,test3_comunicacao,MNIST,0.5,51,E1L1F1,3.0,1.5,10,5,0.005842,0.007317,0.006806,0.006709215821343258,4.0,4.0,4.0,0,0.9903,3.6502571808
main_campaign_default_alpha_0_5,test3_comunicacao,MNIST,0.5,52,E1L1F1,3.0,1.5,10,5,0.006235,0.00714,0.006652,0.006692725190274255,4.0,4.0,4.0,0,0.9909,3.6501219936
main_campaign_default_alpha_0_5,test3_comunicacao,MNIST,0.5,53,E1L1F1,3.0,1.5,10,5,0.005345,0.007504,0.006567,0.006711142917986038,3.0,4.0,3.8398422309871676,0,0.9907,3.5041029192
main_campaign_default_alpha_0_5,test3_comunicacao,MNIST,0.5,54,E1L1F1,3.0,1.5,10,5,0.005812,0.007243,0.006721,0.006744743329074311,4.0,4.0,4.0,0,0.9886,3.6502571808
main_campaign_default_alpha_0_5,test3_comunicacao,MNIST,0.5,55,E1L1F1,3.0,1.5,10,5,0.006005,0.006962,0.006903,0.006880564950095366,4.0,4.0,4.0,0,0.988,3.6502571808
main_campaign_default_alpha_0_5,test3_comunicacao,MNIST,0.5,56,E1L1F1,3.0,1.5,10,5,0.0057,0.007114,0.006761,0.0067948627432825315,3.0,4.0,3.9144830651284237,0,0.9892,3.5720851824
main_campaign_default_alpha_0_5,test3_comunicacao,MNIST,0.5,57,E1L1F1,3.0,1.5,10,5,0.005655,0.007338,0.006358,0.0068045695979852975,3.0,4.0,3.9185230450160176,0,0.9873,3.5759042208
main_campaign_default_alpha_0_5,test3_comunicacao,MNIST,0.5,58,E1L1F1,3.0,1.5,10,5,0.006524,0.007407,0.006893,0.006925086050774957,4.0,4.0,4.0,0,0.9909,3.6502571808
main_campaign_default_alpha_0_5,test3_comunicacao,MNIST,0.5,59,E1L1F1,3.0,1.5,10,5,0.005432,0.007131,0.006533,0.006578264466788883,3.0,4.0,3.92354128474344,0,0.99,3.5804836872
main_campaign_default_alpha_0_5,test3_comunicacao,MNIST,0.5,60,E1L1F1,3.0,1.5,10,5,0.006153,0.007195,0.006889,0.0067569590200362946,4.0,4.0,4.0,0,0.9878,3.6501895872
main_campaign_default_alpha_0_5,test3_comunicacao,MNIST,0.5,61,E1L1F1,3.0,1.5,10,5,0.006291,0.007366,0.006731,0.006854805603392403,4.0,4.0,4.0,0,0.9888,3.6502571808
main_campaign_default_alpha_0_5,test3_comunicacao,MNIST,0.5,62,E1L1F1,3.0,1.5,10,5,0.006185,0.007577,0.006587,0.006811982797252004,4.0,4.0,4.0,0,0.9882,3.6502571808
main_campaign_default_alpha_0_5,test3_comunicacao,MNIST,0.5,63,E1L1F1,3.0,1.5,10,5,0.006509,0.007944,0.00673,0.006947449742602127,4.0,4.0,4.0,0,0.9912,3.6501895872
main_campaign_default_alpha_0_5,test3_comunicacao,MNIST,0.5,64,E1L1F1,3.0,1.5,10,5,0.006378,0.006793,0.006547,0.006553945872375098,4.0,4.0,4.0,0,0.9891,3.6501895872
main_campaign_default_alpha_0_5,test3_comunicacao,MNIST,0.5,65,E1L1F1,3.0,1.5,10,5,0.006437,0.007023,0.006814,0.00676070322019147,4.0,4.0,4.0,0,0.9898,3.6502571808
main_campaign_default_alpha_0_5,test3_comunicacao,MNIST,0.5,66,E1L1F1,3.0,1.5,10,5,0.006522,0.007534,0.006932,0.007145696553895154,4.0,4.0,4.0,0,0.9894,3.6502571808
main_campaign_default_alpha_0_5,test3_comunicacao,MNIST,0.5,67,E1L1F1,3.0,1.5,10,5,0.006417,0.006767,0.006635,0.006634060757008999,4.0,4.0,4.0,0,0.9872,3.6501895872
main_campaign_default_alpha_0_5,test3_comunicacao,MNIST,0.5,68,E1L1F1,3.0,1.5,10,5,0.006114,0.007369,0.006336,0.006556540442946557,4.0,4.0,4.0,0,0.987,3.6501895872
main_campaign_default_alpha_0_5,test3_comunicacao,MNIST,0.5,69,E1L1F1,3.0,1.5,10,5,0.006114,0.008063,0.006879,0.007078281322913966,4.0,5.0,4.292952112884708,0,0.9892,3.9175222752
main_campaign_default_alpha_0_5,test3_comunicacao,MNIST,0.5,70,E1L1F1,3.0,1.5,10,5,0.005527,0.006651,0.006288,0.006305631698825969,3.0,4.0,3.8303210992185472,0,0.9874,3.495349548
main_campaign_default_alpha_0_5,test3_comunicacao,MNIST,0.5,71,E1L1F1,3.0,1.5,10,5,0.006145,0.007648,0.006832,0.006949467871560313,4.0,4.0,4.0,0,0.9903,3.6501895872
main_campaign_default_alpha_0_5,test3_comunicacao,MNIST,0.5,42,E1L1F1,3.0,1.5,10,5,0.005543,0.006848,0.006245,0.006485876967519721,3.0,4.0,3.9408910781082183,0,0.9872,3.5962498944
main_campaign_default_alpha_0_5,test3_comunicacao,MNIST,0.5,43,E1L1F1,3.0,1.5,10,5,0.006223,0.007063,0.006724,0.006695965797563054,4.0,4.0,4.0,0,0.985,3.6501895872
main_campaign_default_alpha_0_5,test3_comunicacao,MNIST,0.5,44,E1L1F1,3.0,1.5,10,5,0.005996,0.007343,0.007011,0.006840346153846154,4.0,4.0,4.0,0,0.9873,3.6501895872
main_campaign_default_alpha_0_5,test3_comunicacao,MNIST,0.5,45,E1L1F1,3.0,1.5,10,5,0.005495,0.006543,0.006364,0.006262741903227599,3.0,4.0,3.860044812325241,0,0.9868,3.5225390736
main_campaign_default_alpha_0_5,test3_comunicacao,MNIST,0.5,46,E1L1F1,3.0,1.5,10,5,0.005593,0.006928,0.006427,0.006466999425947187,3.0,4.0,3.8530054442428057,0,0.9889,3.516050088
main_campaign_default_alpha_0_5,test3_comunicacao,MNIST,0.5,47,E1L1F1,3.0,1.5,10,5,0.006047,0.008162,0.007317,0.007719490064998796,4.0,5.0,4.68782059591489,0,0.9912,4.2777792648
main_campaign_default_alpha_0_5,test3_comunicacao,MNIST,0.5,48,E1L1F1,3.0,1.5,10,5,0.005278,0.007957,0.007177,0.006866113106921966,3.0,4.0,3.9031146994555757,0,0.9886,3.5617771584
main_campaign_default_alpha_0_5,test3_comunicacao,MNIST,0.5,49,E1L1F1,3.0,1.5,10,5,0.006126,0.007719,0.006734,0.006964315223228339,4.0,4.0,4.0,0,0.9901,3.6502571808
main_campaign_default_alpha_0_5,test3_comunicacao,MNIST,0.5,50,E1L1F1,3.0,1.5,10,5,0.0059,0.007283,0.006432,0.006700935187585645,4.0,4.0,4.0,0,0.9896,3.6501895872
main_campaign_default_alpha_0_5,test3_comunicacao,MNIST,0.5,51,E1L1F1,3.0,1.5,10,5,0.005842,0.007317,0.006806,0.006709215821343258,4.0,4.0,4.0,0,0.989,3.6502571808
main_campaign_default_alpha_0_5,test3_comunicacao,MNIST,0.5,52,E1L1F1,3.0,1.5,10,5,0.006235,0.00714,0.006652,0.006692725190274255,4.0,4.0,4.0,0,0.9901,3.6501219936
main_campaign_default_alpha_0_5,test3_comunicacao,MNIST,0.5,53,E1L1F1,3.0,1.5,10,5,0.005345,0.007504,0.006567,0.006711142917986038,3.0,4.0,3.8398422309871676,0,0.99,3.5041029192
main_campaign_default_alpha_0_5,test3_comunicacao,MNIST,0.5,54,E1L1F1,3.0,1.5,10,5,0.005812,0.007243,0.006721,0.006744743329074311,4.0,4.0,4.0,0,0.9892,3.6502571808
main_campaign_default_alpha_0_5,test3_comunicacao,MNIST,0.5,55,E1L1F1,3.0,1.5,10,5,0.006005,0.006962,0.006903,0.006880564950095366,4.0,4.0,4.0,0,0.9882,3.6502571808
main_campaign_default_alpha_0_5,test3_comunicacao,MNIST,0.5,56,E1L1F1,3.0,1.5,10,5,0.0057,0.007114,0.006761,0.0067948627432825315,3.0,4.0,3.9144830651284237,0,0.9901,3.5720851824
main_campaign_default_alpha_0_5,test3_comunicacao,MNIST,0.5,57,E1L1F1,3.0,1.5,10,5,0.005655,0.007338,0.006358,0.0068045695979852975,3.0,4.0,3.9185230450160176,0,0.9907,3.5759042208
main_campaign_default_alpha_0_5,test3_comunicacao,MNIST,0.5,58,E1L1F1,3.0,1.5,10,5,0.006524,0.007407,0.006893,0.006925086050774957,4.0,4.0,4.0,0,0.9912,3.6502571808
main_campaign_default_alpha_0_5,test3_comunicacao,MNIST,0.5,59,E1L1F1,3.0,1.5,10,5,0.005432,0.007131,0.006533,0.006578264466788883,3.0,4.0,3.92354128474344,0,0.9904,3.5804836872
main_campaign_default_alpha_0_5,test3_comunicacao,MNIST,0.5,60,E1L1F1,3.0,1.5,10,5,0.006153,0.007195,0.006889,0.0067569590200362946,4.0,4.0,4.0,0,0.9879,3.6501895872
main_campaign_default_alpha_0_5,test3_comunicacao,MNIST,0.5,61,E1L1F1,3.0,1.5,10,5,0.006291,0.007366,0.006731,0.006854805603392403,4.0,4.0,4.0,0,0.9909,3.6502571808
main_campaign_default_alpha_0_5,test3_comunicacao,MNIST,0.5,62,E1L1F1,3.0,1.5,10,5,0.006185,0.007577,0.006587,0.006811982797252004,4.0,4.0,4.0,0,0.9897,3.6502571808
main_campaign_default_alpha_0_5,test3_comunicacao,MNIST,0.5,63,E1L1F1,3.0,1.5,10,5,0.006509,0.007944,0.00673,0.006947449742602127,4.0,4.0,4.0,0,0.9909,3.6501895872
main_campaign_default_alpha_0_5,test3_comunicacao,MNIST,0.5,64,E1L1F1,3.0,1.5,10,5,0.006378,0.006793,0.006547,0.006553945872375098,4.0,4.0,4.0,0,0.9883,3.6501895872
main_campaign_default_alpha_0_5,test3_comunicacao,MNIST,0.5,65,E1L1F1,3.0,1.5,10,5,0.006437,0.007023,0.006814,0.00676070322019147,4.0,4.0,4.0,0,0.9905,3.6502571808
main_campaign_default_alpha_0_5,test3_comunicacao,MNIST,0.5,66,E1L1F1,3.0,1.5,10,5,0.006522,0.007534,0.006932,0.007145696553895154,4.0,4.0,4.0,0,0.9914,3.6502571808
main_campaign_default_alpha_0_5,test3_comunicacao,MNIST,0.5,67,E1L1F1,3.0,1.5,10,5,0.006417,0.006767,0.006635,0.006634060757008999,4.0,4.0,4.0,0,0.9888,3.6501895872
main_campaign_default_alpha_0_5,test3_comunicacao,MNIST,0.5,68,E1L1F1,3.0,1.5,10,5,0.006114,0.007369,0.006336,0.006556540442946557,4.0,4.0,4.0,0,0.9893,3.6501895872
main_campaign_default_alpha_0_5,test3_comunicacao,MNIST,0.5,69,E1L1F1,3.0,1.5,10,5,0.006114,0.008063,0.006879,0.007078281322913966,4.0,5.0,4.292952112884708,0,0.9894,3.9175222752
main_campaign_default_alpha_0_5,test3_comunicacao,MNIST,0.5,70,E1L1F1,3.0,1.5,10,5,0.005527,0.006651,0.006288,0.006305631698825969,3.0,4.0,3.8303210992185472,0,0.9862,3.495349548
main_campaign_default_alpha_0_5,test3_comunicacao,MNIST,0.5,71,E1L1F1,3.0,1.5,10,5,0.006145,0.007648,0.006832,0.006949467871560313,4.0,4.0,4.0,0,0.9909,3.6501895872
main_campaign_default_alpha_0_5,test4_clientes,CIFAR10,0.5,42,E1L1F1,3.0,1.5,10,10,0.005766,0.006619,0.006218,0.006273331940895456,4.0,4.0,4.0,0,0.7776,325.646674944
main_campaign_default_alpha_0_5,test4_clientes,CIFAR10,0.5,43,E1L1F1,3.0,1.5,10,10,0.005273,0.007425,0.006005,0.00624950777674088,3.0,4.0,3.9564058125583257,0,0.7771,322.1047563264
main_campaign_default_alpha_0_5,test4_clientes,CIFAR10,0.5,44,E1L1F1,3.0,1.5,10,10,0.005477,0.007332,0.006643,0.006627594813794329,3.0,4.0,3.8811661185672386,0,0.7915,315.9651895296
main_campaign_default_alpha_0_5,test4_clientes,CIFAR10,0.5,45,E1L1F1,3.0,1.5,10,10,0.005167,0.007048,0.006391,0.00634469176073238,3.0,4.0,3.82690427517554,0,0.7729,311.5477404672
main_campaign_default_alpha_0_5,test4_clientes,CIFAR10,0.5,46,E1L1F1,3.0,1.5,10,10,0.005481,0.006794,0.006218,0.006209738023286819,3.0,4.0,3.963714336503422,0,0.7785,322.6854283776
main_campaign_default_alpha_0_5,test4_clientes,CIFAR10,0.5,47,E1L1F1,3.0,1.5,10,10,0.005954,0.007807,0.006733,0.00682362465558617,4.0,4.0,4.0,0,0.7903,325.6394391552
main_campaign_default_alpha_0_5,test4_clientes,CIFAR10,0.5,48,E1L1F1,3.0,1.5,10,10,0.006046,0.007101,0.006598,0.006592595387281696,4.0,4.0,4.0,0,0.7791,325.6539107328
main_campaign_default_alpha_0_5,test4_clientes,CIFAR10,0.5,49,E1L1F1,3.0,1.5,10,10,0.005155,0.007123,0.0066040000000000005,0.006541103613012176,3.0,4.0,3.891454092969514,0,0.7907,316.8027320832
main_campaign_default_alpha_0_5,test4_clientes,CIFAR10,0.5,50,E1L1F1,3.0,1.5,10,10,0.005254,0.006974,0.006470999999999999,0.0064174610034663584,3.0,4.0,3.846280330637277,0,0.7714,313.1251424256
main_campaign_default_alpha_0_5,test4_clientes,CIFAR10,0.5,51,E1L1F1,3.0,1.5,10,10,0.00564,0.007061,0.006423,0.006532750883195946,3.0,4.0,3.923434132468283,0,0.7802,319.4275144704
main_campaign_default_alpha_0_5,test4_clientes,CIFAR10,0.5,52,E1L1F1,3.0,1.5,10,10,0.005023,0.007099,0.006121,0.006356532995600587,3.0,4.0,3.9060569701817536,0,0.7767,318.0056819712
main_campaign_default_alpha_0_5,test4_clientes,CIFAR10,0.5,53,E1L1F1,3.0,1.5,10,10,0.00579,0.007133,0.006609,0.006636568292411955,4.0,4.0,4.0,0,0.7796,325.646674944
main_campaign_default_alpha_0_5,test4_clientes,CIFAR10,0.5,54,E1L1F1,3.0,1.5,10,10,0.005905,0.007137,0.006595999999999999,0.006606744856241389,4.0,4.0,4.0,0,0.79,325.6539107328
main_campaign_default_alpha_0_5,test4_clientes,CIFAR10,0.5,55,E1L1F1,3.0,1.5,10,10,0.005706,0.007175,0.0063105,0.006393893211865348,3.0,4.0,3.9298300188867903,0,0.7699,319.9340196864
main_campaign_default_alpha_0_5,test4_clientes,CIFAR10,0.5,56,E1L1F1,3.0,1.5,10,10,0.005549,0.006868,0.006344,0.006330200777691368,3.0,4.0,3.9654038440173314,0,0.7824,322.8301441536
main_campaign_default_alpha_0_5,test4_clientes,CIFAR10,0.5,57,E1L1F1,3.0,1.5,10,10,0.005233,0.007147,0.0064435,0.00650162161982002,3.0,4.0,3.9276969225641594,0,0.7881,319.7603607552
main_campaign_default_alpha_0_5,test4_clientes,CIFAR10,0.5,58,E1L1F1,3.0,1.5,10,10,0.005564,0.00767,0.0068135,0.006919723630707698,3.0,4.0,3.9744472836351514,0,0.7895,323.566385664
main_campaign_default_alpha_0_5,test4_clientes,CIFAR10,0.5,59,E1L1F1,3.0,1.5,10,10,0.005723,0.006928,0.0065185,0.006439993200755471,4.0,4.0,4.0,0,0.7777,325.646674944
main_campaign_default_alpha_0_5,test4_clientes,CIFAR10,0.5,60,E1L1F1,3.0,1.5,10,10,0.005842,0.007449,0.006583,0.006573477324741695,4.0,4.0,4.0,0,0.7829,325.646674944
main_campaign_default_alpha_0_5,test4_clientes,CIFAR10,0.5,61,E1L1F1,3.0,1.5,10,10,0.006091,0.007315,0.006389000000000001,0.006554611843128541,4.0,4.0,4.0,0,0.776,325.646674944
main_campaign_default_alpha_0_5,test4_clientes,CIFAR10,0.5,62,E1L1F1,3.0,1.5,10,10,0.006114,0.00719,0.0066315,0.006707086368181313,4.0,4.0,4.0,0,0.7875,325.646674944
main_campaign_default_alpha_0_5,test4_clientes,CIFAR10,0.5,63,E1L1F1,3.0,1.5,10,10,0.005605,0.007423,0.0064755,0.006603941270581962,3.0,4.0,3.9083616647779036,0,0.7798,318.1721051136
main_campaign_default_alpha_0_5,test4_clientes,CIFAR10,0.5,64,E1L1F1,3.0,1.5,10,10,0.005608,0.007794,0.0066064999999999995,0.0066079069457405685,3.0,4.0,3.8652179709372083,0,0.7834,314.6808370176
main_campaign_default_alpha_0_5,test4_clientes,CIFAR10,0.5,65,E1L1F1,3.0,1.5,10,10,0.005136,0.006989,0.006240000000000001,0.006310749650038885,3.0,4.0,3.9280302188645706,0,0.7725,319.7874949632
main_campaign_default_alpha_0_5,test4_clientes,CIFAR10,0.5,66,E1L1F1,3.0,1.5,10,10,0.00638,0.006821,0.0064935,0.006547127874680592,4.0,4.0,4.0,0,0.7854,325.646674944
main_campaign_default_alpha_0_5,test4_clientes,CIFAR10,0.5,67,E1L1F1,3.0,1.5,10,10,0.006053,0.007373,0.006653,0.006654038462393067,4.0,4.0,4.0,0,0.7915,325.646674944
main_campaign_default_alpha_0_5,test4_clientes,CIFAR10,0.5,68,E1L1F1,3.0,1.5,10,10,0.006008,0.007191,0.0066425,0.006610234179184072,4.0,4.0,4.0,0,0.7816,325.6394391552
main_campaign_default_alpha_0_5,test4_clientes,CIFAR10,0.5,69,E1L1F1,3.0,1.5,10,10,0.004815,0.007446,0.0064755,0.0064956919316490015,3.0,4.0,3.886385352087639,0,0.78,316.3830563328
main_campaign_default_alpha_0_5,test4_clientes,CIFAR10,0.5,70,E1L1F1,3.0,1.5,10,10,0.00511,0.007301,0.0061715,0.006192395511609821,3.0,4.0,3.802621930896567,0,0.7607,309.5777969664
main_campaign_default_alpha_0_5,test4_clientes,CIFAR10,0.5,71,E1L1F1,3.0,1.5,10,10,0.005867,0.00757,0.0066455,0.006849499488957027,4.0,4.0,4.0,0,0.7935,325.6539107328
main_campaign_default_alpha_0_5,test4_clientes,CIFAR10,0.5,42,E1L1F1,3.0,1.5,10,3,0.006067,0.006817,0.006686,0.006583495711301721,4.0,4.0,4.0,0,0.7928,325.6249675776
main_campaign_default_alpha_0_5,test4_clientes,CIFAR10,0.5,43,E1L1F1,3.0,1.5,10,3,0.00668,0.007148,0.006983,0.006979655607653163,4.0,4.0,4.0,0,0.8085,325.6177317888
main_campaign_default_alpha_0_5,test4_clientes,CIFAR10,0.5,44,E1L1F1,3.0,1.5,10,3,0.006262,0.007741,0.006756,0.007186275793871247,4.0,4.0,4.0,0,0.8027,325.6177317888
main_campaign_default_alpha_0_5,test4_clientes,CIFAR10,0.5,45,E1L1F1,3.0,1.5,10,3,0.006577,0.00728,0.007081,0.007015051464379361,4.0,4.0,4.0,0,0.7959,325.6249675776
main_campaign_default_alpha_0_5,test4_clientes,CIFAR10,0.5,46,E1L1F1,3.0,1.5,10,3,0.00586,0.006866,0.006198,0.006426657081907471,4.0,4.0,4.0,0,0.7572,325.6249675776
main_campaign_default_alpha_0_5,test4_clientes,CIFAR10,0.5,47,E1L1F1,3.0,1.5,10,3,0.006719,0.00734,0.00676,0.006955325459434235,4.0,4.0,4.0,0,0.8023,325.6177317888
main_campaign_default_alpha_0_5,test4_clientes,CIFAR10,0.5,48,E1L1F1,3.0,1.5,10,3,0.00594,0.00782,0.007657,0.0074045238550254425,4.0,4.0,4.0,0,0.7946,325.6177317888
main_campaign_default_alpha_0_5,test4_clientes,CIFAR10,0.5,49,E1L1F1,3.0,1.5,10,3,0.006803,0.007531,0.007258,0.007305935712539721,4.0,4.0,4.0,0,0.8186,325.6177317888
main_campaign_default_alpha_0_5,test4_clientes,CIFAR10,0.5,50,E1L1F1,3.0,1.5,10,3,0.006629,0.00739,0.006708,0.007012071776182752,4.0,4.0,4.0,0,0.8216,325.6177317888
main_campaign_default_alpha_0_5,test4_clientes,CIFAR10,0.5,51,E1L1F1,3.0,1.5,10,3,0.006822,0.007343,0.007138,0.007146545965645209,4.0,4.0,4.0,0,0.8255,325.6177317888
main_campaign_default_alpha_0_5,test4_clientes,CIFAR10,0.5,52,E1L1F1,3.0,1.5,10,3,0.006449,0.00743,0.007017,0.007024815785965068,4.0,4.0,4.0,0,0.8121,325.6249675776
main_campaign_default_alpha_0_5,test4_clientes,CIFAR10,0.5,53,E1L1F1,3.0,1.5,10,3,0.006426,0.007069,0.007043,0.0069035730856406375,4.0,4.0,4.0,0,0.816,325.6249675776
main_campaign_default_alpha_0_5,test4_clientes,CIFAR10,0.5,54,E1L1F1,3.0,1.5,10,3,0.006206,0.007622,0.007139,0.0071466228306037655,4.0,4.0,4.0,0,0.8166,325.6177317888
main_campaign_default_alpha_0_5,test4_clientes,CIFAR10,0.5,55,E1L1F1,3.0,1.5,10,3,0.006586,0.007229,0.006672,0.006905517821430159,4.0,4.0,4.0,0,0.7826,325.6249675776
main_campaign_default_alpha_0_5,test4_clientes,CIFAR10,0.5,56,E1L1F1,3.0,1.5,10,3,0.007123,0.007198,0.007162,0.0071675399435568105,4.0,4.0,4.0,0,0.8041,325.6177317888
main_campaign_default_alpha_0_5,test4_clientes,CIFAR10,0.5,57,E1L1F1,3.0,1.5,10,3,0.006948,0.007531,0.006974,0.0071391520188440255,4.0,4.0,4.0,0,0.8128,325.6177317888
main_campaign_default_alpha_0_5,test4_clientes,CIFAR10,0.5,58,E1L1F1,3.0,1.5,10,3,0.006656,0.007715,0.007308,0.00726889211590596,4.0,4.0,4.0,0,0.7734,325.6249675776
main_campaign_default_alpha_0_5,test4_clientes,CIFAR10,0.5,59,E1L1F1,3.0,1.5,10,3,0.006435,0.007227,0.006774,0.006876458046309053,4.0,4.0,4.0,0,0.8008,325.6249675776
main_campaign_default_alpha_0_5,test4_clientes,CIFAR10,0.5,60,E1L1F1,3.0,1.5,10,3,0.006371,0.007538,0.006978,0.007070110908646474,4.0,4.0,4.0,0,0.7717,325.6177317888
main_campaign_default_alpha_0_5,test4_clientes,CIFAR10,0.5,61,E1L1F1,3.0,1.5,10,3,0.006314,0.007689,0.0074,0.007366958424070042,4.0,4.0,4.0,0,0.8181,325.6249675776
main_campaign_default_alpha_0_5,test4_clientes,CIFAR10,0.5,62,E1L1F1,3.0,1.5,10,3,0.006788,0.007625,0.007609,0.00751931061531966,4.0,4.0,4.0,0,0.8153,325.6177317888
main_campaign_default_alpha_0_5,test4_clientes,CIFAR10,0.5,63,E1L1F1,3.0,1.5,10,3,0.006798,0.007004,0.00691,0.006917891071507933,4.0,4.0,4.0,0,0.8167,325.6249675776
main_campaign_default_alpha_0_5,test4_clientes,CIFAR10,0.5,64,E1L1F1,3.0,1.5,10,3,0.006326,0.00807,0.007178,0.007545731472633942,4.0,5.0,4.584964778560477,0,0.8304,373.2364578816
main_campaign_default_alpha_0_5,test4_clientes,CIFAR10,0.5,65,E1L1F1,3.0,1.5,10,3,0.005821,0.007917,0.006308,0.007179652600000001,4.0,4.0,4.0,0,0.8166,325.610496
main_campaign_default_alpha_0_5,test4_clientes,CIFAR10,0.5,66,E1L1F1,3.0,1.5,10,3,0.006919,0.00759,0.007588,0.0073706419048042305,4.0,4.0,4.0,0,0.8207,325.6249675776
main_campaign_default_alpha_0_5,test4_clientes,CIFAR10,0.5,67,E1L1F1,3.0,1.5,10,3,0.006903,0.007282,0.007052,0.007088568720695096,4.0,4.0,4.0,0,0.815,325.6177317888
main_campaign_default_alpha_0_5,test4_clientes,CIFAR10,0.5,68,E1L1F1,3.0,1.5,10,3,0.006437,0.007251,0.006817,0.006894242789209368,4.0,4.0,4.0,0,0.7895,325.6249675776
main_campaign_default_alpha_0_5,test4_clientes,CIFAR10,0.5,69,E1L1F1,3.0,1.5,10,3,0.006272,0.007659,0.007576,0.007364700784427013,4.0,4.0,4.0,0,0.8247,325.6177317888
main_campaign_default_alpha_0_5,test4_clientes,CIFAR10,0.5,70,E1L1F1,3.0,1.5,10,3,0.006413,0.007335,0.006888,0.007033824381680407,4.0,4.0,4.0,0,0.8133,325.6177317888
main_campaign_default_alpha_0_5,test4_clientes,CIFAR10,0.5,71,E1L1F1,3.0,1.5,10,3,0.006267,0.007487,0.007077,0.007039528998711169,4.0,4.0,4.0,0,0.7919,325.6249675776
main_campaign_default_alpha_0_5,test4_clientes,CIFAR10,0.5,42,E1L1F1,3.0,1.5,10,5,0.005571,0.006832,0.00617,0.006489268448770083,3.0,4.0,3.942003866408906,0,0.7846,320.9108511744
main_campaign_default_alpha_0_5,test4_clientes,CIFAR10,0.5,43,E1L1F1,3.0,1.5,10,5,0.006231,0.007063,0.006711,0.006699612048085684,4.0,4.0,4.0,0,0.8018,325.6322033664
main_campaign_default_alpha_0_5,test4_clientes,CIFAR10,0.5,44,E1L1F1,3.0,1.5,10,5,0.005989,0.007324,0.006995,0.0068529659570685745,4.0,4.0,4.0,0,0.8036,325.6249675776
main_campaign_default_alpha_0_5,test4_clientes,CIFAR10,0.5,45,E1L1F1,3.0,1.5,10,5,0.005474,0.006711,0.006364,0.0062886078531588195,3.0,4.0,3.8589586898068933,0,0.7883,314.1363439104
main_campaign_default_alpha_0_5,test4_clientes,CIFAR10,0.5,46,E1L1F1,3.0,1.5,10,5,0.00561,0.0069,0.0064,0.006492999044486912,3.0,4.0,3.853962046131283,0,0.7892,313.7365665792
main_campaign_default_alpha_0_5,test4_clientes,CIFAR10,0.5,47,E1L1F1,3.0,1.5,10,5,0.006045,0.008205,0.007321,0.007790146593484734,4.0,5.0,4.685125105550864,0,0.8305,381.398427648
main_campaign_default_alpha_0_5,test4_clientes,CIFAR10,0.5,48,E1L1F1,3.0,1.5,10,5,0.005288,0.007954,0.007147,0.0068500074218923596,3.0,4.0,3.9047597884538465,0,0.7771,317.8718198784
main_campaign_default_alpha_0_5,test4_clientes,CIFAR10,0.5,49,E1L1F1,3.0,1.5,10,5,0.006114,0.007665,0.006738,0.00694820372427892,4.0,4.0,4.0,0,0.8129,325.6249675776
main_campaign_default_alpha_0_5,test4_clientes,CIFAR10,0.5,50,E1L1F1,3.0,1.5,10,5,0.006025,0.007169,0.006455,0.006708292098128973,4.0,4.0,4.0,0,0.8082,325.6249675776
main_campaign_default_alpha_0_5,test4_clientes,CIFAR10,0.5,51,E1L1F1,3.0,1.5,10,5,0.005945,0.007297,0.006817,0.006692613439402693,4.0,4.0,4.0,0,0.7893,325.6249675776
main_campaign_default_alpha_0_5,test4_clientes,CIFAR10,0.5,52,E1L1F1,3.0,1.5,10,5,0.006093,0.007141,0.006601,0.006695828229856452,4.0,4.0,4.0,0,0.8095,325.6249675776
main_campaign_default_alpha_0_5,test4_clientes,CIFAR10,0.5,53,E1L1F1,3.0,1.5,10,5,0.005469,0.007503,0.006549,0.006741403515399316,3.0,4.0,3.8493844718012533,0,0.8116,313.363923456
main_campaign_default_alpha_0_5,test4_clientes,CIFAR10,0.5,54,E1L1F1,3.0,1.5,10,5,0.005691,0.00727,0.006722,0.006738027287676104,3.0,4.0,3.8895826852139903,0,0.8071,316.6363089408
main_campaign_default_alpha_0_5,test4_clientes,CIFAR10,0.5,55,E1L1F1,3.0,1.5,10,5,0.005976,0.006963,0.006921,0.0068958431847473455,4.0,4.0,4.0,0,0.8109,325.6249675776
main_campaign_default_alpha_0_5,test4_clientes,CIFAR10,0.5,56,E1L1F1,3.0,1.5,10,5,0.005701,0.00711,0.006629,0.006779097326844877,3.0,4.0,3.9144945892496055,0,0.8021,318.6713745408
main_campaign_default_alpha_0_5,test4_clientes,CIFAR10,0.5,57,E1L1F1,3.0,1.5,10,5,0.005667,0.007342,0.006389,0.006838592538275227,3.0,4.0,3.920205319645357,0,0.7867,319.1362739712
main_campaign_default_alpha_0_5,test4_clientes,CIFAR10,0.5,58,E1L1F1,3.0,1.5,10,5,0.006494,0.007371,0.006895,0.006943313986045065,4.0,4.0,4.0,0,0.8185,325.6249675776
main_campaign_default_alpha_0_5,test4_clientes,CIFAR10,0.5,59,E1L1F1,3.0,1.5,10,5,0.005432,0.007025,0.006573,0.00659287320845277,3.0,4.0,3.922116303357554,0,0.8029,319.2918434304
main_campaign_default_alpha_0_5,test4_clientes,CIFAR10,0.5,60,E1L1F1,3.0,1.5,10,5,0.006139,0.00723,0.006886,0.0067667099906670814,4.0,4.0,4.0,0,0.8069,325.6249675776
main_campaign_default_alpha_0_5,test4_clientes,CIFAR10,0.5,61,E1L1F1,3.0,1.5,10,5,0.006339,0.00731,0.006742,0.006857802253233188,4.0,4.0,4.0,0,0.8124,325.6249675776
main_campaign_default_alpha_0_5,test4_clientes,CIFAR10,0.5,62,E1L1F1,3.0,1.5,10,5,0.006204,0.00771,0.006602,0.006839965823741167,4.0,4.0,4.0,0,0.8081,325.6249675776
main_campaign_default_alpha_0_5,test4_clientes,CIFAR10,0.5,63,E1L1F1,3.0,1.5,10,5,0.006524,0.007899,0.006698,0.006935893026976578,4.0,4.0,4.0,0,0.8122,325.6249675776
main_campaign_default_alpha_0_5,test4_clientes,CIFAR10,0.5,64,E1L1F1,3.0,1.5,10,5,0.006409,0.00679,0.006587,0.006568746389049376,4.0,4.0,4.0,0,0.7937,325.6249675776
main_campaign_default_alpha_0_5,test4_clientes,CIFAR10,0.5,65,E1L1F1,3.0,1.5,10,5,0.006433,0.006992,0.006797,0.0067565533754055385,4.0,4.0,4.0,0,0.8092,325.6249675776
main_campaign_default_alpha_0_5,test4_clientes,CIFAR10,0.5,66,E1L1F1,3.0,1.5,10,5,0.006522,0.007579,0.006984,0.007152939091595929,4.0,4.0,4.0,0,0.8195,325.6249675776
main_campaign_default_alpha_0_5,test4_clientes,CIFAR10,0.5,67,E1L1F1,3.0,1.5,10,5,0.006372,0.006888,0.006595,0.006659661326163282,4.0,4.0,4.0,0,0.7887,325.6249675776
main_campaign_default_alpha_0_5,test4_clientes,CIFAR10,0.5,68,E1L1F1,3.0,1.5,10,5,0.006006,0.007322,0.006315,0.006512572996755699,4.0,4.0,4.0,0,0.7769,325.6249675776
main_campaign_default_alpha_0_5,test4_clientes,CIFAR10,0.5,69,E1L1F1,3.0,1.5,10,5,0.00612,0.008109,0.006909,0.007083418705419638,4.0,5.0,4.289691798324556,0,0.8041,349.2154480128
main_campaign_default_alpha_0_5,test4_clientes,CIFAR10,0.5,70,E1L1F1,3.0,1.5,10,5,0.00559,0.006654,0.006267,0.006305999844451357,3.0,4.0,3.833029643126972,0,0.7785,312.0325383168
main_campaign_default_alpha_0_5,test4_clientes,CIFAR10,0.5,71,E1L1F1,3.0,1.5,10,5,0.006217,0.007643,0.006772,0.006961044798008978,4.0,4.0,4.0,0,0.7984,325.6249675776
main_campaign_default_alpha_0_5,test5_ablacao,CIFAR10,0.01,42,E0L0F0,3.0,1.5,10,5,0.01,0.01,0.01,0.01,1.0,1.0,1.0,0,0.5868,81.4044329472
main_campaign_default_alpha_0_5,test5_ablacao,CIFAR10,0.01,43,E0L0F0,3.0,1.5,10,5,0.01,0.01,0.01,0.01,1.0,1.0,1.0,0,0.3737,81.4044329472
main_campaign_default_alpha_0_5,test5_ablacao,CIFAR10,0.01,44,E0L0F0,3.0,1.5,10,5,0.01,0.01,0.01,0.01,1.0,1.0,1.0,0,0.528,81.4080508416
main_campaign_default_alpha_0_5,test5_ablacao,CIFAR10,0.01,45,E0L0F0,3.0,1.5,10,5,0.01,0.01,0.01,0.01,1.0,1.0,1.0,0,0.5232,81.4062418944
main_campaign_default_alpha_0_5,test5_ablacao,CIFAR10,0.01,46,E0L0F0,3.0,1.5,10,5,0.01,0.01,0.01,0.01,1.0,1.0,1.0,1,0.4826,81.402624
main_campaign_default_alpha_0_5,test5_ablacao,CIFAR10,0.01,47,E0L0F0,3.0,1.5,10,5,0.01,0.01,0.01,0.01,1.0,1.0,1.0,0,0.4247,81.4080508416
main_campaign_default_alpha_0_5,test5_ablacao,CIFAR10,0.01,48,E0L0F0,3.0,1.5,10,5,0.01,0.01,0.01,0.01,1.0,1.0,1.0,1,0.4878,81.4044329472
main_campaign_default_alpha_0_5,test5_ablacao,CIFAR10,0.01,49,E0L0F0,3.0,1.5,10,5,0.01,0.01,0.01,0.01,1.0,1.0,1.0,0,0.4954,81.4080508416
main_campaign_default_alpha_0_5,test5_ablacao,CIFAR10,0.01,50,E0L0F0,3.0,1.5,10,5,0.01,0.01,0.01,0.01,1.0,1.0,1.0,0,0.5911,81.4062418944
main_campaign_default_alpha_0_5,test5_ablacao,CIFAR10,0.01,51,E0L0F0,3.0,1.5,10,5,0.01,0.01,0.01,0.01,1.0,1.0,1.0,1,0.4656,81.4044329472
main_campaign_default_alpha_0_5,test5_ablacao,CIFAR10,0.01,52,E0L0F0,3.0,1.5,10,5,0.01,0.01,0.01,0.01,1.0,1.0,1.0,1,0.5183,81.4044329472
main_campaign_default_alpha_0_5,test5_ablacao,CIFAR10,0.01,53,E0L0F0,3.0,1.5,10,5,0.01,0.01,0.01,0.01,1.0,1.0,1.0,0,0.5144,81.4062418944
main_campaign_default_alpha_0_5,test5_ablacao,CIFAR10,0.01,54,E0L0F0,3.0,1.5,10,5,0.01,0.01,0.01,0.01,1.0,1.0,1.0,0,0.465,81.4062418944
main_campaign_default_alpha_0_5,test5_ablacao,CIFAR10,0.01,55,E0L0F0,3.0,1.5,10,5,0.01,0.01,0.01,0.01,1.0,1.0,1.0,0,0.5565,81.4044329472
main_campaign_default_alpha_0_5,test5_ablacao,CIFAR10,0.01,56,E0L0F0,3.0,1.5,10,5,0.01,0.01,0.01,0.01,1.0,1.0,1.0,0,0.508,81.4080508416
main_campaign_default_alpha_0_5,test5_ablacao,CIFAR10,0.01,57,E0L0F0,3.0,1.5,10,5,0.01,0.01,0.01,0.01,1.0,1.0,1.0,1,0.4946,81.4044329472
main_campaign_default_alpha_0_5,test5_ablacao,CIFAR10,0.01,58,E0L0F0,3.0,1.5,10,5,0.01,0.01,0.01,0.01,1.0,1.0,1.0,0,0.4423,81.4062418944
main_campaign_default_alpha_0_5,test5_ablacao,CIFAR10,0.01,59,E0L0F0,3.0,1.5,10,5,0.01,0.01,0.01,0.01,1.0,1.0,1.0,0,0.5557,81.4080508416
main_campaign_default_alpha_0_5,test5_ablacao,CIFAR10,0.01,60,E0L0F0,3.0,1.5,10,5,0.01,0.01,0.01,0.01,1.0,1.0,1.0,0,0.4816,81.4062418944
main_campaign_default_alpha_0_5,test5_ablacao,CIFAR10,0.01,61,E0L0F0,3.0,1.5,10,5,0.01,0.01,0.01,0.01,1.0,1.0,1.0,0,0.4675,81.4080508416
main_campaign_default_alpha_0_5,test5_ablacao,CIFAR10,0.01,62,E0L0F0,3.0,1.5,10,5,0.01,0.01,0.01,0.01,1.0,1.0,1.0,0,0.4622,81.4062418944
main_campaign_default_alpha_0_5,test5_ablacao,CIFAR10,0.01,63,E0L0F0,3.0,1.5,10,5,0.01,0.01,0.01,0.01,1.0,1.0,1.0,0,0.4512,81.4062418944
main_campaign_default_alpha_0_5,test5_ablacao,CIFAR10,0.01,64,E0L0F0,3.0,1.5,10,5,0.01,0.01,0.01,0.01,1.0,1.0,1.0,0,0.4104,81.4062418944
main_campaign_default_alpha_0_5,test5_ablacao,CIFAR10,0.01,65,E0L0F0,3.0,1.5,10,5,0.01,0.01,0.01,0.01,1.0,1.0,1.0,0,0.5429,81.4062418944
main_campaign_default_alpha_0_5,test5_ablacao,CIFAR10,0.01,66,E0L0F0,3.0,1.5,10,5,0.01,0.01,0.01,0.01,1.0,1.0,1.0,0,0.5593,81.4080508416
main_campaign_default_alpha_0_5,test5_ablacao,CIFAR10,0.01,67,E0L0F0,3.0,1.5,10,5,0.01,0.01,0.01,0.01,1.0,1.0,1.0,0,0.5217,81.4080508416
main_campaign_default_alpha_0_5,test5_ablacao,CIFAR10,0.01,68,E0L0F0,3.0,1.5,10,5,0.01,0.01,0.01,0.01,1.0,1.0,1.0,0,0.3876,81.4062418944
main_campaign_default_alpha_0_5,test5_ablacao,CIFAR10,0.01,69,E0L0F0,3.0,1.5,10,5,0.01,0.01,0.01,0.01,1.0,1.0,1.0,0,0.5279,81.4044329472
main_campaign_default_alpha_0_5,test5_ablacao,CIFAR10,0.01,70,E0L0F0,3.0,1.5,10,5,0.01,0.01,0.01,0.01,1.0,1.0,1.0,0,0.3771,81.4044329472
main_campaign_default_alpha_0_5,test5_ablacao,CIFAR10,0.01,71,E0L0F0,3.0,1.5,10,5,0.01,0.01,0.01,0.01,1.0,1.0,1.0,0,0.4399,81.4062418944
main_campaign_default_alpha_0_5,test5_ablacao,CIFAR10,0.01,42,E0L0F1,3.0,1.5,10,5,0.01,0.01,0.01,0.01,1.0,1.0,1.0,0,0.572,81.4044329472
main_campaign_default_alpha_0_5,test5_ablacao,CIFAR10,0.01,43,E0L0F1,3.0,1.5,10,5,0.01,0.01,0.01,0.01,1.0,1.0,1.0,0,0.4647,81.4044329472
main_campaign_default_alpha_0_5,test5_ablacao,CIFAR10,0.01,44,E0L0F1,3.0,1.5,10,5,0.01,0.01,0.01,0.01,1.0,1.0,1.0,0,0.5404,81.4080508416
main_campaign_default_alpha_0_5,test5_ablacao,CIFAR10,0.01,45,E0L0F1,3.0,1.5,10,5,0.01,0.01,0.01,0.01,1.0,1.0,1.0,0,0.5238,81.4062418944
main_campaign_default_alpha_0_5,test5_ablacao,CIFAR10,0.01,46,E0L0F1,3.0,1.5,10,5,0.01,0.01,0.01,0.01,1.0,1.0,1.0,1,0.55,81.402624
main_campaign_default_alpha_0_5,test5_ablacao,CIFAR10,0.01,47,E0L0F1,3.0,1.5,10,5,0.01,0.01,0.01,0.01,1.0,1.0,1.0,0,0.5247,81.4080508416
main_campaign_default_alpha_0_5,test5_ablacao,CIFAR10,0.01,48,E0L0F1,3.0,1.5,10,5,0.01,0.01,0.01,0.01,1.0,1.0,1.0,1,0.4822,81.4044329472
main_campaign_default_alpha_0_5,test5_ablacao,CIFAR10,0.01,49,E0L0F1,3.0,1.5,10,5,0.01,0.01,0.01,0.01,1.0,1.0,1.0,0,0.5163,81.4080508416
main_campaign_default_alpha_0_5,test5_ablacao,CIFAR10,0.01,50,E0L0F1,3.0,1.5,10,5,0.01,0.01,0.01,0.01,1.0,1.0,1.0,0,0.5726,81.4062418944
main_campaign_default_alpha_0_5,test5_ablacao,CIFAR10,0.01,51,E0L0F1,3.0,1.5,10,5,0.01,0.01,0.01,0.01,1.0,1.0,1.0,1,0.5278,81.4044329472
main_campaign_default_alpha_0_5,test5_ablacao,CIFAR10,0.01,52,E0L0F1,3.0,1.5,10,5,0.01,0.01,0.01,0.01,1.0,1.0,1.0,1,0.5104,81.4044329472
main_campaign_default_alpha_0_5,test5_ablacao,CIFAR10,0.01,53,E0L0F1,3.0,1.5,10,5,0.01,0.01,0.01,0.01,1.0,1.0,1.0,0,0.558,81.4062418944
main_campaign_default_alpha_0_5,test5_ablacao,CIFAR10,0.01,54,E0L0F1,3.0,1.5,10,5,0.01,0.01,0.01,0.01,1.0,1.0,1.0,0,0.4953,81.4062418944
main_campaign_default_alpha_0_5,test5_ablacao,CIFAR10,0.01,55,E0L0F1,3.0,1.5,10,5,0.01,0.01,0.01,0.01,1.0,1.0,1.0,0,0.5867,81.4044329472
main_campaign_default_alpha_0_5,test5_ablacao,CIFAR10,0.01,56,E0L0F1,3.0,1.5,10,5,0.01,0.01,0.01,0.01,1.0,1.0,1.0,0,0.4869,81.4080508416
main_campaign_default_alpha_0_5,test5_ablacao,CIFAR10,0.01,57,E0L0F1,3.0,1.5,10,5,0.01,0.01,0.01,0.01,1.0,1.0,1.0,1,0.4775,81.4044329472
main_campaign_default_alpha_0_5,test5_ablacao,CIFAR10,0.01,58,E0L0F1,3.0,1.5,10,5,0.01,0.01,0.01,0.01,1.0,1.0,1.0,0,0.4247,81.4062418944
main_campaign_default_alpha_0_5,test5_ablacao,CIFAR10,0.01,59,E0L0F1,3.0,1.5,10,5,0.01,0.01,0.01,0.01,1.0,1.0,1.0,0,0.5143,81.4080508416
main_campaign_default_alpha_0_5,test5_ablacao,CIFAR10,0.01,60,E0L0F1,3.0,1.5,10,5,0.01,0.01,0.01,0.01,1.0,1.0,1.0,0,0.355,81.4062418944
main_campaign_default_alpha_0_5,test5_ablacao,CIFAR10,0.01,61,E0L0F1,3.0,1.5,10,5,0.01,0.01,0.01,0.01,1.0,1.0,1.0,0,0.5192,81.4080508416
main_campaign_default_alpha_0_5,test5_ablacao,CIFAR10,0.01,62,E0L0F1,3.0,1.5,10,5,0.01,0.01,0.01,0.01,1.0,1.0,1.0,0,0.4691,81.4062418944
main_campaign_default_alpha_0_5,test5_ablacao,CIFAR10,0.01,63,E0L0F1,3.0,1.5,10,5,0.01,0.01,0.01,0.01,1.0,1.0,1.0,0,0.515,81.4062418944
main_campaign_default_alpha_0_5,test5_ablacao,CIFAR10,0.01,64,E0L0F1,3.0,1.5,10,5,0.01,0.01,0.01,0.01,1.0,1.0,1.0,0,0.4334,81.4062418944
main_campaign_default_alpha_0_5,test5_ablacao,CIFAR10,0.01,65,E0L0F1,3.0,1.5,10,5,0.01,0.01,0.01,0.01,1.0,1.0,1.0,0,0.5504,81.4062418944
main_campaign_default_alpha_0_5,test5_ablacao,CIFAR10,0.01,66,E0L0F1,3.0,1.5,10,5,0.01,0.01,0.01,0.01,1.0,1.0,1.0,0,0.5432,81.4080508416
main_campaign_default_alpha_0_5,test5_ablacao,CIFAR10,0.01,67,E0L0F1,3.0,1.5,10,5,0.01,0.01,0.01,0.01,1.0,1.0,1.0,0,0.5187,81.4080508416
main_campaign_default_alpha_0_5,test5_ablacao,CIFAR10,0.01,68,E0L0F1,3.0,1.5,10,5,0.01,0.01,0.01,0.01,1.0,1.0,1.0,0,0.3885,81.4062418944
main_campaign_default_alpha_0_5,test5_ablacao,CIFAR10,0.01,69,E0L0F1,3.0,1.5,10,5,0.01,0.01,0.01,0.01,1.0,1.0,1.0,0,0.5351,81.4044329472
main_campaign_default_alpha_0_5,test5_ablacao,CIFAR10,0.01,70,E0L0F1,3.0,1.5,10,5,0.01,0.01,0.01,0.01,1.0,1.0,1.0,0,0.3665,81.4044329472
main_campaign_default_alpha_0_5,test5_ablacao,CIFAR10,0.01,71,E0L0F1,3.0,1.5,10,5,0.01,0.01,0.01,0.01,1.0,1.0,1.0,0,0.4439,81.4062418944
main_campaign_default_alpha_0_5,test5_ablacao,CIFAR10,0.01,42,E0L1F0,3.0,1.5,10,5,0.004001,0.005931,0.005061,0.005426528343814583,1.0,1.0,1.0,0,0.6043,81.4044329472
main_campaign_default_alpha_0_5,test5_ablacao,CIFAR10,0.01,43,E0L1F0,3.0,1.5,10,5,0.004002,0.006179,0.005004,0.005316269105130998,1.0,1.0,1.0,0,0.3729,81.4044329472
main_campaign_default_alpha_0_5,test5_ablacao,CIFAR10,0.01,44,E0L1F0,3.0,1.5,10,5,0.004,0.006074,0.0052,0.005484446103593094,1.0,1.0,1.0,0,0.5302,81.4080508416
main_campaign_default_alpha_0_5,test5_ablacao,CIFAR10,0.01,45,E0L1F0,3.0,1.5,10,5,0.004,0.005872,0.005,0.0053017574552242114,1.0,1.0,1.0,0,0.5206,81.4062418944
main_campaign_default_alpha_0_5,test5_ablacao,CIFAR10,0.01,46,E0L1F0,3.0,1.5,10,5,0.004,0.006667,0.0048354999999999995,0.005834585044444444,1.0,1.0,1.0,1,0.5528,81.402624
main_campaign_default_alpha_0_5,test5_ablacao,CIFAR10,0.01,47,E0L1F0,3.0,1.5,10,5,0.004127,0.006204,0.004997,0.005346866053374219,1.0,1.0,1.0,0,0.5075,81.4080508416
main_campaign_default_alpha_0_5,test5_ablacao,CIFAR10,0.01,48,E0L1F0,3.0,1.5,10,5,0.005001,0.005709,0.0053355,0.005416497966711851,1.0,1.0,1.0,1,0.491,81.4044329472
main_campaign_default_alpha_0_5,test5_ablacao,CIFAR10,0.01,49,E0L1F0,3.0,1.5,10,5,0.004246,0.005945,0.005,0.005361977645934716,1.0,1.0,1.0,0,0.5103,81.4080508416
main_campaign_default_alpha_0_5,test5_ablacao,CIFAR10,0.01,50,E0L1F0,3.0,1.5,10,5,0.004001,0.006843,0.004003,0.005759730767521444,1.0,1.0,1.0,0,0.5799,81.4062418944
main_campaign_default_alpha_0_5,test5_ablacao,CIFAR10,0.01,51,E0L1F0,3.0,1.5,10,5,0.004001,0.006202,0.005339,0.005584555387658051,1.0,1.0,1.0,1,0.5284,81.4044329472
main_campaign_default_alpha_0_5,test5_ablacao,CIFAR10,0.01,52,E0L1F0,3.0,1.5,10,5,0.004009,0.006202,0.0054915,0.005738714450789982,1.0,1.0,1.0,1,0.5407,81.4044329472
main_campaign_default_alpha_0_5,test5_ablacao,CIFAR10,0.01,53,E0L1F0,3.0,1.5,10,5,0.004,0.00575,0.005666,0.005529706257499666,1.0,1.0,1.0,0,0.5709,81.4062418944
main_campaign_default_alpha_0_5,test5_ablacao,CIFAR10,0.01,54,E0L1F0,3.0,1.5,10,5,0.004001,0.006045,0.005001,0.005513622683436292,1.0,1.0,1.0,0,0.477,81.4062418944
main_campaign_default_alpha_0_5,test5_ablacao,CIFAR10,0.01,55,E0L1F0,3.0,1.5,10,5,0.004,0.00638,0.004012,0.005830831203751028,1.0,1.0,1.0,0,0.58,81.4044329472
main_campaign_default_alpha_0_5,test5_ablacao,CIFAR10,0.01,56,E0L1F0,3.0,1.5,10,5,0.004222,0.00567,0.005007,0.005170631757882808,1.0,1.0,1.0,0,0.4926,81.4080508416
main_campaign_default_alpha_0_5,test5_ablacao,CIFAR10,0.01,57,E0L1F0,3.0,1.5,10,5,0.005,0.006202,0.0050185,0.005485419101797738,1.0,1.0,1.0,1,0.5324,81.4044329472
main_campaign_default_alpha_0_5,test5_ablacao,CIFAR10,0.01,58,E0L1F0,3.0,1.5,10,5,0.004001,0.00567,0.005002,0.005167839251588818,1.0,1.0,1.0,0,0.4851,81.4062418944
main_campaign_default_alpha_0_5,test5_ablacao,CIFAR10,0.01,59,E0L1F0,3.0,1.5,10,5,0.004004,0.006202,0.005066,0.005579855876274915,1.0,1.0,1.0,0,0.5353,81.4080508416
main_campaign_default_alpha_0_5,test5_ablacao,CIFAR10,0.01,60,E0L1F0,3.0,1.5,10,5,0.004,0.006201,0.005,0.005292016110395094,1.0,1.0,1.0,0,0.476,81.4062418944
main_campaign_default_alpha_0_5,test5_ablacao,CIFAR10,0.01,61,E0L1F0,3.0,1.5,10,5,0.004111,0.006202,0.00501,0.005489143123791746,1.0,1.0,1.0,0,0.5075,81.4080508416
main_campaign_default_alpha_0_5,test5_ablacao,CIFAR10,0.01,62,E0L1F0,3.0,1.5,10,5,0.004001,0.006282,0.005,0.005615704413137195,1.0,1.0,1.0,0,0.5023,81.4062418944
main_campaign_default_alpha_0_5,test5_ablacao,CIFAR10,0.01,63,E0L1F0,3.0,1.5,10,5,0.004001,0.00593,0.005001,0.0052949596017954756,1.0,1.0,1.0,0,0.5198,81.4062418944
main_campaign_default_alpha_0_5,test5_ablacao,CIFAR10,0.01,64,E0L1F0,3.0,1.5,10,5,0.004001,0.00567,0.005001,0.005101784498466735,1.0,1.0,1.0,0,0.4287,81.4062418944
main_campaign_default_alpha_0_5,test5_ablacao,CIFAR10,0.01,65,E0L1F0,3.0,1.5,10,5,0.004,0.006173,0.005342,0.005437091240389315,1.0,1.0,1.0,0,0.5383,81.4062418944
main_campaign_default_alpha_0_5,test5_ablacao,CIFAR10,0.01,66,E0L1F0,3.0,1.5,10,5,0.004382,0.006202,0.00533,0.005629750949936671,1.0,1.0,1.0,0,0.568,81.4080508416
main_campaign_default_alpha_0_5,test5_ablacao,CIFAR10,0.01,67,E0L1F0,3.0,1.5,10,5,0.004,0.006667,0.004017,0.005533816256693998,1.0,1.0,1.0,0,0.4753,81.4080508416
main_campaign_default_alpha_0_5,test5_ablacao,CIFAR10,0.01,68,E0L1F0,3.0,1.5,10,5,0.004001,0.00567,0.005001,0.005101510421759033,1.0,1.0,1.0,0,0.4796,81.4062418944
main_campaign_default_alpha_0_5,test5_ablacao,CIFAR10,0.01,69,E0L1F0,3.0,1.5,10,5,0.004,0.006427,0.004983,0.005767704184351459,1.0,1.0,1.0,0,0.5844,81.4044329472
main_campaign_default_alpha_0_5,test5_ablacao,CIFAR10,0.01,70,E0L1F0,3.0,1.5,10,5,0.004001,0.00574,0.005,0.005127605564320793,1.0,1.0,1.0,0,0.3496,81.4044329472
main_campaign_default_alpha_0_5,test5_ablacao,CIFAR10,0.01,71,E0L1F0,3.0,1.5,10,5,0.004002,0.00621,0.004222,0.0053942085240655975,1.0,1.0,1.0,0,0.4795,81.4062418944
main_campaign_default_alpha_0_5,test5_ablacao,CIFAR10,0.01,42,E0L1F1,3.0,1.5,10,5,0.004001,0.005931,0.005061,0.005426528343814583,1.0,1.0,1.0,0,0.6106,81.4044329472
main_campaign_default_alpha_0_5,test5_ablacao,CIFAR10,0.01,43,E0L1F1,3.0,1.5,10,5,0.004002,0.006179,0.005004,0.005316269105130998,1.0,1.0,1.0,0,0.4996,81.4044329472
main_campaign_default_alpha_0_5,test5_ablacao,CIFAR10,0.01,44,E0L1F1,3.0,1.5,10,5,0.004,0.006074,0.0052,0.005484446103593094,1.0,1.0,1.0,0,0.5489,81.4080508416
main_campaign_default_alpha_0_5,test5_ablacao,CIFAR10,0.01,45,E0L1F1,3.0,1.5,10,5,0.004,0.005872,0.005,0.0053017574552242114,1.0,1.0,1.0,0,0.541,81.4062418944
main_campaign_default_alpha_0_5,test5_ablacao,CIFAR10,0.01,46,E0L1F1,3.0,1.5,10,5,0.004,0.006667,0.0048354999999999995,0.005834585044444444,1.0,1.0,1.0,1,0.5183,81.402624
main_campaign_default_alpha_0_5,test5_ablacao,CIFAR10,0.01,47,E0L1F1,3.0,1.5,10,5,0.004127,0.006204,0.004997,0.005346866053374219,1.0,1.0,1.0,0,0.5273,81.4080508416
main_campaign_default_alpha_0_5,test5_ablacao,CIFAR10,0.01,48,E0L1F1,3.0,1.5,10,5,0.005001,0.005709,0.0053355,0.005416497966711851,1.0,1.0,1.0,1,0.5128,81.4044329472
main_campaign_default_alpha_0_5,test5_ablacao,CIFAR10,0.01,49,E0L1F1,3.0,1.5,10,5,0.004246,0.005945,0.005,0.005361977645934716,1.0,1.0,1.0,0,0.5276,81.4080508416
main_campaign_default_alpha_0_5,test5_ablacao,CIFAR10,0.01,50,E0L1F1,3.0,1.5,10,5,0.004001,0.006843,0.004003,0.005759730767521444,1.0,1.0,1.0,0,0.5422,81.4062418944
main_campaign_default_alpha_0_5,test5_ablacao,CIFAR10,0.01,51,E0L1F1,3.0,1.5,10,5,0.004001,0.006202,0.005339,0.005584555387658051,1.0,1.0,1.0,1,0.5497,81.4044329472
main_campaign_default_alpha_0_5,test5_ablacao,CIFAR10,0.01,52,E0L1F1,3.0,1.5,10,5,0.004009,0.006202,0.0054915,0.005738714450789982,1.0,1.0,1.0,1,0.5382,81.4044329472
main_campaign_default_alpha_0_5,test5_ablacao,CIFAR10,0.01,53,E0L1F1,3.0,1.5,10,5,0.004,0.00575,0.005666,0.005529706257499666,1.0,1.0,1.0,0,0.5532,81.4062418944
main_campaign_default_alpha_0_5,test5_ablacao,CIFAR10,0.01,54,E0L1F1,3.0,1.5,10,5,0.004001,0.006045,0.005001,0.005513622683436292,1.0,1.0,1.0,0,0.5197,81.4062418944
main_campaign_default_alpha_0_5,test5_ablacao,CIFAR10,0.01,55,E0L1F1,3.0,1.5,10,5,0.004,0.00638,0.004012,0.005830831203751028,1.0,1.0,1.0,0,0.581,81.4044329472
main_campaign_default_alpha_0_5,test5_ablacao,CIFAR10,0.01,56,E0L1F1,3.0,1.5,10,5,0.004222,0.00567,0.005007,0.005170631757882808,1.0,1.0,1.0,0,0.5395,81.4080508416
main_campaign_default_alpha_0_5,test5_ablacao,CIFAR10,0.01,57,E0L1F1,3.0,1.5,10,5,0.005,0.006202,0.0050185,0.005485419101797738,1.0,1.0,1.0,1,0.5521,81.4044329472
main_campaign_default_alpha_0_5,test5_ablacao,CIFAR10,0.01,58,E0L1F1,3.0,1.5,10,5,0.004001,0.00567,0.005002,0.005167839251588818,1.0,1.0,1.0,0,0.4699,81.4062418944
main_campaign_default_alpha_0_5,test5_ablacao,CIFAR10,0.01,59,E0L1F1,3.0,1.5,10,5,0.004004,0.006202,0.005066,0.005579855876274915,1.0,1.0,1.0,0,0.54,81.4080508416
main_campaign_default_alpha_0_5,test5_ablacao,CIFAR10,0.01,60,E0L1F1,3.0,1.5,10,5,0.004,0.006201,0.005,0.005292016110395094,1.0,1.0,1.0,0,0.4668,81.4062418944
main_campaign_default_alpha_0_5,test5_ablacao,CIFAR10,0.01,61,E0L1F1,3.0,1.5,10,5,0.004111,0.006202,0.00501,0.005489143123791746,1.0,1.0,1.0,0,0.5405,81.4080508416
main_campaign_default_alpha_0_5,test5_ablacao,CIFAR10,0.01,62,E0L1F1,3.0,1.5,10,5,0.004001,0.006282,0.005,0.005615704413137195,1.0,1.0,1.0,0,0.5127,81.4062418944
main_campaign_default_alpha_0_5,test5_ablacao,CIFAR10,0.01,63,E0L1F1,3.0,1.5,10,5,0.004001,0.00593,0.005001,0.0052949596017954756,1.0,1.0,1.0,0,0.5453,81.4062418944
main_campaign_default_alpha_0_5,test5_ablacao,CIFAR10,0.01,64,E0L1F1,3.0,1.5,10,5,0.004001,0.00567,0.005001,0.005101784498466735,1.0,1.0,1.0,0,0.4416,81.4062418944
main_campaign_default_alpha_0_5,test5_ablacao,CIFAR10,0.01,65,E0L1F1,3.0,1.5,10,5,0.004,0.006173,0.005342,0.005437091240389315,1.0,1.0,1.0,0,0.5432,81.4062418944
main_campaign_default_alpha_0_5,test5_ablacao,CIFAR10,0.01,66,E0L1F1,3.0,1.5,10,5,0.004382,0.006202,0.00533,0.005629750949936671,1.0,1.0,1.0,0,0.6097,81.4080508416
main_campaign_default_alpha_0_5,test5_ablacao,CIFAR10,0.01,67,E0L1F1,3.0,1.5,10,5,0.004,0.006667,0.004017,0.005533816256693998,1.0,1.0,1.0,0,0.5038,81.4080508416
main_campaign_default_alpha_0_5,test5_ablacao,CIFAR10,0.01,68,E0L1F1,3.0,1.5,10,5,0.004001,0.00567,0.005001,0.005101510421759033,1.0,1.0,1.0,0,0.396,81.4062418944
main_campaign_default_alpha_0_5,test5_ablacao,CIFAR10,0.01,69,E0L1F1,3.0,1.5,10,5,0.004,0.006427,0.004983,0.005767704184351459,1.0,1.0,1.0,0,0.5668,81.4044329472
main_campaign_default_alpha_0_5,test5_ablacao,CIFAR10,0.01,70,E0L1F1,3.0,1.5,10,5,0.004001,0.00574,0.005,0.005127605564320793,1.0,1.0,1.0,0,0.3987,81.4044329472
main_campaign_default_alpha_0_5,test5_ablacao,CIFAR10,0.01,71,E0L1F1,3.0,1.5,10,5,0.004002,0.00621,0.004222,0.0053942085240655975,1.0,1.0,1.0,0,0.4886,81.4062418944
main_campaign_default_alpha_0_5,test5_ablacao,CIFAR10,0.01,42,E1L0F0,3.0,1.5,10,5,0.01,0.01,0.01,0.01,2.0,4.0,3.278149374458345,0,0.6298,266.855890944
main_campaign_default_alpha_0_5,test5_ablacao,CIFAR10,0.01,43,E1L0F0,3.0,1.5,10,5,0.01,0.01,0.01,0.01,2.0,4.0,3.175573876136086,0,0.4657,258.5057906688
main_campaign_default_alpha_0_5,test5_ablacao,CIFAR10,0.01,44,E1L0F0,3.0,1.5,10,5,0.01,0.01,0.01,0.01,2.0,4.0,3.2946470235317644,0,0.5842,268.2107923968
main_campaign_default_alpha_0_5,test5_ablacao,CIFAR10,0.01,45,E1L0F0,3.0,1.5,10,5,0.01,0.01,0.01,0.01,2.0,4.0,3.1339718234745124,0,0.5677,255.124868352
main_campaign_default_alpha_0_5,test5_ablacao,CIFAR10,0.01,46,E1L0F0,3.0,1.5,10,5,0.01,0.01,0.01,0.01,2.0,4.0,3.3,1,0.5893,268.6286592
main_campaign_default_alpha_0_5,test5_ablacao,CIFAR10,0.01,47,E1L0F0,3.0,1.5,10,5,0.01,0.01,0.01,0.01,2.0,4.0,3.295024776126036,0,0.5571,268.2415444992
main_campaign_default_alpha_0_5,test5_ablacao,CIFAR10,0.01,48,E1L0F0,3.0,1.5,10,5,0.01,0.01,0.01,0.01,3.0,3.0,3.0,1,0.5407,244.2132988416
main_campaign_default_alpha_0_5,test5_ablacao,CIFAR10,0.01,49,E1L0F0,3.0,1.5,10,5,0.01,0.01,0.01,0.01,2.0,4.0,3.1294580361309245,0,0.5416,254.763078912
main_campaign_default_alpha_0_5,test5_ablacao,CIFAR10,0.01,50,E1L0F0,3.0,1.5,10,5,0.01,0.01,0.01,0.01,2.0,4.0,3.218434736233945,0,0.6278,262.0006766592
main_campaign_default_alpha_0_5,test5_ablacao,CIFAR10,0.01,51,E1L0F0,3.0,1.5,10,5,0.01,0.01,0.01,0.01,2.0,4.0,3.2999711117530723,1,0.535,268.6322770944
main_campaign_default_alpha_0_5,test5_ablacao,CIFAR10,0.01,52,E1L0F0,3.0,1.5,10,5,0.01,0.01,0.01,0.01,2.0,4.0,3.64480789315793,1,0.5563,296.703519744
main_campaign_default_alpha_0_5,test5_ablacao,CIFAR10,0.01,53,E1L0F0,3.0,1.5,10,5,0.01,0.01,0.01,0.01,2.0,4.0,3.1939691569263586,0,0.5483,260.009025792
main_campaign_default_alpha_0_5,test5_ablacao,CIFAR10,0.01,54,E1L0F0,3.0,1.5,10,5,0.01,0.01,0.01,0.01,2.0,4.0,3.4972001244389137,0,0.504,284.6939192832
main_campaign_default_alpha_0_5,test5_ablacao,CIFAR10,0.01,55,E1L0F0,3.0,1.5,10,5,0.01,0.01,0.01,0.01,2.0,4.0,3.599075576098309,0,0.582,292.9807064064
main_campaign_default_alpha_0_5,test5_ablacao,CIFAR10,0.01,56,E1L0F0,3.0,1.5,10,5,0.01,0.01,0.01,0.01,2.0,3.0,2.9061173699531144,0,0.4779,236.5813506048
main_campaign_default_alpha_0_5,test5_ablacao,CIFAR10,0.01,57,E1L0F0,3.0,1.5,10,5,0.01,0.01,0.01,0.01,3.0,4.0,3.397613386369192,1,0.5529,276.5807910912
main_campaign_default_alpha_0_5,test5_ablacao,CIFAR10,0.01,58,E1L0F0,3.0,1.5,10,5,0.01,0.01,0.01,0.01,2.0,3.0,2.9000044442469224,0,0.4609,236.0784632832
main_campaign_default_alpha_0_5,test5_ablacao,CIFAR10,0.01,59,E1L0F0,3.0,1.5,10,5,0.01,0.01,0.01,0.01,2.0,4.0,3.297691265026776,0,0.5533,268.4586181632
main_campaign_default_alpha_0_5,test5_ablacao,CIFAR10,0.01,60,E1L0F0,3.0,1.5,10,5,0.01,0.01,0.01,0.01,2.0,4.0,3.1937913870494645,0,0.5287,259.9945542144
main_campaign_default_alpha_0_5,test5_ablacao,CIFAR10,0.01,61,E1L0F0,3.0,1.5,10,5,0.01,0.01,0.01,0.01,2.0,4.0,3.394440370641957,0,0.4931,276.334774272
main_campaign_default_alpha_0_5,test5_ablacao,CIFAR10,0.01,62,E1L0F0,3.0,1.5,10,5,0.01,0.01,0.01,0.01,2.0,4.0,3.3062530554197593,0,0.5308,269.1496359936
main_campaign_default_alpha_0_5,test5_ablacao,CIFAR10,0.01,63,E1L0F0,3.0,1.5,10,5,0.01,0.01,0.01,0.01,2.0,4.0,3.207146349051153,0,0.5623,261.0817314816
main_campaign_default_alpha_0_5,test5_ablacao,CIFAR10,0.01,64,E1L0F0,3.0,1.5,10,5,0.01,0.01,0.01,0.01,2.0,3.0,2.9000933291853697,0,0.4942,236.085699072
main_campaign_default_alpha_0_5,test5_ablacao,CIFAR10,0.01,65,E1L0F0,3.0,1.5,10,5,0.01,0.01,0.01,0.01,2.0,4.0,3.1527043242522557,0,0.5711,256.6498108416
main_campaign_default_alpha_0_5,test5_ablacao,CIFAR10,0.01,66,E1L0F0,3.0,1.5,10,5,0.01,0.01,0.01,0.01,2.0,4.0,3.306224029509144,0,0.5606,269.153253888
main_campaign_default_alpha_0_5,test5_ablacao,CIFAR10,0.01,67,E1L0F0,3.0,1.5,10,5,0.01,0.01,0.01,0.01,2.0,4.0,3.1976757105081886,0,0.5137,260.316546816
main_campaign_default_alpha_0_5,test5_ablacao,CIFAR10,0.01,68,E1L0F0,3.0,1.5,10,5,0.01,0.01,0.01,0.01,2.0,3.0,2.9000044442469224,0,0.4457,236.0784632832
main_campaign_default_alpha_0_5,test5_ablacao,CIFAR10,0.01,69,E1L0F0,3.0,1.5,10,5,0.01,0.01,0.01,0.01,2.0,4.0,3.425990533543699,0,0.6109,278.8908166656
main_campaign_default_alpha_0_5,test5_ablacao,CIFAR10,0.01,70,E1L0F0,3.0,1.5,10,5,0.01,0.01,0.01,0.01,2.0,4.0,3.2061509744227905,0,0.3785,260.994902016
main_campaign_default_alpha_0_5,test5_ablacao,CIFAR10,0.01,71,E1L0F0,3.0,1.5,10,5,0.01,0.01,0.01,0.01,2.0,4.0,3.0909737345006887,0,0.4979,251.62455552
main_campaign_default_alpha_0_5,test5_ablacao,CIFAR10,0.01,42,E1L0F1,3.0,1.5,10,5,0.01,0.01,0.01,0.01,2.0,4.0,3.278149374458345,0,0.6415,266.855890944
main_campaign_default_alpha_0_5,test5_ablacao,CIFAR10,0.01,43,E1L0F1,3.0,1.5,10,5,0.01,0.01,0.01,0.01,2.0,4.0,3.175573876136086,0,0.5143,258.5057906688
main_campaign_default_alpha_0_5,test5_ablacao,CIFAR10,0.01,44,E1L0F1,3.0,1.5,10,5,0.01,0.01,0.01,0.01,2.0,4.0,3.2946470235317644,0,0.5646,268.2107923968
main_campaign_default_alpha_0_5,test5_ablacao,CIFAR10,0.01,45,E1L0F1,3.0,1.5,10,5,0.01,0.01,0.01,0.01,2.0,4.0,3.1339718234745124,0,0.5996,255.124868352
main_campaign_default_alpha_0_5,test5_ablacao,CIFAR10,0.01,46,E1L0F1,3.0,1.5,10,5,0.01,0.01,0.01,0.01,2.0,4.0,3.3,1,0.5759,268.6286592
main_campaign_default_alpha_0_5,test5_ablacao,CIFAR10,0.01,47,E1L0F1,3.0,1.5,10,5,0.01,0.01,0.01,0.01,2.0,4.0,3.295024776126036,0,0.5492,268.2415444992
main_campaign_default_alpha_0_5,test5_ablacao,CIFAR10,0.01,48,E1L0F1,3.0,1.5,10,5,0.01,0.01,0.01,0.01,3.0,3.0,3.0,1,0.5494,244.2132988416
main_campaign_default_alpha_0_5,test5_ablacao,CIFAR10,0.01,49,E1L0F1,3.0,1.5,10,5,0.01,0.01,0.01,0.01,2.0,4.0,3.1294580361309245,0,0.515,254.763078912
main_campaign_default_alpha_0_5,test5_ablacao,CIFAR10,0.01,50,E1L0F1,3.0,1.5,10,5,0.01,0.01,0.01,0.01,2.0,4.0,3.218434736233945,0,0.5937,262.0006766592
main_campaign_default_alpha_0_5,test5_ablacao,CIFAR10,0.01,51,E1L0F1,3.0,1.5,10,5,0.01,0.01,0.01,0.01,2.0,4.0,3.2999711117530723,1,0.5558,268.6322770944
main_campaign_default_alpha_0_5,test5_ablacao,CIFAR10,0.01,52,E1L0F1,3.0,1.5,10,5,0.01,0.01,0.01,0.01,2.0,4.0,3.64480789315793,1,0.5545,296.703519744
main_campaign_default_alpha_0_5,test5_ablacao,CIFAR10,0.01,53,E1L0F1,3.0,1.5,10,5,0.01,0.01,0.01,0.01,2.0,4.0,3.1939691569263586,0,0.5968,260.009025792
main_campaign_default_alpha_0_5,test5_ablacao,CIFAR10,0.01,54,E1L0F1,3.0,1.5,10,5,0.01,0.01,0.01,0.01,2.0,4.0,3.4972001244389137,0,0.537,284.6939192832
main_campaign_default_alpha_0_5,test5_ablacao,CIFAR10,0.01,55,E1L0F1,3.0,1.5,10,5,0.01,0.01,0.01,0.01,2.0,4.0,3.599075576098309,0,0.6089,292.9807064064
main_campaign_default_alpha_0_5,test5_ablacao,CIFAR10,0.01,56,E1L0F1,3.0,1.5,10,5,0.01,0.01,0.01,0.01,2.0,3.0,2.9061173699531144,0,0.5711,236.5813506048
main_campaign_default_alpha_0_5,test5_ablacao,CIFAR10,0.01,57,E1L0F1,3.0,1.5,10,5,0.01,0.01,0.01,0.01,3.0,4.0,3.397613386369192,1,0.5089,276.5807910912
main_campaign_default_alpha_0_5,test5_ablacao,CIFAR10,0.01,58,E1L0F1,3.0,1.5,10,5,0.01,0.01,0.01,0.01,2.0,3.0,2.9000044442469224,0,0.5132,236.0784632832
main_campaign_default_alpha_0_5,test5_ablacao,CIFAR10,0.01,59,E1L0F1,3.0,1.5,10,5,0.01,0.01,0.01,0.01,2.0,4.0,3.297691265026776,0,0.5614,268.4586181632
main_campaign_default_alpha_0_5,test5_ablacao,CIFAR10,0.01,60,E1L0F1,3.0,1.5,10,5,0.01,0.01,0.01,0.01,2.0,4.0,3.1937913870494645,0,0.522,259.9945542144
main_campaign_default_alpha_0_5,test5_ablacao,CIFAR10,0.01,61,E1L0F1,3.0,1.5,10,5,0.01,0.01,0.01,0.01,2.0,4.0,3.394440370641957,0,0.5082,276.334774272
main_campaign_default_alpha_0_5,test5_ablacao,CIFAR10,0.01,62,E1L0F1,3.0,1.5,10,5,0.01,0.01,0.01,0.01,2.0,4.0,3.3062530554197593,0,0.5291,269.1496359936
main_campaign_default_alpha_0_5,test5_ablacao,CIFAR10,0.01,63,E1L0F1,3.0,1.5,10,5,0.01,0.01,0.01,0.01,2.0,4.0,3.207146349051153,0,0.5301,261.0817314816
main_campaign_default_alpha_0_5,test5_ablacao,CIFAR10,0.01,64,E1L0F1,3.0,1.5,10,5,0.01,0.01,0.01,0.01,2.0,3.0,2.9000933291853697,0,0.4713,236.085699072
main_campaign_default_alpha_0_5,test5_ablacao,CIFAR10,0.01,65,E1L0F1,3.0,1.5,10,5,0.01,0.01,0.01,0.01,2.0,4.0,3.1527043242522557,0,0.591,256.6498108416
main_campaign_default_alpha_0_5,test5_ablacao,CIFAR10,0.01,66,E1L0F1,3.0,1.5,10,5,0.01,0.01,0.01,0.01,2.0,4.0,3.306224029509144,0,0.6087,269.153253888
main_campaign_default_alpha_0_5,test5_ablacao,CIFAR10,0.01,67,E1L0F1,3.0,1.5,10,5,0.01,0.01,0.01,0.01,2.0,4.0,3.1976757105081886,0,0.5079,260.316546816
main_campaign_default_alpha_0_5,test5_ablacao,CIFAR10,0.01,68,E1L0F1,3.0,1.5,10,5,0.01,0.01,0.01,0.01,2.0,3.0,2.9000044442469224,0,0.4664,236.0784632832
main_campaign_default_alpha_0_5,test5_ablacao,CIFAR10,0.01,69,E1L0F1,3.0,1.5,10,5,0.01,0.01,0.01,0.01,2.0,4.0,3.425990533543699,0,0.6004,278.8908166656
main_campaign_default_alpha_0_5,test5_ablacao,CIFAR10,0.01,70,E1L0F1,3.0,1.5,10,5,0.01,0.01,0.01,0.01,2.0,4.0,3.2061509744227905,0,0.524,260.994902016
main_campaign_default_alpha_0_5,test5_ablacao,CIFAR10,0.01,71,E1L0F1,3.0,1.5,10,5,0.01,0.01,0.01,0.01,2.0,4.0,3.0909737345006887,0,0.4989,251.62455552
main_campaign_default_alpha_0_5,test5_ablacao,CIFAR10,0.01,42,E1L1F0,3.0,1.5,10,5,0.004001,0.005931,0.005061,0.005426528343814583,2.0,4.0,3.278149374458345,0,0.6276,266.855890944
main_campaign_default_alpha_0_5,test5_ablacao,CIFAR10,0.01,43,E1L1F0,3.0,1.5,10,5,0.004002,0.006179,0.005004,0.005316269105130998,2.0,4.0,3.175573876136086,0,0.4895,258.5057906688
main_campaign_default_alpha_0_5,test5_ablacao,CIFAR10,0.01,44,E1L1F0,3.0,1.5,10,5,0.004,0.006074,0.0052,0.005484446103593094,2.0,4.0,3.2946470235317644,0,0.5839,268.2107923968
main_campaign_default_alpha_0_5,test5_ablacao,CIFAR10,0.01,45,E1L1F0,3.0,1.5,10,5,0.004,0.005872,0.005,0.0053017574552242114,2.0,4.0,3.1339718234745124,0,0.5988,255.124868352
main_campaign_default_alpha_0_5,test5_ablacao,CIFAR10,0.01,46,E1L1F0,3.0,1.5,10,5,0.004,0.006667,0.0048354999999999995,0.005834585044444444,2.0,4.0,3.3,1,0.5752,268.6286592
main_campaign_default_alpha_0_5,test5_ablacao,CIFAR10,0.01,47,E1L1F0,3.0,1.5,10,5,0.004127,0.006204,0.004997,0.005346866053374219,2.0,4.0,3.295024776126036,0,0.5904,268.2415444992
main_campaign_default_alpha_0_5,test5_ablacao,CIFAR10,0.01,48,E1L1F0,3.0,1.5,10,5,0.005001,0.005709,0.0053355,0.005416497966711851,3.0,3.0,3.0,1,0.5565,244.2132988416
main_campaign_default_alpha_0_5,test5_ablacao,CIFAR10,0.01,49,E1L1F0,3.0,1.5,10,5,0.004246,0.005945,0.005,0.005361977645934716,2.0,4.0,3.1294580361309245,0,0.5204,254.763078912
main_campaign_default_alpha_0_5,test5_ablacao,CIFAR10,0.01,50,E1L1F0,3.0,1.5,10,5,0.004001,0.006843,0.004003,0.005759730767521444,2.0,4.0,3.218434736233945,0,0.6265,262.0006766592
main_campaign_default_alpha_0_5,test5_ablacao,CIFAR10,0.01,51,E1L1F0,3.0,1.5,10,5,0.004001,0.006202,0.005339,0.005584555387658051,2.0,4.0,3.2999711117530723,1,0.5331,268.6322770944
main_campaign_default_alpha_0_5,test5_ablacao,CIFAR10,0.01,52,E1L1F0,3.0,1.5,10,5,0.004009,0.006202,0.0054915,0.005738714450789982,2.0,4.0,3.64480789315793,1,0.5839,296.703519744
main_campaign_default_alpha_0_5,test5_ablacao,CIFAR10,0.01,53,E1L1F0,3.0,1.5,10,5,0.004,0.00575,0.005666,0.005529706257499666,2.0,4.0,3.1939691569263586,0,0.5858,260.009025792
main_campaign_default_alpha_0_5,test5_ablacao,CIFAR10,0.01,54,E1L1F0,3.0,1.5,10,5,0.004001,0.006045,0.005001,0.005513622683436292,2.0,4.0,3.4972001244389137,0,0.4982,284.6939192832
main_campaign_default_alpha_0_5,test5_ablacao,CIFAR10,0.01,55,E1L1F0,3.0,1.5,10,5,0.004,0.00638,0.004012,0.005830831203751028,2.0,4.0,3.599075576098309,0,0.5837,292.9807064064
main_campaign_default_alpha_0_5,test5_ablacao,CIFAR10,0.01,56,E1L1F0,3.0,1.5,10,5,0.004222,0.00567,0.005007,0.005170631757882808,2.0,3.0,2.9061173699531144,0,0.5737,236.5813506048
main_campaign_default_alpha_0_5,test5_ablacao,CIFAR10,0.01,57,E1L1F0,3.0,1.5,10,5,0.005,0.006202,0.0050185,0.005485419101797738,3.0,4.0,3.397613386369192,1,0.5135,276.5807910912
main_campaign_default_alpha_0_5,test5_ablacao,CIFAR10,0.01,58,E1L1F0,3.0,1.5,10,5,0.004001,0.00567,0.005002,0.005167839251588818,2.0,3.0,2.9000044442469224,0,0.5007,236.0784632832
main_campaign_default_alpha_0_5,test5_ablacao,CIFAR10,0.01,59,E1L1F0,3.0,1.5,10,5,0.004004,0.006202,0.005066,0.005579855876274915,2.0,4.0,3.297691265026776,0,0.5846,268.4586181632
main_campaign_default_alpha_0_5,test5_ablacao,CIFAR10,0.01,60,E1L1F0,3.0,1.5,10,5,0.004,0.006201,0.005,0.005292016110395094,2.0,4.0,3.1937913870494645,0,0.5411,259.9945542144
main_campaign_default_alpha_0_5,test5_ablacao,CIFAR10,0.01,61,E1L1F0,3.0,1.5,10,5,0.004111,0.006202,0.00501,0.005489143123791746,2.0,4.0,3.394440370641957,0,0.5747,276.334774272
main_campaign_default_alpha_0_5,test5_ablacao,CIFAR10,0.01,62,E1L1F0,3.0,1.5,10,5,0.004001,0.006282,0.005,0.005615704413137195,2.0,4.0,3.3062530554197593,0,0.5585,269.1496359936
main_campaign_default_alpha_0_5,test5_ablacao,CIFAR10,0.01,63,E1L1F0,3.0,1.5,10,5,0.004001,0.00593,0.005001,0.0052949596017954756,2.0,4.0,3.207146349051153,0,0.5676,261.0817314816
main_campaign_default_alpha_0_5,test5_ablacao,CIFAR10,0.01,64,E1L1F0,3.0,1.5,10,5,0.004001,0.00567,0.005001,0.005101784498466735,2.0,3.0,2.9000933291853697,0,0.4907,236.085699072
main_campaign_default_alpha_0_5,test5_ablacao,CIFAR10,0.01,65,E1L1F0,3.0,1.5,10,5,0.004,0.006173,0.005342,0.005437091240389315,2.0,4.0,3.1527043242522557,0,0.5739,256.6498108416
main_campaign_default_alpha_0_5,test5_ablacao,CIFAR10,0.01,66,E1L1F0,3.0,1.5,10,5,0.004382,0.006202,0.00533,0.005629750949936671,2.0,4.0,3.306224029509144,0,0.5998,269.153253888
main_campaign_default_alpha_0_5,test5_ablacao,CIFAR10,0.01,67,E1L1F0,3.0,1.5,10,5,0.004,0.006667,0.004017,0.005533816256693998,2.0,4.0,3.1976757105081886,0,0.513,260.316546816
main_campaign_default_alpha_0_5,test5_ablacao,CIFAR10,0.01,68,E1L1F0,3.0,1.5,10,5,0.004001,0.00567,0.005001,0.005101510421759033,2.0,3.0,2.9000044442469224,0,0.4911,236.0784632832
main_campaign_default_alpha_0_5,test5_ablacao,CIFAR10,0.01,69,E1L1F0,3.0,1.5,10,5,0.004,0.006427,0.004983,0.005767704184351459,2.0,4.0,3.425990533543699,0,0.6307,278.8908166656
main_campaign_default_alpha_0_5,test5_ablacao,CIFAR10,0.01,70,E1L1F0,3.0,1.5,10,5,0.004001,0.00574,0.005,0.005127605564320793,2.0,4.0,3.2061509744227905,0,0.4716,260.994902016
main_campaign_default_alpha_0_5,test5_ablacao,CIFAR10,0.01,71,E1L1F0,3.0,1.5,10,5,0.004002,0.00621,0.004222,0.0053942085240655975,2.0,4.0,3.0909737345006887,0,0.5073,251.62455552
main_campaign_default_alpha_0_5,test5_ablacao,CIFAR10,0.01,42,E1L1F1,3.0,1.5,10,5,0.004001,0.005931,0.005061,0.005426528343814583,2.0,4.0,3.278149374458345,0,0.6428,266.855890944
main_campaign_default_alpha_0_5,test5_ablacao,CIFAR10,0.01,43,E1L1F1,3.0,1.5,10,5,0.004002,0.006179,0.005004,0.005316269105130998,2.0,4.0,3.175573876136086,0,0.5043,258.5057906688
main_campaign_default_alpha_0_5,test5_ablacao,CIFAR10,0.01,44,E1L1F1,3.0,1.5,10,5,0.004,0.006074,0.0052,0.005484446103593094,2.0,4.0,3.2946470235317644,0,0.5854,268.2107923968
main_campaign_default_alpha_0_5,test5_ablacao,CIFAR10,0.01,45,E1L1F1,3.0,1.5,10,5,0.004,0.005872,0.005,0.0053017574552242114,2.0,4.0,3.1339718234745124,0,0.5965,255.124868352
main_campaign_default_alpha_0_5,test5_ablacao,CIFAR10,0.01,46,E1L1F1,3.0,1.5,10,5,0.004,0.006667,0.0048354999999999995,0.005834585044444444,2.0,4.0,3.3,1,0.5742,268.6286592
main_campaign_default_alpha_0_5,test5_ablacao,CIFAR10,0.01,47,E1L1F1,3.0,1.5,10,5,0.004127,0.006204,0.004997,0.005346866053374219,2.0,4.0,3.295024776126036,0,0.561,268.2415444992
main_campaign_default_alpha_0_5,test5_ablacao,CIFAR10,0.01,48,E1L1F1,3.0,1.5,10,5,0.005001,0.005709,0.0053355,0.005416497966711851,3.0,3.0,3.0,1,0.5619,244.2132988416
main_campaign_default_alpha_0_5,test5_ablacao,CIFAR10,0.01,49,E1L1F1,3.0,1.5,10,5,0.004246,0.005945,0.005,0.005361977645934716,2.0,4.0,3.1294580361309245,0,0.5278,254.763078912
main_campaign_default_alpha_0_5,test5_ablacao,CIFAR10,0.01,50,E1L1F1,3.0,1.5,10,5,0.004001,0.006843,0.004003,0.005759730767521444,2.0,4.0,3.218434736233945,0,0.6163,262.0006766592
main_campaign_default_alpha_0_5,test5_ablacao,CIFAR10,0.01,51,E1L1F1,3.0,1.5,10,5,0.004001,0.006202,0.005339,0.005584555387658051,2.0,4.0,3.2999711117530723,1,0.551,268.6322770944
main_campaign_default_alpha_0_5,test5_ablacao,CIFAR10,0.01,52,E1L1F1,3.0,1.5,10,5,0.004009,0.006202,0.0054915,0.005738714450789982,2.0,4.0,3.64480789315793,1,0.5572,296.703519744
main_campaign_default_alpha_0_5,test5_ablacao,CIFAR10,0.01,53,E1L1F1,3.0,1.5,10,5,0.004,0.00575,0.005666,0.005529706257499666,2.0,4.0,3.1939691569263586,0,0.573,260.009025792
main_campaign_default_alpha_0_5,test5_ablacao,CIFAR10,0.01,54,E1L1F1,3.0,1.5,10,5,0.004001,0.006045,0.005001,0.005513622683436292,2.0,4.0,3.4972001244389137,0,0.5375,284.6939192832
main_campaign_default_alpha_0_5,test5_ablacao,CIFAR10,0.01,55,E1L1F1,3.0,1.5,10,5,0.004,0.00638,0.004012,0.005830831203751028,2.0,4.0,3.599075576098309,0,0.5945,292.9807064064
main_campaign_default_alpha_0_5,test5_ablacao,CIFAR10,0.01,56,E1L1F1,3.0,1.5,10,5,0.004222,0.00567,0.005007,0.005170631757882808,2.0,3.0,2.9061173699531144,0,0.5775,236.5813506048
main_campaign_default_alpha_0_5,test5_ablacao,CIFAR10,0.01,57,E1L1F1,3.0,1.5,10,5,0.005,0.006202,0.0050185,0.005485419101797738,3.0,4.0,3.397613386369192,1,0.5394,276.5807910912
main_campaign_default_alpha_0_5,test5_ablacao,CIFAR10,0.01,58,E1L1F1,3.0,1.5,10,5,0.004001,0.00567,0.005002,0.005167839251588818,2.0,3.0,2.9000044442469224,0,0.5604,236.0784632832
main_campaign_default_alpha_0_5,test5_ablacao,CIFAR10,0.01,59,E1L1F1,3.0,1.5,10,5,0.004004,0.006202,0.005066,0.005579855876274915,2.0,4.0,3.297691265026776,0,0.5625,268.4586181632
main_campaign_default_alpha_0_5,test5_ablacao,CIFAR10,0.01,60,E1L1F1,3.0,1.5,10,5,0.004,0.006201,0.005,0.005292016110395094,2.0,4.0,3.1937913870494645,0,0.5183,259.9945542144
main_campaign_default_alpha_0_5,test5_ablacao,CIFAR10,0.01,61,E1L1F1,3.0,1.5,10,5,0.004111,0.006202,0.00501,0.005489143123791746,2.0,4.0,3.394440370641957,0,0.5397,276.334774272
main_campaign_default_alpha_0_5,test5_ablacao,CIFAR10,0.01,62,E1L1F1,3.0,1.5,10,5,0.004001,0.006282,0.005,0.005615704413137195,2.0,4.0,3.3062530554197593,0,0.5533,269.1496359936
main_campaign_default_alpha_0_5,test5_ablacao,CIFAR10,0.01,63,E1L1F1,3.0,1.5,10,5,0.004001,0.00593,0.005001,0.0052949596017954756,2.0,4.0,3.207146349051153,0,0.5513,261.0817314816
main_campaign_default_alpha_0_5,test5_ablacao,CIFAR10,0.01,64,E1L1F1,3.0,1.5,10,5,0.004001,0.00567,0.005001,0.005101784498466735,2.0,3.0,2.9000933291853697,0,0.4851,236.085699072
main_campaign_default_alpha_0_5,test5_ablacao,CIFAR10,0.01,65,E1L1F1,3.0,1.5,10,5,0.004,0.006173,0.005342,0.005437091240389315,2.0,4.0,3.1527043242522557,0,0.5753,256.6498108416
main_campaign_default_alpha_0_5,test5_ablacao,CIFAR10,0.01,66,E1L1F1,3.0,1.5,10,5,0.004382,0.006202,0.00533,0.005629750949936671,2.0,4.0,3.306224029509144,0,0.6232,269.153253888
main_campaign_default_alpha_0_5,test5_ablacao,CIFAR10,0.01,67,E1L1F1,3.0,1.5,10,5,0.004,0.006667,0.004017,0.005533816256693998,2.0,4.0,3.1976757105081886,0,0.506,260.316546816
main_campaign_default_alpha_0_5,test5_ablacao,CIFAR10,0.01,68,E1L1F1,3.0,1.5,10,5,0.004001,0.00567,0.005001,0.005101510421759033,2.0,3.0,2.9000044442469224,0,0.4753,236.0784632832
main_campaign_default_alpha_0_5,test5_ablacao,CIFAR10,0.01,69,E1L1F1,3.0,1.5,10,5,0.004,0.006427,0.004983,0.005767704184351459,2.0,4.0,3.425990533543699,0,0.625,278.8908166656
main_campaign_default_alpha_0_5,test5_ablacao,CIFAR10,0.01,70,E1L1F1,3.0,1.5,10,5,0.004001,0.00574,0.005,0.005127605564320793,2.0,4.0,3.2061509744227905,0,0.5113,260.994902016
main_campaign_default_alpha_0_5,test5_ablacao,CIFAR10,0.01,71,E1L1F1,3.0,1.5,10,5,0.004002,0.00621,0.004222,0.0053942085240655975,2.0,4.0,3.0909737345006887,0,0.5212,251.62455552
main_campaign_default_alpha_0_5,test6_calibracao,CIFAR10,0.5,42,E1L1F1,1.0,0.5,10,5,0.007905,0.008661,0.008286,0.008464956514010176,4.0,5.0,4.942003866408906,0,0.7999,402.318902016
main_campaign_default_alpha_0_5,test6_calibracao,CIFAR10,0.5,43,E1L1F1,1.0,0.5,10,5,0.008322,0.008783,0.008596,0.008584642690487301,5.0,5.0,5.0,0,0.807,407.040254208
main_campaign_default_alpha_0_5,test6_calibracao,CIFAR10,0.5,44,E1L1F1,1.0,0.5,10,5,0.008175,0.008914,0.008748,0.00866095566863695,5.0,5.0,5.0,0,0.7994,407.031209472
main_campaign_default_alpha_0_5,test6_calibracao,CIFAR10,0.5,45,E1L1F1,1.0,0.5,10,5,0.00784,0.008596,0.0084,0.008348252816604075,4.0,5.0,4.858958689806893,0,0.7929,395.5407768576
main_campaign_default_alpha_0_5,test6_calibracao,CIFAR10,0.5,46,E1L1F1,1.0,0.5,10,5,0.007931,0.008697,0.008421,0.008463628394293588,4.0,5.0,4.853962046131283,0,0.7966,395.1428084736
main_campaign_default_alpha_0_5,test6_calibracao,CIFAR10,0.5,47,E1L1F1,1.0,0.5,10,5,0.008209,0.00932,0.008913,0.00911811048397849,5.0,5.0,5.0,0,0.8241,407.031209472
main_campaign_default_alpha_0_5,test6_calibracao,CIFAR10,0.5,48,E1L1F1,1.0,0.5,10,5,0.00771,0.00921,0.008826,0.008636718545842408,4.0,5.0,4.9047597884538465,0,0.7747,399.2780617728
main_campaign_default_alpha_0_5,test6_calibracao,CIFAR10,0.5,49,E1L1F1,1.0,0.5,10,5,0.008252,0.009078,0.008611,0.008713779165370427,5.0,5.0,5.0,0,0.8121,407.031209472
main_campaign_default_alpha_0_5,test6_calibracao,CIFAR10,0.5,50,E1L1F1,1.0,0.5,10,5,0.008197,0.008837,0.008453,0.008585431136393939,5.0,5.0,5.0,0,0.8121,407.031209472
main_campaign_default_alpha_0_5,test6_calibracao,CIFAR10,0.5,51,E1L1F1,1.0,0.5,10,5,0.008148,0.008901,0.008653,0.008578326052175459,5.0,5.0,5.0,0,0.8019,407.031209472
main_campaign_default_alpha_0_5,test6_calibracao,CIFAR10,0.5,52,E1L1F1,1.0,0.5,10,5,0.008239,0.008823,0.008535,0.008581115439313806,5.0,5.0,5.0,0,0.8104,407.031209472
main_campaign_default_alpha_0_5,test6_calibracao,CIFAR10,0.5,53,E1L1F1,1.0,0.5,10,5,0.007836,0.009002,0.008506,0.0085895967512555,4.0,5.0,4.849384471801253,0,0.8254,394.7701653504
main_campaign_default_alpha_0_5,test6_calibracao,CIFAR10,0.5,54,E1L1F1,1.0,0.5,10,5,0.007985,0.008887,0.008602,0.00859708961823919,4.0,5.0,4.88958268521399,0,0.7772,256.35332439552
main_campaign_default_alpha_0_5,test6_calibracao,CIFAR10,0.5,55,E1L1F1,1.0,0.5,10,5,0.008167,0.008731,0.008709,0.00869326414381583,5.0,5.0,5.0,0,0.8168,407.031209472
main_campaign_default_alpha_0_5,test6_calibracao,CIFAR10,0.5,56,E1L1F1,1.0,0.5,10,5,0.007991,0.008807,0.008551,0.008624799524476146,4.0,5.0,4.914494589249606,0,0.8056,400.0794253824
main_campaign_default_alpha_0_5,test6_calibracao,CIFAR10,0.5,57,E1L1F1,1.0,0.5,10,5,0.007969,0.008923,0.008415,0.008650281314579029,4.0,5.0,4.920205319645357,0,0.7874,400.5443248128
main_campaign_default_alpha_0_5,test6_calibracao,CIFAR10,0.5,58,E1L1F1,1.0,0.5,10,5,0.008475,0.008937,0.008695,0.008716249855561976,5.0,5.0,5.0,0,0.8269,407.031209472
main_campaign_default_alpha_0_5,test6_calibracao,CIFAR10,0.5,59,E1L1F1,1.0,0.5,10,5,0.00781,0.008763,0.008519,0.008517604448592318,4.0,5.0,4.922116303357554,0,0.8097,400.699894272
main_campaign_default_alpha_0_5,test6_calibracao,CIFAR10,0.5,60,E1L1F1,1.0,0.5,10,5,0.008267,0.008867,0.00869,0.00861907612994978,5.0,5.0,5.0,0,0.8149,407.031209472
main_campaign_default_alpha_0_5,test6_calibracao,CIFAR10,0.5,61,E1L1F1,1.0,0.5,10,5,0.008386,0.008908,0.008613,0.008669240122661216,5.0,5.0,5.0,0,0.8059,407.031209472
main_campaign_default_alpha_0_5,test6_calibracao,CIFAR10,0.5,62,E1L1F1,1.0,0.5,10,5,0.008306,0.009099,0.008536,0.008649317474778899,5.0,5.0,5.0,0,0.8073,407.031209472
main_campaign_default_alpha_0_5,test6_calibracao,CIFAR10,0.5,63,E1L1F1,1.0,0.5,10,5,0.008492,0.009186,0.008589,0.008705853984267367,5.0,5.0,5.0,0,0.8117,407.031209472
main_campaign_default_alpha_0_5,test6_calibracao,CIFAR10,0.5,64,E1L1F1,1.0,0.5,10,5,0.008426,0.008639,0.008527,0.008516190613750502,5.0,5.0,5.0,0,0.788,407.031209472
main_campaign_default_alpha_0_5,test6_calibracao,CIFAR10,0.5,65,E1L1F1,1.0,0.5,10,5,0.00844,0.008746,0.008642,0.008618812541664814,5.0,5.0,5.0,0,0.8173,407.031209472
main_campaign_default_alpha_0_5,test6_calibracao,CIFAR10,0.5,66,E1L1F1,1.0,0.5,10,5,0.008491,0.009037,0.008742,0.008822343362517221,5.0,5.0,5.0,0,0.8116,407.031209472
main_campaign_default_alpha_0_5,test6_calibracao,CIFAR10,0.5,67,E1L1F1,1.0,0.5,10,5,0.008405,0.008691,0.008532,0.008566233522954535,5.0,5.0,5.0,0,0.8029,407.031209472
main_campaign_default_alpha_0_5,test6_calibracao,CIFAR10,0.5,68,E1L1F1,1.0,0.5,10,5,0.008186,0.008913,0.008372,0.008474325207768543,5.0,5.0,5.0,0,0.7997,407.031209472
main_campaign_default_alpha_0_5,test6_calibracao,CIFAR10,0.5,69,E1L1F1,1.0,0.5,10,5,0.008255,0.009279,0.008702,0.0087714246161367,5.0,5.0,5.0,0,0.8085,407.040254208
main_campaign_default_alpha_0_5,test6_calibracao,CIFAR10,0.5,70,E1L1F1,1.0,0.5,10,5,0.007918,0.008565,0.008343,0.008359707168570285,4.0,5.0,4.833029643126972,0,0.7798,393.4387802112
main_campaign_default_alpha_0_5,test6_calibracao,CIFAR10,0.5,71,E1L1F1,1.0,0.5,10,5,0.008314,0.009068,0.008629,0.008715409826229946,5.0,5.0,5.0,0,0.7983,407.031209472
main_campaign_default_alpha_0_5,test6_calibracao,CIFAR10,0.5,42,E1L1F1,1.0,3.0,10,5,0.003861,0.005189,0.004461,0.004814282492278292,4.0,5.0,4.942003866408906,0,0.7939,402.318902016
main_campaign_default_alpha_0_5,test6_calibracao,CIFAR10,0.5,43,E1L1F1,1.0,3.0,10,5,0.004525,0.00546,0.00505,0.005046222362953581,5.0,5.0,5.0,0,0.7998,407.040254208
main_campaign_default_alpha_0_5,test6_calibracao,CIFAR10,0.5,44,E1L1F1,1.0,3.0,10,5,0.004275,0.005778,0.005379,0.005234127572107906,5.0,5.0,5.0,0,0.8015,407.031209472
main_campaign_default_alpha_0_5,test6_calibracao,CIFAR10,0.5,45,E1L1F1,1.0,3.0,10,5,0.003769,0.00505,0.004667,0.004597582120397324,4.0,5.0,4.858958689806893,0,0.7946,395.5407768576
main_campaign_default_alpha_0_5,test6_calibracao,CIFAR10,0.5,46,E1L1F1,1.0,3.0,10,5,0.003899,0.005267,0.004706,0.00482311390604862,4.0,5.0,4.853962046131283,0,0.8005,395.1428084736
main_campaign_default_alpha_0_5,test6_calibracao,CIFAR10,0.5,47,E1L1F1,1.0,3.0,10,5,0.004332,0.006956,0.005774,0.006427031598595617,5.0,5.0,5.0,0,0.8342,407.031209472
main_campaign_default_alpha_0_5,test6_calibracao,CIFAR10,0.5,48,E1L1F1,1.0,3.0,10,5,0.003595,0.006603,0.005561,0.005269715012666103,4.0,5.0,4.9047597884538465,0,0.7794,399.2780617728
main_campaign_default_alpha_0_5,test6_calibracao,CIFAR10,0.5,49,E1L1F1,1.0,3.0,10,5,0.004403,0.006214,0.005081,0.005342442535887293,5.0,5.0,5.0,0,0.8062,407.031209472
main_campaign_default_alpha_0_5,test6_calibracao,CIFAR10,0.5,50,E1L1F1,1.0,3.0,10,5,0.004311,0.005587,0.004766,0.005062344740233768,5.0,5.0,5.0,0,0.8042,407.031209472
main_campaign_default_alpha_0_5,test6_calibracao,CIFAR10,0.5,51,E1L1F1,1.0,3.0,10,5,0.00423,0.005744,0.005171,0.005041941980356428,5.0,5.0,5.0,0,0.7899,407.031209472
main_campaign_default_alpha_0_5,test6_calibracao,CIFAR10,0.5,52,E1L1F1,1.0,3.0,10,5,0.004381,0.005553,0.004927,0.005044193302519888,5.0,5.0,5.0,0,0.8085,407.031209472
main_campaign_default_alpha_0_5,test6_calibracao,CIFAR10,0.5,53,E1L1F1,1.0,3.0,10,5,0.003764,0.006004,0.004868,0.00512499971112395,4.0,5.0,4.849384471801253,0,0.8114,394.7701653504
main_campaign_default_alpha_0_5,test6_calibracao,CIFAR10,0.5,54,E1L1F1,1.0,3.0,10,5,0.003978,0.005711,0.005063,0.005104259832896315,4.0,5.0,4.88958268521399,0,0.8141,398.0425508352
main_campaign_default_alpha_0_5,test6_calibracao,CIFAR10,0.5,55,E1L1F1,1.0,3.0,10,5,0.004261,0.005341,0.005292,0.005265861561708368,5.0,5.0,5.0,0,0.8083,407.031209472
main_campaign_default_alpha_0_5,test6_calibracao,CIFAR10,0.5,56,E1L1F1,1.0,3.0,10,5,0.003987,0.005516,0.004958,0.005141648778970291,4.0,5.0,4.914494589249606,0,0.8117,400.0794253824
main_campaign_default_alpha_0_5,test6_calibracao,CIFAR10,0.5,57,E1L1F1,1.0,3.0,10,5,0.003954,0.005801,0.004695,0.005223158233895519,4.0,5.0,4.920205319645357,0,0.7827,400.5443248128
main_campaign_default_alpha_0_5,test6_calibracao,CIFAR10,0.5,58,E1L1F1,1.0,3.0,10,5,0.004808,0.005836,0.005262,0.005325818230300876,5.0,5.0,5.0,0,0.8148,407.031209472
main_campaign_default_alpha_0_5,test6_calibracao,CIFAR10,0.5,59,E1L1F1,1.0,3.0,10,5,0.003729,0.005415,0.004896,0.004937878141457236,4.0,5.0,4.922116303357554,0,0.8015,400.699894272
main_campaign_default_alpha_0_5,test6_calibracao,CIFAR10,0.5,60,E1L1F1,1.0,3.0,10,5,0.004429,0.005661,0.005251,0.005125863072752322,5.0,5.0,5.0,0,0.811,407.031209472
main_campaign_default_alpha_0_5,test6_calibracao,CIFAR10,0.5,61,E1L1F1,1.0,3.0,10,5,0.00464,0.005761,0.005086,0.005230587773876716,5.0,5.0,5.0,0,0.807,407.031209472
main_campaign_default_alpha_0_5,test6_calibracao,CIFAR10,0.5,62,E1L1F1,1.0,3.0,10,5,0.004497,0.006273,0.004928,0.005230545131327497,5.0,5.0,5.0,0,0.8196,407.031209472
main_campaign_default_alpha_0_5,test6_calibracao,CIFAR10,0.5,63,E1L1F1,1.0,3.0,10,5,0.004841,0.006528,0.005035,0.005332916803697613,5.0,5.0,5.0,0,0.8071,407.031209472
main_campaign_default_alpha_0_5,test6_calibracao,CIFAR10,0.5,64,E1L1F1,1.0,3.0,10,5,0.004716,0.00514,0.004911,0.004891847584551797,5.0,5.0,5.0,0,0.792,407.031209472
main_campaign_default_alpha_0_5,test6_calibracao,CIFAR10,0.5,65,E1L1F1,1.0,3.0,10,5,0.004742,0.005375,0.005148,0.00510509584018488,5.0,5.0,5.0,0,0.8023,407.031209472
main_campaign_default_alpha_0_5,test6_calibracao,CIFAR10,0.5,66,E1L1F1,1.0,3.0,10,5,0.004839,0.006101,0.005366,0.005580915692635883,5.0,5.0,5.0,0,0.8222,407.031209472
main_campaign_default_alpha_0_5,test6_calibracao,CIFAR10,0.5,67,E1L1F1,1.0,3.0,10,5,0.004676,0.005254,0.00492,0.004995262632771877,5.0,5.0,5.0,0,0.7981,407.031209472
main_campaign_default_alpha_0_5,test6_calibracao,CIFAR10,0.5,68,E1L1F1,1.0,3.0,10,5,0.004292,0.005775,0.004615,0.004848459201813253,5.0,5.0,5.0,0,0.7825,407.031209472
main_campaign_default_alpha_0_5,test6_calibracao,CIFAR10,0.5,69,E1L1F1,1.0,3.0,10,5,0.004409,0.006819,0.005278,0.005533208986067595,5.0,5.0,5.0,0,0.8047,407.040254208
main_campaign_default_alpha_0_5,test6_calibracao,CIFAR10,0.5,70,E1L1F1,1.0,3.0,10,5,0.003879,0.004986,0.004563,0.004614434914003822,4.0,5.0,4.833029643126972,0,0.7755,393.4387802112
main_campaign_default_alpha_0_5,test6_calibracao,CIFAR10,0.5,71,E1L1F1,1.0,3.0,10,5,0.004511,0.006185,0.00512,0.005368528576507711,5.0,5.0,5.0,0,0.8078,407.031209472
main_campaign_default_alpha_0_5,test6_calibracao,CIFAR10,0.5,42,E1L1F1,1.0,1.5,10,5,0.005571,0.006832,0.00617,0.006489268448770083,4.0,5.0,4.942003866408906,0,0.7927,402.318902016
main_campaign_default_alpha_0_5,test6_calibracao,CIFAR10,0.5,43,E1L1F1,1.0,1.5,10,5,0.006231,0.007063,0.006711,0.006699612048085684,5.0,5.0,5.0,0,0.7986,407.040254208
main_campaign_default_alpha_0_5,test6_calibracao,CIFAR10,0.5,44,E1L1F1,1.0,1.5,10,5,0.005989,0.007324,0.006995,0.0068529659570685745,5.0,5.0,5.0,0,0.788,407.031209472
main_campaign_default_alpha_0_5,test6_calibracao,CIFAR10,0.5,45,E1L1F1,1.0,1.5,10,5,0.005474,0.006711,0.006364,0.0062886078531588195,4.0,5.0,4.858958689806893,0,0.7956,395.5407768576
main_campaign_default_alpha_0_5,test6_calibracao,CIFAR10,0.5,46,E1L1F1,1.0,1.5,10,5,0.00561,0.0069,0.0064,0.006492999044486912,4.0,5.0,4.853962046131283,0,0.7985,395.1428084736
main_campaign_default_alpha_0_5,test6_calibracao,CIFAR10,0.5,47,E1L1F1,1.0,1.5,10,5,0.006045,0.008205,0.007321,0.007790146593484734,5.0,5.0,5.0,0,0.8361,407.031209472
main_campaign_default_alpha_0_5,test6_calibracao,CIFAR10,0.5,48,E1L1F1,1.0,1.5,10,5,0.005288,0.007954,0.007147,0.0068500074218923596,4.0,5.0,4.9047597884538465,0,0.7813,399.2780617728
main_campaign_default_alpha_0_5,test6_calibracao,CIFAR10,0.5,49,E1L1F1,1.0,1.5,10,5,0.006114,0.007665,0.006738,0.00694820372427892,5.0,5.0,5.0,0,0.8111,407.031209472
main_campaign_default_alpha_0_5,test6_calibracao,CIFAR10,0.5,50,E1L1F1,1.0,1.5,10,5,0.006025,0.007169,0.006455,0.006708292098128973,5.0,5.0,5.0,0,0.8097,407.031209472
main_campaign_default_alpha_0_5,test6_calibracao,CIFAR10,0.5,51,E1L1F1,1.0,1.5,10,5,0.005945,0.007297,0.006817,0.006692613439402693,5.0,5.0,5.0,0,0.803,407.031209472
main_campaign_default_alpha_0_5,test6_calibracao,CIFAR10,0.5,52,E1L1F1,1.0,1.5,10,5,0.006093,0.007141,0.006601,0.006695828229856452,5.0,5.0,5.0,0,0.801,407.031209472
main_campaign_default_alpha_0_5,test6_calibracao,CIFAR10,0.5,53,E1L1F1,1.0,1.5,10,5,0.005469,0.007503,0.006549,0.006741403515399316,4.0,5.0,4.849384471801253,0,0.8214,394.7701653504
main_campaign_default_alpha_0_5,test6_calibracao,CIFAR10,0.5,54,E1L1F1,1.0,1.5,10,5,0.005691,0.00727,0.006722,0.006738027287676104,4.0,5.0,4.88958268521399,0,0.8079,398.0425508352
main_campaign_default_alpha_0_5,test6_calibracao,CIFAR10,0.5,55,E1L1F1,1.0,1.5,10,5,0.005976,0.006963,0.006921,0.0068958431847473455,5.0,5.0,5.0,0,0.8054,407.031209472
main_campaign_default_alpha_0_5,test6_calibracao,CIFAR10,0.5,56,E1L1F1,1.0,1.5,10,5,0.005701,0.00711,0.006629,0.006779097326844877,4.0,5.0,4.914494589249606,0,0.8054,400.0794253824
main_campaign_default_alpha_0_5,test6_calibracao,CIFAR10,0.5,57,E1L1F1,1.0,1.5,10,5,0.005667,0.007342,0.006389,0.006838592538275227,4.0,5.0,4.920205319645357,0,0.7988,400.5443248128
main_campaign_default_alpha_0_5,test6_calibracao,CIFAR10,0.5,58,E1L1F1,1.0,1.5,10,5,0.006494,0.007371,0.006895,0.006943313986045065,5.0,5.0,5.0,0,0.8195,407.031209472
main_campaign_default_alpha_0_5,test6_calibracao,CIFAR10,0.5,59,E1L1F1,1.0,1.5,10,5,0.005432,0.007025,0.006573,0.00659287320845277,4.0,5.0,4.922116303357554,0,0.8042,400.699894272
main_campaign_default_alpha_0_5,test6_calibracao,CIFAR10,0.5,60,E1L1F1,1.0,1.5,10,5,0.006139,0.00723,0.006886,0.0067667099906670814,5.0,5.0,5.0,0,0.808,407.031209472
main_campaign_default_alpha_0_5,test6_calibracao,CIFAR10,0.5,61,E1L1F1,1.0,1.5,10,5,0.006339,0.00731,0.006742,0.006857802253233188,5.0,5.0,5.0,0,0.8087,407.031209472
main_campaign_default_alpha_0_5,test6_calibracao,CIFAR10,0.5,62,E1L1F1,1.0,1.5,10,5,0.006204,0.00771,0.006602,0.006839965823741167,5.0,5.0,5.0,0,0.8095,407.031209472
main_campaign_default_alpha_0_5,test6_calibracao,CIFAR10,0.5,63,E1L1F1,1.0,1.5,10,5,0.006524,0.007899,0.006698,0.006935893026976578,5.0,5.0,5.0,0,0.8171,407.031209472
main_campaign_default_alpha_0_5,test6_calibracao,CIFAR10,0.5,64,E1L1F1,1.0,1.5,10,5,0.006409,0.00679,0.006587,0.006568746389049376,5.0,5.0,5.0,0,0.7966,407.031209472
main_campaign_default_alpha_0_5,test6_calibracao,CIFAR10,0.5,65,E1L1F1,1.0,1.5,10,5,0.006433,0.006992,0.006797,0.0067565533754055385,5.0,5.0,5.0,0,0.8071,407.031209472
main_campaign_default_alpha_0_5,test6_calibracao,CIFAR10,0.5,66,E1L1F1,1.0,1.5,10,5,0.006522,0.007579,0.006984,0.007152939091595929,5.0,5.0,5.0,0,0.8121,407.031209472
main_campaign_default_alpha_0_5,test6_calibracao,CIFAR10,0.5,67,E1L1F1,1.0,1.5,10,5,0.006372,0.006888,0.006595,0.006659661326163282,5.0,5.0,5.0,0,0.8058,407.031209472
main_campaign_default_alpha_0_5,test6_calibracao,CIFAR10,0.5,68,E1L1F1,1.0,1.5,10,5,0.006006,0.007322,0.006315,0.006512572996755699,5.0,5.0,5.0,0,0.7849,407.031209472
main_campaign_default_alpha_0_5,test6_calibracao,CIFAR10,0.5,69,E1L1F1,1.0,1.5,10,5,0.00612,0.008109,0.006909,0.007083418705419638,5.0,5.0,5.0,0,0.8097,407.040254208
main_campaign_default_alpha_0_5,test6_calibracao,CIFAR10,0.5,70,E1L1F1,1.0,1.5,10,5,0.00559,0.006654,0.006267,0.006305999844451357,4.0,5.0,4.833029643126972,0,0.7827,393.4387802112
main_campaign_default_alpha_0_5,test6_calibracao,CIFAR10,0.5,71,E1L1F1,1.0,1.5,10,5,0.006217,0.007643,0.006772,0.006961044798008978,5.0,5.0,5.0,0,0.8082,407.031209472
main_campaign_default_alpha_0_5,test6_calibracao,CIFAR10,0.5,42,E1L1F1,5.0,0.5,10,5,0.007905,0.008661,0.008286,0.008464956514010176,2.0,3.0,2.942003866408906,0,0.7919,239.5028003328
main_campaign_default_alpha_0_5,test6_calibracao,CIFAR10,0.5,43,E1L1F1,5.0,0.5,10,5,0.008322,0.008783,0.008596,0.008584642690487301,3.0,4.0,3.471724107281737,0,0.8038,282.6262926336
main_campaign_default_alpha_0_5,test6_calibracao,CIFAR10,0.5,44,E1L1F1,5.0,0.5,10,5,0.008175,0.008914,0.008748,0.00866095566863695,3.0,4.0,3.6986578374294474,0,0.7922,301.0938345984
main_campaign_default_alpha_0_5,test6_calibracao,CIFAR10,0.5,45,E1L1F1,5.0,0.5,10,5,0.00784,0.008596,0.0084,0.008348252816604075,2.0,3.0,2.8589586898068933,0,0.7799,232.7319109632
main_campaign_default_alpha_0_5,test6_calibracao,CIFAR10,0.5,46,E1L1F1,5.0,0.5,10,5,0.007931,0.008697,0.008421,0.008463628394293588,2.0,4.0,3.22270121327941,0,0.7974,262.3479945216
main_campaign_default_alpha_0_5,test6_calibracao,CIFAR10,0.5,47,E1L1F1,5.0,0.5,10,5,0.008209,0.00932,0.008913,0.00911811048397849,3.0,4.0,3.9167148126749924,0,0.8292,318.845033472
main_campaign_default_alpha_0_5,test6_calibracao,CIFAR10,0.5,48,E1L1F1,5.0,0.5,10,5,0.00771,0.00921,0.008826,0.008636718545842408,2.0,4.0,3.6250388871605708,0,0.7689,295.1007925248
main_campaign_default_alpha_0_5,test6_calibracao,CIFAR10,0.5,49,E1L1F1,5.0,0.5,10,5,0.008252,0.009078,0.008611,0.008713779165370427,3.0,4.0,3.403537620550198,0,0.8003,277.0692068352
main_campaign_default_alpha_0_5,test6_calibracao,CIFAR10,0.5,50,E1L1F1,5.0,0.5,10,5,0.008197,0.008837,0.008453,0.008585431136393939,3.0,4.0,3.544042487000578,0,0.8082,288.5071799808
main_campaign_default_alpha_0_5,test6_calibracao,CIFAR10,0.5,51,E1L1F1,5.0,0.5,10,5,0.008148,0.008901,0.008653,0.008578326052175459,3.0,4.0,3.389093818052531,0,0.7982,275.8933911552
main_campaign_default_alpha_0_5,test6_calibracao,CIFAR10,0.5,52,E1L1F1,5.0,0.5,10,5,0.008239,0.008823,0.008535,0.008581115439313806,3.0,4.0,3.464868228078752,0,0.797,282.0619011072
main_campaign_default_alpha_0_5,test6_calibracao,CIFAR10,0.5,53,E1L1F1,5.0,0.5,10,5,0.007836,0.009002,0.008506,0.0085895967512555,2.0,4.0,3.223123416737034,0,0.8171,262.3823645184
main_campaign_default_alpha_0_5,test6_calibracao,CIFAR10,0.5,54,E1L1F1,5.0,0.5,10,5,0.007985,0.008887,0.008602,0.00859708961823919,2.0,4.0,3.384427358784054,0,0.7994,275.5135122432
main_campaign_default_alpha_0_5,test6_calibracao,CIFAR10,0.5,55,E1L1F1,5.0,0.5,10,5,0.008167,0.008731,0.008709,0.00869326414381583,3.0,4.0,3.952513221634594,0,0.8095,321.7592474112
main_campaign_default_alpha_0_5,test6_calibracao,CIFAR10,0.5,56,E1L1F1,5.0,0.5,10,5,0.007991,0.008807,0.008551,0.008624799524476146,2.0,4.0,3.4731240139546253,0,0.8049,282.7402563072
main_campaign_default_alpha_0_5,test6_calibracao,CIFAR10,0.5,57,E1L1F1,5.0,0.5,10,5,0.007969,0.008923,0.008415,0.008650281314579029,2.0,4.0,3.473457325067218,0,0.7834,282.7673905152
main_campaign_default_alpha_0_5,test6_calibracao,CIFAR10,0.5,58,E1L1F1,5.0,0.5,10,5,0.008475,0.008937,0.008695,0.008716249855561976,3.0,4.0,3.5037553886493935,0,0.823,285.2275587072
main_campaign_default_alpha_0_5,test6_calibracao,CIFAR10,0.5,59,E1L1F1,5.0,0.5,10,5,0.00781,0.008763,0.008519,0.008517604448592318,2.0,4.0,3.211074817234407,0,0.7901,261.4073419776
main_campaign_default_alpha_0_5,test6_calibracao,CIFAR10,0.5,60,E1L1F1,5.0,0.5,10,5,0.008267,0.008867,0.00869,0.00861907612994978,3.0,4.0,3.442758099640016,0,0.7991,280.2619986432
main_campaign_default_alpha_0_5,test6_calibracao,CIFAR10,0.5,61,E1L1F1,5.0,0.5,10,5,0.008386,0.008908,0.008613,0.008669240122661216,3.0,4.0,3.4080040887071688,0,0.8021,277.4328052224
main_campaign_default_alpha_0_5,test6_calibracao,CIFAR10,0.5,62,E1L1F1,5.0,0.5,10,5,0.008306,0.009099,0.008536,0.008649317474778899,3.0,4.0,3.3134305141993687,0,0.8085,269.7339259392
main_campaign_default_alpha_0_5,test6_calibracao,CIFAR10,0.5,63,E1L1F1,5.0,0.5,10,5,0.008492,0.009186,0.008589,0.008705853984267367,3.0,4.0,3.210501755477534,0,0.8094,261.3548825088
main_campaign_default_alpha_0_5,test6_calibracao,CIFAR10,0.5,64,E1L1F1,5.0,0.5,10,5,0.008426,0.008639,0.008527,0.008516190613750502,3.0,3.0,3.0,0,0.7847,244.2187256832
main_campaign_default_alpha_0_5,test6_calibracao,CIFAR10,0.5,65,E1L1F1,5.0,0.5,10,5,0.00844,0.008746,0.008642,0.008618812541664814,3.0,4.0,3.165548197857873,0,0.7909,257.6953823232
main_campaign_default_alpha_0_5,test6_calibracao,CIFAR10,0.5,66,E1L1F1,5.0,0.5,10,5,0.008491,0.009037,0.008742,0.008822343362517221,3.0,4.0,3.7754544242478114,0,0.8165,307.3455561216
main_campaign_default_alpha_0_5,test6_calibracao,CIFAR10,0.5,67,E1L1F1,5.0,0.5,10,5,0.008405,0.008691,0.008532,0.008566233522954535,3.0,3.0,3.0,0,0.7853,244.2187256832
main_campaign_default_alpha_0_5,test6_calibracao,CIFAR10,0.5,68,E1L1F1,5.0,0.5,10,5,0.008186,0.008913,0.008372,0.008474325207768543,3.0,4.0,3.249677792098129,0,0.772,264.5440564224
main_campaign_default_alpha_0_5,test6_calibracao,CIFAR10,0.5,69,E1L1F1,5.0,0.5,10,5,0.008255,0.009279,0.008702,0.0087714246161367,3.0,4.0,3.665311201475457,0,0.8111,298.38584064
main_campaign_default_alpha_0_5,test6_calibracao,CIFAR10,0.5,70,E1L1F1,5.0,0.5,10,5,0.007918,0.008565,0.008343,0.008359707168570285,2.0,3.0,2.833029643126972,0,0.768,230.6262964224
main_campaign_default_alpha_0_5,test6_calibracao,CIFAR10,0.5,71,E1L1F1,5.0,0.5,10,5,0.008314,0.009068,0.008629,0.008715409826229946,3.0,4.0,3.381938580507533,0,0.7977,275.3109101568
main_campaign_default_alpha_0_5,test6_calibracao,CIFAR10,0.5,42,E1L1F1,5.0,3.0,10,5,0.003861,0.005189,0.004461,0.004814282492278292,2.0,3.0,2.942003866408906,0,0.7643,239.5028003328
main_campaign_default_alpha_0_5,test6_calibracao,CIFAR10,0.5,43,E1L1F1,5.0,3.0,10,5,0.004525,0.00546,0.00505,0.005046222362953581,3.0,4.0,3.471724107281737,0,0.7983,282.6262926336
main_campaign_default_alpha_0_5,test6_calibracao,CIFAR10,0.5,44,E1L1F1,5.0,3.0,10,5,0.004275,0.005778,0.005379,0.005234127572107906,3.0,4.0,3.6986578374294474,0,0.7962,301.0938345984
main_campaign_default_alpha_0_5,test6_calibracao,CIFAR10,0.5,45,E1L1F1,5.0,3.0,10,5,0.003769,0.00505,0.004667,0.004597582120397324,2.0,3.0,2.8589586898068933,0,0.7808,232.7319109632
main_campaign_default_alpha_0_5,test6_calibracao,CIFAR10,0.5,46,E1L1F1,5.0,3.0,10,5,0.003899,0.005267,0.004706,0.00482311390604862,2.0,4.0,3.22270121327941,0,0.7952,262.3479945216
main_campaign_default_alpha_0_5,test6_calibracao,CIFAR10,0.5,47,E1L1F1,5.0,3.0,10,5,0.004332,0.006956,0.005774,0.006427031598595617,3.0,4.0,3.9167148126749924,0,0.8214,318.845033472
main_campaign_default_alpha_0_5,test6_calibracao,CIFAR10,0.5,48,E1L1F1,5.0,3.0,10,5,0.003595,0.006603,0.005561,0.005269715012666103,2.0,4.0,3.6250388871605708,0,0.7809,295.1007925248
main_campaign_default_alpha_0_5,test6_calibracao,CIFAR10,0.5,49,E1L1F1,5.0,3.0,10,5,0.004403,0.006214,0.005081,0.005342442535887293,3.0,4.0,3.403537620550198,0,0.8077,277.0692068352
main_campaign_default_alpha_0_5,test6_calibracao,CIFAR10,0.5,50,E1L1F1,5.0,3.0,10,5,0.004311,0.005587,0.004766,0.005062344740233768,3.0,4.0,3.544042487000578,0,0.8041,288.5071799808
main_campaign_default_alpha_0_5,test6_calibracao,CIFAR10,0.5,51,E1L1F1,5.0,3.0,10,5,0.00423,0.005744,0.005171,0.005041941980356428,3.0,4.0,3.389093818052531,0,0.7778,275.8933911552
main_campaign_default_alpha_0_5,test6_calibracao,CIFAR10,0.5,52,E1L1F1,5.0,3.0,10,5,0.004381,0.005553,0.004927,0.005044193302519888,3.0,4.0,3.464868228078752,0,0.7986,282.0619011072
main_campaign_default_alpha_0_5,test6_calibracao,CIFAR10,0.5,53,E1L1F1,5.0,3.0,10,5,0.003764,0.006004,0.004868,0.00512499971112395,2.0,4.0,3.223123416737034,0,0.813,262.3823645184
main_campaign_default_alpha_0_5,test6_calibracao,CIFAR10,0.5,54,E1L1F1,5.0,3.0,10,5,0.003978,0.005711,0.005063,0.005104259832896315,2.0,4.0,3.384427358784054,0,0.8056,275.5135122432
main_campaign_default_alpha_0_5,test6_calibracao,CIFAR10,0.5,55,E1L1F1,5.0,3.0,10,5,0.004261,0.005341,0.005292,0.005265861561708368,3.0,4.0,3.952513221634594,0,0.8026,321.7592474112
main_campaign_default_alpha_0_5,test6_calibracao,CIFAR10,0.5,56,E1L1F1,5.0,3.0,10,5,0.003987,0.005516,0.004958,0.005141648778970291,2.0,4.0,3.4731240139546253,0,0.8009,282.7402563072
main_campaign_default_alpha_0_5,test6_calibracao,CIFAR10,0.5,57,E1L1F1,5.0,3.0,10,5,0.003954,0.005801,0.004695,0.005223158233895519,2.0,4.0,3.473457325067218,0,0.7805,282.7673905152
main_campaign_default_alpha_0_5,test6_calibracao,CIFAR10,0.5,58,E1L1F1,5.0,3.0,10,5,0.004808,0.005836,0.005262,0.005325818230300876,3.0,4.0,3.5037553886493935,0,0.818,285.2275587072
main_campaign_default_alpha_0_5,test6_calibracao,CIFAR10,0.5,59,E1L1F1,5.0,3.0,10,5,0.003729,0.005415,0.004896,0.004937878141457236,2.0,4.0,3.211074817234407,0,0.7976,261.4073419776
main_campaign_default_alpha_0_5,test6_calibracao,CIFAR10,0.5,60,E1L1F1,5.0,3.0,10,5,0.004429,0.005661,0.005251,0.005125863072752322,3.0,4.0,3.442758099640016,0,0.794,280.2619986432
main_campaign_default_alpha_0_5,test6_calibracao,CIFAR10,0.5,61,E1L1F1,5.0,3.0,10,5,0.00464,0.005761,0.005086,0.005230587773876716,3.0,4.0,3.4080040887071688,0,0.7998,277.4328052224
main_campaign_default_alpha_0_5,test6_calibracao,CIFAR10,0.5,62,E1L1F1,5.0,3.0,10,5,0.004497,0.006273,0.004928,0.005230545131327497,3.0,4.0,3.3134305141993687,0,0.8045,269.7339259392
main_campaign_default_alpha_0_5,test6_calibracao,CIFAR10,0.5,63,E1L1F1,5.0,3.0,10,5,0.004841,0.006528,0.005035,0.005332916803697613,3.0,4.0,3.210501755477534,0,0.8068,261.3548825088
main_campaign_default_alpha_0_5,test6_calibracao,CIFAR10,0.5,64,E1L1F1,5.0,3.0,10,5,0.004716,0.00514,0.004911,0.004891847584551797,3.0,3.0,3.0,0,0.7757,244.2187256832
main_campaign_default_alpha_0_5,test6_calibracao,CIFAR10,0.5,65,E1L1F1,5.0,3.0,10,5,0.004742,0.005375,0.005148,0.00510509584018488,3.0,4.0,3.165548197857873,0,0.7828,257.6953823232
main_campaign_default_alpha_0_5,test6_calibracao,CIFAR10,0.5,66,E1L1F1,5.0,3.0,10,5,0.004839,0.006101,0.005366,0.005580915692635883,3.0,4.0,3.7754544242478114,0,0.8148,307.3455561216
main_campaign_default_alpha_0_5,test6_calibracao,CIFAR10,0.5,67,E1L1F1,5.0,3.0,10,5,0.004676,0.005254,0.00492,0.004995262632771877,3.0,3.0,3.0,0,0.7953,244.2187256832
main_campaign_default_alpha_0_5,test6_calibracao,CIFAR10,0.5,68,E1L1F1,5.0,3.0,10,5,0.004292,0.005775,0.004615,0.004848459201813253,3.0,4.0,3.249677792098129,0,0.7806,264.5440564224
main_campaign_default_alpha_0_5,test6_calibracao,CIFAR10,0.5,69,E1L1F1,5.0,3.0,10,5,0.004409,0.006819,0.005278,0.005533208986067595,3.0,4.0,3.665311201475457,0,0.8093,298.38584064
main_campaign_default_alpha_0_5,test6_calibracao,CIFAR10,0.5,70,E1L1F1,5.0,3.0,10,5,0.003879,0.004986,0.004563,0.004614434914003822,2.0,3.0,2.833029643126972,0,0.759,230.6262964224
main_campaign_default_alpha_0_5,test6_calibracao,CIFAR10,0.5,71,E1L1F1,5.0,3.0,10,5,0.004511,0.006185,0.00512,0.005368528576507711,3.0,4.0,3.381938580507533,0,0.7985,275.3109101568
main_campaign_default_alpha_0_5,test6_calibracao,CIFAR10,0.5,42,E1L1F1,5.0,1.5,10,5,0.005571,0.006832,0.00617,0.006489268448770083,2.0,3.0,2.942003866408906,0,0.779,239.5028003328
main_campaign_default_alpha_0_5,test6_calibracao,CIFAR10,0.5,43,E1L1F1,5.0,1.5,10,5,0.006231,0.007063,0.006711,0.006699612048085684,3.0,4.0,3.471724107281737,0,0.7842,282.6262926336
main_campaign_default_alpha_0_5,test6_calibracao,CIFAR10,0.5,44,E1L1F1,5.0,1.5,10,5,0.005989,0.007324,0.006995,0.0068529659570685745,3.0,4.0,3.6986578374294474,0,0.7928,301.0938345984
main_campaign_default_alpha_0_5,test6_calibracao,CIFAR10,0.5,45,E1L1F1,5.0,1.5,10,5,0.005474,0.006711,0.006364,0.0062886078531588195,2.0,3.0,2.8589586898068933,0,0.7881,232.7319109632
main_campaign_default_alpha_0_5,test6_calibracao,CIFAR10,0.5,46,E1L1F1,5.0,1.5,10,5,0.00561,0.0069,0.0064,0.006492999044486912,2.0,4.0,3.22270121327941,0,0.7896,262.3479945216
main_campaign_default_alpha_0_5,test6_calibracao,CIFAR10,0.5,47,E1L1F1,5.0,1.5,10,5,0.006045,0.008205,0.007321,0.007790146593484734,3.0,4.0,3.9167148126749924,0,0.8287,318.845033472
main_campaign_default_alpha_0_5,test6_calibracao,CIFAR10,0.5,48,E1L1F1,5.0,1.5,10,5,0.005288,0.007954,0.007147,0.0068500074218923596,2.0,4.0,3.6250388871605708,0,0.7862,295.1007925248
main_campaign_default_alpha_0_5,test6_calibracao,CIFAR10,0.5,49,E1L1F1,5.0,1.5,10,5,0.006114,0.007665,0.006738,0.00694820372427892,3.0,4.0,3.403537620550198,0,0.7994,277.0692068352
main_campaign_default_alpha_0_5,test6_calibracao,CIFAR10,0.5,50,E1L1F1,5.0,1.5,10,5,0.006025,0.007169,0.006455,0.006708292098128973,3.0,4.0,3.544042487000578,0,0.8054,288.5071799808
main_campaign_default_alpha_0_5,test6_calibracao,CIFAR10,0.5,51,E1L1F1,5.0,1.5,10,5,0.005945,0.007297,0.006817,0.006692613439402693,3.0,4.0,3.389093818052531,0,0.7914,275.8933911552
main_campaign_default_alpha_0_5,test6_calibracao,CIFAR10,0.5,52,E1L1F1,5.0,1.5,10,5,0.006093,0.007141,0.006601,0.006695828229856452,3.0,4.0,3.464868228078752,0,0.8041,282.0619011072
main_campaign_default_alpha_0_5,test6_calibracao,CIFAR10,0.5,53,E1L1F1,5.0,1.5,10,5,0.005469,0.007503,0.006549,0.006741403515399316,2.0,4.0,3.223123416737034,0,0.8077,262.3823645184
main_campaign_default_alpha_0_5,test6_calibracao,CIFAR10,0.5,54,E1L1F1,5.0,1.5,10,5,0.005691,0.00727,0.006722,0.006738027287676104,2.0,4.0,3.384427358784054,0,0.8055,275.5135122432
main_campaign_default_alpha_0_5,test6_calibracao,CIFAR10,0.5,55,E1L1F1,5.0,1.5,10,5,0.005976,0.006963,0.006921,0.0068958431847473455,3.0,4.0,3.952513221634594,0,0.8095,321.7592474112
main_campaign_default_alpha_0_5,test6_calibracao,CIFAR10,0.5,56,E1L1F1,5.0,1.5,10,5,0.005701,0.00711,0.006629,0.006779097326844877,2.0,4.0,3.4731240139546253,0,0.8069,282.7402563072
main_campaign_default_alpha_0_5,test6_calibracao,CIFAR10,0.5,57,E1L1F1,5.0,1.5,10,5,0.005667,0.007342,0.006389,0.006838592538275227,2.0,4.0,3.473457325067218,0,0.7782,282.7673905152
main_campaign_default_alpha_0_5,test6_calibracao,CIFAR10,0.5,58,E1L1F1,5.0,1.5,10,5,0.006494,0.007371,0.006895,0.006943313986045065,3.0,4.0,3.5037553886493935,0,0.8175,285.2275587072
main_campaign_default_alpha_0_5,test6_calibracao,CIFAR10,0.5,59,E1L1F1,5.0,1.5,10,5,0.005432,0.007025,0.006573,0.00659287320845277,2.0,4.0,3.211074817234407,0,0.7942,261.4073419776
main_campaign_default_alpha_0_5,test6_calibracao,CIFAR10,0.5,60,E1L1F1,5.0,1.5,10,5,0.006139,0.00723,0.006886,0.0067667099906670814,3.0,4.0,3.442758099640016,0,0.8094,280.2619986432
main_campaign_default_alpha_0_5,test6_calibracao,CIFAR10,0.5,61,E1L1F1,5.0,1.5,10,5,0.006339,0.00731,0.006742,0.006857802253233188,3.0,4.0,3.4080040887071688,0,0.8054,277.4328052224
main_campaign_default_alpha_0_5,test6_calibracao,CIFAR10,0.5,62,E1L1F1,5.0,1.5,10,5,0.006204,0.00771,0.006602,0.006839965823741167,3.0,4.0,3.3134305141993687,0,0.8041,269.7339259392
main_campaign_default_alpha_0_5,test6_calibracao,CIFAR10,0.5,63,E1L1F1,5.0,1.5,10,5,0.006524,0.007899,0.006698,0.006935893026976578,3.0,4.0,3.210501755477534,0,0.8115,261.3548825088
main_campaign_default_alpha_0_5,test6_calibracao,CIFAR10,0.5,64,E1L1F1,5.0,1.5,10,5,0.006409,0.00679,0.006587,0.006568746389049376,3.0,3.0,3.0,0,0.7846,244.2187256832
main_campaign_default_alpha_0_5,test6_calibracao,CIFAR10,0.5,65,E1L1F1,5.0,1.5,10,5,0.006433,0.006992,0.006797,0.0067565533754055385,3.0,4.0,3.165548197857873,0,0.8026,257.6953823232
main_campaign_default_alpha_0_5,test6_calibracao,CIFAR10,0.5,66,E1L1F1,5.0,1.5,10,5,0.006522,0.007579,0.006984,0.007152939091595929,3.0,4.0,3.7754544242478114,0,0.8199,307.3455561216
main_campaign_default_alpha_0_5,test6_calibracao,CIFAR10,0.5,67,E1L1F1,5.0,1.5,10,5,0.006372,0.006888,0.006595,0.006659661326163282,3.0,3.0,3.0,0,0.7929,244.2187256832
main_campaign_default_alpha_0_5,test6_calibracao,CIFAR10,0.5,68,E1L1F1,5.0,1.5,10,5,0.006006,0.007322,0.006315,0.006512572996755699,3.0,4.0,3.249677792098129,0,0.7678,264.5440564224
main_campaign_default_alpha_0_5,test6_calibracao,CIFAR10,0.5,69,E1L1F1,5.0,1.5,10,5,0.00612,0.008109,0.006909,0.007083418705419638,3.0,4.0,3.665311201475457,0,0.8113,298.38584064
main_campaign_default_alpha_0_5,test6_calibracao,CIFAR10,0.5,70,E1L1F1,5.0,1.5,10,5,0.00559,0.006654,0.006267,0.006305999844451357,2.0,3.0,2.833029643126972,0,0.7705,230.6262964224
main_campaign_default_alpha_0_5,test6_calibracao,CIFAR10,0.5,71,E1L1F1,5.0,1.5,10,5,0.006217,0.007643,0.006772,0.006961044798008978,3.0,4.0,3.381938580507533,0,0.8008,275.3109101568
main_campaign_default_alpha_0_5,test6_calibracao,CIFAR10,0.5,42,E1L1F1,3.0,0.5,10,5,0.007905,0.008661,0.008286,0.008464956514010176,3.0,4.0,3.942003866408906,0,0.7941,320.9108511744
main_campaign_default_alpha_0_5,test6_calibracao,CIFAR10,0.5,43,E1L1F1,3.0,0.5,10,5,0.008322,0.008783,0.008596,0.008584642690487301,4.0,4.0,4.0,0,0.7941,325.6322033664
main_campaign_default_alpha_0_5,test6_calibracao,CIFAR10,0.5,44,E1L1F1,3.0,0.5,10,5,0.008175,0.008914,0.008748,0.00866095566863695,4.0,4.0,4.0,0,0.7885,325.6249675776
main_campaign_default_alpha_0_5,test6_calibracao,CIFAR10,0.5,45,E1L1F1,3.0,0.5,10,5,0.00784,0.008596,0.0084,0.008348252816604075,3.0,4.0,3.8589586898068933,0,0.7925,314.1363439104
main_campaign_default_alpha_0_5,test6_calibracao,CIFAR10,0.5,46,E1L1F1,3.0,0.5,10,5,0.007931,0.008697,0.008421,0.008463628394293588,3.0,4.0,3.853962046131283,0,0.787,313.7365665792
main_campaign_default_alpha_0_5,test6_calibracao,CIFAR10,0.5,47,E1L1F1,3.0,0.5,10,5,0.008209,0.00932,0.008913,0.00911811048397849,4.0,5.0,4.685125105550864,0,0.8278,381.398427648
main_campaign_default_alpha_0_5,test6_calibracao,CIFAR10,0.5,48,E1L1F1,3.0,0.5,10,5,0.00771,0.00921,0.008826,0.008636718545842408,3.0,4.0,3.9047597884538465,0,0.7775,317.8718198784
main_campaign_default_alpha_0_5,test6_calibracao,CIFAR10,0.5,49,E1L1F1,3.0,0.5,10,5,0.008252,0.009078,0.008611,0.008713779165370427,4.0,4.0,4.0,0,0.8019,325.6249675776
main_campaign_default_alpha_0_5,test6_calibracao,CIFAR10,0.5,50,E1L1F1,3.0,0.5,10,5,0.008197,0.008837,0.008453,0.008585431136393939,4.0,4.0,4.0,0,0.8004,325.6249675776
main_campaign_default_alpha_0_5,test6_calibracao,CIFAR10,0.5,51,E1L1F1,3.0,0.5,10,5,0.008148,0.008901,0.008653,0.008578326052175459,4.0,4.0,4.0,0,0.7938,325.6249675776
main_campaign_default_alpha_0_5,test6_calibracao,CIFAR10,0.5,52,E1L1F1,3.0,0.5,10,5,0.008239,0.008823,0.008535,0.008581115439313806,4.0,4.0,4.0,0,0.8,325.6249675776
main_campaign_default_alpha_0_5,test6_calibracao,CIFAR10,0.5,53,E1L1F1,3.0,0.5,10,5,0.007836,0.009002,0.008506,0.0085895967512555,3.0,4.0,3.8493844718012533,0,0.8136,313.363923456
main_campaign_default_alpha_0_5,test6_calibracao,CIFAR10,0.5,54,E1L1F1,3.0,0.5,10,5,0.007985,0.008887,0.008602,0.00859708961823919,3.0,4.0,3.8895826852139903,0,0.8073,316.6363089408
main_campaign_default_alpha_0_5,test6_calibracao,CIFAR10,0.5,55,E1L1F1,3.0,0.5,10,5,0.008167,0.008731,0.008709,0.00869326414381583,4.0,4.0,4.0,0,0.8142,325.6249675776
main_campaign_default_alpha_0_5,test6_calibracao,CIFAR10,0.5,56,E1L1F1,3.0,0.5,10,5,0.007991,0.008807,0.008551,0.008624799524476146,3.0,4.0,3.9144945892496055,0,0.806,318.6713745408
main_campaign_default_alpha_0_5,test6_calibracao,CIFAR10,0.5,57,E1L1F1,3.0,0.5,10,5,0.007969,0.008923,0.008415,0.008650281314579029,3.0,4.0,3.920205319645357,0,0.7907,319.1362739712
main_campaign_default_alpha_0_5,test6_calibracao,CIFAR10,0.5,58,E1L1F1,3.0,0.5,10,5,0.008475,0.008937,0.008695,0.008716249855561976,4.0,4.0,4.0,0,0.8128,325.6249675776
main_campaign_default_alpha_0_5,test6_calibracao,CIFAR10,0.5,59,E1L1F1,3.0,0.5,10,5,0.00781,0.008763,0.008519,0.008517604448592318,3.0,4.0,3.922116303357554,0,0.806,319.2918434304
main_campaign_default_alpha_0_5,test6_calibracao,CIFAR10,0.5,60,E1L1F1,3.0,0.5,10,5,0.008267,0.008867,0.00869,0.00861907612994978,4.0,4.0,4.0,0,0.8015,325.6249675776
main_campaign_default_alpha_0_5,test6_calibracao,CIFAR10,0.5,61,E1L1F1,3.0,0.5,10,5,0.008386,0.008908,0.008613,0.008669240122661216,4.0,4.0,4.0,0,0.8035,325.6249675776
main_campaign_default_alpha_0_5,test6_calibracao,CIFAR10,0.5,62,E1L1F1,3.0,0.5,10,5,0.008306,0.009099,0.008536,0.008649317474778899,4.0,4.0,4.0,0,0.8078,325.6249675776
main_campaign_default_alpha_0_5,test6_calibracao,CIFAR10,0.5,63,E1L1F1,3.0,0.5,10,5,0.008492,0.009186,0.008589,0.008705853984267367,4.0,4.0,4.0,0,0.8116,325.6249675776
main_campaign_default_alpha_0_5,test6_calibracao,CIFAR10,0.5,64,E1L1F1,3.0,0.5,10,5,0.008426,0.008639,0.008527,0.008516190613750502,4.0,4.0,4.0,0,0.7918,325.6249675776
main_campaign_default_alpha_0_5,test6_calibracao,CIFAR10,0.5,65,E1L1F1,3.0,0.5,10,5,0.00844,0.008746,0.008642,0.008618812541664814,4.0,4.0,4.0,0,0.8059,325.6249675776
main_campaign_default_alpha_0_5,test6_calibracao,CIFAR10,0.5,66,E1L1F1,3.0,0.5,10,5,0.008491,0.009037,0.008742,0.008822343362517221,4.0,4.0,4.0,0,0.8086,325.6249675776
main_campaign_default_alpha_0_5,test6_calibracao,CIFAR10,0.5,67,E1L1F1,3.0,0.5,10,5,0.008405,0.008691,0.008532,0.008566233522954535,4.0,4.0,4.0,0,0.7971,325.6249675776
main_campaign_default_alpha_0_5,test6_calibracao,CIFAR10,0.5,68,E1L1F1,3.0,0.5,10,5,0.008186,0.008913,0.008372,0.008474325207768543,4.0,4.0,4.0,0,0.7875,325.6249675776
main_campaign_default_alpha_0_5,test6_calibracao,CIFAR10,0.5,69,E1L1F1,3.0,0.5,10,5,0.008255,0.009279,0.008702,0.0087714246161367,4.0,5.0,4.289691798324556,0,0.8105,349.2154480128
main_campaign_default_alpha_0_5,test6_calibracao,CIFAR10,0.5,70,E1L1F1,3.0,0.5,10,5,0.007918,0.008565,0.008343,0.008359707168570285,3.0,4.0,3.833029643126972,0,0.7125,188.14932185088
main_campaign_default_alpha_0_5,test6_calibracao,CIFAR10,0.5,71,E1L1F1,3.0,0.5,10,5,0.008314,0.009068,0.008629,0.008715409826229946,4.0,4.0,4.0,0,0.7308,182.02856810496
main_campaign_default_alpha_0_5,test6_calibracao,CIFAR10,0.5,42,E1L1F1,3.0,3.0,10,5,0.003861,0.005189,0.004461,0.004814282492278292,3.0,4.0,3.942003866408906,0,0.7925,320.9108511744
main_campaign_default_alpha_0_5,test6_calibracao,CIFAR10,0.5,43,E1L1F1,3.0,3.0,10,5,0.004525,0.00546,0.00505,0.005046222362953581,4.0,4.0,4.0,0,0.8022,325.6322033664
main_campaign_default_alpha_0_5,test6_calibracao,CIFAR10,0.5,44,E1L1F1,3.0,3.0,10,5,0.004275,0.005778,0.005379,0.005234127572107906,4.0,4.0,4.0,0,0.7979,325.6249675776
main_campaign_default_alpha_0_5,test6_calibracao,CIFAR10,0.5,45,E1L1F1,3.0,3.0,10,5,0.003769,0.00505,0.004667,0.004597582120397324,3.0,4.0,3.8589586898068933,0,0.7896,314.1363439104
main_campaign_default_alpha_0_5,test6_calibracao,CIFAR10,0.5,46,E1L1F1,3.0,3.0,10,5,0.003899,0.005267,0.004706,0.00482311390604862,3.0,4.0,3.853962046131283,0,0.7931,313.7365665792
main_campaign_default_alpha_0_5,test6_calibracao,CIFAR10,0.5,47,E1L1F1,3.0,3.0,10,5,0.004332,0.006956,0.005774,0.006427031598595617,4.0,5.0,4.685125105550864,0,0.8308,381.398427648
main_campaign_default_alpha_0_5,test6_calibracao,CIFAR10,0.5,48,E1L1F1,3.0,3.0,10,5,0.003595,0.006603,0.005561,0.005269715012666103,3.0,4.0,3.9047597884538465,0,0.7788,317.8718198784
main_campaign_default_alpha_0_5,test6_calibracao,CIFAR10,0.5,49,E1L1F1,3.0,3.0,10,5,0.004403,0.006214,0.005081,0.005342442535887293,4.0,4.0,4.0,0,0.8117,325.6249675776
main_campaign_default_alpha_0_5,test6_calibracao,CIFAR10,0.5,50,E1L1F1,3.0,3.0,10,5,0.004311,0.005587,0.004766,0.005062344740233768,4.0,4.0,4.0,0,0.8043,325.6249675776
main_campaign_default_alpha_0_5,test6_calibracao,CIFAR10,0.5,51,E1L1F1,3.0,3.0,10,5,0.00423,0.005744,0.005171,0.005041941980356428,4.0,4.0,4.0,0,0.8009,325.6249675776
main_campaign_default_alpha_0_5,test6_calibracao,CIFAR10,0.5,52,E1L1F1,3.0,3.0,10,5,0.004381,0.005553,0.004927,0.005044193302519888,4.0,4.0,4.0,0,0.8069,325.6249675776
main_campaign_default_alpha_0_5,test6_calibracao,CIFAR10,0.5,53,E1L1F1,3.0,3.0,10,5,0.003764,0.006004,0.004868,0.00512499971112395,3.0,4.0,3.8493844718012533,0,0.8126,313.363923456
main_campaign_default_alpha_0_5,test6_calibracao,CIFAR10,0.5,54,E1L1F1,3.0,3.0,10,5,0.003978,0.005711,0.005063,0.005104259832896315,3.0,4.0,3.8895826852139903,0,0.8088,316.6363089408
main_campaign_default_alpha_0_5,test6_calibracao,CIFAR10,0.5,55,E1L1F1,3.0,3.0,10,5,0.004261,0.005341,0.005292,0.005265861561708368,4.0,4.0,4.0,0,0.8149,325.6249675776
main_campaign_default_alpha_0_5,test6_calibracao,CIFAR10,0.5,56,E1L1F1,3.0,3.0,10,5,0.003987,0.005516,0.004958,0.005141648778970291,3.0,4.0,3.9144945892496055,0,0.8046,318.6713745408
main_campaign_default_alpha_0_5,test6_calibracao,CIFAR10,0.5,57,E1L1F1,3.0,3.0,10,5,0.003954,0.005801,0.004695,0.005223158233895519,3.0,4.0,3.920205319645357,0,0.7811,319.1362739712
main_campaign_default_alpha_0_5,test6_calibracao,CIFAR10,0.5,58,E1L1F1,3.0,3.0,10,5,0.004808,0.005836,0.005262,0.005325818230300876,4.0,4.0,4.0,0,0.8174,325.6249675776
main_campaign_default_alpha_0_5,test6_calibracao,CIFAR10,0.5,59,E1L1F1,3.0,3.0,10,5,0.003729,0.005415,0.004896,0.004937878141457236,3.0,4.0,3.922116303357554,0,0.7993,319.2918434304
main_campaign_default_alpha_0_5,test6_calibracao,CIFAR10,0.5,60,E1L1F1,3.0,3.0,10,5,0.004429,0.005661,0.005251,0.005125863072752322,4.0,4.0,4.0,0,0.8063,325.6249675776
main_campaign_default_alpha_0_5,test6_calibracao,CIFAR10,0.5,61,E1L1F1,3.0,3.0,10,5,0.00464,0.005761,0.005086,0.005230587773876716,4.0,4.0,4.0,0,0.7952,325.6249675776
main_campaign_default_alpha_0_5,test6_calibracao,CIFAR10,0.5,62,E1L1F1,3.0,3.0,10,5,0.004497,0.006273,0.004928,0.005230545131327497,4.0,4.0,4.0,0,0.8146,325.6249675776
main_campaign_default_alpha_0_5,test6_calibracao,CIFAR10,0.5,63,E1L1F1,3.0,3.0,10,5,0.004841,0.006528,0.005035,0.005332916803697613,4.0,4.0,4.0,0,0.8079,325.6249675776
main_campaign_default_alpha_0_5,test6_calibracao,CIFAR10,0.5,64,E1L1F1,3.0,3.0,10,5,0.004716,0.00514,0.004911,0.004891847584551797,4.0,4.0,4.0,0,0.7895,325.6249675776
main_campaign_default_alpha_0_5,test6_calibracao,CIFAR10,0.5,65,E1L1F1,3.0,3.0,10,5,0.004742,0.005375,0.005148,0.00510509584018488,4.0,4.0,4.0,0,0.7794,188.184777216
main_campaign_default_alpha_0_5,test6_calibracao,CIFAR10,0.5,66,E1L1F1,3.0,3.0,10,5,0.004839,0.006101,0.005366,0.005580915692635883,4.0,4.0,4.0,0,0.8169,325.6249675776
main_campaign_default_alpha_0_5,test6_calibracao,CIFAR10,0.5,67,E1L1F1,3.0,3.0,10,5,0.004676,0.005254,0.00492,0.004995262632771877,4.0,4.0,4.0,0,0.7998,325.6249675776
main_campaign_default_alpha_0_5,test6_calibracao,CIFAR10,0.5,68,E1L1F1,3.0,3.0,10,5,0.004292,0.005775,0.004615,0.004848459201813253,4.0,4.0,4.0,0,0.782,325.6249675776
main_campaign_default_alpha_0_5,test6_calibracao,CIFAR10,0.5,69,E1L1F1,3.0,3.0,10,5,0.004409,0.006819,0.005278,0.005533208986067595,4.0,5.0,4.289691798324556,0,0.8017,349.2154480128
main_campaign_default_alpha_0_5,test6_calibracao,CIFAR10,0.5,70,E1L1F1,3.0,3.0,10,5,0.003879,0.004986,0.004563,0.004614434914003822,3.0,4.0,3.833029643126972,0,0.7802,312.0325383168
main_campaign_default_alpha_0_5,test6_calibracao,CIFAR10,0.5,71,E1L1F1,3.0,3.0,10,5,0.004511,0.006185,0.00512,0.005368528576507711,4.0,4.0,4.0,0,0.8102,325.6249675776
main_campaign_default_alpha_0_5,test6_calibracao,CIFAR10,0.5,42,E1L1F1,3.0,1.5,10,5,0.005571,0.006832,0.00617,0.006489268448770083,3.0,4.0,3.942003866408906,0,0.7871,320.9108511744
main_campaign_default_alpha_0_5,test6_calibracao,CIFAR10,0.5,43,E1L1F1,3.0,1.5,10,5,0.006231,0.007063,0.006711,0.006699612048085684,4.0,4.0,4.0,0,0.8113,325.6322033664
main_campaign_default_alpha_0_5,test6_calibracao,CIFAR10,0.5,44,E1L1F1,3.0,1.5,10,5,0.005989,0.007324,0.006995,0.0068529659570685745,4.0,4.0,4.0,0,0.8018,325.6249675776
main_campaign_default_alpha_0_5,test6_calibracao,CIFAR10,0.5,45,E1L1F1,3.0,1.5,10,5,0.005474,0.006711,0.006364,0.0062886078531588195,3.0,4.0,3.8589586898068933,0,0.7897,314.1363439104
main_campaign_default_alpha_0_5,test6_calibracao,CIFAR10,0.5,46,E1L1F1,3.0,1.5,10,5,0.00561,0.0069,0.0064,0.006492999044486912,3.0,4.0,3.853962046131283,0,0.8018,313.7365665792
main_campaign_default_alpha_0_5,test6_calibracao,CIFAR10,0.5,47,E1L1F1,3.0,1.5,10,5,0.006045,0.008205,0.007321,0.007790146593484734,4.0,5.0,4.685125105550864,0,0.824,381.398427648
main_campaign_default_alpha_0_5,test6_calibracao,CIFAR10,0.5,48,E1L1F1,3.0,1.5,10,5,0.005288,0.007954,0.007147,0.0068500074218923596,3.0,4.0,3.9047597884538465,0,0.7695,317.8718198784
main_campaign_default_alpha_0_5,test6_calibracao,CIFAR10,0.5,49,E1L1F1,3.0,1.5,10,5,0.006114,0.007665,0.006738,0.00694820372427892,4.0,4.0,4.0,0,0.8129,325.6249675776
main_campaign_default_alpha_0_5,test6_calibracao,CIFAR10,0.5,50,E1L1F1,3.0,1.5,10,5,0.006025,0.007169,0.006455,0.006708292098128973,4.0,4.0,4.0,0,0.8023,325.6249675776
main_campaign_default_alpha_0_5,test6_calibracao,CIFAR10,0.5,51,E1L1F1,3.0,1.5,10,5,0.005945,0.007297,0.006817,0.006692613439402693,4.0,4.0,4.0,0,0.8019,325.6249675776
main_campaign_default_alpha_0_5,test6_calibracao,CIFAR10,0.5,52,E1L1F1,3.0,1.5,10,5,0.006093,0.007141,0.006601,0.006695828229856452,4.0,4.0,4.0,0,0.7973,325.6249675776
main_campaign_default_alpha_0_5,test6_calibracao,CIFAR10,0.5,53,E1L1F1,3.0,1.5,10,5,0.005469,0.007503,0.006549,0.006741403515399316,3.0,4.0,3.8493844718012533,0,0.8176,313.363923456
main_campaign_default_alpha_0_5,test6_calibracao,CIFAR10,0.5,54,E1L1F1,3.0,1.5,10,5,0.005691,0.00727,0.006722,0.006738027287676104,3.0,4.0,3.8895826852139903,0,0.7951,316.6363089408
main_campaign_default_alpha_0_5,test6_calibracao,CIFAR10,0.5,55,E1L1F1,3.0,1.5,10,5,0.005976,0.006963,0.006921,0.0068958431847473455,4.0,4.0,4.0,0,0.8137,325.6249675776
main_campaign_default_alpha_0_5,test6_calibracao,CIFAR10,0.5,56,E1L1F1,3.0,1.5,10,5,0.005701,0.00711,0.006629,0.006779097326844877,3.0,4.0,3.9144945892496055,0,0.8027,318.6713745408
main_campaign_default_alpha_0_5,test6_calibracao,CIFAR10,0.5,57,E1L1F1,3.0,1.5,10,5,0.005667,0.007342,0.006389,0.006838592538275227,3.0,4.0,3.920205319645357,0,0.7852,319.1362739712
main_campaign_default_alpha_0_5,test6_calibracao,CIFAR10,0.5,58,E1L1F1,3.0,1.5,10,5,0.006494,0.007371,0.006895,0.006943313986045065,4.0,4.0,4.0,0,0.8151,325.6249675776
main_campaign_default_alpha_0_5,test6_calibracao,CIFAR10,0.5,59,E1L1F1,3.0,1.5,10,5,0.005432,0.007025,0.006573,0.00659287320845277,3.0,4.0,3.922116303357554,0,0.7963,319.2918434304
main_campaign_default_alpha_0_5,test6_calibracao,CIFAR10,0.5,60,E1L1F1,3.0,1.5,10,5,0.006139,0.00723,0.006886,0.0067667099906670814,4.0,4.0,4.0,0,0.8027,325.6249675776
main_campaign_default_alpha_0_5,test6_calibracao,CIFAR10,0.5,61,E1L1F1,3.0,1.5,10,5,0.006339,0.00731,0.006742,0.006857802253233188,4.0,4.0,4.0,0,0.796,325.6249675776
main_campaign_default_alpha_0_5,test6_calibracao,CIFAR10,0.5,62,E1L1F1,3.0,1.5,10,5,0.006204,0.00771,0.006602,0.006839965823741167,4.0,4.0,4.0,0,0.8145,325.6249675776
main_campaign_default_alpha_0_5,test6_calibracao,CIFAR10,0.5,63,E1L1F1,3.0,1.5,10,5,0.006524,0.007899,0.006698,0.006935893026976578,4.0,4.0,4.0,0,0.8186,325.6249675776
main_campaign_default_alpha_0_5,test6_calibracao,CIFAR10,0.5,64,E1L1F1,3.0,1.5,10,5,0.006409,0.00679,0.006587,0.006568746389049376,4.0,4.0,4.0,0,0.7964,325.6249675776
main_campaign_default_alpha_0_5,test6_calibracao,CIFAR10,0.5,65,E1L1F1,3.0,1.5,10,5,0.006433,0.006992,0.006797,0.0067565533754055385,4.0,4.0,4.0,0,0.8135,325.6249675776
main_campaign_default_alpha_0_5,test6_calibracao,CIFAR10,0.5,66,E1L1F1,3.0,1.5,10,5,0.006522,0.007579,0.006984,0.007152939091595929,4.0,4.0,4.0,0,0.8129,325.6249675776
main_campaign_default_alpha_0_5,test6_calibracao,CIFAR10,0.5,67,E1L1F1,3.0,1.5,10,5,0.006372,0.006888,0.006595,0.006659661326163282,4.0,4.0,4.0,0,0.8001,325.6249675776
main_campaign_default_alpha_0_5,test6_calibracao,CIFAR10,0.5,68,E1L1F1,3.0,1.5,10,5,0.006006,0.007322,0.006315,0.006512572996755699,4.0,4.0,4.0,0,0.7786,325.6249675776
main_campaign_default_alpha_0_5,test6_calibracao,CIFAR10,0.5,69,E1L1F1,3.0,1.5,10,5,0.00612,0.008109,0.006909,0.007083418705419638,4.0,5.0,4.289691798324556,0,0.8081,349.2154480128
main_campaign_default_alpha_0_5,test6_calibracao,CIFAR10,0.5,70,E1L1F1,3.0,1.5,10,5,0.00559,0.006654,0.006267,0.006305999844451357,3.0,4.0,3.833029643126972,0,0.7767,312.0325383168
main_campaign_default_alpha_0_5,test6_calibracao,CIFAR10,0.5,71,E1L1F1,3.0,1.5,10,5,0.006217,0.007643,0.006772,0.006961044798008978,4.0,4.0,4.0,0,0.7931,325.6249675776
main_campaign_default_alpha_0_5,test7_plato,CIFAR10,0.5,42,E1L1F1,3.0,1.5,50,5,0.005571,0.006832,0.00617,0.006489268448770083,3.0,4.0,3.942003866408906,0,0.8111,1604.554255872
main_campaign_default_alpha_0_5,test7_plato,CIFAR10,0.5,43,E1L1F1,3.0,1.5,50,5,0.006231,0.007063,0.006711,0.006699612048085684,4.0,4.0,4.0,0,0.8195,1628.161016832
main_campaign_default_alpha_0_5,test7_plato,CIFAR10,0.5,44,E1L1F1,3.0,1.5,50,5,0.005989,0.007324,0.006995,0.0068529659570685745,4.0,4.0,4.0,0,0.8176,1628.124837888
main_campaign_default_alpha_0_5,test7_plato,CIFAR10,0.5,45,E1L1F1,3.0,1.5,50,5,0.005474,0.006711,0.006364,0.0062886078531588195,3.0,4.0,3.8589586898068933,0,0.8191,1570.681719552
main_campaign_default_alpha_0_5,test7_plato,CIFAR10,0.5,46,E1L1F1,3.0,1.5,50,5,0.00561,0.0069,0.0064,0.006492999044486912,3.0,4.0,3.853962046131283,0,0.8111,1568.682832896
main_campaign_default_alpha_0_5,test7_plato,CIFAR10,0.5,47,E1L1F1,3.0,1.5,50,5,0.006045,0.008205,0.007321,0.007790146593484734,4.0,5.0,4.685125105550864,0,0.8356,1906.99213824
main_campaign_default_alpha_0_5,test7_plato,CIFAR10,0.5,48,E1L1F1,3.0,1.5,50,5,0.005288,0.007954,0.007147,0.0068500074218923596,3.0,4.0,3.9047597884538465,0,0.8054,1589.359099392
main_campaign_default_alpha_0_5,test7_plato,CIFAR10,0.5,49,E1L1F1,3.0,1.5,50,5,0.006114,0.007665,0.006738,0.00694820372427892,4.0,4.0,4.0,0,0.8213,1628.124837888
main_campaign_default_alpha_0_5,test7_plato,CIFAR10,0.5,50,E1L1F1,3.0,1.5,50,5,0.006025,0.007169,0.006455,0.006708292098128973,4.0,4.0,4.0,0,0.819,1628.124837888
main_campaign_default_alpha_0_5,test7_plato,CIFAR10,0.5,51,E1L1F1,3.0,1.5,50,5,0.005945,0.007297,0.006817,0.006692613439402693,4.0,4.0,4.0,0,0.8119,1628.124837888
main_campaign_default_alpha_0_5,test7_plato,CIFAR10,0.5,52,E1L1F1,3.0,1.5,50,5,0.006093,0.007141,0.006601,0.006695828229856452,4.0,4.0,4.0,0,0.8142,1628.124837888
main_campaign_default_alpha_0_5,test7_plato,CIFAR10,0.5,53,E1L1F1,3.0,1.5,50,5,0.005469,0.007503,0.006549,0.006741403515399316,3.0,4.0,3.8493844718012533,0,0.8268,1566.81961728
main_campaign_default_alpha_0_5,test7_plato,CIFAR10,0.5,54,E1L1F1,3.0,1.5,50,5,0.005691,0.00727,0.006722,0.006738027287676104,3.0,4.0,3.8895826852139903,0,0.8188,1583.181544704
main_campaign_default_alpha_0_5,test7_plato,CIFAR10,0.5,55,E1L1F1,3.0,1.5,50,5,0.005976,0.006963,0.006921,0.0068958431847473455,4.0,4.0,4.0,0,0.8191,1628.124837888
main_campaign_default_alpha_0_5,test7_plato,CIFAR10,0.5,56,E1L1F1,3.0,1.5,50,5,0.005701,0.00711,0.006629,0.006779097326844877,3.0,4.0,3.9144945892496055,0,0.8214,1593.356872704
main_campaign_default_alpha_0_5,test7_plato,CIFAR10,0.5,57,E1L1F1,3.0,1.5,50,5,0.005667,0.007342,0.006389,0.006838592538275227,3.0,4.0,3.920205319645357,0,0.8132,1595.681369856
main_campaign_default_alpha_0_5,test7_plato,CIFAR10,0.5,58,E1L1F1,3.0,1.5,50,5,0.006494,0.007371,0.006895,0.006943313986045065,4.0,4.0,4.0,0,0.822,1628.124837888
main_campaign_default_alpha_0_5,test7_plato,CIFAR10,0.5,59,E1L1F1,3.0,1.5,50,5,0.005432,0.007025,0.006573,0.00659287320845277,3.0,4.0,3.922116303357554,0,0.8253,1596.459217152
main_campaign_default_alpha_0_5,test7_plato,CIFAR10,0.5,60,E1L1F1,3.0,1.5,50,5,0.006139,0.00723,0.006886,0.0067667099906670814,4.0,4.0,4.0,0,0.8195,1628.124837888
main_campaign_default_alpha_0_5,test7_plato,CIFAR10,0.5,61,E1L1F1,3.0,1.5,50,5,0.006339,0.00731,0.006742,0.006857802253233188,4.0,4.0,4.0,0,0.8182,1628.124837888
main_campaign_default_alpha_0_5,test7_plato,CIFAR10,0.5,62,E1L1F1,3.0,1.5,50,5,0.006204,0.00771,0.006602,0.006839965823741167,4.0,4.0,4.0,0,0.8206,1628.124837888
main_campaign_default_alpha_0_5,test7_plato,CIFAR10,0.5,63,E1L1F1,3.0,1.5,50,5,0.006524,0.007899,0.006698,0.006935893026976578,4.0,4.0,4.0,0,0.818,1628.124837888
main_campaign_default_alpha_0_5,test7_plato,CIFAR10,0.5,64,E1L1F1,3.0,1.5,50,5,0.006409,0.00679,0.006587,0.006568746389049376,4.0,4.0,4.0,0,0.8108,1628.124837888
main_campaign_default_alpha_0_5,test7_plato,CIFAR10,0.5,65,E1L1F1,3.0,1.5,50,5,0.006433,0.006992,0.006797,0.0067565533754055385,4.0,4.0,4.0,0,0.8169,1628.124837888
main_campaign_default_alpha_0_5,test7_plato,CIFAR10,0.5,66,E1L1F1,3.0,1.5,50,5,0.006522,0.007579,0.006984,0.007152939091595929,4.0,4.0,4.0,0,0.819,1628.124837888
main_campaign_default_alpha_0_5,test7_plato,CIFAR10,0.5,67,E1L1F1,3.0,1.5,50,5,0.006372,0.006888,0.006595,0.006659661326163282,4.0,4.0,4.0,0,0.8182,1628.124837888
main_campaign_default_alpha_0_5,test7_plato,CIFAR10,0.5,68,E1L1F1,3.0,1.5,50,5,0.006006,0.007322,0.006315,0.006512572996755699,4.0,4.0,4.0,0,0.8095,1628.124837888
main_campaign_default_alpha_0_5,test7_plato,CIFAR10,0.5,69,E1L1F1,3.0,1.5,50,5,0.00612,0.008109,0.006909,0.007083418705419638,4.0,5.0,4.289691798324556,0,0.8208,1746.077240064
main_campaign_default_alpha_0_5,test7_plato,CIFAR10,0.5,70,E1L1F1,3.0,1.5,50,5,0.00559,0.006654,0.006267,0.006305999844451357,3.0,4.0,3.833029643126972,0,0.8065,1560.162691584
main_campaign_default_alpha_0_5,test7_plato,CIFAR10,0.5,71,E1L1F1,3.0,1.5,50,5,0.006217,0.007643,0.006772,0.006961044798008978,4.0,4.0,4.0,0,0.8286,1628.124837888
main_campaign_default_alpha_0_5,test8_femnist,FEMNIST,,42,E1L1F1,3.0,1.5,10,10,0.007641,0.008241,0.007719999999999999,0.007938325023518343,4.0,5.0,4.491063029162747,0,0.659217877094972,11.13319409664
main_campaign_default_alpha_0_5,test8_femnist,FEMNIST,,43,E1L1F1,3.0,1.5,10,10,0.007588,0.008268,0.0077345,0.007945499529633113,4.0,5.0,4.491063029162747,0,0.6528704939919893,11.13319409664
main_campaign_default_alpha_0_5,test8_femnist,FEMNIST,,44,E1L1F1,3.0,1.5,10,10,0.007685,0.008255,0.007774,0.007962914393226717,4.0,5.0,4.491063029162747,0,0.650092246771363,11.13319409664
main_campaign_default_alpha_0_5,test8_femnist,FEMNIST,,45,E1L1F1,3.0,1.5,10,10,0.007648,0.008234,0.0077800000000000005,0.007944320319849483,4.0,5.0,4.491063029162747,0,0.6389151687164932,11.13319409664
main_campaign_default_alpha_0_5,test8_femnist,FEMNIST,,46,E1L1F1,3.0,1.5,10,10,0.007696,0.008276,0.007711,0.007944736594543745,4.0,5.0,4.491063029162747,0,0.6323980612744008,11.13319409664
main_campaign_default_alpha_0_5,test8_femnist,FEMNIST,,47,E1L1F1,3.0,1.5,10,10,0.007634,0.008293,0.0077495,0.00795062041392286,4.0,5.0,4.491063029162747,0,0.6414860132109766,11.13319409664
main_campaign_default_alpha_0_5,test8_femnist,FEMNIST,,48,E1L1F1,3.0,1.5,10,10,0.007675,0.008215,0.007745,0.00795044590780809,4.0,5.0,4.491063029162747,0,0.644819255547602,11.13319409664
main_campaign_default_alpha_0_5,test8_femnist,FEMNIST,,49,E1L1F1,3.0,1.5,10,10,0.007651,0.008281,0.007742000000000001,0.007955968955785514,4.0,5.0,4.491063029162747,0,0.6471693279822389,11.13319409664
main_campaign_default_alpha_0_5,test8_femnist,FEMNIST,,50,E1L1F1,3.0,1.5,10,10,0.007656,0.008278,0.0077465,0.007948392285983066,4.0,5.0,4.491063029162747,0,0.664790355464941,11.13319409664
main_campaign_default_alpha_0_5,test8_femnist,FEMNIST,,51,E1L1F1,3.0,1.5,10,10,0.007613,0.00832,0.007757,0.007956615239887112,4.0,5.0,4.491063029162747,0,0.677992277992278,11.13319409664
main_campaign_default_alpha_0_5,test8_femnist,FEMNIST,,52,E1L1F1,3.0,1.5,10,10,0.00763,0.008236,0.0077805,0.007945069614299152,4.0,5.0,4.491063029162747,0,0.6555754273593145,11.13319409664
main_campaign_default_alpha_0_5,test8_femnist,FEMNIST,,53,E1L1F1,3.0,1.5,10,10,0.007651,0.008244,0.0077465,0.007944848541862653,4.0,5.0,4.491063029162747,0,0.6390476190476191,11.13319409664
main_campaign_default_alpha_0_5,test8_femnist,FEMNIST,,54,E1L1F1,3.0,1.5,10,10,0.007638,0.008227,0.0077435,0.00793611665098777,4.0,5.0,4.491063029162747,0,0.6659748401033504,11.13319409664
main_campaign_default_alpha_0_5,test8_femnist,FEMNIST,,55,E1L1F1,3.0,1.5,10,10,0.007593,0.008207,0.0077695,0.007945612417685795,4.0,5.0,4.491063029162747,0,0.6516169209554735,11.13319409664
main_campaign_default_alpha_0_5,test8_femnist,FEMNIST,,56,E1L1F1,3.0,1.5,10,10,0.007627,0.008213,0.0077715,0.007940812793979304,4.0,5.0,4.491063029162747,0,0.6679740393145632,11.13319409664
main_campaign_default_alpha_0_5,test8_femnist,FEMNIST,,57,E1L1F1,3.0,1.5,10,10,0.007644,0.00828,0.0077525,0.007960219190968955,4.0,5.0,4.491063029162747,0,0.6583181818181818,11.13319409664
main_campaign_default_alpha_0_5,test8_femnist,FEMNIST,,58,E1L1F1,3.0,1.5,10,10,0.007619,0.008256,0.007793,0.007945441674506115,4.0,5.0,4.491063029162747,0,0.6568660367403713,11.13319409664
main_campaign_default_alpha_0_5,test8_femnist,FEMNIST,,59,E1L1F1,3.0,1.5,10,10,0.007656,0.008252,0.0077285,0.007941172154280338,4.0,5.0,4.491063029162747,0,0.6412326388888889,11.13319409664
main_campaign_default_alpha_0_5,test8_femnist,FEMNIST,,60,E1L1F1,3.0,1.5,10,10,0.007685,0.00827,0.0077610000000000005,0.007945321260583256,4.0,5.0,4.491063029162747,0,0.6459043205669892,11.13319409664
main_campaign_default_alpha_0_5,test8_femnist,FEMNIST,,61,E1L1F1,3.0,1.5,10,10,0.007641,0.008263,0.0077795,0.007962601599247414,4.0,5.0,4.491063029162747,0,0.6383261081128904,11.13319409664
main_campaign_default_alpha_0_5,test8_femnist,FEMNIST,,62,E1L1F1,3.0,1.5,10,10,0.007621,0.008263,0.007764,0.007960567262464722,4.0,5.0,4.491063029162747,0,0.6366226239009775,11.13319409664
main_campaign_default_alpha_0_5,test8_femnist,FEMNIST,,63,E1L1F1,3.0,1.5,10,10,0.007666,0.008229,0.007781,0.007952599717779868,4.0,5.0,4.491063029162747,0,0.6471245863518469,11.13319409664
main_campaign_default_alpha_0_5,test8_femnist,FEMNIST,,64,E1L1F1,3.0,1.5,10,10,0.007626,0.008204,0.00773,0.007945343367826905,4.0,5.0,4.491063029162747,0,0.6594413407821229,11.13319409664
main_campaign_default_alpha_0_5,test8_femnist,FEMNIST,,65,E1L1F1,3.0,1.5,10,10,0.007665,0.008241,0.00775,0.007938319849482598,4.0,5.0,4.491063029162747,0,0.6663762704833022,11.13319409664
main_campaign_default_alpha_0_5,test8_femnist,FEMNIST,,66,E1L1F1,3.0,1.5,10,10,0.007607,0.008265,0.0077155,0.007928298682972719,4.0,5.0,4.491063029162747,0,0.6662459683073902,11.13319409664
main_campaign_default_alpha_0_5,test8_femnist,FEMNIST,,67,E1L1F1,3.0,1.5,10,10,0.007657,0.008322,0.0077275,0.007952779868297271,4.0,5.0,4.491063029162747,0,0.6577961672473868,11.13319409664
main_campaign_default_alpha_0_5,test8_femnist,FEMNIST,,68,E1L1F1,3.0,1.5,10,10,0.007684,0.008257,0.0077655,0.00794822483537159,4.0,5.0,4.491063029162747,0,0.6434398521656826,11.13319409664
main_campaign_default_alpha_0_5,test8_femnist,FEMNIST,,69,E1L1F1,3.0,1.5,10,10,0.007628,0.008248,0.0077280000000000005,0.007954021636876765,4.0,5.0,4.491063029162747,0,0.6284728784728785,11.13319409664
main_campaign_default_alpha_0_5,test8_femnist,FEMNIST,,70,E1L1F1,3.0,1.5,10,10,0.007673,0.008293,0.0077765,0.007973844778927564,4.0,5.0,4.491063029162747,0,0.6463267070008643,11.13319409664
main_campaign_default_alpha_0_5,test8_femnist,FEMNIST,,71,E1L1F1,3.0,1.5,10,10,0.007677,0.008272,0.0077615,0.007963482126058326,4.0,5.0,4.491063029162747,0,0.6501173810972959,11.13319409664
main_campaign_default_alpha_0_01,test1_convergencia,CIFAR10,0.01,42,E1L1F1,3.0,1.5,10,5,0.004001,0.005931,0.005061,0.005426528343814583,2.0,4.0,3.278149374458345,0,0.6248,266.855890944
main_campaign_default_alpha_0_01,test1_convergencia,CIFAR10,0.01,43,E1L1F1,3.0,1.5,10,5,0.004002,0.006179,0.005004,0.005316269105130998,2.0,4.0,3.175573876136086,0,0.5173,258.5057906688
main_campaign_default_alpha_0_01,test1_convergencia,CIFAR10,0.01,44,E1L1F1,3.0,1.5,10,5,0.004,0.006074,0.0052,0.005484446103593094,2.0,4.0,3.2946470235317644,0,0.5604,268.2107923968
main_campaign_default_alpha_0_01,test1_convergencia,CIFAR10,0.01,45,E1L1F1,3.0,1.5,10,5,0.004,0.005872,0.005,0.0053017574552242114,2.0,4.0,3.1339718234745124,0,0.5988,255.124868352
main_campaign_default_alpha_0_01,test1_convergencia,CIFAR10,0.01,46,E1L1F1,3.0,1.5,10,5,0.004,0.006667,0.0048354999999999995,0.005834585044444444,2.0,4.0,3.3,1,0.5737,268.6286592
main_campaign_default_alpha_0_01,test1_convergencia,CIFAR10,0.01,47,E1L1F1,3.0,1.5,10,5,0.004127,0.006204,0.004997,0.005346866053374219,2.0,4.0,3.295024776126036,0,0.5683,268.2415444992
main_campaign_default_alpha_0_01,test1_convergencia,CIFAR10,0.01,48,E1L1F1,3.0,1.5,10,5,0.005001,0.005709,0.0053355,0.005416497966711851,3.0,3.0,3.0,1,0.5654,244.2132988416
main_campaign_default_alpha_0_01,test1_convergencia,CIFAR10,0.01,49,E1L1F1,3.0,1.5,10,5,0.004246,0.005945,0.005,0.005361977645934716,2.0,4.0,3.1294580361309245,0,0.5219,254.763078912
main_campaign_default_alpha_0_01,test1_convergencia,CIFAR10,0.01,50,E1L1F1,3.0,1.5,10,5,0.004001,0.006843,0.004003,0.005759730767521444,2.0,4.0,3.218434736233945,0,0.6,262.0006766592
main_campaign_default_alpha_0_01,test1_convergencia,CIFAR10,0.01,51,E1L1F1,3.0,1.5,10,5,0.004001,0.006202,0.005339,0.005584555387658051,2.0,4.0,3.2999711117530723,1,0.5788,268.6322770944
main_campaign_default_alpha_0_01,test1_convergencia,CIFAR10,0.01,52,E1L1F1,3.0,1.5,10,5,0.004009,0.006202,0.0054915,0.005738714450789982,2.0,4.0,3.64480789315793,1,0.5634,296.703519744
main_campaign_default_alpha_0_01,test1_convergencia,CIFAR10,0.01,53,E1L1F1,3.0,1.5,10,5,0.004,0.00575,0.005666,0.005529706257499666,2.0,4.0,3.1939691569263586,0,0.5972,260.009025792
main_campaign_default_alpha_0_01,test1_convergencia,CIFAR10,0.01,54,E1L1F1,3.0,1.5,10,5,0.004001,0.006045,0.005001,0.005513622683436292,2.0,4.0,3.4972001244389137,0,0.5563,284.6939192832
main_campaign_default_alpha_0_01,test1_convergencia,CIFAR10,0.01,55,E1L1F1,3.0,1.5,10,5,0.004,0.00638,0.004012,0.005830831203751028,2.0,4.0,3.599075576098309,0,0.6092,292.9807064064
main_campaign_default_alpha_0_01,test1_convergencia,CIFAR10,0.01,56,E1L1F1,3.0,1.5,10,5,0.004222,0.00567,0.005007,0.005170631757882808,2.0,3.0,2.9061173699531144,0,0.5738,236.5813506048
main_campaign_default_alpha_0_01,test1_convergencia,CIFAR10,0.01,57,E1L1F1,3.0,1.5,10,5,0.005,0.006202,0.0050185,0.005485419101797738,3.0,4.0,3.397613386369192,1,0.5351,276.5807910912
main_campaign_default_alpha_0_01,test1_convergencia,CIFAR10,0.01,58,E1L1F1,3.0,1.5,10,5,0.004001,0.00567,0.005002,0.005167839251588818,2.0,3.0,2.9000044442469224,0,0.5433,236.0784632832
main_campaign_default_alpha_0_01,test1_convergencia,CIFAR10,0.01,59,E1L1F1,3.0,1.5,10,5,0.004004,0.006202,0.005066,0.005579855876274915,2.0,4.0,3.297691265026776,0,0.5642,268.4586181632
main_campaign_default_alpha_0_01,test1_convergencia,CIFAR10,0.01,60,E1L1F1,3.0,1.5,10,5,0.004,0.006201,0.005,0.005292016110395094,2.0,4.0,3.1937913870494645,0,0.528,259.9945542144
main_campaign_default_alpha_0_01,test1_convergencia,CIFAR10,0.01,61,E1L1F1,3.0,1.5,10,5,0.004111,0.006202,0.00501,0.005489143123791746,2.0,4.0,3.394440370641957,0,0.5421,276.334774272
main_campaign_default_alpha_0_01,test1_convergencia,CIFAR10,0.01,62,E1L1F1,3.0,1.5,10,5,0.004001,0.006282,0.005,0.005615704413137195,2.0,4.0,3.3062530554197593,0,0.5519,269.1496359936
main_campaign_default_alpha_0_01,test1_convergencia,CIFAR10,0.01,63,E1L1F1,3.0,1.5,10,5,0.004001,0.00593,0.005001,0.0052949596017954756,2.0,4.0,3.207146349051153,0,0.5453,261.0817314816
main_campaign_default_alpha_0_01,test1_convergencia,CIFAR10,0.01,64,E1L1F1,3.0,1.5,10,5,0.004001,0.00567,0.005001,0.005101784498466735,2.0,3.0,2.9000933291853697,0,0.5019,236.085699072
main_campaign_default_alpha_0_01,test1_convergencia,CIFAR10,0.01,65,E1L1F1,3.0,1.5,10,5,0.004,0.006173,0.005342,0.005437091240389315,2.0,4.0,3.1527043242522557,0,0.5845,256.6498108416
main_campaign_default_alpha_0_01,test1_convergencia,CIFAR10,0.01,66,E1L1F1,3.0,1.5,10,5,0.004382,0.006202,0.00533,0.005629750949936671,2.0,4.0,3.306224029509144,0,0.6245,269.153253888
main_campaign_default_alpha_0_01,test1_convergencia,CIFAR10,0.01,67,E1L1F1,3.0,1.5,10,5,0.004,0.006667,0.004017,0.005533816256693998,2.0,4.0,3.1976757105081886,0,0.5229,260.316546816
main_campaign_default_alpha_0_01,test1_convergencia,CIFAR10,0.01,68,E1L1F1,3.0,1.5,10,5,0.004001,0.00567,0.005001,0.005101510421759033,2.0,3.0,2.9000044442469224,0,0.4772,236.0784632832
main_campaign_default_alpha_0_01,test1_convergencia,CIFAR10,0.01,69,E1L1F1,3.0,1.5,10,5,0.004,0.006427,0.004983,0.005767704184351459,2.0,4.0,3.425990533543699,0,0.6053,278.8908166656
main_campaign_default_alpha_0_01,test1_convergencia,CIFAR10,0.01,70,E1L1F1,3.0,1.5,10,5,0.004001,0.00574,0.005,0.005127605564320793,2.0,4.0,3.2061509744227905,0,0.5265,260.994902016
main_campaign_default_alpha_0_01,test1_convergencia,CIFAR10,0.01,71,E1L1F1,3.0,1.5,10,5,0.004002,0.00621,0.004222,0.0053942085240655975,2.0,4.0,3.0909737345006887,0,0.5167,251.62455552
main_campaign_default_alpha_0_01,test1_convergencia,FashionMNIST,0.01,42,E1L1F1,3.0,1.5,10,5,0.004002,0.005931,0.005057,0.005425796377911929,2.0,4.0,3.2781378467464166,0,0.7768,2.9914561584
main_campaign_default_alpha_0_01,test1_convergencia,FashionMNIST,0.01,43,E1L1F1,3.0,1.5,10,5,0.004,0.00618,0.005004,0.0053143653383208025,2.0,4.0,3.1756231250694418,0,0.699,2.897906616
main_campaign_default_alpha_0_01,test1_convergencia,FashionMNIST,0.01,44,E1L1F1,3.0,1.5,10,5,0.004001,0.006074,0.005195,0.005483019128921151,2.0,4.0,3.2946372356579388,0,0.6967,3.0065126328
main_campaign_default_alpha_0_01,test1_convergencia,FashionMNIST,0.01,45,E1L1F1,3.0,1.5,10,5,0.004002,0.005874,0.005,0.005302136939372616,2.0,4.0,3.1338839302248065,0,0.7303,2.8598176224
main_campaign_default_alpha_0_01,test1_convergencia,FashionMNIST,0.01,46,E1L1F1,3.0,1.5,10,5,0.004,0.006667,0.0048354999999999995,0.005834569092592593,2.0,4.0,3.2999814814814816,1,0.7185,3.0112779816
main_campaign_default_alpha_0_01,test1_convergencia,FashionMNIST,0.01,47,E1L1F1,3.0,1.5,10,5,0.004123,0.006203,0.004997,0.005345192674481048,2.0,4.0,3.2950947169601688,0,0.7442,3.006985788
main_campaign_default_alpha_0_01,test1_convergencia,FashionMNIST,0.01,48,E1L1F1,3.0,1.5,10,5,0.005,0.00571,0.0053355,0.005416608155404529,3.0,3.0,3.0,1,0.6952,2.7375914952
main_campaign_default_alpha_0_01,test1_convergencia,FashionMNIST,0.01,49,E1L1F1,3.0,1.5,10,5,0.00424,0.005942,0.005,0.005361445660426273,2.0,4.0,3.1294928059552247,0,0.7507,2.8558633968
main_campaign_default_alpha_0_01,test1_convergencia,FashionMNIST,0.01,50,E1L1F1,3.0,1.5,10,5,0.004,0.006842,0.004001,0.00575924241694752,2.0,4.0,3.218491907707122,0,0.7139,2.937026412
main_campaign_default_alpha_0_01,test1_convergencia,FashionMNIST,0.01,51,E1L1F1,3.0,1.5,10,5,0.004001,0.006203,0.0053384999999999995,0.005584773925925926,2.0,4.0,3.2999814814814816,1,0.7362,3.0112779816
main_campaign_default_alpha_0_01,test1_convergencia,FashionMNIST,0.01,52,E1L1F1,3.0,1.5,10,5,0.004,0.006202,0.004908,0.00573955286013222,2.0,4.0,3.6448399103720304,0,0.7214,3.32602758
main_campaign_default_alpha_0_01,test1_convergencia,FashionMNIST,0.01,53,E1L1F1,3.0,1.5,10,5,0.004,0.005746,0.005668,0.005528542229135419,2.0,4.0,3.193859600392571,0,0.7493,2.9146022352
main_campaign_default_alpha_0_01,test1_convergencia,FashionMNIST,0.01,54,E1L1F1,3.0,1.5,10,5,0.004,0.006049,0.005001,0.00551482887670827,2.0,4.0,3.4972038072663976,0,0.7094,3.1913642304
main_campaign_default_alpha_0_01,test1_convergencia,FashionMNIST,0.01,55,E1L1F1,3.0,1.5,10,5,0.004,0.006381,0.00401,0.005831202659160773,2.0,4.0,3.5992000296285322,0,0.7412,3.2844406176
main_campaign_default_alpha_0_01,test1_convergencia,FashionMNIST,0.01,56,E1L1F1,3.0,1.5,10,5,0.004217,0.00567,0.005006,0.005170010814614545,2.0,3.0,2.9061498861132202,0,0.7317,2.651950404
main_campaign_default_alpha_0_01,test1_convergencia,FashionMNIST,0.01,57,E1L1F1,3.0,1.5,10,5,0.005,0.006202,0.005,0.0054854719912594205,3.0,4.0,3.3976593026055073,0,0.7156,3.1004677368
main_campaign_default_alpha_0_01,test1_convergencia,FashionMNIST,0.01,58,E1L1F1,3.0,1.5,10,5,0.004,0.00567,0.005003,0.005168462760638495,2.0,3.0,2.8999851857338617,0,0.7069,2.646373932
main_campaign_default_alpha_0_01,test1_convergencia,FashionMNIST,0.01,59,E1L1F1,3.0,1.5,10,5,0.004006,0.006202,0.005082,0.00558010903097976,2.0,4.0,3.2976316130585337,0,0.6764,3.0093008688
main_campaign_default_alpha_0_01,test1_convergencia,FashionMNIST,0.01,60,E1L1F1,3.0,1.5,10,5,0.004,0.0062,0.005001,0.005292356505314617,2.0,4.0,3.1938076367541943,0,0.6749,2.9145008448
main_campaign_default_alpha_0_01,test1_convergencia,FashionMNIST,0.01,61,E1L1F1,3.0,1.5,10,5,0.004122,0.006202,0.005009,0.0054880331648241775,2.0,4.0,3.3943299446327058,0,0.7933,3.0975443136
main_campaign_default_alpha_0_01,test1_convergencia,FashionMNIST,0.01,62,E1L1F1,3.0,1.5,10,5,0.004,0.006282,0.005001,0.005615749712973593,2.0,4.0,3.3062479167438243,0,0.6981,3.0171079296
main_campaign_default_alpha_0_01,test1_convergencia,FashionMNIST,0.01,63,E1L1F1,3.0,1.5,10,5,0.004,0.005931,0.005,0.005296140383689492,2.0,4.0,3.2072145476093477,0,0.7224,2.9267352864
main_campaign_default_alpha_0_01,test1_convergencia,FashionMNIST,0.01,64,E1L1F1,3.0,1.5,10,5,0.004,0.00567,0.005,0.00510131560526657,2.0,3.0,2.9000944426955058,0,0.6752,2.6464246272
main_campaign_default_alpha_0_01,test1_convergencia,FashionMNIST,0.01,65,E1L1F1,3.0,1.5,10,5,0.004001,0.006172,0.005335,0.00543496394644742,2.0,4.0,3.1525841156972763,0,0.6879,2.8769357016
main_campaign_default_alpha_0_01,test1_convergencia,FashionMNIST,0.01,66,E1L1F1,3.0,1.5,10,5,0.004373,0.006202,0.005327,0.005626608199696306,2.0,4.0,3.3062479167438243,0,0.7541,3.0171079296
main_campaign_default_alpha_0_01,test1_convergencia,FashionMNIST,0.01,67,E1L1F1,3.0,1.5,10,5,0.004,0.006667,0.004016,0.005533492101998111,2.0,4.0,3.19781115164534,0,0.6521,2.918100204
main_campaign_default_alpha_0_01,test1_convergencia,FashionMNIST,0.01,68,E1L1F1,3.0,1.5,10,5,0.004001,0.00567,0.005,0.00510127782304359,2.0,3.0,2.8999851857338617,0,0.6738,2.646373932
main_campaign_default_alpha_0_01,test1_convergencia,FashionMNIST,0.01,69,E1L1F1,3.0,1.5,10,5,0.004,0.006425,0.004984,0.005767798651876817,2.0,4.0,3.425992111257199,0,0.7178,3.1263222888
main_campaign_default_alpha_0_01,test1_convergencia,FashionMNIST,0.01,70,E1L1F1,3.0,1.5,10,5,0.004001,0.00574,0.005001,0.005127657346024221,2.0,4.0,3.2061960668123404,0,0.7122,2.9258058744
main_campaign_default_alpha_0_01,test1_convergencia,FashionMNIST,0.01,71,E1L1F1,3.0,1.5,10,5,0.004,0.006209,0.004225,0.005394098570423317,2.0,4.0,3.091033665419799,0,0.6007,2.8207147248
main_campaign_default_alpha_0_01,test1_convergencia,MNIST,0.01,42,E1L1F1,3.0,1.5,10,5,0.004003,0.005911,0.005058,0.005424859378182692,2.0,4.0,3.2851693424439383,0,0.9392,2.9979282456
main_campaign_default_alpha_0_01,test1_convergencia,MNIST,0.01,43,E1L1F1,3.0,1.5,10,5,0.004001,0.006166,0.005004,0.005294627976741601,2.0,4.0,3.1678085996814933,0,0.8787,2.8907754912
main_campaign_default_alpha_0_01,test1_convergencia,MNIST,0.01,44,E1L1F1,3.0,1.5,10,5,0.004001,0.006064,0.00523,0.005506553294322434,2.0,4.0,3.2970075182400653,0,0.9275,3.008675628
main_campaign_default_alpha_0_01,test1_convergencia,MNIST,0.01,45,E1L1F1,3.0,1.5,10,5,0.004001,0.005889,0.004999,0.005293544109477426,2.0,4.0,3.121328839672605,0,0.9303,2.8483605072
main_campaign_default_alpha_0_01,test1_convergencia,MNIST,0.01,46,E1L1F1,3.0,1.5,10,5,0.004,0.006664,0.004,0.0057894936760430355,2.0,4.0,3.2679765189533527,0,0.9383,2.9821282416
main_campaign_default_alpha_0_01,test1_convergencia,MNIST,0.01,47,E1L1F1,3.0,1.5,10,5,0.004108,0.006202,0.004997,0.005332277336444272,2.0,4.0,3.2813732570412757,0,0.9264,2.9944640736
main_campaign_default_alpha_0_01,test1_convergencia,MNIST,0.01,48,E1L1F1,3.0,1.5,10,5,0.004987,0.00571,0.0053349999999999995,0.005411782078109665,3.0,3.0,3.0,1,0.908,2.7375914952
main_campaign_default_alpha_0_01,test1_convergencia,MNIST,0.01,49,E1L1F1,3.0,1.5,10,5,0.004239,0.005943,0.005,0.005333877986000519,2.0,4.0,3.1148661160697753,0,0.9265,2.8424629656
main_campaign_default_alpha_0_01,test1_convergencia,MNIST,0.01,50,E1L1F1,3.0,1.5,10,5,0.004,0.006825,0.004002,0.0057400285354517345,2.0,4.0,3.2114882506527413,0,0.9202,2.930689512
main_campaign_default_alpha_0_01,test1_convergencia,MNIST,0.01,51,E1L1F1,3.0,1.5,10,5,0.004001,0.006191,0.0053375,0.005583881076276365,2.0,4.0,3.303624006962834,1,0.9344,3.0146576616
main_campaign_default_alpha_0_01,test1_convergencia,MNIST,0.01,52,E1L1F1,3.0,1.5,10,5,0.004007,0.006202,0.005,0.005717447269495009,2.0,4.0,3.6359326679135573,0,0.9327,3.3178994496
main_campaign_default_alpha_0_01,test1_convergencia,MNIST,0.01,53,E1L1F1,3.0,1.5,10,5,0.004,0.005745,0.005663,0.005504840882156877,2.0,4.0,3.180745870676246,0,0.9483,2.9026888632
main_campaign_default_alpha_0_01,test1_convergencia,MNIST,0.01,54,E1L1F1,3.0,1.5,10,5,0.004,0.006013,0.005,0.005512131624754639,2.0,4.0,3.514721676974927,0,0.9025,3.2073501168
main_campaign_default_alpha_0_01,test1_convergencia,MNIST,0.01,55,E1L1F1,3.0,1.5,10,5,0.004003,0.006375,0.0051015,0.005839606414696024,2.0,4.0,3.6060813688635394,1,0.8294,3.2906592288
main_campaign_default_alpha_0_01,test1_convergencia,MNIST,0.01,56,E1L1F1,3.0,1.5,10,5,0.004191,0.005667,0.005004,0.005155286952335098,2.0,3.0,2.895596459390393,0,0.9161,2.6423690112
main_campaign_default_alpha_0_01,test1_convergencia,MNIST,0.01,57,E1L1F1,3.0,1.5,10,5,0.004997,0.006195,0.005018,0.005501561148148148,3.0,4.0,3.4141666666666666,1,0.908,3.115473516
main_campaign_default_alpha_0_01,test1_convergencia,MNIST,0.01,58,E1L1F1,3.0,1.5,10,5,0.004001,0.00567,0.005003,0.005186775086569265,2.0,3.0,2.901357332000074,0,0.8823,2.6476751088
main_campaign_default_alpha_0_01,test1_convergencia,MNIST,0.01,59,E1L1F1,3.0,1.5,10,5,0.004004,0.006196,0.00501,0.005585178712293761,2.0,4.0,3.3050200914763996,0,0.8851,3.0160433304
main_campaign_default_alpha_0_01,test1_convergencia,MNIST,0.01,60,E1L1F1,3.0,1.5,10,5,0.004001,0.00619,0.005001,0.005282387856005333,2.0,4.0,3.192492870634421,0,0.9092,2.9133010584
main_campaign_default_alpha_0_01,test1_convergencia,MNIST,0.01,61,E1L1F1,3.0,1.5,10,5,0.004,0.006193,0.005003,0.005496568952426806,2.0,4.0,3.4051221273680117,0,0.8913,3.107277792
main_campaign_default_alpha_0_01,test1_convergencia,MNIST,0.01,62,E1L1F1,3.0,1.5,10,5,0.004,0.00627,0.005,0.005617208714492055,2.0,4.0,3.3112847672308434,0,0.9302,3.0217042944
main_campaign_default_alpha_0_01,test1_convergencia,MNIST,0.01,63,E1L1F1,3.0,1.5,10,5,0.004001,0.005941,0.004998,0.005303799100033332,2.0,4.0,3.207196029776675,0,0.9323,2.926718388
main_campaign_default_alpha_0_01,test1_convergencia,MNIST,0.01,64,E1L1F1,3.0,1.5,10,5,0.004,0.005669,0.004993,0.005098700603681346,2.0,3.0,2.9009666308655233,0,0.9116,2.6472695472
main_campaign_default_alpha_0_01,test1_convergencia,MNIST,0.01,65,E1L1F1,3.0,1.5,10,5,0.004,0.006164,0.005329,0.005435695609503176,2.0,4.0,3.1592318945243782,0,0.8795,2.8830022272
main_campaign_default_alpha_0_01,test1_convergencia,MNIST,0.01,66,E1L1F1,3.0,1.5,10,5,0.004386,0.006201,0.005363,0.005628570441835488,2.0,4.0,3.3100440724417615,0,0.9576,3.0205721016
main_campaign_default_alpha_0_01,test1_convergencia,MNIST,0.01,67,E1L1F1,3.0,1.5,10,5,0.004001,0.006662,0.004015,0.005517746731602534,2.0,4.0,3.1914558720047403,0,0.8515,2.912354748
main_campaign_default_alpha_0_01,test1_convergencia,MNIST,0.01,68,E1L1F1,3.0,1.5,10,5,0.004001,0.00567,0.004998,0.005100670549238917,2.0,3.0,2.902485093144698,0,0.8752,2.648655216
main_campaign_default_alpha_0_01,test1_convergencia,MNIST,0.01,69,E1L1F1,3.0,1.5,10,5,0.004726,0.006443,0.005311,0.005770037037037037,3.0,4.0,3.4322222222222223,1,0.949,3.131949456
main_campaign_default_alpha_0_01,test1_convergencia,MNIST,0.01,70,E1L1F1,3.0,1.5,10,5,0.004001,0.005745,0.005,0.0051265652568423395,2.0,4.0,3.206825673123218,0,0.8845,2.92638042
main_campaign_default_alpha_0_01,test1_convergencia,MNIST,0.01,71,E1L1F1,3.0,1.5,10,5,0.004,0.006206,0.004203,0.005369888876543896,2.0,4.0,3.0682369497990853,0,0.9065,2.7999634896
main_campaign_default_alpha_0_01,test2_robustez_alpha,CIFAR10,0.01,42,E1L1F1,3.0,1.5,10,5,0.004001,0.005931,0.005061,0.005426528343814583,2.0,4.0,3.278149374458345,0,0.6531,266.855890944
main_campaign_default_alpha_0_01,test2_robustez_alpha,CIFAR10,0.01,43,E1L1F1,3.0,1.5,10,5,0.004002,0.006179,0.005004,0.005316269105130998,2.0,4.0,3.175573876136086,0,0.508,258.5057906688
main_campaign_default_alpha_0_01,test2_robustez_alpha,CIFAR10,0.01,44,E1L1F1,3.0,1.5,10,5,0.004,0.006074,0.0052,0.005484446103593094,2.0,4.0,3.2946470235317644,0,0.5835,268.2107923968
main_campaign_default_alpha_0_01,test2_robustez_alpha,CIFAR10,0.01,45,E1L1F1,3.0,1.5,10,5,0.004,0.005872,0.005,0.0053017574552242114,2.0,4.0,3.1339718234745124,0,0.5815,255.124868352
main_campaign_default_alpha_0_01,test2_robustez_alpha,CIFAR10,0.01,46,E1L1F1,3.0,1.5,10,5,0.004,0.006667,0.0048354999999999995,0.005834585044444444,2.0,4.0,3.3,1,0.5732,268.6286592
main_campaign_default_alpha_0_01,test2_robustez_alpha,CIFAR10,0.01,47,E1L1F1,3.0,1.5,10,5,0.004127,0.006204,0.004997,0.005346866053374219,2.0,4.0,3.295024776126036,0,0.5522,268.2415444992
main_campaign_default_alpha_0_01,test2_robustez_alpha,CIFAR10,0.01,48,E1L1F1,3.0,1.5,10,5,0.005001,0.005709,0.0053355,0.005416497966711851,3.0,3.0,3.0,1,0.5554,244.2132988416
main_campaign_default_alpha_0_01,test2_robustez_alpha,CIFAR10,0.01,49,E1L1F1,3.0,1.5,10,5,0.004246,0.005945,0.005,0.005361977645934716,2.0,4.0,3.1294580361309245,0,0.5405,254.763078912
main_campaign_default_alpha_0_01,test2_robustez_alpha,CIFAR10,0.01,50,E1L1F1,3.0,1.5,10,5,0.004001,0.006843,0.004003,0.005759730767521444,2.0,4.0,3.218434736233945,0,0.623,262.0006766592
main_campaign_default_alpha_0_01,test2_robustez_alpha,CIFAR10,0.01,51,E1L1F1,3.0,1.5,10,5,0.004001,0.006202,0.005339,0.005584555387658051,2.0,4.0,3.2999711117530723,1,0.5632,268.6322770944
main_campaign_default_alpha_0_01,test2_robustez_alpha,CIFAR10,0.01,52,E1L1F1,3.0,1.5,10,5,0.004009,0.006202,0.0054915,0.005738714450789982,2.0,4.0,3.64480789315793,1,0.5709,296.703519744
main_campaign_default_alpha_0_01,test2_robustez_alpha,CIFAR10,0.01,53,E1L1F1,3.0,1.5,10,5,0.004,0.00575,0.005666,0.005529706257499666,2.0,4.0,3.1939691569263586,0,0.6025,260.009025792
main_campaign_default_alpha_0_01,test2_robustez_alpha,CIFAR10,0.01,54,E1L1F1,3.0,1.5,10,5,0.004001,0.006045,0.005001,0.005513622683436292,2.0,4.0,3.4972001244389137,0,0.5424,284.6939192832
main_campaign_default_alpha_0_01,test2_robustez_alpha,CIFAR10,0.01,55,E1L1F1,3.0,1.5,10,5,0.004,0.00638,0.004012,0.005830831203751028,2.0,4.0,3.599075576098309,0,0.6075,292.9807064064
main_campaign_default_alpha_0_01,test2_robustez_alpha,CIFAR10,0.01,56,E1L1F1,3.0,1.5,10,5,0.004222,0.00567,0.005007,0.005170631757882808,2.0,3.0,2.9061173699531144,0,0.5495,236.5813506048
main_campaign_default_alpha_0_01,test2_robustez_alpha,CIFAR10,0.01,57,E1L1F1,3.0,1.5,10,5,0.005,0.006202,0.0050185,0.005485419101797738,3.0,4.0,3.397613386369192,1,0.5243,276.5807910912
main_campaign_default_alpha_0_01,test2_robustez_alpha,CIFAR10,0.01,58,E1L1F1,3.0,1.5,10,5,0.004001,0.00567,0.005002,0.005167839251588818,2.0,3.0,2.9000044442469224,0,0.5391,236.0784632832
main_campaign_default_alpha_0_01,test2_robustez_alpha,CIFAR10,0.01,59,E1L1F1,3.0,1.5,10,5,0.004004,0.006202,0.005066,0.005579855876274915,2.0,4.0,3.297691265026776,0,0.5795,268.4586181632
main_campaign_default_alpha_0_01,test2_robustez_alpha,CIFAR10,0.01,60,E1L1F1,3.0,1.5,10,5,0.004,0.006201,0.005,0.005292016110395094,2.0,4.0,3.1937913870494645,0,0.5295,259.9945542144
main_campaign_default_alpha_0_01,test2_robustez_alpha,CIFAR10,0.01,61,E1L1F1,3.0,1.5,10,5,0.004111,0.006202,0.00501,0.005489143123791746,2.0,4.0,3.394440370641957,0,0.5384,276.334774272
main_campaign_default_alpha_0_01,test2_robustez_alpha,CIFAR10,0.01,62,E1L1F1,3.0,1.5,10,5,0.004001,0.006282,0.005,0.005615704413137195,2.0,4.0,3.3062530554197593,0,0.5441,269.1496359936
main_campaign_default_alpha_0_01,test2_robustez_alpha,CIFAR10,0.01,63,E1L1F1,3.0,1.5,10,5,0.004001,0.00593,0.005001,0.0052949596017954756,2.0,4.0,3.207146349051153,0,0.5615,261.0817314816
main_campaign_default_alpha_0_01,test2_robustez_alpha,CIFAR10,0.01,64,E1L1F1,3.0,1.5,10,5,0.004001,0.00567,0.005001,0.005101784498466735,2.0,3.0,2.9000933291853697,0,0.4779,236.085699072
main_campaign_default_alpha_0_01,test2_robustez_alpha,CIFAR10,0.01,65,E1L1F1,3.0,1.5,10,5,0.004,0.006173,0.005342,0.005437091240389315,2.0,4.0,3.1527043242522557,0,0.5652,256.6498108416
main_campaign_default_alpha_0_01,test2_robustez_alpha,CIFAR10,0.01,66,E1L1F1,3.0,1.5,10,5,0.004382,0.006202,0.00533,0.005629750949936671,2.0,4.0,3.306224029509144,0,0.6218,269.153253888
main_campaign_default_alpha_0_01,test2_robustez_alpha,CIFAR10,0.01,67,E1L1F1,3.0,1.5,10,5,0.004,0.006667,0.004017,0.005533816256693998,2.0,4.0,3.1976757105081886,0,0.5272,260.316546816
main_campaign_default_alpha_0_01,test2_robustez_alpha,CIFAR10,0.01,68,E1L1F1,3.0,1.5,10,5,0.004001,0.00567,0.005001,0.005101510421759033,2.0,3.0,2.9000044442469224,0,0.4905,236.0784632832
main_campaign_default_alpha_0_01,test2_robustez_alpha,CIFAR10,0.01,69,E1L1F1,3.0,1.5,10,5,0.004,0.006427,0.004983,0.005767704184351459,2.0,4.0,3.425990533543699,0,0.5992,278.8908166656
main_campaign_default_alpha_0_01,test2_robustez_alpha,CIFAR10,0.01,70,E1L1F1,3.0,1.5,10,5,0.004001,0.00574,0.005,0.005127605564320793,2.0,4.0,3.2061509744227905,0,0.5357,260.994902016
main_campaign_default_alpha_0_01,test2_robustez_alpha,CIFAR10,0.01,71,E1L1F1,3.0,1.5,10,5,0.004002,0.00621,0.004222,0.0053942085240655975,2.0,4.0,3.0909737345006887,0,0.52,251.62455552
main_campaign_default_alpha_0_01,test2_robustez_alpha,CIFAR10,0.1,42,E1L1F1,3.0,1.5,10,5,0.004499,0.006376,0.005653,0.005887251383241118,3.0,4.0,3.5719174277270405,0,0.704,290.7828355584
main_campaign_default_alpha_0_01,test2_robustez_alpha,CIFAR10,0.1,43,E1L1F1,3.0,1.5,10,5,0.004239,0.0062,0.00557,0.005662439669348028,2.0,4.0,3.4884671792364785,0,0.6892,283.9830030336
main_campaign_default_alpha_0_01,test2_robustez_alpha,CIFAR10,0.1,44,E1L1F1,3.0,1.5,10,5,0.004983,0.006162,0.005628,0.005769594493700419,3.0,4.0,3.5251205475190543,0,0.675,286.9731927552
main_campaign_default_alpha_0_01,test2_robustez_alpha,CIFAR10,0.1,45,E1L1F1,3.0,1.5,10,5,0.004712,0.006341,0.005106,0.0058698081196391265,3.0,4.0,3.6886138393849164,0,0.6667,300.276190464
main_campaign_default_alpha_0_01,test2_robustez_alpha,CIFAR10,0.1,46,E1L1F1,3.0,1.5,10,5,0.004485,0.006424,0.005296,0.005659446570228653,3.0,4.0,3.3713308001688778,0,0.6737,274.453469184
main_campaign_default_alpha_0_01,test2_robustez_alpha,CIFAR10,0.1,47,E1L1F1,3.0,1.5,10,5,0.005064,0.006276,0.006184,0.006048276692664934,3.0,4.0,3.8289669577583716,0,0.7112,311.708736768
main_campaign_default_alpha_0_01,test2_robustez_alpha,CIFAR10,0.1,48,E1L1F1,3.0,1.5,10,5,0.004315,0.006798,0.005484,0.005910706835251766,2.0,4.0,3.4716457046353497,0,0.672,282.6136300032
main_campaign_default_alpha_0_01,test2_robustez_alpha,CIFAR10,0.1,49,E1L1F1,3.0,1.5,10,5,0.005252,0.006282,0.005824,0.005865961846987979,3.0,4.0,3.7805257427282624,0,0.6921,307.765231872
main_campaign_default_alpha_0_01,test2_robustez_alpha,CIFAR10,0.1,50,E1L1F1,3.0,1.5,10,5,0.004357,0.007188,0.00479,0.006160549963335777,2.0,4.0,3.633091127258183,0,0.6836,295.7628672
main_campaign_default_alpha_0_01,test2_robustez_alpha,CIFAR10,0.1,51,E1L1F1,3.0,1.5,10,5,0.004453,0.006276,0.005492,0.005845555896273583,3.0,4.0,3.6800657733928848,0,0.7119,299.5869815808
main_campaign_default_alpha_0_01,test2_robustez_alpha,CIFAR10,0.1,52,E1L1F1,3.0,1.5,10,5,0.004994,0.006745,0.005556,0.0059395286209501805,3.0,4.0,3.4126705479756456,0,0.7481,277.8126841344
main_campaign_default_alpha_0_01,test2_robustez_alpha,CIFAR10,0.1,53,E1L1F1,3.0,1.5,10,5,0.004148,0.006349,0.005761,0.005804136257582828,2.0,4.0,3.669044285936493,0,0.7295,298.6897437696
main_campaign_default_alpha_0_01,test2_robustez_alpha,CIFAR10,0.1,54,E1L1F1,3.0,1.5,10,5,0.004143,0.005824,0.005813,0.005558828029865339,2.0,4.0,3.729834229589796,0,0.699,303.63178752
main_campaign_default_alpha_0_01,test2_robustez_alpha,CIFAR10,0.1,55,E1L1F1,3.0,1.5,10,5,0.004718,0.007162,0.005202,0.0061097894140390635,3.0,4.0,3.47556829544697,0,0.689,282.9392404992
main_campaign_default_alpha_0_01,test2_robustez_alpha,CIFAR10,0.1,56,E1L1F1,3.0,1.5,10,5,0.004443,0.006093,0.005702,0.0055859453369775346,2.0,4.0,3.3878630313534654,0,0.693,275.7993259008
main_campaign_default_alpha_0_01,test2_robustez_alpha,CIFAR10,0.1,57,E1L1F1,3.0,1.5,10,5,0.005263,0.006767,0.005654,0.006128848428958712,3.0,4.0,3.558241855917515,0,0.7021,289.6630972416
main_campaign_default_alpha_0_01,test2_robustez_alpha,CIFAR10,0.1,58,E1L1F1,3.0,1.5,10,5,0.005159,0.006186,0.00562,0.005779944046931248,3.0,4.0,3.549975556641927,0,0.7144,288.9901688832
main_campaign_default_alpha_0_01,test2_robustez_alpha,CIFAR10,0.1,59,E1L1F1,3.0,1.5,10,5,0.004114,0.005882,0.005632,0.005552275743300298,2.0,4.0,3.3995822407892984,0,0.6611,276.7472142336
main_campaign_default_alpha_0_01,test2_robustez_alpha,CIFAR10,0.1,60,E1L1F1,3.0,1.5,10,5,0.005007,0.006217,0.00561,0.005710770570850833,3.0,4.0,3.3339555140768393,0,0.7062,271.4108199936
main_campaign_default_alpha_0_01,test2_robustez_alpha,CIFAR10,0.1,61,E1L1F1,3.0,1.5,10,5,0.004668,0.006311,0.006237,0.005986955979734234,3.0,4.0,3.89787120572419,0,0.7471,317.3110462464
main_campaign_default_alpha_0_01,test2_robustez_alpha,CIFAR10,0.1,62,E1L1F1,3.0,1.5,10,5,0.005123,0.005738,0.005476,0.0055159330474201145,3.0,4.0,3.258344073596729,0,0.6927,265.2495458304
main_campaign_default_alpha_0_01,test2_robustez_alpha,CIFAR10,0.1,63,E1L1F1,3.0,1.5,10,5,0.004681,0.006587,0.005785,0.006100704724234478,3.0,4.0,3.8281187502777656,0,0.6645,311.6327609856
main_campaign_default_alpha_0_01,test2_robustez_alpha,CIFAR10,0.1,64,E1L1F1,3.0,1.5,10,5,0.004294,0.006463,0.005091,0.005792140085775871,2.0,4.0,3.6584075909424234,0,0.6684,297.8105954304
main_campaign_default_alpha_0_01,test2_robustez_alpha,CIFAR10,0.1,65,E1L1F1,3.0,1.5,10,5,0.004091,0.006007,0.005686,0.005674410870627972,2.0,4.0,3.5529309808452956,0,0.6691,289.2307588608
main_campaign_default_alpha_0_01,test2_robustez_alpha,CIFAR10,0.1,66,E1L1F1,3.0,1.5,10,5,0.004406,0.006055,0.005696,0.00573076234917672,2.0,4.0,3.502099860009333,0,0.6368,285.099123456
main_campaign_default_alpha_0_01,test2_robustez_alpha,CIFAR10,0.1,67,E1L1F1,3.0,1.5,10,5,0.0044,0.006798,0.005059,0.005778870494644683,2.0,4.0,3.3340962623883383,0,0.6211,271.4162468352
main_campaign_default_alpha_0_01,test2_robustez_alpha,CIFAR10,0.1,68,E1L1F1,3.0,1.5,10,5,0.004125,0.006174,0.00569,0.0056304073465034115,2.0,4.0,3.4370347325614987,0,0.6917,279.789863424
main_campaign_default_alpha_0_01,test2_robustez_alpha,CIFAR10,0.1,69,E1L1F1,3.0,1.5,10,5,0.004816,0.006812,0.005662,0.006125039820452424,3.0,4.0,3.587907204124261,0,0.7092,292.0780417536
main_campaign_default_alpha_0_01,test2_robustez_alpha,CIFAR10,0.1,70,E1L1F1,3.0,1.5,10,5,0.004846,0.005797,0.005091,0.00531169530920161,3.0,4.0,3.297335733173344,0,0.6212,268.429675008
main_campaign_default_alpha_0_01,test2_robustez_alpha,CIFAR10,0.1,71,E1L1F1,3.0,1.5,10,5,0.004252,0.006895,0.005511,0.005938201564340154,2.0,4.0,3.485212096971313,0,0.6538,283.724323584
main_campaign_default_alpha_0_01,test2_robustez_alpha,CIFAR10,1.0,42,E1L1F1,3.0,1.5,10,5,0.006547,0.007707,0.006979,0.007159168748055642,4.0,4.0,4.0,0,0.8074,325.6249675776
main_campaign_default_alpha_0_01,test2_robustez_alpha,CIFAR10,1.0,43,E1L1F1,3.0,1.5,10,5,0.006796,0.007715,0.00723,0.007252538998266744,4.0,4.0,4.0,0,0.8139,325.6249675776
main_campaign_default_alpha_0_01,test2_robustez_alpha,CIFAR10,1.0,44,E1L1F1,3.0,1.5,10,5,0.006269,0.007758,0.007551,0.007340642593662503,4.0,4.0,4.0,0,0.8243,325.6249675776
main_campaign_default_alpha_0_01,test2_robustez_alpha,CIFAR10,1.0,45,E1L1F1,3.0,1.5,10,5,0.006436,0.007618,0.007046,0.007095227767654772,4.0,4.0,4.0,0,0.8138,325.6249675776
main_campaign_default_alpha_0_01,test2_robustez_alpha,CIFAR10,1.0,46,E1L1F1,3.0,1.5,10,5,0.006189,0.007576,0.006796,0.007028881271943469,4.0,4.0,4.0,0,0.8182,325.6249675776
main_campaign_default_alpha_0_01,test2_robustez_alpha,CIFAR10,1.0,47,E1L1F1,3.0,1.5,10,5,0.006809,0.007558,0.006935,0.0070646816434459915,4.0,4.0,4.0,0,0.8196,325.6322033664
main_campaign_default_alpha_0_01,test2_robustez_alpha,CIFAR10,1.0,48,E1L1F1,3.0,1.5,10,5,0.00699,0.007755,0.00727,0.007359610372872316,4.0,4.0,4.0,0,0.8267,325.6249675776
main_campaign_default_alpha_0_01,test2_robustez_alpha,CIFAR10,1.0,49,E1L1F1,3.0,1.5,10,5,0.006765,0.00809,0.007463,0.0073630098662281675,4.0,5.0,4.172747877872094,0,0.8211,339.6877231104
main_campaign_default_alpha_0_01,test2_robustez_alpha,CIFAR10,1.0,50,E1L1F1,3.0,1.5,10,5,0.006984,0.007873,0.007262,0.007307061373686198,4.0,4.0,4.0,0,0.812,325.6322033664
main_campaign_default_alpha_0_01,test2_robustez_alpha,CIFAR10,1.0,51,E1L1F1,3.0,1.5,10,5,0.007288,0.007739,0.007374,0.007464955935291764,4.0,4.0,4.0,0,0.8196,325.6249675776
main_campaign_default_alpha_0_01,test2_robustez_alpha,CIFAR10,1.0,52,E1L1F1,3.0,1.5,10,5,0.006433,0.007984,0.007577,0.0074827846588005256,4.0,4.0,4.0,0,0.8165,325.6322033664
main_campaign_default_alpha_0_01,test2_robustez_alpha,CIFAR10,1.0,53,E1L1F1,3.0,1.5,10,5,0.007061,0.008125,0.007559,0.007690254988667171,4.0,5.0,4.334229589796009,0,0.8218,352.8333424128
main_campaign_default_alpha_0_01,test2_robustez_alpha,CIFAR10,1.0,54,E1L1F1,3.0,1.5,10,5,0.0069,0.007659,0.007287,0.007266400173321779,4.0,4.0,4.0,0,0.8208,325.6322033664
main_campaign_default_alpha_0_01,test2_robustez_alpha,CIFAR10,1.0,55,E1L1F1,3.0,1.5,10,5,0.006381,0.008354,0.007179,0.007622832407448557,4.0,5.0,4.372605661970579,0,0.8262,355.9573942272
main_campaign_default_alpha_0_01,test2_robustez_alpha,CIFAR10,1.0,56,E1L1F1,3.0,1.5,10,5,0.006065,0.007917,0.006934,0.00711338691613706,4.0,4.0,4.0,0,0.8213,325.6249675776
main_campaign_default_alpha_0_01,test2_robustez_alpha,CIFAR10,1.0,57,E1L1F1,3.0,1.5,10,5,0.006439,0.007515,0.007162,0.007101916181503043,4.0,4.0,4.0,0,0.8113,325.6249675776
main_campaign_default_alpha_0_01,test2_robustez_alpha,CIFAR10,1.0,58,E1L1F1,3.0,1.5,10,5,0.006955,0.00772,0.00759,0.007514143260299542,4.0,4.0,4.0,0,0.8163,325.6249675776
main_campaign_default_alpha_0_01,test2_robustez_alpha,CIFAR10,1.0,59,E1L1F1,3.0,1.5,10,5,0.007344,0.007595,0.007437,0.007474508177414337,4.0,4.0,4.0,0,0.8168,325.6249675776
main_campaign_default_alpha_0_01,test2_robustez_alpha,CIFAR10,1.0,60,E1L1F1,3.0,1.5,10,5,0.006951,0.007539,0.007179,0.007220995666955537,4.0,4.0,4.0,0,0.8205,325.6322033664
main_campaign_default_alpha_0_01,test2_robustez_alpha,CIFAR10,1.0,61,E1L1F1,3.0,1.5,10,5,0.007106,0.008069,0.007417,0.007516333918492512,4.0,5.0,4.246455713079419,0,0.8163,345.6880009728
main_campaign_default_alpha_0_01,test2_robustez_alpha,CIFAR10,1.0,62,E1L1F1,3.0,1.5,10,5,0.00671,0.007874,0.007485,0.007556108950713301,4.0,4.0,4.0,0,0.8229,325.6249675776
main_campaign_default_alpha_0_01,test2_robustez_alpha,CIFAR10,1.0,63,E1L1F1,3.0,1.5,10,5,0.006761,0.008329,0.007631,0.0077228526098260105,4.0,5.0,4.2931804546363574,0,0.8185,349.4994527232
main_campaign_default_alpha_0_01,test2_robustez_alpha,CIFAR10,1.0,64,E1L1F1,3.0,1.5,10,5,0.006903,0.008149,0.0077,0.00756088551619928,4.0,5.0,4.1952357672992315,0,0.8194,341.5183776768
main_campaign_default_alpha_0_01,test2_robustez_alpha,CIFAR10,1.0,65,E1L1F1,3.0,1.5,10,5,0.006709,0.0074,0.007183,0.007058695931382353,4.0,4.0,4.0,0,0.8216,325.6322033664
main_campaign_default_alpha_0_01,test2_robustez_alpha,CIFAR10,1.0,66,E1L1F1,3.0,1.5,10,5,0.00641,0.007212,0.006985,0.006908995355658763,4.0,4.0,4.0,0,0.809,325.6177317888
main_campaign_default_alpha_0_01,test2_robustez_alpha,CIFAR10,1.0,67,E1L1F1,3.0,1.5,10,5,0.006647,0.007391,0.006978,0.007038057796146924,4.0,4.0,4.0,0,0.8152,325.6322033664
main_campaign_default_alpha_0_01,test2_robustez_alpha,CIFAR10,1.0,68,E1L1F1,3.0,1.5,10,5,0.006822,0.007545,0.007234,0.007171910468656252,4.0,4.0,4.0,0,0.82,325.6177317888
main_campaign_default_alpha_0_01,test2_robustez_alpha,CIFAR10,1.0,69,E1L1F1,3.0,1.5,10,5,0.007318,0.007752,0.007609,0.007578354362028356,4.0,4.0,4.0,0,0.8197,325.6249675776
main_campaign_default_alpha_0_01,test2_robustez_alpha,CIFAR10,1.0,70,E1L1F1,3.0,1.5,10,5,0.006896,0.007819,0.007127,0.007290672273949467,4.0,4.0,4.0,0,0.8215,325.6177317888
main_campaign_default_alpha_0_01,test2_robustez_alpha,CIFAR10,1.0,71,E1L1F1,3.0,1.5,10,5,0.006996,0.007571,0.00744,0.007350498566762216,4.0,4.0,4.0,0,0.8173,325.6322033664
main_campaign_default_alpha_0_01,test2_robustez_alpha,FashionMNIST,0.01,42,E1L1F1,3.0,1.5,10,5,0.004002,0.005931,0.005057,0.005425796377911929,2.0,4.0,3.2781378467464166,0,0.743,2.9914561584
main_campaign_default_alpha_0_01,test2_robustez_alpha,FashionMNIST,0.01,43,E1L1F1,3.0,1.5,10,5,0.004,0.00618,0.005004,0.0053143653383208025,2.0,4.0,3.1756231250694418,0,0.6968,2.897906616
main_campaign_default_alpha_0_01,test2_robustez_alpha,FashionMNIST,0.01,44,E1L1F1,3.0,1.5,10,5,0.004001,0.006074,0.005195,0.005483019128921151,2.0,4.0,3.2946372356579388,0,0.7148,3.0065126328
main_campaign_default_alpha_0_01,test2_robustez_alpha,FashionMNIST,0.01,45,E1L1F1,3.0,1.5,10,5,0.004002,0.005874,0.005,0.005302136939372616,2.0,4.0,3.1338839302248065,0,0.7341,2.8598176224
main_campaign_default_alpha_0_01,test2_robustez_alpha,FashionMNIST,0.01,46,E1L1F1,3.0,1.5,10,5,0.004,0.006667,0.0048354999999999995,0.005834569092592593,2.0,4.0,3.2999814814814816,1,0.704,3.0112779816
main_campaign_default_alpha_0_01,test2_robustez_alpha,FashionMNIST,0.01,47,E1L1F1,3.0,1.5,10,5,0.004123,0.006203,0.004997,0.005345192674481048,2.0,4.0,3.2950947169601688,0,0.7235,3.006985788
main_campaign_default_alpha_0_01,test2_robustez_alpha,FashionMNIST,0.01,48,E1L1F1,3.0,1.5,10,5,0.005,0.00571,0.0053355,0.005416608155404529,3.0,3.0,3.0,1,0.711,2.7375914952
main_campaign_default_alpha_0_01,test2_robustez_alpha,FashionMNIST,0.01,49,E1L1F1,3.0,1.5,10,5,0.00424,0.005942,0.005,0.005361445660426273,2.0,4.0,3.1294928059552247,0,0.7533,2.8558633968
main_campaign_default_alpha_0_01,test2_robustez_alpha,FashionMNIST,0.01,50,E1L1F1,3.0,1.5,10,5,0.004,0.006842,0.004001,0.00575924241694752,2.0,4.0,3.218491907707122,0,0.7386,2.937026412
main_campaign_default_alpha_0_01,test2_robustez_alpha,FashionMNIST,0.01,51,E1L1F1,3.0,1.5,10,5,0.004001,0.006203,0.0053384999999999995,0.005584773925925926,2.0,4.0,3.2999814814814816,1,0.739,3.0112779816
main_campaign_default_alpha_0_01,test2_robustez_alpha,FashionMNIST,0.01,52,E1L1F1,3.0,1.5,10,5,0.004,0.006202,0.004908,0.00573955286013222,2.0,4.0,3.6448399103720304,0,0.7311,3.32602758
main_campaign_default_alpha_0_01,test2_robustez_alpha,FashionMNIST,0.01,53,E1L1F1,3.0,1.5,10,5,0.004,0.005746,0.005668,0.005528542229135419,2.0,4.0,3.193859600392571,0,0.7368,2.9146022352
main_campaign_default_alpha_0_01,test2_robustez_alpha,FashionMNIST,0.01,54,E1L1F1,3.0,1.5,10,5,0.004,0.006049,0.005001,0.00551482887670827,2.0,4.0,3.4972038072663976,0,0.726,3.1913642304
main_campaign_default_alpha_0_01,test2_robustez_alpha,FashionMNIST,0.01,55,E1L1F1,3.0,1.5,10,5,0.004,0.006381,0.00401,0.005831202659160773,2.0,4.0,3.5992000296285322,0,0.6925,3.2844406176
main_campaign_default_alpha_0_01,test2_robustez_alpha,FashionMNIST,0.01,56,E1L1F1,3.0,1.5,10,5,0.004217,0.00567,0.005006,0.005170010814614545,2.0,3.0,2.9061498861132202,0,0.7257,2.651950404
main_campaign_default_alpha_0_01,test2_robustez_alpha,FashionMNIST,0.01,57,E1L1F1,3.0,1.5,10,5,0.005,0.006202,0.005,0.0054854719912594205,3.0,4.0,3.3976593026055073,0,0.6822,3.1004677368
main_campaign_default_alpha_0_01,test2_robustez_alpha,FashionMNIST,0.01,58,E1L1F1,3.0,1.5,10,5,0.004,0.00567,0.005003,0.005168462760638495,2.0,3.0,2.8999851857338617,0,0.7221,2.646373932
main_campaign_default_alpha_0_01,test2_robustez_alpha,FashionMNIST,0.01,59,E1L1F1,3.0,1.5,10,5,0.004006,0.006202,0.005082,0.00558010903097976,2.0,4.0,3.2976316130585337,0,0.6503,3.0093008688
main_campaign_default_alpha_0_01,test2_robustez_alpha,FashionMNIST,0.01,60,E1L1F1,3.0,1.5,10,5,0.004,0.0062,0.005001,0.005292356505314617,2.0,4.0,3.1938076367541943,0,0.5803,2.9145008448
main_campaign_default_alpha_0_01,test2_robustez_alpha,FashionMNIST,0.01,61,E1L1F1,3.0,1.5,10,5,0.004122,0.006202,0.005009,0.0054880331648241775,2.0,4.0,3.3943299446327058,0,0.767,3.0975443136
main_campaign_default_alpha_0_01,test2_robustez_alpha,FashionMNIST,0.01,62,E1L1F1,3.0,1.5,10,5,0.004,0.006282,0.005001,0.005615749712973593,2.0,4.0,3.3062479167438243,0,0.6804,3.0171079296
main_campaign_default_alpha_0_01,test2_robustez_alpha,FashionMNIST,0.01,63,E1L1F1,3.0,1.5,10,5,0.004,0.005931,0.005,0.005296140383689492,2.0,4.0,3.2072145476093477,0,0.6899,2.9267352864
main_campaign_default_alpha_0_01,test2_robustez_alpha,FashionMNIST,0.01,64,E1L1F1,3.0,1.5,10,5,0.004,0.00567,0.005,0.00510131560526657,2.0,3.0,2.9000944426955058,0,0.6781,2.6464246272
main_campaign_default_alpha_0_01,test2_robustez_alpha,FashionMNIST,0.01,65,E1L1F1,3.0,1.5,10,5,0.004001,0.006172,0.005335,0.00543496394644742,2.0,4.0,3.1525841156972763,0,0.696,2.8769357016
main_campaign_default_alpha_0_01,test2_robustez_alpha,FashionMNIST,0.01,66,E1L1F1,3.0,1.5,10,5,0.004373,0.006202,0.005327,0.005626608199696306,2.0,4.0,3.3062479167438243,0,0.7576,3.0171079296
main_campaign_default_alpha_0_01,test2_robustez_alpha,FashionMNIST,0.01,67,E1L1F1,3.0,1.5,10,5,0.004,0.006667,0.004016,0.005533492101998111,2.0,4.0,3.19781115164534,0,0.6233,2.918100204
main_campaign_default_alpha_0_01,test2_robustez_alpha,FashionMNIST,0.01,68,E1L1F1,3.0,1.5,10,5,0.004001,0.00567,0.005,0.00510127782304359,2.0,3.0,2.8999851857338617,0,0.6764,2.646373932
main_campaign_default_alpha_0_01,test2_robustez_alpha,FashionMNIST,0.01,69,E1L1F1,3.0,1.5,10,5,0.004,0.006425,0.004984,0.005767798651876817,2.0,4.0,3.425992111257199,0,0.7547,3.1263222888
main_campaign_default_alpha_0_01,test2_robustez_alpha,FashionMNIST,0.01,70,E1L1F1,3.0,1.5,10,5,0.004001,0.00574,0.005001,0.005127657346024221,2.0,4.0,3.2061960668123404,0,0.6936,2.9258058744
main_campaign_default_alpha_0_01,test2_robustez_alpha,FashionMNIST,0.01,71,E1L1F1,3.0,1.5,10,5,0.004,0.006209,0.004225,0.005394098570423317,2.0,4.0,3.091033665419799,0,0.6339,2.8207147248
main_campaign_default_alpha_0_01,test2_robustez_alpha,FashionMNIST,0.1,42,E1L1F1,3.0,1.5,10,5,0.004506,0.006372,0.005651,0.0058858602299872225,3.0,4.0,3.5720793289261707,0,0.8077,3.2597520552
main_campaign_default_alpha_0_01,test2_robustez_alpha,FashionMNIST,0.1,43,E1L1F1,3.0,1.5,10,5,0.004242,0.006206,0.005564,0.0056622287693048395,2.0,4.0,3.4883337654160957,0,0.8303,3.1832698968
main_campaign_default_alpha_0_01,test2_robustez_alpha,FashionMNIST,0.1,44,E1L1F1,3.0,1.5,10,5,0.004993,0.006161,0.005629,0.005770834675851342,3.0,4.0,3.525081939892228,0,0.7763,3.216863916
main_campaign_default_alpha_0_01,test2_robustez_alpha,FashionMNIST,0.1,45,E1L1F1,3.0,1.5,10,5,0.004761,0.006345,0.005104,0.005873982704344284,3.0,4.0,3.6885670901077736,0,0.8118,3.365992296
main_campaign_default_alpha_0_01,test2_robustez_alpha,FashionMNIST,0.1,46,E1L1F1,3.0,1.5,10,5,0.00449,0.006427,0.005301,0.005661222306581238,3.0,4.0,3.371319580756268,0,0.8019,3.0764889072
main_campaign_default_alpha_0_01,test2_robustez_alpha,FashionMNIST,0.1,47,E1L1F1,3.0,1.5,10,5,0.005066,0.006272,0.006187,0.006048602773971334,3.0,4.0,3.8290618865967927,0,0.8573,3.4942004568
main_campaign_default_alpha_0_01,test2_robustez_alpha,FashionMNIST,0.1,48,E1L1F1,3.0,1.5,10,5,0.004319,0.0068,0.005486,0.005913096459390393,2.0,4.0,3.4717047516758637,0,0.7717,3.1680951336
main_campaign_default_alpha_0_01,test2_robustez_alpha,FashionMNIST,0.1,49,E1L1F1,3.0,1.5,10,5,0.005242,0.006285,0.005824,0.005865253101736972,3.0,4.0,3.780452575830525,0,0.7431,3.4498421568
main_campaign_default_alpha_0_01,test2_robustez_alpha,FashionMNIST,0.1,50,E1L1F1,3.0,1.5,10,5,0.004361,0.007186,0.004798,0.006158541887337506,2.0,4.0,3.6331987704159103,0,0.8112,3.31546608
main_campaign_default_alpha_0_01,test2_robustez_alpha,FashionMNIST,0.1,51,E1L1F1,3.0,1.5,10,5,0.004451,0.006276,0.005498,0.00584765262397689,3.0,4.0,3.6801599940742937,0,0.8166,3.3583204224
main_campaign_default_alpha_0_01,test2_robustez_alpha,FashionMNIST,0.1,52,E1L1F1,3.0,1.5,10,5,0.005005,0.006742,0.005553,0.0059385488297163174,3.0,4.0,3.4126175838826756,0,0.858,3.114290628
main_campaign_default_alpha_0_01,test2_robustez_alpha,FashionMNIST,0.1,53,E1L1F1,3.0,1.5,10,5,0.004148,0.006355,0.005747,0.005800623525490268,2.0,4.0,3.668950574989352,0,0.8315,3.3480292968
main_campaign_default_alpha_0_01,test2_robustez_alpha,FashionMNIST,0.1,54,E1L1F1,3.0,1.5,10,5,0.004144,0.00582,0.005815,0.005557097996370505,2.0,4.0,3.729676678641532,0,0.7986,3.403506744
main_campaign_default_alpha_0_01,test2_robustez_alpha,FashionMNIST,0.1,55,E1L1F1,3.0,1.5,10,5,0.004726,0.007162,0.005208,0.006111534072812118,3.0,4.0,3.4756490500351838,0,0.8212,3.1716944928
main_campaign_default_alpha_0_01,test2_robustez_alpha,FashionMNIST,0.1,56,E1L1F1,3.0,1.5,10,5,0.004428,0.006091,0.005706,0.005586396651975853,2.0,4.0,3.388152290655902,0,0.7938,3.0918495528
main_campaign_default_alpha_0_01,test2_robustez_alpha,FashionMNIST,0.1,57,E1L1F1,3.0,1.5,10,5,0.00524,0.006764,0.005647,0.006127683474686123,3.0,4.0,3.55812747676012,0,0.8307,3.2469599664
main_campaign_default_alpha_0_01,test2_robustez_alpha,FashionMNIST,0.1,58,E1L1F1,3.0,1.5,10,5,0.005147,0.00619,0.005625,0.005778191933781456,3.0,4.0,3.5500620335907263,0,0.8269,3.2396598576
main_campaign_default_alpha_0_01,test2_robustez_alpha,FashionMNIST,0.1,59,E1L1F1,3.0,1.5,10,5,0.004115,0.005882,0.005632,0.005553222769527053,2.0,4.0,3.3997074182437688,0,0.8206,3.1023941544
main_campaign_default_alpha_0_01,test2_robustez_alpha,FashionMNIST,0.1,60,E1L1F1,3.0,1.5,10,5,0.005015,0.006217,0.00561,0.005711605477574905,3.0,4.0,3.3340061479204475,0,0.8151,3.0424386312
main_campaign_default_alpha_0_01,test2_robustez_alpha,FashionMNIST,0.1,61,E1L1F1,3.0,1.5,10,5,0.004659,0.006294,0.00622,0.00598202449818532,3.0,4.0,3.8978594178209023,0,0.8654,3.5571132
main_campaign_default_alpha_0_01,test2_robustez_alpha,FashionMNIST,0.1,62,E1L1F1,3.0,1.5,10,5,0.005129,0.005736,0.005467,0.005513836765304989,3.0,4.0,3.2583052479537793,0,0.7765,2.973357972
main_campaign_default_alpha_0_01,test2_robustez_alpha,FashionMNIST,0.1,63,E1L1F1,3.0,1.5,10,5,0.004674,0.006583,0.005782,0.006098462093996518,3.0,4.0,3.8281359949631497,0,0.7749,3.4933555368
main_campaign_default_alpha_0_01,test2_robustez_alpha,FashionMNIST,0.1,64,E1L1F1,3.0,1.5,10,5,0.004286,0.006462,0.00509,0.005791095646376919,2.0,4.0,3.658413733079017,0,0.7869,3.3384141072
main_campaign_default_alpha_0_01,test2_robustez_alpha,FashionMNIST,0.1,65,E1L1F1,3.0,1.5,10,5,0.004108,0.005998,0.005689,0.005671447012203025,2.0,4.0,3.5528211395663205,0,0.833,3.2421777192
main_campaign_default_alpha_0_01,test2_robustez_alpha,FashionMNIST,0.1,66,E1L1F1,3.0,1.5,10,5,0.004404,0.006056,0.005695,0.005732594655654524,2.0,4.0,3.5021203311049796,0,0.7506,3.1957916112
main_campaign_default_alpha_0_01,test2_robustez_alpha,FashionMNIST,0.1,67,E1L1F1,3.0,1.5,10,5,0.004409,0.006803,0.005059,0.005780383997185341,2.0,4.0,3.334185137862711,0,0.7822,3.0426583104
main_campaign_default_alpha_0_01,test2_robustez_alpha,FashionMNIST,0.1,68,E1L1F1,3.0,1.5,10,5,0.004123,0.006164,0.00569,0.005627221843635422,2.0,4.0,3.437113440242954,0,0.8214,3.1365289224
main_campaign_default_alpha_0_01,test2_robustez_alpha,FashionMNIST,0.1,69,E1L1F1,3.0,1.5,10,5,0.004836,0.006808,0.005658,0.006121690641087366,3.0,4.0,3.587904151698085,0,0.8262,3.2741325936
main_campaign_default_alpha_0_01,test2_robustez_alpha,FashionMNIST,0.1,70,E1L1F1,3.0,1.5,10,5,0.004834,0.005795,0.005094,0.005308728473019518,3.0,4.0,3.297322321395504,0,0.8061,3.0089629008
main_campaign_default_alpha_0_01,test2_robustez_alpha,FashionMNIST,0.1,71,E1L1F1,3.0,1.5,10,5,0.00426,0.006889,0.005511,0.005935760897744528,2.0,4.0,3.485278323025073,0,0.7928,3.1804816608
main_campaign_default_alpha_0_01,test2_robustez_alpha,FashionMNIST,1.0,42,E1L1F1,3.0,1.5,10,5,0.006536,0.007721,0.006982,0.007167119773341729,4.0,4.0,4.0,0,0.8815,3.6501895872
main_campaign_default_alpha_0_01,test2_robustez_alpha,FashionMNIST,1.0,43,E1L1F1,3.0,1.5,10,5,0.006769,0.007695,0.007217,0.007241139791118847,4.0,4.0,4.0,0,0.8912,3.6501895872
main_campaign_default_alpha_0_01,test2_robustez_alpha,FashionMNIST,1.0,44,E1L1F1,3.0,1.5,10,5,0.006264,0.007772,0.007544,0.007341779582237694,4.0,4.0,4.0,0,0.8876,3.6501895872
main_campaign_default_alpha_0_01,test2_robustez_alpha,FashionMNIST,1.0,45,E1L1F1,3.0,1.5,10,5,0.006442,0.007611,0.007052,0.007099484019110403,4.0,4.0,4.0,0,0.8878,3.6501895872
main_campaign_default_alpha_0_01,test2_robustez_alpha,FashionMNIST,1.0,46,E1L1F1,3.0,1.5,10,5,0.006218,0.007581,0.006797,0.007035051646235325,4.0,4.0,4.0,0,0.8882,3.6501895872
main_campaign_default_alpha_0_01,test2_robustez_alpha,FashionMNIST,1.0,47,E1L1F1,3.0,1.5,10,5,0.006807,0.007546,0.00694,0.007066567256768268,4.0,4.0,4.0,0,0.8889,3.6501895872
main_campaign_default_alpha_0_01,test2_robustez_alpha,FashionMNIST,1.0,48,E1L1F1,3.0,1.5,10,5,0.00698,0.007749,0.007268,0.007353704701590653,4.0,4.0,4.0,0,0.8929,3.6502571808
main_campaign_default_alpha_0_01,test2_robustez_alpha,FashionMNIST,1.0,49,E1L1F1,3.0,1.5,10,5,0.006772,0.008089,0.007481,0.007361837672678789,4.0,5.0,4.172604718343765,0,0.893,3.8076995736
main_campaign_default_alpha_0_01,test2_robustez_alpha,FashionMNIST,1.0,50,E1L1F1,3.0,1.5,10,5,0.007001,0.007876,0.007258,0.0073085210918114145,4.0,4.0,4.0,0,0.8905,3.6501895872
main_campaign_default_alpha_0_01,test2_robustez_alpha,FashionMNIST,1.0,51,E1L1F1,3.0,1.5,10,5,0.0073,0.007724,0.007381,0.007470166493833562,4.0,4.0,4.0,0,0.8928,3.6501895872
main_campaign_default_alpha_0_01,test2_robustez_alpha,FashionMNIST,1.0,52,E1L1F1,3.0,1.5,10,5,0.006424,0.007963,0.007584,0.007471555405355356,4.0,4.0,4.0,0,0.8923,3.6501895872
main_campaign_default_alpha_0_01,test2_robustez_alpha,FashionMNIST,1.0,53,E1L1F1,3.0,1.5,10,5,0.007043,0.008129,0.007565,0.007693872673740348,4.0,5.0,4.334018480454789,0,0.896,3.95507052
main_campaign_default_alpha_0_01,test2_robustez_alpha,FashionMNIST,1.0,54,E1L1F1,3.0,1.5,10,5,0.006904,0.007658,0.007323,0.007268860301470315,4.0,4.0,4.0,0,0.8914,3.6501895872
main_campaign_default_alpha_0_01,test2_robustez_alpha,FashionMNIST,1.0,55,E1L1F1,3.0,1.5,10,5,0.006366,0.008331,0.007178,0.007613812336808579,4.0,5.0,4.372696801911076,0,0.8918,3.990219192
main_campaign_default_alpha_0_01,test2_robustez_alpha,FashionMNIST,1.0,56,E1L1F1,3.0,1.5,10,5,0.006068,0.007927,0.00695,0.00712123915780897,4.0,4.0,4.0,0,0.8856,3.6501895872
main_campaign_default_alpha_0_01,test2_robustez_alpha,FashionMNIST,1.0,57,E1L1F1,3.0,1.5,10,5,0.006427,0.007509,0.007171,0.007099929577986408,4.0,4.0,4.0,0,0.887,3.6502571808
main_campaign_default_alpha_0_01,test2_robustez_alpha,FashionMNIST,1.0,58,E1L1F1,3.0,1.5,10,5,0.006962,0.007711,0.007591,0.007507304131251968,4.0,4.0,4.0,0,0.8911,3.6502571808
main_campaign_default_alpha_0_01,test2_robustez_alpha,FashionMNIST,1.0,59,E1L1F1,3.0,1.5,10,5,0.007317,0.0076,0.007448,0.0074678066774068125,4.0,4.0,4.0,0,0.8932,3.6502571808
main_campaign_default_alpha_0_01,test2_robustez_alpha,FashionMNIST,1.0,60,E1L1F1,3.0,1.5,10,5,0.006945,0.007572,0.007169,0.007222953706275578,4.0,4.0,4.0,0,0.8886,3.6502571808
main_campaign_default_alpha_0_01,test2_robustez_alpha,FashionMNIST,1.0,61,E1L1F1,3.0,1.5,10,5,0.007101,0.008074,0.007423,0.007515985408218061,4.0,5.0,4.246486306316315,0,0.8919,3.8751917832
main_campaign_default_alpha_0_01,test2_robustez_alpha,FashionMNIST,1.0,62,E1L1F1,3.0,1.5,10,5,0.006705,0.007867,0.007489,0.0075521820824769005,4.0,4.0,4.0,0,0.8916,3.6502571808
main_campaign_default_alpha_0_01,test2_robustez_alpha,FashionMNIST,1.0,63,E1L1F1,3.0,1.5,10,5,0.006751,0.008327,0.007624,0.007718237194918706,4.0,5.0,4.293174326876782,0,0.8902,3.917725056
main_campaign_default_alpha_0_01,test2_robustez_alpha,FashionMNIST,1.0,64,E1L1F1,3.0,1.5,10,5,0.006897,0.008151,0.007727,0.007566366164842694,4.0,5.0,4.195174342166176,0,0.8833,3.8283663168
main_campaign_default_alpha_0_01,test2_robustez_alpha,FashionMNIST,1.0,65,E1L1F1,3.0,1.5,10,5,0.006704,0.00741,0.007181,0.007059923411662315,4.0,4.0,4.0,0,0.8938,3.6502571808
main_campaign_default_alpha_0_01,test2_robustez_alpha,FashionMNIST,1.0,66,E1L1F1,3.0,1.5,10,5,0.006423,0.007211,0.006966,0.006906225158327469,4.0,4.0,4.0,0,0.8884,3.6501895872
main_campaign_default_alpha_0_01,test2_robustez_alpha,FashionMNIST,1.0,67,E1L1F1,3.0,1.5,10,5,0.006649,0.007383,0.006979,0.007031975390256096,4.0,4.0,4.0,0,0.8826,3.6502571808
main_campaign_default_alpha_0_01,test2_robustez_alpha,FashionMNIST,1.0,68,E1L1F1,3.0,1.5,10,5,0.006838,0.007567,0.007231,0.007177210844042813,4.0,4.0,4.0,0,0.885,3.6501895872
main_campaign_default_alpha_0_01,test2_robustez_alpha,FashionMNIST,1.0,69,E1L1F1,3.0,1.5,10,5,0.007302,0.007747,0.00761,0.007580668573968113,4.0,4.0,4.0,0,0.8906,3.6502571808
main_campaign_default_alpha_0_01,test2_robustez_alpha,FashionMNIST,1.0,70,E1L1F1,3.0,1.5,10,5,0.006897,0.007852,0.007124,0.007293869782600645,4.0,4.0,4.0,0,0.896,3.6501895872
main_campaign_default_alpha_0_01,test2_robustez_alpha,FashionMNIST,1.0,71,E1L1F1,3.0,1.5,10,5,0.007001,0.007544,0.007446,0.007349996685369332,4.0,4.0,4.0,0,0.8917,3.6502571808
main_campaign_default_alpha_0_01,test2_robustez_alpha,MNIST,0.01,42,E1L1F1,3.0,1.5,10,5,0.004003,0.005911,0.005058,0.005424859378182692,2.0,4.0,3.2851693424439383,0,0.9286,2.9979282456
main_campaign_default_alpha_0_01,test2_robustez_alpha,MNIST,0.01,43,E1L1F1,3.0,1.5,10,5,0.004001,0.006166,0.005004,0.005294627976741601,2.0,4.0,3.1678085996814933,0,0.8958,2.8907754912
main_campaign_default_alpha_0_01,test2_robustez_alpha,MNIST,0.01,44,E1L1F1,3.0,1.5,10,5,0.004001,0.006064,0.00523,0.005506553294322434,2.0,4.0,3.2970075182400653,0,0.9245,3.008675628
main_campaign_default_alpha_0_01,test2_robustez_alpha,MNIST,0.01,45,E1L1F1,3.0,1.5,10,5,0.004001,0.005889,0.004999,0.005293544109477426,2.0,4.0,3.121328839672605,0,0.9052,2.8483605072
main_campaign_default_alpha_0_01,test2_robustez_alpha,MNIST,0.01,46,E1L1F1,3.0,1.5,10,5,0.004,0.006664,0.004,0.0057894936760430355,2.0,4.0,3.2679765189533527,0,0.9367,2.9821282416
main_campaign_default_alpha_0_01,test2_robustez_alpha,MNIST,0.01,47,E1L1F1,3.0,1.5,10,5,0.004108,0.006202,0.004997,0.005332277336444272,2.0,4.0,3.2813732570412757,0,0.9037,2.9944640736
main_campaign_default_alpha_0_01,test2_robustez_alpha,MNIST,0.01,48,E1L1F1,3.0,1.5,10,5,0.004987,0.00571,0.0053349999999999995,0.005411782078109665,3.0,3.0,3.0,1,0.9232,2.7375914952
main_campaign_default_alpha_0_01,test2_robustez_alpha,MNIST,0.01,49,E1L1F1,3.0,1.5,10,5,0.004239,0.005943,0.005,0.005333877986000519,2.0,4.0,3.1148661160697753,0,0.9295,2.8424629656
main_campaign_default_alpha_0_01,test2_robustez_alpha,MNIST,0.01,50,E1L1F1,3.0,1.5,10,5,0.004,0.006825,0.004002,0.0057400285354517345,2.0,4.0,3.2114882506527413,0,0.9159,2.930689512
main_campaign_default_alpha_0_01,test2_robustez_alpha,MNIST,0.01,51,E1L1F1,3.0,1.5,10,5,0.004001,0.006191,0.0053375,0.005583881076276365,2.0,4.0,3.303624006962834,1,0.9354,3.0146576616
main_campaign_default_alpha_0_01,test2_robustez_alpha,MNIST,0.01,52,E1L1F1,3.0,1.5,10,5,0.004007,0.006202,0.005,0.005717447269495009,2.0,4.0,3.6359326679135573,0,0.9387,3.3178994496
main_campaign_default_alpha_0_01,test2_robustez_alpha,MNIST,0.01,53,E1L1F1,3.0,1.5,10,5,0.004,0.005745,0.005663,0.005504840882156877,2.0,4.0,3.180745870676246,0,0.9514,2.9026888632
main_campaign_default_alpha_0_01,test2_robustez_alpha,MNIST,0.01,54,E1L1F1,3.0,1.5,10,5,0.004,0.006013,0.005,0.005512131624754639,2.0,4.0,3.514721676974927,0,0.8834,3.2073501168
main_campaign_default_alpha_0_01,test2_robustez_alpha,MNIST,0.01,55,E1L1F1,3.0,1.5,10,5,0.004003,0.006375,0.0051015,0.005839606414696024,2.0,4.0,3.6060813688635394,1,0.8818,3.2906592288
main_campaign_default_alpha_0_01,test2_robustez_alpha,MNIST,0.01,56,E1L1F1,3.0,1.5,10,5,0.004191,0.005667,0.005004,0.005155286952335098,2.0,3.0,2.895596459390393,0,0.8863,2.6423690112
main_campaign_default_alpha_0_01,test2_robustez_alpha,MNIST,0.01,57,E1L1F1,3.0,1.5,10,5,0.004997,0.006195,0.005018,0.005501561148148148,3.0,4.0,3.4141666666666666,1,0.9197,3.115473516
main_campaign_default_alpha_0_01,test2_robustez_alpha,MNIST,0.01,58,E1L1F1,3.0,1.5,10,5,0.004001,0.00567,0.005003,0.005186775086569265,2.0,3.0,2.901357332000074,0,0.8945,2.6476751088
main_campaign_default_alpha_0_01,test2_robustez_alpha,MNIST,0.01,59,E1L1F1,3.0,1.5,10,5,0.004004,0.006196,0.00501,0.005585178712293761,2.0,4.0,3.3050200914763996,0,0.9217,3.0160433304
main_campaign_default_alpha_0_01,test2_robustez_alpha,MNIST,0.01,60,E1L1F1,3.0,1.5,10,5,0.004001,0.00619,0.005001,0.005282387856005333,2.0,4.0,3.192492870634421,0,0.9204,2.9133010584
main_campaign_default_alpha_0_01,test2_robustez_alpha,MNIST,0.01,61,E1L1F1,3.0,1.5,10,5,0.004,0.006193,0.005003,0.005496568952426806,2.0,4.0,3.4051221273680117,0,0.9108,3.107277792
main_campaign_default_alpha_0_01,test2_robustez_alpha,MNIST,0.01,62,E1L1F1,3.0,1.5,10,5,0.004,0.00627,0.005,0.005617208714492055,2.0,4.0,3.3112847672308434,0,0.9248,3.0217042944
main_campaign_default_alpha_0_01,test2_robustez_alpha,MNIST,0.01,63,E1L1F1,3.0,1.5,10,5,0.004001,0.005941,0.004998,0.005303799100033332,2.0,4.0,3.207196029776675,0,0.913,2.926718388
main_campaign_default_alpha_0_01,test2_robustez_alpha,MNIST,0.01,64,E1L1F1,3.0,1.5,10,5,0.004,0.005669,0.004993,0.005098700603681346,2.0,3.0,2.9009666308655233,0,0.9229,2.6472695472
main_campaign_default_alpha_0_01,test2_robustez_alpha,MNIST,0.01,65,E1L1F1,3.0,1.5,10,5,0.004,0.006164,0.005329,0.005435695609503176,2.0,4.0,3.1592318945243782,0,0.9114,2.8830022272
main_campaign_default_alpha_0_01,test2_robustez_alpha,MNIST,0.01,66,E1L1F1,3.0,1.5,10,5,0.004386,0.006201,0.005363,0.005628570441835488,2.0,4.0,3.3100440724417615,0,0.9533,3.0205721016
main_campaign_default_alpha_0_01,test2_robustez_alpha,MNIST,0.01,67,E1L1F1,3.0,1.5,10,5,0.004001,0.006662,0.004015,0.005517746731602534,2.0,4.0,3.1914558720047403,0,0.8478,2.912354748
main_campaign_default_alpha_0_01,test2_robustez_alpha,MNIST,0.01,68,E1L1F1,3.0,1.5,10,5,0.004001,0.00567,0.004998,0.005100670549238917,2.0,3.0,2.902485093144698,0,0.8908,2.648655216
main_campaign_default_alpha_0_01,test2_robustez_alpha,MNIST,0.01,69,E1L1F1,3.0,1.5,10,5,0.004726,0.006443,0.005311,0.005770037037037037,3.0,4.0,3.4322222222222223,1,0.9552,3.131949456
main_campaign_default_alpha_0_01,test2_robustez_alpha,MNIST,0.01,70,E1L1F1,3.0,1.5,10,5,0.004001,0.005745,0.005,0.0051265652568423395,2.0,4.0,3.206825673123218,0,0.9234,2.92638042
main_campaign_default_alpha_0_01,test2_robustez_alpha,MNIST,0.01,71,E1L1F1,3.0,1.5,10,5,0.004,0.006206,0.004203,0.005369888876543896,2.0,4.0,3.0682369497990853,0,0.889,2.7999634896
main_campaign_default_alpha_0_01,test2_robustez_alpha,MNIST,0.1,42,E1L1F1,3.0,1.5,10,5,0.004464,0.006319,0.00566,0.0058680077405973965,3.0,4.0,3.572211625710635,0,0.9671,3.2597520552
main_campaign_default_alpha_0_01,test2_robustez_alpha,MNIST,0.1,43,E1L1F1,3.0,1.5,10,5,0.004239,0.006139,0.005553,0.005654841450316655,2.0,4.0,3.5003148031554385,0,0.9643,3.1942031616
main_campaign_default_alpha_0_01,test2_robustez_alpha,MNIST,0.1,44,E1L1F1,3.0,1.5,10,5,0.004976,0.006204,0.005592,0.005780528600262949,3.0,4.0,3.5174897690869025,0,0.9722,3.209935572
main_campaign_default_alpha_0_01,test2_robustez_alpha,MNIST,0.1,45,E1L1F1,3.0,1.5,10,5,0.004767,0.006367,0.005071,0.005850905466464205,3.0,4.0,3.673549127810081,0,0.9807,3.3522876936
main_campaign_default_alpha_0_01,test2_robustez_alpha,MNIST,0.1,46,E1L1F1,3.0,1.5,10,5,0.004496,0.006413,0.005289,0.0056651632191996445,3.0,4.0,3.3739375196755614,0,0.9676,3.0788208864
main_campaign_default_alpha_0_01,test2_robustez_alpha,MNIST,0.1,47,E1L1F1,3.0,1.5,10,5,0.005064,0.006302,0.006092,0.006025923762082886,3.0,4.0,3.831839561497722,0,0.9807,3.4967352168
main_campaign_default_alpha_0_01,test2_robustez_alpha,MNIST,0.1,48,E1L1F1,3.0,1.5,10,5,0.004317,0.00677,0.005528,0.005911952983222843,2.0,4.0,3.4672604718343765,0,0.9343,3.1640395176
main_campaign_default_alpha_0_01,test2_robustez_alpha,MNIST,0.1,49,E1L1F1,3.0,1.5,10,5,0.005375,0.006282,0.005733,0.005866078441539202,3.0,4.0,3.7871560312581014,0,0.9556,3.4559593776
main_campaign_default_alpha_0_01,test2_robustez_alpha,MNIST,0.1,50,E1L1F1,3.0,1.5,10,5,0.004357,0.007169,0.004767,0.0061460825339802235,2.0,4.0,3.631346987148624,0,0.9766,3.31377624
main_campaign_default_alpha_0_01,test2_robustez_alpha,MNIST,0.1,51,E1L1F1,3.0,1.5,10,5,0.004474,0.006259,0.005477,0.005836368467834524,3.0,4.0,3.6781600681456244,0,0.9764,3.3564953952
main_campaign_default_alpha_0_01,test2_robustez_alpha,MNIST,0.1,52,E1L1F1,3.0,1.5,10,5,0.005033,0.006731,0.005517,0.005928706301735153,3.0,4.0,3.4126034703061054,0,0.9801,3.1141047456
main_campaign_default_alpha_0_01,test2_robustez_alpha,MNIST,0.1,53,E1L1F1,3.0,1.5,10,5,0.004135,0.006352,0.005667,0.005772506953317408,2.0,4.0,3.437679388182138,0,0.9662,3.137103468
main_campaign_default_alpha_0_01,test2_robustez_alpha,MNIST,0.1,54,E1L1F1,3.0,1.5,10,5,0.004166,0.005817,0.005784,0.005561250597189045,2.0,4.0,3.7448475084717514,0,0.965,3.4174141272
main_campaign_default_alpha_0_01,test2_robustez_alpha,MNIST,0.1,55,E1L1F1,3.0,1.5,10,5,0.004751,0.007106,0.005242,0.00612002255430254,3.0,4.0,3.4876025405995965,0,0.9539,3.1826615544
main_campaign_default_alpha_0_01,test2_robustez_alpha,MNIST,0.1,56,E1L1F1,3.0,1.5,10,5,0.004443,0.006073,0.005703,0.00556355355357209,2.0,4.0,3.379245213140254,0,0.9702,3.0837214224
main_campaign_default_alpha_0_01,test2_robustez_alpha,MNIST,0.1,57,E1L1F1,3.0,1.5,10,5,0.005201,0.006774,0.005666,0.006111963000685173,3.0,4.0,3.547026906909131,0,0.9774,3.2367702312
main_campaign_default_alpha_0_01,test2_robustez_alpha,MNIST,0.1,58,E1L1F1,3.0,1.5,10,5,0.005234,0.006214,0.005643,0.005805443298396357,3.0,4.0,3.551498092663235,0,0.9729,3.2409103392
main_campaign_default_alpha_0_01,test2_robustez_alpha,MNIST,0.1,59,E1L1F1,3.0,1.5,10,5,0.004113,0.005922,0.005588,0.005541632828413762,2.0,4.0,3.3906521980667383,0,0.9761,3.0941308368
main_campaign_default_alpha_0_01,test2_robustez_alpha,MNIST,0.1,60,E1L1F1,3.0,1.5,10,5,0.004958,0.006197,0.005615,0.005697808485028055,3.0,4.0,3.3345123238458547,0,0.9738,3.0428441928
main_campaign_default_alpha_0_01,test2_robustez_alpha,MNIST,0.1,61,E1L1F1,3.0,1.5,10,5,0.004675,0.006297,0.006216,0.0059733908744120595,3.0,4.0,3.8998925965704974,0,0.9822,3.5588368368
main_campaign_default_alpha_0_01,test2_robustez_alpha,MNIST,0.1,62,E1L1F1,3.0,1.5,10,5,0.00511,0.005735,0.005461,0.005511562849524091,3.0,4.0,3.2626569386319026,0,0.9675,2.977329096
main_campaign_default_alpha_0_01,test2_robustez_alpha,MNIST,0.1,63,E1L1F1,3.0,1.5,10,5,0.004658,0.006582,0.005731,0.006104486296803821,3.0,4.0,3.831635865338321,0,0.9556,3.4965493344
main_campaign_default_alpha_0_01,test2_robustez_alpha,MNIST,0.1,64,E1L1F1,3.0,1.5,10,5,0.004318,0.006457,0.00507,0.005799166493833562,2.0,4.0,3.6635494981667347,0,0.958,3.3431625576
main_campaign_default_alpha_0_01,test2_robustez_alpha,MNIST,0.1,65,E1L1F1,3.0,1.5,10,5,0.004107,0.006011,0.005681,0.005658042979889635,2.0,4.0,3.5512758786711602,0,0.9768,3.2407075584
main_campaign_default_alpha_0_01,test2_robustez_alpha,MNIST,0.1,66,E1L1F1,3.0,1.5,10,5,0.004417,0.006043,0.005671,0.005726109255212769,2.0,4.0,3.5022221399207436,0,0.9385,3.1959436968
main_campaign_default_alpha_0_01,test2_robustez_alpha,MNIST,0.1,67,E1L1F1,3.0,1.5,10,5,0.00441,0.006769,0.005047,0.005752956649753713,2.0,4.0,3.3322099181511797,0,0.9571,3.0407994864
main_campaign_default_alpha_0_01,test2_robustez_alpha,MNIST,0.1,68,E1L1F1,3.0,1.5,10,5,0.004129,0.006151,0.005708,0.005614856079404468,2.0,4.0,3.427910077404541,0,0.9791,3.1281304176
main_campaign_default_alpha_0_01,test2_robustez_alpha,MNIST,0.1,69,E1L1F1,3.0,1.5,10,5,0.00479,0.006821,0.005646,0.0061277283619125215,3.0,4.0,3.5997000111107,0,0.9762,3.2848968744
main_campaign_default_alpha_0_01,test2_robustez_alpha,MNIST,0.1,70,E1L1F1,3.0,1.5,10,5,0.004828,0.005804,0.005087,0.005314175879117827,3.0,4.0,3.298742662444679,0,0.9657,3.0103147728
main_campaign_default_alpha_0_01,test2_robustez_alpha,MNIST,0.1,71,E1L1F1,3.0,1.5,10,5,0.004255,0.006917,0.005517,0.005914106494083663,2.0,4.0,3.4789178378978947,0,0.9479,3.1747362048
main_campaign_default_alpha_0_01,test2_robustez_alpha,MNIST,1.0,42,E1L1F1,3.0,1.5,10,5,0.006555,0.007756,0.007012,0.0071547937668975225,4.0,4.0,4.0,0,0.9895,3.6501895872
main_campaign_default_alpha_0_01,test2_robustez_alpha,MNIST,1.0,43,E1L1F1,3.0,1.5,10,5,0.006785,0.007709,0.007158,0.007266620909949446,4.0,4.0,4.0,0,0.9909,3.6502571808
main_campaign_default_alpha_0_01,test2_robustez_alpha,MNIST,1.0,44,E1L1F1,3.0,1.5,10,5,0.006286,0.007726,0.007589,0.0073587464029776116,4.0,4.0,4.0,0,0.9905,3.6502571808
main_campaign_default_alpha_0_01,test2_robustez_alpha,MNIST,1.0,45,E1L1F1,3.0,1.5,10,5,0.006314,0.00761,0.007062,0.007086615384615383,4.0,4.0,4.0,0,0.9894,3.6501895872
main_campaign_default_alpha_0_01,test2_robustez_alpha,MNIST,1.0,46,E1L1F1,3.0,1.5,10,5,0.00621,0.007589,0.00688,0.007044584874914357,4.0,4.0,4.0,0,0.9904,3.6502571808
main_campaign_default_alpha_0_01,test2_robustez_alpha,MNIST,1.0,47,E1L1F1,3.0,1.5,10,5,0.006814,0.00752,0.006935,0.007065935020925151,4.0,4.0,4.0,0,0.9896,3.6501895872
main_campaign_default_alpha_0_01,test2_robustez_alpha,MNIST,1.0,48,E1L1F1,3.0,1.5,10,5,0.0069,0.007762,0.00731,0.007355704251694382,4.0,4.0,4.0,0,0.9916,3.6501895872
main_campaign_default_alpha_0_01,test2_robustez_alpha,MNIST,1.0,49,E1L1F1,3.0,1.5,10,5,0.006731,0.008021,0.007496,0.007353419428910041,4.0,5.0,4.17399355579423,0,0.9906,3.8089669536
main_campaign_default_alpha_0_01,test2_robustez_alpha,MNIST,1.0,50,E1L1F1,3.0,1.5,10,5,0.007117,0.007825,0.007156,0.007308861058128553,4.0,4.0,4.0,0,0.9905,3.6501219936
main_campaign_default_alpha_0_01,test2_robustez_alpha,MNIST,1.0,51,E1L1F1,3.0,1.5,10,5,0.007238,0.007791,0.00733,0.007447350727750824,4.0,4.0,4.0,0,0.9908,3.6501895872
main_campaign_default_alpha_0_01,test2_robustez_alpha,MNIST,1.0,52,E1L1F1,3.0,1.5,10,5,0.006418,0.007902,0.007609,0.00745003527581801,4.0,4.0,4.0,0,0.9911,3.6502571808
main_campaign_default_alpha_0_01,test2_robustez_alpha,MNIST,1.0,53,E1L1F1,3.0,1.5,10,5,0.007177,0.008138,0.007564,0.007690479751124937,4.0,5.0,4.331129752050812,0,0.9913,3.9524343696
main_campaign_default_alpha_0_01,test2_robustez_alpha,MNIST,1.0,54,E1L1F1,3.0,1.5,10,5,0.006905,0.007618,0.007259,0.007257477297137143,4.0,4.0,4.0,0,0.9911,3.6501895872
main_campaign_default_alpha_0_01,test2_robustez_alpha,MNIST,1.0,55,E1L1F1,3.0,1.5,10,5,0.006405,0.008268,0.0072,0.007593595392848545,4.0,5.0,4.376516119474844,0,0.9912,3.993852348
main_campaign_default_alpha_0_01,test2_robustez_alpha,MNIST,1.0,56,E1L1F1,3.0,1.5,10,5,0.00603,0.007887,0.006991,0.007123211603273953,4.0,4.0,4.0,0,0.99,3.6501895872
main_campaign_default_alpha_0_01,test2_robustez_alpha,MNIST,1.0,57,E1L1F1,3.0,1.5,10,5,0.006432,0.00755,0.007173,0.0071475780604781216,4.0,4.0,4.0,0,0.9896,3.6502571808
main_campaign_default_alpha_0_01,test2_robustez_alpha,MNIST,1.0,58,E1L1F1,3.0,1.5,10,5,0.007147,0.007713,0.007574,0.007533164101994333,4.0,4.0,4.0,0,0.991,3.6502571808
main_campaign_default_alpha_0_01,test2_robustez_alpha,MNIST,1.0,59,E1L1F1,3.0,1.5,10,5,0.007179,0.007595,0.00747,0.007468143253953557,4.0,4.0,4.0,0,0.9907,3.6501895872
main_campaign_default_alpha_0_01,test2_robustez_alpha,MNIST,1.0,60,E1L1F1,3.0,1.5,10,5,0.006882,0.007572,0.007187,0.007219959002277652,4.0,4.0,4.0,0,0.9906,3.6502571808
main_campaign_default_alpha_0_01,test2_robustez_alpha,MNIST,1.0,61,E1L1F1,3.0,1.5,10,5,0.006998,0.008092,0.007432,0.007496489695016943,4.0,5.0,4.245615984297169,0,0.9884,3.8743975584
main_campaign_default_alpha_0_01,test2_robustez_alpha,MNIST,1.0,62,E1L1F1,3.0,1.5,10,5,0.006752,0.007859,0.00747,0.007499610884782045,4.0,4.0,4.0,0,0.9901,3.6501895872
main_campaign_default_alpha_0_01,test2_robustez_alpha,MNIST,1.0,63,E1L1F1,3.0,1.5,10,5,0.006802,0.00828,0.007634,0.007728350968482648,4.0,5.0,4.295414984630199,0,0.9899,3.9197697624
main_campaign_default_alpha_0_01,test2_robustez_alpha,MNIST,1.0,64,E1L1F1,3.0,1.5,10,5,0.006947,0.008039,0.007658,0.007562821102531341,4.0,5.0,4.196748328796549,0,0.9897,3.8298026808
main_campaign_default_alpha_0_01,test2_robustez_alpha,MNIST,1.0,65,E1L1F1,3.0,1.5,10,5,0.006731,0.007364,0.007153,0.007077595781715831,4.0,4.0,4.0,0,0.991,3.6502571808
main_campaign_default_alpha_0_01,test2_robustez_alpha,MNIST,1.0,66,E1L1F1,3.0,1.5,10,5,0.006515,0.007222,0.006966,0.006927047701053645,4.0,4.0,4.0,0,0.9885,3.6502571808
main_campaign_default_alpha_0_01,test2_robustez_alpha,MNIST,1.0,67,E1L1F1,3.0,1.5,10,5,0.006651,0.007346,0.00699,0.007033940336647964,4.0,4.0,4.0,0,0.9905,3.6502571808
main_campaign_default_alpha_0_01,test2_robustez_alpha,MNIST,1.0,68,E1L1F1,3.0,1.5,10,5,0.006787,0.007568,0.007306,0.0071982432132143255,4.0,4.0,4.0,0,0.9904,3.6501895872
main_campaign_default_alpha_0_01,test2_robustez_alpha,MNIST,1.0,69,E1L1F1,3.0,1.5,10,5,0.007193,0.0077,0.007581,0.0075518589470565355,4.0,4.0,4.0,0,0.9912,3.6501219936
main_campaign_default_alpha_0_01,test2_robustez_alpha,MNIST,1.0,70,E1L1F1,3.0,1.5,10,5,0.006923,0.007839,0.007158,0.00728908435028981,4.0,4.0,4.0,0,0.9908,3.6501219936
main_campaign_default_alpha_0_01,test2_robustez_alpha,MNIST,1.0,71,E1L1F1,3.0,1.5,10,5,0.007035,0.007564,0.007339,0.007357421180304799,4.0,4.0,4.0,0,0.9904,3.6502571808
main_campaign_default_alpha_0_01,test3_comunicacao,CIFAR10,0.01,42,E1L1F1,3.0,1.5,10,5,0.004001,0.005931,0.005061,0.005426528343814583,2.0,4.0,3.278149374458345,0,0.6432,266.855890944
main_campaign_default_alpha_0_01,test3_comunicacao,CIFAR10,0.01,43,E1L1F1,3.0,1.5,10,5,0.004002,0.006179,0.005004,0.005316269105130998,2.0,4.0,3.175573876136086,0,0.4911,258.5057906688
main_campaign_default_alpha_0_01,test3_comunicacao,CIFAR10,0.01,44,E1L1F1,3.0,1.5,10,5,0.004,0.006074,0.0052,0.005484446103593094,2.0,4.0,3.2946470235317644,0,0.5649,268.2107923968
main_campaign_default_alpha_0_01,test3_comunicacao,CIFAR10,0.01,45,E1L1F1,3.0,1.5,10,5,0.004,0.005872,0.005,0.0053017574552242114,2.0,4.0,3.1339718234745124,0,0.5658,255.124868352
main_campaign_default_alpha_0_01,test3_comunicacao,CIFAR10,0.01,46,E1L1F1,3.0,1.5,10,5,0.004,0.006667,0.0048354999999999995,0.005834585044444444,2.0,4.0,3.3,1,0.5705,268.6286592
main_campaign_default_alpha_0_01,test3_comunicacao,CIFAR10,0.01,47,E1L1F1,3.0,1.5,10,5,0.004127,0.006204,0.004997,0.005346866053374219,2.0,4.0,3.295024776126036,0,0.5799,268.2415444992
main_campaign_default_alpha_0_01,test3_comunicacao,CIFAR10,0.01,48,E1L1F1,3.0,1.5,10,5,0.005001,0.005709,0.0053355,0.005416497966711851,3.0,3.0,3.0,1,0.5803,244.2132988416
main_campaign_default_alpha_0_01,test3_comunicacao,CIFAR10,0.01,49,E1L1F1,3.0,1.5,10,5,0.004246,0.005945,0.005,0.005361977645934716,2.0,4.0,3.1294580361309245,0,0.545,254.763078912
main_campaign_default_alpha_0_01,test3_comunicacao,CIFAR10,0.01,50,E1L1F1,3.0,1.5,10,5,0.004001,0.006843,0.004003,0.005759730767521444,2.0,4.0,3.218434736233945,0,0.5993,262.0006766592
main_campaign_default_alpha_0_01,test3_comunicacao,CIFAR10,0.01,51,E1L1F1,3.0,1.5,10,5,0.004001,0.006202,0.005339,0.005584555387658051,2.0,4.0,3.2999711117530723,1,0.5607,268.6322770944
main_campaign_default_alpha_0_01,test3_comunicacao,CIFAR10,0.01,52,E1L1F1,3.0,1.5,10,5,0.004009,0.006202,0.0054915,0.005738714450789982,2.0,4.0,3.64480789315793,1,0.5819,296.703519744
main_campaign_default_alpha_0_01,test3_comunicacao,CIFAR10,0.01,53,E1L1F1,3.0,1.5,10,5,0.004,0.00575,0.005666,0.005529706257499666,2.0,4.0,3.1939691569263586,0,0.5844,260.009025792
main_campaign_default_alpha_0_01,test3_comunicacao,CIFAR10,0.01,54,E1L1F1,3.0,1.5,10,5,0.004001,0.006045,0.005001,0.005513622683436292,2.0,4.0,3.4972001244389137,0,0.5529,284.6939192832
main_campaign_default_alpha_0_01,test3_comunicacao,CIFAR10,0.01,55,E1L1F1,3.0,1.5,10,5,0.004,0.00638,0.004012,0.005830831203751028,2.0,4.0,3.599075576098309,0,0.5919,292.9807064064
main_campaign_default_alpha_0_01,test3_comunicacao,CIFAR10,0.01,56,E1L1F1,3.0,1.5,10,5,0.004222,0.00567,0.005007,0.005170631757882808,2.0,3.0,2.9061173699531144,0,0.5449,236.5813506048
main_campaign_default_alpha_0_01,test3_comunicacao,CIFAR10,0.01,57,E1L1F1,3.0,1.5,10,5,0.005,0.006202,0.0050185,0.005485419101797738,3.0,4.0,3.397613386369192,1,0.4973,276.5807910912
main_campaign_default_alpha_0_01,test3_comunicacao,CIFAR10,0.01,58,E1L1F1,3.0,1.5,10,5,0.004001,0.00567,0.005002,0.005167839251588818,2.0,3.0,2.9000044442469224,0,0.5327,236.0784632832
main_campaign_default_alpha_0_01,test3_comunicacao,CIFAR10,0.01,59,E1L1F1,3.0,1.5,10,5,0.004004,0.006202,0.005066,0.005579855876274915,2.0,4.0,3.297691265026776,0,0.5517,268.4586181632
main_campaign_default_alpha_0_01,test3_comunicacao,CIFAR10,0.01,60,E1L1F1,3.0,1.5,10,5,0.004,0.006201,0.005,0.005292016110395094,2.0,4.0,3.1937913870494645,0,0.5213,259.9945542144
main_campaign_default_alpha_0_01,test3_comunicacao,CIFAR10,0.01,61,E1L1F1,3.0,1.5,10,5,0.004111,0.006202,0.00501,0.005489143123791746,2.0,4.0,3.394440370641957,0,0.5736,276.334774272
main_campaign_default_alpha_0_01,test3_comunicacao,CIFAR10,0.01,62,E1L1F1,3.0,1.5,10,5,0.004001,0.006282,0.005,0.005615704413137195,2.0,4.0,3.3062530554197593,0,0.5438,269.1496359936
main_campaign_default_alpha_0_01,test3_comunicacao,CIFAR10,0.01,63,E1L1F1,3.0,1.5,10,5,0.004001,0.00593,0.005001,0.0052949596017954756,2.0,4.0,3.207146349051153,0,0.5714,261.0817314816
main_campaign_default_alpha_0_01,test3_comunicacao,CIFAR10,0.01,64,E1L1F1,3.0,1.5,10,5,0.004001,0.00567,0.005001,0.005101784498466735,2.0,3.0,2.9000933291853697,0,0.5189,236.085699072
main_campaign_default_alpha_0_01,test3_comunicacao,CIFAR10,0.01,65,E1L1F1,3.0,1.5,10,5,0.004,0.006173,0.005342,0.005437091240389315,2.0,4.0,3.1527043242522557,0,0.5824,256.6498108416
main_campaign_default_alpha_0_01,test3_comunicacao,CIFAR10,0.01,66,E1L1F1,3.0,1.5,10,5,0.004382,0.006202,0.00533,0.005629750949936671,2.0,4.0,3.306224029509144,0,0.629,269.153253888
main_campaign_default_alpha_0_01,test3_comunicacao,CIFAR10,0.01,67,E1L1F1,3.0,1.5,10,5,0.004,0.006667,0.004017,0.005533816256693998,2.0,4.0,3.1976757105081886,0,0.5143,260.316546816
main_campaign_default_alpha_0_01,test3_comunicacao,CIFAR10,0.01,68,E1L1F1,3.0,1.5,10,5,0.004001,0.00567,0.005001,0.005101510421759033,2.0,3.0,2.9000044442469224,0,0.5075,236.0784632832
main_campaign_default_alpha_0_01,test3_comunicacao,CIFAR10,0.01,69,E1L1F1,3.0,1.5,10,5,0.004,0.006427,0.004983,0.005767704184351459,2.0,4.0,3.425990533543699,0,0.6304,278.8908166656
main_campaign_default_alpha_0_01,test3_comunicacao,CIFAR10,0.01,70,E1L1F1,3.0,1.5,10,5,0.004001,0.00574,0.005,0.005127605564320793,2.0,4.0,3.2061509744227905,0,0.5204,260.994902016
main_campaign_default_alpha_0_01,test3_comunicacao,CIFAR10,0.01,71,E1L1F1,3.0,1.5,10,5,0.004002,0.00621,0.004222,0.0053942085240655975,2.0,4.0,3.0909737345006887,0,0.5158,251.62455552
main_campaign_default_alpha_0_01,test3_comunicacao,CIFAR10,0.01,42,E1L1F1,3.0,1.5,10,5,0.004001,0.005931,0.005061,0.005426528343814583,2.0,4.0,3.278149374458345,0,0.6421,266.855890944
main_campaign_default_alpha_0_01,test3_comunicacao,CIFAR10,0.01,43,E1L1F1,3.0,1.5,10,5,0.004002,0.006179,0.005004,0.005316269105130998,2.0,4.0,3.175573876136086,0,0.4988,258.5057906688
main_campaign_default_alpha_0_01,test3_comunicacao,CIFAR10,0.01,44,E1L1F1,3.0,1.5,10,5,0.004,0.006074,0.0052,0.005484446103593094,2.0,4.0,3.2946470235317644,0,0.5741,268.2107923968
main_campaign_default_alpha_0_01,test3_comunicacao,CIFAR10,0.01,45,E1L1F1,3.0,1.5,10,5,0.004,0.005872,0.005,0.0053017574552242114,2.0,4.0,3.1339718234745124,0,0.5868,255.124868352
main_campaign_default_alpha_0_01,test3_comunicacao,CIFAR10,0.01,46,E1L1F1,3.0,1.5,10,5,0.004,0.006667,0.0048354999999999995,0.005834585044444444,2.0,4.0,3.3,1,0.5751,268.6286592
main_campaign_default_alpha_0_01,test3_comunicacao,CIFAR10,0.01,47,E1L1F1,3.0,1.5,10,5,0.004127,0.006204,0.004997,0.005346866053374219,2.0,4.0,3.295024776126036,0,0.5708,268.2415444992
main_campaign_default_alpha_0_01,test3_comunicacao,CIFAR10,0.01,48,E1L1F1,3.0,1.5,10,5,0.005001,0.005709,0.0053355,0.005416497966711851,3.0,3.0,3.0,1,0.5693,244.2132988416
main_campaign_default_alpha_0_01,test3_comunicacao,CIFAR10,0.01,49,E1L1F1,3.0,1.5,10,5,0.004246,0.005945,0.005,0.005361977645934716,2.0,4.0,3.1294580361309245,0,0.5479,254.763078912
main_campaign_default_alpha_0_01,test3_comunicacao,CIFAR10,0.01,50,E1L1F1,3.0,1.5,10,5,0.004001,0.006843,0.004003,0.005759730767521444,2.0,4.0,3.218434736233945,0,0.6143,262.0006766592
main_campaign_default_alpha_0_01,test3_comunicacao,CIFAR10,0.01,51,E1L1F1,3.0,1.5,10,5,0.004001,0.006202,0.005339,0.005584555387658051,2.0,4.0,3.2999711117530723,1,0.5656,268.6322770944
main_campaign_default_alpha_0_01,test3_comunicacao,CIFAR10,0.01,52,E1L1F1,3.0,1.5,10,5,0.004009,0.006202,0.0054915,0.005738714450789982,2.0,4.0,3.64480789315793,1,0.5741,296.703519744
main_campaign_default_alpha_0_01,test3_comunicacao,CIFAR10,0.01,53,E1L1F1,3.0,1.5,10,5,0.004,0.00575,0.005666,0.005529706257499666,2.0,4.0,3.1939691569263586,0,0.5804,260.009025792
main_campaign_default_alpha_0_01,test3_comunicacao,CIFAR10,0.01,54,E1L1F1,3.0,1.5,10,5,0.004001,0.006045,0.005001,0.005513622683436292,2.0,4.0,3.4972001244389137,0,0.5735,284.6939192832
main_campaign_default_alpha_0_01,test3_comunicacao,CIFAR10,0.01,55,E1L1F1,3.0,1.5,10,5,0.004,0.00638,0.004012,0.005830831203751028,2.0,4.0,3.599075576098309,0,0.5892,292.9807064064
main_campaign_default_alpha_0_01,test3_comunicacao,CIFAR10,0.01,56,E1L1F1,3.0,1.5,10,5,0.004222,0.00567,0.005007,0.005170631757882808,2.0,3.0,2.9061173699531144,0,0.566,236.5813506048
main_campaign_default_alpha_0_01,test3_comunicacao,CIFAR10,0.01,57,E1L1F1,3.0,1.5,10,5,0.005,0.006202,0.0050185,0.005485419101797738,3.0,4.0,3.397613386369192,1,0.5009,276.5807910912
main_campaign_default_alpha_0_01,test3_comunicacao,CIFAR10,0.01,58,E1L1F1,3.0,1.5,10,5,0.004001,0.00567,0.005002,0.005167839251588818,2.0,3.0,2.9000044442469224,0,0.5362,236.0784632832
main_campaign_default_alpha_0_01,test3_comunicacao,CIFAR10,0.01,59,E1L1F1,3.0,1.5,10,5,0.004004,0.006202,0.005066,0.005579855876274915,2.0,4.0,3.297691265026776,0,0.551,268.4586181632
main_campaign_default_alpha_0_01,test3_comunicacao,CIFAR10,0.01,60,E1L1F1,3.0,1.5,10,5,0.004,0.006201,0.005,0.005292016110395094,2.0,4.0,3.1937913870494645,0,0.5363,259.9945542144
main_campaign_default_alpha_0_01,test3_comunicacao,CIFAR10,0.01,61,E1L1F1,3.0,1.5,10,5,0.004111,0.006202,0.00501,0.005489143123791746,2.0,4.0,3.394440370641957,0,0.5468,276.334774272
main_campaign_default_alpha_0_01,test3_comunicacao,CIFAR10,0.01,62,E1L1F1,3.0,1.5,10,5,0.004001,0.006282,0.005,0.005615704413137195,2.0,4.0,3.3062530554197593,0,0.5579,269.1496359936
main_campaign_default_alpha_0_01,test3_comunicacao,CIFAR10,0.01,63,E1L1F1,3.0,1.5,10,5,0.004001,0.00593,0.005001,0.0052949596017954756,2.0,4.0,3.207146349051153,0,0.5693,261.0817314816
main_campaign_default_alpha_0_01,test3_comunicacao,CIFAR10,0.01,64,E1L1F1,3.0,1.5,10,5,0.004001,0.00567,0.005001,0.005101784498466735,2.0,3.0,2.9000933291853697,0,0.4969,236.085699072
main_campaign_default_alpha_0_01,test3_comunicacao,CIFAR10,0.01,65,E1L1F1,3.0,1.5,10,5,0.004,0.006173,0.005342,0.005437091240389315,2.0,4.0,3.1527043242522557,0,0.5718,256.6498108416
main_campaign_default_alpha_0_01,test3_comunicacao,CIFAR10,0.01,66,E1L1F1,3.0,1.5,10,5,0.004382,0.006202,0.00533,0.005629750949936671,2.0,4.0,3.306224029509144,0,0.6058,269.153253888
main_campaign_default_alpha_0_01,test3_comunicacao,CIFAR10,0.01,67,E1L1F1,3.0,1.5,10,5,0.004,0.006667,0.004017,0.005533816256693998,2.0,4.0,3.1976757105081886,0,0.5041,260.316546816
main_campaign_default_alpha_0_01,test3_comunicacao,CIFAR10,0.01,68,E1L1F1,3.0,1.5,10,5,0.004001,0.00567,0.005001,0.005101510421759033,2.0,3.0,2.9000044442469224,0,0.495,236.0784632832
main_campaign_default_alpha_0_01,test3_comunicacao,CIFAR10,0.01,69,E1L1F1,3.0,1.5,10,5,0.004,0.006427,0.004983,0.005767704184351459,2.0,4.0,3.425990533543699,0,0.6103,278.8908166656
main_campaign_default_alpha_0_01,test3_comunicacao,CIFAR10,0.01,70,E1L1F1,3.0,1.5,10,5,0.004001,0.00574,0.005,0.005127605564320793,2.0,4.0,3.2061509744227905,0,0.5145,260.994902016
main_campaign_default_alpha_0_01,test3_comunicacao,CIFAR10,0.01,71,E1L1F1,3.0,1.5,10,5,0.004002,0.00621,0.004222,0.0053942085240655975,2.0,4.0,3.0909737345006887,0,0.5093,251.62455552
main_campaign_default_alpha_0_01,test3_comunicacao,CIFAR10,0.01,42,E1L1F1,3.0,1.5,10,5,0.004001,0.005931,0.005061,0.005426528343814583,2.0,4.0,3.278149374458345,0,0.6472,266.855890944
main_campaign_default_alpha_0_01,test3_comunicacao,CIFAR10,0.01,43,E1L1F1,3.0,1.5,10,5,0.004002,0.006179,0.005004,0.005316269105130998,2.0,4.0,3.175573876136086,0,0.4947,258.5057906688
main_campaign_default_alpha_0_01,test3_comunicacao,CIFAR10,0.01,44,E1L1F1,3.0,1.5,10,5,0.004,0.006074,0.0052,0.005484446103593094,2.0,4.0,3.2946470235317644,0,0.5751,268.2107923968
main_campaign_default_alpha_0_01,test3_comunicacao,CIFAR10,0.01,45,E1L1F1,3.0,1.5,10,5,0.004,0.005872,0.005,0.0053017574552242114,2.0,4.0,3.1339718234745124,0,0.5872,255.124868352
main_campaign_default_alpha_0_01,test3_comunicacao,CIFAR10,0.01,46,E1L1F1,3.0,1.5,10,5,0.004,0.006667,0.0048354999999999995,0.005834585044444444,2.0,4.0,3.3,1,0.5882,268.6286592
main_campaign_default_alpha_0_01,test3_comunicacao,CIFAR10,0.01,47,E1L1F1,3.0,1.5,10,5,0.004127,0.006204,0.004997,0.005346866053374219,2.0,4.0,3.295024776126036,0,0.5806,268.2415444992
main_campaign_default_alpha_0_01,test3_comunicacao,CIFAR10,0.01,48,E1L1F1,3.0,1.5,10,5,0.005001,0.005709,0.0053355,0.005416497966711851,3.0,3.0,3.0,1,0.5739,244.2132988416
main_campaign_default_alpha_0_01,test3_comunicacao,CIFAR10,0.01,49,E1L1F1,3.0,1.5,10,5,0.004246,0.005945,0.005,0.005361977645934716,2.0,4.0,3.1294580361309245,0,0.5597,254.763078912
main_campaign_default_alpha_0_01,test3_comunicacao,CIFAR10,0.01,50,E1L1F1,3.0,1.5,10,5,0.004001,0.006843,0.004003,0.005759730767521444,2.0,4.0,3.218434736233945,0,0.616,262.0006766592
main_campaign_default_alpha_0_01,test3_comunicacao,CIFAR10,0.01,51,E1L1F1,3.0,1.5,10,5,0.004001,0.006202,0.005339,0.005584555387658051,2.0,4.0,3.2999711117530723,1,0.5733,268.6322770944
main_campaign_default_alpha_0_01,test3_comunicacao,CIFAR10,0.01,52,E1L1F1,3.0,1.5,10,5,0.004009,0.006202,0.0054915,0.005738714450789982,2.0,4.0,3.64480789315793,1,0.5693,296.703519744
main_campaign_default_alpha_0_01,test3_comunicacao,CIFAR10,0.01,53,E1L1F1,3.0,1.5,10,5,0.004,0.00575,0.005666,0.005529706257499666,2.0,4.0,3.1939691569263586,0,0.5795,260.009025792
main_campaign_default_alpha_0_01,test3_comunicacao,CIFAR10,0.01,54,E1L1F1,3.0,1.5,10,5,0.004001,0.006045,0.005001,0.005513622683436292,2.0,4.0,3.4972001244389137,0,0.5454,284.6939192832
main_campaign_default_alpha_0_01,test3_comunicacao,CIFAR10,0.01,55,E1L1F1,3.0,1.5,10,5,0.004,0.00638,0.004012,0.005830831203751028,2.0,4.0,3.599075576098309,0,0.6105,292.9807064064
main_campaign_default_alpha_0_01,test3_comunicacao,CIFAR10,0.01,56,E1L1F1,3.0,1.5,10,5,0.004222,0.00567,0.005007,0.005170631757882808,2.0,3.0,2.9061173699531144,0,0.5706,236.5813506048
main_campaign_default_alpha_0_01,test3_comunicacao,CIFAR10,0.01,57,E1L1F1,3.0,1.5,10,5,0.005,0.006202,0.0050185,0.005485419101797738,3.0,4.0,3.397613386369192,1,0.526,276.5807910912
main_campaign_default_alpha_0_01,test3_comunicacao,CIFAR10,0.01,58,E1L1F1,3.0,1.5,10,5,0.004001,0.00567,0.005002,0.005167839251588818,2.0,3.0,2.9000044442469224,0,0.521,236.0784632832
main_campaign_default_alpha_0_01,test3_comunicacao,CIFAR10,0.01,59,E1L1F1,3.0,1.5,10,5,0.004004,0.006202,0.005066,0.005579855876274915,2.0,4.0,3.297691265026776,0,0.5248,268.4586181632
main_campaign_default_alpha_0_01,test3_comunicacao,CIFAR10,0.01,60,E1L1F1,3.0,1.5,10,5,0.004,0.006201,0.005,0.005292016110395094,2.0,4.0,3.1937913870494645,0,0.5336,259.9945542144
main_campaign_default_alpha_0_01,test3_comunicacao,CIFAR10,0.01,61,E1L1F1,3.0,1.5,10,5,0.004111,0.006202,0.00501,0.005489143123791746,2.0,4.0,3.394440370641957,0,0.5463,276.334774272
main_campaign_default_alpha_0_01,test3_comunicacao,CIFAR10,0.01,62,E1L1F1,3.0,1.5,10,5,0.004001,0.006282,0.005,0.005615704413137195,2.0,4.0,3.3062530554197593,0,0.5702,269.1496359936
main_campaign_default_alpha_0_01,test3_comunicacao,CIFAR10,0.01,63,E1L1F1,3.0,1.5,10,5,0.004001,0.00593,0.005001,0.0052949596017954756,2.0,4.0,3.207146349051153,0,0.5609,261.0817314816
main_campaign_default_alpha_0_01,test3_comunicacao,CIFAR10,0.01,64,E1L1F1,3.0,1.5,10,5,0.004001,0.00567,0.005001,0.005101784498466735,2.0,3.0,2.9000933291853697,0,0.4952,236.085699072
main_campaign_default_alpha_0_01,test3_comunicacao,CIFAR10,0.01,65,E1L1F1,3.0,1.5,10,5,0.004,0.006173,0.005342,0.005437091240389315,2.0,4.0,3.1527043242522557,0,0.5824,256.6498108416
main_campaign_default_alpha_0_01,test3_comunicacao,CIFAR10,0.01,66,E1L1F1,3.0,1.5,10,5,0.004382,0.006202,0.00533,0.005629750949936671,2.0,4.0,3.306224029509144,0,0.5928,269.153253888
main_campaign_default_alpha_0_01,test3_comunicacao,CIFAR10,0.01,67,E1L1F1,3.0,1.5,10,5,0.004,0.006667,0.004017,0.005533816256693998,2.0,4.0,3.1976757105081886,0,0.4989,260.316546816
main_campaign_default_alpha_0_01,test3_comunicacao,CIFAR10,0.01,68,E1L1F1,3.0,1.5,10,5,0.004001,0.00567,0.005001,0.005101510421759033,2.0,3.0,2.9000044442469224,0,0.4957,236.0784632832
main_campaign_default_alpha_0_01,test3_comunicacao,CIFAR10,0.01,69,E1L1F1,3.0,1.5,10,5,0.004,0.006427,0.004983,0.005767704184351459,2.0,4.0,3.425990533543699,0,0.6122,278.8908166656
main_campaign_default_alpha_0_01,test3_comunicacao,CIFAR10,0.01,70,E1L1F1,3.0,1.5,10,5,0.004001,0.00574,0.005,0.005127605564320793,2.0,4.0,3.2061509744227905,0,0.5297,260.994902016
main_campaign_default_alpha_0_01,test3_comunicacao,CIFAR10,0.01,71,E1L1F1,3.0,1.5,10,5,0.004002,0.00621,0.004222,0.0053942085240655975,2.0,4.0,3.0909737345006887,0,0.5209,251.62455552
main_campaign_default_alpha_0_01,test3_comunicacao,FashionMNIST,0.01,42,E1L1F1,3.0,1.5,10,5,0.004002,0.005931,0.005057,0.005425796377911929,2.0,4.0,3.2781378467464166,0,0.7699,2.9914561584
main_campaign_default_alpha_0_01,test3_comunicacao,FashionMNIST,0.01,43,E1L1F1,3.0,1.5,10,5,0.004,0.00618,0.005004,0.0053143653383208025,2.0,4.0,3.1756231250694418,0,0.6631,2.897906616
main_campaign_default_alpha_0_01,test3_comunicacao,FashionMNIST,0.01,44,E1L1F1,3.0,1.5,10,5,0.004001,0.006074,0.005195,0.005483019128921151,2.0,4.0,3.2946372356579388,0,0.6987,3.0065126328
main_campaign_default_alpha_0_01,test3_comunicacao,FashionMNIST,0.01,45,E1L1F1,3.0,1.5,10,5,0.004002,0.005874,0.005,0.005302136939372616,2.0,4.0,3.1338839302248065,0,0.7433,2.8598176224
main_campaign_default_alpha_0_01,test3_comunicacao,FashionMNIST,0.01,46,E1L1F1,3.0,1.5,10,5,0.004,0.006667,0.0048354999999999995,0.005834569092592593,2.0,4.0,3.2999814814814816,1,0.6974,3.0112779816
main_campaign_default_alpha_0_01,test3_comunicacao,FashionMNIST,0.01,47,E1L1F1,3.0,1.5,10,5,0.004123,0.006203,0.004997,0.005345192674481048,2.0,4.0,3.2950947169601688,0,0.6976,3.006985788
main_campaign_default_alpha_0_01,test3_comunicacao,FashionMNIST,0.01,48,E1L1F1,3.0,1.5,10,5,0.005,0.00571,0.0053355,0.005416608155404529,3.0,3.0,3.0,1,0.6974,2.7375914952
main_campaign_default_alpha_0_01,test3_comunicacao,FashionMNIST,0.01,49,E1L1F1,3.0,1.5,10,5,0.00424,0.005942,0.005,0.005361445660426273,2.0,4.0,3.1294928059552247,0,0.7572,2.8558633968
main_campaign_default_alpha_0_01,test3_comunicacao,FashionMNIST,0.01,50,E1L1F1,3.0,1.5,10,5,0.004,0.006842,0.004001,0.00575924241694752,2.0,4.0,3.218491907707122,0,0.6357,2.937026412
main_campaign_default_alpha_0_01,test3_comunicacao,FashionMNIST,0.01,51,E1L1F1,3.0,1.5,10,5,0.004001,0.006203,0.0053384999999999995,0.005584773925925926,2.0,4.0,3.2999814814814816,1,0.7368,3.0112779816
main_campaign_default_alpha_0_01,test3_comunicacao,FashionMNIST,0.01,52,E1L1F1,3.0,1.5,10,5,0.004,0.006202,0.004908,0.00573955286013222,2.0,4.0,3.6448399103720304,0,0.7205,3.32602758
main_campaign_default_alpha_0_01,test3_comunicacao,FashionMNIST,0.01,53,E1L1F1,3.0,1.5,10,5,0.004,0.005746,0.005668,0.005528542229135419,2.0,4.0,3.193859600392571,0,0.7642,2.9146022352
main_campaign_default_alpha_0_01,test3_comunicacao,FashionMNIST,0.01,54,E1L1F1,3.0,1.5,10,5,0.004,0.006049,0.005001,0.00551482887670827,2.0,4.0,3.4972038072663976,0,0.6925,3.1913642304
main_campaign_default_alpha_0_01,test3_comunicacao,FashionMNIST,0.01,55,E1L1F1,3.0,1.5,10,5,0.004,0.006381,0.00401,0.005831202659160773,2.0,4.0,3.5992000296285322,0,0.712,3.2844406176
main_campaign_default_alpha_0_01,test3_comunicacao,FashionMNIST,0.01,56,E1L1F1,3.0,1.5,10,5,0.004217,0.00567,0.005006,0.005170010814614545,2.0,3.0,2.9061498861132202,0,0.7078,2.651950404
main_campaign_default_alpha_0_01,test3_comunicacao,FashionMNIST,0.01,57,E1L1F1,3.0,1.5,10,5,0.005,0.006202,0.005,0.0054854719912594205,3.0,4.0,3.3976593026055073,0,0.6884,3.1004677368
main_campaign_default_alpha_0_01,test3_comunicacao,FashionMNIST,0.01,58,E1L1F1,3.0,1.5,10,5,0.004,0.00567,0.005003,0.005168462760638495,2.0,3.0,2.8999851857338617,0,0.6928,2.646373932
main_campaign_default_alpha_0_01,test3_comunicacao,FashionMNIST,0.01,59,E1L1F1,3.0,1.5,10,5,0.004006,0.006202,0.005082,0.00558010903097976,2.0,4.0,3.2976316130585337,0,0.6683,3.0093008688
main_campaign_default_alpha_0_01,test3_comunicacao,FashionMNIST,0.01,60,E1L1F1,3.0,1.5,10,5,0.004,0.0062,0.005001,0.005292356505314617,2.0,4.0,3.1938076367541943,0,0.6613,2.9145008448
main_campaign_default_alpha_0_01,test3_comunicacao,FashionMNIST,0.01,61,E1L1F1,3.0,1.5,10,5,0.004122,0.006202,0.005009,0.0054880331648241775,2.0,4.0,3.3943299446327058,0,0.733,3.0975443136
main_campaign_default_alpha_0_01,test3_comunicacao,FashionMNIST,0.01,62,E1L1F1,3.0,1.5,10,5,0.004,0.006282,0.005001,0.005615749712973593,2.0,4.0,3.3062479167438243,0,0.6504,3.0171079296
main_campaign_default_alpha_0_01,test3_comunicacao,FashionMNIST,0.01,63,E1L1F1,3.0,1.5,10,5,0.004,0.005931,0.005,0.005296140383689492,2.0,4.0,3.2072145476093477,0,0.6792,2.9267352864
main_campaign_default_alpha_0_01,test3_comunicacao,FashionMNIST,0.01,64,E1L1F1,3.0,1.5,10,5,0.004,0.00567,0.005,0.00510131560526657,2.0,3.0,2.9000944426955058,0,0.6827,2.6464246272
main_campaign_default_alpha_0_01,test3_comunicacao,FashionMNIST,0.01,65,E1L1F1,3.0,1.5,10,5,0.004001,0.006172,0.005335,0.00543496394644742,2.0,4.0,3.1525841156972763,0,0.6749,2.8769357016
main_campaign_default_alpha_0_01,test3_comunicacao,FashionMNIST,0.01,66,E1L1F1,3.0,1.5,10,5,0.004373,0.006202,0.005327,0.005626608199696306,2.0,4.0,3.3062479167438243,0,0.7707,3.0171079296
main_campaign_default_alpha_0_01,test3_comunicacao,FashionMNIST,0.01,67,E1L1F1,3.0,1.5,10,5,0.004,0.006667,0.004016,0.005533492101998111,2.0,4.0,3.19781115164534,0,0.6509,2.918100204
main_campaign_default_alpha_0_01,test3_comunicacao,FashionMNIST,0.01,68,E1L1F1,3.0,1.5,10,5,0.004001,0.00567,0.005,0.00510127782304359,2.0,3.0,2.8999851857338617,0,0.678,2.646373932
main_campaign_default_alpha_0_01,test3_comunicacao,FashionMNIST,0.01,69,E1L1F1,3.0,1.5,10,5,0.004,0.006425,0.004984,0.005767798651876817,2.0,4.0,3.425992111257199,0,0.7729,3.1263222888
main_campaign_default_alpha_0_01,test3_comunicacao,FashionMNIST,0.01,70,E1L1F1,3.0,1.5,10,5,0.004001,0.00574,0.005001,0.005127657346024221,2.0,4.0,3.2061960668123404,0,0.7038,2.9258058744
main_campaign_default_alpha_0_01,test3_comunicacao,FashionMNIST,0.01,71,E1L1F1,3.0,1.5,10,5,0.004,0.006209,0.004225,0.005394098570423317,2.0,4.0,3.091033665419799,0,0.6107,2.8207147248
main_campaign_default_alpha_0_01,test3_comunicacao,FashionMNIST,0.01,42,E1L1F1,3.0,1.5,10,5,0.004002,0.005931,0.005057,0.005425796377911929,2.0,4.0,3.2781378467464166,0,0.7567,2.9914561584
main_campaign_default_alpha_0_01,test3_comunicacao,FashionMNIST,0.01,43,E1L1F1,3.0,1.5,10,5,0.004,0.00618,0.005004,0.0053143653383208025,2.0,4.0,3.1756231250694418,0,0.6852,2.897906616
main_campaign_default_alpha_0_01,test3_comunicacao,FashionMNIST,0.01,44,E1L1F1,3.0,1.5,10,5,0.004001,0.006074,0.005195,0.005483019128921151,2.0,4.0,3.2946372356579388,0,0.7009,3.0065126328
main_campaign_default_alpha_0_01,test3_comunicacao,FashionMNIST,0.01,45,E1L1F1,3.0,1.5,10,5,0.004002,0.005874,0.005,0.005302136939372616,2.0,4.0,3.1338839302248065,0,0.72,2.8598176224
main_campaign_default_alpha_0_01,test3_comunicacao,FashionMNIST,0.01,46,E1L1F1,3.0,1.5,10,5,0.004,0.006667,0.0048354999999999995,0.005834569092592593,2.0,4.0,3.2999814814814816,1,0.7125,3.0112779816
main_campaign_default_alpha_0_01,test3_comunicacao,FashionMNIST,0.01,47,E1L1F1,3.0,1.5,10,5,0.004123,0.006203,0.004997,0.005345192674481048,2.0,4.0,3.2950947169601688,0,0.689,3.006985788
main_campaign_default_alpha_0_01,test3_comunicacao,FashionMNIST,0.01,48,E1L1F1,3.0,1.5,10,5,0.005,0.00571,0.0053355,0.005416608155404529,3.0,3.0,3.0,1,0.7089,2.7375914952
main_campaign_default_alpha_0_01,test3_comunicacao,FashionMNIST,0.01,49,E1L1F1,3.0,1.5,10,5,0.00424,0.005942,0.005,0.005361445660426273,2.0,4.0,3.1294928059552247,0,0.7214,2.8558633968
main_campaign_default_alpha_0_01,test3_comunicacao,FashionMNIST,0.01,50,E1L1F1,3.0,1.5,10,5,0.004,0.006842,0.004001,0.00575924241694752,2.0,4.0,3.218491907707122,0,0.7029,2.937026412
main_campaign_default_alpha_0_01,test3_comunicacao,FashionMNIST,0.01,51,E1L1F1,3.0,1.5,10,5,0.004001,0.006203,0.0053384999999999995,0.005584773925925926,2.0,4.0,3.2999814814814816,1,0.7377,3.0112779816
main_campaign_default_alpha_0_01,test3_comunicacao,FashionMNIST,0.01,52,E1L1F1,3.0,1.5,10,5,0.004,0.006202,0.004908,0.00573955286013222,2.0,4.0,3.6448399103720304,0,0.7331,3.32602758
main_campaign_default_alpha_0_01,test3_comunicacao,FashionMNIST,0.01,53,E1L1F1,3.0,1.5,10,5,0.004,0.005746,0.005668,0.005528542229135419,2.0,4.0,3.193859600392571,0,0.7459,2.9146022352
main_campaign_default_alpha_0_01,test3_comunicacao,FashionMNIST,0.01,54,E1L1F1,3.0,1.5,10,5,0.004,0.006049,0.005001,0.00551482887670827,2.0,4.0,3.4972038072663976,0,0.6859,3.1913642304
main_campaign_default_alpha_0_01,test3_comunicacao,FashionMNIST,0.01,55,E1L1F1,3.0,1.5,10,5,0.004,0.006381,0.00401,0.005831202659160773,2.0,4.0,3.5992000296285322,0,0.7255,3.2844406176
main_campaign_default_alpha_0_01,test3_comunicacao,FashionMNIST,0.01,56,E1L1F1,3.0,1.5,10,5,0.004217,0.00567,0.005006,0.005170010814614545,2.0,3.0,2.9061498861132202,0,0.7332,2.651950404
main_campaign_default_alpha_0_01,test3_comunicacao,FashionMNIST,0.01,57,E1L1F1,3.0,1.5,10,5,0.005,0.006202,0.005,0.0054854719912594205,3.0,4.0,3.3976593026055073,0,0.6822,3.1004677368
main_campaign_default_alpha_0_01,test3_comunicacao,FashionMNIST,0.01,58,E1L1F1,3.0,1.5,10,5,0.004,0.00567,0.005003,0.005168462760638495,2.0,3.0,2.8999851857338617,0,0.6616,2.646373932
main_campaign_default_alpha_0_01,test3_comunicacao,FashionMNIST,0.01,59,E1L1F1,3.0,1.5,10,5,0.004006,0.006202,0.005082,0.00558010903097976,2.0,4.0,3.2976316130585337,0,0.6411,3.0093008688
main_campaign_default_alpha_0_01,test3_comunicacao,FashionMNIST,0.01,60,E1L1F1,3.0,1.5,10,5,0.004,0.0062,0.005001,0.005292356505314617,2.0,4.0,3.1938076367541943,0,0.6291,2.9145008448
main_campaign_default_alpha_0_01,test3_comunicacao,FashionMNIST,0.01,61,E1L1F1,3.0,1.5,10,5,0.004122,0.006202,0.005009,0.0054880331648241775,2.0,4.0,3.3943299446327058,0,0.7358,3.0975443136
main_campaign_default_alpha_0_01,test3_comunicacao,FashionMNIST,0.01,62,E1L1F1,3.0,1.5,10,5,0.004,0.006282,0.005001,0.005615749712973593,2.0,4.0,3.3062479167438243,0,0.6745,3.0171079296
main_campaign_default_alpha_0_01,test3_comunicacao,FashionMNIST,0.01,63,E1L1F1,3.0,1.5,10,5,0.004,0.005931,0.005,0.005296140383689492,2.0,4.0,3.2072145476093477,0,0.6803,2.9267352864
main_campaign_default_alpha_0_01,test3_comunicacao,FashionMNIST,0.01,64,E1L1F1,3.0,1.5,10,5,0.004,0.00567,0.005,0.00510131560526657,2.0,3.0,2.9000944426955058,0,0.665,2.6464246272
main_campaign_default_alpha_0_01,test3_comunicacao,FashionMNIST,0.01,65,E1L1F1,3.0,1.5,10,5,0.004001,0.006172,0.005335,0.00543496394644742,2.0,4.0,3.1525841156972763,0,0.6919,2.8769357016
main_campaign_default_alpha_0_01,test3_comunicacao,FashionMNIST,0.01,66,E1L1F1,3.0,1.5,10,5,0.004373,0.006202,0.005327,0.005626608199696306,2.0,4.0,3.3062479167438243,0,0.7793,3.0171079296
main_campaign_default_alpha_0_01,test3_comunicacao,FashionMNIST,0.01,67,E1L1F1,3.0,1.5,10,5,0.004,0.006667,0.004016,0.005533492101998111,2.0,4.0,3.19781115164534,0,0.648,2.918100204
main_campaign_default_alpha_0_01,test3_comunicacao,FashionMNIST,0.01,68,E1L1F1,3.0,1.5,10,5,0.004001,0.00567,0.005,0.00510127782304359,2.0,3.0,2.8999851857338617,0,0.6999,2.646373932
main_campaign_default_alpha_0_01,test3_comunicacao,FashionMNIST,0.01,69,E1L1F1,3.0,1.5,10,5,0.004,0.006425,0.004984,0.005767798651876817,2.0,4.0,3.425992111257199,0,0.7771,3.1263222888
main_campaign_default_alpha_0_01,test3_comunicacao,FashionMNIST,0.01,70,E1L1F1,3.0,1.5,10,5,0.004001,0.00574,0.005001,0.005127657346024221,2.0,4.0,3.2061960668123404,0,0.7075,2.9258058744
main_campaign_default_alpha_0_01,test3_comunicacao,FashionMNIST,0.01,71,E1L1F1,3.0,1.5,10,5,0.004,0.006209,0.004225,0.005394098570423317,2.0,4.0,3.091033665419799,0,0.6337,2.8207147248
main_campaign_default_alpha_0_01,test3_comunicacao,FashionMNIST,0.01,42,E1L1F1,3.0,1.5,10,5,0.004002,0.005931,0.005057,0.005425796377911929,2.0,4.0,3.2781378467464166,0,0.7568,2.9914561584
main_campaign_default_alpha_0_01,test3_comunicacao,FashionMNIST,0.01,43,E1L1F1,3.0,1.5,10,5,0.004,0.00618,0.005004,0.0053143653383208025,2.0,4.0,3.1756231250694418,0,0.7082,2.897906616
main_campaign_default_alpha_0_01,test3_comunicacao,FashionMNIST,0.01,44,E1L1F1,3.0,1.5,10,5,0.004001,0.006074,0.005195,0.005483019128921151,2.0,4.0,3.2946372356579388,0,0.694,3.0065126328
main_campaign_default_alpha_0_01,test3_comunicacao,FashionMNIST,0.01,45,E1L1F1,3.0,1.5,10,5,0.004002,0.005874,0.005,0.005302136939372616,2.0,4.0,3.1338839302248065,0,0.7282,2.8598176224
main_campaign_default_alpha_0_01,test3_comunicacao,FashionMNIST,0.01,46,E1L1F1,3.0,1.5,10,5,0.004,0.006667,0.0048354999999999995,0.005834569092592593,2.0,4.0,3.2999814814814816,1,0.7065,3.0112779816
main_campaign_default_alpha_0_01,test3_comunicacao,FashionMNIST,0.01,47,E1L1F1,3.0,1.5,10,5,0.004123,0.006203,0.004997,0.005345192674481048,2.0,4.0,3.2950947169601688,0,0.7522,3.006985788
main_campaign_default_alpha_0_01,test3_comunicacao,FashionMNIST,0.01,48,E1L1F1,3.0,1.5,10,5,0.005,0.00571,0.0053355,0.005416608155404529,3.0,3.0,3.0,1,0.667,2.7375914952
main_campaign_default_alpha_0_01,test3_comunicacao,FashionMNIST,0.01,49,E1L1F1,3.0,1.5,10,5,0.00424,0.005942,0.005,0.005361445660426273,2.0,4.0,3.1294928059552247,0,0.6936,2.8558633968
main_campaign_default_alpha_0_01,test3_comunicacao,FashionMNIST,0.01,50,E1L1F1,3.0,1.5,10,5,0.004,0.006842,0.004001,0.00575924241694752,2.0,4.0,3.218491907707122,0,0.6799,2.937026412
main_campaign_default_alpha_0_01,test3_comunicacao,FashionMNIST,0.01,51,E1L1F1,3.0,1.5,10,5,0.004001,0.006203,0.0053384999999999995,0.005584773925925926,2.0,4.0,3.2999814814814816,1,0.7008,3.0112779816
main_campaign_default_alpha_0_01,test3_comunicacao,FashionMNIST,0.01,52,E1L1F1,3.0,1.5,10,5,0.004,0.006202,0.004908,0.00573955286013222,2.0,4.0,3.6448399103720304,0,0.7357,3.32602758
main_campaign_default_alpha_0_01,test3_comunicacao,FashionMNIST,0.01,53,E1L1F1,3.0,1.5,10,5,0.004,0.005746,0.005668,0.005528542229135419,2.0,4.0,3.193859600392571,0,0.7471,2.9146022352
main_campaign_default_alpha_0_01,test3_comunicacao,FashionMNIST,0.01,54,E1L1F1,3.0,1.5,10,5,0.004,0.006049,0.005001,0.00551482887670827,2.0,4.0,3.4972038072663976,0,0.6873,3.1913642304
main_campaign_default_alpha_0_01,test3_comunicacao,FashionMNIST,0.01,55,E1L1F1,3.0,1.5,10,5,0.004,0.006381,0.00401,0.005831202659160773,2.0,4.0,3.5992000296285322,0,0.7198,3.2844406176
main_campaign_default_alpha_0_01,test3_comunicacao,FashionMNIST,0.01,56,E1L1F1,3.0,1.5,10,5,0.004217,0.00567,0.005006,0.005170010814614545,2.0,3.0,2.9061498861132202,0,0.7021,2.651950404
main_campaign_default_alpha_0_01,test3_comunicacao,FashionMNIST,0.01,57,E1L1F1,3.0,1.5,10,5,0.005,0.006202,0.005,0.0054854719912594205,3.0,4.0,3.3976593026055073,0,0.7254,3.1004677368
main_campaign_default_alpha_0_01,test3_comunicacao,FashionMNIST,0.01,58,E1L1F1,3.0,1.5,10,5,0.004,0.00567,0.005003,0.005168462760638495,2.0,3.0,2.8999851857338617,0,0.7068,2.646373932
main_campaign_default_alpha_0_01,test3_comunicacao,FashionMNIST,0.01,59,E1L1F1,3.0,1.5,10,5,0.004006,0.006202,0.005082,0.00558010903097976,2.0,4.0,3.2976316130585337,0,0.6884,3.0093008688
main_campaign_default_alpha_0_01,test3_comunicacao,FashionMNIST,0.01,60,E1L1F1,3.0,1.5,10,5,0.004,0.0062,0.005001,0.005292356505314617,2.0,4.0,3.1938076367541943,0,0.6874,2.9145008448
main_campaign_default_alpha_0_01,test3_comunicacao,FashionMNIST,0.01,61,E1L1F1,3.0,1.5,10,5,0.004122,0.006202,0.005009,0.0054880331648241775,2.0,4.0,3.3943299446327058,0,0.7558,3.0975443136
main_campaign_default_alpha_0_01,test3_comunicacao,FashionMNIST,0.01,62,E1L1F1,3.0,1.5,10,5,0.004,0.006282,0.005001,0.005615749712973593,2.0,4.0,3.3062479167438243,0,0.7254,3.0171079296
main_campaign_default_alpha_0_01,test3_comunicacao,FashionMNIST,0.01,63,E1L1F1,3.0,1.5,10,5,0.004,0.005931,0.005,0.005296140383689492,2.0,4.0,3.2072145476093477,0,0.6394,2.9267352864
main_campaign_default_alpha_0_01,test3_comunicacao,FashionMNIST,0.01,64,E1L1F1,3.0,1.5,10,5,0.004,0.00567,0.005,0.00510131560526657,2.0,3.0,2.9000944426955058,0,0.6882,2.6464246272
main_campaign_default_alpha_0_01,test3_comunicacao,FashionMNIST,0.01,65,E1L1F1,3.0,1.5,10,5,0.004001,0.006172,0.005335,0.00543496394644742,2.0,4.0,3.1525841156972763,0,0.6851,2.8769357016
main_campaign_default_alpha_0_01,test3_comunicacao,FashionMNIST,0.01,66,E1L1F1,3.0,1.5,10,5,0.004373,0.006202,0.005327,0.005626608199696306,2.0,4.0,3.3062479167438243,0,0.7556,3.0171079296
main_campaign_default_alpha_0_01,test3_comunicacao,FashionMNIST,0.01,67,E1L1F1,3.0,1.5,10,5,0.004,0.006667,0.004016,0.005533492101998111,2.0,4.0,3.19781115164534,0,0.6475,2.918100204
main_campaign_default_alpha_0_01,test3_comunicacao,FashionMNIST,0.01,68,E1L1F1,3.0,1.5,10,5,0.004001,0.00567,0.005,0.00510127782304359,2.0,3.0,2.8999851857338617,0,0.6295,2.646373932
main_campaign_default_alpha_0_01,test3_comunicacao,FashionMNIST,0.01,69,E1L1F1,3.0,1.5,10,5,0.004,0.006425,0.004984,0.005767798651876817,2.0,4.0,3.425992111257199,0,0.7468,3.1263222888
main_campaign_default_alpha_0_01,test3_comunicacao,FashionMNIST,0.01,70,E1L1F1,3.0,1.5,10,5,0.004001,0.00574,0.005001,0.005127657346024221,2.0,4.0,3.2061960668123404,0,0.7065,2.9258058744
main_campaign_default_alpha_0_01,test3_comunicacao,FashionMNIST,0.01,71,E1L1F1,3.0,1.5,10,5,0.004,0.006209,0.004225,0.005394098570423317,2.0,4.0,3.091033665419799,0,0.6601,2.8207147248
main_campaign_default_alpha_0_01,test3_comunicacao,MNIST,0.01,42,E1L1F1,3.0,1.5,10,5,0.004003,0.005911,0.005058,0.005424859378182692,2.0,4.0,3.2851693424439383,0,0.9202,2.9979282456
main_campaign_default_alpha_0_01,test3_comunicacao,MNIST,0.01,43,E1L1F1,3.0,1.5,10,5,0.004001,0.006166,0.005004,0.005294627976741601,2.0,4.0,3.1678085996814933,0,0.8891,2.8907754912
main_campaign_default_alpha_0_01,test3_comunicacao,MNIST,0.01,44,E1L1F1,3.0,1.5,10,5,0.004001,0.006064,0.00523,0.005506553294322434,2.0,4.0,3.2970075182400653,0,0.9266,3.008675628
main_campaign_default_alpha_0_01,test3_comunicacao,MNIST,0.01,45,E1L1F1,3.0,1.5,10,5,0.004001,0.005889,0.004999,0.005293544109477426,2.0,4.0,3.121328839672605,0,0.937,2.8483605072
main_campaign_default_alpha_0_01,test3_comunicacao,MNIST,0.01,46,E1L1F1,3.0,1.5,10,5,0.004,0.006664,0.004,0.0057894936760430355,2.0,4.0,3.2679765189533527,0,0.915,2.9821282416
main_campaign_default_alpha_0_01,test3_comunicacao,MNIST,0.01,47,E1L1F1,3.0,1.5,10,5,0.004108,0.006202,0.004997,0.005332277336444272,2.0,4.0,3.2813732570412757,0,0.9285,2.9944640736
main_campaign_default_alpha_0_01,test3_comunicacao,MNIST,0.01,48,E1L1F1,3.0,1.5,10,5,0.004987,0.00571,0.0053349999999999995,0.005411782078109665,3.0,3.0,3.0,1,0.9026,2.7375914952
main_campaign_default_alpha_0_01,test3_comunicacao,MNIST,0.01,49,E1L1F1,3.0,1.5,10,5,0.004239,0.005943,0.005,0.005333877986000519,2.0,4.0,3.1148661160697753,0,0.9364,2.8424629656
main_campaign_default_alpha_0_01,test3_comunicacao,MNIST,0.01,50,E1L1F1,3.0,1.5,10,5,0.004,0.006825,0.004002,0.0057400285354517345,2.0,4.0,3.2114882506527413,0,0.9245,2.930689512
main_campaign_default_alpha_0_01,test3_comunicacao,MNIST,0.01,51,E1L1F1,3.0,1.5,10,5,0.004001,0.006191,0.0053375,0.005583881076276365,2.0,4.0,3.303624006962834,1,0.9325,3.0146576616
main_campaign_default_alpha_0_01,test3_comunicacao,MNIST,0.01,52,E1L1F1,3.0,1.5,10,5,0.004007,0.006202,0.005,0.005717447269495009,2.0,4.0,3.6359326679135573,0,0.9448,3.3178994496
main_campaign_default_alpha_0_01,test3_comunicacao,MNIST,0.01,53,E1L1F1,3.0,1.5,10,5,0.004,0.005745,0.005663,0.005504840882156877,2.0,4.0,3.180745870676246,0,0.9429,2.9026888632
main_campaign_default_alpha_0_01,test3_comunicacao,MNIST,0.01,54,E1L1F1,3.0,1.5,10,5,0.004,0.006013,0.005,0.005512131624754639,2.0,4.0,3.514721676974927,0,0.9079,3.2073501168
main_campaign_default_alpha_0_01,test3_comunicacao,MNIST,0.01,55,E1L1F1,3.0,1.5,10,5,0.004003,0.006375,0.0051015,0.005839606414696024,2.0,4.0,3.6060813688635394,1,0.9241,3.2906592288
main_campaign_default_alpha_0_01,test3_comunicacao,MNIST,0.01,56,E1L1F1,3.0,1.5,10,5,0.004191,0.005667,0.005004,0.005155286952335098,2.0,3.0,2.895596459390393,0,0.925,2.6423690112
main_campaign_default_alpha_0_01,test3_comunicacao,MNIST,0.01,57,E1L1F1,3.0,1.5,10,5,0.004997,0.006195,0.005018,0.005501561148148148,3.0,4.0,3.4141666666666666,1,0.9012,3.115473516
main_campaign_default_alpha_0_01,test3_comunicacao,MNIST,0.01,58,E1L1F1,3.0,1.5,10,5,0.004001,0.00567,0.005003,0.005186775086569265,2.0,3.0,2.901357332000074,0,0.8953,2.6476751088
main_campaign_default_alpha_0_01,test3_comunicacao,MNIST,0.01,59,E1L1F1,3.0,1.5,10,5,0.004004,0.006196,0.00501,0.005585178712293761,2.0,4.0,3.3050200914763996,0,0.8872,3.0160433304
main_campaign_default_alpha_0_01,test3_comunicacao,MNIST,0.01,60,E1L1F1,3.0,1.5,10,5,0.004001,0.00619,0.005001,0.005282387856005333,2.0,4.0,3.192492870634421,0,0.9032,2.9133010584
main_campaign_default_alpha_0_01,test3_comunicacao,MNIST,0.01,61,E1L1F1,3.0,1.5,10,5,0.004,0.006193,0.005003,0.005496568952426806,2.0,4.0,3.4051221273680117,0,0.9064,3.107277792
main_campaign_default_alpha_0_01,test3_comunicacao,MNIST,0.01,62,E1L1F1,3.0,1.5,10,5,0.004,0.00627,0.005,0.005617208714492055,2.0,4.0,3.3112847672308434,0,0.9246,3.0217042944
main_campaign_default_alpha_0_01,test3_comunicacao,MNIST,0.01,63,E1L1F1,3.0,1.5,10,5,0.004001,0.005941,0.004998,0.005303799100033332,2.0,4.0,3.207196029776675,0,0.918,2.926718388
main_campaign_default_alpha_0_01,test3_comunicacao,MNIST,0.01,64,E1L1F1,3.0,1.5,10,5,0.004,0.005669,0.004993,0.005098700603681346,2.0,3.0,2.9009666308655233,0,0.9053,2.6472695472
main_campaign_default_alpha_0_01,test3_comunicacao,MNIST,0.01,65,E1L1F1,3.0,1.5,10,5,0.004,0.006164,0.005329,0.005435695609503176,2.0,4.0,3.1592318945243782,0,0.8789,2.8830022272
main_campaign_default_alpha_0_01,test3_comunicacao,MNIST,0.01,66,E1L1F1,3.0,1.5,10,5,0.004386,0.006201,0.005363,0.005628570441835488,2.0,4.0,3.3100440724417615,0,0.9431,3.0205721016
main_campaign_default_alpha_0_01,test3_comunicacao,MNIST,0.01,67,E1L1F1,3.0,1.5,10,5,0.004001,0.006662,0.004015,0.005517746731602534,2.0,4.0,3.1914558720047403,0,0.8557,2.912354748
main_campaign_default_alpha_0_01,test3_comunicacao,MNIST,0.01,68,E1L1F1,3.0,1.5,10,5,0.004001,0.00567,0.004998,0.005100670549238917,2.0,3.0,2.902485093144698,0,0.8919,2.648655216
main_campaign_default_alpha_0_01,test3_comunicacao,MNIST,0.01,69,E1L1F1,3.0,1.5,10,5,0.004726,0.006443,0.005311,0.005770037037037037,3.0,4.0,3.4322222222222223,1,0.9511,3.131949456
main_campaign_default_alpha_0_01,test3_comunicacao,MNIST,0.01,70,E1L1F1,3.0,1.5,10,5,0.004001,0.005745,0.005,0.0051265652568423395,2.0,4.0,3.206825673123218,0,0.9158,2.92638042
main_campaign_default_alpha_0_01,test3_comunicacao,MNIST,0.01,71,E1L1F1,3.0,1.5,10,5,0.004,0.006206,0.004203,0.005369888876543896,2.0,4.0,3.0682369497990853,0,0.8994,2.7999634896
main_campaign_default_alpha_0_01,test3_comunicacao,MNIST,0.01,42,E1L1F1,3.0,1.5,10,5,0.004003,0.005911,0.005058,0.005424859378182692,2.0,4.0,3.2851693424439383,0,0.9249,2.9979282456
main_campaign_default_alpha_0_01,test3_comunicacao,MNIST,0.01,43,E1L1F1,3.0,1.5,10,5,0.004001,0.006166,0.005004,0.005294627976741601,2.0,4.0,3.1678085996814933,0,0.8733,2.8907754912
main_campaign_default_alpha_0_01,test3_comunicacao,MNIST,0.01,44,E1L1F1,3.0,1.5,10,5,0.004001,0.006064,0.00523,0.005506553294322434,2.0,4.0,3.2970075182400653,0,0.8768,3.008675628
main_campaign_default_alpha_0_01,test3_comunicacao,MNIST,0.01,45,E1L1F1,3.0,1.5,10,5,0.004001,0.005889,0.004999,0.005293544109477426,2.0,4.0,3.121328839672605,0,0.9226,2.8483605072
main_campaign_default_alpha_0_01,test3_comunicacao,MNIST,0.01,46,E1L1F1,3.0,1.5,10,5,0.004,0.006664,0.004,0.0057894936760430355,2.0,4.0,3.2679765189533527,0,0.9367,2.9821282416
main_campaign_default_alpha_0_01,test3_comunicacao,MNIST,0.01,47,E1L1F1,3.0,1.5,10,5,0.004108,0.006202,0.004997,0.005332277336444272,2.0,4.0,3.2813732570412757,0,0.9215,2.9944640736
main_campaign_default_alpha_0_01,test3_comunicacao,MNIST,0.01,48,E1L1F1,3.0,1.5,10,5,0.004987,0.00571,0.0053349999999999995,0.005411782078109665,3.0,3.0,3.0,1,0.9113,2.7375914952
main_campaign_default_alpha_0_01,test3_comunicacao,MNIST,0.01,49,E1L1F1,3.0,1.5,10,5,0.004239,0.005943,0.005,0.005333877986000519,2.0,4.0,3.1148661160697753,0,0.9308,2.8424629656
main_campaign_default_alpha_0_01,test3_comunicacao,MNIST,0.01,50,E1L1F1,3.0,1.5,10,5,0.004,0.006825,0.004002,0.0057400285354517345,2.0,4.0,3.2114882506527413,0,0.9241,2.930689512
main_campaign_default_alpha_0_01,test3_comunicacao,MNIST,0.01,51,E1L1F1,3.0,1.5,10,5,0.004001,0.006191,0.0053375,0.005583881076276365,2.0,4.0,3.303624006962834,1,0.9306,3.0146576616
main_campaign_default_alpha_0_01,test3_comunicacao,MNIST,0.01,52,E1L1F1,3.0,1.5,10,5,0.004007,0.006202,0.005,0.005717447269495009,2.0,4.0,3.6359326679135573,0,0.9366,3.3178994496
main_campaign_default_alpha_0_01,test3_comunicacao,MNIST,0.01,53,E1L1F1,3.0,1.5,10,5,0.004,0.005745,0.005663,0.005504840882156877,2.0,4.0,3.180745870676246,0,0.9557,2.9026888632
main_campaign_default_alpha_0_01,test3_comunicacao,MNIST,0.01,54,E1L1F1,3.0,1.5,10,5,0.004,0.006013,0.005,0.005512131624754639,2.0,4.0,3.514721676974927,0,0.9126,3.2073501168
main_campaign_default_alpha_0_01,test3_comunicacao,MNIST,0.01,55,E1L1F1,3.0,1.5,10,5,0.004003,0.006375,0.0051015,0.005839606414696024,2.0,4.0,3.6060813688635394,1,0.8701,3.2906592288
main_campaign_default_alpha_0_01,test3_comunicacao,MNIST,0.01,56,E1L1F1,3.0,1.5,10,5,0.004191,0.005667,0.005004,0.005155286952335098,2.0,3.0,2.895596459390393,0,0.9076,2.6423690112
main_campaign_default_alpha_0_01,test3_comunicacao,MNIST,0.01,57,E1L1F1,3.0,1.5,10,5,0.004997,0.006195,0.005018,0.005501561148148148,3.0,4.0,3.4141666666666666,1,0.9213,3.115473516
main_campaign_default_alpha_0_01,test3_comunicacao,MNIST,0.01,58,E1L1F1,3.0,1.5,10,5,0.004001,0.00567,0.005003,0.005186775086569265,2.0,3.0,2.901357332000074,0,0.8841,2.6476751088
main_campaign_default_alpha_0_01,test3_comunicacao,MNIST,0.01,59,E1L1F1,3.0,1.5,10,5,0.004004,0.006196,0.00501,0.005585178712293761,2.0,4.0,3.3050200914763996,0,0.8785,3.0160433304
main_campaign_default_alpha_0_01,test3_comunicacao,MNIST,0.01,60,E1L1F1,3.0,1.5,10,5,0.004001,0.00619,0.005001,0.005282387856005333,2.0,4.0,3.192492870634421,0,0.8924,2.9133010584
main_campaign_default_alpha_0_01,test3_comunicacao,MNIST,0.01,61,E1L1F1,3.0,1.5,10,5,0.004,0.006193,0.005003,0.005496568952426806,2.0,4.0,3.4051221273680117,0,0.9138,3.107277792
main_campaign_default_alpha_0_01,test3_comunicacao,MNIST,0.01,62,E1L1F1,3.0,1.5,10,5,0.004,0.00627,0.005,0.005617208714492055,2.0,4.0,3.3112847672308434,0,0.9347,3.0217042944
main_campaign_default_alpha_0_01,test3_comunicacao,MNIST,0.01,63,E1L1F1,3.0,1.5,10,5,0.004001,0.005941,0.004998,0.005303799100033332,2.0,4.0,3.207196029776675,0,0.9083,2.926718388
main_campaign_default_alpha_0_01,test3_comunicacao,MNIST,0.01,64,E1L1F1,3.0,1.5,10,5,0.004,0.005669,0.004993,0.005098700603681346,2.0,3.0,2.9009666308655233,0,0.8959,2.6472695472
main_campaign_default_alpha_0_01,test3_comunicacao,MNIST,0.01,65,E1L1F1,3.0,1.5,10,5,0.004,0.006164,0.005329,0.005435695609503176,2.0,4.0,3.1592318945243782,0,0.9021,2.8830022272
main_campaign_default_alpha_0_01,test3_comunicacao,MNIST,0.01,66,E1L1F1,3.0,1.5,10,5,0.004386,0.006201,0.005363,0.005628570441835488,2.0,4.0,3.3100440724417615,0,0.9615,3.0205721016
main_campaign_default_alpha_0_01,test3_comunicacao,MNIST,0.01,67,E1L1F1,3.0,1.5,10,5,0.004001,0.006662,0.004015,0.005517746731602534,2.0,4.0,3.1914558720047403,0,0.8408,2.912354748
main_campaign_default_alpha_0_01,test3_comunicacao,MNIST,0.01,68,E1L1F1,3.0,1.5,10,5,0.004001,0.00567,0.004998,0.005100670549238917,2.0,3.0,2.902485093144698,0,0.9079,2.648655216
main_campaign_default_alpha_0_01,test3_comunicacao,MNIST,0.01,69,E1L1F1,3.0,1.5,10,5,0.004726,0.006443,0.005311,0.005770037037037037,3.0,4.0,3.4322222222222223,1,0.9522,3.131949456
main_campaign_default_alpha_0_01,test3_comunicacao,MNIST,0.01,70,E1L1F1,3.0,1.5,10,5,0.004001,0.005745,0.005,0.0051265652568423395,2.0,4.0,3.206825673123218,0,0.9047,2.92638042
main_campaign_default_alpha_0_01,test3_comunicacao,MNIST,0.01,71,E1L1F1,3.0,1.5,10,5,0.004,0.006206,0.004203,0.005369888876543896,2.0,4.0,3.0682369497990853,0,0.9094,2.7999634896
main_campaign_default_alpha_0_01,test3_comunicacao,MNIST,0.01,42,E1L1F1,3.0,1.5,10,5,0.004003,0.005911,0.005058,0.005424859378182692,2.0,4.0,3.2851693424439383,0,0.919,2.9979282456
main_campaign_default_alpha_0_01,test3_comunicacao,MNIST,0.01,43,E1L1F1,3.0,1.5,10,5,0.004001,0.006166,0.005004,0.005294627976741601,2.0,4.0,3.1678085996814933,0,0.8979,2.8907754912
main_campaign_default_alpha_0_01,test3_comunicacao,MNIST,0.01,44,E1L1F1,3.0,1.5,10,5,0.004001,0.006064,0.00523,0.005506553294322434,2.0,4.0,3.2970075182400653,0,0.9037,3.008675628
main_campaign_default_alpha_0_01,test3_comunicacao,MNIST,0.01,45,E1L1F1,3.0,1.5,10,5,0.004001,0.005889,0.004999,0.005293544109477426,2.0,4.0,3.121328839672605,0,0.9238,2.8483605072
main_campaign_default_alpha_0_01,test3_comunicacao,MNIST,0.01,46,E1L1F1,3.0,1.5,10,5,0.004,0.006664,0.004,0.0057894936760430355,2.0,4.0,3.2679765189533527,0,0.9215,2.9821282416
main_campaign_default_alpha_0_01,test3_comunicacao,MNIST,0.01,47,E1L1F1,3.0,1.5,10,5,0.004108,0.006202,0.004997,0.005332277336444272,2.0,4.0,3.2813732570412757,0,0.9263,2.9944640736
main_campaign_default_alpha_0_01,test3_comunicacao,MNIST,0.01,48,E1L1F1,3.0,1.5,10,5,0.004987,0.00571,0.0053349999999999995,0.005411782078109665,3.0,3.0,3.0,1,0.9184,2.7375914952
main_campaign_default_alpha_0_01,test3_comunicacao,MNIST,0.01,49,E1L1F1,3.0,1.5,10,5,0.004239,0.005943,0.005,0.005333877986000519,2.0,4.0,3.1148661160697753,0,0.9421,2.8424629656
main_campaign_default_alpha_0_01,test3_comunicacao,MNIST,0.01,50,E1L1F1,3.0,1.5,10,5,0.004,0.006825,0.004002,0.0057400285354517345,2.0,4.0,3.2114882506527413,0,0.923,2.930689512
main_campaign_default_alpha_0_01,test3_comunicacao,MNIST,0.01,51,E1L1F1,3.0,1.5,10,5,0.004001,0.006191,0.0053375,0.005583881076276365,2.0,4.0,3.303624006962834,1,0.941,3.0146576616
main_campaign_default_alpha_0_01,test3_comunicacao,MNIST,0.01,52,E1L1F1,3.0,1.5,10,5,0.004007,0.006202,0.005,0.005717447269495009,2.0,4.0,3.6359326679135573,0,0.9336,3.3178994496
main_campaign_default_alpha_0_01,test3_comunicacao,MNIST,0.01,53,E1L1F1,3.0,1.5,10,5,0.004,0.005745,0.005663,0.005504840882156877,2.0,4.0,3.180745870676246,0,0.954,2.9026888632
main_campaign_default_alpha_0_01,test3_comunicacao,MNIST,0.01,54,E1L1F1,3.0,1.5,10,5,0.004,0.006013,0.005,0.005512131624754639,2.0,4.0,3.514721676974927,0,0.8915,3.2073501168
main_campaign_default_alpha_0_01,test3_comunicacao,MNIST,0.01,55,E1L1F1,3.0,1.5,10,5,0.004003,0.006375,0.0051015,0.005839606414696024,2.0,4.0,3.6060813688635394,1,0.9057,3.2906592288
main_campaign_default_alpha_0_01,test3_comunicacao,MNIST,0.01,56,E1L1F1,3.0,1.5,10,5,0.004191,0.005667,0.005004,0.005155286952335098,2.0,3.0,2.895596459390393,0,0.913,2.6423690112
main_campaign_default_alpha_0_01,test3_comunicacao,MNIST,0.01,57,E1L1F1,3.0,1.5,10,5,0.004997,0.006195,0.005018,0.005501561148148148,3.0,4.0,3.4141666666666666,1,0.9247,3.115473516
main_campaign_default_alpha_0_01,test3_comunicacao,MNIST,0.01,58,E1L1F1,3.0,1.5,10,5,0.004001,0.00567,0.005003,0.005186775086569265,2.0,3.0,2.901357332000074,0,0.8761,2.6476751088
main_campaign_default_alpha_0_01,test3_comunicacao,MNIST,0.01,59,E1L1F1,3.0,1.5,10,5,0.004004,0.006196,0.00501,0.005585178712293761,2.0,4.0,3.3050200914763996,0,0.902,3.0160433304
main_campaign_default_alpha_0_01,test3_comunicacao,MNIST,0.01,60,E1L1F1,3.0,1.5,10,5,0.004001,0.00619,0.005001,0.005282387856005333,2.0,4.0,3.192492870634421,0,0.9108,2.9133010584
main_campaign_default_alpha_0_01,test3_comunicacao,MNIST,0.01,61,E1L1F1,3.0,1.5,10,5,0.004,0.006193,0.005003,0.005496568952426806,2.0,4.0,3.4051221273680117,0,0.9264,3.107277792
main_campaign_default_alpha_0_01,test3_comunicacao,MNIST,0.01,62,E1L1F1,3.0,1.5,10,5,0.004,0.00627,0.005,0.005617208714492055,2.0,4.0,3.3112847672308434,0,0.9093,3.0217042944
main_campaign_default_alpha_0_01,test3_comunicacao,MNIST,0.01,63,E1L1F1,3.0,1.5,10,5,0.004001,0.005941,0.004998,0.005303799100033332,2.0,4.0,3.207196029776675,0,0.9107,2.926718388
main_campaign_default_alpha_0_01,test3_comunicacao,MNIST,0.01,64,E1L1F1,3.0,1.5,10,5,0.004,0.005669,0.004993,0.005098700603681346,2.0,3.0,2.9009666308655233,0,0.9175,2.6472695472
main_campaign_default_alpha_0_01,test3_comunicacao,MNIST,0.01,65,E1L1F1,3.0,1.5,10,5,0.004,0.006164,0.005329,0.005435695609503176,2.0,4.0,3.1592318945243782,0,0.8972,2.8830022272
main_campaign_default_alpha_0_01,test3_comunicacao,MNIST,0.01,66,E1L1F1,3.0,1.5,10,5,0.004386,0.006201,0.005363,0.005628570441835488,2.0,4.0,3.3100440724417615,0,0.9501,3.0205721016
main_campaign_default_alpha_0_01,test3_comunicacao,MNIST,0.01,67,E1L1F1,3.0,1.5,10,5,0.004001,0.006662,0.004015,0.005517746731602534,2.0,4.0,3.1914558720047403,0,0.8333,2.912354748
main_campaign_default_alpha_0_01,test3_comunicacao,MNIST,0.01,68,E1L1F1,3.0,1.5,10,5,0.004001,0.00567,0.004998,0.005100670549238917,2.0,3.0,2.902485093144698,0,0.89,2.648655216
main_campaign_default_alpha_0_01,test3_comunicacao,MNIST,0.01,69,E1L1F1,3.0,1.5,10,5,0.004726,0.006443,0.005311,0.005770037037037037,3.0,4.0,3.4322222222222223,1,0.9521,3.131949456
main_campaign_default_alpha_0_01,test3_comunicacao,MNIST,0.01,70,E1L1F1,3.0,1.5,10,5,0.004001,0.005745,0.005,0.0051265652568423395,2.0,4.0,3.206825673123218,0,0.9232,2.92638042
main_campaign_default_alpha_0_01,test3_comunicacao,MNIST,0.01,71,E1L1F1,3.0,1.5,10,5,0.004,0.006206,0.004203,0.005369888876543896,2.0,4.0,3.0682369497990853,0,0.8997,2.7999634896
main_campaign_default_alpha_0_01,test4_clientes,CIFAR10,0.01,42,E1L1F1,3.0,1.5,10,10,0.004001,0.005667,0.0049055,0.004933915092662548,2.0,3.0,2.698835607306342,0,0.4974,219.7020642816
main_campaign_default_alpha_0_01,test4_clientes,CIFAR10,0.01,43,E1L1F1,3.0,1.5,10,10,0.004,0.005486,0.004996,0.004933580053776582,2.0,3.0,2.7856936512521946,3,0.5438,226.7678120448
main_campaign_default_alpha_0_01,test4_clientes,CIFAR10,0.01,44,E1L1F1,3.0,1.5,10,10,0.004001,0.005646,0.004337,0.004877359739567131,2.0,3.0,2.661215057108573,1,0.4649,216.639516672
main_campaign_default_alpha_0_01,test4_clientes,CIFAR10,0.01,45,E1L1F1,3.0,1.5,10,10,0.004001,0.00567,0.0044135,0.004943045308090571,2.0,3.0,2.727707041752772,2,0.5267,222.057313536
main_campaign_default_alpha_0_01,test4_clientes,CIFAR10,0.01,46,E1L1F1,3.0,1.5,10,10,0.004,0.00567,0.004001,0.00490047998933357,2.0,3.0,2.699384458123153,3,0.4042,219.74186112
main_campaign_default_alpha_0_01,test4_clientes,CIFAR10,0.01,47,E1L1F1,3.0,1.5,10,10,0.004,0.006256,0.004317,0.005303049305632708,2.0,4.0,3.166781468725697,1,0.5481,257.8129638912
main_campaign_default_alpha_0_01,test4_clientes,CIFAR10,0.01,48,E1L1F1,3.0,1.5,10,10,0.004,0.006557,0.00401,0.005431644704679793,2.0,4.0,3.22270121327941,1,0.5552,262.3479945216
main_campaign_default_alpha_0_01,test4_clientes,CIFAR10,0.01,49,E1L1F1,3.0,1.5,10,10,0.004,0.005659,0.004152,0.0047467817874761115,2.0,3.0,2.483400737744989,0,0.4357,202.1643211776
main_campaign_default_alpha_0_01,test4_clientes,CIFAR10,0.01,50,E1L1F1,3.0,1.5,10,10,0.004,0.005577,0.00483,0.004927445044444445,2.0,3.0,2.718933333333333,1,0.492,221.3283078144
main_campaign_default_alpha_0_01,test4_clientes,CIFAR10,0.01,51,E1L1F1,3.0,1.5,10,10,0.004,0.005374,0.004992,0.004821385707619492,2.0,3.0,2.766193364886785,1,0.4587,225.1904100864
main_campaign_default_alpha_0_01,test4_clientes,CIFAR10,0.01,52,E1L1F1,3.0,1.5,10,10,0.004,0.00567,0.004206,0.004603976334385139,2.0,3.0,2.5663970490200434,0,0.326,208.9207389696
main_campaign_default_alpha_0_01,test4_clientes,CIFAR10,0.01,53,E1L1F1,3.0,1.5,10,10,0.004,0.005001,0.0041340000000000005,0.004543017043308223,2.0,3.0,2.5389196275803836,0,0.3771,206.6884981248
main_campaign_default_alpha_0_01,test4_clientes,CIFAR10,0.01,54,E1L1F1,3.0,1.5,10,10,0.004002,0.005652,0.004196500000000001,0.004841038041908318,2.0,3.0,2.5843166011154812,2,0.4993,210.3841772544
main_campaign_default_alpha_0_01,test4_clientes,CIFAR10,0.01,55,E1L1F1,3.0,1.5,10,10,0.004,0.00531,0.004976,0.004864515544099021,2.0,3.0,2.7990489100242217,3,0.4588,227.854989312
main_campaign_default_alpha_0_01,test4_clientes,CIFAR10,0.01,56,E1L1F1,3.0,1.5,10,10,0.004,0.005634,0.004005,0.004766174491723142,2.0,3.0,2.49065659371181,0,0.4305,202.7685095424
main_campaign_default_alpha_0_01,test4_clientes,CIFAR10,0.01,57,E1L1F1,3.0,1.5,10,10,0.004,0.005698,0.004421,0.004962372272343452,2.0,3.0,2.7990311541709256,2,0.5151,227.8586072064
main_campaign_default_alpha_0_01,test4_clientes,CIFAR10,0.01,58,E1L1F1,3.0,1.5,10,10,0.004,0.005625,0.004323499999999999,0.004884424177777778,2.0,3.0,2.7654666666666667,2,0.4394,225.1162432512
main_campaign_default_alpha_0_01,test4_clientes,CIFAR10,0.01,59,E1L1F1,3.0,1.5,10,10,0.004,0.005184,0.004249,0.004623523409550474,2.0,3.0,2.5969157611714775,1,0.3849,211.4098503168
main_campaign_default_alpha_0_01,test4_clientes,CIFAR10,0.01,60,E1L1F1,3.0,1.5,10,10,0.004,0.005668,0.004004,0.004761385266666667,2.0,3.0,2.618533333333333,3,0.4606,213.1554843648
main_campaign_default_alpha_0_01,test4_clientes,CIFAR10,0.01,61,E1L1F1,3.0,1.5,10,10,0.004001,0.005668,0.0041,0.00498961448380072,2.0,3.0,2.6776365494866896,1,0.5075,217.9763286528
main_campaign_default_alpha_0_01,test4_clientes,CIFAR10,0.01,62,E1L1F1,3.0,1.5,10,10,0.004,0.006107,0.004153,0.00514862434450271,2.0,4.0,3.0971469202737536,1,0.5042,252.1382965248
main_campaign_default_alpha_0_01,test4_clientes,CIFAR10,0.01,63,E1L1F1,3.0,1.5,10,10,0.004001,0.005674,0.004121,0.004831595791485202,2.0,3.0,2.522264687583326,1,0.4961,205.3372145664
main_campaign_default_alpha_0_01,test4_clientes,CIFAR10,0.01,64,E1L1F1,3.0,1.5,10,10,0.004,0.005074,0.004985,0.0048583467546608,2.0,3.0,2.8936293136013154,1,0.4944,235.5647222784
main_campaign_default_alpha_0_01,test4_clientes,CIFAR10,0.01,65,E1L1F1,3.0,1.5,10,10,0.004,0.006113,0.004272,0.0050170091997955605,2.0,4.0,2.8991577964934114,2,0.5526,236.004296448
main_campaign_default_alpha_0_01,test4_clientes,CIFAR10,0.01,66,E1L1F1,3.0,1.5,10,10,0.004,0.006203,0.00401,0.0050850227318178795,2.0,4.0,2.997911250361087,1,0.4608,244.054111488
main_campaign_default_alpha_0_01,test4_clientes,CIFAR10,0.01,67,E1L1F1,3.0,1.5,10,10,0.004,0.005059,0.0043815,0.004671829255827389,2.0,3.0,2.665533408883852,0,0.4743,216.9958792704
main_campaign_default_alpha_0_01,test4_clientes,CIFAR10,0.01,68,E1L1F1,3.0,1.5,10,10,0.004,0.005,0.004005,0.004598061148761249,2.0,3.0,2.597689145650483,1,0.4022,211.4822082048
main_campaign_default_alpha_0_01,test4_clientes,CIFAR10,0.01,69,E1L1F1,3.0,1.5,10,10,0.004,0.005,0.004566,0.004711171899651135,2.0,3.0,2.800013332444504,1,0.4842,227.9436277248
main_campaign_default_alpha_0_01,test4_clientes,CIFAR10,0.01,70,E1L1F1,3.0,1.5,10,10,0.004,0.00567,0.004002,0.005119578301740039,2.0,3.0,2.755172337163048,1,0.5526,224.273273856
main_campaign_default_alpha_0_01,test4_clientes,CIFAR10,0.01,71,E1L1F1,3.0,1.5,10,10,0.004001,0.00567,0.004185,0.0047111627777777785,2.0,3.0,2.4924666666666666,1,0.3648,202.8933268992
main_campaign_default_alpha_0_01,test4_clientes,CIFAR10,0.01,42,E1L1F1,3.0,1.5,10,3,0.005,0.006666,0.005716,0.00604390826870514,3.0,4.0,3.800004444345681,0,0.5647,309.3372069888
main_campaign_default_alpha_0_01,test4_clientes,CIFAR10,0.01,43,E1L1F1,3.0,1.5,10,3,0.00567,0.006202,0.005712,0.005893642852381059,3.0,4.0,3.396413413035266,0,0.6243,276.4831079424
main_campaign_default_alpha_0_01,test4_clientes,CIFAR10,0.01,44,E1L1F1,3.0,1.5,10,3,0.00443,0.007088,0.00567,0.0063470508210928655,2.0,4.0,3.462567498500033,0,0.6111,281.8683437568
main_campaign_default_alpha_0_01,test4_clientes,CIFAR10,0.01,45,E1L1F1,3.0,1.5,10,3,0.005,0.006814,0.005655,0.0061245576098308925,3.0,4.0,3.518166262971934,0,0.6415,286.3943296512
main_campaign_default_alpha_0_01,test4_clientes,CIFAR10,0.01,46,E1L1F1,3.0,1.5,10,3,0.005,0.006667,0.00567,0.006034483800719967,3.0,4.0,3.499977778765388,0,0.6126,284.9200376832
main_campaign_default_alpha_0_01,test4_clientes,CIFAR10,0.01,47,E1L1F1,3.0,1.5,10,3,0.005,0.006666,0.005725,0.006045750849981112,3.0,4.0,3.7999822226172753,0,0.5762,309.3353980416
main_campaign_default_alpha_0_01,test4_clientes,CIFAR10,0.01,48,E1L1F1,3.0,1.5,10,3,0.005,0.00713,0.005,0.00628521343970134,3.0,4.0,3.60338659140908,0,0.6033,293.3316421632
main_campaign_default_alpha_0_01,test4_clientes,CIFAR10,0.01,49,E1L1F1,3.0,1.5,10,3,0.004001,0.006667,0.006203,0.006214650318881802,2.0,4.0,3.799915557432057,0,0.608,309.3299712
main_campaign_default_alpha_0_01,test4_clientes,CIFAR10,0.01,50,E1L1F1,3.0,1.5,10,3,0.005317,0.006978,0.00567,0.006287012310837536,3.0,4.0,3.520232883713695,0,0.652,286.5625617408
main_campaign_default_alpha_0_01,test4_clientes,CIFAR10,0.01,51,E1L1F1,3.0,1.5,10,3,0.004002,0.007101,0.00567,0.006361626261055064,2.0,4.0,3.4998888938269412,0,0.5842,284.9128018944
main_campaign_default_alpha_0_01,test4_clientes,CIFAR10,0.01,52,E1L1F1,3.0,1.5,10,3,0.005001,0.00624,0.006202,0.0059774606239722675,3.0,4.0,3.8002533220745747,0,0.6342,309.3643411968
main_campaign_default_alpha_0_01,test4_clientes,CIFAR10,0.01,53,E1L1F1,3.0,1.5,10,3,0.005001,0.006202,0.006202,0.0059618053376591625,3.0,4.0,3.800004444345681,0,0.5853,309.3372069888
main_campaign_default_alpha_0_01,test4_clientes,CIFAR10,0.01,54,E1L1F1,3.0,1.5,10,3,0.005,0.007101,0.005003,0.0062607523832803715,3.0,4.0,3.599786671407302,0,0.5781,293.0385927168
main_campaign_default_alpha_0_01,test4_clientes,CIFAR10,0.01,55,E1L1F1,3.0,1.5,10,3,0.00567,0.006234,0.00567,0.0058974624119464015,3.0,4.0,3.403302148841137,0,0.6189,277.0438815744
main_campaign_default_alpha_0_01,test4_clientes,CIFAR10,0.01,56,E1L1F1,3.0,1.5,10,3,0.005674,0.006301,0.005815,0.005965669836896138,3.0,4.0,3.6995689080485312,0,0.6035,301.1680014336
main_campaign_default_alpha_0_01,test4_clientes,CIFAR10,0.01,57,E1L1F1,3.0,1.5,10,3,0.004008,0.007101,0.005671,0.00636205657526332,2.0,4.0,3.4996000177769875,0,0.6133,284.8892855808
main_campaign_default_alpha_0_01,test4_clientes,CIFAR10,0.01,58,E1L1F1,3.0,1.5,10,3,0.00505,0.006759,0.005665,0.006095641860361762,3.0,4.0,3.5079774232256344,0,0.6422,285.5712586752
main_campaign_default_alpha_0_01,test4_clientes,CIFAR10,0.01,59,E1L1F1,3.0,1.5,10,3,0.004067,0.007101,0.005671,0.0063605894849117816,2.0,4.0,3.4947113461623927,0,0.6149,284.4913171968
main_campaign_default_alpha_0_01,test4_clientes,CIFAR10,0.01,60,E1L1F1,3.0,1.5,10,3,0.005036,0.006202,0.006202,0.005966006844292349,3.0,4.0,3.7976044976778294,0,0.6127,309.1418406912
main_campaign_default_alpha_0_01,test4_clientes,CIFAR10,0.01,61,E1L1F1,3.0,1.5,10,3,0.005671,0.006264,0.005674,0.005912686940290216,3.0,4.0,3.406079864891891,0,0.5967,277.2699999744
main_campaign_default_alpha_0_01,test4_clientes,CIFAR10,0.01,62,E1L1F1,3.0,1.5,10,3,0.005001,0.006667,0.00567,0.00603459569787338,3.0,4.0,3.4999222239505787,0,0.5867,284.909184
main_campaign_default_alpha_0_01,test4_clientes,CIFAR10,0.01,63,E1L1F1,3.0,1.5,10,3,0.005003,0.006667,0.00567,0.006034611186418079,3.0,4.0,3.4997000066665187,0,0.5701,284.891094528
main_campaign_default_alpha_0_01,test4_clientes,CIFAR10,0.01,64,E1L1F1,3.0,1.5,10,3,0.005,0.006203,0.006202,0.005962005355436546,3.0,4.0,3.800004444345681,0,0.6,309.3372069888
main_campaign_default_alpha_0_01,test4_clientes,CIFAR10,0.01,65,E1L1F1,3.0,1.5,10,3,0.005007,0.006667,0.00567,0.006035236,3.0,4.0,3.4996,0,0.563,284.8766229504
main_campaign_default_alpha_0_01,test4_clientes,CIFAR10,0.01,66,E1L1F1,3.0,1.5,10,3,0.004455,0.00664,0.00639,0.006271535632541499,3.0,4.0,3.879580453767694,0,0.6466,315.815046912
main_campaign_default_alpha_0_01,test4_clientes,CIFAR10,0.01,67,E1L1F1,3.0,1.5,10,3,0.005009,0.00714,0.005172,0.006305838473845607,3.0,4.0,3.5927514332696324,0,0.6416,292.4723922432
main_campaign_default_alpha_0_01,test4_clientes,CIFAR10,0.01,68,E1L1F1,3.0,1.5,10,3,0.005011,0.006667,0.005687,0.006039132616328164,3.0,4.0,3.4977778765388203,0,0.6078,284.7409519104
main_campaign_default_alpha_0_01,test4_clientes,CIFAR10,0.01,69,E1L1F1,3.0,1.5,10,3,0.00498,0.006396,0.006202,0.006064625719428457,3.0,4.0,3.82058176484967,0,0.6542,311.012292096
main_campaign_default_alpha_0_01,test4_clientes,CIFAR10,0.01,70,E1L1F1,3.0,1.5,10,3,0.00567,0.006202,0.00567,0.005882795271216195,3.0,4.0,3.3999911113086374,0,0.5932,276.7743484416
main_campaign_default_alpha_0_01,test4_clientes,CIFAR10,0.01,71,E1L1F1,3.0,1.5,10,3,0.00567,0.006202,0.005679,0.005885497422336784,3.0,4.0,3.3999822230123105,0,0.6176,276.7797752832
main_campaign_default_alpha_0_01,test4_clientes,CIFAR10,0.01,42,E1L1F1,3.0,1.5,10,5,0.004001,0.005931,0.005061,0.005426528343814583,2.0,4.0,3.278149374458345,0,0.6388,266.855890944
main_campaign_default_alpha_0_01,test4_clientes,CIFAR10,0.01,43,E1L1F1,3.0,1.5,10,5,0.004002,0.006179,0.005004,0.005316269105130998,2.0,4.0,3.175573876136086,0,0.5225,258.5057906688
main_campaign_default_alpha_0_01,test4_clientes,CIFAR10,0.01,44,E1L1F1,3.0,1.5,10,5,0.004,0.006074,0.0052,0.005484446103593094,2.0,4.0,3.2946470235317644,0,0.6077,268.2107923968
main_campaign_default_alpha_0_01,test4_clientes,CIFAR10,0.01,45,E1L1F1,3.0,1.5,10,5,0.004,0.005872,0.005,0.0053017574552242114,2.0,4.0,3.1339718234745124,0,0.5807,255.124868352
main_campaign_default_alpha_0_01,test4_clientes,CIFAR10,0.01,46,E1L1F1,3.0,1.5,10,5,0.004,0.006667,0.0048354999999999995,0.005834585044444444,2.0,4.0,3.3,1,0.5768,268.6286592
main_campaign_default_alpha_0_01,test4_clientes,CIFAR10,0.01,47,E1L1F1,3.0,1.5,10,5,0.004127,0.006204,0.004997,0.005346866053374219,2.0,4.0,3.295024776126036,0,0.571,268.2415444992
main_campaign_default_alpha_0_01,test4_clientes,CIFAR10,0.01,48,E1L1F1,3.0,1.5,10,5,0.005001,0.005709,0.0053355,0.005416497966711851,3.0,3.0,3.0,1,0.5254,244.2132988416
main_campaign_default_alpha_0_01,test4_clientes,CIFAR10,0.01,49,E1L1F1,3.0,1.5,10,5,0.004246,0.005945,0.005,0.005361977645934716,2.0,4.0,3.1294580361309245,0,0.5404,254.763078912
main_campaign_default_alpha_0_01,test4_clientes,CIFAR10,0.01,50,E1L1F1,3.0,1.5,10,5,0.004001,0.006843,0.004003,0.005759730767521444,2.0,4.0,3.218434736233945,0,0.5912,262.0006766592
main_campaign_default_alpha_0_01,test4_clientes,CIFAR10,0.01,51,E1L1F1,3.0,1.5,10,5,0.004001,0.006202,0.005339,0.005584555387658051,2.0,4.0,3.2999711117530723,1,0.565,268.6322770944
main_campaign_default_alpha_0_01,test4_clientes,CIFAR10,0.01,52,E1L1F1,3.0,1.5,10,5,0.004009,0.006202,0.0054915,0.005738714450789982,2.0,4.0,3.64480789315793,1,0.5472,296.703519744
main_campaign_default_alpha_0_01,test4_clientes,CIFAR10,0.01,53,E1L1F1,3.0,1.5,10,5,0.004,0.00575,0.005666,0.005529706257499666,2.0,4.0,3.1939691569263586,0,0.5901,260.009025792
main_campaign_default_alpha_0_01,test4_clientes,CIFAR10,0.01,54,E1L1F1,3.0,1.5,10,5,0.004001,0.006045,0.005001,0.005513622683436292,2.0,4.0,3.4972001244389137,0,0.5489,284.6939192832
main_campaign_default_alpha_0_01,test4_clientes,CIFAR10,0.01,55,E1L1F1,3.0,1.5,10,5,0.004,0.00638,0.004012,0.005830831203751028,2.0,4.0,3.599075576098309,0,0.5875,292.9807064064
main_campaign_default_alpha_0_01,test4_clientes,CIFAR10,0.01,56,E1L1F1,3.0,1.5,10,5,0.004222,0.00567,0.005007,0.005170631757882808,2.0,3.0,2.9061173699531144,0,0.5915,236.5813506048
main_campaign_default_alpha_0_01,test4_clientes,CIFAR10,0.01,57,E1L1F1,3.0,1.5,10,5,0.005,0.006202,0.0050185,0.005485419101797738,3.0,4.0,3.397613386369192,1,0.5196,276.5807910912
main_campaign_default_alpha_0_01,test4_clientes,CIFAR10,0.01,58,E1L1F1,3.0,1.5,10,5,0.004001,0.00567,0.005002,0.005167839251588818,2.0,3.0,2.9000044442469224,0,0.5399,236.0784632832
main_campaign_default_alpha_0_01,test4_clientes,CIFAR10,0.01,59,E1L1F1,3.0,1.5,10,5,0.004004,0.006202,0.005066,0.005579855876274915,2.0,4.0,3.297691265026776,0,0.5294,268.4586181632
main_campaign_default_alpha_0_01,test4_clientes,CIFAR10,0.01,60,E1L1F1,3.0,1.5,10,5,0.004,0.006201,0.005,0.005292016110395094,2.0,4.0,3.1937913870494645,0,0.5322,259.9945542144
main_campaign_default_alpha_0_01,test4_clientes,CIFAR10,0.01,61,E1L1F1,3.0,1.5,10,5,0.004111,0.006202,0.00501,0.005489143123791746,2.0,4.0,3.394440370641957,0,0.5461,276.334774272
main_campaign_default_alpha_0_01,test4_clientes,CIFAR10,0.01,62,E1L1F1,3.0,1.5,10,5,0.004001,0.006282,0.005,0.005615704413137195,2.0,4.0,3.3062530554197593,0,0.5336,269.1496359936
main_campaign_default_alpha_0_01,test4_clientes,CIFAR10,0.01,63,E1L1F1,3.0,1.5,10,5,0.004001,0.00593,0.005001,0.0052949596017954756,2.0,4.0,3.207146349051153,0,0.5749,261.0817314816
main_campaign_default_alpha_0_01,test4_clientes,CIFAR10,0.01,64,E1L1F1,3.0,1.5,10,5,0.004001,0.00567,0.005001,0.005101784498466735,2.0,3.0,2.9000933291853697,0,0.5035,236.085699072
main_campaign_default_alpha_0_01,test4_clientes,CIFAR10,0.01,65,E1L1F1,3.0,1.5,10,5,0.004,0.006173,0.005342,0.005437091240389315,2.0,4.0,3.1527043242522557,0,0.5709,256.6498108416
main_campaign_default_alpha_0_01,test4_clientes,CIFAR10,0.01,66,E1L1F1,3.0,1.5,10,5,0.004382,0.006202,0.00533,0.005629750949936671,2.0,4.0,3.306224029509144,0,0.6143,269.153253888
main_campaign_default_alpha_0_01,test4_clientes,CIFAR10,0.01,67,E1L1F1,3.0,1.5,10,5,0.004,0.006667,0.004017,0.005533816256693998,2.0,4.0,3.1976757105081886,0,0.5162,260.316546816
main_campaign_default_alpha_0_01,test4_clientes,CIFAR10,0.01,68,E1L1F1,3.0,1.5,10,5,0.004001,0.00567,0.005001,0.005101510421759033,2.0,3.0,2.9000044442469224,0,0.4813,236.0784632832
main_campaign_default_alpha_0_01,test4_clientes,CIFAR10,0.01,69,E1L1F1,3.0,1.5,10,5,0.004,0.006427,0.004983,0.005767704184351459,2.0,4.0,3.425990533543699,0,0.6414,278.8908166656
main_campaign_default_alpha_0_01,test4_clientes,CIFAR10,0.01,70,E1L1F1,3.0,1.5,10,5,0.004001,0.00574,0.005,0.005127605564320793,2.0,4.0,3.2061509744227905,0,0.5172,260.994902016
main_campaign_default_alpha_0_01,test4_clientes,CIFAR10,0.01,71,E1L1F1,3.0,1.5,10,5,0.004002,0.00621,0.004222,0.0053942085240655975,2.0,4.0,3.0909737345006887,0,0.5198,251.62455552
main_campaign_default_alpha_0_01,test5_ablacao,CIFAR10,0.01,42,E0L0F0,3.0,1.5,10,5,0.01,0.01,0.01,0.01,1.0,1.0,1.0,0,0.5862,81.4044329472
main_campaign_default_alpha_0_01,test5_ablacao,CIFAR10,0.01,43,E0L0F0,3.0,1.5,10,5,0.01,0.01,0.01,0.01,1.0,1.0,1.0,0,0.4353,81.4044329472
main_campaign_default_alpha_0_01,test5_ablacao,CIFAR10,0.01,44,E0L0F0,3.0,1.5,10,5,0.01,0.01,0.01,0.01,1.0,1.0,1.0,0,0.5302,81.4080508416
main_campaign_default_alpha_0_01,test5_ablacao,CIFAR10,0.01,45,E0L0F0,3.0,1.5,10,5,0.01,0.01,0.01,0.01,1.0,1.0,1.0,0,0.5191,81.4062418944
main_campaign_default_alpha_0_01,test5_ablacao,CIFAR10,0.01,46,E0L0F0,3.0,1.5,10,5,0.01,0.01,0.01,0.01,1.0,1.0,1.0,1,0.5254,81.402624
main_campaign_default_alpha_0_01,test5_ablacao,CIFAR10,0.01,47,E0L0F0,3.0,1.5,10,5,0.01,0.01,0.01,0.01,1.0,1.0,1.0,0,0.4994,81.4080508416
main_campaign_default_alpha_0_01,test5_ablacao,CIFAR10,0.01,48,E0L0F0,3.0,1.5,10,5,0.01,0.01,0.01,0.01,1.0,1.0,1.0,1,0.442,81.4044329472
main_campaign_default_alpha_0_01,test5_ablacao,CIFAR10,0.01,49,E0L0F0,3.0,1.5,10,5,0.01,0.01,0.01,0.01,1.0,1.0,1.0,0,0.4612,81.4080508416
main_campaign_default_alpha_0_01,test5_ablacao,CIFAR10,0.01,50,E0L0F0,3.0,1.5,10,5,0.01,0.01,0.01,0.01,1.0,1.0,1.0,0,0.5975,81.4062418944
main_campaign_default_alpha_0_01,test5_ablacao,CIFAR10,0.01,51,E0L0F0,3.0,1.5,10,5,0.01,0.01,0.01,0.01,1.0,1.0,1.0,1,0.5084,81.4044329472
main_campaign_default_alpha_0_01,test5_ablacao,CIFAR10,0.01,52,E0L0F0,3.0,1.5,10,5,0.01,0.01,0.01,0.01,1.0,1.0,1.0,1,0.4739,81.4044329472
main_campaign_default_alpha_0_01,test5_ablacao,CIFAR10,0.01,53,E0L0F0,3.0,1.5,10,5,0.01,0.01,0.01,0.01,1.0,1.0,1.0,0,0.5351,81.4062418944
main_campaign_default_alpha_0_01,test5_ablacao,CIFAR10,0.01,54,E0L0F0,3.0,1.5,10,5,0.01,0.01,0.01,0.01,1.0,1.0,1.0,0,0.4454,81.4062418944
main_campaign_default_alpha_0_01,test5_ablacao,CIFAR10,0.01,55,E0L0F0,3.0,1.5,10,5,0.01,0.01,0.01,0.01,1.0,1.0,1.0,0,0.5155,81.4044329472
main_campaign_default_alpha_0_01,test5_ablacao,CIFAR10,0.01,56,E0L0F0,3.0,1.5,10,5,0.01,0.01,0.01,0.01,1.0,1.0,1.0,0,0.4532,81.4080508416
main_campaign_default_alpha_0_01,test5_ablacao,CIFAR10,0.01,57,E0L0F0,3.0,1.5,10,5,0.01,0.01,0.01,0.01,1.0,1.0,1.0,1,0.4856,81.4044329472
main_campaign_default_alpha_0_01,test5_ablacao,CIFAR10,0.01,58,E0L0F0,3.0,1.5,10,5,0.01,0.01,0.01,0.01,1.0,1.0,1.0,0,0.4198,81.4062418944
main_campaign_default_alpha_0_01,test5_ablacao,CIFAR10,0.01,59,E0L0F0,3.0,1.5,10,5,0.01,0.01,0.01,0.01,1.0,1.0,1.0,0,0.5114,81.4080508416
main_campaign_default_alpha_0_01,test5_ablacao,CIFAR10,0.01,60,E0L0F0,3.0,1.5,10,5,0.01,0.01,0.01,0.01,1.0,1.0,1.0,0,0.3752,81.4062418944
main_campaign_default_alpha_0_01,test5_ablacao,CIFAR10,0.01,61,E0L0F0,3.0,1.5,10,5,0.01,0.01,0.01,0.01,1.0,1.0,1.0,0,0.4887,81.4080508416
main_campaign_default_alpha_0_01,test5_ablacao,CIFAR10,0.01,62,E0L0F0,3.0,1.5,10,5,0.01,0.01,0.01,0.01,1.0,1.0,1.0,0,0.4964,81.4062418944
main_campaign_default_alpha_0_01,test5_ablacao,CIFAR10,0.01,63,E0L0F0,3.0,1.5,10,5,0.01,0.01,0.01,0.01,1.0,1.0,1.0,0,0.4788,81.4062418944
main_campaign_default_alpha_0_01,test5_ablacao,CIFAR10,0.01,64,E0L0F0,3.0,1.5,10,5,0.01,0.01,0.01,0.01,1.0,1.0,1.0,0,0.3967,81.4062418944
main_campaign_default_alpha_0_01,test5_ablacao,CIFAR10,0.01,65,E0L0F0,3.0,1.5,10,5,0.01,0.01,0.01,0.01,1.0,1.0,1.0,0,0.5192,81.4062418944
main_campaign_default_alpha_0_01,test5_ablacao,CIFAR10,0.01,66,E0L0F0,3.0,1.5,10,5,0.01,0.01,0.01,0.01,1.0,1.0,1.0,0,0.5203,81.4080508416
main_campaign_default_alpha_0_01,test5_ablacao,CIFAR10,0.01,67,E0L0F0,3.0,1.5,10,5,0.01,0.01,0.01,0.01,1.0,1.0,1.0,0,0.4619,81.4080508416
main_campaign_default_alpha_0_01,test5_ablacao,CIFAR10,0.01,68,E0L0F0,3.0,1.5,10,5,0.01,0.01,0.01,0.01,1.0,1.0,1.0,0,0.3923,81.4062418944
main_campaign_default_alpha_0_01,test5_ablacao,CIFAR10,0.01,69,E0L0F0,3.0,1.5,10,5,0.01,0.01,0.01,0.01,1.0,1.0,1.0,0,0.5734,81.4044329472
main_campaign_default_alpha_0_01,test5_ablacao,CIFAR10,0.01,70,E0L0F0,3.0,1.5,10,5,0.01,0.01,0.01,0.01,1.0,1.0,1.0,0,0.3414,81.4044329472
main_campaign_default_alpha_0_01,test5_ablacao,CIFAR10,0.01,71,E0L0F0,3.0,1.5,10,5,0.01,0.01,0.01,0.01,1.0,1.0,1.0,0,0.4049,81.4062418944
main_campaign_default_alpha_0_01,test5_ablacao,CIFAR10,0.01,42,E0L0F1,3.0,1.5,10,5,0.01,0.01,0.01,0.01,1.0,1.0,1.0,0,0.5421,81.4044329472
main_campaign_default_alpha_0_01,test5_ablacao,CIFAR10,0.01,43,E0L0F1,3.0,1.5,10,5,0.01,0.01,0.01,0.01,1.0,1.0,1.0,0,0.4589,81.4044329472
main_campaign_default_alpha_0_01,test5_ablacao,CIFAR10,0.01,44,E0L0F1,3.0,1.5,10,5,0.01,0.01,0.01,0.01,1.0,1.0,1.0,0,0.5382,81.4080508416
main_campaign_default_alpha_0_01,test5_ablacao,CIFAR10,0.01,45,E0L0F1,3.0,1.5,10,5,0.01,0.01,0.01,0.01,1.0,1.0,1.0,0,0.4995,81.4062418944
main_campaign_default_alpha_0_01,test5_ablacao,CIFAR10,0.01,46,E0L0F1,3.0,1.5,10,5,0.01,0.01,0.01,0.01,1.0,1.0,1.0,1,0.5205,81.402624
main_campaign_default_alpha_0_01,test5_ablacao,CIFAR10,0.01,47,E0L0F1,3.0,1.5,10,5,0.01,0.01,0.01,0.01,1.0,1.0,1.0,0,0.4572,81.4080508416
main_campaign_default_alpha_0_01,test5_ablacao,CIFAR10,0.01,48,E0L0F1,3.0,1.5,10,5,0.01,0.01,0.01,0.01,1.0,1.0,1.0,1,0.4665,81.4044329472
main_campaign_default_alpha_0_01,test5_ablacao,CIFAR10,0.01,49,E0L0F1,3.0,1.5,10,5,0.01,0.01,0.01,0.01,1.0,1.0,1.0,0,0.4882,81.4080508416
main_campaign_default_alpha_0_01,test5_ablacao,CIFAR10,0.01,50,E0L0F1,3.0,1.5,10,5,0.01,0.01,0.01,0.01,1.0,1.0,1.0,0,0.5702,81.4062418944
main_campaign_default_alpha_0_01,test5_ablacao,CIFAR10,0.01,51,E0L0F1,3.0,1.5,10,5,0.01,0.01,0.01,0.01,1.0,1.0,1.0,1,0.5219,81.4044329472
main_campaign_default_alpha_0_01,test5_ablacao,CIFAR10,0.01,52,E0L0F1,3.0,1.5,10,5,0.01,0.01,0.01,0.01,1.0,1.0,1.0,1,0.532,81.4044329472
main_campaign_default_alpha_0_01,test5_ablacao,CIFAR10,0.01,53,E0L0F1,3.0,1.5,10,5,0.01,0.01,0.01,0.01,1.0,1.0,1.0,0,0.5538,81.4062418944
main_campaign_default_alpha_0_01,test5_ablacao,CIFAR10,0.01,54,E0L0F1,3.0,1.5,10,5,0.01,0.01,0.01,0.01,1.0,1.0,1.0,0,0.5047,81.4062418944
main_campaign_default_alpha_0_01,test5_ablacao,CIFAR10,0.01,55,E0L0F1,3.0,1.5,10,5,0.01,0.01,0.01,0.01,1.0,1.0,1.0,0,0.5431,81.4044329472
main_campaign_default_alpha_0_01,test5_ablacao,CIFAR10,0.01,56,E0L0F1,3.0,1.5,10,5,0.01,0.01,0.01,0.01,1.0,1.0,1.0,0,0.5247,81.4080508416
main_campaign_default_alpha_0_01,test5_ablacao,CIFAR10,0.01,57,E0L0F1,3.0,1.5,10,5,0.01,0.01,0.01,0.01,1.0,1.0,1.0,1,0.4729,81.4044329472
main_campaign_default_alpha_0_01,test5_ablacao,CIFAR10,0.01,58,E0L0F1,3.0,1.5,10,5,0.01,0.01,0.01,0.01,1.0,1.0,1.0,0,0.4396,81.4062418944
main_campaign_default_alpha_0_01,test5_ablacao,CIFAR10,0.01,59,E0L0F1,3.0,1.5,10,5,0.01,0.01,0.01,0.01,1.0,1.0,1.0,0,0.5502,81.4080508416
main_campaign_default_alpha_0_01,test5_ablacao,CIFAR10,0.01,60,E0L0F1,3.0,1.5,10,5,0.01,0.01,0.01,0.01,1.0,1.0,1.0,0,0.4683,81.4062418944
main_campaign_default_alpha_0_01,test5_ablacao,CIFAR10,0.01,61,E0L0F1,3.0,1.5,10,5,0.01,0.01,0.01,0.01,1.0,1.0,1.0,0,0.4875,81.4080508416
main_campaign_default_alpha_0_01,test5_ablacao,CIFAR10,0.01,62,E0L0F1,3.0,1.5,10,5,0.01,0.01,0.01,0.01,1.0,1.0,1.0,0,0.4783,81.4062418944
main_campaign_default_alpha_0_01,test5_ablacao,CIFAR10,0.01,63,E0L0F1,3.0,1.5,10,5,0.01,0.01,0.01,0.01,1.0,1.0,1.0,0,0.5361,81.4062418944
main_campaign_default_alpha_0_01,test5_ablacao,CIFAR10,0.01,64,E0L0F1,3.0,1.5,10,5,0.01,0.01,0.01,0.01,1.0,1.0,1.0,0,0.3936,81.4062418944
main_campaign_default_alpha_0_01,test5_ablacao,CIFAR10,0.01,65,E0L0F1,3.0,1.5,10,5,0.01,0.01,0.01,0.01,1.0,1.0,1.0,0,0.5406,81.4062418944
main_campaign_default_alpha_0_01,test5_ablacao,CIFAR10,0.01,66,E0L0F1,3.0,1.5,10,5,0.01,0.01,0.01,0.01,1.0,1.0,1.0,0,0.5224,81.4080508416
main_campaign_default_alpha_0_01,test5_ablacao,CIFAR10,0.01,67,E0L0F1,3.0,1.5,10,5,0.01,0.01,0.01,0.01,1.0,1.0,1.0,0,0.4865,81.4080508416
main_campaign_default_alpha_0_01,test5_ablacao,CIFAR10,0.01,68,E0L0F1,3.0,1.5,10,5,0.01,0.01,0.01,0.01,1.0,1.0,1.0,0,0.3864,81.4062418944
main_campaign_default_alpha_0_01,test5_ablacao,CIFAR10,0.01,69,E0L0F1,3.0,1.5,10,5,0.01,0.01,0.01,0.01,1.0,1.0,1.0,0,0.5446,81.4044329472
main_campaign_default_alpha_0_01,test5_ablacao,CIFAR10,0.01,70,E0L0F1,3.0,1.5,10,5,0.01,0.01,0.01,0.01,1.0,1.0,1.0,0,0.3469,81.4044329472
main_campaign_default_alpha_0_01,test5_ablacao,CIFAR10,0.01,71,E0L0F1,3.0,1.5,10,5,0.01,0.01,0.01,0.01,1.0,1.0,1.0,0,0.446,81.4062418944
main_campaign_default_alpha_0_01,test5_ablacao,CIFAR10,0.01,42,E0L1F0,3.0,1.5,10,5,0.004001,0.005931,0.005061,0.005426528343814583,1.0,1.0,1.0,0,0.5778,81.4044329472
main_campaign_default_alpha_0_01,test5_ablacao,CIFAR10,0.01,43,E0L1F0,3.0,1.5,10,5,0.004002,0.006179,0.005004,0.005316269105130998,1.0,1.0,1.0,0,0.4001,81.4044329472
main_campaign_default_alpha_0_01,test5_ablacao,CIFAR10,0.01,44,E0L1F0,3.0,1.5,10,5,0.004,0.006074,0.0052,0.005484446103593094,1.0,1.0,1.0,0,0.5655,81.4080508416
main_campaign_default_alpha_0_01,test5_ablacao,CIFAR10,0.01,45,E0L1F0,3.0,1.5,10,5,0.004,0.005872,0.005,0.0053017574552242114,1.0,1.0,1.0,0,0.5274,81.4062418944
main_campaign_default_alpha_0_01,test5_ablacao,CIFAR10,0.01,46,E0L1F0,3.0,1.5,10,5,0.004,0.006667,0.0048354999999999995,0.005834585044444444,1.0,1.0,1.0,1,0.552,81.402624
main_campaign_default_alpha_0_01,test5_ablacao,CIFAR10,0.01,47,E0L1F0,3.0,1.5,10,5,0.004127,0.006204,0.004997,0.005346866053374219,1.0,1.0,1.0,0,0.5071,81.4080508416
main_campaign_default_alpha_0_01,test5_ablacao,CIFAR10,0.01,48,E0L1F0,3.0,1.5,10,5,0.005001,0.005709,0.0053355,0.005416497966711851,1.0,1.0,1.0,1,0.466,81.4044329472
main_campaign_default_alpha_0_01,test5_ablacao,CIFAR10,0.01,49,E0L1F0,3.0,1.5,10,5,0.004246,0.005945,0.005,0.005361977645934716,1.0,1.0,1.0,0,0.5058,81.4080508416
main_campaign_default_alpha_0_01,test5_ablacao,CIFAR10,0.01,50,E0L1F0,3.0,1.5,10,5,0.004001,0.006843,0.004003,0.005759730767521444,1.0,1.0,1.0,0,0.5907,81.4062418944
main_campaign_default_alpha_0_01,test5_ablacao,CIFAR10,0.01,51,E0L1F0,3.0,1.5,10,5,0.004001,0.006202,0.005339,0.005584555387658051,1.0,1.0,1.0,1,0.4984,81.4044329472
main_campaign_default_alpha_0_01,test5_ablacao,CIFAR10,0.01,52,E0L1F0,3.0,1.5,10,5,0.004009,0.006202,0.0054915,0.005738714450789982,1.0,1.0,1.0,1,0.5227,81.4044329472
main_campaign_default_alpha_0_01,test5_ablacao,CIFAR10,0.01,53,E0L1F0,3.0,1.5,10,5,0.004,0.00575,0.005666,0.005529706257499666,1.0,1.0,1.0,0,0.597,81.4062418944
main_campaign_default_alpha_0_01,test5_ablacao,CIFAR10,0.01,54,E0L1F0,3.0,1.5,10,5,0.004001,0.006045,0.005001,0.005513622683436292,1.0,1.0,1.0,0,0.4635,81.4062418944
main_campaign_default_alpha_0_01,test5_ablacao,CIFAR10,0.01,55,E0L1F0,3.0,1.5,10,5,0.004,0.00638,0.004012,0.005830831203751028,1.0,1.0,1.0,0,0.5781,81.4044329472
main_campaign_default_alpha_0_01,test5_ablacao,CIFAR10,0.01,56,E0L1F0,3.0,1.5,10,5,0.004222,0.00567,0.005007,0.005170631757882808,1.0,1.0,1.0,0,0.5537,81.4080508416
main_campaign_default_alpha_0_01,test5_ablacao,CIFAR10,0.01,57,E0L1F0,3.0,1.5,10,5,0.005,0.006202,0.0050185,0.005485419101797738,1.0,1.0,1.0,1,0.4812,81.4044329472
main_campaign_default_alpha_0_01,test5_ablacao,CIFAR10,0.01,58,E0L1F0,3.0,1.5,10,5,0.004001,0.00567,0.005002,0.005167839251588818,1.0,1.0,1.0,0,0.4423,81.4062418944
main_campaign_default_alpha_0_01,test5_ablacao,CIFAR10,0.01,59,E0L1F0,3.0,1.5,10,5,0.004004,0.006202,0.005066,0.005579855876274915,1.0,1.0,1.0,0,0.5065,81.4080508416
main_campaign_default_alpha_0_01,test5_ablacao,CIFAR10,0.01,60,E0L1F0,3.0,1.5,10,5,0.004,0.006201,0.005,0.005292016110395094,1.0,1.0,1.0,0,0.5057,81.4062418944
main_campaign_default_alpha_0_01,test5_ablacao,CIFAR10,0.01,61,E0L1F0,3.0,1.5,10,5,0.004111,0.006202,0.00501,0.005489143123791746,1.0,1.0,1.0,0,0.4987,81.4080508416
main_campaign_default_alpha_0_01,test5_ablacao,CIFAR10,0.01,62,E0L1F0,3.0,1.5,10,5,0.004001,0.006282,0.005,0.005615704413137195,1.0,1.0,1.0,0,0.4852,81.4062418944
main_campaign_default_alpha_0_01,test5_ablacao,CIFAR10,0.01,63,E0L1F0,3.0,1.5,10,5,0.004001,0.00593,0.005001,0.0052949596017954756,1.0,1.0,1.0,0,0.541,81.4062418944
main_campaign_default_alpha_0_01,test5_ablacao,CIFAR10,0.01,64,E0L1F0,3.0,1.5,10,5,0.004001,0.00567,0.005001,0.005101784498466735,1.0,1.0,1.0,0,0.4251,81.4062418944
main_campaign_default_alpha_0_01,test5_ablacao,CIFAR10,0.01,65,E0L1F0,3.0,1.5,10,5,0.004,0.006173,0.005342,0.005437091240389315,1.0,1.0,1.0,0,0.5453,81.4062418944
main_campaign_default_alpha_0_01,test5_ablacao,CIFAR10,0.01,66,E0L1F0,3.0,1.5,10,5,0.004382,0.006202,0.00533,0.005629750949936671,1.0,1.0,1.0,0,0.517,81.4080508416
main_campaign_default_alpha_0_01,test5_ablacao,CIFAR10,0.01,67,E0L1F0,3.0,1.5,10,5,0.004,0.006667,0.004017,0.005533816256693998,1.0,1.0,1.0,0,0.5132,81.4080508416
main_campaign_default_alpha_0_01,test5_ablacao,CIFAR10,0.01,68,E0L1F0,3.0,1.5,10,5,0.004001,0.00567,0.005001,0.005101510421759033,1.0,1.0,1.0,0,0.4688,81.4062418944
main_campaign_default_alpha_0_01,test5_ablacao,CIFAR10,0.01,69,E0L1F0,3.0,1.5,10,5,0.004,0.006427,0.004983,0.005767704184351459,1.0,1.0,1.0,0,0.5482,81.4044329472
main_campaign_default_alpha_0_01,test5_ablacao,CIFAR10,0.01,70,E0L1F0,3.0,1.5,10,5,0.004001,0.00574,0.005,0.005127605564320793,1.0,1.0,1.0,0,0.4389,81.4044329472
main_campaign_default_alpha_0_01,test5_ablacao,CIFAR10,0.01,71,E0L1F0,3.0,1.5,10,5,0.004002,0.00621,0.004222,0.0053942085240655975,1.0,1.0,1.0,0,0.4996,81.4062418944
main_campaign_default_alpha_0_01,test5_ablacao,CIFAR10,0.01,42,E0L1F1,3.0,1.5,10,5,0.004001,0.005931,0.005061,0.005426528343814583,1.0,1.0,1.0,0,0.5967,81.4044329472
main_campaign_default_alpha_0_01,test5_ablacao,CIFAR10,0.01,43,E0L1F1,3.0,1.5,10,5,0.004002,0.006179,0.005004,0.005316269105130998,1.0,1.0,1.0,0,0.4703,81.4044329472
main_campaign_default_alpha_0_01,test5_ablacao,CIFAR10,0.01,44,E0L1F1,3.0,1.5,10,5,0.004,0.006074,0.0052,0.005484446103593094,1.0,1.0,1.0,0,0.5753,81.4080508416
main_campaign_default_alpha_0_01,test5_ablacao,CIFAR10,0.01,45,E0L1F1,3.0,1.5,10,5,0.004,0.005872,0.005,0.0053017574552242114,1.0,1.0,1.0,0,0.5188,81.4062418944
main_campaign_default_alpha_0_01,test5_ablacao,CIFAR10,0.01,46,E0L1F1,3.0,1.5,10,5,0.004,0.006667,0.0048354999999999995,0.005834585044444444,1.0,1.0,1.0,1,0.5178,81.402624
main_campaign_default_alpha_0_01,test5_ablacao,CIFAR10,0.01,47,E0L1F1,3.0,1.5,10,5,0.004127,0.006204,0.004997,0.005346866053374219,1.0,1.0,1.0,0,0.5372,81.4080508416
main_campaign_default_alpha_0_01,test5_ablacao,CIFAR10,0.01,48,E0L1F1,3.0,1.5,10,5,0.005001,0.005709,0.0053355,0.005416497966711851,1.0,1.0,1.0,1,0.516,81.4044329472
main_campaign_default_alpha_0_01,test5_ablacao,CIFAR10,0.01,49,E0L1F1,3.0,1.5,10,5,0.004246,0.005945,0.005,0.005361977645934716,1.0,1.0,1.0,0,0.5485,81.4080508416
main_campaign_default_alpha_0_01,test5_ablacao,CIFAR10,0.01,50,E0L1F1,3.0,1.5,10,5,0.004001,0.006843,0.004003,0.005759730767521444,1.0,1.0,1.0,0,0.5773,81.4062418944
main_campaign_default_alpha_0_01,test5_ablacao,CIFAR10,0.01,51,E0L1F1,3.0,1.5,10,5,0.004001,0.006202,0.005339,0.005584555387658051,1.0,1.0,1.0,1,0.5304,81.4044329472
main_campaign_default_alpha_0_01,test5_ablacao,CIFAR10,0.01,52,E0L1F1,3.0,1.5,10,5,0.004009,0.006202,0.0054915,0.005738714450789982,1.0,1.0,1.0,1,0.5414,81.4044329472
main_campaign_default_alpha_0_01,test5_ablacao,CIFAR10,0.01,53,E0L1F1,3.0,1.5,10,5,0.004,0.00575,0.005666,0.005529706257499666,1.0,1.0,1.0,0,0.5585,81.4062418944
main_campaign_default_alpha_0_01,test5_ablacao,CIFAR10,0.01,54,E0L1F1,3.0,1.5,10,5,0.004001,0.006045,0.005001,0.005513622683436292,1.0,1.0,1.0,0,0.5139,81.4062418944
main_campaign_default_alpha_0_01,test5_ablacao,CIFAR10,0.01,55,E0L1F1,3.0,1.5,10,5,0.004,0.00638,0.004012,0.005830831203751028,1.0,1.0,1.0,0,0.5837,81.4044329472
main_campaign_default_alpha_0_01,test5_ablacao,CIFAR10,0.01,56,E0L1F1,3.0,1.5,10,5,0.004222,0.00567,0.005007,0.005170631757882808,1.0,1.0,1.0,0,0.5523,81.4080508416
main_campaign_default_alpha_0_01,test5_ablacao,CIFAR10,0.01,57,E0L1F1,3.0,1.5,10,5,0.005,0.006202,0.0050185,0.005485419101797738,1.0,1.0,1.0,1,0.5181,81.4044329472
main_campaign_default_alpha_0_01,test5_ablacao,CIFAR10,0.01,58,E0L1F1,3.0,1.5,10,5,0.004001,0.00567,0.005002,0.005167839251588818,1.0,1.0,1.0,0,0.5027,81.4062418944
main_campaign_default_alpha_0_01,test5_ablacao,CIFAR10,0.01,59,E0L1F1,3.0,1.5,10,5,0.004004,0.006202,0.005066,0.005579855876274915,1.0,1.0,1.0,0,0.5406,81.4080508416
main_campaign_default_alpha_0_01,test5_ablacao,CIFAR10,0.01,60,E0L1F1,3.0,1.5,10,5,0.004,0.006201,0.005,0.005292016110395094,1.0,1.0,1.0,0,0.4835,81.4062418944
main_campaign_default_alpha_0_01,test5_ablacao,CIFAR10,0.01,61,E0L1F1,3.0,1.5,10,5,0.004111,0.006202,0.00501,0.005489143123791746,1.0,1.0,1.0,0,0.5139,81.4080508416
main_campaign_default_alpha_0_01,test5_ablacao,CIFAR10,0.01,62,E0L1F1,3.0,1.5,10,5,0.004001,0.006282,0.005,0.005615704413137195,1.0,1.0,1.0,0,0.5312,81.4062418944
main_campaign_default_alpha_0_01,test5_ablacao,CIFAR10,0.01,63,E0L1F1,3.0,1.5,10,5,0.004001,0.00593,0.005001,0.0052949596017954756,1.0,1.0,1.0,0,0.5239,81.4062418944
main_campaign_default_alpha_0_01,test5_ablacao,CIFAR10,0.01,64,E0L1F1,3.0,1.5,10,5,0.004001,0.00567,0.005001,0.005101784498466735,1.0,1.0,1.0,0,0.4632,81.4062418944
main_campaign_default_alpha_0_01,test5_ablacao,CIFAR10,0.01,65,E0L1F1,3.0,1.5,10,5,0.004,0.006173,0.005342,0.005437091240389315,1.0,1.0,1.0,0,0.5537,81.4062418944
main_campaign_default_alpha_0_01,test5_ablacao,CIFAR10,0.01,66,E0L1F1,3.0,1.5,10,5,0.004382,0.006202,0.00533,0.005629750949936671,1.0,1.0,1.0,0,0.6044,81.4080508416
main_campaign_default_alpha_0_01,test5_ablacao,CIFAR10,0.01,67,E0L1F1,3.0,1.5,10,5,0.004,0.006667,0.004017,0.005533816256693998,1.0,1.0,1.0,0,0.5125,81.4080508416
main_campaign_default_alpha_0_01,test5_ablacao,CIFAR10,0.01,68,E0L1F1,3.0,1.5,10,5,0.004001,0.00567,0.005001,0.005101510421759033,1.0,1.0,1.0,0,0.478,81.4062418944
main_campaign_default_alpha_0_01,test5_ablacao,CIFAR10,0.01,69,E0L1F1,3.0,1.5,10,5,0.004,0.006427,0.004983,0.005767704184351459,1.0,1.0,1.0,0,0.5967,81.4044329472
main_campaign_default_alpha_0_01,test5_ablacao,CIFAR10,0.01,70,E0L1F1,3.0,1.5,10,5,0.004001,0.00574,0.005,0.005127605564320793,1.0,1.0,1.0,0,0.4552,81.4044329472
main_campaign_default_alpha_0_01,test5_ablacao,CIFAR10,0.01,71,E0L1F1,3.0,1.5,10,5,0.004002,0.00621,0.004222,0.0053942085240655975,1.0,1.0,1.0,0,0.4693,81.4062418944
main_campaign_default_alpha_0_01,test5_ablacao,CIFAR10,0.01,42,E1L0F0,3.0,1.5,10,5,0.01,0.01,0.01,0.01,2.0,4.0,3.278149374458345,0,0.6453,266.855890944
main_campaign_default_alpha_0_01,test5_ablacao,CIFAR10,0.01,43,E1L0F0,3.0,1.5,10,5,0.01,0.01,0.01,0.01,2.0,4.0,3.175573876136086,0,0.481,258.5057906688
main_campaign_default_alpha_0_01,test5_ablacao,CIFAR10,0.01,44,E1L0F0,3.0,1.5,10,5,0.01,0.01,0.01,0.01,2.0,4.0,3.2946470235317644,0,0.5734,268.2107923968
main_campaign_default_alpha_0_01,test5_ablacao,CIFAR10,0.01,45,E1L0F0,3.0,1.5,10,5,0.01,0.01,0.01,0.01,2.0,4.0,3.1339718234745124,0,0.5769,255.124868352
main_campaign_default_alpha_0_01,test5_ablacao,CIFAR10,0.01,46,E1L0F0,3.0,1.5,10,5,0.01,0.01,0.01,0.01,2.0,4.0,3.3,1,0.5859,268.6286592
main_campaign_default_alpha_0_01,test5_ablacao,CIFAR10,0.01,47,E1L0F0,3.0,1.5,10,5,0.01,0.01,0.01,0.01,2.0,4.0,3.295024776126036,0,0.5485,268.2415444992
main_campaign_default_alpha_0_01,test5_ablacao,CIFAR10,0.01,48,E1L0F0,3.0,1.5,10,5,0.01,0.01,0.01,0.01,3.0,3.0,3.0,1,0.5092,244.2132988416
main_campaign_default_alpha_0_01,test5_ablacao,CIFAR10,0.01,49,E1L0F0,3.0,1.5,10,5,0.01,0.01,0.01,0.01,2.0,4.0,3.1294580361309245,0,0.5359,254.763078912
main_campaign_default_alpha_0_01,test5_ablacao,CIFAR10,0.01,50,E1L0F0,3.0,1.5,10,5,0.01,0.01,0.01,0.01,2.0,4.0,3.218434736233945,0,0.6233,262.0006766592
main_campaign_default_alpha_0_01,test5_ablacao,CIFAR10,0.01,51,E1L0F0,3.0,1.5,10,5,0.01,0.01,0.01,0.01,2.0,4.0,3.2999711117530723,1,0.5288,268.6322770944
main_campaign_default_alpha_0_01,test5_ablacao,CIFAR10,0.01,52,E1L0F0,3.0,1.5,10,5,0.01,0.01,0.01,0.01,2.0,4.0,3.64480789315793,1,0.5566,296.703519744
main_campaign_default_alpha_0_01,test5_ablacao,CIFAR10,0.01,53,E1L0F0,3.0,1.5,10,5,0.01,0.01,0.01,0.01,2.0,4.0,3.1939691569263586,0,0.571,260.009025792
main_campaign_default_alpha_0_01,test5_ablacao,CIFAR10,0.01,54,E1L0F0,3.0,1.5,10,5,0.01,0.01,0.01,0.01,2.0,4.0,3.4972001244389137,0,0.466,284.6939192832
main_campaign_default_alpha_0_01,test5_ablacao,CIFAR10,0.01,55,E1L0F0,3.0,1.5,10,5,0.01,0.01,0.01,0.01,2.0,4.0,3.599075576098309,0,0.516,292.9807064064
main_campaign_default_alpha_0_01,test5_ablacao,CIFAR10,0.01,56,E1L0F0,3.0,1.5,10,5,0.01,0.01,0.01,0.01,2.0,3.0,2.9061173699531144,0,0.556,236.5813506048
main_campaign_default_alpha_0_01,test5_ablacao,CIFAR10,0.01,57,E1L0F0,3.0,1.5,10,5,0.01,0.01,0.01,0.01,3.0,4.0,3.397613386369192,1,0.4761,276.5807910912
main_campaign_default_alpha_0_01,test5_ablacao,CIFAR10,0.01,58,E1L0F0,3.0,1.5,10,5,0.01,0.01,0.01,0.01,2.0,3.0,2.9000044442469224,0,0.5117,236.0784632832
main_campaign_default_alpha_0_01,test5_ablacao,CIFAR10,0.01,59,E1L0F0,3.0,1.5,10,5,0.01,0.01,0.01,0.01,2.0,4.0,3.297691265026776,0,0.5176,268.4586181632
main_campaign_default_alpha_0_01,test5_ablacao,CIFAR10,0.01,60,E1L0F0,3.0,1.5,10,5,0.01,0.01,0.01,0.01,2.0,4.0,3.1937913870494645,0,0.4909,259.9945542144
main_campaign_default_alpha_0_01,test5_ablacao,CIFAR10,0.01,61,E1L0F0,3.0,1.5,10,5,0.01,0.01,0.01,0.01,2.0,4.0,3.394440370641957,0,0.5226,276.334774272
main_campaign_default_alpha_0_01,test5_ablacao,CIFAR10,0.01,62,E1L0F0,3.0,1.5,10,5,0.01,0.01,0.01,0.01,2.0,4.0,3.3062530554197593,0,0.5598,269.1496359936
main_campaign_default_alpha_0_01,test5_ablacao,CIFAR10,0.01,63,E1L0F0,3.0,1.5,10,5,0.01,0.01,0.01,0.01,2.0,4.0,3.207146349051153,0,0.5879,261.0817314816
main_campaign_default_alpha_0_01,test5_ablacao,CIFAR10,0.01,64,E1L0F0,3.0,1.5,10,5,0.01,0.01,0.01,0.01,2.0,3.0,2.9000933291853697,0,0.4795,236.085699072
main_campaign_default_alpha_0_01,test5_ablacao,CIFAR10,0.01,65,E1L0F0,3.0,1.5,10,5,0.01,0.01,0.01,0.01,2.0,4.0,3.1527043242522557,0,0.5777,256.6498108416
main_campaign_default_alpha_0_01,test5_ablacao,CIFAR10,0.01,66,E1L0F0,3.0,1.5,10,5,0.01,0.01,0.01,0.01,2.0,4.0,3.306224029509144,0,0.5632,269.153253888
main_campaign_default_alpha_0_01,test5_ablacao,CIFAR10,0.01,67,E1L0F0,3.0,1.5,10,5,0.01,0.01,0.01,0.01,2.0,4.0,3.1976757105081886,0,0.5329,260.316546816
main_campaign_default_alpha_0_01,test5_ablacao,CIFAR10,0.01,68,E1L0F0,3.0,1.5,10,5,0.01,0.01,0.01,0.01,2.0,3.0,2.9000044442469224,0,0.4676,236.0784632832
main_campaign_default_alpha_0_01,test5_ablacao,CIFAR10,0.01,69,E1L0F0,3.0,1.5,10,5,0.01,0.01,0.01,0.01,2.0,4.0,3.425990533543699,0,0.5858,278.8908166656
main_campaign_default_alpha_0_01,test5_ablacao,CIFAR10,0.01,70,E1L0F0,3.0,1.5,10,5,0.01,0.01,0.01,0.01,2.0,4.0,3.2061509744227905,0,0.3617,260.994902016
main_campaign_default_alpha_0_01,test5_ablacao,CIFAR10,0.01,71,E1L0F0,3.0,1.5,10,5,0.01,0.01,0.01,0.01,2.0,4.0,3.0909737345006887,0,0.4896,251.62455552
main_campaign_default_alpha_0_01,test5_ablacao,CIFAR10,0.01,42,E1L0F1,3.0,1.5,10,5,0.01,0.01,0.01,0.01,2.0,4.0,3.278149374458345,0,0.615,266.855890944
main_campaign_default_alpha_0_01,test5_ablacao,CIFAR10,0.01,43,E1L0F1,3.0,1.5,10,5,0.01,0.01,0.01,0.01,2.0,4.0,3.175573876136086,0,0.521,258.5057906688
main_campaign_default_alpha_0_01,test5_ablacao,CIFAR10,0.01,44,E1L0F1,3.0,1.5,10,5,0.01,0.01,0.01,0.01,2.0,4.0,3.2946470235317644,0,0.5508,268.2107923968
main_campaign_default_alpha_0_01,test5_ablacao,CIFAR10,0.01,45,E1L0F1,3.0,1.5,10,5,0.01,0.01,0.01,0.01,2.0,4.0,3.1339718234745124,0,0.5752,255.124868352
main_campaign_default_alpha_0_01,test5_ablacao,CIFAR10,0.01,46,E1L0F1,3.0,1.5,10,5,0.01,0.01,0.01,0.01,2.0,4.0,3.3,1,0.5809,268.6286592
main_campaign_default_alpha_0_01,test5_ablacao,CIFAR10,0.01,47,E1L0F1,3.0,1.5,10,5,0.01,0.01,0.01,0.01,2.0,4.0,3.295024776126036,0,0.5715,268.2415444992
main_campaign_default_alpha_0_01,test5_ablacao,CIFAR10,0.01,48,E1L0F1,3.0,1.5,10,5,0.01,0.01,0.01,0.01,3.0,3.0,3.0,1,0.565,244.2132988416
main_campaign_default_alpha_0_01,test5_ablacao,CIFAR10,0.01,49,E1L0F1,3.0,1.5,10,5,0.01,0.01,0.01,0.01,2.0,4.0,3.1294580361309245,0,0.5079,254.763078912
main_campaign_default_alpha_0_01,test5_ablacao,CIFAR10,0.01,50,E1L0F1,3.0,1.5,10,5,0.01,0.01,0.01,0.01,2.0,4.0,3.218434736233945,0,0.6151,262.0006766592
main_campaign_default_alpha_0_01,test5_ablacao,CIFAR10,0.01,51,E1L0F1,3.0,1.5,10,5,0.01,0.01,0.01,0.01,2.0,4.0,3.2999711117530723,1,0.5616,268.6322770944
main_campaign_default_alpha_0_01,test5_ablacao,CIFAR10,0.01,52,E1L0F1,3.0,1.5,10,5,0.01,0.01,0.01,0.01,2.0,4.0,3.64480789315793,1,0.5651,296.703519744
main_campaign_default_alpha_0_01,test5_ablacao,CIFAR10,0.01,53,E1L0F1,3.0,1.5,10,5,0.01,0.01,0.01,0.01,2.0,4.0,3.1939691569263586,0,0.5929,260.009025792
main_campaign_default_alpha_0_01,test5_ablacao,CIFAR10,0.01,54,E1L0F1,3.0,1.5,10,5,0.01,0.01,0.01,0.01,2.0,4.0,3.4972001244389137,0,0.5465,284.6939192832
main_campaign_default_alpha_0_01,test5_ablacao,CIFAR10,0.01,55,E1L0F1,3.0,1.5,10,5,0.01,0.01,0.01,0.01,2.0,4.0,3.599075576098309,0,0.6067,292.9807064064
main_campaign_default_alpha_0_01,test5_ablacao,CIFAR10,0.01,56,E1L0F1,3.0,1.5,10,5,0.01,0.01,0.01,0.01,2.0,3.0,2.9061173699531144,0,0.5663,236.5813506048
main_campaign_default_alpha_0_01,test5_ablacao,CIFAR10,0.01,57,E1L0F1,3.0,1.5,10,5,0.01,0.01,0.01,0.01,3.0,4.0,3.397613386369192,1,0.4948,276.5807910912
main_campaign_default_alpha_0_01,test5_ablacao,CIFAR10,0.01,58,E1L0F1,3.0,1.5,10,5,0.01,0.01,0.01,0.01,2.0,3.0,2.9000044442469224,0,0.5174,236.0784632832
main_campaign_default_alpha_0_01,test5_ablacao,CIFAR10,0.01,59,E1L0F1,3.0,1.5,10,5,0.01,0.01,0.01,0.01,2.0,4.0,3.297691265026776,0,0.5456,268.4586181632
main_campaign_default_alpha_0_01,test5_ablacao,CIFAR10,0.01,60,E1L0F1,3.0,1.5,10,5,0.01,0.01,0.01,0.01,2.0,4.0,3.1937913870494645,0,0.5139,259.9945542144
main_campaign_default_alpha_0_01,test5_ablacao,CIFAR10,0.01,61,E1L0F1,3.0,1.5,10,5,0.01,0.01,0.01,0.01,2.0,4.0,3.394440370641957,0,0.5094,276.334774272
main_campaign_default_alpha_0_01,test5_ablacao,CIFAR10,0.01,62,E1L0F1,3.0,1.5,10,5,0.01,0.01,0.01,0.01,2.0,4.0,3.3062530554197593,0,0.5486,269.1496359936
main_campaign_default_alpha_0_01,test5_ablacao,CIFAR10,0.01,63,E1L0F1,3.0,1.5,10,5,0.01,0.01,0.01,0.01,2.0,4.0,3.207146349051153,0,0.5375,261.0817314816
main_campaign_default_alpha_0_01,test5_ablacao,CIFAR10,0.01,64,E1L0F1,3.0,1.5,10,5,0.01,0.01,0.01,0.01,2.0,3.0,2.9000933291853697,0,0.515,236.085699072
main_campaign_default_alpha_0_01,test5_ablacao,CIFAR10,0.01,65,E1L0F1,3.0,1.5,10,5,0.01,0.01,0.01,0.01,2.0,4.0,3.1527043242522557,0,0.5952,256.6498108416
main_campaign_default_alpha_0_01,test5_ablacao,CIFAR10,0.01,66,E1L0F1,3.0,1.5,10,5,0.01,0.01,0.01,0.01,2.0,4.0,3.306224029509144,0,0.6413,269.153253888
main_campaign_default_alpha_0_01,test5_ablacao,CIFAR10,0.01,67,E1L0F1,3.0,1.5,10,5,0.01,0.01,0.01,0.01,2.0,4.0,3.1976757105081886,0,0.5267,260.316546816
main_campaign_default_alpha_0_01,test5_ablacao,CIFAR10,0.01,68,E1L0F1,3.0,1.5,10,5,0.01,0.01,0.01,0.01,2.0,3.0,2.9000044442469224,0,0.4317,236.0784632832
main_campaign_default_alpha_0_01,test5_ablacao,CIFAR10,0.01,69,E1L0F1,3.0,1.5,10,5,0.01,0.01,0.01,0.01,2.0,4.0,3.425990533543699,0,0.6024,278.8908166656
main_campaign_default_alpha_0_01,test5_ablacao,CIFAR10,0.01,70,E1L0F1,3.0,1.5,10,5,0.01,0.01,0.01,0.01,2.0,4.0,3.2061509744227905,0,0.5219,260.994902016
main_campaign_default_alpha_0_01,test5_ablacao,CIFAR10,0.01,71,E1L0F1,3.0,1.5,10,5,0.01,0.01,0.01,0.01,2.0,4.0,3.0909737345006887,0,0.5221,251.62455552
main_campaign_default_alpha_0_01,test5_ablacao,CIFAR10,0.01,42,E1L1F0,3.0,1.5,10,5,0.004001,0.005931,0.005061,0.005426528343814583,2.0,4.0,3.278149374458345,0,0.6408,266.855890944
main_campaign_default_alpha_0_01,test5_ablacao,CIFAR10,0.01,43,E1L1F0,3.0,1.5,10,5,0.004002,0.006179,0.005004,0.005316269105130998,2.0,4.0,3.175573876136086,0,0.5002,258.5057906688
main_campaign_default_alpha_0_01,test5_ablacao,CIFAR10,0.01,44,E1L1F0,3.0,1.5,10,5,0.004,0.006074,0.0052,0.005484446103593094,2.0,4.0,3.2946470235317644,0,0.5783,268.2107923968
main_campaign_default_alpha_0_01,test5_ablacao,CIFAR10,0.01,45,E1L1F0,3.0,1.5,10,5,0.004,0.005872,0.005,0.0053017574552242114,2.0,4.0,3.1339718234745124,0,0.5866,255.124868352
main_campaign_default_alpha_0_01,test5_ablacao,CIFAR10,0.01,46,E1L1F0,3.0,1.5,10,5,0.004,0.006667,0.0048354999999999995,0.005834585044444444,2.0,4.0,3.3,1,0.5817,268.6286592
main_campaign_default_alpha_0_01,test5_ablacao,CIFAR10,0.01,47,E1L1F0,3.0,1.5,10,5,0.004127,0.006204,0.004997,0.005346866053374219,2.0,4.0,3.295024776126036,0,0.5671,268.2415444992
main_campaign_default_alpha_0_01,test5_ablacao,CIFAR10,0.01,48,E1L1F0,3.0,1.5,10,5,0.005001,0.005709,0.0053355,0.005416497966711851,3.0,3.0,3.0,1,0.5742,244.2132988416
main_campaign_default_alpha_0_01,test5_ablacao,CIFAR10,0.01,49,E1L1F0,3.0,1.5,10,5,0.004246,0.005945,0.005,0.005361977645934716,2.0,4.0,3.1294580361309245,0,0.5191,254.763078912
main_campaign_default_alpha_0_01,test5_ablacao,CIFAR10,0.01,50,E1L1F0,3.0,1.5,10,5,0.004001,0.006843,0.004003,0.005759730767521444,2.0,4.0,3.218434736233945,0,0.6195,262.0006766592
main_campaign_default_alpha_0_01,test5_ablacao,CIFAR10,0.01,51,E1L1F0,3.0,1.5,10,5,0.004001,0.006202,0.005339,0.005584555387658051,2.0,4.0,3.2999711117530723,1,0.5685,268.6322770944
main_campaign_default_alpha_0_01,test5_ablacao,CIFAR10,0.01,52,E1L1F0,3.0,1.5,10,5,0.004009,0.006202,0.0054915,0.005738714450789982,2.0,4.0,3.64480789315793,1,0.5761,296.703519744
main_campaign_default_alpha_0_01,test5_ablacao,CIFAR10,0.01,53,E1L1F0,3.0,1.5,10,5,0.004,0.00575,0.005666,0.005529706257499666,2.0,4.0,3.1939691569263586,0,0.5898,260.009025792
main_campaign_default_alpha_0_01,test5_ablacao,CIFAR10,0.01,54,E1L1F0,3.0,1.5,10,5,0.004001,0.006045,0.005001,0.005513622683436292,2.0,4.0,3.4972001244389137,0,0.4983,284.6939192832
main_campaign_default_alpha_0_01,test5_ablacao,CIFAR10,0.01,55,E1L1F0,3.0,1.5,10,5,0.004,0.00638,0.004012,0.005830831203751028,2.0,4.0,3.599075576098309,0,0.5854,292.9807064064
main_campaign_default_alpha_0_01,test5_ablacao,CIFAR10,0.01,56,E1L1F0,3.0,1.5,10,5,0.004222,0.00567,0.005007,0.005170631757882808,2.0,3.0,2.9061173699531144,0,0.5613,236.5813506048
main_campaign_default_alpha_0_01,test5_ablacao,CIFAR10,0.01,57,E1L1F0,3.0,1.5,10,5,0.005,0.006202,0.0050185,0.005485419101797738,3.0,4.0,3.397613386369192,1,0.5487,276.5807910912
main_campaign_default_alpha_0_01,test5_ablacao,CIFAR10,0.01,58,E1L1F0,3.0,1.5,10,5,0.004001,0.00567,0.005002,0.005167839251588818,2.0,3.0,2.9000044442469224,0,0.5153,236.0784632832
main_campaign_default_alpha_0_01,test5_ablacao,CIFAR10,0.01,59,E1L1F0,3.0,1.5,10,5,0.004004,0.006202,0.005066,0.005579855876274915,2.0,4.0,3.297691265026776,0,0.5723,268.4586181632
main_campaign_default_alpha_0_01,test5_ablacao,CIFAR10,0.01,60,E1L1F0,3.0,1.5,10,5,0.004,0.006201,0.005,0.005292016110395094,2.0,4.0,3.1937913870494645,0,0.488,259.9945542144
main_campaign_default_alpha_0_01,test5_ablacao,CIFAR10,0.01,61,E1L1F0,3.0,1.5,10,5,0.004111,0.006202,0.00501,0.005489143123791746,2.0,4.0,3.394440370641957,0,0.5695,276.334774272
main_campaign_default_alpha_0_01,test5_ablacao,CIFAR10,0.01,62,E1L1F0,3.0,1.5,10,5,0.004001,0.006282,0.005,0.005615704413137195,2.0,4.0,3.3062530554197593,0,0.5486,269.1496359936
main_campaign_default_alpha_0_01,test5_ablacao,CIFAR10,0.01,63,E1L1F0,3.0,1.5,10,5,0.004001,0.00593,0.005001,0.0052949596017954756,2.0,4.0,3.207146349051153,0,0.5398,261.0817314816
main_campaign_default_alpha_0_01,test5_ablacao,CIFAR10,0.01,64,E1L1F0,3.0,1.5,10,5,0.004001,0.00567,0.005001,0.005101784498466735,2.0,3.0,2.9000933291853697,0,0.5265,236.085699072
main_campaign_default_alpha_0_01,test5_ablacao,CIFAR10,0.01,65,E1L1F0,3.0,1.5,10,5,0.004,0.006173,0.005342,0.005437091240389315,2.0,4.0,3.1527043242522557,0,0.5856,256.6498108416
main_campaign_default_alpha_0_01,test5_ablacao,CIFAR10,0.01,66,E1L1F0,3.0,1.5,10,5,0.004382,0.006202,0.00533,0.005629750949936671,2.0,4.0,3.306224029509144,0,0.5309,269.153253888
main_campaign_default_alpha_0_01,test5_ablacao,CIFAR10,0.01,67,E1L1F0,3.0,1.5,10,5,0.004,0.006667,0.004017,0.005533816256693998,2.0,4.0,3.1976757105081886,0,0.5335,260.316546816
main_campaign_default_alpha_0_01,test5_ablacao,CIFAR10,0.01,68,E1L1F0,3.0,1.5,10,5,0.004001,0.00567,0.005001,0.005101510421759033,2.0,3.0,2.9000044442469224,0,0.4511,236.0784632832
main_campaign_default_alpha_0_01,test5_ablacao,CIFAR10,0.01,69,E1L1F0,3.0,1.5,10,5,0.004,0.006427,0.004983,0.005767704184351459,2.0,4.0,3.425990533543699,0,0.6088,278.8908166656
main_campaign_default_alpha_0_01,test5_ablacao,CIFAR10,0.01,70,E1L1F0,3.0,1.5,10,5,0.004001,0.00574,0.005,0.005127605564320793,2.0,4.0,3.2061509744227905,0,0.398,260.994902016
main_campaign_default_alpha_0_01,test5_ablacao,CIFAR10,0.01,71,E1L1F0,3.0,1.5,10,5,0.004002,0.00621,0.004222,0.0053942085240655975,2.0,4.0,3.0909737345006887,0,0.5008,251.62455552
main_campaign_default_alpha_0_01,test5_ablacao,CIFAR10,0.01,42,E1L1F1,3.0,1.5,10,5,0.004001,0.005931,0.005061,0.005426528343814583,2.0,4.0,3.278149374458345,0,0.6372,266.855890944
main_campaign_default_alpha_0_01,test5_ablacao,CIFAR10,0.01,43,E1L1F1,3.0,1.5,10,5,0.004002,0.006179,0.005004,0.005316269105130998,2.0,4.0,3.175573876136086,0,0.508,258.5057906688
main_campaign_default_alpha_0_01,test5_ablacao,CIFAR10,0.01,44,E1L1F1,3.0,1.5,10,5,0.004,0.006074,0.0052,0.005484446103593094,2.0,4.0,3.2946470235317644,0,0.6029,268.2107923968
main_campaign_default_alpha_0_01,test5_ablacao,CIFAR10,0.01,45,E1L1F1,3.0,1.5,10,5,0.004,0.005872,0.005,0.0053017574552242114,2.0,4.0,3.1339718234745124,0,0.5867,255.124868352
main_campaign_default_alpha_0_01,test5_ablacao,CIFAR10,0.01,46,E1L1F1,3.0,1.5,10,5,0.004,0.006667,0.0048354999999999995,0.005834585044444444,2.0,4.0,3.3,1,0.5761,268.6286592
main_campaign_default_alpha_0_01,test5_ablacao,CIFAR10,0.01,47,E1L1F1,3.0,1.5,10,5,0.004127,0.006204,0.004997,0.005346866053374219,2.0,4.0,3.295024776126036,0,0.5709,268.2415444992
main_campaign_default_alpha_0_01,test5_ablacao,CIFAR10,0.01,48,E1L1F1,3.0,1.5,10,5,0.005001,0.005709,0.0053355,0.005416497966711851,3.0,3.0,3.0,1,0.5553,244.2132988416
main_campaign_default_alpha_0_01,test5_ablacao,CIFAR10,0.01,49,E1L1F1,3.0,1.5,10,5,0.004246,0.005945,0.005,0.005361977645934716,2.0,4.0,3.1294580361309245,0,0.5382,254.763078912
main_campaign_default_alpha_0_01,test5_ablacao,CIFAR10,0.01,50,E1L1F1,3.0,1.5,10,5,0.004001,0.006843,0.004003,0.005759730767521444,2.0,4.0,3.218434736233945,0,0.5983,262.0006766592
main_campaign_default_alpha_0_01,test5_ablacao,CIFAR10,0.01,51,E1L1F1,3.0,1.5,10,5,0.004001,0.006202,0.005339,0.005584555387658051,2.0,4.0,3.2999711117530723,1,0.5866,268.6322770944
main_campaign_default_alpha_0_01,test5_ablacao,CIFAR10,0.01,52,E1L1F1,3.0,1.5,10,5,0.004009,0.006202,0.0054915,0.005738714450789982,2.0,4.0,3.64480789315793,1,0.5848,296.703519744
main_campaign_default_alpha_0_01,test5_ablacao,CIFAR10,0.01,53,E1L1F1,3.0,1.5,10,5,0.004,0.00575,0.005666,0.005529706257499666,2.0,4.0,3.1939691569263586,0,0.6005,260.009025792
main_campaign_default_alpha_0_01,test5_ablacao,CIFAR10,0.01,54,E1L1F1,3.0,1.5,10,5,0.004001,0.006045,0.005001,0.005513622683436292,2.0,4.0,3.4972001244389137,0,0.545,284.6939192832
main_campaign_default_alpha_0_01,test5_ablacao,CIFAR10,0.01,55,E1L1F1,3.0,1.5,10,5,0.004,0.00638,0.004012,0.005830831203751028,2.0,4.0,3.599075576098309,0,0.5819,292.9807064064
main_campaign_default_alpha_0_01,test5_ablacao,CIFAR10,0.01,56,E1L1F1,3.0,1.5,10,5,0.004222,0.00567,0.005007,0.005170631757882808,2.0,3.0,2.9061173699531144,0,0.5889,236.5813506048
main_campaign_default_alpha_0_01,test5_ablacao,CIFAR10,0.01,57,E1L1F1,3.0,1.5,10,5,0.005,0.006202,0.0050185,0.005485419101797738,3.0,4.0,3.397613386369192,1,0.5519,276.5807910912
main_campaign_default_alpha_0_01,test5_ablacao,CIFAR10,0.01,58,E1L1F1,3.0,1.5,10,5,0.004001,0.00567,0.005002,0.005167839251588818,2.0,3.0,2.9000044442469224,0,0.5006,236.0784632832
main_campaign_default_alpha_0_01,test5_ablacao,CIFAR10,0.01,59,E1L1F1,3.0,1.5,10,5,0.004004,0.006202,0.005066,0.005579855876274915,2.0,4.0,3.297691265026776,0,0.5573,268.4586181632
main_campaign_default_alpha_0_01,test5_ablacao,CIFAR10,0.01,60,E1L1F1,3.0,1.5,10,5,0.004,0.006201,0.005,0.005292016110395094,2.0,4.0,3.1937913870494645,0,0.5441,259.9945542144
main_campaign_default_alpha_0_01,test5_ablacao,CIFAR10,0.01,61,E1L1F1,3.0,1.5,10,5,0.004111,0.006202,0.00501,0.005489143123791746,2.0,4.0,3.394440370641957,0,0.5469,276.334774272
main_campaign_default_alpha_0_01,test5_ablacao,CIFAR10,0.01,62,E1L1F1,3.0,1.5,10,5,0.004001,0.006282,0.005,0.005615704413137195,2.0,4.0,3.3062530554197593,0,0.5635,269.1496359936
main_campaign_default_alpha_0_01,test5_ablacao,CIFAR10,0.01,63,E1L1F1,3.0,1.5,10,5,0.004001,0.00593,0.005001,0.0052949596017954756,2.0,4.0,3.207146349051153,0,0.5679,261.0817314816
main_campaign_default_alpha_0_01,test5_ablacao,CIFAR10,0.01,64,E1L1F1,3.0,1.5,10,5,0.004001,0.00567,0.005001,0.005101784498466735,2.0,3.0,2.9000933291853697,0,0.5191,236.085699072
main_campaign_default_alpha_0_01,test5_ablacao,CIFAR10,0.01,65,E1L1F1,3.0,1.5,10,5,0.004,0.006173,0.005342,0.005437091240389315,2.0,4.0,3.1527043242522557,0,0.5814,256.6498108416
main_campaign_default_alpha_0_01,test5_ablacao,CIFAR10,0.01,66,E1L1F1,3.0,1.5,10,5,0.004382,0.006202,0.00533,0.005629750949936671,2.0,4.0,3.306224029509144,0,0.6302,269.153253888
main_campaign_default_alpha_0_01,test5_ablacao,CIFAR10,0.01,67,E1L1F1,3.0,1.5,10,5,0.004,0.006667,0.004017,0.005533816256693998,2.0,4.0,3.1976757105081886,0,0.5048,260.316546816
main_campaign_default_alpha_0_01,test5_ablacao,CIFAR10,0.01,68,E1L1F1,3.0,1.5,10,5,0.004001,0.00567,0.005001,0.005101510421759033,2.0,3.0,2.9000044442469224,0,0.4953,236.0784632832
main_campaign_default_alpha_0_01,test5_ablacao,CIFAR10,0.01,69,E1L1F1,3.0,1.5,10,5,0.004,0.006427,0.004983,0.005767704184351459,2.0,4.0,3.425990533543699,0,0.6154,278.8908166656
main_campaign_default_alpha_0_01,test5_ablacao,CIFAR10,0.01,70,E1L1F1,3.0,1.5,10,5,0.004001,0.00574,0.005,0.005127605564320793,2.0,4.0,3.2061509744227905,0,0.5272,260.994902016
main_campaign_default_alpha_0_01,test5_ablacao,CIFAR10,0.01,71,E1L1F1,3.0,1.5,10,5,0.004002,0.00621,0.004222,0.0053942085240655975,2.0,4.0,3.0909737345006887,0,0.4994,251.62455552
main_campaign_default_alpha_0_01,test6_calibracao,CIFAR10,0.01,42,E1L1F1,1.0,0.5,10,5,0.006668,0.008139,0.007545,0.007789202373280594,4.0,5.0,4.325014999666674,0,0.631,352.075393536
main_campaign_default_alpha_0_01,test6_calibracao,CIFAR10,0.01,43,E1L1F1,1.0,0.5,10,5,0.006668,0.008291,0.007503,0.007684279393791249,4.0,5.0,4.37643607919824,0,0.5229,356.2612973568
main_campaign_default_alpha_0_01,test6_calibracao,CIFAR10,0.01,44,E1L1F1,1.0,0.5,10,5,0.006667,0.008227,0.007647,0.00781972866253361,4.0,5.0,4.34724351709886,0,0.5527,353.9006212608
main_campaign_default_alpha_0_01,test6_calibracao,CIFAR10,0.01,45,E1L1F1,1.0,0.5,10,5,0.006667,0.008101,0.0075,0.007686001577707657,4.0,5.0,4.318696946802365,0,0.5699,351.56888832
main_campaign_default_alpha_0_01,test6_calibracao,CIFAR10,0.01,46,E1L1F1,1.0,0.5,10,5,0.006667,0.008572,0.007319000000000001,0.008010684377777778,4.0,5.0,4.500022222222222,1,0.5594,366.3136169472
main_campaign_default_alpha_0_01,test6_calibracao,CIFAR10,0.01,47,E1L1F1,1.0,0.5,10,5,0.006783,0.008306,0.007498,0.00771362046974646,4.0,5.0,4.399928893629314,0,0.581,358.189635072
main_campaign_default_alpha_0_01,test6_calibracao,CIFAR10,0.01,48,E1L1F1,1.0,0.5,10,5,0.0075,0.007997,0.007736,0.007792283327037177,4.0,4.0,4.0,1,0.5697,325.6177317888
main_campaign_default_alpha_0_01,test6_calibracao,CIFAR10,0.01,49,E1L1F1,1.0,0.5,10,5,0.006888,0.008147,0.0075,0.007735588449658912,4.0,5.0,4.3258893851521005,0,0.5409,352.1622230016
main_campaign_default_alpha_0_01,test6_calibracao,CIFAR10,0.01,50,E1L1F1,1.0,0.5,10,5,0.006667,0.008667,0.006669,0.007937992089240477,4.0,5.0,4.485578418736945,0,0.5707,365.154081792
main_campaign_default_alpha_0_01,test6_calibracao,CIFAR10,0.01,51,E1L1F1,1.0,0.5,10,5,0.006667,0.008305,0.007738,0.0078816468745139,4.0,5.0,4.399991111308638,1,0.5392,358.1787813888
main_campaign_default_alpha_0_01,test6_calibracao,CIFAR10,0.01,52,E1L1F1,1.0,0.5,10,5,0.006675,0.008305,0.007829,0.007980029821559521,4.0,5.0,4.74513899691118,1,0.575,386.2753492992
main_campaign_default_alpha_0_01,test6_calibracao,CIFAR10,0.01,53,E1L1F1,1.0,0.5,10,5,0.006667,0.008023,0.007969,0.007861544509132927,4.0,5.0,4.306986356161948,0,0.5715,350.6155731456
main_campaign_default_alpha_0_01,test6_calibracao,CIFAR10,0.01,54,E1L1F1,1.0,0.5,10,5,0.006667,0.00821,0.007501,0.007826234722901204,4.0,5.0,4.6485933958490735,0,0.5289,378.4245184512
main_campaign_default_alpha_0_01,test6_calibracao,CIFAR10,0.01,55,E1L1F1,1.0,0.5,10,5,0.006667,0.00841,0.006678,0.008018418190706873,4.0,5.0,4.799537788049155,0,0.5939,390.7036520448
main_campaign_default_alpha_0_01,test6_calibracao,CIFAR10,0.01,56,E1L1F1,1.0,0.5,10,5,0.006868,0.007971,0.007505,0.007613234273270671,4.0,4.0,4.0,0,0.5526,325.6322033664
main_campaign_default_alpha_0_01,test6_calibracao,CIFAR10,0.01,57,E1L1F1,1.0,0.5,10,5,0.0075,0.008305,0.007514,0.007825745227883825,4.0,5.0,4.3976133863691915,1,0.4798,357.9852240384
main_campaign_default_alpha_0_01,test6_calibracao,CIFAR10,0.01,58,E1L1F1,1.0,0.5,10,5,0.006667,0.007971,0.007502,0.007606489844895782,4.0,4.0,4.0,0,0.4955,325.6249675776
main_campaign_default_alpha_0_01,test6_calibracao,CIFAR10,0.01,59,E1L1F1,1.0,0.5,10,5,0.006671,0.008305,0.007549,0.007878929982445614,4.0,5.0,4.3973068462102525,0,0.534,357.9761793024
main_campaign_default_alpha_0_01,test6_calibracao,CIFAR10,0.01,60,E1L1F1,1.0,0.5,10,5,0.006667,0.008304,0.0075,0.007664025198880051,4.0,5.0,4.393826941024844,0,0.502,357.6849388032
main_campaign_default_alpha_0_01,test6_calibracao,CIFAR10,0.01,61,E1L1F1,1.0,0.5,10,5,0.006768,0.008305,0.007507,0.007828326733773304,4.0,5.0,4.39608470546408,0,0.5166,357.8766872064
main_campaign_default_alpha_0_01,test6_calibracao,CIFAR10,0.01,62,E1L1F1,1.0,0.5,10,5,0.006667,0.008352,0.0075,0.007899596773476734,4.0,5.0,4.408559619572463,0,0.5495,358.8842707968
main_campaign_default_alpha_0_01,test6_calibracao,CIFAR10,0.01,63,E1L1F1,1.0,0.5,10,5,0.006667,0.008138,0.0075,0.007683787653882049,4.0,5.0,4.307164126038843,0,0.5463,350.6300447232
main_campaign_default_alpha_0_01,test6_calibracao,CIFAR10,0.01,64,E1L1F1,1.0,0.5,10,5,0.006667,0.007971,0.007501,0.007558471579040932,4.0,4.0,4.0,0,0.4663,325.6249675776
main_campaign_default_alpha_0_01,test6_calibracao,CIFAR10,0.01,65,E1L1F1,1.0,0.5,10,5,0.006667,0.008287,0.007748,0.007776850139993777,4.0,5.0,4.372005688636061,0,0.5779,355.9085526528
main_campaign_default_alpha_0_01,test6_calibracao,CIFAR10,0.01,66,E1L1F1,1.0,0.5,10,5,0.007006,0.008305,0.007739,0.007924297157967247,4.0,5.0,4.399973335110992,0,0.6294,358.1932529664
main_campaign_default_alpha_0_01,test6_calibracao,CIFAR10,0.01,67,E1L1F1,1.0,0.5,10,5,0.006667,0.008571,0.006682,0.007786503122014089,4.0,5.0,4.4988334111059265,0,0.4958,366.2412590592
main_campaign_default_alpha_0_01,test6_calibracao,CIFAR10,0.01,68,E1L1F1,1.0,0.5,10,5,0.006667,0.007971,0.007501,0.007558407915203769,4.0,4.0,4.0,0,0.4483,325.6249675776
main_campaign_default_alpha_0_01,test6_calibracao,CIFAR10,0.01,69,E1L1F1,1.0,0.5,10,5,0.006667,0.008437,0.007487,0.008008841825737205,4.0,5.0,4.426012755272105,0,0.5845,360.29705856
main_campaign_default_alpha_0_01,test6_calibracao,CIFAR10,0.01,70,E1L1F1,1.0,0.5,10,5,0.006668,0.008017,0.0075,0.007575836181418191,4.0,5.0,4.306215417435168,0,0.5054,350.5450242048
main_campaign_default_alpha_0_01,test6_calibracao,CIFAR10,0.01,71,E1L1F1,1.0,0.5,10,5,0.006668,0.00831,0.006867,0.007725714701568819,4.0,5.0,4.400693302519888,0,0.4971,358.243903488
main_campaign_default_alpha_0_01,test6_calibracao,CIFAR10,0.01,42,E1L1F1,1.0,3.0,10,5,0.002501,0.004216,0.003388,0.0037398006488744695,4.0,5.0,4.325014999666674,0,0.639,352.075393536
main_campaign_default_alpha_0_01,test6_calibracao,CIFAR10,0.01,43,E1L1F1,1.0,3.0,10,5,0.002501,0.00447,0.003337,0.0036602487500277774,4.0,5.0,4.37643607919824,0,0.5051,356.2612973568
main_campaign_default_alpha_0_01,test6_calibracao,CIFAR10,0.01,44,E1L1F1,1.0,3.0,10,5,0.0025,0.004361,0.003513,0.0038022414061284807,4.0,5.0,4.34724351709886,0,0.5682,353.9006212608
main_campaign_default_alpha_0_01,test6_calibracao,CIFAR10,0.01,45,E1L1F1,1.0,3.0,10,5,0.0025,0.004156,0.003333,0.003634528109861784,4.0,5.0,4.318696946802365,0,0.5719,351.56888832
main_campaign_default_alpha_0_01,test6_calibracao,CIFAR10,0.01,46,E1L1F1,1.0,3.0,10,5,0.0025,0.005,0.003228,0.004186790844444444,4.0,5.0,4.500022222222222,1,0.5611,366.3136169472
main_campaign_default_alpha_0_01,test6_calibracao,CIFAR10,0.01,47,E1L1F1,1.0,3.0,10,5,0.0026,0.004497,0.003331,0.0036843179788014135,4.0,5.0,4.399928893629314,0,0.5838,358.189635072
main_campaign_default_alpha_0_01,test6_calibracao,CIFAR10,0.01,48,E1L1F1,1.0,3.0,10,5,0.003334,0.003995,0.0036455,0.003721438790249106,4.0,4.0,4.0,1,0.5568,325.6177317888
main_campaign_default_alpha_0_01,test6_calibracao,CIFAR10,0.01,49,E1L1F1,1.0,3.0,10,5,0.002695,0.00423,0.003334,0.0036861472568495437,4.0,5.0,4.3258893851521005,0,0.5212,352.1622230016
main_campaign_default_alpha_0_01,test6_calibracao,CIFAR10,0.01,50,E1L1F1,1.0,3.0,10,5,0.0025,0.005201,0.002502,0.0041388304075374435,4.0,5.0,4.485578418736945,0,0.6054,365.154081792
main_campaign_default_alpha_0_01,test6_calibracao,CIFAR10,0.01,51,E1L1F1,1.0,3.0,10,5,0.0025,0.004495,0.0036485000000000003,0.0039040322215061892,4.0,5.0,4.399991111308638,1,0.5675,358.1787813888
main_campaign_default_alpha_0_01,test6_calibracao,CIFAR10,0.01,52,E1L1F1,1.0,3.0,10,5,0.002507,0.004495,0.0038075,0.004058245261216417,4.0,5.0,4.74513899691118,1,0.5577,386.2753492992
main_campaign_default_alpha_0_01,test6_calibracao,CIFAR10,0.01,53,E1L1F1,1.0,3.0,10,5,0.0025,0.004035,0.003953,0.003834633305186436,4.0,5.0,4.306986356161948,0,0.5976,350.6155731456
main_campaign_default_alpha_0_01,test6_calibracao,CIFAR10,0.01,54,E1L1F1,1.0,3.0,10,5,0.0025,0.004332,0.003334,0.003841633771832363,4.0,5.0,4.6485933958490735,0,0.5447,378.4245184512
main_campaign_default_alpha_0_01,test6_calibracao,CIFAR10,0.01,55,E1L1F1,1.0,3.0,10,5,0.0025,0.004685,0.002509,0.004169684451456634,4.0,5.0,4.799537788049155,0,0.5702,390.7036520448
main_campaign_default_alpha_0_01,test6_calibracao,CIFAR10,0.01,56,E1L1F1,1.0,3.0,10,5,0.002676,0.003957,0.003339,0.003497171166366687,4.0,4.0,4.0,0,0.5474,325.6322033664
main_campaign_default_alpha_0_01,test6_calibracao,CIFAR10,0.01,57,E1L1F1,1.0,3.0,10,5,0.003333,0.004495,0.00335,0.0038019050909979778,4.0,5.0,4.3976133863691915,1,0.5074,357.9852240384
main_campaign_default_alpha_0_01,test6_calibracao,CIFAR10,0.01,58,E1L1F1,1.0,3.0,10,5,0.0025,0.003957,0.003335,0.0034978456290831518,4.0,4.0,4.0,0,0.5192,325.6249675776
main_campaign_default_alpha_0_01,test6_calibracao,CIFAR10,0.01,59,E1L1F1,1.0,3.0,10,5,0.002503,0.004495,0.003392,0.0038996451792102744,4.0,5.0,4.3973068462102525,0,0.5637,357.9761793024
main_campaign_default_alpha_0_01,test6_calibracao,CIFAR10,0.01,60,E1L1F1,1.0,3.0,10,5,0.0025,0.004493,0.003334,0.0036405197768988045,4.0,5.0,4.393826941024844,0,0.5161,357.6849388032
main_campaign_default_alpha_0_01,test6_calibracao,CIFAR10,0.01,61,E1L1F1,1.0,3.0,10,5,0.002587,0.004495,0.003342,0.003805122391840544,4.0,5.0,4.39608470546408,0,0.5564,357.8766872064
main_campaign_default_alpha_0_01,test6_calibracao,CIFAR10,0.01,62,E1L1F1,1.0,3.0,10,5,0.0025,0.00458,0.003333,0.003937973823385627,4.0,5.0,4.408559619572463,0,0.5594,358.8842707968
main_campaign_default_alpha_0_01,test6_calibracao,CIFAR10,0.01,63,E1L1F1,1.0,3.0,10,5,0.0025,0.004215,0.003334,0.003626879338696058,4.0,5.0,4.307164126038843,0,0.568,350.6300447232
main_campaign_default_alpha_0_01,test6_calibracao,CIFAR10,0.01,64,E1L1F1,1.0,3.0,10,5,0.0025,0.003957,0.003334,0.003437569619128038,4.0,4.0,4.0,0,0.4821,325.6249675776
main_campaign_default_alpha_0_01,test6_calibracao,CIFAR10,0.01,65,E1L1F1,1.0,3.0,10,5,0.0025,0.004464,0.003644,0.0037665261543931377,4.0,5.0,4.372005688636061,0,0.5711,355.9085526528
main_campaign_default_alpha_0_01,test6_calibracao,CIFAR10,0.01,66,E1L1F1,1.0,3.0,10,5,0.002806,0.004495,0.003633,0.003938047552385397,4.0,5.0,4.399973335110992,0,0.6292,358.1932529664
main_campaign_default_alpha_0_01,test6_calibracao,CIFAR10,0.01,67,E1L1F1,1.0,3.0,10,5,0.0025,0.005,0.002513,0.00391640550629958,4.0,5.0,4.4988334111059265,0,0.509,366.2412590592
main_campaign_default_alpha_0_01,test6_calibracao,CIFAR10,0.01,68,E1L1F1,1.0,3.0,10,5,0.0025,0.003957,0.003334,0.003437509355139771,4.0,4.0,4.0,0,0.4928,325.6249675776
main_campaign_default_alpha_0_01,test6_calibracao,CIFAR10,0.01,69,E1L1F1,1.0,3.0,10,5,0.0025,0.004735,0.003318,0.004081457323170596,4.0,5.0,4.426012755272105,0,0.6155,360.29705856
main_campaign_default_alpha_0_01,test6_calibracao,CIFAR10,0.01,70,E1L1F1,1.0,3.0,10,5,0.002501,0.004025,0.003334,0.0034628179818226262,4.0,5.0,4.306215417435168,0,0.5094,350.5450242048
main_campaign_default_alpha_0_01,test6_calibracao,CIFAR10,0.01,71,E1L1F1,1.0,3.0,10,5,0.002501,0.004503,0.002676,0.0037438718056975245,4.0,5.0,4.400693302519888,0,0.5141,358.243903488
main_campaign_default_alpha_0_01,test6_calibracao,CIFAR10,0.01,42,E1L1F1,1.0,1.5,10,5,0.004001,0.005931,0.005061,0.005426528343814583,4.0,5.0,4.325014999666674,0,0.6315,352.075393536
main_campaign_default_alpha_0_01,test6_calibracao,CIFAR10,0.01,43,E1L1F1,1.0,1.5,10,5,0.004002,0.006179,0.005004,0.005316269105130998,4.0,5.0,4.37643607919824,0,0.4986,356.2612973568
main_campaign_default_alpha_0_01,test6_calibracao,CIFAR10,0.01,44,E1L1F1,1.0,1.5,10,5,0.004,0.006074,0.0052,0.005484446103593094,4.0,5.0,4.34724351709886,0,0.5634,353.9006212608
main_campaign_default_alpha_0_01,test6_calibracao,CIFAR10,0.01,45,E1L1F1,1.0,1.5,10,5,0.004,0.005872,0.005,0.0053017574552242114,4.0,5.0,4.318696946802365,0,0.5784,351.56888832
main_campaign_default_alpha_0_01,test6_calibracao,CIFAR10,0.01,46,E1L1F1,1.0,1.5,10,5,0.004,0.006667,0.0048354999999999995,0.005834585044444444,4.0,5.0,4.500022222222222,1,0.5755,366.3136169472
main_campaign_default_alpha_0_01,test6_calibracao,CIFAR10,0.01,47,E1L1F1,1.0,1.5,10,5,0.004127,0.006204,0.004997,0.005346866053374219,4.0,5.0,4.399928893629314,0,0.5715,358.189635072
main_campaign_default_alpha_0_01,test6_calibracao,CIFAR10,0.01,48,E1L1F1,1.0,1.5,10,5,0.005001,0.005709,0.0053355,0.005416497966711851,4.0,4.0,4.0,1,0.5537,325.6177317888
main_campaign_default_alpha_0_01,test6_calibracao,CIFAR10,0.01,49,E1L1F1,1.0,1.5,10,5,0.004246,0.005945,0.005,0.005361977645934716,4.0,5.0,4.3258893851521005,0,0.5444,352.1622230016
main_campaign_default_alpha_0_01,test6_calibracao,CIFAR10,0.01,50,E1L1F1,1.0,1.5,10,5,0.004001,0.006843,0.004003,0.005759730767521444,4.0,5.0,4.485578418736945,0,0.6012,365.154081792
main_campaign_default_alpha_0_01,test6_calibracao,CIFAR10,0.01,51,E1L1F1,1.0,1.5,10,5,0.004001,0.006202,0.005339,0.005584555387658051,4.0,5.0,4.399991111308638,1,0.5777,358.1787813888
main_campaign_default_alpha_0_01,test6_calibracao,CIFAR10,0.01,52,E1L1F1,1.0,1.5,10,5,0.004009,0.006202,0.0054915,0.005738714450789982,4.0,5.0,4.74513899691118,1,0.5557,386.2753492992
main_campaign_default_alpha_0_01,test6_calibracao,CIFAR10,0.01,53,E1L1F1,1.0,1.5,10,5,0.004,0.00575,0.005666,0.005529706257499666,4.0,5.0,4.306986356161948,0,0.5535,350.6155731456
main_campaign_default_alpha_0_01,test6_calibracao,CIFAR10,0.01,54,E1L1F1,1.0,1.5,10,5,0.004001,0.006045,0.005001,0.005513622683436292,4.0,5.0,4.6485933958490735,0,0.5524,378.4245184512
main_campaign_default_alpha_0_01,test6_calibracao,CIFAR10,0.01,55,E1L1F1,1.0,1.5,10,5,0.004,0.00638,0.004012,0.005830831203751028,4.0,5.0,4.799537788049155,0,0.5853,390.7036520448
main_campaign_default_alpha_0_01,test6_calibracao,CIFAR10,0.01,56,E1L1F1,1.0,1.5,10,5,0.004222,0.00567,0.005007,0.005170631757882808,4.0,4.0,4.0,0,0.5671,325.6322033664
main_campaign_default_alpha_0_01,test6_calibracao,CIFAR10,0.01,57,E1L1F1,1.0,1.5,10,5,0.005,0.006202,0.0050185,0.005485419101797738,4.0,5.0,4.3976133863691915,1,0.5134,357.9852240384
main_campaign_default_alpha_0_01,test6_calibracao,CIFAR10,0.01,58,E1L1F1,1.0,1.5,10,5,0.004001,0.00567,0.005002,0.005167839251588818,4.0,4.0,4.0,0,0.5289,325.6249675776
main_campaign_default_alpha_0_01,test6_calibracao,CIFAR10,0.01,59,E1L1F1,1.0,1.5,10,5,0.004004,0.006202,0.005066,0.005579855876274915,4.0,5.0,4.3973068462102525,0,0.54,357.9761793024
main_campaign_default_alpha_0_01,test6_calibracao,CIFAR10,0.01,60,E1L1F1,1.0,1.5,10,5,0.004,0.006201,0.005,0.005292016110395094,4.0,5.0,4.393826941024844,0,0.5341,357.6849388032
main_campaign_default_alpha_0_01,test6_calibracao,CIFAR10,0.01,61,E1L1F1,1.0,1.5,10,5,0.004111,0.006202,0.00501,0.005489143123791746,4.0,5.0,4.39608470546408,0,0.5326,357.8766872064
main_campaign_default_alpha_0_01,test6_calibracao,CIFAR10,0.01,62,E1L1F1,1.0,1.5,10,5,0.004001,0.006282,0.005,0.005615704413137195,4.0,5.0,4.408559619572463,0,0.5258,358.8842707968
main_campaign_default_alpha_0_01,test6_calibracao,CIFAR10,0.01,63,E1L1F1,1.0,1.5,10,5,0.004001,0.00593,0.005001,0.0052949596017954756,4.0,5.0,4.307164126038843,0,0.5386,350.6300447232
main_campaign_default_alpha_0_01,test6_calibracao,CIFAR10,0.01,64,E1L1F1,1.0,1.5,10,5,0.004001,0.00567,0.005001,0.005101784498466735,4.0,4.0,4.0,0,0.5095,325.6249675776
main_campaign_default_alpha_0_01,test6_calibracao,CIFAR10,0.01,65,E1L1F1,1.0,1.5,10,5,0.004,0.006173,0.005342,0.005437091240389315,4.0,5.0,4.372005688636061,0,0.5749,355.9085526528
main_campaign_default_alpha_0_01,test6_calibracao,CIFAR10,0.01,66,E1L1F1,1.0,1.5,10,5,0.004382,0.006202,0.00533,0.005629750949936671,4.0,5.0,4.399973335110992,0,0.6401,358.1932529664
main_campaign_default_alpha_0_01,test6_calibracao,CIFAR10,0.01,67,E1L1F1,1.0,1.5,10,5,0.004,0.006667,0.004017,0.005533816256693998,4.0,5.0,4.4988334111059265,0,0.5144,366.2412590592
main_campaign_default_alpha_0_01,test6_calibracao,CIFAR10,0.01,68,E1L1F1,1.0,1.5,10,5,0.004001,0.00567,0.005001,0.005101510421759033,4.0,4.0,4.0,0,0.4805,325.6249675776
main_campaign_default_alpha_0_01,test6_calibracao,CIFAR10,0.01,69,E1L1F1,1.0,1.5,10,5,0.004,0.006427,0.004983,0.005767704184351459,4.0,5.0,4.426012755272105,0,0.6051,360.29705856
main_campaign_default_alpha_0_01,test6_calibracao,CIFAR10,0.01,70,E1L1F1,1.0,1.5,10,5,0.004001,0.00574,0.005,0.005127605564320793,4.0,5.0,4.306215417435168,0,0.5136,350.5450242048
main_campaign_default_alpha_0_01,test6_calibracao,CIFAR10,0.01,71,E1L1F1,1.0,1.5,10,5,0.004002,0.00621,0.004222,0.0053942085240655975,4.0,5.0,4.400693302519888,0,0.531,358.243903488
main_campaign_default_alpha_0_01,test6_calibracao,CIFAR10,0.01,42,E1L1F1,5.0,0.5,10,5,0.006668,0.008139,0.007545,0.007789202373280594,2.0,3.0,2.3250149996666742,0,0.631,189.2665276416
main_campaign_default_alpha_0_01,test6_calibracao,CIFAR10,0.01,43,E1L1F1,5.0,0.5,10,5,0.006668,0.008291,0.007503,0.007684279393791249,2.0,3.0,2.37643607919824,0,0.516,193.4524314624
main_campaign_default_alpha_0_01,test6_calibracao,CIFAR10,0.01,44,E1L1F1,5.0,0.5,10,5,0.006667,0.008227,0.007647,0.00781972866253361,2.0,3.0,2.34724351709886,0,0.5401,191.0845195776
main_campaign_default_alpha_0_01,test6_calibracao,CIFAR10,0.01,45,E1L1F1,5.0,0.5,10,5,0.006667,0.008101,0.0075,0.007686001577707657,2.0,3.0,2.318696946802364,0,0.5726,188.7564045312
main_campaign_default_alpha_0_01,test6_calibracao,CIFAR10,0.01,46,E1L1F1,5.0,0.5,10,5,0.006667,0.008572,0.007319000000000001,0.008010684377777778,2.0,3.0,2.5000222222222224,1,0.5799,203.5083689472
main_campaign_default_alpha_0_01,test6_calibracao,CIFAR10,0.01,47,E1L1F1,5.0,0.5,10,5,0.006783,0.008306,0.007498,0.00771362046974646,2.0,3.0,2.3999288936293137,0,0.5563,195.3735333888
main_campaign_default_alpha_0_01,test6_calibracao,CIFAR10,0.01,48,E1L1F1,5.0,0.5,10,5,0.0075,0.007997,0.007736,0.007792283327037177,2.0,2.0,2.0,1,0.5337,162.8088658944
main_campaign_default_alpha_0_01,test6_calibracao,CIFAR10,0.01,49,E1L1F1,5.0,0.5,10,5,0.006888,0.008147,0.0075,0.007735588449658912,2.0,3.0,2.325889385152101,0,0.5558,189.3461213184
main_campaign_default_alpha_0_01,test6_calibracao,CIFAR10,0.01,50,E1L1F1,5.0,0.5,10,5,0.006667,0.008667,0.006669,0.007937992089240477,2.0,3.0,2.485578418736945,0,0.5992,202.3415980032
main_campaign_default_alpha_0_01,test6_calibracao,CIFAR10,0.01,51,E1L1F1,5.0,0.5,10,5,0.006667,0.008305,0.007738,0.0078816468745139,2.0,3.0,2.3999911113086374,1,0.5901,195.3699154944
main_campaign_default_alpha_0_01,test6_calibracao,CIFAR10,0.01,52,E1L1F1,5.0,0.5,10,5,0.006675,0.008305,0.007829,0.007980029821559521,2.0,3.0,2.7451389969111797,1,0.5716,223.4664834048
main_campaign_default_alpha_0_01,test6_calibracao,CIFAR10,0.01,53,E1L1F1,5.0,0.5,10,5,0.006667,0.008023,0.007969,0.007861544509132927,2.0,3.0,2.306986356161948,0,0.5873,187.8030893568
main_campaign_default_alpha_0_01,test6_calibracao,CIFAR10,0.01,54,E1L1F1,5.0,0.5,10,5,0.006667,0.00821,0.007501,0.007826234722901204,2.0,3.0,2.6485933958490735,0,0.5383,215.6120346624
main_campaign_default_alpha_0_01,test6_calibracao,CIFAR10,0.01,55,E1L1F1,5.0,0.5,10,5,0.006667,0.00841,0.006678,0.008018418190706873,2.0,3.0,2.7995377880491543,0,0.6096,227.8947861504
main_campaign_default_alpha_0_01,test6_calibracao,CIFAR10,0.01,56,E1L1F1,5.0,0.5,10,5,0.006868,0.007971,0.007505,0.007613234273270671,2.0,2.0,2.0,0,0.5568,162.8161016832
main_campaign_default_alpha_0_01,test6_calibracao,CIFAR10,0.01,57,E1L1F1,5.0,0.5,10,5,0.0075,0.008305,0.007514,0.007825745227883825,2.0,3.0,2.397613386369192,1,0.5532,195.176358144
main_campaign_default_alpha_0_01,test6_calibracao,CIFAR10,0.01,58,E1L1F1,5.0,0.5,10,5,0.006667,0.007971,0.007502,0.007606489844895782,2.0,2.0,2.0,0,0.4946,162.8124837888
main_campaign_default_alpha_0_01,test6_calibracao,CIFAR10,0.01,59,E1L1F1,5.0,0.5,10,5,0.006671,0.008305,0.007549,0.007878929982445614,2.0,3.0,2.3973068462102525,0,0.5609,195.1600776192
main_campaign_default_alpha_0_01,test6_calibracao,CIFAR10,0.01,60,E1L1F1,5.0,0.5,10,5,0.006667,0.008304,0.0075,0.007664025198880051,2.0,3.0,2.393826941024843,0,0.5222,194.8724550144
main_campaign_default_alpha_0_01,test6_calibracao,CIFAR10,0.01,61,E1L1F1,5.0,0.5,10,5,0.006768,0.008305,0.007507,0.007828326733773304,2.0,3.0,2.39608470546408,0,0.572,195.0605855232
main_campaign_default_alpha_0_01,test6_calibracao,CIFAR10,0.01,62,E1L1F1,5.0,0.5,10,5,0.006667,0.008352,0.0075,0.007899596773476734,2.0,3.0,2.4085596195724635,0,0.5666,196.071787008
main_campaign_default_alpha_0_01,test6_calibracao,CIFAR10,0.01,63,E1L1F1,5.0,0.5,10,5,0.006667,0.008138,0.0075,0.007683787653882049,2.0,3.0,2.3071641260388427,0,0.5526,187.8175609344
main_campaign_default_alpha_0_01,test6_calibracao,CIFAR10,0.01,64,E1L1F1,5.0,0.5,10,5,0.006667,0.007971,0.007501,0.007558471579040932,2.0,2.0,2.0,0,0.4722,162.8124837888
main_campaign_default_alpha_0_01,test6_calibracao,CIFAR10,0.01,65,E1L1F1,5.0,0.5,10,5,0.006667,0.008287,0.007748,0.007776850139993777,2.0,3.0,2.3720056886360608,0,0.5825,193.096068864
main_campaign_default_alpha_0_01,test6_calibracao,CIFAR10,0.01,66,E1L1F1,5.0,0.5,10,5,0.007006,0.008305,0.007739,0.007924297157967247,2.0,3.0,2.3999733351109924,0,0.6341,195.3771512832
main_campaign_default_alpha_0_01,test6_calibracao,CIFAR10,0.01,67,E1L1F1,5.0,0.5,10,5,0.006667,0.008571,0.006682,0.007786503122014089,2.0,3.0,2.498833411105926,0,0.5194,203.425157376
main_campaign_default_alpha_0_01,test6_calibracao,CIFAR10,0.01,68,E1L1F1,5.0,0.5,10,5,0.006667,0.007971,0.007501,0.007558407915203769,2.0,2.0,2.0,0,0.4556,162.8124837888
main_campaign_default_alpha_0_01,test6_calibracao,CIFAR10,0.01,69,E1L1F1,5.0,0.5,10,5,0.006667,0.008437,0.007487,0.008008841825737205,2.0,3.0,2.426012755272105,0,0.624,197.4881926656
main_campaign_default_alpha_0_01,test6_calibracao,CIFAR10,0.01,70,E1L1F1,5.0,0.5,10,5,0.006668,0.008017,0.0075,0.007575836181418191,2.0,3.0,2.306215417435168,0,0.5223,187.7361583104
main_campaign_default_alpha_0_01,test6_calibracao,CIFAR10,0.01,71,E1L1F1,5.0,0.5,10,5,0.006668,0.00831,0.006867,0.007725714701568819,2.0,3.0,2.400693302519888,0,0.5092,195.4314196992
main_campaign_default_alpha_0_01,test6_calibracao,CIFAR10,0.01,42,E1L1F1,5.0,3.0,10,5,0.002501,0.004216,0.003388,0.0037398006488744695,2.0,3.0,2.3250149996666742,0,0.6517,189.2665276416
main_campaign_default_alpha_0_01,test6_calibracao,CIFAR10,0.01,43,E1L1F1,5.0,3.0,10,5,0.002501,0.00447,0.003337,0.0036602487500277774,2.0,3.0,2.37643607919824,0,0.4937,193.4524314624
main_campaign_default_alpha_0_01,test6_calibracao,CIFAR10,0.01,44,E1L1F1,5.0,3.0,10,5,0.0025,0.004361,0.003513,0.0038022414061284807,2.0,3.0,2.34724351709886,0,0.5741,191.0845195776
main_campaign_default_alpha_0_01,test6_calibracao,CIFAR10,0.01,45,E1L1F1,5.0,3.0,10,5,0.0025,0.004156,0.003333,0.003634528109861784,2.0,3.0,2.318696946802364,0,0.5744,188.7564045312
main_campaign_default_alpha_0_01,test6_calibracao,CIFAR10,0.01,46,E1L1F1,5.0,3.0,10,5,0.0025,0.005,0.003228,0.004186790844444444,2.0,3.0,2.5000222222222224,1,0.5604,203.5083689472
main_campaign_default_alpha_0_01,test6_calibracao,CIFAR10,0.01,47,E1L1F1,5.0,3.0,10,5,0.0026,0.004497,0.003331,0.0036843179788014135,2.0,3.0,2.3999288936293137,0,0.5705,195.3735333888
main_campaign_default_alpha_0_01,test6_calibracao,CIFAR10,0.01,48,E1L1F1,5.0,3.0,10,5,0.003334,0.003995,0.0036455,0.003721438790249106,2.0,2.0,2.0,1,0.5466,162.8088658944
main_campaign_default_alpha_0_01,test6_calibracao,CIFAR10,0.01,49,E1L1F1,5.0,3.0,10,5,0.002695,0.00423,0.003334,0.0036861472568495437,2.0,3.0,2.325889385152101,0,0.5437,189.3461213184
main_campaign_default_alpha_0_01,test6_calibracao,CIFAR10,0.01,50,E1L1F1,5.0,3.0,10,5,0.0025,0.005201,0.002502,0.0041388304075374435,2.0,3.0,2.485578418736945,0,0.6114,202.3415980032
main_campaign_default_alpha_0_01,test6_calibracao,CIFAR10,0.01,51,E1L1F1,5.0,3.0,10,5,0.0025,0.004495,0.0036485000000000003,0.0039040322215061892,2.0,3.0,2.3999911113086374,1,0.574,195.3699154944
main_campaign_default_alpha_0_01,test6_calibracao,CIFAR10,0.01,52,E1L1F1,5.0,3.0,10,5,0.002507,0.004495,0.0038075,0.004058245261216417,2.0,3.0,2.7451389969111797,1,0.5578,223.4664834048
main_campaign_default_alpha_0_01,test6_calibracao,CIFAR10,0.01,53,E1L1F1,5.0,3.0,10,5,0.0025,0.004035,0.003953,0.003834633305186436,2.0,3.0,2.306986356161948,0,0.5656,187.8030893568
main_campaign_default_alpha_0_01,test6_calibracao,CIFAR10,0.01,54,E1L1F1,5.0,3.0,10,5,0.0025,0.004332,0.003334,0.003841633771832363,2.0,3.0,2.6485933958490735,0,0.5257,215.6120346624
main_campaign_default_alpha_0_01,test6_calibracao,CIFAR10,0.01,55,E1L1F1,5.0,3.0,10,5,0.0025,0.004685,0.002509,0.004169684451456634,2.0,3.0,2.7995377880491543,0,0.5926,227.8947861504
main_campaign_default_alpha_0_01,test6_calibracao,CIFAR10,0.01,56,E1L1F1,5.0,3.0,10,5,0.002676,0.003957,0.003339,0.003497171166366687,2.0,2.0,2.0,0,0.5596,162.8161016832
main_campaign_default_alpha_0_01,test6_calibracao,CIFAR10,0.01,57,E1L1F1,5.0,3.0,10,5,0.003333,0.004495,0.00335,0.0038019050909979778,2.0,3.0,2.397613386369192,1,0.5237,195.176358144
main_campaign_default_alpha_0_01,test6_calibracao,CIFAR10,0.01,58,E1L1F1,5.0,3.0,10,5,0.0025,0.003957,0.003335,0.0034978456290831518,2.0,2.0,2.0,0,0.5028,162.8124837888
main_campaign_default_alpha_0_01,test6_calibracao,CIFAR10,0.01,59,E1L1F1,5.0,3.0,10,5,0.002503,0.004495,0.003392,0.0038996451792102744,2.0,3.0,2.3973068462102525,0,0.5364,195.1600776192
main_campaign_default_alpha_0_01,test6_calibracao,CIFAR10,0.01,60,E1L1F1,5.0,3.0,10,5,0.0025,0.004493,0.003334,0.0036405197768988045,2.0,3.0,2.393826941024843,0,0.52,194.8724550144
main_campaign_default_alpha_0_01,test6_calibracao,CIFAR10,0.01,61,E1L1F1,5.0,3.0,10,5,0.002587,0.004495,0.003342,0.003805122391840544,2.0,3.0,2.39608470546408,0,0.5141,195.0605855232
main_campaign_default_alpha_0_01,test6_calibracao,CIFAR10,0.01,62,E1L1F1,5.0,3.0,10,5,0.0025,0.00458,0.003333,0.003937973823385627,2.0,3.0,2.4085596195724635,0,0.5498,196.071787008
main_campaign_default_alpha_0_01,test6_calibracao,CIFAR10,0.01,63,E1L1F1,5.0,3.0,10,5,0.0025,0.004215,0.003334,0.003626879338696058,2.0,3.0,2.3071641260388427,0,0.5593,187.8175609344
main_campaign_default_alpha_0_01,test6_calibracao,CIFAR10,0.01,64,E1L1F1,5.0,3.0,10,5,0.0025,0.003957,0.003334,0.003437569619128038,2.0,2.0,2.0,0,0.5069,162.8124837888
main_campaign_default_alpha_0_01,test6_calibracao,CIFAR10,0.01,65,E1L1F1,5.0,3.0,10,5,0.0025,0.004464,0.003644,0.0037665261543931377,2.0,3.0,2.3720056886360608,0,0.5688,193.096068864
main_campaign_default_alpha_0_01,test6_calibracao,CIFAR10,0.01,66,E1L1F1,5.0,3.0,10,5,0.002806,0.004495,0.003633,0.003938047552385397,2.0,3.0,2.3999733351109924,0,0.6092,195.3771512832
main_campaign_default_alpha_0_01,test6_calibracao,CIFAR10,0.01,67,E1L1F1,5.0,3.0,10,5,0.0025,0.005,0.002513,0.00391640550629958,2.0,3.0,2.498833411105926,0,0.5109,203.425157376
main_campaign_default_alpha_0_01,test6_calibracao,CIFAR10,0.01,68,E1L1F1,5.0,3.0,10,5,0.0025,0.003957,0.003334,0.003437509355139771,2.0,2.0,2.0,0,0.5002,162.8124837888
main_campaign_default_alpha_0_01,test6_calibracao,CIFAR10,0.01,69,E1L1F1,5.0,3.0,10,5,0.0025,0.004735,0.003318,0.004081457323170596,2.0,3.0,2.426012755272105,0,0.6046,197.4881926656
main_campaign_default_alpha_0_01,test6_calibracao,CIFAR10,0.01,70,E1L1F1,5.0,3.0,10,5,0.002501,0.004025,0.003334,0.0034628179818226262,2.0,3.0,2.306215417435168,0,0.5101,187.7361583104
main_campaign_default_alpha_0_01,test6_calibracao,CIFAR10,0.01,71,E1L1F1,5.0,3.0,10,5,0.002501,0.004503,0.002676,0.0037438718056975245,2.0,3.0,2.400693302519888,0,0.5059,195.4314196992
main_campaign_default_alpha_0_01,test6_calibracao,CIFAR10,0.01,42,E1L1F1,5.0,1.5,10,5,0.004001,0.005931,0.005061,0.005426528343814583,2.0,3.0,2.3250149996666742,0,0.6289,189.2665276416
main_campaign_default_alpha_0_01,test6_calibracao,CIFAR10,0.01,43,E1L1F1,5.0,1.5,10,5,0.004002,0.006179,0.005004,0.005316269105130998,2.0,3.0,2.37643607919824,0,0.5253,193.4524314624
main_campaign_default_alpha_0_01,test6_calibracao,CIFAR10,0.01,44,E1L1F1,5.0,1.5,10,5,0.004,0.006074,0.0052,0.005484446103593094,2.0,3.0,2.34724351709886,0,0.5869,191.0845195776
main_campaign_default_alpha_0_01,test6_calibracao,CIFAR10,0.01,45,E1L1F1,5.0,1.5,10,5,0.004,0.005872,0.005,0.0053017574552242114,2.0,3.0,2.318696946802364,0,0.5742,188.7564045312
main_campaign_default_alpha_0_01,test6_calibracao,CIFAR10,0.01,46,E1L1F1,5.0,1.5,10,5,0.004,0.006667,0.0048354999999999995,0.005834585044444444,2.0,3.0,2.5000222222222224,1,0.5943,203.5083689472
main_campaign_default_alpha_0_01,test6_calibracao,CIFAR10,0.01,47,E1L1F1,5.0,1.5,10,5,0.004127,0.006204,0.004997,0.005346866053374219,2.0,3.0,2.3999288936293137,0,0.5624,195.3735333888
main_campaign_default_alpha_0_01,test6_calibracao,CIFAR10,0.01,48,E1L1F1,5.0,1.5,10,5,0.005001,0.005709,0.0053355,0.005416497966711851,2.0,2.0,2.0,1,0.5589,162.8088658944
main_campaign_default_alpha_0_01,test6_calibracao,CIFAR10,0.01,49,E1L1F1,5.0,1.5,10,5,0.004246,0.005945,0.005,0.005361977645934716,2.0,3.0,2.325889385152101,0,0.5335,189.3461213184
main_campaign_default_alpha_0_01,test6_calibracao,CIFAR10,0.01,50,E1L1F1,5.0,1.5,10,5,0.004001,0.006843,0.004003,0.005759730767521444,2.0,3.0,2.485578418736945,0,0.613,202.3415980032
main_campaign_default_alpha_0_01,test6_calibracao,CIFAR10,0.01,51,E1L1F1,5.0,1.5,10,5,0.004001,0.006202,0.005339,0.005584555387658051,2.0,3.0,2.3999911113086374,1,0.5795,195.3699154944
main_campaign_default_alpha_0_01,test6_calibracao,CIFAR10,0.01,52,E1L1F1,5.0,1.5,10,5,0.004009,0.006202,0.0054915,0.005738714450789982,2.0,3.0,2.7451389969111797,1,0.5407,223.4664834048
main_campaign_default_alpha_0_01,test6_calibracao,CIFAR10,0.01,53,E1L1F1,5.0,1.5,10,5,0.004,0.00575,0.005666,0.005529706257499666,2.0,3.0,2.306986356161948,0,0.5932,187.8030893568
main_campaign_default_alpha_0_01,test6_calibracao,CIFAR10,0.01,54,E1L1F1,5.0,1.5,10,5,0.004001,0.006045,0.005001,0.005513622683436292,2.0,3.0,2.6485933958490735,0,0.5588,215.6120346624
main_campaign_default_alpha_0_01,test6_calibracao,CIFAR10,0.01,55,E1L1F1,5.0,1.5,10,5,0.004,0.00638,0.004012,0.005830831203751028,2.0,3.0,2.7995377880491543,0,0.5995,227.8947861504
main_campaign_default_alpha_0_01,test6_calibracao,CIFAR10,0.01,56,E1L1F1,5.0,1.5,10,5,0.004222,0.00567,0.005007,0.005170631757882808,2.0,2.0,2.0,0,0.561,162.8161016832
main_campaign_default_alpha_0_01,test6_calibracao,CIFAR10,0.01,57,E1L1F1,5.0,1.5,10,5,0.005,0.006202,0.0050185,0.005485419101797738,2.0,3.0,2.397613386369192,1,0.5474,195.176358144
main_campaign_default_alpha_0_01,test6_calibracao,CIFAR10,0.01,58,E1L1F1,5.0,1.5,10,5,0.004001,0.00567,0.005002,0.005167839251588818,2.0,2.0,2.0,0,0.5221,162.8124837888
main_campaign_default_alpha_0_01,test6_calibracao,CIFAR10,0.01,59,E1L1F1,5.0,1.5,10,5,0.004004,0.006202,0.005066,0.005579855876274915,2.0,3.0,2.3973068462102525,0,0.5711,195.1600776192
main_campaign_default_alpha_0_01,test6_calibracao,CIFAR10,0.01,60,E1L1F1,5.0,1.5,10,5,0.004,0.006201,0.005,0.005292016110395094,2.0,3.0,2.393826941024843,0,0.506,194.8724550144
main_campaign_default_alpha_0_01,test6_calibracao,CIFAR10,0.01,61,E1L1F1,5.0,1.5,10,5,0.004111,0.006202,0.00501,0.005489143123791746,2.0,3.0,2.39608470546408,0,0.5414,195.0605855232
main_campaign_default_alpha_0_01,test6_calibracao,CIFAR10,0.01,62,E1L1F1,5.0,1.5,10,5,0.004001,0.006282,0.005,0.005615704413137195,2.0,3.0,2.4085596195724635,0,0.5513,196.071787008
main_campaign_default_alpha_0_01,test6_calibracao,CIFAR10,0.01,63,E1L1F1,5.0,1.5,10,5,0.004001,0.00593,0.005001,0.0052949596017954756,2.0,3.0,2.3071641260388427,0,0.5633,187.8175609344
main_campaign_default_alpha_0_01,test6_calibracao,CIFAR10,0.01,64,E1L1F1,5.0,1.5,10,5,0.004001,0.00567,0.005001,0.005101784498466735,2.0,2.0,2.0,0,0.51,162.8124837888
main_campaign_default_alpha_0_01,test6_calibracao,CIFAR10,0.01,65,E1L1F1,5.0,1.5,10,5,0.004,0.006173,0.005342,0.005437091240389315,2.0,3.0,2.3720056886360608,0,0.5738,193.096068864
main_campaign_default_alpha_0_01,test6_calibracao,CIFAR10,0.01,66,E1L1F1,5.0,1.5,10,5,0.004382,0.006202,0.00533,0.005629750949936671,2.0,3.0,2.3999733351109924,0,0.6036,195.3771512832
main_campaign_default_alpha_0_01,test6_calibracao,CIFAR10,0.01,67,E1L1F1,5.0,1.5,10,5,0.004,0.006667,0.004017,0.005533816256693998,2.0,3.0,2.498833411105926,0,0.5054,203.425157376
main_campaign_default_alpha_0_01,test6_calibracao,CIFAR10,0.01,68,E1L1F1,5.0,1.5,10,5,0.004001,0.00567,0.005001,0.005101510421759033,2.0,2.0,2.0,0,0.448,162.8124837888
main_campaign_default_alpha_0_01,test6_calibracao,CIFAR10,0.01,69,E1L1F1,5.0,1.5,10,5,0.004,0.006427,0.004983,0.005767704184351459,2.0,3.0,2.426012755272105,0,0.633,197.4881926656
main_campaign_default_alpha_0_01,test6_calibracao,CIFAR10,0.01,70,E1L1F1,5.0,1.5,10,5,0.004001,0.00574,0.005,0.005127605564320793,2.0,3.0,2.306215417435168,0,0.5181,187.7361583104
main_campaign_default_alpha_0_01,test6_calibracao,CIFAR10,0.01,71,E1L1F1,5.0,1.5,10,5,0.004002,0.00621,0.004222,0.0053942085240655975,2.0,3.0,2.400693302519888,0,0.52,195.4314196992
main_campaign_default_alpha_0_01,test6_calibracao,CIFAR10,0.01,42,E1L1F1,3.0,0.5,10,5,0.006668,0.008139,0.007545,0.007789202373280594,2.0,4.0,3.278149374458345,0,0.6324,266.855890944
main_campaign_default_alpha_0_01,test6_calibracao,CIFAR10,0.01,43,E1L1F1,3.0,0.5,10,5,0.006668,0.008291,0.007503,0.007684279393791249,2.0,4.0,3.175573876136086,0,0.5077,258.5057906688
main_campaign_default_alpha_0_01,test6_calibracao,CIFAR10,0.01,44,E1L1F1,3.0,0.5,10,5,0.006667,0.008227,0.007647,0.00781972866253361,2.0,4.0,3.2946470235317644,0,0.5631,268.2107923968
main_campaign_default_alpha_0_01,test6_calibracao,CIFAR10,0.01,45,E1L1F1,3.0,0.5,10,5,0.006667,0.008101,0.0075,0.007686001577707657,2.0,4.0,3.1339718234745124,0,0.5735,255.124868352
main_campaign_default_alpha_0_01,test6_calibracao,CIFAR10,0.01,46,E1L1F1,3.0,0.5,10,5,0.006667,0.008572,0.007319000000000001,0.008010684377777778,2.0,4.0,3.3,1,0.5873,268.6286592
main_campaign_default_alpha_0_01,test6_calibracao,CIFAR10,0.01,47,E1L1F1,3.0,0.5,10,5,0.006783,0.008306,0.007498,0.00771362046974646,2.0,4.0,3.295024776126036,0,0.5605,268.2415444992
main_campaign_default_alpha_0_01,test6_calibracao,CIFAR10,0.01,48,E1L1F1,3.0,0.5,10,5,0.0075,0.007997,0.007736,0.007792283327037177,3.0,3.0,3.0,1,0.5283,244.2132988416
main_campaign_default_alpha_0_01,test6_calibracao,CIFAR10,0.01,49,E1L1F1,3.0,0.5,10,5,0.006888,0.008147,0.0075,0.007735588449658912,2.0,4.0,3.1294580361309245,0,0.5543,254.763078912
main_campaign_default_alpha_0_01,test6_calibracao,CIFAR10,0.01,50,E1L1F1,3.0,0.5,10,5,0.006667,0.008667,0.006669,0.007937992089240477,2.0,4.0,3.218434736233945,0,0.6018,262.0006766592
main_campaign_default_alpha_0_01,test6_calibracao,CIFAR10,0.01,51,E1L1F1,3.0,0.5,10,5,0.006667,0.008305,0.007738,0.0078816468745139,2.0,4.0,3.2999711117530723,1,0.5634,268.6322770944
main_campaign_default_alpha_0_01,test6_calibracao,CIFAR10,0.01,52,E1L1F1,3.0,0.5,10,5,0.006675,0.008305,0.007829,0.007980029821559521,2.0,4.0,3.64480789315793,1,0.5706,296.703519744
main_campaign_default_alpha_0_01,test6_calibracao,CIFAR10,0.01,53,E1L1F1,3.0,0.5,10,5,0.006667,0.008023,0.007969,0.007861544509132927,2.0,4.0,3.1939691569263586,0,0.5964,260.009025792
main_campaign_default_alpha_0_01,test6_calibracao,CIFAR10,0.01,54,E1L1F1,3.0,0.5,10,5,0.006667,0.00821,0.007501,0.007826234722901204,2.0,4.0,3.4972001244389137,0,0.5425,284.6939192832
main_campaign_default_alpha_0_01,test6_calibracao,CIFAR10,0.01,55,E1L1F1,3.0,0.5,10,5,0.006667,0.00841,0.006678,0.008018418190706873,2.0,4.0,3.599075576098309,0,0.6054,292.9807064064
main_campaign_default_alpha_0_01,test6_calibracao,CIFAR10,0.01,56,E1L1F1,3.0,0.5,10,5,0.006868,0.007971,0.007505,0.007613234273270671,2.0,3.0,2.9061173699531144,0,0.5665,236.5813506048
main_campaign_default_alpha_0_01,test6_calibracao,CIFAR10,0.01,57,E1L1F1,3.0,0.5,10,5,0.0075,0.008305,0.007514,0.007825745227883825,3.0,4.0,3.397613386369192,1,0.51,276.5807910912
main_campaign_default_alpha_0_01,test6_calibracao,CIFAR10,0.01,58,E1L1F1,3.0,0.5,10,5,0.006667,0.007971,0.007502,0.007606489844895782,2.0,3.0,2.9000044442469224,0,0.5335,236.0784632832
main_campaign_default_alpha_0_01,test6_calibracao,CIFAR10,0.01,59,E1L1F1,3.0,0.5,10,5,0.006671,0.008305,0.007549,0.007878929982445614,2.0,4.0,3.297691265026776,0,0.5467,268.4586181632
main_campaign_default_alpha_0_01,test6_calibracao,CIFAR10,0.01,60,E1L1F1,3.0,0.5,10,5,0.006667,0.008304,0.0075,0.007664025198880051,2.0,4.0,3.1937913870494645,0,0.5198,259.9945542144
main_campaign_default_alpha_0_01,test6_calibracao,CIFAR10,0.01,61,E1L1F1,3.0,0.5,10,5,0.006768,0.008305,0.007507,0.007828326733773304,2.0,4.0,3.394440370641957,0,0.5587,276.334774272
main_campaign_default_alpha_0_01,test6_calibracao,CIFAR10,0.01,62,E1L1F1,3.0,0.5,10,5,0.006667,0.008352,0.0075,0.007899596773476734,2.0,4.0,3.3062530554197593,0,0.5623,269.1496359936
main_campaign_default_alpha_0_01,test6_calibracao,CIFAR10,0.01,63,E1L1F1,3.0,0.5,10,5,0.006667,0.008138,0.0075,0.007683787653882049,2.0,4.0,3.207146349051153,0,0.5676,261.0817314816
main_campaign_default_alpha_0_01,test6_calibracao,CIFAR10,0.01,64,E1L1F1,3.0,0.5,10,5,0.006667,0.007971,0.007501,0.007558471579040932,2.0,3.0,2.9000933291853697,0,0.5313,236.085699072
main_campaign_default_alpha_0_01,test6_calibracao,CIFAR10,0.01,65,E1L1F1,3.0,0.5,10,5,0.006667,0.008287,0.007748,0.007776850139993777,2.0,4.0,3.1527043242522557,0,0.5865,256.6498108416
main_campaign_default_alpha_0_01,test6_calibracao,CIFAR10,0.01,66,E1L1F1,3.0,0.5,10,5,0.007006,0.008305,0.007739,0.007924297157967247,2.0,4.0,3.306224029509144,0,0.6232,269.153253888
main_campaign_default_alpha_0_01,test6_calibracao,CIFAR10,0.01,67,E1L1F1,3.0,0.5,10,5,0.006667,0.008571,0.006682,0.007786503122014089,2.0,4.0,3.1976757105081886,0,0.5259,260.316546816
main_campaign_default_alpha_0_01,test6_calibracao,CIFAR10,0.01,68,E1L1F1,3.0,0.5,10,5,0.006667,0.007971,0.007501,0.007558407915203769,2.0,3.0,2.9000044442469224,0,0.4696,236.0784632832
main_campaign_default_alpha_0_01,test6_calibracao,CIFAR10,0.01,69,E1L1F1,3.0,0.5,10,5,0.006667,0.008437,0.007487,0.008008841825737205,2.0,4.0,3.425990533543699,0,0.6135,278.8908166656
main_campaign_default_alpha_0_01,test6_calibracao,CIFAR10,0.01,70,E1L1F1,3.0,0.5,10,5,0.006668,0.008017,0.0075,0.007575836181418191,2.0,4.0,3.2061509744227905,0,0.5296,260.994902016
main_campaign_default_alpha_0_01,test6_calibracao,CIFAR10,0.01,71,E1L1F1,3.0,0.5,10,5,0.006668,0.00831,0.006867,0.007725714701568819,2.0,4.0,3.0909737345006887,0,0.5216,251.62455552
main_campaign_default_alpha_0_01,test6_calibracao,CIFAR10,0.01,42,E1L1F1,3.0,3.0,10,5,0.002501,0.004216,0.003388,0.0037398006488744695,2.0,4.0,3.278149374458345,0,0.6294,266.855890944
main_campaign_default_alpha_0_01,test6_calibracao,CIFAR10,0.01,43,E1L1F1,3.0,3.0,10,5,0.002501,0.00447,0.003337,0.0036602487500277774,2.0,4.0,3.175573876136086,0,0.5054,258.5057906688
main_campaign_default_alpha_0_01,test6_calibracao,CIFAR10,0.01,44,E1L1F1,3.0,3.0,10,5,0.0025,0.004361,0.003513,0.0038022414061284807,2.0,4.0,3.2946470235317644,0,0.576,268.2107923968
main_campaign_default_alpha_0_01,test6_calibracao,CIFAR10,0.01,45,E1L1F1,3.0,3.0,10,5,0.0025,0.004156,0.003333,0.003634528109861784,2.0,4.0,3.1339718234745124,0,0.5921,255.124868352
main_campaign_default_alpha_0_01,test6_calibracao,CIFAR10,0.01,46,E1L1F1,3.0,3.0,10,5,0.0025,0.005,0.003228,0.004186790844444444,2.0,4.0,3.3,1,0.5805,268.6286592
main_campaign_default_alpha_0_01,test6_calibracao,CIFAR10,0.01,47,E1L1F1,3.0,3.0,10,5,0.0026,0.004497,0.003331,0.0036843179788014135,2.0,4.0,3.295024776126036,0,0.5582,268.2415444992
main_campaign_default_alpha_0_01,test6_calibracao,CIFAR10,0.01,48,E1L1F1,3.0,3.0,10,5,0.003334,0.003995,0.0036455,0.003721438790249106,3.0,3.0,3.0,1,0.5527,244.2132988416
main_campaign_default_alpha_0_01,test6_calibracao,CIFAR10,0.01,49,E1L1F1,3.0,3.0,10,5,0.002695,0.00423,0.003334,0.0036861472568495437,2.0,4.0,3.1294580361309245,0,0.5314,254.763078912
main_campaign_default_alpha_0_01,test6_calibracao,CIFAR10,0.01,50,E1L1F1,3.0,3.0,10,5,0.0025,0.005201,0.002502,0.0041388304075374435,2.0,4.0,3.218434736233945,0,0.6089,262.0006766592
main_campaign_default_alpha_0_01,test6_calibracao,CIFAR10,0.01,51,E1L1F1,3.0,3.0,10,5,0.0025,0.004495,0.0036485000000000003,0.0039040322215061892,2.0,4.0,3.2999711117530723,1,0.5727,268.6322770944
main_campaign_default_alpha_0_01,test6_calibracao,CIFAR10,0.01,52,E1L1F1,3.0,3.0,10,5,0.002507,0.004495,0.0038075,0.004058245261216417,2.0,4.0,3.64480789315793,1,0.5646,296.703519744
main_campaign_default_alpha_0_01,test6_calibracao,CIFAR10,0.01,53,E1L1F1,3.0,3.0,10,5,0.0025,0.004035,0.003953,0.003834633305186436,2.0,4.0,3.1939691569263586,0,0.5882,260.009025792
main_campaign_default_alpha_0_01,test6_calibracao,CIFAR10,0.01,54,E1L1F1,3.0,3.0,10,5,0.0025,0.004332,0.003334,0.003841633771832363,2.0,4.0,3.4972001244389137,0,0.5401,284.6939192832
main_campaign_default_alpha_0_01,test6_calibracao,CIFAR10,0.01,55,E1L1F1,3.0,3.0,10,5,0.0025,0.004685,0.002509,0.004169684451456634,2.0,4.0,3.599075576098309,0,0.5978,292.9807064064
main_campaign_default_alpha_0_01,test6_calibracao,CIFAR10,0.01,56,E1L1F1,3.0,3.0,10,5,0.002676,0.003957,0.003339,0.003497171166366687,2.0,3.0,2.9061173699531144,0,0.5439,236.5813506048
main_campaign_default_alpha_0_01,test6_calibracao,CIFAR10,0.01,57,E1L1F1,3.0,3.0,10,5,0.003333,0.004495,0.00335,0.0038019050909979778,3.0,4.0,3.397613386369192,1,0.5417,276.5807910912
main_campaign_default_alpha_0_01,test6_calibracao,CIFAR10,0.01,58,E1L1F1,3.0,3.0,10,5,0.0025,0.003957,0.003335,0.0034978456290831518,2.0,3.0,2.9000044442469224,0,0.5309,236.0784632832
main_campaign_default_alpha_0_01,test6_calibracao,CIFAR10,0.01,59,E1L1F1,3.0,3.0,10,5,0.002503,0.004495,0.003392,0.0038996451792102744,2.0,4.0,3.297691265026776,0,0.5256,268.4586181632
main_campaign_default_alpha_0_01,test6_calibracao,CIFAR10,0.01,60,E1L1F1,3.0,3.0,10,5,0.0025,0.004493,0.003334,0.0036405197768988045,2.0,4.0,3.1937913870494645,0,0.5111,259.9945542144
main_campaign_default_alpha_0_01,test6_calibracao,CIFAR10,0.01,61,E1L1F1,3.0,3.0,10,5,0.002587,0.004495,0.003342,0.003805122391840544,2.0,4.0,3.394440370641957,0,0.5289,276.334774272
main_campaign_default_alpha_0_01,test6_calibracao,CIFAR10,0.01,62,E1L1F1,3.0,3.0,10,5,0.0025,0.00458,0.003333,0.003937973823385627,2.0,4.0,3.3062530554197593,0,0.551,269.1496359936
main_campaign_default_alpha_0_01,test6_calibracao,CIFAR10,0.01,63,E1L1F1,3.0,3.0,10,5,0.0025,0.004215,0.003334,0.003626879338696058,2.0,4.0,3.207146349051153,0,0.5577,261.0817314816
main_campaign_default_alpha_0_01,test6_calibracao,CIFAR10,0.01,64,E1L1F1,3.0,3.0,10,5,0.0025,0.003957,0.003334,0.003437569619128038,2.0,3.0,2.9000933291853697,0,0.5174,236.085699072
main_campaign_default_alpha_0_01,test6_calibracao,CIFAR10,0.01,65,E1L1F1,3.0,3.0,10,5,0.0025,0.004464,0.003644,0.0037665261543931377,2.0,4.0,3.1527043242522557,0,0.5786,256.6498108416
main_campaign_default_alpha_0_01,test6_calibracao,CIFAR10,0.01,66,E1L1F1,3.0,3.0,10,5,0.002806,0.004495,0.003633,0.003938047552385397,2.0,4.0,3.306224029509144,0,0.6214,269.153253888
main_campaign_default_alpha_0_01,test6_calibracao,CIFAR10,0.01,67,E1L1F1,3.0,3.0,10,5,0.0025,0.005,0.002513,0.00391640550629958,2.0,4.0,3.1976757105081886,0,0.5123,260.316546816
main_campaign_default_alpha_0_01,test6_calibracao,CIFAR10,0.01,68,E1L1F1,3.0,3.0,10,5,0.0025,0.003957,0.003334,0.003437509355139771,2.0,3.0,2.9000044442469224,0,0.4529,236.0784632832
main_campaign_default_alpha_0_01,test6_calibracao,CIFAR10,0.01,69,E1L1F1,3.0,3.0,10,5,0.0025,0.004735,0.003318,0.004081457323170596,2.0,4.0,3.425990533543699,0,0.609,278.8908166656
main_campaign_default_alpha_0_01,test6_calibracao,CIFAR10,0.01,70,E1L1F1,3.0,3.0,10,5,0.002501,0.004025,0.003334,0.0034628179818226262,2.0,4.0,3.2061509744227905,0,0.533,260.994902016
main_campaign_default_alpha_0_01,test6_calibracao,CIFAR10,0.01,71,E1L1F1,3.0,3.0,10,5,0.002501,0.004503,0.002676,0.0037438718056975245,2.0,4.0,3.0909737345006887,0,0.5156,251.62455552
main_campaign_default_alpha_0_01,test6_calibracao,CIFAR10,0.01,42,E1L1F1,3.0,1.5,10,5,0.004001,0.005931,0.005061,0.005426528343814583,2.0,4.0,3.278149374458345,0,0.6496,266.855890944
main_campaign_default_alpha_0_01,test6_calibracao,CIFAR10,0.01,43,E1L1F1,3.0,1.5,10,5,0.004002,0.006179,0.005004,0.005316269105130998,2.0,4.0,3.175573876136086,0,0.4942,258.5057906688
main_campaign_default_alpha_0_01,test6_calibracao,CIFAR10,0.01,44,E1L1F1,3.0,1.5,10,5,0.004,0.006074,0.0052,0.005484446103593094,2.0,4.0,3.2946470235317644,0,0.5805,268.2107923968
main_campaign_default_alpha_0_01,test6_calibracao,CIFAR10,0.01,45,E1L1F1,3.0,1.5,10,5,0.004,0.005872,0.005,0.0053017574552242114,2.0,4.0,3.1339718234745124,0,0.5931,255.124868352
main_campaign_default_alpha_0_01,test6_calibracao,CIFAR10,0.01,46,E1L1F1,3.0,1.5,10,5,0.004,0.006667,0.0048354999999999995,0.005834585044444444,2.0,4.0,3.3,1,0.5781,268.6286592
main_campaign_default_alpha_0_01,test6_calibracao,CIFAR10,0.01,47,E1L1F1,3.0,1.5,10,5,0.004127,0.006204,0.004997,0.005346866053374219,2.0,4.0,3.295024776126036,0,0.5841,268.2415444992
main_campaign_default_alpha_0_01,test6_calibracao,CIFAR10,0.01,48,E1L1F1,3.0,1.5,10,5,0.005001,0.005709,0.0053355,0.005416497966711851,3.0,3.0,3.0,1,0.5364,244.2132988416
main_campaign_default_alpha_0_01,test6_calibracao,CIFAR10,0.01,49,E1L1F1,3.0,1.5,10,5,0.004246,0.005945,0.005,0.005361977645934716,2.0,4.0,3.1294580361309245,0,0.5601,254.763078912
main_campaign_default_alpha_0_01,test6_calibracao,CIFAR10,0.01,50,E1L1F1,3.0,1.5,10,5,0.004001,0.006843,0.004003,0.005759730767521444,2.0,4.0,3.218434736233945,0,0.6132,262.0006766592
main_campaign_default_alpha_0_01,test6_calibracao,CIFAR10,0.01,51,E1L1F1,3.0,1.5,10,5,0.004001,0.006202,0.005339,0.005584555387658051,2.0,4.0,3.2999711117530723,1,0.574,268.6322770944
main_campaign_default_alpha_0_01,test6_calibracao,CIFAR10,0.01,52,E1L1F1,3.0,1.5,10,5,0.004009,0.006202,0.0054915,0.005738714450789982,2.0,4.0,3.64480789315793,1,0.5658,296.703519744
main_campaign_default_alpha_0_01,test6_calibracao,CIFAR10,0.01,53,E1L1F1,3.0,1.5,10,5,0.004,0.00575,0.005666,0.005529706257499666,2.0,4.0,3.1939691569263586,0,0.5668,260.009025792
main_campaign_default_alpha_0_01,test6_calibracao,CIFAR10,0.01,54,E1L1F1,3.0,1.5,10,5,0.004001,0.006045,0.005001,0.005513622683436292,2.0,4.0,3.4972001244389137,0,0.5322,284.6939192832
main_campaign_default_alpha_0_01,test6_calibracao,CIFAR10,0.01,55,E1L1F1,3.0,1.5,10,5,0.004,0.00638,0.004012,0.005830831203751028,2.0,4.0,3.599075576098309,0,0.5928,292.9807064064
main_campaign_default_alpha_0_01,test6_calibracao,CIFAR10,0.01,56,E1L1F1,3.0,1.5,10,5,0.004222,0.00567,0.005007,0.005170631757882808,2.0,3.0,2.9061173699531144,0,0.5767,236.5813506048
main_campaign_default_alpha_0_01,test6_calibracao,CIFAR10,0.01,57,E1L1F1,3.0,1.5,10,5,0.005,0.006202,0.0050185,0.005485419101797738,3.0,4.0,3.397613386369192,1,0.5211,276.5807910912
main_campaign_default_alpha_0_01,test6_calibracao,CIFAR10,0.01,58,E1L1F1,3.0,1.5,10,5,0.004001,0.00567,0.005002,0.005167839251588818,2.0,3.0,2.9000044442469224,0,0.5416,236.0784632832
main_campaign_default_alpha_0_01,test6_calibracao,CIFAR10,0.01,59,E1L1F1,3.0,1.5,10,5,0.004004,0.006202,0.005066,0.005579855876274915,2.0,4.0,3.297691265026776,0,0.5567,268.4586181632
main_campaign_default_alpha_0_01,test6_calibracao,CIFAR10,0.01,60,E1L1F1,3.0,1.5,10,5,0.004,0.006201,0.005,0.005292016110395094,2.0,4.0,3.1937913870494645,0,0.5272,259.9945542144
main_campaign_default_alpha_0_01,test6_calibracao,CIFAR10,0.01,61,E1L1F1,3.0,1.5,10,5,0.004111,0.006202,0.00501,0.005489143123791746,2.0,4.0,3.394440370641957,0,0.5428,276.334774272
main_campaign_default_alpha_0_01,test6_calibracao,CIFAR10,0.01,62,E1L1F1,3.0,1.5,10,5,0.004001,0.006282,0.005,0.005615704413137195,2.0,4.0,3.3062530554197593,0,0.5432,269.1496359936
main_campaign_default_alpha_0_01,test6_calibracao,CIFAR10,0.01,63,E1L1F1,3.0,1.5,10,5,0.004001,0.00593,0.005001,0.0052949596017954756,2.0,4.0,3.207146349051153,0,0.5673,261.0817314816
main_campaign_default_alpha_0_01,test6_calibracao,CIFAR10,0.01,64,E1L1F1,3.0,1.5,10,5,0.004001,0.00567,0.005001,0.005101784498466735,2.0,3.0,2.9000933291853697,0,0.5084,236.085699072
main_campaign_default_alpha_0_01,test6_calibracao,CIFAR10,0.01,65,E1L1F1,3.0,1.5,10,5,0.004,0.006173,0.005342,0.005437091240389315,2.0,4.0,3.1527043242522557,0,0.5831,256.6498108416
main_campaign_default_alpha_0_01,test6_calibracao,CIFAR10,0.01,66,E1L1F1,3.0,1.5,10,5,0.004382,0.006202,0.00533,0.005629750949936671,2.0,4.0,3.306224029509144,0,0.6451,269.153253888
main_campaign_default_alpha_0_01,test6_calibracao,CIFAR10,0.01,67,E1L1F1,3.0,1.5,10,5,0.004,0.006667,0.004017,0.005533816256693998,2.0,4.0,3.1976757105081886,0,0.5003,260.316546816
main_campaign_default_alpha_0_01,test6_calibracao,CIFAR10,0.01,68,E1L1F1,3.0,1.5,10,5,0.004001,0.00567,0.005001,0.005101510421759033,2.0,3.0,2.9000044442469224,0,0.4998,236.0784632832
main_campaign_default_alpha_0_01,test6_calibracao,CIFAR10,0.01,69,E1L1F1,3.0,1.5,10,5,0.004,0.006427,0.004983,0.005767704184351459,2.0,4.0,3.425990533543699,0,0.6391,278.8908166656
main_campaign_default_alpha_0_01,test6_calibracao,CIFAR10,0.01,70,E1L1F1,3.0,1.5,10,5,0.004001,0.00574,0.005,0.005127605564320793,2.0,4.0,3.2061509744227905,0,0.5364,260.994902016
main_campaign_default_alpha_0_01,test6_calibracao,CIFAR10,0.01,71,E1L1F1,3.0,1.5,10,5,0.004002,0.00621,0.004222,0.0053942085240655975,2.0,4.0,3.0909737345006887,0,0.5209,251.62455552
main_campaign_default_alpha_0_01,test7_plato,CIFAR10,0.01,42,E1L1F1,3.0,1.5,50,5,0.004001,0.005931,0.005061,0.005426528343814583,2.0,4.0,3.278149374458345,0,0.6948,1334.27945472
main_campaign_default_alpha_0_01,test7_plato,CIFAR10,0.01,43,E1L1F1,3.0,1.5,50,5,0.004002,0.006179,0.005004,0.005316269105130998,2.0,4.0,3.175573876136086,0,0.6389,1292.528953344
main_campaign_default_alpha_0_01,test7_plato,CIFAR10,0.01,44,E1L1F1,3.0,1.5,50,5,0.004,0.006074,0.0052,0.005484446103593094,2.0,4.0,3.2946470235317644,0,0.6646,1341.053961984
main_campaign_default_alpha_0_01,test7_plato,CIFAR10,0.01,45,E1L1F1,3.0,1.5,50,5,0.004,0.005872,0.005,0.0053017574552242114,2.0,4.0,3.1339718234745124,0,0.6619,1275.62434176
main_campaign_default_alpha_0_01,test7_plato,CIFAR10,0.01,46,E1L1F1,3.0,1.5,50,5,0.004,0.006667,0.0048354999999999995,0.005834585044444444,2.0,4.0,3.3,1,0.6779,1343.143296
main_campaign_default_alpha_0_01,test7_plato,CIFAR10,0.01,47,E1L1F1,3.0,1.5,50,5,0.004127,0.006204,0.004997,0.005346866053374219,2.0,4.0,3.295024776126036,0,0.6819,1341.207722496
main_campaign_default_alpha_0_01,test7_plato,CIFAR10,0.01,48,E1L1F1,3.0,1.5,50,5,0.005001,0.005709,0.0053355,0.005416497966711851,3.0,3.0,3.0,1,0.6263,1221.066494208
main_campaign_default_alpha_0_01,test7_plato,CIFAR10,0.01,49,E1L1F1,3.0,1.5,50,5,0.004246,0.005945,0.005,0.005361977645934716,2.0,4.0,3.1294580361309245,0,0.6591,1273.81539456
main_campaign_default_alpha_0_01,test7_plato,CIFAR10,0.01,50,E1L1F1,3.0,1.5,50,5,0.004001,0.006843,0.004003,0.005759730767521444,2.0,4.0,3.218434736233945,0,0.6931,1310.003383296
main_campaign_default_alpha_0_01,test7_plato,CIFAR10,0.01,51,E1L1F1,3.0,1.5,50,5,0.004001,0.006202,0.005339,0.005584555387658051,2.0,4.0,3.2999711117530723,1,0.6356,1343.161385472
main_campaign_default_alpha_0_01,test7_plato,CIFAR10,0.01,52,E1L1F1,3.0,1.5,50,5,0.004009,0.006202,0.0054915,0.005738714450789982,2.0,4.0,3.64480789315793,1,0.6732,1483.51759872
main_campaign_default_alpha_0_01,test7_plato,CIFAR10,0.01,53,E1L1F1,3.0,1.5,50,5,0.004,0.00575,0.005666,0.005529706257499666,2.0,4.0,3.1939691569263586,0,0.7004,1300.04512896
main_campaign_default_alpha_0_01,test7_plato,CIFAR10,0.01,54,E1L1F1,3.0,1.5,50,5,0.004001,0.006045,0.005001,0.005513622683436292,2.0,4.0,3.4972001244389137,0,0.6539,1423.469596416
main_campaign_default_alpha_0_01,test7_plato,CIFAR10,0.01,55,E1L1F1,3.0,1.5,50,5,0.004,0.00638,0.004012,0.005830831203751028,2.0,4.0,3.599075576098309,0,0.6752,1464.903532032
main_campaign_default_alpha_0_01,test7_plato,CIFAR10,0.01,56,E1L1F1,3.0,1.5,50,5,0.004222,0.00567,0.005007,0.005170631757882808,2.0,3.0,2.9061173699531144,0,0.6627,1182.906753024
main_campaign_default_alpha_0_01,test7_plato,CIFAR10,0.01,57,E1L1F1,3.0,1.5,50,5,0.005,0.006202,0.0050185,0.005485419101797738,3.0,4.0,3.397613386369192,1,0.6576,1382.903955456
main_campaign_default_alpha_0_01,test7_plato,CIFAR10,0.01,58,E1L1F1,3.0,1.5,50,5,0.004001,0.00567,0.005002,0.005167839251588818,2.0,3.0,2.9000044442469224,0,0.6224,1180.392316416
main_campaign_default_alpha_0_01,test7_plato,CIFAR10,0.01,59,E1L1F1,3.0,1.5,50,5,0.004004,0.006202,0.005066,0.005579855876274915,2.0,4.0,3.297691265026776,0,0.6725,1342.293090816
main_campaign_default_alpha_0_01,test7_plato,CIFAR10,0.01,60,E1L1F1,3.0,1.5,50,5,0.004,0.006201,0.005,0.005292016110395094,2.0,4.0,3.1937913870494645,0,0.6268,1299.972771072
main_campaign_default_alpha_0_01,test7_plato,CIFAR10,0.01,61,E1L1F1,3.0,1.5,50,5,0.004111,0.006202,0.00501,0.005489143123791746,2.0,4.0,3.394440370641957,0,0.6647,1381.67387136
main_campaign_default_alpha_0_01,test7_plato,CIFAR10,0.01,62,E1L1F1,3.0,1.5,50,5,0.004001,0.006282,0.005,0.005615704413137195,2.0,4.0,3.3062530554197593,0,0.6487,1345.748179968
main_campaign_default_alpha_0_01,test7_plato,CIFAR10,0.01,63,E1L1F1,3.0,1.5,50,5,0.004001,0.00593,0.005001,0.0052949596017954756,2.0,4.0,3.207146349051153,0,0.6755,1305.408657408
main_campaign_default_alpha_0_01,test7_plato,CIFAR10,0.01,64,E1L1F1,3.0,1.5,50,5,0.004001,0.00567,0.005001,0.005101784498466735,2.0,3.0,2.9000933291853697,0,0.6066,1180.42849536
main_campaign_default_alpha_0_01,test7_plato,CIFAR10,0.01,65,E1L1F1,3.0,1.5,50,5,0.004,0.006173,0.005342,0.005437091240389315,2.0,4.0,3.1527043242522557,0,0.6675,1283.249054208
main_campaign_default_alpha_0_01,test7_plato,CIFAR10,0.01,66,E1L1F1,3.0,1.5,50,5,0.004382,0.006202,0.00533,0.005629750949936671,2.0,4.0,3.306224029509144,0,0.6943,1345.76626944
main_campaign_default_alpha_0_01,test7_plato,CIFAR10,0.01,67,E1L1F1,3.0,1.5,50,5,0.004,0.006667,0.004017,0.005533816256693998,2.0,4.0,3.1976757105081886,0,0.631,1301.58273408
main_campaign_default_alpha_0_01,test7_plato,CIFAR10,0.01,68,E1L1F1,3.0,1.5,50,5,0.004001,0.00567,0.005001,0.005101510421759033,2.0,3.0,2.9000044442469224,0,0.6259,1180.392316416
main_campaign_default_alpha_0_01,test7_plato,CIFAR10,0.01,69,E1L1F1,3.0,1.5,50,5,0.004,0.006427,0.004983,0.005767704184351459,2.0,4.0,3.425990533543699,0,0.7014,1394.454083328
main_campaign_default_alpha_0_01,test7_plato,CIFAR10,0.01,70,E1L1F1,3.0,1.5,50,5,0.004001,0.00574,0.005,0.005127605564320793,2.0,4.0,3.2061509744227905,0,0.6178,1304.97451008
main_campaign_default_alpha_0_01,test7_plato,CIFAR10,0.01,71,E1L1F1,3.0,1.5,50,5,0.004002,0.00621,0.004222,0.0053942085240655975,2.0,4.0,3.0909737345006887,0,0.6309,1258.1227776
main_campaign_default_alpha_0_01,test8_femnist,FEMNIST,,42,E1L1F1,3.0,1.5,50,10,0.007654,0.008241,0.007716000000000001,0.007938756349952964,4.0,5.0,4.491063029162747,0,0.7104206103698232,55.6659704832
main_campaign_default_alpha_0_01,test8_femnist,FEMNIST,,43,E1L1F1,3.0,1.5,50,10,0.007606,0.008268,0.0077255,0.007941201317027281,4.0,5.0,4.491063029162747,0,0.7003560302625723,55.6659704832
main_campaign_default_alpha_0_01,test8_femnist,FEMNIST,,44,E1L1F1,3.0,1.5,50,10,0.007675,0.008255,0.00777,0.00796254656632173,4.0,5.0,4.491063029162747,0,0.7189398371057013,55.6659704832
main_campaign_default_alpha_0_01,test8_femnist,FEMNIST,,45,E1L1F1,3.0,1.5,50,10,0.007647,0.008234,0.0077695,0.007942144402634055,4.0,5.0,4.491063029162747,0,0.7000946073793756,55.6659704832
main_campaign_default_alpha_0_01,test8_femnist,FEMNIST,,46,E1L1F1,3.0,1.5,50,10,0.007683,0.008276,0.0077085,0.00793949153339605,4.0,5.0,4.491063029162747,0,0.7011427809151141,55.6659704832
main_campaign_default_alpha_0_01,test8_femnist,FEMNIST,,47,E1L1F1,3.0,1.5,50,10,0.007639,0.008293,0.0077445,0.007952899811853245,4.0,5.0,4.491063029162747,0,0.7059006073502682,55.6659704832
main_campaign_default_alpha_0_01,test8_femnist,FEMNIST,,48,E1L1F1,3.0,1.5,50,10,0.007653,0.008215,0.0077545,0.00795306020696143,4.0,5.0,4.491063029162747,0,0.6998478883321403,55.6659704832
main_campaign_default_alpha_0_01,test8_femnist,FEMNIST,,49,E1L1F1,3.0,1.5,50,10,0.007652,0.008281,0.007733,0.00795560818438382,4.0,5.0,4.492521166509878,0,0.7023738365639143,55.68404385024
main_campaign_default_alpha_0_01,test8_femnist,FEMNIST,,50,E1L1F1,3.0,1.5,50,10,0.007661,0.008278,0.007747,0.007950819379115709,4.0,5.0,4.491063029162747,0,0.7130130307596845,55.6659704832
main_campaign_default_alpha_0_01,test8_femnist,FEMNIST,,51,E1L1F1,3.0,1.5,50,10,0.007595,0.00832,0.007746,0.00795510442144873,4.0,5.0,4.491063029162747,0,0.7341055341055341,55.6659704832
main_campaign_default_alpha_0_01,test8_femnist,FEMNIST,,52,E1L1F1,3.0,1.5,50,10,0.007661,0.008236,0.007773,0.007944129821260582,4.0,5.0,4.491063029162747,0,0.7219149024664143,55.6659704832
main_campaign_default_alpha_0_01,test8_femnist,FEMNIST,,53,E1L1F1,3.0,1.5,50,10,0.007642,0.008244,0.007729,0.007944620413922859,4.0,5.0,4.491063029162747,0,0.6916553287981859,55.6659704832
main_campaign_default_alpha_0_01,test8_femnist,FEMNIST,,54,E1L1F1,3.0,1.5,50,10,0.007663,0.008227,0.007737,0.007942648165569144,4.0,5.0,4.491063029162747,0,0.7131602355034097,55.6659704832
main_campaign_default_alpha_0_01,test8_femnist,FEMNIST,,55,E1L1F1,3.0,1.5,50,10,0.007583,0.008207,0.007755,0.007942383819379114,4.0,5.0,4.491063029162747,0,0.7073083937547262,55.6659704832
main_campaign_default_alpha_0_01,test8_femnist,FEMNIST,,56,E1L1F1,3.0,1.5,50,10,0.007629,0.008208,0.007780499999999999,0.007942539981185324,4.0,5.0,4.491063029162747,0,0.7110239529345846,55.6659704832
main_campaign_default_alpha_0_01,test8_femnist,FEMNIST,,57,E1L1F1,3.0,1.5,50,10,0.007662,0.00828,0.007775499999999999,0.00796435606773283,4.0,5.0,4.491063029162747,0,0.71,55.6659704832
main_campaign_default_alpha_0_01,test8_femnist,FEMNIST,,58,E1L1F1,3.0,1.5,50,10,0.007624,0.008256,0.0077855,0.007940686735653811,4.0,5.0,4.491063029162747,0,0.7181639407165812,55.6659704832
main_campaign_default_alpha_0_01,test8_femnist,FEMNIST,,59,E1L1F1,3.0,1.5,50,10,0.007666,0.008252,0.007732,0.007939399811853246,4.0,5.0,4.491063029162747,0,0.6973958333333333,55.6659704832
main_campaign_default_alpha_0_01,test8_femnist,FEMNIST,,60,E1L1F1,3.0,1.5,50,10,0.007694,0.00827,0.0077585,0.007946745531514582,4.0,5.0,4.491063029162747,0,0.695561310253964,55.6659704832
main_campaign_default_alpha_0_01,test8_femnist,FEMNIST,,61,E1L1F1,3.0,1.5,50,10,0.007629,0.008263,0.0077859999999999995,0.007966077610536217,4.0,5.0,4.491063029162747,0,0.7048128815358754,55.6659704832
main_campaign_default_alpha_0_01,test8_femnist,FEMNIST,,62,E1L1F1,3.0,1.5,50,10,0.007619,0.008263,0.0077315,0.007953385230479774,4.0,5.0,4.491063029162747,0,0.6963505083746746,55.6659704832
main_campaign_default_alpha_0_01,test8_femnist,FEMNIST,,63,E1L1F1,3.0,1.5,50,10,0.007645,0.008229,0.0077675,0.007946627939793038,4.0,5.0,4.491063029162747,0,0.7056613898577945,55.6659704832
main_campaign_default_alpha_0_01,test8_femnist,FEMNIST,,64,E1L1F1,3.0,1.5,50,10,0.007628,0.008204,0.0077335,0.007946565380997177,4.0,5.0,4.491063029162747,0,0.7166927374301676,55.6659704832
main_campaign_default_alpha_0_01,test8_femnist,FEMNIST,,65,E1L1F1,3.0,1.5,50,10,0.007685,0.008241,0.007736,0.007936390404515522,4.0,5.0,4.491063029162747,0,0.7134204521883427,55.6659704832
main_campaign_default_alpha_0_01,test8_femnist,FEMNIST,,66,E1L1F1,3.0,1.5,50,10,0.007601,0.008265,0.007724,0.007928723894637819,4.0,5.0,4.491063029162747,0,0.7272004861403263,55.6659704832
main_campaign_default_alpha_0_01,test8_femnist,FEMNIST,,67,E1L1F1,3.0,1.5,50,10,0.007645,0.008322,0.007763,0.007959457666980245,4.0,5.0,4.491063029162747,0,0.7082317073170732,55.6659704832
main_campaign_default_alpha_0_01,test8_femnist,FEMNIST,,68,E1L1F1,3.0,1.5,50,10,0.00764,0.008257,0.007766,0.007946106302916275,4.0,5.0,4.491063029162747,0,0.7039257222697977,55.6659704832
main_campaign_default_alpha_0_01,test8_femnist,FEMNIST,,69,E1L1F1,3.0,1.5,50,10,0.007638,0.008248,0.0077475,0.007958128880526813,4.0,5.0,4.491063029162747,0,0.6926384426384427,55.6659704832
main_campaign_default_alpha_0_01,test8_femnist,FEMNIST,,70,E1L1F1,3.0,1.5,50,10,0.007674,0.008293,0.0077655,0.007974554562558796,4.0,5.0,4.491063029162747,0,0.7188418323249784,55.6659704832
main_campaign_default_alpha_0_01,test8_femnist,FEMNIST,,71,E1L1F1,3.0,1.5,50,10,0.007666,0.008272,0.007747,0.007958322671683914,4.0,5.0,4.491063029162747,0,0.7008955742978872,55.6659704832
