folder,method,dataset,delay,alpha,seed,rounds,clients,time,gpu,cpu,tag,file
alpha-0_5 folder,FedAVG,CIFAR10,0.05,0.5,42,10,5,388.95,1 x NVIDIA RTX A1000,Intel(R) Core(TM) i7-14700,test3_comunicacao,results/main_campaign_default_alpha_0_5/FedAVG-results/test3_comunicacao/CIFAR10/FedAVG__CIFAR10__Setup-5__Clients-5__Rounds-10__Delay-0_05__Alpha-0_5__Seed-42.txt
alpha-0_5 folder,FedAVG,CIFAR10,0.05,0.5,43,10,5,384.62,1 x NVIDIA RTX A1000,Intel(R) Core(TM) i7-14700,test3_comunicacao,results/main_campaign_default_alpha_0_5/FedAVG-results/test3_comunicacao/CIFAR10/FedAVG__CIFAR10__Setup-5__Clients-5__Rounds-10__Delay-0_05__Alpha-0_5__Seed-43.txt
alpha-0_5 folder,FedAVG,CIFAR10,0.05,0.5,44,10,5,388.72,1 x NVIDIA RTX A1000,Intel(R) Core(TM) i7-14700,test3_comunicacao,results/main_campaign_default_alpha_0_5/FedAVG-results/test3_comunicacao/CIFAR10/FedAVG__CIFAR10__Setup-5__Clients-5__Rounds-10__Delay-0_05__Alpha-0_5__Seed-44.txt
alpha-0_5 folder,FedAVG,CIFAR10,0.05,0.5,45,10,5,390.32,1 x NVIDIA RTX A1000,Intel(R) Core(TM) i7-14700,test3_comunicacao,results/main_campaign_default_alpha_0_5/FedAVG-results/test3_comunicacao/CIFAR10/FedAVG__CIFAR10__Setup-5__Clients-5__Rounds-10__Delay-0_05__Alpha-0_5__Seed-45.txt
alpha-0_5 folder,FedAVG,CIFAR10,0.05,0.5,46,10,5,382.94,1 x NVIDIA RTX A1000,Intel(R) Core(TM) i7-14700,test3_comunicacao,results/main_campaign_default_alpha_0_5/FedAVG-results/test3_comunicacao/CIFAR10/FedAVG__CIFAR10__Setup-5__Clients-5__Rounds-10__Delay-0_05__Alpha-0_5__Seed-46.txt
alpha-0_5 folder,FedAVG,CIFAR10,0.05,0.5,47,10,5,389.70,1 x NVIDIA RTX A1000,Intel(R) Core(TM) i7-14700,test3_comunicacao,results/main_campaign_default_alpha_0_5/FedAVG-results/test3_comunicacao/CIFAR10/FedAVG__CIFAR10__Setup-5__Clients-5__Rounds-10__Delay-0_05__Alpha-0_5__Seed-47.txt
alpha-0_5 folder,FedAVG,CIFAR10,0.05,0.5,48,10,5,385.15,1 x NVIDIA RTX A1000,Intel(R) Core(TM) i7-14700,test3_comunicacao,results/main_campaign_default_alpha_0_5/FedAVG-results/test3_comunicacao/CIFAR10/FedAVG__CIFAR10__Setup-5__Clients-5__Rounds-10__Delay-0_05__Alpha-0_5__Seed-48.txt
alpha-0_5 folder,FedAVG,CIFAR10,0.05,0.5,49,10,5,389.28,1 x NVIDIA RTX A1000,Intel(R) Core(TM) i7-14700,test3_comunicacao,results/main_campaign_default_alpha_0_5/FedAVG-results/test3_comunicacao/CIFAR10/FedAVG__CIFAR10__Setup-5__Clients-5__Rounds-10__Delay-0_05__Alpha-0_5__Seed-49.txt
alpha-0_5 folder,FedAVG,CIFAR10,0.05,0.5,50,10,5,389.54,1 x NVIDIA RTX A1000,Intel(R) Core(TM) i7-14700,test3_comunicacao,results/main_campaign_default_alpha_0_5/FedAVG-results/test3_comunicacao/CIFAR10/FedAVG__CIFAR10__Setup-5__Clients-5__Rounds-10__Delay-0_05__Alpha-0_5__Seed-50.txt
alpha-0_5 folder,FedAVG,CIFAR10,0.05,0.5,51,10,5,390.24,1 x NVIDIA RTX A1000,Intel(R) Core(TM) i7-14700,test3_comunicacao,results/main_campaign_default_alpha_0_5/FedAVG-results/test3_comunicacao/CIFAR10/FedAVG__CIFAR10__Setup-5__Clients-5__Rounds-10__Delay-0_05__Alpha-0_5__Seed-51.txt
alpha-0_5 folder,FedAVG,CIFAR10,0.05,0.5,52,10,5,390.01,1 x NVIDIA RTX A1000,Intel(R) Core(TM) i7-14700,test3_comunicacao,results/main_campaign_default_alpha_0_5/FedAVG-results/test3_comunicacao/CIFAR10/FedAVG__CIFAR10__Setup-5__Clients-5__Rounds-10__Delay-0_05__Alpha-0_5__Seed-52.txt
alpha-0_5 folder,FedAVG,CIFAR10,0.05,0.5,53,10,5,379.87,1 x NVIDIA RTX A1000,Intel(R) Core(TM) i7-14700,test3_comunicacao,results/main_campaign_default_alpha_0_5/FedAVG-results/test3_comunicacao/CIFAR10/FedAVG__CIFAR10__Setup-5__Clients-5__Rounds-10__Delay-0_05__Alpha-0_5__Seed-53.txt
alpha-0_5 folder,FedAVG,CIFAR10,0.05,0.5,54,10,5,387.86,1 x NVIDIA RTX A1000,Intel(R) Core(TM) i7-14700,test3_comunicacao,results/main_campaign_default_alpha_0_5/FedAVG-results/test3_comunicacao/CIFAR10/FedAVG__CIFAR10__Setup-5__Clients-5__Rounds-10__Delay-0_05__Alpha-0_5__Seed-54.txt
alpha-0_5 folder,FedAVG,CIFAR10,0.05,0.5,55,10,5,386.52,1 x NVIDIA RTX A1000,Intel(R) Core(TM) i7-14700,test3_comunicacao,results/main_campaign_default_alpha_0_5/FedAVG-results/test3_comunicacao/CIFAR10/FedAVG__CIFAR10__Setup-5__Clients-5__Rounds-10__Delay-0_05__Alpha-0_5__Seed-55.txt
alpha-0_5 folder,FedAVG,CIFAR10,0.05,0.5,56,10,5,381.36,1 x NVIDIA RTX A1000,Intel(R) Core(TM) i7-14700,test3_comunicacao,results/main_campaign_default_alpha_0_5/FedAVG-results/test3_comunicacao/CIFAR10/FedAVG__CIFAR10__Setup-5__Clients-5__Rounds-10__Delay-0_05__Alpha-0_5__Seed-56.txt
alpha-0_5 folder,FedAVG,CIFAR10,0.05,0.5,57,10,5,386.18,1 x NVIDIA RTX A1000,Intel(R) Core(TM) i7-14700,test3_comunicacao,results/main_campaign_default_alpha_0_5/FedAVG-results/test3_comunicacao/CIFAR10/FedAVG__CIFAR10__Setup-5__Clients-5__Rounds-10__Delay-0_05__Alpha-0_5__Seed-57.txt
alpha-0_5 folder,FedAVG,CIFAR10,0.05,0.5,58,10,5,387.16,1 x NVIDIA RTX A1000,Intel(R) Core(TM) i7-14700,test3_comunicacao,results/main_campaign_default_alpha_0_5/FedAVG-results/test3_comunicacao/CIFAR10/FedAVG__CIFAR10__Setup-5__Clients-5__Rounds-10__Delay-0_05__Alpha-0_5__Seed-58.txt
alpha-0_5 folder,FedAVG,CIFAR10,0.05,0.5,59,10,5,390.05,1 x NVIDIA RTX A1000,Intel(R) Core(TM) i7-14700,test3_comunicacao,results/main_campaign_default_alpha_0_5/FedAVG-results/test3_comunicacao/CIFAR10/FedAVG__CIFAR10__Setup-5__Clients-5__Rounds-10__Delay-0_05__Alpha-0_5__Seed-59.txt
alpha-0_5 folder,FedAVG,CIFAR10,0.05,0.5,60,10,5,387.36,1 x NVIDIA RTX A1000,Intel(R) Core(TM) i7-14700,test3_comunicacao,results/main_campaign_default_alpha_0_5/FedAVG-results/test3_comunicacao/CIFAR10/FedAVG__CIFAR10__Setup-5__Clients-5__Rounds-10__Delay-0_05__Alpha-0_5__Seed-60.txt
alpha-0_5 folder,FedAVG,CIFAR10,0.05,0.5,61,10,5,388.97,1 x NVIDIA RTX A1000,Intel(R) Core(TM) i7-14700,test3_comunicacao,results/main_campaign_default_alpha_0_5/FedAVG-results/test3_comunicacao/CIFAR10/FedAVG__CIFAR10__Setup-5__Clients-5__Rounds-10__Delay-0_05__Alpha-0_5__Seed-61.txt
alpha-0_5 folder,FedAVG,CIFAR10,0.05,0.5,62,10,5,386.95,1 x NVIDIA RTX A1000,Intel(R) Core(TM) i7-14700,test3_comunicacao,results/main_campaign_default_alpha_0_5/FedAVG-results/test3_comunicacao/CIFAR10/FedAVG__CIFAR10__Setup-5__Clients-5__Rounds-10__Delay-0_05__Alpha-0_5__Seed-62.txt
alpha-0_5 folder,FedAVG,CIFAR10,0.05,0.5,63,10,5,390.16,1 x NVIDIA RTX A1000,Intel(R) Core(TM) i7-14700,test3_comunicacao,results/main_campaign_default_alpha_0_5/FedAVG-results/test3_comunicacao/CIFAR10/FedAVG__CIFAR10__Setup-5__Clients-5__Rounds-10__Delay-0_05__Alpha-0_5__Seed-63.txt
alpha-0_5 folder,FedAVG,CIFAR10,0.05,0.5,64,10,5,388.08,1 x NVIDIA RTX A1000,Intel(R) Core(TM) i7-14700,test3_comunicacao,results/main_campaign_default_alpha_0_5/FedAVG-results/test3_comunicacao/CIFAR10/FedAVG__CIFAR10__Setup-5__Clients-5__Rounds-10__Delay-0_05__Alpha-0_5__Seed-64.txt
alpha-0_5 folder,FedAVG,CIFAR10,0.05,0.5,65,10,5,389.02,1 x NVIDIA RTX A1000,Intel(R) Core(TM) i7-14700,test3_comunicacao,results/main_campaign_default_alpha_0_5/FedAVG-results/test3_comunicacao/CIFAR10/FedAVG__CIFAR10__Setup-5__Clients-5__Rounds-10__Delay-0_05__Alpha-0_5__Seed-65.txt
alpha-0_5 folder,FedAVG,CIFAR10,0.05,0.5,66,10,5,389.38,1 x NVIDIA RTX A1000,Intel(R) Core(TM) i7-14700,test3_comunicacao,results/main_campaign_default_alpha_0_5/FedAVG-results/test3_comunicacao/CIFAR10/FedAVG__CIFAR10__Setup-5__Clients-5__Rounds-10__Delay-0_05__Alpha-0_5__Seed-66.txt
alpha-0_5 folder,FedAVG,CIFAR10,0.05,0.5,67,10,5,387.89,1 x NVIDIA RTX A1000,Intel(R) Core(TM) i7-14700,test3_comunicacao,results/main_campaign_default_alpha_0_5/FedAVG-results/test3_comunicacao/CIFAR10/FedAVG__CIFAR10__Setup-5__Clients-5__Rounds-10__Delay-0_05__Alpha-0_5__Seed-67.txt
alpha-0_5 folder,FedAVG,CIFAR10,0.05,0.5,68,10,5,389.37,1 x NVIDIA RTX A1000,Intel(R) Core(TM) i7-14700,test3_comunicacao,results/main_campaign_default_alpha_0_5/FedAVG-results/test3_comunicacao/CIFAR10/FedAVG__CIFAR10__Setup-5__Clients-5__Rounds-10__Delay-0_05__Alpha-0_5__Seed-68.txt
alpha-0_5 folder,FedAVG,CIFAR10,0.05,0.5,69,10,5,388.67,1 x NVIDIA RTX A1000,Intel(R) Core(TM) i7-14700,test3_comunicacao,results/main_campaign_default_alpha_0_5/FedAVG-results/test3_comunicacao/CIFAR10/FedAVG__CIFAR10__Setup-5__Clients-5__Rounds-10__Delay-0_05__Alpha-0_5__Seed-69.txt
alpha-0_5 folder,FedAVG,CIFAR10,0.05,0.5,70,10,5,390.29,1 x NVIDIA RTX A1000,Intel(R) Core(TM) i7-14700,test3_comunicacao,results/main_campaign_default_alpha_0_5/FedAVG-results/test3_comunicacao/CIFAR10/FedAVG__CIFAR10__Setup-5__Clients-5__Rounds-10__Delay-0_05__Alpha-0_5__Seed-70.txt
alpha-0_5 folder,FedAVG,CIFAR10,0.05,0.5,71,10,5,384.27,1 x NVIDIA RTX A1000,Intel(R) Core(TM) i7-14700,test3_comunicacao,results/main_campaign_default_alpha_0_5/FedAVG-results/test3_comunicacao/CIFAR10/FedAVG__CIFAR10__Setup-5__Clients-5__Rounds-10__Delay-0_05__Alpha-0_5__Seed-71.txt
alpha-0_5 folder,FedAVG,CIFAR10,0.1,0.5,42,10,5,392.61,1 x NVIDIA RTX A1000,Intel(R) Core(TM) i7-14700,test3_comunicacao,results/main_campaign_default_alpha_0_5/FedAVG-results/test3_comunicacao/CIFAR10/FedAVG__CIFAR10__Setup-5__Clients-5__Rounds-10__Delay-0_1__Alpha-0_5__Seed-42.txt
alpha-0_5 folder,FedAVG,CIFAR10,0.1,0.5,43,10,5,385.97,1 x NVIDIA RTX A1000,Intel(R) Core(TM) i7-14700,test3_comunicacao,results/main_campaign_default_alpha_0_5/FedAVG-results/test3_comunicacao/CIFAR10/FedAVG__CIFAR10__Setup-5__Clients-5__Rounds-10__Delay-0_1__Alpha-0_5__Seed-43.txt
alpha-0_5 folder,FedAVG,CIFAR10,0.1,0.5,44,10,5,388.92,1 x NVIDIA RTX A1000,Intel(R) Core(TM) i7-14700,test3_comunicacao,results/main_campaign_default_alpha_0_5/FedAVG-results/test3_comunicacao/CIFAR10/FedAVG__CIFAR10__Setup-5__Clients-5__Rounds-10__Delay-0_1__Alpha-0_5__Seed-44.txt
alpha-0_5 folder,FedAVG,CIFAR10,0.1,0.5,45,10,5,392.05,1 x NVIDIA RTX A1000,Intel(R) Core(TM) i7-14700,test3_comunicacao,results/main_campaign_default_alpha_0_5/FedAVG-results/test3_comunicacao/CIFAR10/FedAVG__CIFAR10__Setup-5__Clients-5__Rounds-10__Delay-0_1__Alpha-0_5__Seed-45.txt
alpha-0_5 folder,FedAVG,CIFAR10,0.1,0.5,46,10,5,385.17,1 x NVIDIA RTX A1000,Intel(R) Core(TM) i7-14700,test3_comunicacao,results/main_campaign_default_alpha_0_5/FedAVG-results/test3_comunicacao/CIFAR10/FedAVG__CIFAR10__Setup-5__Clients-5__Rounds-10__Delay-0_1__Alpha-0_5__Seed-46.txt
alpha-0_5 folder,FedAVG,CIFAR10,0.1,0.5,47,10,5,391.16,1 x NVIDIA RTX A1000,Intel(R) Core(TM) i7-14700,test3_comunicacao,results/main_campaign_default_alpha_0_5/FedAVG-results/test3_comunicacao/CIFAR10/FedAVG__CIFAR10__Setup-5__Clients-5__Rounds-10__Delay-0_1__Alpha-0_5__Seed-47.txt
alpha-0_5 folder,FedAVG,CIFAR10,0.1,0.5,48,10,5,386.38,1 x NVIDIA RTX A1000,Intel(R) Core(TM) i7-14700,test3_comunicacao,results/main_campaign_default_alpha_0_5/FedAVG-results/test3_comunicacao/CIFAR10/FedAVG__CIFAR10__Setup-5__Clients-5__Rounds-10__Delay-0_1__Alpha-0_5__Seed-48.txt
alpha-0_5 folder,FedAVG,CIFAR10,0.1,0.5,49,10,5,391.46,1 x NVIDIA RTX A1000,Intel(R) Core(TM) i7-14700,test3_comunicacao,results/main_campaign_default_alpha_0_5/FedAVG-results/test3_comunicacao/CIFAR10/FedAVG__CIFAR10__Setup-5__Clients-5__Rounds-10__Delay-0_1__Alpha-0_5__Seed-49.txt
alpha-0_5 folder,FedAVG,CIFAR10,0.1,0.5,50,10,5,388.54,1 x NVIDIA RTX A1000,Intel(R) Core(TM) i7-14700,test3_comunicacao,results/main_campaign_default_alpha_0_5/FedAVG-results/test3_comunicacao/CIFAR10/FedAVG__CIFAR10__Setup-5__Clients-5__Rounds-10__Delay-0_1__Alpha-0_5__Seed-50.txt
alpha-0_5 folder,FedAVG,CIFAR10,0.1,0.5,51,10,5,390.40,1 x NVIDIA RTX A1000,Intel(R) Core(TM) i7-14700,test3_comunicacao,results/main_campaign_default_alpha_0_5/FedAVG-results/test3_comunicacao/CIFAR10/FedAVG__CIFAR10__Setup-5__Clients-5__Rounds-10__Delay-0_1__Alpha-0_5__Seed-51.txt
alpha-0_5 folder,FedAVG,CIFAR10,0.1,0.5,52,10,5,390.44,1 x NVIDIA RTX A1000,Intel(R) Core(TM) i7-14700,test3_comunicacao,results/main_campaign_default_alpha_0_5/FedAVG-results/test3_comunicacao/CIFAR10/FedAVG__CIFAR10__Setup-5__Clients-5__Rounds-10__Delay-0_1__Alpha-0_5__Seed-52.txt
alpha-0_5 folder,FedAVG,CIFAR10,0.1,0.5,53,10,5,381.82,1 x NVIDIA RTX A1000,Intel(R) Core(TM) i7-14700,test3_comunicacao,results/main_campaign_default_alpha_0_5/FedAVG-results/test3_comunicacao/CIFAR10/FedAVG__CIFAR10__Setup-5__Clients-5__Rounds-10__Delay-0_1__Alpha-0_5__Seed-53.txt
alpha-0_5 folder,FedAVG,CIFAR10,0.1,0.5,54,10,5,388.78,1 x NVIDIA RTX A1000,Intel(R) Core(TM) i7-14700,test3_comunicacao,results/main_campaign_default_alpha_0_5/FedAVG-results/test3_comunicacao/CIFAR10/FedAVG__CIFAR10__Setup-5__Clients-5__Rounds-10__Delay-0_1__Alpha-0_5__Seed-54.txt
alpha-0_5 folder,FedAVG,CIFAR10,0.1,0.5,55,10,5,389.09,1 x NVIDIA RTX A1000,Intel(R) Core(TM) i7-14700,test3_comunicacao,results/main_campaign_default_alpha_0_5/FedAVG-results/test3_comunicacao/CIFAR10/FedAVG__CIFAR10__Setup-5__Clients-5__Rounds-10__Delay-0_1__Alpha-0_5__Seed-55.txt
alpha-0_5 folder,FedAVG,CIFAR10,0.1,0.5,56,10,5,385.50,1 x NVIDIA RTX A1000,Intel(R) Core(TM) i7-14700,test3_comunicacao,results/main_campaign_default_alpha_0_5/FedAVG-results/test3_comunicacao/CIFAR10/FedAVG__CIFAR10__Setup-5__Clients-5__Rounds-10__Delay-0_1__Alpha-0_5__Seed-56.txt
alpha-0_5 folder,FedAVG,CIFAR10,0.1,0.5,57,10,5,387.96,1 x NVIDIA RTX A1000,Intel(R) Core(TM) i7-14700,test3_comunicacao,results/main_campaign_default_alpha_0_5/FedAVG-results/test3_comunicacao/CIFAR10/FedAVG__CIFAR10__Setup-5__Clients-5__Rounds-10__Delay-0_1__Alpha-0_5__Seed-57.txt
alpha-0_5 folder,FedAVG,CIFAR10,0.1,0.5,58,10,5,389.39,1 x NVIDIA RTX A1000,Intel(R) Core(TM) i7-14700,test3_comunicacao,results/main_campaign_default_alpha_0_5/FedAVG-results/test3_comunicacao/CIFAR10/FedAVG__CIFAR10__Setup-5__Clients-5__Rounds-10__Delay-0_1__Alpha-0_5__Seed-58.txt
alpha-0_5 folder,FedAVG,CIFAR10,0.1,0.5,59,10,5,389.78,1 x NVIDIA RTX A1000,Intel(R) Core(TM) i7-14700,test3_comunicacao,results/main_campaign_default_alpha_0_5/FedAVG-results/test3_comunicacao/CIFAR10/FedAVG__CIFAR10__Setup-5__Clients-5__Rounds-10__Delay-0_1__Alpha-0_5__Seed-59.txt
alpha-0_5 folder,FedAVG,CIFAR10,0.1,0.5,60,10,5,389.70,1 x NVIDIA RTX A1000,Intel(R) Core(TM) i7-14700,test3_comunicacao,results/main_campaign_default_alpha_0_5/FedAVG-results/test3_comunicacao/CIFAR10/FedAVG__CIFAR10__Setup-5__Clients-5__Rounds-10__Delay-0_1__Alpha-0_5__Seed-60.txt
alpha-0_5 folder,FedAVG,CIFAR10,0.1,0.5,61,10,5,389.41,1 x NVIDIA RTX A1000,Intel(R) Core(TM) i7-14700,test3_comunicacao,results/main_campaign_default_alpha_0_5/FedAVG-results/test3_comunicacao/CIFAR10/FedAVG__CIFAR10__Setup-5__Clients-5__Rounds-10__Delay-0_1__Alpha-0_5__Seed-61.txt
alpha-0_5 folder,FedAVG,CIFAR10,0.1,0.5,62,10,5,385.57,1 x NVIDIA RTX A1000,Intel(R) Core(TM) i7-14700,test3_comunicacao,results/main_campaign_default_alpha_0_5/FedAVG-results/test3_comunicacao/CIFAR10/FedAVG__CIFAR10__Setup-5__Clients-5__Rounds-10__Delay-0_1__Alpha-0_5__Seed-62.txt
alpha-0_5 folder,FedAVG,CIFAR10,0.1,0.5,63,10,5,388.01,1 x NVIDIA RTX A1000,Intel(R) Core(TM) i7-14700,test3_comunicacao,results/main_campaign_default_alpha_0_5/FedAVG-results/test3_comunicacao/CIFAR10/FedAVG__CIFAR10__Setup-5__Clients-5__Rounds-10__Delay-0_1__Alpha-0_5__Seed-63.txt
alpha-0_5 folder,FedAVG,CIFAR10,0.1,0.5,64,10,5,387.17,1 x NVIDIA RTX A1000,Intel(R) Core(TM) i7-14700,test3_comunicacao,results/main_campaign_default_alpha_0_5/FedAVG-results/test3_comunicacao/CIFAR10/FedAVG__CIFAR10__Setup-5__Clients-5__Rounds-10__Delay-0_1__Alpha-0_5__Seed-64.txt
alpha-0_5 folder,FedAVG,CIFAR10,0.1,0.5,65,10,5,388.35,1 x NVIDIA RTX A1000,Intel(R) Core(TM) i7-14700,test3_comunicacao,results/main_campaign_default_alpha_0_5/FedAVG-results/test3_comunicacao/CIFAR10/FedAVG__CIFAR10__Setup-5__Clients-5__Rounds-10__Delay-0_1__Alpha-0_5__Seed-65.txt
alpha-0_5 folder,FedAVG,CIFAR10,0.1,0.5,66,10,5,388.48,1 x NVIDIA RTX A1000,Intel(R) Core(TM) i7-14700,test3_comunicacao,results/main_campaign_default_alpha_0_5/FedAVG-results/test3_comunicacao/CIFAR10/FedAVG__CIFAR10__Setup-5__Clients-5__Rounds-10__Delay-0_1__Alpha-0_5__Seed-66.txt
alpha-0_5 folder,FedAVG,CIFAR10,0.1,0.5,67,10,5,386.81,1 x NVIDIA RTX A1000,Intel(R) Core(TM) i7-14700,test3_comunicacao,results/main_campaign_default_alpha_0_5/FedAVG-results/test3_comunicacao/CIFAR10/FedAVG__CIFAR10__Setup-5__Clients-5__Rounds-10__Delay-0_1__Alpha-0_5__Seed-67.txt
alpha-0_5 folder,FedAVG,CIFAR10,0.1,0.5,68,10,5,388.74,1 x NVIDIA RTX A1000,Intel(R) Core(TM) i7-14700,test3_comunicacao,results/main_campaign_default_alpha_0_5/FedAVG-results/test3_comunicacao/CIFAR10/FedAVG__CIFAR10__Setup-5__Clients-5__Rounds-10__Delay-0_1__Alpha-0_5__Seed-68.txt
alpha-0_5 folder,FedAVG,CIFAR10,0.1,0.5,69,10,5,388.39,1 x NVIDIA RTX A1000,Intel(R) Core(TM) i7-14700,test3_comunicacao,results/main_campaign_default_alpha_0_5/FedAVG-results/test3_comunicacao/CIFAR10/FedAVG__CIFAR10__Setup-5__Clients-5__Rounds-10__Delay-0_1__Alpha-0_5__Seed-69.txt
alpha-0_5 folder,FedAVG,CIFAR10,0.1,0.5,70,10,5,389.36,1 x NVIDIA RTX A1000,Intel(R) Core(TM) i7-14700,test3_comunicacao,results/main_campaign_default_alpha_0_5/FedAVG-results/test3_comunicacao/CIFAR10/FedAVG__CIFAR10__Setup-5__Clients-5__Rounds-10__Delay-0_1__Alpha-0_5__Seed-70.txt
alpha-0_5 folder,FedAVG,CIFAR10,0.1,0.5,71,10,5,383.24,1 x NVIDIA RTX A1000,Intel(R) Core(TM) i7-14700,test3_comunicacao,results/main_campaign_default_alpha_0_5/FedAVG-results/test3_comunicacao/CIFAR10/FedAVG__CIFAR10__Setup-5__Clients-5__Rounds-10__Delay-0_1__Alpha-0_5__Seed-71.txt
alpha-0_5 folder,FedAVG,CIFAR10,0.5,0.5,42,10,5,402.89,1 x NVIDIA RTX A1000,Intel(R) Core(TM) i7-14700,test3_comunicacao,results/main_campaign_default_alpha_0_5/FedAVG-results/test3_comunicacao/CIFAR10/FedAVG__CIFAR10__Setup-5__Clients-5__Rounds-10__Delay-0_5__Alpha-0_5__Seed-42.txt
alpha-0_5 folder,FedAVG,CIFAR10,0.5,0.5,43,10,5,400.65,1 x NVIDIA RTX A1000,Intel(R) Core(TM) i7-14700,test3_comunicacao,results/main_campaign_default_alpha_0_5/FedAVG-results/test3_comunicacao/CIFAR10/FedAVG__CIFAR10__Setup-5__Clients-5__Rounds-10__Delay-0_5__Alpha-0_5__Seed-43.txt
alpha-0_5 folder,FedAVG,CIFAR10,0.5,0.5,44,10,5,399.70,1 x NVIDIA RTX A1000,Intel(R) Core(TM) i7-14700,test3_comunicacao,results/main_campaign_default_alpha_0_5/FedAVG-results/test3_comunicacao/CIFAR10/FedAVG__CIFAR10__Setup-5__Clients-5__Rounds-10__Delay-0_5__Alpha-0_5__Seed-44.txt
alpha-0_5 folder,FedAVG,CIFAR10,0.5,0.5,45,10,5,400.92,1 x NVIDIA RTX A1000,Intel(R) Core(TM) i7-14700,test3_comunicacao,results/main_campaign_default_alpha_0_5/FedAVG-results/test3_comunicacao/CIFAR10/FedAVG__CIFAR10__Setup-5__Clients-5__Rounds-10__Delay-0_5__Alpha-0_5__Seed-45.txt
alpha-0_5 folder,FedAVG,CIFAR10,0.5,0.5,46,10,5,393.94,1 x NVIDIA RTX A1000,Intel(R) Core(TM) i7-14700,test3_comunicacao,results/main_campaign_default_alpha_0_5/FedAVG-results/test3_comunicacao/CIFAR10/FedAVG__CIFAR10__Setup-5__Clients-5__Rounds-10__Delay-0_5__Alpha-0_5__Seed-46.txt
alpha-0_5 folder,FedAVG,CIFAR10,0.5,0.5,47,10,5,401.75,1 x NVIDIA RTX A1000,Intel(R) Core(TM) i7-14700,test3_comunicacao,results/main_campaign_default_alpha_0_5/FedAVG-results/test3_comunicacao/CIFAR10/FedAVG__CIFAR10__Setup-5__Clients-5__Rounds-10__Delay-0_5__Alpha-0_5__Seed-47.txt
alpha-0_5 folder,FedAVG,CIFAR10,0.5,0.5,48,10,5,395.25,1 x NVIDIA RTX A1000,Intel(R) Core(TM) i7-14700,test3_comunicacao,results/main_campaign_default_alpha_0_5/FedAVG-results/test3_comunicacao/CIFAR10/FedAVG__CIFAR10__Setup-5__Clients-5__Rounds-10__Delay-0_5__Alpha-0_5__Seed-48.txt
alpha-0_5 folder,FedAVG,CIFAR10,0.5,0.5,49,10,5,400.27,1 x NVIDIA RTX A1000,Intel(R) Core(TM) i7-14700,test3_comunicacao,results/main_campaign_default_alpha_0_5/FedAVG-results/test3_comunicacao/CIFAR10/FedAVG__CIFAR10__Setup-5__Clients-5__Rounds-10__Delay-0_5__Alpha-0_5__Seed-49.txt
alpha-0_5 folder,FedAVG,CIFAR10,0.5,0.5,50,10,5,400.42,1 x NVIDIA RTX A1000,Intel(R) Core(TM) i7-14700,test3_comunicacao,results/main_campaign_default_alpha_0_5/FedAVG-results/test3_comunicacao/CIFAR10/FedAVG__CIFAR10__Setup-5__Clients-5__Rounds-10__Delay-0_5__Alpha-0_5__Seed-50.txt
alpha-0_5 folder,FedAVG,CIFAR10,0.5,0.5,51,10,5,400.92,1 x NVIDIA RTX A1000,Intel(R) Core(TM) i7-14700,test3_comunicacao,results/main_campaign_default_alpha_0_5/FedAVG-results/test3_comunicacao/CIFAR10/FedAVG__CIFAR10__Setup-5__Clients-5__Rounds-10__Delay-0_5__Alpha-0_5__Seed-51.txt
alpha-0_5 folder,FedAVG,CIFAR10,0.5,0.5,52,10,5,400.90,1 x NVIDIA RTX A1000,Intel(R) Core(TM) i7-14700,test3_comunicacao,results/main_campaign_default_alpha_0_5/FedAVG-results/test3_comunicacao/CIFAR10/FedAVG__CIFAR10__Setup-5__Clients-5__Rounds-10__Delay-0_5__Alpha-0_5__Seed-52.txt
alpha-0_5 folder,FedAVG,CIFAR10,0.5,0.5,53,10,5,393.68,1 x NVIDIA RTX A1000,Intel(R) Core(TM) i7-14700,test3_comunicacao,results/main_campaign_default_alpha_0_5/FedAVG-results/test3_comunicacao/CIFAR10/FedAVG__CIFAR10__Setup-5__Clients-5__Rounds-10__Delay-0_5__Alpha-0_5__Seed-53.txt
alpha-0_5 folder,FedAVG,CIFAR10,0.5,0.5,54,10,5,398.80,1 x NVIDIA RTX A1000,Intel(R) Core(TM) i7-14700,test3_comunicacao,results/main_campaign_default_alpha_0_5/FedAVG-results/test3_comunicacao/CIFAR10/FedAVG__CIFAR10__Setup-5__Clients-5__Rounds-10__Delay-0_5__Alpha-0_5__Seed-54.txt
alpha-0_5 folder,FedAVG,CIFAR10,0.5,0.5,55,10,5,399.69,1 x NVIDIA RTX A1000,Intel(R) Core(TM) i7-14700,test3_comunicacao,results/main_campaign_default_alpha_0_5/FedAVG-results/test3_comunicacao/CIFAR10/FedAVG__CIFAR10__Setup-5__Clients-5__Rounds-10__Delay-0_5__Alpha-0_5__Seed-55.txt
alpha-0_5 folder,FedAVG,CIFAR10,0.5,0.5,56,10,5,394.48,1 x NVIDIA RTX A1000,Intel(R) Core(TM) i7-14700,test3_comunicacao,results/main_campaign_default_alpha_0_5/FedAVG-results/test3_comunicacao/CIFAR10/FedAVG__CIFAR10__Setup-5__Clients-5__Rounds-10__Delay-0_5__Alpha-0_5__Seed-56.txt
alpha-0_5 folder,FedAVG,CIFAR10,0.5,0.5,57,10,5,400.30,1 x NVIDIA RTX A1000,Intel(R) Core(TM) i7-14700,test3_comunicacao,results/main_campaign_default_alpha_0_5/FedAVG-results/test3_comunicacao/CIFAR10/FedAVG__CIFAR10__Setup-5__Clients-5__Rounds-10__Delay-0_5__Alpha-0_5__Seed-57.txt
alpha-0_5 folder,FedAVG,CIFAR10,0.5,0.5,58,10,5,400.24,1 x NVIDIA RTX A1000,Intel(R) Core(TM) i7-14700,test3_comunicacao,results/main_campaign_default_alpha_0_5/FedAVG-results/test3_comunicacao/CIFAR10/FedAVG__CIFAR10__Setup-5__Clients-5__Rounds-10__Delay-0_5__Alpha-0_5__Seed-58.txt
alpha-0_5 folder,FedAVG,CIFAR10,0.5,0.5,59,10,5,400.77,1 x NVIDIA RTX A1000,Intel(R) Core(TM) i7-14700,test3_comunicacao,results/main_campaign_default_alpha_0_5/FedAVG-results/test3_comunicacao/CIFAR10/FedAVG__CIFAR10__Setup-5__Clients-5__Rounds-10__Delay-0_5__Alpha-0_5__Seed-59.txt
alpha-0_5 folder,FedAVG,CIFAR10,0.5,0.5,60,10,5,401.92,1 x NVIDIA RTX A1000,Intel(R) Core(TM) i7-14700,test3_comunicacao,results/main_campaign_default_alpha_0_5/FedAVG-results/test3_comunicacao/CIFAR10/FedAVG__CIFAR10__Setup-5__Clients-5__Rounds-10__Delay-0_5__Alpha-0_5__Seed-60.txt
alpha-0_5 folder,FedAVG,CIFAR10,0.5,0.5,61,10,5,400.90,1 x NVIDIA RTX A1000,Intel(R) Core(TM) i7-14700,test3_comunicacao,results/main_campaign_default_alpha_0_5/FedAVG-results/test3_comunicacao/CIFAR10/FedAVG__CIFAR10__Setup-5__Clients-5__Rounds-10__Delay-0_5__Alpha-0_5__Seed-61.txt
alpha-0_5 folder,FedAVG,CIFAR10,0.5,0.5,62,10,5,398.84,1 x NVIDIA RTX A1000,Intel(R) Core(TM) i7-14700,test3_comunicacao,results/main_campaign_default_alpha_0_5/FedAVG-results/test3_comunicacao/CIFAR10/FedAVG__CIFAR10__Setup-5__Clients-5__Rounds-10__Delay-0_5__Alpha-0_5__Seed-62.txt
alpha-0_5 folder,FedAVG,CIFAR10,0.5,0.5,63,10,5,399.75,1 x NVIDIA RTX A1000,Intel(R) Core(TM) i7-14700,test3_comunicacao,results/main_campaign_default_alpha_0_5/FedAVG-results/test3_comunicacao/CIFAR10/FedAVG__CIFAR10__Setup-5__Clients-5__Rounds-10__Delay-0_5__Alpha-0_5__Seed-63.txt
alpha-0_5 folder,FedAVG,CIFAR10,0.5,0.5,64,10,5,399.07,1 x NVIDIA RTX A1000,Intel(R) Core(TM) i7-14700,test3_comunicacao,results/main_campaign_default_alpha_0_5/FedAVG-results/test3_comunicacao/CIFAR10/FedAVG__CIFAR10__Setup-5__Clients-5__Rounds-10__Delay-0_5__Alpha-0_5__Seed-64.txt
alpha-0_5 folder,FedAVG,CIFAR10,0.5,0.5,65,10,5,400.28,1 x NVIDIA RTX A1000,Intel(R) Core(TM) i7-14700,test3_comunicacao,results/main_campaign_default_alpha_0_5/FedAVG-results/test3_comunicacao/CIFAR10/FedAVG__CIFAR10__Setup-5__Clients-5__Rounds-10__Delay-0_5__Alpha-0_5__Seed-65.txt
alpha-0_5 folder,FedAVG,CIFAR10,0.5,0.5,66,10,5,400.87,1 x NVIDIA RTX A1000,Intel(R) Core(TM) i7-14700,test3_comunicacao,results/main_campaign_default_alpha_0_5/FedAVG-results/test3_comunicacao/CIFAR10/FedAVG__CIFAR10__Setup-5__Clients-5__Rounds-10__Delay-0_5__Alpha-0_5__Seed-66.txt
alpha-0_5 folder,FedAVG,CIFAR10,0.5,0.5,67,10,5,399.91,1 x NVIDIA RTX A1000,Intel(R) Core(TM) i7-14700,test3_comunicacao,results/main_campaign_default_alpha_0_5/FedAVG-results/test3_comunicacao/CIFAR10/FedAVG__CIFAR10__Setup-5__Clients-5__Rounds-10__Delay-0_5__Alpha-0_5__Seed-67.txt
alpha-0_5 folder,FedAVG,CIFAR10,0.5,0.5,68,10,5,403.57,1 x NVIDIA RTX A1000,Intel(R) Core(TM) i7-14700,test3_comunicacao,results/main_campaign_default_alpha_0_5/FedAVG-results/test3_comunicacao/CIFAR10/FedAVG__CIFAR10__Setup-5__Clients-5__Rounds-10__Delay-0_5__Alpha-0_5__Seed-68.txt
alpha-0_5 folder,FedAVG,CIFAR10,0.5,0.5,69,10,5,402.88,1 x NVIDIA RTX A1000,Intel(R) Core(TM) i7-14700,test3_comunicacao,results/main_campaign_default_alpha_0_5/FedAVG-results/test3_comunicacao/CIFAR10/FedAVG__CIFAR10__Setup-5__Clients-5__Rounds-10__Delay-0_5__Alpha-0_5__Seed-69.txt
alpha-0_5 folder,FedAVG,CIFAR10,0.5,0.5,70,10,5,399.76,1 x NVIDIA RTX A1000,Intel(R) Core(TM) i7-14700,test3_comunicacao,results/main_campaign_default_alpha_0_5/FedAVG-results/test3_comunicacao/CIFAR10/FedAVG__CIFAR10__Setup-5__Clients-5__Rounds-10__Delay-0_5__Alpha-0_5__Seed-70.txt
alpha-0_5 folder,FedAVG,CIFAR10,0.5,0.5,71,10,5,394.13,1 x NVIDIA RTX A1000,Intel(R) Core(TM) i7-14700,test3_comunicacao,results/main_campaign_default_alpha_0_5/FedAVG-results/test3_comunicacao/CIFAR10/FedAVG__CIFAR10__Setup-5__Clients-5__Rounds-10__Delay-0_5__Alpha-0_5__Seed-71.txt
alpha-0_5 folder,FedAVG,FashionMNIST,0.05,0.5,42,10,5,134.00,1 x NVIDIA RTX A1000,Intel(R) Core(TM) i7-14700,test3_comunicacao,results/main_campaign_default_alpha_0_5/FedAVG-results/test3_comunicacao/FashionMNIST/FedAVG__FashionMNIST__Setup-5__Clients-5__Rounds-10__Delay-0_05__Alpha-0_5__Seed-42.txt
alpha-0_5 folder,FedAVG,FashionMNIST,0.05,0.5,43,10,5,133.35,1 x NVIDIA RTX A1000,Intel(R) Core(TM) i7-14700,test3_comunicacao,results/main_campaign_default_alpha_0_5/FedAVG-results/test3_comunicacao/FashionMNIST/FedAVG__FashionMNIST__Setup-5__Clients-5__Rounds-10__Delay-0_05__Alpha-0_5__Seed-43.txt
alpha-0_5 folder,FedAVG,FashionMNIST,0.05,0.5,44,10,5,124.17,1 x NVIDIA RTX A1000,Intel(R) Core(TM) i7-14700,test3_comunicacao,results/main_campaign_default_alpha_0_5/FedAVG-results/test3_comunicacao/FashionMNIST/FedAVG__FashionMNIST__Setup-5__Clients-5__Rounds-10__Delay-0_05__Alpha-0_5__Seed-44.txt
alpha-0_5 folder,FedAVG,FashionMNIST,0.05,0.5,45,10,5,118.57,1 x NVIDIA RTX A1000,Intel(R) Core(TM) i7-14700,test3_comunicacao,results/main_campaign_default_alpha_0_5/FedAVG-results/test3_comunicacao/FashionMNIST/FedAVG__FashionMNIST__Setup-5__Clients-5__Rounds-10__Delay-0_05__Alpha-0_5__Seed-45.txt
alpha-0_5 folder,FedAVG,FashionMNIST,0.05,0.5,46,10,5,149.48,1 x NVIDIA RTX A1000,Intel(R) Core(TM) i7-14700,test3_comunicacao,results/main_campaign_default_alpha_0_5/FedAVG-results/test3_comunicacao/FashionMNIST/FedAVG__FashionMNIST__Setup-5__Clients-5__Rounds-10__Delay-0_05__Alpha-0_5__Seed-46.txt
alpha-0_5 folder,FedAVG,FashionMNIST,0.05,0.5,47,10,5,136.17,1 x NVIDIA RTX A1000,Intel(R) Core(TM) i7-14700,test3_comunicacao,results/main_campaign_default_alpha_0_5/FedAVG-results/test3_comunicacao/FashionMNIST/FedAVG__FashionMNIST__Setup-5__Clients-5__Rounds-10__Delay-0_05__Alpha-0_5__Seed-47.txt
alpha-0_5 folder,FedAVG,FashionMNIST,0.05,0.5,48,10,5,140.50,1 x NVIDIA RTX A1000,Intel(R) Core(TM) i7-14700,test3_comunicacao,results/main_campaign_default_alpha_0_5/FedAVG-results/test3_comunicacao/FashionMNIST/FedAVG__FashionMNIST__Setup-5__Clients-5__Rounds-10__Delay-0_05__Alpha-0_5__Seed-48.txt
alpha-0_5 folder,FedAVG,FashionMNIST,0.05,0.5,49,10,5,124.88,1 x NVIDIA RTX A1000,Intel(R) Core(TM) i7-14700,test3_comunicacao,results/main_campaign_default_alpha_0_5/FedAVG-results/test3_comunicacao/FashionMNIST/FedAVG__FashionMNIST__Setup-5__Clients-5__Rounds-10__Delay-0_05__Alpha-0_5__Seed-49.txt
alpha-0_5 folder,FedAVG,FashionMNIST,0.05,0.5,50,10,5,129.04,1 x NVIDIA RTX A1000,Intel(R) Core(TM) i7-14700,test3_comunicacao,results/main_campaign_default_alpha_0_5/FedAVG-results/test3_comunicacao/FashionMNIST/FedAVG__FashionMNIST__Setup-5__Clients-5__Rounds-10__Delay-0_05__Alpha-0_5__Seed-50.txt
alpha-0_5 folder,FedAVG,FashionMNIST,0.05,0.5,51,10,5,135.17,1 x NVIDIA RTX A1000,Intel(R) Core(TM) i7-14700,test3_comunicacao,results/main_campaign_default_alpha_0_5/FedAVG-results/test3_comunicacao/FashionMNIST/FedAVG__FashionMNIST__Setup-5__Clients-5__Rounds-10__Delay-0_05__Alpha-0_5__Seed-51.txt
alpha-0_5 folder,FedAVG,FashionMNIST,0.05,0.5,52,10,5,120.11,1 x NVIDIA RTX A1000,Intel(R) Core(TM) i7-14700,test3_comunicacao,results/main_campaign_default_alpha_0_5/FedAVG-results/test3_comunicacao/FashionMNIST/FedAVG__FashionMNIST__Setup-5__Clients-5__Rounds-10__Delay-0_05__Alpha-0_5__Seed-52.txt
alpha-0_5 folder,FedAVG,FashionMNIST,0.05,0.5,53,10,5,149.69,1 x NVIDIA RTX A1000,Intel(R) Core(TM) i7-14700,test3_comunicacao,results/main_campaign_default_alpha_0_5/FedAVG-results/test3_comunicacao/FashionMNIST/FedAVG__FashionMNIST__Setup-5__Clients-5__Rounds-10__Delay-0_05__Alpha-0_5__Seed-53.txt
alpha-0_5 folder,FedAVG,FashionMNIST,0.05,0.5,54,10,5,136.00,1 x NVIDIA RTX A1000,Intel(R) Core(TM) i7-14700,test3_comunicacao,results/main_campaign_default_alpha_0_5/FedAVG-results/test3_comunicacao/FashionMNIST/FedAVG__FashionMNIST__Setup-5__Clients-5__Rounds-10__Delay-0_05__Alpha-0_5__Seed-54.txt
alpha-0_5 folder,FedAVG,FashionMNIST,0.05,0.5,55,10,5,133.94,1 x NVIDIA RTX A1000,Intel(R) Core(TM) i7-14700,test3_comunicacao,results/main_campaign_default_alpha_0_5/FedAVG-results/test3_comunicacao/FashionMNIST/FedAVG__FashionMNIST__Setup-5__Clients-5__Rounds-10__Delay-0_05__Alpha-0_5__Seed-55.txt
alpha-0_5 folder,FedAVG,FashionMNIST,0.05,0.5,56,10,5,150.80,1 x NVIDIA RTX A1000,Intel(R) Core(TM) i7-14700,test3_comunicacao,results/main_campaign_default_alpha_0_5/FedAVG-results/test3_comunicacao/FashionMNIST/FedAVG__FashionMNIST__Setup-5__Clients-5__Rounds-10__Delay-0_05__Alpha-0_5__Seed-56.txt
alpha-0_5 folder,FedAVG,FashionMNIST,0.05,0.5,57,10,5,156.70,1 x NVIDIA RTX A1000,Intel(R) Core(TM) i7-14700,test3_comunicacao,results/main_campaign_default_alpha_0_5/FedAVG-results/test3_comunicacao/FashionMNIST/FedAVG__FashionMNIST__Setup-5__Clients-5__Rounds-10__Delay-0_05__Alpha-0_5__Seed-57.txt
alpha-0_5 folder,FedAVG,FashionMNIST,0.05,0.5,58,10,5,125.39,1 x NVIDIA RTX A1000,Intel(R) Core(TM) i7-14700,test3_comunicacao,results/main_campaign_default_alpha_0_5/FedAVG-results/test3_comunicacao/FashionMNIST/FedAVG__FashionMNIST__Setup-5__Clients-5__Rounds-10__Delay-0_05__Alpha-0_5__Seed-58.txt
alpha-0_5 folder,FedAVG,FashionMNIST,0.05,0.5,59,10,5,140.50,1 x NVIDIA RTX A1000,Intel(R) Core(TM) i7-14700,test3_comunicacao,results/main_campaign_default_alpha_0_5/FedAVG-results/test3_comunicacao/FashionMNIST/FedAVG__FashionMNIST__Setup-5__Clients-5__Rounds-10__Delay-0_05__Alpha-0_5__Seed-59.txt
alpha-0_5 folder,FedAVG,FashionMNIST,0.05,0.5,60,10,5,114.49,1 x NVIDIA RTX A1000,Intel(R) Core(TM) i7-14700,test3_comunicacao,results/main_campaign_default_alpha_0_5/FedAVG-results/test3_comunicacao/FashionMNIST/FedAVG__FashionMNIST__Setup-5__Clients-5__Rounds-10__Delay-0_05__Alpha-0_5__Seed-60.txt
alpha-0_5 folder,FedAVG,FashionMNIST,0.05,0.5,61,10,5,123.93,1 x NVIDIA RTX A1000,Intel(R) Core(TM) i7-14700,test3_comunicacao,results/main_campaign_default_alpha_0_5/FedAVG-results/test3_comunicacao/FashionMNIST/FedAVG__FashionMNIST__Setup-5__Clients-5__Rounds-10__Delay-0_05__Alpha-0_5__Seed-61.txt
alpha-0_5 folder,FedAVG,FashionMNIST,0.05,0.5,62,10,5,136.21,1 x NVIDIA RTX A1000,Intel(R) Core(TM) i7-14700,test3_comunicacao,results/main_campaign_default_alpha_0_5/FedAVG-results/test3_comunicacao/FashionMNIST/FedAVG__FashionMNIST__Setup-5__Clients-5__Rounds-10__Delay-0_05__Alpha-0_5__Seed-62.txt
alpha-0_5 folder,FedAVG,FashionMNIST,0.05,0.5,63,10,5,116.14,1 x NVIDIA RTX A1000,Intel(R) Core(TM) i7-14700,test3_comunicacao,results/main_campaign_default_alpha_0_5/FedAVG-results/test3_comunicacao/FashionMNIST/FedAVG__FashionMNIST__Setup-5__Clients-5__Rounds-10__Delay-0_05__Alpha-0_5__Seed-63.txt
alpha-0_5 folder,FedAVG,FashionMNIST,0.05,0.5,64,10,5,123.14,1 x NVIDIA RTX A1000,Intel(R) Core(TM) i7-14700,test3_comunicacao,results/main_campaign_default_alpha_0_5/FedAVG-results/test3_comunicacao/FashionMNIST/FedAVG__FashionMNIST__Setup-5__Clients-5__Rounds-10__Delay-0_05__Alpha-0_5__Seed-64.txt
alpha-0_5 folder,FedAVG,FashionMNIST,0.05,0.5,65,10,5,121.23,1 x NVIDIA RTX A1000,Intel(R) Core(TM) i7-14700,test3_comunicacao,results/main_campaign_default_alpha_0_5/FedAVG-results/test3_comunicacao/FashionMNIST/FedAVG__FashionMNIST__Setup-5__Clients-5__Rounds-10__Delay-0_05__Alpha-0_5__Seed-65.txt
alpha-0_5 folder,FedAVG,FashionMNIST,0.05,0.5,66,10,5,119.56,1 x NVIDIA RTX A1000,Intel(R) Core(TM) i7-14700,test3_comunicacao,results/main_campaign_default_alpha_0_5/FedAVG-results/test3_comunicacao/FashionMNIST/FedAVG__FashionMNIST__Setup-5__Clients-5__Rounds-10__Delay-0_05__Alpha-0_5__Seed-66.txt
alpha-0_5 folder,FedAVG,FashionMNIST,0.05,0.5,67,10,5,125.47,1 x NVIDIA RTX A1000,Intel(R) Core(TM) i7-14700,test3_comunicacao,results/main_campaign_default_alpha_0_5/FedAVG-results/test3_comunicacao/FashionMNIST/FedAVG__FashionMNIST__Setup-5__Clients-5__Rounds-10__Delay-0_05__Alpha-0_5__Seed-67.txt
alpha-0_5 folder,FedAVG,FashionMNIST,0.05,0.5,68,10,5,123.40,1 x NVIDIA RTX A1000,Intel(R) Core(TM) i7-14700,test3_comunicacao,results/main_campaign_default_alpha_0_5/FedAVG-results/test3_comunicacao/FashionMNIST/FedAVG__FashionMNIST__Setup-5__Clients-5__Rounds-10__Delay-0_05__Alpha-0_5__Seed-68.txt
alpha-0_5 folder,FedAVG,FashionMNIST,0.05,0.5,69,10,5,128.01,1 x NVIDIA RTX A1000,Intel(R) Core(TM) i7-14700,test3_comunicacao,results/main_campaign_default_alpha_0_5/FedAVG-results/test3_comunicacao/FashionMNIST/FedAVG__FashionMNIST__Setup-5__Clients-5__Rounds-10__Delay-0_05__Alpha-0_5__Seed-69.txt
alpha-0_5 folder,FedAVG,FashionMNIST,0.05,0.5,70,10,5,126.71,1 x NVIDIA RTX A1000,Intel(R) Core(TM) i7-14700,test3_comunicacao,results/main_campaign_default_alpha_0_5/FedAVG-results/test3_comunicacao/FashionMNIST/FedAVG__FashionMNIST__Setup-5__Clients-5__Rounds-10__Delay-0_05__Alpha-0_5__Seed-70.txt
alpha-0_5 folder,FedAVG,FashionMNIST,0.05,0.5,71,10,5,149.55,1 x NVIDIA RTX A1000,Intel(R) Core(TM) i7-14700,test3_comunicacao,results/main_campaign_default_alpha_0_5/FedAVG-results/test3_comunicacao/FashionMNIST/FedAVG__FashionMNIST__Setup-5__Clients-5__Rounds-10__Delay-0_05__Alpha-0_5__Seed-71.txt
alpha-0_5 folder,FedAVG,FashionMNIST,0.1,0.5,42,10,5,138.73,1 x NVIDIA RTX A1000,Intel(R) Core(TM) i7-14700,test3_comunicacao,results/main_campaign_default_alpha_0_5/FedAVG-results/test3_comunicacao/FashionMNIST/FedAVG__FashionMNIST__Setup-5__Clients-5__Rounds-10__Delay-0_1__Alpha-0_5__Seed-42.txt
alpha-0_5 folder,FedAVG,FashionMNIST,0.1,0.5,43,10,5,135.57,1 x NVIDIA RTX A1000,Intel(R) Core(TM) i7-14700,test3_comunicacao,results/main_campaign_default_alpha_0_5/FedAVG-results/test3_comunicacao/FashionMNIST/FedAVG__FashionMNIST__Setup-5__Clients-5__Rounds-10__Delay-0_1__Alpha-0_5__Seed-43.txt
alpha-0_5 folder,FedAVG,FashionMNIST,0.1,0.5,44,10,5,124.24,1 x NVIDIA RTX A1000,Intel(R) Core(TM) i7-14700,test3_comunicacao,results/main_campaign_default_alpha_0_5/FedAVG-results/test3_comunicacao/FashionMNIST/FedAVG__FashionMNIST__Setup-5__Clients-5__Rounds-10__Delay-0_1__Alpha-0_5__Seed-44.txt
alpha-0_5 folder,FedAVG,FashionMNIST,0.1,0.5,45,10,5,132.08,1 x NVIDIA RTX A1000,Intel(R) Core(TM) i7-14700,test3_comunicacao,results/main_campaign_default_alpha_0_5/FedAVG-results/test3_comunicacao/FashionMNIST/FedAVG__FashionMNIST__Setup-5__Clients-5__Rounds-10__Delay-0_1__Alpha-0_5__Seed-45.txt
alpha-0_5 folder,FedAVG,FashionMNIST,0.1,0.5,46,10,5,146.47,1 x NVIDIA RTX A1000,Intel(R) Core(TM) i7-14700,test3_comunicacao,results/main_campaign_default_alpha_0_5/FedAVG-results/test3_comunicacao/FashionMNIST/FedAVG__FashionMNIST__Setup-5__Clients-5__Rounds-10__Delay-0_1__Alpha-0_5__Seed-46.txt
alpha-0_5 folder,FedAVG,FashionMNIST,0.1,0.5,47,10,5,145.40,1 x NVIDIA RTX A1000,Intel(R) Core(TM) i7-14700,test3_comunicacao,results/main_campaign_default_alpha_0_5/FedAVG-results/test3_comunicacao/FashionMNIST/FedAVG__FashionMNIST__Setup-5__Clients-5__Rounds-10__Delay-0_1__Alpha-0_5__Seed-47.txt
alpha-0_5 folder,FedAVG,FashionMNIST,0.1,0.5,48,10,5,141.78,1 x NVIDIA RTX A1000,Intel(R) Core(TM) i7-14700,test3_comunicacao,results/main_campaign_default_alpha_0_5/FedAVG-results/test3_comunicacao/FashionMNIST/FedAVG__FashionMNIST__Setup-5__Clients-5__Rounds-10__Delay-0_1__Alpha-0_5__Seed-48.txt
alpha-0_5 folder,FedAVG,FashionMNIST,0.1,0.5,49,10,5,125.64,1 x NVIDIA RTX A1000,Intel(R) Core(TM) i7-14700,test3_comunicacao,results/main_campaign_default_alpha_0_5/FedAVG-results/test3_comunicacao/FashionMNIST/FedAVG__FashionMNIST__Setup-5__Clients-5__Rounds-10__Delay-0_1__Alpha-0_5__Seed-49.txt
alpha-0_5 folder,FedAVG,FashionMNIST,0.1,0.5,50,10,5,130.03,1 x NVIDIA RTX A1000,Intel(R) Core(TM) i7-14700,test3_comunicacao,results/main_campaign_default_alpha_0_5/FedAVG-results/test3_comunicacao/FashionMNIST/FedAVG__FashionMNIST__Setup-5__Clients-5__Rounds-10__Delay-0_1__Alpha-0_5__Seed-50.txt
alpha-0_5 folder,FedAVG,FashionMNIST,0.1,0.5,51,10,5,137.67,1 x NVIDIA RTX A1000,Intel(R) Core(TM) i7-14700,test3_comunicacao,results/main_campaign_default_alpha_0_5/FedAVG-results/test3_comunicacao/FashionMNIST/FedAVG__FashionMNIST__Setup-5__Clients-5__Rounds-10__Delay-0_1__Alpha-0_5__Seed-51.txt
alpha-0_5 folder,FedAVG,FashionMNIST,0.1,0.5,52,10,5,120.07,1 x NVIDIA RTX A1000,Intel(R) Core(TM) i7-14700,test3_comunicacao,results/main_campaign_default_alpha_0_5/FedAVG-results/test3_comunicacao/FashionMNIST/FedAVG__FashionMNIST__Setup-5__Clients-5__Rounds-10__Delay-0_1__Alpha-0_5__Seed-52.txt
alpha-0_5 folder,FedAVG,FashionMNIST,0.1,0.5,53,10,5,153.89,1 x NVIDIA RTX A1000,Intel(R) Core(TM) i7-14700,test3_comunicacao,results/main_campaign_default_alpha_0_5/FedAVG-results/test3_comunicacao/FashionMNIST/FedAVG__FashionMNIST__Setup-5__Clients-5__Rounds-10__Delay-0_1__Alpha-0_5__Seed-53.txt
alpha-0_5 folder,FedAVG,FashionMNIST,0.1,0.5,54,10,5,137.41,1 x NVIDIA RTX A1000,Intel(R) Core(TM) i7-14700,test3_comunicacao,results/main_campaign_default_alpha_0_5/FedAVG-results/test3_comunicacao/FashionMNIST/FedAVG__FashionMNIST__Setup-5__Clients-5__Rounds-10__Delay-0_1__Alpha-0_5__Seed-54.txt
alpha-0_5 folder,FedAVG,FashionMNIST,0.1,0.5,55,10,5,134.25,1 x NVIDIA RTX A1000,Intel(R) Core(TM) i7-14700,test3_comunicacao,results/main_campaign_default_alpha_0_5/FedAVG-results/test3_comunicacao/FashionMNIST/FedAVG__FashionMNIST__Setup-5__Clients-5__Rounds-10__Delay-0_1__Alpha-0_5__Seed-55.txt
alpha-0_5 folder,FedAVG,FashionMNIST,0.1,0.5,56,10,5,149.81,1 x NVIDIA RTX A1000,Intel(R) Core(TM) i7-14700,test3_comunicacao,results/main_campaign_default_alpha_0_5/FedAVG-results/test3_comunicacao/FashionMNIST/FedAVG__FashionMNIST__Setup-5__Clients-5__Rounds-10__Delay-0_1__Alpha-0_5__Seed-56.txt
alpha-0_5 folder,FedAVG,FashionMNIST,0.1,0.5,57,10,5,147.35,1 x NVIDIA RTX A1000,Intel(R) Core(TM) i7-14700,test3_comunicacao,results/main_campaign_default_alpha_0_5/FedAVG-results/test3_comunicacao/FashionMNIST/FedAVG__FashionMNIST__Setup-5__Clients-5__Rounds-10__Delay-0_1__Alpha-0_5__Seed-57.txt
alpha-0_5 folder,FedAVG,FashionMNIST,0.1,0.5,58,10,5,126.53,1 x NVIDIA RTX A1000,Intel(R) Core(TM) i7-14700,test3_comunicacao,results/main_campaign_default_alpha_0_5/FedAVG-results/test3_comunicacao/FashionMNIST/FedAVG__FashionMNIST__Setup-5__Clients-5__Rounds-10__Delay-0_1__Alpha-0_5__Seed-58.txt
alpha-0_5 folder,FedAVG,FashionMNIST,0.1,0.5,59,10,5,127.68,1 x NVIDIA RTX A1000,Intel(R) Core(TM) i7-14700,test3_comunicacao,results/main_campaign_default_alpha_0_5/FedAVG-results/test3_comunicacao/FashionMNIST/FedAVG__FashionMNIST__Setup-5__Clients-5__Rounds-10__Delay-0_1__Alpha-0_5__Seed-59.txt
alpha-0_5 folder,FedAVG,FashionMNIST,0.1,0.5,60,10,5,119.06,1 x NVIDIA RTX A1000,Intel(R) Core(TM) i7-14700,test3_comunicacao,results/main_campaign_default_alpha_0_5/FedAVG-results/test3_comunicacao/FashionMNIST/FedAVG__FashionMNIST__Setup-5__Clients-5__Rounds-10__Delay-0_1__Alpha-0_5__Seed-60.txt
alpha-0_5 folder,FedAVG,FashionMNIST,0.1,0.5,61,10,5,124.78,1 x NVIDIA RTX A1000,Intel(R) Core(TM) i7-14700,test3_comunicacao,results/main_campaign_default_alpha_0_5/FedAVG-results/test3_comunicacao/FashionMNIST/FedAVG__FashionMNIST__Setup-5__Clients-5__Rounds-10__Delay-0_1__Alpha-0_5__Seed-61.txt
alpha-0_5 folder,FedAVG,FashionMNIST,0.1,0.5,62,10,5,136.81,1 x NVIDIA RTX A1000,Intel(R) Core(TM) i7-14700,test3_comunicacao,results/main_campaign_default_alpha_0_5/FedAVG-results/test3_comunicacao/FashionMNIST/FedAVG__FashionMNIST__Setup-5__Clients-5__Rounds-10__Delay-0_1__Alpha-0_5__Seed-62.txt
alpha-0_5 folder,FedAVG,FashionMNIST,0.1,0.5,63,10,5,118.47,1 x NVIDIA RTX A1000,Intel(R) Core(TM) i7-14700,test3_comunicacao,results/main_campaign_default_alpha_0_5/FedAVG-results/test3_comunicacao/FashionMNIST/FedAVG__FashionMNIST__Setup-5__Clients-5__Rounds-10__Delay-0_1__Alpha-0_5__Seed-63.txt
alpha-0_5 folder,FedAVG,FashionMNIST,0.1,0.5,64,10,5,125.04,1 x NVIDIA RTX A1000,Intel(R) Core(TM) i7-14700,test3_comunicacao,results/main_campaign_default_alpha_0_5/FedAVG-results/test3_comunicacao/FashionMNIST/FedAVG__FashionMNIST__Setup-5__Clients-5__Rounds-10__Delay-0_1__Alpha-0_5__Seed-64.txt
alpha-0_5 folder,FedAVG,FashionMNIST,0.1,0.5,65,10,5,121.45,1 x NVIDIA RTX A1000,Intel(R) Core(TM) i7-14700,test3_comunicacao,results/main_campaign_default_alpha_0_5/FedAVG-results/test3_comunicacao/FashionMNIST/FedAVG__FashionMNIST__Setup-5__Clients-5__Rounds-10__Delay-0_1__Alpha-0_5__Seed-65.txt
alpha-0_5 folder,FedAVG,FashionMNIST,0.1,0.5,66,10,5,129.10,1 x NVIDIA RTX A1000,Intel(R) Core(TM) i7-14700,test3_comunicacao,results/main_campaign_default_alpha_0_5/FedAVG-results/test3_comunicacao/FashionMNIST/FedAVG__FashionMNIST__Setup-5__Clients-5__Rounds-10__Delay-0_1__Alpha-0_5__Seed-66.txt
alpha-0_5 folder,FedAVG,FashionMNIST,0.1,0.5,67,10,5,127.80,1 x NVIDIA RTX A1000,Intel(R) Core(TM) i7-14700,test3_comunicacao,results/main_campaign_default_alpha_0_5/FedAVG-results/test3_comunicacao/FashionMNIST/FedAVG__FashionMNIST__Setup-5__Clients-5__Rounds-10__Delay-0_1__Alpha-0_5__Seed-67.txt
alpha-0_5 folder,FedAVG,FashionMNIST,0.1,0.5,68,10,5,125.73,1 x NVIDIA RTX A1000,Intel(R) Core(TM) i7-14700,test3_comunicacao,results/main_campaign_default_alpha_0_5/FedAVG-results/test3_comunicacao/FashionMNIST/FedAVG__FashionMNIST__Setup-5__Clients-5__Rounds-10__Delay-0_1__Alpha-0_5__Seed-68.txt
alpha-0_5 folder,FedAVG,FashionMNIST,0.1,0.5,69,10,5,128.72,1 x NVIDIA RTX A1000,Intel(R) Core(TM) i7-14700,test3_comunicacao,results/main_campaign_default_alpha_0_5/FedAVG-results/test3_comunicacao/FashionMNIST/FedAVG__FashionMNIST__Setup-5__Clients-5__Rounds-10__Delay-0_1__Alpha-0_5__Seed-69.txt
alpha-0_5 folder,FedAVG,FashionMNIST,0.1,0.5,70,10,5,141.03,1 x NVIDIA RTX A1000,Intel(R) Core(TM) i7-14700,test3_comunicacao,results/main_campaign_default_alpha_0_5/FedAVG-results/test3_comunicacao/FashionMNIST/FedAVG__FashionMNIST__Setup-5__Clients-5__Rounds-10__Delay-0_1__Alpha-0_5__Seed-70.txt
alpha-0_5 folder,FedAVG,FashionMNIST,0.1,0.5,71,10,5,151.31,1 x NVIDIA RTX A1000,Intel(R) Core(TM) i7-14700,test3_comunicacao,results/main_campaign_default_alpha_0_5/FedAVG-results/test3_comunicacao/FashionMNIST/FedAVG__FashionMNIST__Setup-5__Clients-5__Rounds-10__Delay-0_1__Alpha-0_5__Seed-71.txt
alpha-0_5 folder,FedAVG,FashionMNIST,0.5,0.5,42,10,5,148.81,1 x NVIDIA RTX A1000,Intel(R) Core(TM) i7-14700,test3_comunicacao,results/main_campaign_default_alpha_0_5/FedAVG-results/test3_comunicacao/FashionMNIST/FedAVG__FashionMNIST__Setup-5__Clients-5__Rounds-10__Delay-0_5__Alpha-0_5__Seed-42.txt
alpha-0_5 folder,FedAVG,FashionMNIST,0.5,0.5,43,10,5,146.72,1 x NVIDIA RTX A1000,Intel(R) Core(TM) i7-14700,test3_comunicacao,results/main_campaign_default_alpha_0_5/FedAVG-results/test3_comunicacao/FashionMNIST/FedAVG__FashionMNIST__Setup-5__Clients-5__Rounds-10__Delay-0_5__Alpha-0_5__Seed-43.txt
alpha-0_5 folder,FedAVG,FashionMNIST,0.5,0.5,44,10,5,153.40,1 x NVIDIA RTX A1000,Intel(R) Core(TM) i7-14700,test3_comunicacao,results/main_campaign_default_alpha_0_5/FedAVG-results/test3_comunicacao/FashionMNIST/FedAVG__FashionMNIST__Setup-5__Clients-5__Rounds-10__Delay-0_5__Alpha-0_5__Seed-44.txt
alpha-0_5 folder,FedAVG,FashionMNIST,0.5,0.5,45,10,5,129.49,1 x NVIDIA RTX A1000,Intel(R) Core(TM) i7-14700,test3_comunicacao,results/main_campaign_default_alpha_0_5/FedAVG-results/test3_comunicacao/FashionMNIST/FedAVG__FashionMNIST__Setup-5__Clients-5__Rounds-10__Delay-0_5__Alpha-0_5__Seed-45.txt
alpha-0_5 folder,FedAVG,FashionMNIST,0.5,0.5,46,10,5,162.74,1 x NVIDIA RTX A1000,Intel(R) Core(TM) i7-14700,test3_comunicacao,results/main_campaign_default_alpha_0_5/FedAVG-results/test3_comunicacao/FashionMNIST/FedAVG__FashionMNIST__Setup-5__Clients-5__Rounds-10__Delay-0_5__Alpha-0_5__Seed-46.txt
alpha-0_5 folder,FedAVG,FashionMNIST,0.5,0.5,47,10,5,157.95,1 x NVIDIA RTX A1000,Intel(R) Core(TM) i7-14700,test3_comunicacao,results/main_campaign_default_alpha_0_5/FedAVG-results/test3_comunicacao/FashionMNIST/FedAVG__FashionMNIST__Setup-5__Clients-5__Rounds-10__Delay-0_5__Alpha-0_5__Seed-47.txt
alpha-0_5 folder,FedAVG,FashionMNIST,0.5,0.5,48,10,5,155.84,1 x NVIDIA RTX A1000,Intel(R) Core(TM) i7-14700,test3_comunicacao,results/main_campaign_default_alpha_0_5/FedAVG-results/test3_comunicacao/FashionMNIST/FedAVG__FashionMNIST__Setup-5__Clients-5__Rounds-10__Delay-0_5__Alpha-0_5__Seed-48.txt
alpha-0_5 folder,FedAVG,FashionMNIST,0.5,0.5,49,10,5,134.90,1 x NVIDIA RTX A1000,Intel(R) Core(TM) i7-14700,test3_comunicacao,results/main_campaign_default_alpha_0_5/FedAVG-results/test3_comunicacao/FashionMNIST/FedAVG__FashionMNIST__Setup-5__Clients-5__Rounds-10__Delay-0_5__Alpha-0_5__Seed-49.txt
alpha-0_5 folder,FedAVG,FashionMNIST,0.5,0.5,50,10,5,141.21,1 x NVIDIA RTX A1000,Intel(R) Core(TM) i7-14700,test3_comunicacao,results/main_campaign_default_alpha_0_5/FedAVG-results/test3_comunicacao/FashionMNIST/FedAVG__FashionMNIST__Setup-5__Clients-5__Rounds-10__Delay-0_5__Alpha-0_5__Seed-50.txt
alpha-0_5 folder,FedAVG,FashionMNIST,0.5,0.5,51,10,5,149.02,1 x NVIDIA RTX A1000,Intel(R) Core(TM) i7-14700,test3_comunicacao,results/main_campaign_default_alpha_0_5/FedAVG-results/test3_comunicacao/FashionMNIST/FedAVG__FashionMNIST__Setup-5__Clients-5__Rounds-10__Delay-0_5__Alpha-0_5__Seed-51.txt
alpha-0_5 folder,FedAVG,FashionMNIST,0.5,0.5,52,10,5,135.25,1 x NVIDIA RTX A1000,Intel(R) Core(TM) i7-14700,test3_comunicacao,results/main_campaign_default_alpha_0_5/FedAVG-results/test3_comunicacao/FashionMNIST/FedAVG__FashionMNIST__Setup-5__Clients-5__Rounds-10__Delay-0_5__Alpha-0_5__Seed-52.txt
alpha-0_5 folder,FedAVG,FashionMNIST,0.5,0.5,53,10,5,164.31,1 x NVIDIA RTX A1000,Intel(R) Core(TM) i7-14700,test3_comunicacao,results/main_campaign_default_alpha_0_5/FedAVG-results/test3_comunicacao/FashionMNIST/FedAVG__FashionMNIST__Setup-5__Clients-5__Rounds-10__Delay-0_5__Alpha-0_5__Seed-53.txt
alpha-0_5 folder,FedAVG,FashionMNIST,0.5,0.5,54,10,5,150.36,1 x NVIDIA RTX A1000,Intel(R) Core(TM) i7-14700,test3_comunicacao,results/main_campaign_default_alpha_0_5/FedAVG-results/test3_comunicacao/FashionMNIST/FedAVG__FashionMNIST__Setup-5__Clients-5__Rounds-10__Delay-0_5__Alpha-0_5__Seed-54.txt
alpha-0_5 folder,FedAVG,FashionMNIST,0.5,0.5,55,10,5,161.35,1 x NVIDIA RTX A1000,Intel(R) Core(TM) i7-14700,test3_comunicacao,results/main_campaign_default_alpha_0_5/FedAVG-results/test3_comunicacao/FashionMNIST/FedAVG__FashionMNIST__Setup-5__Clients-5__Rounds-10__Delay-0_5__Alpha-0_5__Seed-55.txt
alpha-0_5 folder,FedAVG,FashionMNIST,0.5,0.5,56,10,5,161.69,1 x NVIDIA RTX A1000,Intel(R) Core(TM) i7-14700,test3_comunicacao,results/main_campaign_default_alpha_0_5/FedAVG-results/test3_comunicacao/FashionMNIST/FedAVG__FashionMNIST__Setup-5__Clients-5__Rounds-10__Delay-0_5__Alpha-0_5__Seed-56.txt
alpha-0_5 folder,FedAVG,FashionMNIST,0.5,0.5,57,10,5,157.45,1 x NVIDIA RTX A1000,Intel(R) Core(TM) i7-14700,test3_comunicacao,results/main_campaign_default_alpha_0_5/FedAVG-results/test3_comunicacao/FashionMNIST/FedAVG__FashionMNIST__Setup-5__Clients-5__Rounds-10__Delay-0_5__Alpha-0_5__Seed-57.txt
alpha-0_5 folder,FedAVG,FashionMNIST,0.5,0.5,58,10,5,137.93,1 x NVIDIA RTX A1000,Intel(R) Core(TM) i7-14700,test3_comunicacao,results/main_campaign_default_alpha_0_5/FedAVG-results/test3_comunicacao/FashionMNIST/FedAVG__FashionMNIST__Setup-5__Clients-5__Rounds-10__Delay-0_5__Alpha-0_5__Seed-58.txt
alpha-0_5 folder,FedAVG,FashionMNIST,0.5,0.5,59,10,5,140.87,1 x NVIDIA RTX A1000,Intel(R) Core(TM) i7-14700,test3_comunicacao,results/main_campaign_default_alpha_0_5/FedAVG-results/test3_comunicacao/FashionMNIST/FedAVG__FashionMNIST__Setup-5__Clients-5__Rounds-10__Delay-0_5__Alpha-0_5__Seed-59.txt
alpha-0_5 folder,FedAVG,FashionMNIST,0.5,0.5,60,10,5,129.55,1 x NVIDIA RTX A1000,Intel(R) Core(TM) i7-14700,test3_comunicacao,results/main_campaign_default_alpha_0_5/FedAVG-results/test3_comunicacao/FashionMNIST/FedAVG__FashionMNIST__Setup-5__Clients-5__Rounds-10__Delay-0_5__Alpha-0_5__Seed-60.txt
alpha-0_5 folder,FedAVG,FashionMNIST,0.5,0.5,61,10,5,135.37,1 x NVIDIA RTX A1000,Intel(R) Core(TM) i7-14700,test3_comunicacao,results/main_campaign_default_alpha_0_5/FedAVG-results/test3_comunicacao/FashionMNIST/FedAVG__FashionMNIST__Setup-5__Clients-5__Rounds-10__Delay-0_5__Alpha-0_5__Seed-61.txt
alpha-0_5 folder,FedAVG,FashionMNIST,0.5,0.5,62,10,5,149.53,1 x NVIDIA RTX A1000,Intel(R) Core(TM) i7-14700,test3_comunicacao,results/main_campaign_default_alpha_0_5/FedAVG-results/test3_comunicacao/FashionMNIST/FedAVG__FashionMNIST__Setup-5__Clients-5__Rounds-10__Delay-0_5__Alpha-0_5__Seed-62.txt
alpha-0_5 folder,FedAVG,FashionMNIST,0.5,0.5,63,10,5,130.62,1 x NVIDIA RTX A1000,Intel(R) Core(TM) i7-14700,test3_comunicacao,results/main_campaign_default_alpha_0_5/FedAVG-results/test3_comunicacao/FashionMNIST/FedAVG__FashionMNIST__Setup-5__Clients-5__Rounds-10__Delay-0_5__Alpha-0_5__Seed-63.txt
alpha-0_5 folder,FedAVG,FashionMNIST,0.5,0.5,64,10,5,137.33,1 x NVIDIA RTX A1000,Intel(R) Core(TM) i7-14700,test3_comunicacao,results/main_campaign_default_alpha_0_5/FedAVG-results/test3_comunicacao/FashionMNIST/FedAVG__FashionMNIST__Setup-5__Clients-5__Rounds-10__Delay-0_5__Alpha-0_5__Seed-64.txt
alpha-0_5 folder,FedAVG,FashionMNIST,0.5,0.5,65,10,5,133.91,1 x NVIDIA RTX A1000,Intel(R) Core(TM) i7-14700,test3_comunicacao,results/main_campaign_default_alpha_0_5/FedAVG-results/test3_comunicacao/FashionMNIST/FedAVG__FashionMNIST__Setup-5__Clients-5__Rounds-10__Delay-0_5__Alpha-0_5__Seed-65.txt
alpha-0_5 folder,FedAVG,FashionMNIST,0.5,0.5,66,10,5,133.52,1 x NVIDIA RTX A1000,Intel(R) Core(TM) i7-14700,test3_comunicacao,results/main_campaign_default_alpha_0_5/FedAVG-results/test3_comunicacao/FashionMNIST/FedAVG__FashionMNIST__Setup-5__Clients-5__Rounds-10__Delay-0_5__Alpha-0_5__Seed-66.txt
alpha-0_5 folder,FedAVG,FashionMNIST,0.5,0.5,67,10,5,138.11,1 x NVIDIA RTX A1000,Intel(R) Core(TM) i7-14700,test3_comunicacao,results/main_campaign_default_alpha_0_5/FedAVG-results/test3_comunicacao/FashionMNIST/FedAVG__FashionMNIST__Setup-5__Clients-5__Rounds-10__Delay-0_5__Alpha-0_5__Seed-67.txt
alpha-0_5 folder,FedAVG,FashionMNIST,0.5,0.5,68,10,5,138.15,1 x NVIDIA RTX A1000,Intel(R) Core(TM) i7-14700,test3_comunicacao,results/main_campaign_default_alpha_0_5/FedAVG-results/test3_comunicacao/FashionMNIST/FedAVG__FashionMNIST__Setup-5__Clients-5__Rounds-10__Delay-0_5__Alpha-0_5__Seed-68.txt
alpha-0_5 folder,FedAVG,FashionMNIST,0.5,0.5,69,10,5,153.89,1 x NVIDIA RTX A1000,Intel(R) Core(TM) i7-14700,test3_comunicacao,results/main_campaign_default_alpha_0_5/FedAVG-results/test3_comunicacao/FashionMNIST/FedAVG__FashionMNIST__Setup-5__Clients-5__Rounds-10__Delay-0_5__Alpha-0_5__Seed-69.txt
alpha-0_5 folder,FedAVG,FashionMNIST,0.5,0.5,70,10,5,138.74,1 x NVIDIA RTX A1000,Intel(R) Core(TM) i7-14700,test3_comunicacao,results/main_campaign_default_alpha_0_5/FedAVG-results/test3_comunicacao/FashionMNIST/FedAVG__FashionMNIST__Setup-5__Clients-5__Rounds-10__Delay-0_5__Alpha-0_5__Seed-70.txt
alpha-0_5 folder,FedAVG,FashionMNIST,0.5,0.5,71,10,5,164.40,1 x NVIDIA RTX A1000,Intel(R) Core(TM) i7-14700,test3_comunicacao,results/main_campaign_default_alpha_0_5/FedAVG-results/test3_comunicacao/FashionMNIST/FedAVG__FashionMNIST__Setup-5__Clients-5__Rounds-10__Delay-0_5__Alpha-0_5__Seed-71.txt
alpha-0_5 folder,FedAVG,MNIST,0.05,0.5,42,10,5,126.31,1 x NVIDIA RTX A1000,Intel(R) Core(TM) i7-14700,test3_comunicacao,results/main_campaign_default_alpha_0_5/FedAVG-results/test3_comunicacao/MNIST/FedAVG__MNIST__Setup-5__Clients-5__Rounds-10__Delay-0_05__Alpha-0_5__Seed-42.txt
alpha-0_5 folder,FedAVG,MNIST,0.05,0.5,43,10,5,129.69,1 x NVIDIA RTX A1000,Intel(R) Core(TM) i7-14700,test3_comunicacao,results/main_campaign_default_alpha_0_5/FedAVG-results/test3_comunicacao/MNIST/FedAVG__MNIST__Setup-5__Clients-5__Rounds-10__Delay-0_05__Alpha-0_5__Seed-43.txt
alpha-0_5 folder,FedAVG,MNIST,0.05,0.5,44,10,5,124.72,1 x NVIDIA RTX A1000,Intel(R) Core(TM) i7-14700,test3_comunicacao,results/main_campaign_default_alpha_0_5/FedAVG-results/test3_comunicacao/MNIST/FedAVG__MNIST__Setup-5__Clients-5__Rounds-10__Delay-0_05__Alpha-0_5__Seed-44.txt
alpha-0_5 folder,FedAVG,MNIST,0.05,0.5,45,10,5,118.66,1 x NVIDIA RTX A1000,Intel(R) Core(TM) i7-14700,test3_comunicacao,results/main_campaign_default_alpha_0_5/FedAVG-results/test3_comunicacao/MNIST/FedAVG__MNIST__Setup-5__Clients-5__Rounds-10__Delay-0_05__Alpha-0_5__Seed-45.txt
alpha-0_5 folder,FedAVG,MNIST,0.05,0.5,46,10,5,143.15,1 x NVIDIA RTX A1000,Intel(R) Core(TM) i7-14700,test3_comunicacao,results/main_campaign_default_alpha_0_5/FedAVG-results/test3_comunicacao/MNIST/FedAVG__MNIST__Setup-5__Clients-5__Rounds-10__Delay-0_05__Alpha-0_5__Seed-46.txt
alpha-0_5 folder,FedAVG,MNIST,0.05,0.5,47,10,5,144.34,1 x NVIDIA RTX A1000,Intel(R) Core(TM) i7-14700,test3_comunicacao,results/main_campaign_default_alpha_0_5/FedAVG-results/test3_comunicacao/MNIST/FedAVG__MNIST__Setup-5__Clients-5__Rounds-10__Delay-0_05__Alpha-0_5__Seed-47.txt
alpha-0_5 folder,FedAVG,MNIST,0.05,0.5,48,10,5,140.37,1 x NVIDIA RTX A1000,Intel(R) Core(TM) i7-14700,test3_comunicacao,results/main_campaign_default_alpha_0_5/FedAVG-results/test3_comunicacao/MNIST/FedAVG__MNIST__Setup-5__Clients-5__Rounds-10__Delay-0_05__Alpha-0_5__Seed-48.txt
alpha-0_5 folder,FedAVG,MNIST,0.05,0.5,49,10,5,122.56,1 x NVIDIA RTX A1000,Intel(R) Core(TM) i7-14700,test3_comunicacao,results/main_campaign_default_alpha_0_5/FedAVG-results/test3_comunicacao/MNIST/FedAVG__MNIST__Setup-5__Clients-5__Rounds-10__Delay-0_05__Alpha-0_5__Seed-49.txt
alpha-0_5 folder,FedAVG,MNIST,0.05,0.5,50,10,5,120.39,1 x NVIDIA RTX A1000,Intel(R) Core(TM) i7-14700,test3_comunicacao,results/main_campaign_default_alpha_0_5/FedAVG-results/test3_comunicacao/MNIST/FedAVG__MNIST__Setup-5__Clients-5__Rounds-10__Delay-0_05__Alpha-0_5__Seed-50.txt
alpha-0_5 folder,FedAVG,MNIST,0.05,0.5,51,10,5,134.09,1 x NVIDIA RTX A1000,Intel(R) Core(TM) i7-14700,test3_comunicacao,results/main_campaign_default_alpha_0_5/FedAVG-results/test3_comunicacao/MNIST/FedAVG__MNIST__Setup-5__Clients-5__Rounds-10__Delay-0_05__Alpha-0_5__Seed-51.txt
alpha-0_5 folder,FedAVG,MNIST,0.05,0.5,52,10,5,119.13,1 x NVIDIA RTX A1000,Intel(R) Core(TM) i7-14700,test3_comunicacao,results/main_campaign_default_alpha_0_5/FedAVG-results/test3_comunicacao/MNIST/FedAVG__MNIST__Setup-5__Clients-5__Rounds-10__Delay-0_05__Alpha-0_5__Seed-52.txt
alpha-0_5 folder,FedAVG,MNIST,0.05,0.5,53,10,5,151.42,1 x NVIDIA RTX A1000,Intel(R) Core(TM) i7-14700,test3_comunicacao,results/main_campaign_default_alpha_0_5/FedAVG-results/test3_comunicacao/MNIST/FedAVG__MNIST__Setup-5__Clients-5__Rounds-10__Delay-0_05__Alpha-0_5__Seed-53.txt
alpha-0_5 folder,FedAVG,MNIST,0.05,0.5,54,10,5,136.27,1 x NVIDIA RTX A1000,Intel(R) Core(TM) i7-14700,test3_comunicacao,results/main_campaign_default_alpha_0_5/FedAVG-results/test3_comunicacao/MNIST/FedAVG__MNIST__Setup-5__Clients-5__Rounds-10__Delay-0_05__Alpha-0_5__Seed-54.txt
alpha-0_5 folder,FedAVG,MNIST,0.05,0.5,55,10,5,134.82,1 x NVIDIA RTX A1000,Intel(R) Core(TM) i7-14700,test3_comunicacao,results/main_campaign_default_alpha_0_5/FedAVG-results/test3_comunicacao/MNIST/FedAVG__MNIST__Setup-5__Clients-5__Rounds-10__Delay-0_05__Alpha-0_5__Seed-55.txt
alpha-0_5 folder,FedAVG,MNIST,0.05,0.5,56,10,5,145.16,1 x NVIDIA RTX A1000,Intel(R) Core(TM) i7-14700,test3_comunicacao,results/main_campaign_default_alpha_0_5/FedAVG-results/test3_comunicacao/MNIST/FedAVG__MNIST__Setup-5__Clients-5__Rounds-10__Delay-0_05__Alpha-0_5__Seed-56.txt
alpha-0_5 folder,FedAVG,MNIST,0.05,0.5,57,10,5,140.01,1 x NVIDIA RTX A1000,Intel(R) Core(TM) i7-14700,test3_comunicacao,results/main_campaign_default_alpha_0_5/FedAVG-results/test3_comunicacao/MNIST/FedAVG__MNIST__Setup-5__Clients-5__Rounds-10__Delay-0_05__Alpha-0_5__Seed-57.txt
alpha-0_5 folder,FedAVG,MNIST,0.05,0.5,58,10,5,124.94,1 x NVIDIA RTX A1000,Intel(R) Core(TM) i7-14700,test3_comunicacao,results/main_campaign_default_alpha_0_5/FedAVG-results/test3_comunicacao/MNIST/FedAVG__MNIST__Setup-5__Clients-5__Rounds-10__Delay-0_05__Alpha-0_5__Seed-58.txt
alpha-0_5 folder,FedAVG,MNIST,0.05,0.5,59,10,5,125.32,1 x NVIDIA RTX A1000,Intel(R) Core(TM) i7-14700,test3_comunicacao,results/main_campaign_default_alpha_0_5/FedAVG-results/test3_comunicacao/MNIST/FedAVG__MNIST__Setup-5__Clients-5__Rounds-10__Delay-0_05__Alpha-0_5__Seed-59.txt
alpha-0_5 folder,FedAVG,MNIST,0.05,0.5,60,10,5,117.07,1 x NVIDIA RTX A1000,Intel(R) Core(TM) i7-14700,test3_comunicacao,results/main_campaign_default_alpha_0_5/FedAVG-results/test3_comunicacao/MNIST/FedAVG__MNIST__Setup-5__Clients-5__Rounds-10__Delay-0_05__Alpha-0_5__Seed-60.txt
alpha-0_5 folder,FedAVG,MNIST,0.05,0.5,61,10,5,129.24,1 x NVIDIA RTX A1000,Intel(R) Core(TM) i7-14700,test3_comunicacao,results/main_campaign_default_alpha_0_5/FedAVG-results/test3_comunicacao/MNIST/FedAVG__MNIST__Setup-5__Clients-5__Rounds-10__Delay-0_05__Alpha-0_5__Seed-61.txt
alpha-0_5 folder,FedAVG,MNIST,0.05,0.5,62,10,5,131.71,1 x NVIDIA RTX A1000,Intel(R) Core(TM) i7-14700,test3_comunicacao,results/main_campaign_default_alpha_0_5/FedAVG-results/test3_comunicacao/MNIST/FedAVG__MNIST__Setup-5__Clients-5__Rounds-10__Delay-0_05__Alpha-0_5__Seed-62.txt
alpha-0_5 folder,FedAVG,MNIST,0.05,0.5,63,10,5,115.91,1 x NVIDIA RTX A1000,Intel(R) Core(TM) i7-14700,test3_comunicacao,results/main_campaign_default_alpha_0_5/FedAVG-results/test3_comunicacao/MNIST/FedAVG__MNIST__Setup-5__Clients-5__Rounds-10__Delay-0_05__Alpha-0_5__Seed-63.txt
alpha-0_5 folder,FedAVG,MNIST,0.05,0.5,64,10,5,125.71,1 x NVIDIA RTX A1000,Intel(R) Core(TM) i7-14700,test3_comunicacao,results/main_campaign_default_alpha_0_5/FedAVG-results/test3_comunicacao/MNIST/FedAVG__MNIST__Setup-5__Clients-5__Rounds-10__Delay-0_05__Alpha-0_5__Seed-64.txt
alpha-0_5 folder,FedAVG,MNIST,0.05,0.5,65,10,5,122.91,1 x NVIDIA RTX A1000,Intel(R) Core(TM) i7-14700,test3_comunicacao,results/main_campaign_default_alpha_0_5/FedAVG-results/test3_comunicacao/MNIST/FedAVG__MNIST__Setup-5__Clients-5__Rounds-10__Delay-0_05__Alpha-0_5__Seed-65.txt
alpha-0_5 folder,FedAVG,MNIST,0.05,0.5,66,10,5,126.87,1 x NVIDIA RTX A1000,Intel(R) Core(TM) i7-14700,test3_comunicacao,results/main_campaign_default_alpha_0_5/FedAVG-results/test3_comunicacao/MNIST/FedAVG__MNIST__Setup-5__Clients-5__Rounds-10__Delay-0_05__Alpha-0_5__Seed-66.txt
alpha-0_5 folder,FedAVG,MNIST,0.05,0.5,67,10,5,124.22,1 x NVIDIA RTX A1000,Intel(R) Core(TM) i7-14700,test3_comunicacao,results/main_campaign_default_alpha_0_5/FedAVG-results/test3_comunicacao/MNIST/FedAVG__MNIST__Setup-5__Clients-5__Rounds-10__Delay-0_05__Alpha-0_5__Seed-67.txt
alpha-0_5 folder,FedAVG,MNIST,0.05,0.5,68,10,5,126.97,1 x NVIDIA RTX A1000,Intel(R) Core(TM) i7-14700,test3_comunicacao,results/main_campaign_default_alpha_0_5/FedAVG-results/test3_comunicacao/MNIST/FedAVG__MNIST__Setup-5__Clients-5__Rounds-10__Delay-0_05__Alpha-0_5__Seed-68.txt
alpha-0_5 folder,FedAVG,MNIST,0.05,0.5,69,10,5,128.32,1 x NVIDIA RTX A1000,Intel(R) Core(TM) i7-14700,test3_comunicacao,results/main_campaign_default_alpha_0_5/FedAVG-results/test3_comunicacao/MNIST/FedAVG__MNIST__Setup-5__Clients-5__Rounds-10__Delay-0_05__Alpha-0_5__Seed-69.txt
alpha-0_5 folder,FedAVG,MNIST,0.05,0.5,70,10,5,126.25,1 x NVIDIA RTX A1000,Intel(R) Core(TM) i7-14700,test3_comunicacao,results/main_campaign_default_alpha_0_5/FedAVG-results/test3_comunicacao/MNIST/FedAVG__MNIST__Setup-5__Clients-5__Rounds-10__Delay-0_05__Alpha-0_5__Seed-70.txt
alpha-0_5 folder,FedAVG,MNIST,0.05,0.5,71,10,5,148.79,1 x NVIDIA RTX A1000,Intel(R) Core(TM) i7-14700,test3_comunicacao,results/main_campaign_default_alpha_0_5/FedAVG-results/test3_comunicacao/MNIST/FedAVG__MNIST__Setup-5__Clients-5__Rounds-10__Delay-0_05__Alpha-0_5__Seed-71.txt
alpha-0_5 folder,FedAVG,MNIST,0.1,0.5,42,10,5,135.85,1 x NVIDIA RTX A1000,Intel(R) Core(TM) i7-14700,test3_comunicacao,results/main_campaign_default_alpha_0_5/FedAVG-results/test3_comunicacao/MNIST/FedAVG__MNIST__Setup-5__Clients-5__Rounds-10__Delay-0_1__Alpha-0_5__Seed-42.txt
alpha-0_5 folder,FedAVG,MNIST,0.1,0.5,43,10,5,135.41,1 x NVIDIA RTX A1000,Intel(R) Core(TM) i7-14700,test3_comunicacao,results/main_campaign_default_alpha_0_5/FedAVG-results/test3_comunicacao/MNIST/FedAVG__MNIST__Setup-5__Clients-5__Rounds-10__Delay-0_1__Alpha-0_5__Seed-43.txt
alpha-0_5 folder,FedAVG,MNIST,0.1,0.5,44,10,5,125.68,1 x NVIDIA RTX A1000,Intel(R) Core(TM) i7-14700,test3_comunicacao,results/main_campaign_default_alpha_0_5/FedAVG-results/test3_comunicacao/MNIST/FedAVG__MNIST__Setup-5__Clients-5__Rounds-10__Delay-0_1__Alpha-0_5__Seed-44.txt
alpha-0_5 folder,FedAVG,MNIST,0.1,0.5,45,10,5,120.36,1 x NVIDIA RTX A1000,Intel(R) Core(TM) i7-14700,test3_comunicacao,results/main_campaign_default_alpha_0_5/FedAVG-results/test3_comunicacao/MNIST/FedAVG__MNIST__Setup-5__Clients-5__Rounds-10__Delay-0_1__Alpha-0_5__Seed-45.txt
alpha-0_5 folder,FedAVG,MNIST,0.1,0.5,46,10,5,155.83,1 x NVIDIA RTX A1000,Intel(R) Core(TM) i7-14700,test3_comunicacao,results/main_campaign_default_alpha_0_5/FedAVG-results/test3_comunicacao/MNIST/FedAVG__MNIST__Setup-5__Clients-5__Rounds-10__Delay-0_1__Alpha-0_5__Seed-46.txt
alpha-0_5 folder,FedAVG,MNIST,0.1,0.5,47,10,5,145.40,1 x NVIDIA RTX A1000,Intel(R) Core(TM) i7-14700,test3_comunicacao,results/main_campaign_default_alpha_0_5/FedAVG-results/test3_comunicacao/MNIST/FedAVG__MNIST__Setup-5__Clients-5__Rounds-10__Delay-0_1__Alpha-0_5__Seed-47.txt
alpha-0_5 folder,FedAVG,MNIST,0.1,0.5,48,10,5,139.42,1 x NVIDIA RTX A1000,Intel(R) Core(TM) i7-14700,test3_comunicacao,results/main_campaign_default_alpha_0_5/FedAVG-results/test3_comunicacao/MNIST/FedAVG__MNIST__Setup-5__Clients-5__Rounds-10__Delay-0_1__Alpha-0_5__Seed-48.txt
alpha-0_5 folder,FedAVG,MNIST,0.1,0.5,49,10,5,125.25,1 x NVIDIA RTX A1000,Intel(R) Core(TM) i7-14700,test3_comunicacao,results/main_campaign_default_alpha_0_5/FedAVG-results/test3_comunicacao/MNIST/FedAVG__MNIST__Setup-5__Clients-5__Rounds-10__Delay-0_1__Alpha-0_5__Seed-49.txt
alpha-0_5 folder,FedAVG,MNIST,0.1,0.5,50,10,5,128.39,1 x NVIDIA RTX A1000,Intel(R) Core(TM) i7-14700,test3_comunicacao,results/main_campaign_default_alpha_0_5/FedAVG-results/test3_comunicacao/MNIST/FedAVG__MNIST__Setup-5__Clients-5__Rounds-10__Delay-0_1__Alpha-0_5__Seed-50.txt
alpha-0_5 folder,FedAVG,MNIST,0.1,0.5,51,10,5,135.93,1 x NVIDIA RTX A1000,Intel(R) Core(TM) i7-14700,test3_comunicacao,results/main_campaign_default_alpha_0_5/FedAVG-results/test3_comunicacao/MNIST/FedAVG__MNIST__Setup-5__Clients-5__Rounds-10__Delay-0_1__Alpha-0_5__Seed-51.txt
alpha-0_5 folder,FedAVG,MNIST,0.1,0.5,52,10,5,118.32,1 x NVIDIA RTX A1000,Intel(R) Core(TM) i7-14700,test3_comunicacao,results/main_campaign_default_alpha_0_5/FedAVG-results/test3_comunicacao/MNIST/FedAVG__MNIST__Setup-5__Clients-5__Rounds-10__Delay-0_1__Alpha-0_5__Seed-52.txt
alpha-0_5 folder,FedAVG,MNIST,0.1,0.5,53,10,5,152.88,1 x NVIDIA RTX A1000,Intel(R) Core(TM) i7-14700,test3_comunicacao,results/main_campaign_default_alpha_0_5/FedAVG-results/test3_comunicacao/MNIST/FedAVG__MNIST__Setup-5__Clients-5__Rounds-10__Delay-0_1__Alpha-0_5__Seed-53.txt
alpha-0_5 folder,FedAVG,MNIST,0.1,0.5,54,10,5,138.91,1 x NVIDIA RTX A1000,Intel(R) Core(TM) i7-14700,test3_comunicacao,results/main_campaign_default_alpha_0_5/FedAVG-results/test3_comunicacao/MNIST/FedAVG__MNIST__Setup-5__Clients-5__Rounds-10__Delay-0_1__Alpha-0_5__Seed-54.txt
alpha-0_5 folder,FedAVG,MNIST,0.1,0.5,55,10,5,135.10,1 x NVIDIA RTX A1000,Intel(R) Core(TM) i7-14700,test3_comunicacao,results/main_campaign_default_alpha_0_5/FedAVG-results/test3_comunicacao/MNIST/FedAVG__MNIST__Setup-5__Clients-5__Rounds-10__Delay-0_1__Alpha-0_5__Seed-55.txt
alpha-0_5 folder,FedAVG,MNIST,0.1,0.5,56,10,5,149.54,1 x NVIDIA RTX A1000,Intel(R) Core(TM) i7-14700,test3_comunicacao,results/main_campaign_default_alpha_0_5/FedAVG-results/test3_comunicacao/MNIST/FedAVG__MNIST__Setup-5__Clients-5__Rounds-10__Delay-0_1__Alpha-0_5__Seed-56.txt
alpha-0_5 folder,FedAVG,MNIST,0.1,0.5,57,10,5,143.87,1 x NVIDIA RTX A1000,Intel(R) Core(TM) i7-14700,test3_comunicacao,results/main_campaign_default_alpha_0_5/FedAVG-results/test3_comunicacao/MNIST/FedAVG__MNIST__Setup-5__Clients-5__Rounds-10__Delay-0_1__Alpha-0_5__Seed-57.txt
alpha-0_5 folder,FedAVG,MNIST,0.1,0.5,58,10,5,127.36,1 x NVIDIA RTX A1000,Intel(R) Core(TM) i7-14700,test3_comunicacao,results/main_campaign_default_alpha_0_5/FedAVG-results/test3_comunicacao/MNIST/FedAVG__MNIST__Setup-5__Clients-5__Rounds-10__Delay-0_1__Alpha-0_5__Seed-58.txt
alpha-0_5 folder,FedAVG,MNIST,0.1,0.5,59,10,5,131.53,1 x NVIDIA RTX A1000,Intel(R) Core(TM) i7-14700,test3_comunicacao,results/main_campaign_default_alpha_0_5/FedAVG-results/test3_comunicacao/MNIST/FedAVG__MNIST__Setup-5__Clients-5__Rounds-10__Delay-0_1__Alpha-0_5__Seed-59.txt
alpha-0_5 folder,FedAVG,MNIST,0.1,0.5,60,10,5,116.68,1 x NVIDIA RTX A1000,Intel(R) Core(TM) i7-14700,test3_comunicacao,results/main_campaign_default_alpha_0_5/FedAVG-results/test3_comunicacao/MNIST/FedAVG__MNIST__Setup-5__Clients-5__Rounds-10__Delay-0_1__Alpha-0_5__Seed-60.txt
alpha-0_5 folder,FedAVG,MNIST,0.1,0.5,61,10,5,124.16,1 x NVIDIA RTX A1000,Intel(R) Core(TM) i7-14700,test3_comunicacao,results/main_campaign_default_alpha_0_5/FedAVG-results/test3_comunicacao/MNIST/FedAVG__MNIST__Setup-5__Clients-5__Rounds-10__Delay-0_1__Alpha-0_5__Seed-61.txt
alpha-0_5 folder,FedAVG,MNIST,0.1,0.5,62,10,5,139.84,1 x NVIDIA RTX A1000,Intel(R) Core(TM) i7-14700,test3_comunicacao,results/main_campaign_default_alpha_0_5/FedAVG-results/test3_comunicacao/MNIST/FedAVG__MNIST__Setup-5__Clients-5__Rounds-10__Delay-0_1__Alpha-0_5__Seed-62.txt
alpha-0_5 folder,FedAVG,MNIST,0.1,0.5,63,10,5,117.77,1 x NVIDIA RTX A1000,Intel(R) Core(TM) i7-14700,test3_comunicacao,results/main_campaign_default_alpha_0_5/FedAVG-results/test3_comunicacao/MNIST/FedAVG__MNIST__Setup-5__Clients-5__Rounds-10__Delay-0_1__Alpha-0_5__Seed-63.txt
alpha-0_5 folder,FedAVG,MNIST,0.1,0.5,64,10,5,127.60,1 x NVIDIA RTX A1000,Intel(R) Core(TM) i7-14700,test3_comunicacao,results/main_campaign_default_alpha_0_5/FedAVG-results/test3_comunicacao/MNIST/FedAVG__MNIST__Setup-5__Clients-5__Rounds-10__Delay-0_1__Alpha-0_5__Seed-64.txt
alpha-0_5 folder,FedAVG,MNIST,0.1,0.5,65,10,5,123.10,1 x NVIDIA RTX A1000,Intel(R) Core(TM) i7-14700,test3_comunicacao,results/main_campaign_default_alpha_0_5/FedAVG-results/test3_comunicacao/MNIST/FedAVG__MNIST__Setup-5__Clients-5__Rounds-10__Delay-0_1__Alpha-0_5__Seed-65.txt
alpha-0_5 folder,FedAVG,MNIST,0.1,0.5,66,10,5,129.06,1 x NVIDIA RTX A1000,Intel(R) Core(TM) i7-14700,test3_comunicacao,results/main_campaign_default_alpha_0_5/FedAVG-results/test3_comunicacao/MNIST/FedAVG__MNIST__Setup-5__Clients-5__Rounds-10__Delay-0_1__Alpha-0_5__Seed-66.txt
alpha-0_5 folder,FedAVG,MNIST,0.1,0.5,67,10,5,127.63,1 x NVIDIA RTX A1000,Intel(R) Core(TM) i7-14700,test3_comunicacao,results/main_campaign_default_alpha_0_5/FedAVG-results/test3_comunicacao/MNIST/FedAVG__MNIST__Setup-5__Clients-5__Rounds-10__Delay-0_1__Alpha-0_5__Seed-67.txt
alpha-0_5 folder,FedAVG,MNIST,0.1,0.5,68,10,5,128.00,1 x NVIDIA RTX A1000,Intel(R) Core(TM) i7-14700,test3_comunicacao,results/main_campaign_default_alpha_0_5/FedAVG-results/test3_comunicacao/MNIST/FedAVG__MNIST__Setup-5__Clients-5__Rounds-10__Delay-0_1__Alpha-0_5__Seed-68.txt
alpha-0_5 folder,FedAVG,MNIST,0.1,0.5,69,10,5,130.21,1 x NVIDIA RTX A1000,Intel(R) Core(TM) i7-14700,test3_comunicacao,results/main_campaign_default_alpha_0_5/FedAVG-results/test3_comunicacao/MNIST/FedAVG__MNIST__Setup-5__Clients-5__Rounds-10__Delay-0_1__Alpha-0_5__Seed-69.txt
alpha-0_5 folder,FedAVG,MNIST,0.1,0.5,70,10,5,127.51,1 x NVIDIA RTX A1000,Intel(R) Core(TM) i7-14700,test3_comunicacao,results/main_campaign_default_alpha_0_5/FedAVG-results/test3_comunicacao/MNIST/FedAVG__MNIST__Setup-5__Clients-5__Rounds-10__Delay-0_1__Alpha-0_5__Seed-70.txt
alpha-0_5 folder,FedAVG,MNIST,0.1,0.5,71,10,5,150.61,1 x NVIDIA RTX A1000,Intel(R) Core(TM) i7-14700,test3_comunicacao,results/main_campaign_default_alpha_0_5/FedAVG-results/test3_comunicacao/MNIST/FedAVG__MNIST__Setup-5__Clients-5__Rounds-10__Delay-0_1__Alpha-0_5__Seed-71.txt
alpha-0_5 folder,FedAVG,MNIST,0.5,0.5,42,10,5,150.64,1 x NVIDIA RTX A1000,Intel(R) Core(TM) i7-14700,test3_comunicacao,results/main_campaign_default_alpha_0_5/FedAVG-results/test3_comunicacao/MNIST/FedAVG__MNIST__Setup-5__Clients-5__Rounds-10__Delay-0_5__Alpha-0_5__Seed-42.txt
alpha-0_5 folder,FedAVG,MNIST,0.5,0.5,43,10,5,147.90,1 x NVIDIA RTX A1000,Intel(R) Core(TM) i7-14700,test3_comunicacao,results/main_campaign_default_alpha_0_5/FedAVG-results/test3_comunicacao/MNIST/FedAVG__MNIST__Setup-5__Clients-5__Rounds-10__Delay-0_5__Alpha-0_5__Seed-43.txt
alpha-0_5 folder,FedAVG,MNIST,0.5,0.5,44,10,5,139.63,1 x NVIDIA RTX A1000,Intel(R) Core(TM) i7-14700,test3_comunicacao,results/main_campaign_default_alpha_0_5/FedAVG-results/test3_comunicacao/MNIST/FedAVG__MNIST__Setup-5__Clients-5__Rounds-10__Delay-0_5__Alpha-0_5__Seed-44.txt
alpha-0_5 folder,FedAVG,MNIST,0.5,0.5,45,10,5,134.02,1 x NVIDIA RTX A1000,Intel(R) Core(TM) i7-14700,test3_comunicacao,results/main_campaign_default_alpha_0_5/FedAVG-results/test3_comunicacao/MNIST/FedAVG__MNIST__Setup-5__Clients-5__Rounds-10__Delay-0_5__Alpha-0_5__Seed-45.txt
alpha-0_5 folder,FedAVG,MNIST,0.5,0.5,46,10,5,158.71,1 x NVIDIA RTX A1000,Intel(R) Core(TM) i7-14700,test3_comunicacao,results/main_campaign_default_alpha_0_5/FedAVG-results/test3_comunicacao/MNIST/FedAVG__MNIST__Setup-5__Clients-5__Rounds-10__Delay-0_5__Alpha-0_5__Seed-46.txt
alpha-0_5 folder,FedAVG,MNIST,0.5,0.5,47,10,5,155.68,1 x NVIDIA RTX A1000,Intel(R) Core(TM) i7-14700,test3_comunicacao,results/main_campaign_default_alpha_0_5/FedAVG-results/test3_comunicacao/MNIST/FedAVG__MNIST__Setup-5__Clients-5__Rounds-10__Delay-0_5__Alpha-0_5__Seed-47.txt
alpha-0_5 folder,FedAVG,MNIST,0.5,0.5,48,10,5,153.92,1 x NVIDIA RTX A1000,Intel(R) Core(TM) i7-14700,test3_comunicacao,results/main_campaign_default_alpha_0_5/FedAVG-results/test3_comunicacao/MNIST/FedAVG__MNIST__Setup-5__Clients-5__Rounds-10__Delay-0_5__Alpha-0_5__Seed-48.txt
alpha-0_5 folder,FedAVG,MNIST,0.5,0.5,49,10,5,137.28,1 x NVIDIA RTX A1000,Intel(R) Core(TM) i7-14700,test3_comunicacao,results/main_campaign_default_alpha_0_5/FedAVG-results/test3_comunicacao/MNIST/FedAVG__MNIST__Setup-5__Clients-5__Rounds-10__Delay-0_5__Alpha-0_5__Seed-49.txt
alpha-0_5 folder,FedAVG,MNIST,0.5,0.5,50,10,5,143.34,1 x NVIDIA RTX A1000,Intel(R) Core(TM) i7-14700,test3_comunicacao,results/main_campaign_default_alpha_0_5/FedAVG-results/test3_comunicacao/MNIST/FedAVG__MNIST__Setup-5__Clients-5__Rounds-10__Delay-0_5__Alpha-0_5__Seed-50.txt
alpha-0_5 folder,FedAVG,MNIST,0.5,0.5,51,10,5,149.63,1 x NVIDIA RTX A1000,Intel(R) Core(TM) i7-14700,test3_comunicacao,results/main_campaign_default_alpha_0_5/FedAVG-results/test3_comunicacao/MNIST/FedAVG__MNIST__Setup-5__Clients-5__Rounds-10__Delay-0_5__Alpha-0_5__Seed-51.txt
alpha-0_5 folder,FedAVG,MNIST,0.5,0.5,52,10,5,133.99,1 x NVIDIA RTX A1000,Intel(R) Core(TM) i7-14700,test3_comunicacao,results/main_campaign_default_alpha_0_5/FedAVG-results/test3_comunicacao/MNIST/FedAVG__MNIST__Setup-5__Clients-5__Rounds-10__Delay-0_5__Alpha-0_5__Seed-52.txt
alpha-0_5 folder,FedAVG,MNIST,0.5,0.5,53,10,5,163.95,1 x NVIDIA RTX A1000,Intel(R) Core(TM) i7-14700,test3_comunicacao,results/main_campaign_default_alpha_0_5/FedAVG-results/test3_comunicacao/MNIST/FedAVG__MNIST__Setup-5__Clients-5__Rounds-10__Delay-0_5__Alpha-0_5__Seed-53.txt
alpha-0_5 folder,FedAVG,MNIST,0.5,0.5,54,10,5,152.49,1 x NVIDIA RTX A1000,Intel(R) Core(TM) i7-14700,test3_comunicacao,results/main_campaign_default_alpha_0_5/FedAVG-results/test3_comunicacao/MNIST/FedAVG__MNIST__Setup-5__Clients-5__Rounds-10__Delay-0_5__Alpha-0_5__Seed-54.txt
alpha-0_5 folder,FedAVG,MNIST,0.5,0.5,55,10,5,151.28,1 x NVIDIA RTX A1000,Intel(R) Core(TM) i7-14700,test3_comunicacao,results/main_campaign_default_alpha_0_5/FedAVG-results/test3_comunicacao/MNIST/FedAVG__MNIST__Setup-5__Clients-5__Rounds-10__Delay-0_5__Alpha-0_5__Seed-55.txt
alpha-0_5 folder,FedAVG,MNIST,0.5,0.5,56,10,5,162.76,1 x NVIDIA RTX A1000,Intel(R) Core(TM) i7-14700,test3_comunicacao,results/main_campaign_default_alpha_0_5/FedAVG-results/test3_comunicacao/MNIST/FedAVG__MNIST__Setup-5__Clients-5__Rounds-10__Delay-0_5__Alpha-0_5__Seed-56.txt
alpha-0_5 folder,FedAVG,MNIST,0.5,0.5,57,10,5,155.98,1 x NVIDIA RTX A1000,Intel(R) Core(TM) i7-14700,test3_comunicacao,results/main_campaign_default_alpha_0_5/FedAVG-results/test3_comunicacao/MNIST/FedAVG__MNIST__Setup-5__Clients-5__Rounds-10__Delay-0_5__Alpha-0_5__Seed-57.txt
alpha-0_5 folder,FedAVG,MNIST,0.5,0.5,58,10,5,136.10,1 x NVIDIA RTX A1000,Intel(R) Core(TM) i7-14700,test3_comunicacao,results/main_campaign_default_alpha_0_5/FedAVG-results/test3_comunicacao/MNIST/FedAVG__MNIST__Setup-5__Clients-5__Rounds-10__Delay-0_5__Alpha-0_5__Seed-58.txt
alpha-0_5 folder,FedAVG,MNIST,0.5,0.5,59,10,5,138.49,1 x NVIDIA RTX A1000,Intel(R) Core(TM) i7-14700,test3_comunicacao,results/main_campaign_default_alpha_0_5/FedAVG-results/test3_comunicacao/MNIST/FedAVG__MNIST__Setup-5__Clients-5__Rounds-10__Delay-0_5__Alpha-0_5__Seed-59.txt
alpha-0_5 folder,FedAVG,MNIST,0.5,0.5,60,10,5,127.70,1 x NVIDIA RTX A1000,Intel(R) Core(TM) i7-14700,test3_comunicacao,results/main_campaign_default_alpha_0_5/FedAVG-results/test3_comunicacao/MNIST/FedAVG__MNIST__Setup-5__Clients-5__Rounds-10__Delay-0_5__Alpha-0_5__Seed-60.txt
alpha-0_5 folder,FedAVG,MNIST,0.5,0.5,61,10,5,136.41,1 x NVIDIA RTX A1000,Intel(R) Core(TM) i7-14700,test3_comunicacao,results/main_campaign_default_alpha_0_5/FedAVG-results/test3_comunicacao/MNIST/FedAVG__MNIST__Setup-5__Clients-5__Rounds-10__Delay-0_5__Alpha-0_5__Seed-61.txt
alpha-0_5 folder,FedAVG,MNIST,0.5,0.5,62,10,5,150.06,1 x NVIDIA RTX A1000,Intel(R) Core(TM) i7-14700,test3_comunicacao,results/main_campaign_default_alpha_0_5/FedAVG-results/test3_comunicacao/MNIST/FedAVG__MNIST__Setup-5__Clients-5__Rounds-10__Delay-0_5__Alpha-0_5__Seed-62.txt
alpha-0_5 folder,FedAVG,MNIST,0.5,0.5,63,10,5,128.70,1 x NVIDIA RTX A1000,Intel(R) Core(TM) i7-14700,test3_comunicacao,results/main_campaign_default_alpha_0_5/FedAVG-results/test3_comunicacao/MNIST/FedAVG__MNIST__Setup-5__Clients-5__Rounds-10__Delay-0_5__Alpha-0_5__Seed-63.txt
alpha-0_5 folder,FedAVG,MNIST,0.5,0.5,64,10,5,139.69,1 x NVIDIA RTX A1000,Intel(R) Core(TM) i7-14700,test3_comunicacao,results/main_campaign_default_alpha_0_5/FedAVG-results/test3_comunicacao/MNIST/FedAVG__MNIST__Setup-5__Clients-5__Rounds-10__Delay-0_5__Alpha-0_5__Seed-64.txt
alpha-0_5 folder,FedAVG,MNIST,0.5,0.5,65,10,5,134.41,1 x NVIDIA RTX A1000,Intel(R) Core(TM) i7-14700,test3_comunicacao,results/main_campaign_default_alpha_0_5/FedAVG-results/test3_comunicacao/MNIST/FedAVG__MNIST__Setup-5__Clients-5__Rounds-10__Delay-0_5__Alpha-0_5__Seed-65.txt
alpha-0_5 folder,FedAVG,MNIST,0.5,0.5,66,10,5,139.26,1 x NVIDIA RTX A1000,Intel(R) Core(TM) i7-14700,test3_comunicacao,results/main_campaign_default_alpha_0_5/FedAVG-results/test3_comunicacao/MNIST/FedAVG__MNIST__Setup-5__Clients-5__Rounds-10__Delay-0_5__Alpha-0_5__Seed-66.txt
alpha-0_5 folder,FedAVG,MNIST,0.5,0.5,67,10,5,140.16,1 x NVIDIA RTX A1000,Intel(R) Core(TM) i7-14700,test3_comunicacao,results/main_campaign_default_alpha_0_5/FedAVG-results/test3_comunicacao/MNIST/FedAVG__MNIST__Setup-5__Clients-5__Rounds-10__Delay-0_5__Alpha-0_5__Seed-67.txt
alpha-0_5 folder,FedAVG,MNIST,0.5,0.5,68,10,5,140.11,1 x NVIDIA RTX A1000,Intel(R) Core(TM) i7-14700,test3_comunicacao,results/main_campaign_default_alpha_0_5/FedAVG-results/test3_comunicacao/MNIST/FedAVG__MNIST__Setup-5__Clients-5__Rounds-10__Delay-0_5__Alpha-0_5__Seed-68.txt
alpha-0_5 folder,FedAVG,MNIST,0.5,0.5,69,10,5,142.21,1 x NVIDIA RTX A1000,Intel(R) Core(TM) i7-14700,test3_comunicacao,results/main_campaign_default_alpha_0_5/FedAVG-results/test3_comunicacao/MNIST/FedAVG__MNIST__Setup-5__Clients-5__Rounds-10__Delay-0_5__Alpha-0_5__Seed-69.txt
alpha-0_5 folder,FedAVG,MNIST,0.5,0.5,70,10,5,139.96,1 x NVIDIA RTX A1000,Intel(R) Core(TM) i7-14700,test3_comunicacao,results/main_campaign_default_alpha_0_5/FedAVG-results/test3_comunicacao/MNIST/FedAVG__MNIST__Setup-5__Clients-5__Rounds-10__Delay-0_5__Alpha-0_5__Seed-70.txt
alpha-0_5 folder,FedAVG,MNIST,0.5,0.5,71,10,5,165.32,1 x NVIDIA RTX A1000,Intel(R) Core(TM) i7-14700,test3_comunicacao,results/main_campaign_default_alpha_0_5/FedAVG-results/test3_comunicacao/MNIST/FedAVG__MNIST__Setup-5__Clients-5__Rounds-10__Delay-0_5__Alpha-0_5__Seed-71.txt
alpha-0_5 folder,FedAvgM,CIFAR10,0.05,0.5,42,10,5,387.47,1 x NVIDIA RTX A1000,Intel(R) Core(TM) i7-14700,test3_comunicacao,results/main_campaign_default_alpha_0_5/FedAvgM-results/test3_comunicacao/CIFAR10/FedAvgM__CIFAR10__Setup-5__Clients-5__Rounds-10__Delay-0_05__Alpha-0_5__Seed-42.txt
alpha-0_5 folder,FedAvgM,CIFAR10,0.05,0.5,43,10,5,382.23,1 x NVIDIA RTX A1000,Intel(R) Core(TM) i7-14700,test3_comunicacao,results/main_campaign_default_alpha_0_5/FedAvgM-results/test3_comunicacao/CIFAR10/FedAvgM__CIFAR10__Setup-5__Clients-5__Rounds-10__Delay-0_05__Alpha-0_5__Seed-43.txt
alpha-0_5 folder,FedAvgM,CIFAR10,0.05,0.5,44,10,5,386.61,1 x NVIDIA RTX A1000,Intel(R) Core(TM) i7-14700,test3_comunicacao,results/main_campaign_default_alpha_0_5/FedAvgM-results/test3_comunicacao/CIFAR10/FedAvgM__CIFAR10__Setup-5__Clients-5__Rounds-10__Delay-0_05__Alpha-0_5__Seed-44.txt
alpha-0_5 folder,FedAvgM,CIFAR10,0.05,0.5,45,10,5,388.95,1 x NVIDIA RTX A1000,Intel(R) Core(TM) i7-14700,test3_comunicacao,results/main_campaign_default_alpha_0_5/FedAvgM-results/test3_comunicacao/CIFAR10/FedAvgM__CIFAR10__Setup-5__Clients-5__Rounds-10__Delay-0_05__Alpha-0_5__Seed-45.txt
alpha-0_5 folder,FedAvgM,CIFAR10,0.05,0.5,46,10,5,386.04,1 x NVIDIA RTX A1000,Intel(R) Core(TM) i7-14700,test3_comunicacao,results/main_campaign_default_alpha_0_5/FedAvgM-results/test3_comunicacao/CIFAR10/FedAvgM__CIFAR10__Setup-5__Clients-5__Rounds-10__Delay-0_05__Alpha-0_5__Seed-46.txt
alpha-0_5 folder,FedAvgM,CIFAR10,0.05,0.5,47,10,5,389.04,1 x NVIDIA RTX A1000,Intel(R) Core(TM) i7-14700,test3_comunicacao,results/main_campaign_default_alpha_0_5/FedAvgM-results/test3_comunicacao/CIFAR10/FedAvgM__CIFAR10__Setup-5__Clients-5__Rounds-10__Delay-0_05__Alpha-0_5__Seed-47.txt
alpha-0_5 folder,FedAvgM,CIFAR10,0.05,0.5,48,10,5,388.61,1 x NVIDIA RTX A1000,Intel(R) Core(TM) i7-14700,test3_comunicacao,results/main_campaign_default_alpha_0_5/FedAvgM-results/test3_comunicacao/CIFAR10/FedAvgM__CIFAR10__Setup-5__Clients-5__Rounds-10__Delay-0_05__Alpha-0_5__Seed-48.txt
alpha-0_5 folder,FedAvgM,CIFAR10,0.05,0.5,49,10,5,389.63,1 x NVIDIA RTX A1000,Intel(R) Core(TM) i7-14700,test3_comunicacao,results/main_campaign_default_alpha_0_5/FedAvgM-results/test3_comunicacao/CIFAR10/FedAvgM__CIFAR10__Setup-5__Clients-5__Rounds-10__Delay-0_05__Alpha-0_5__Seed-49.txt
alpha-0_5 folder,FedAvgM,CIFAR10,0.05,0.5,50,10,5,389.85,1 x NVIDIA RTX A1000,Intel(R) Core(TM) i7-14700,test3_comunicacao,results/main_campaign_default_alpha_0_5/FedAvgM-results/test3_comunicacao/CIFAR10/FedAvgM__CIFAR10__Setup-5__Clients-5__Rounds-10__Delay-0_05__Alpha-0_5__Seed-50.txt
alpha-0_5 folder,FedAvgM,CIFAR10,0.05,0.5,51,10,5,390.15,1 x NVIDIA RTX A1000,Intel(R) Core(TM) i7-14700,test3_comunicacao,results/main_campaign_default_alpha_0_5/FedAvgM-results/test3_comunicacao/CIFAR10/FedAvgM__CIFAR10__Setup-5__Clients-5__Rounds-10__Delay-0_05__Alpha-0_5__Seed-51.txt
alpha-0_5 folder,FedAvgM,CIFAR10,0.05,0.5,52,10,5,389.57,1 x NVIDIA RTX A1000,Intel(R) Core(TM) i7-14700,test3_comunicacao,results/main_campaign_default_alpha_0_5/FedAvgM-results/test3_comunicacao/CIFAR10/FedAvgM__CIFAR10__Setup-5__Clients-5__Rounds-10__Delay-0_05__Alpha-0_5__Seed-52.txt
alpha-0_5 folder,FedAvgM,CIFAR10,0.05,0.5,53,10,5,386.40,1 x NVIDIA RTX A1000,Intel(R) Core(TM) i7-14700,test3_comunicacao,results/main_campaign_default_alpha_0_5/FedAvgM-results/test3_comunicacao/CIFAR10/FedAvgM__CIFAR10__Setup-5__Clients-5__Rounds-10__Delay-0_05__Alpha-0_5__Seed-53.txt
alpha-0_5 folder,FedAvgM,CIFAR10,0.05,0.5,54,10,5,388.89,1 x NVIDIA RTX A1000,Intel(R) Core(TM) i7-14700,test3_comunicacao,results/main_campaign_default_alpha_0_5/FedAvgM-results/test3_comunicacao/CIFAR10/FedAvgM__CIFAR10__Setup-5__Clients-5__Rounds-10__Delay-0_05__Alpha-0_5__Seed-54.txt
alpha-0_5 folder,FedAvgM,CIFAR10,0.05,0.5,55,10,5,389.47,1 x NVIDIA RTX A1000,Intel(R) Core(TM) i7-14700,test3_comunicacao,results/main_campaign_default_alpha_0_5/FedAvgM-results/test3_comunicacao/CIFAR10/FedAvgM__CIFAR10__Setup-5__Clients-5__Rounds-10__Delay-0_05__Alpha-0_5__Seed-55.txt
alpha-0_5 folder,FedAvgM,CIFAR10,0.05,0.5,56,10,5,387.57,1 x NVIDIA RTX A1000,Intel(R) Core(TM) i7-14700,test3_comunicacao,results/main_campaign_default_alpha_0_5/FedAvgM-results/test3_comunicacao/CIFAR10/FedAvgM__CIFAR10__Setup-5__Clients-5__Rounds-10__Delay-0_05__Alpha-0_5__Seed-56.txt
alpha-0_5 folder,FedAvgM,CIFAR10,0.05,0.5,57,10,5,389.07,1 x NVIDIA RTX A1000,Intel(R) Core(TM) i7-14700,test3_comunicacao,results/main_campaign_default_alpha_0_5/FedAvgM-results/test3_comunicacao/CIFAR10/FedAvgM__CIFAR10__Setup-5__Clients-5__Rounds-10__Delay-0_05__Alpha-0_5__Seed-57.txt
alpha-0_5 folder,FedAvgM,CIFAR10,0.05,0.5,58,10,5,389.48,1 x NVIDIA RTX A1000,Intel(R) Core(TM) i7-14700,test3_comunicacao,results/main_campaign_default_alpha_0_5/FedAvgM-results/test3_comunicacao/CIFAR10/FedAvgM__CIFAR10__Setup-5__Clients-5__Rounds-10__Delay-0_05__Alpha-0_5__Seed-58.txt
alpha-0_5 folder,FedAvgM,CIFAR10,0.05,0.5,59,10,5,390.32,1 x NVIDIA RTX A1000,Intel(R) Core(TM) i7-14700,test3_comunicacao,results/main_campaign_default_alpha_0_5/FedAvgM-results/test3_comunicacao/CIFAR10/FedAvgM__CIFAR10__Setup-5__Clients-5__Rounds-10__Delay-0_05__Alpha-0_5__Seed-59.txt
alpha-0_5 folder,FedAvgM,CIFAR10,0.05,0.5,60,10,5,390.19,1 x NVIDIA RTX A1000,Intel(R) Core(TM) i7-14700,test3_comunicacao,results/main_campaign_default_alpha_0_5/FedAvgM-results/test3_comunicacao/CIFAR10/FedAvgM__CIFAR10__Setup-5__Clients-5__Rounds-10__Delay-0_05__Alpha-0_5__Seed-60.txt
alpha-0_5 folder,FedAvgM,CIFAR10,0.05,0.5,61,10,5,390.19,1 x NVIDIA RTX A1000,Intel(R) Core(TM) i7-14700,test3_comunicacao,results/main_campaign_default_alpha_0_5/FedAvgM-results/test3_comunicacao/CIFAR10/FedAvgM__CIFAR10__Setup-5__Clients-5__Rounds-10__Delay-0_05__Alpha-0_5__Seed-61.txt
alpha-0_5 folder,FedAvgM,CIFAR10,0.05,0.5,62,10,5,389.42,1 x NVIDIA RTX A1000,Intel(R) Core(TM) i7-14700,test3_comunicacao,results/main_campaign_default_alpha_0_5/FedAvgM-results/test3_comunicacao/CIFAR10/FedAvgM__CIFAR10__Setup-5__Clients-5__Rounds-10__Delay-0_05__Alpha-0_5__Seed-62.txt
alpha-0_5 folder,FedAvgM,CIFAR10,0.05,0.5,63,10,5,390.60,1 x NVIDIA RTX A1000,Intel(R) Core(TM) i7-14700,test3_comunicacao,results/main_campaign_default_alpha_0_5/FedAvgM-results/test3_comunicacao/CIFAR10/FedAvgM__CIFAR10__Setup-5__Clients-5__Rounds-10__Delay-0_05__Alpha-0_5__Seed-63.txt
alpha-0_5 folder,FedAvgM,CIFAR10,0.05,0.5,64,10,5,389.76,1 x NVIDIA RTX A1000,Intel(R) Core(TM) i7-14700,test3_comunicacao,results/main_campaign_default_alpha_0_5/FedAvgM-results/test3_comunicacao/CIFAR10/FedAvgM__CIFAR10__Setup-5__Clients-5__Rounds-10__Delay-0_05__Alpha-0_5__Seed-64.txt
alpha-0_5 folder,FedAvgM,CIFAR10,0.05,0.5,65,10,5,392.24,1 x NVIDIA RTX A1000,Intel(R) Core(TM) i7-14700,test3_comunicacao,results/main_campaign_default_alpha_0_5/FedAvgM-results/test3_comunicacao/CIFAR10/FedAvgM__CIFAR10__Setup-5__Clients-5__Rounds-10__Delay-0_05__Alpha-0_5__Seed-65.txt
alpha-0_5 folder,FedAvgM,CIFAR10,0.05,0.5,66,10,5,391.23,1 x NVIDIA RTX A1000,Intel(R) Core(TM) i7-14700,test3_comunicacao,results/main_campaign_default_alpha_0_5/FedAvgM-results/test3_comunicacao/CIFAR10/FedAvgM__CIFAR10__Setup-5__Clients-5__Rounds-10__Delay-0_05__Alpha-0_5__Seed-66.txt
alpha-0_5 folder,FedAvgM,CIFAR10,0.05,0.5,67,10,5,388.93,1 x NVIDIA RTX A1000,Intel(R) Core(TM) i7-14700,test3_comunicacao,results/main_campaign_default_alpha_0_5/FedAvgM-results/test3_comunicacao/CIFAR10/FedAvgM__CIFAR10__Setup-5__Clients-5__Rounds-10__Delay-0_05__Alpha-0_5__Seed-67.txt
alpha-0_5 folder,FedAvgM,CIFAR10,0.05,0.5,68,10,5,391.35,1 x NVIDIA RTX A1000,Intel(R) Core(TM) i7-14700,test3_comunicacao,results/main_campaign_default_alpha_0_5/FedAvgM-results/test3_comunicacao/CIFAR10/FedAvgM__CIFAR10__Setup-5__Clients-5__Rounds-10__Delay-0_05__Alpha-0_5__Seed-68.txt
alpha-0_5 folder,FedAvgM,CIFAR10,0.05,0.5,69,10,5,389.68,1 x NVIDIA RTX A1000,Intel(R) Core(TM) i7-14700,test3_comunicacao,results/main_campaign_default_alpha_0_5/FedAvgM-results/test3_comunicacao/CIFAR10/FedAvgM__CIFAR10__Setup-5__Clients-5__Rounds-10__Delay-0_05__Alpha-0_5__Seed-69.txt
alpha-0_5 folder,FedAvgM,CIFAR10,0.05,0.5,70,10,5,389.48,1 x NVIDIA RTX A1000,Intel(R) Core(TM) i7-14700,test3_comunicacao,results/main_campaign_default_alpha_0_5/FedAvgM-results/test3_comunicacao/CIFAR10/FedAvgM__CIFAR10__Setup-5__Clients-5__Rounds-10__Delay-0_05__Alpha-0_5__Seed-70.txt
alpha-0_5 folder,FedAvgM,CIFAR10,0.05,0.5,71,10,5,388.14,1 x NVIDIA RTX A1000,Intel(R) Core(TM) i7-14700,test3_comunicacao,results/main_campaign_default_alpha_0_5/FedAvgM-results/test3_comunicacao/CIFAR10/FedAvgM__CIFAR10__Setup-5__Clients-5__Rounds-10__Delay-0_05__Alpha-0_5__Seed-71.txt
alpha-0_5 folder,FedAvgM,CIFAR10,0.1,0.5,42,10,5,392.73,1 x NVIDIA RTX A1000,Intel(R) Core(TM) i7-14700,test3_comunicacao,results/main_campaign_default_alpha_0_5/FedAvgM-results/test3_comunicacao/CIFAR10/FedAvgM__CIFAR10__Setup-5__Clients-5__Rounds-10__Delay-0_1__Alpha-0_5__Seed-42.txt
alpha-0_5 folder,FedAvgM,CIFAR10,0.1,0.5,43,10,5,390.79,1 x NVIDIA RTX A1000,Intel(R) Core(TM) i7-14700,test3_comunicacao,results/main_campaign_default_alpha_0_5/FedAvgM-results/test3_comunicacao/CIFAR10/FedAvgM__CIFAR10__Setup-5__Clients-5__Rounds-10__Delay-0_1__Alpha-0_5__Seed-43.txt
alpha-0_5 folder,FedAvgM,CIFAR10,0.1,0.5,44,10,5,391.82,1 x NVIDIA RTX A1000,Intel(R) Core(TM) i7-14700,test3_comunicacao,results/main_campaign_default_alpha_0_5/FedAvgM-results/test3_comunicacao/CIFAR10/FedAvgM__CIFAR10__Setup-5__Clients-5__Rounds-10__Delay-0_1__Alpha-0_5__Seed-44.txt
alpha-0_5 folder,FedAvgM,CIFAR10,0.1,0.5,45,10,5,393.19,1 x NVIDIA RTX A1000,Intel(R) Core(TM) i7-14700,test3_comunicacao,results/main_campaign_default_alpha_0_5/FedAvgM-results/test3_comunicacao/CIFAR10/FedAvgM__CIFAR10__Setup-5__Clients-5__Rounds-10__Delay-0_1__Alpha-0_5__Seed-45.txt
alpha-0_5 folder,FedAvgM,CIFAR10,0.1,0.5,46,10,5,388.80,1 x NVIDIA RTX A1000,Intel(R) Core(TM) i7-14700,test3_comunicacao,results/main_campaign_default_alpha_0_5/FedAvgM-results/test3_comunicacao/CIFAR10/FedAvgM__CIFAR10__Setup-5__Clients-5__Rounds-10__Delay-0_1__Alpha-0_5__Seed-46.txt
alpha-0_5 folder,FedAvgM,CIFAR10,0.1,0.5,47,10,5,392.25,1 x NVIDIA RTX A1000,Intel(R) Core(TM) i7-14700,test3_comunicacao,results/main_campaign_default_alpha_0_5/FedAvgM-results/test3_comunicacao/CIFAR10/FedAvgM__CIFAR10__Setup-5__Clients-5__Rounds-10__Delay-0_1__Alpha-0_5__Seed-47.txt
alpha-0_5 folder,FedAvgM,CIFAR10,0.1,0.5,48,10,5,389.88,1 x NVIDIA RTX A1000,Intel(R) Core(TM) i7-14700,test3_comunicacao,results/main_campaign_default_alpha_0_5/FedAvgM-results/test3_comunicacao/CIFAR10/FedAvgM__CIFAR10__Setup-5__Clients-5__Rounds-10__Delay-0_1__Alpha-0_5__Seed-48.txt
alpha-0_5 folder,FedAvgM,CIFAR10,0.1,0.5,49,10,5,393.19,1 x NVIDIA RTX A1000,Intel(R) Core(TM) i7-14700,test3_comunicacao,results/main_campaign_default_alpha_0_5/FedAvgM-results/test3_comunicacao/CIFAR10/FedAvgM__CIFAR10__Setup-5__Clients-5__Rounds-10__Delay-0_1__Alpha-0_5__Seed-49.txt
alpha-0_5 folder,FedAvgM,CIFAR10,0.1,0.5,50,10,5,393.26,1 x NVIDIA RTX A1000,Intel(R) Core(TM) i7-14700,test3_comunicacao,results/main_campaign_default_alpha_0_5/FedAvgM-results/test3_comunicacao/CIFAR10/FedAvgM__CIFAR10__Setup-5__Clients-5__Rounds-10__Delay-0_1__Alpha-0_5__Seed-50.txt
alpha-0_5 folder,FedAvgM,CIFAR10,0.1,0.5,51,10,5,393.43,1 x NVIDIA RTX A1000,Intel(R) Core(TM) i7-14700,test3_comunicacao,results/main_campaign_default_alpha_0_5/FedAvgM-results/test3_comunicacao/CIFAR10/FedAvgM__CIFAR10__Setup-5__Clients-5__Rounds-10__Delay-0_1__Alpha-0_5__Seed-51.txt
alpha-0_5 folder,FedAvgM,CIFAR10,0.1,0.5,52,10,5,393.03,1 x NVIDIA RTX A1000,Intel(R) Core(TM) i7-14700,test3_comunicacao,results/main_campaign_default_alpha_0_5/FedAvgM-results/test3_comunicacao/CIFAR10/FedAvgM__CIFAR10__Setup-5__Clients-5__Rounds-10__Delay-0_1__Alpha-0_5__Seed-52.txt
alpha-0_5 folder,FedAvgM,CIFAR10,0.1,0.5,53,10,5,388.19,1 x NVIDIA RTX A1000,Intel(R) Core(TM) i7-14700,test3_comunicacao,results/main_campaign_default_alpha_0_5/FedAvgM-results/test3_comunicacao/CIFAR10/FedAvgM__CIFAR10__Setup-5__Clients-5__Rounds-10__Delay-0_1__Alpha-0_5__Seed-53.txt
alpha-0_5 folder,FedAvgM,CIFAR10,0.1,0.5,54,10,5,391.09,1 x NVIDIA RTX A1000,Intel(R) Core(TM) i7-14700,test3_comunicacao,results/main_campaign_default_alpha_0_5/FedAvgM-results/test3_comunicacao/CIFAR10/FedAvgM__CIFAR10__Setup-5__Clients-5__Rounds-10__Delay-0_1__Alpha-0_5__Seed-54.txt
alpha-0_5 folder,FedAvgM,CIFAR10,0.1,0.5,55,10,5,391.70,1 x NVIDIA RTX A1000,Intel(R) Core(TM) i7-14700,test3_comunicacao,results/main_campaign_default_alpha_0_5/FedAvgM-results/test3_comunicacao/CIFAR10/FedAvgM__CIFAR10__Setup-5__Clients-5__Rounds-10__Delay-0_1__Alpha-0_5__Seed-55.txt
alpha-0_5 folder,FedAvgM,CIFAR10,0.1,0.5,56,10,5,389.60,1 x NVIDIA RTX A1000,Intel(R) Core(TM) i7-14700,test3_comunicacao,results/main_campaign_default_alpha_0_5/FedAvgM-results/test3_comunicacao/CIFAR10/FedAvgM__CIFAR10__Setup-5__Clients-5__Rounds-10__Delay-0_1__Alpha-0_5__Seed-56.txt
alpha-0_5 folder,FedAvgM,CIFAR10,0.1,0.5,57,10,5,390.37,1 x NVIDIA RTX A1000,Intel(R) Core(TM) i7-14700,test3_comunicacao,results/main_campaign_default_alpha_0_5/FedAvgM-results/test3_comunicacao/CIFAR10/FedAvgM__CIFAR10__Setup-5__Clients-5__Rounds-10__Delay-0_1__Alpha-0_5__Seed-57.txt
alpha-0_5 folder,FedAvgM,CIFAR10,0.1,0.5,58,10,5,391.30,1 x NVIDIA RTX A1000,Intel(R) Core(TM) i7-14700,test3_comunicacao,results/main_campaign_default_alpha_0_5/FedAvgM-results/test3_comunicacao/CIFAR10/FedAvgM__CIFAR10__Setup-5__Clients-5__Rounds-10__Delay-0_1__Alpha-0_5__Seed-58.txt
alpha-0_5 folder,FedAvgM,CIFAR10,0.1,0.5,59,10,5,392.94,1 x NVIDIA RTX A1000,Intel(R) Core(TM) i7-14700,test3_comunicacao,results/main_campaign_default_alpha_0_5/FedAvgM-results/test3_comunicacao/CIFAR10/FedAvgM__CIFAR10__Setup-5__Clients-5__Rounds-10__Delay-0_1__Alpha-0_5__Seed-59.txt
alpha-0_5 folder,FedAvgM,CIFAR10,0.1,0.5,60,10,5,384.09,1 x NVIDIA RTX A1000,Intel(R) Core(TM) i7-14700,test3_comunicacao,results/main_campaign_default_alpha_0_5/FedAvgM-results/test3_comunicacao/CIFAR10/FedAvgM__CIFAR10__Setup-5__Clients-5__Rounds-10__Delay-0_1__Alpha-0_5__Seed-60.txt
alpha-0_5 folder,FedAvgM,CIFAR10,0.1,0.5,61,10,5,391.21,1 x NVIDIA RTX A1000,Intel(R) Core(TM) i7-14700,test3_comunicacao,results/main_campaign_default_alpha_0_5/FedAvgM-results/test3_comunicacao/CIFAR10/FedAvgM__CIFAR10__Setup-5__Clients-5__Rounds-10__Delay-0_1__Alpha-0_5__Seed-61.txt
alpha-0_5 folder,FedAvgM,CIFAR10,0.1,0.5,62,10,5,390.52,1 x NVIDIA RTX A1000,Intel(R) Core(TM) i7-14700,test3_comunicacao,results/main_campaign_default_alpha_0_5/FedAvgM-results/test3_comunicacao/CIFAR10/FedAvgM__CIFAR10__Setup-5__Clients-5__Rounds-10__Delay-0_1__Alpha-0_5__Seed-62.txt
alpha-0_5 folder,FedAvgM,CIFAR10,0.1,0.5,63,10,5,391.81,1 x NVIDIA RTX A1000,Intel(R) Core(TM) i7-14700,test3_comunicacao,results/main_campaign_default_alpha_0_5/FedAvgM-results/test3_comunicacao/CIFAR10/FedAvgM__CIFAR10__Setup-5__Clients-5__Rounds-10__Delay-0_1__Alpha-0_5__Seed-63.txt
alpha-0_5 folder,FedAvgM,CIFAR10,0.1,0.5,64,10,5,392.71,1 x NVIDIA RTX A1000,Intel(R) Core(TM) i7-14700,test3_comunicacao,results/main_campaign_default_alpha_0_5/FedAvgM-results/test3_comunicacao/CIFAR10/FedAvgM__CIFAR10__Setup-5__Clients-5__Rounds-10__Delay-0_1__Alpha-0_5__Seed-64.txt
alpha-0_5 folder,FedAvgM,CIFAR10,0.1,0.5,65,10,5,391.17,1 x NVIDIA RTX A1000,Intel(R) Core(TM) i7-14700,test3_comunicacao,results/main_campaign_default_alpha_0_5/FedAvgM-results/test3_comunicacao/CIFAR10/FedAvgM__CIFAR10__Setup-5__Clients-5__Rounds-10__Delay-0_1__Alpha-0_5__Seed-65.txt
alpha-0_5 folder,FedAvgM,CIFAR10,0.1,0.5,66,10,5,393.05,1 x NVIDIA RTX A1000,Intel(R) Core(TM) i7-14700,test3_comunicacao,results/main_campaign_default_alpha_0_5/FedAvgM-results/test3_comunicacao/CIFAR10/FedAvgM__CIFAR10__Setup-5__Clients-5__Rounds-10__Delay-0_1__Alpha-0_5__Seed-66.txt
alpha-0_5 folder,FedAvgM,CIFAR10,0.1,0.5,67,10,5,391.71,1 x NVIDIA RTX A1000,Intel(R) Core(TM) i7-14700,test3_comunicacao,results/main_campaign_default_alpha_0_5/FedAvgM-results/test3_comunicacao/CIFAR10/FedAvgM__CIFAR10__Setup-5__Clients-5__Rounds-10__Delay-0_1__Alpha-0_5__Seed-67.txt
alpha-0_5 folder,FedAvgM,CIFAR10,0.1,0.5,68,10,5,392.38,1 x NVIDIA RTX A1000,Intel(R) Core(TM) i7-14700,test3_comunicacao,results/main_campaign_default_alpha_0_5/FedAvgM-results/test3_comunicacao/CIFAR10/FedAvgM__CIFAR10__Setup-5__Clients-5__Rounds-10__Delay-0_1__Alpha-0_5__Seed-68.txt
alpha-0_5 folder,FedAvgM,CIFAR10,0.1,0.5,69,10,5,392.27,1 x NVIDIA RTX A1000,Intel(R) Core(TM) i7-14700,test3_comunicacao,results/main_campaign_default_alpha_0_5/FedAvgM-results/test3_comunicacao/CIFAR10/FedAvgM__CIFAR10__Setup-5__Clients-5__Rounds-10__Delay-0_1__Alpha-0_5__Seed-69.txt
alpha-0_5 folder,FedAvgM,CIFAR10,0.1,0.5,70,10,5,391.75,1 x NVIDIA RTX A1000,Intel(R) Core(TM) i7-14700,test3_comunicacao,results/main_campaign_default_alpha_0_5/FedAvgM-results/test3_comunicacao/CIFAR10/FedAvgM__CIFAR10__Setup-5__Clients-5__Rounds-10__Delay-0_1__Alpha-0_5__Seed-70.txt
alpha-0_5 folder,FedAvgM,CIFAR10,0.1,0.5,71,10,5,389.58,1 x NVIDIA RTX A1000,Intel(R) Core(TM) i7-14700,test3_comunicacao,results/main_campaign_default_alpha_0_5/FedAvgM-results/test3_comunicacao/CIFAR10/FedAvgM__CIFAR10__Setup-5__Clients-5__Rounds-10__Delay-0_1__Alpha-0_5__Seed-71.txt
alpha-0_5 folder,FedAvgM,CIFAR10,0.5,0.5,42,10,5,404.47,1 x NVIDIA RTX A1000,Intel(R) Core(TM) i7-14700,test3_comunicacao,results/main_campaign_default_alpha_0_5/FedAvgM-results/test3_comunicacao/CIFAR10/FedAvgM__CIFAR10__Setup-5__Clients-5__Rounds-10__Delay-0_5__Alpha-0_5__Seed-42.txt
alpha-0_5 folder,FedAvgM,CIFAR10,0.5,0.5,43,10,5,402.23,1 x NVIDIA RTX A1000,Intel(R) Core(TM) i7-14700,test3_comunicacao,results/main_campaign_default_alpha_0_5/FedAvgM-results/test3_comunicacao/CIFAR10/FedAvgM__CIFAR10__Setup-5__Clients-5__Rounds-10__Delay-0_5__Alpha-0_5__Seed-43.txt
alpha-0_5 folder,FedAvgM,CIFAR10,0.5,0.5,44,10,5,403.03,1 x NVIDIA RTX A1000,Intel(R) Core(TM) i7-14700,test3_comunicacao,results/main_campaign_default_alpha_0_5/FedAvgM-results/test3_comunicacao/CIFAR10/FedAvgM__CIFAR10__Setup-5__Clients-5__Rounds-10__Delay-0_5__Alpha-0_5__Seed-44.txt
alpha-0_5 folder,FedAvgM,CIFAR10,0.5,0.5,45,10,5,403.60,1 x NVIDIA RTX A1000,Intel(R) Core(TM) i7-14700,test3_comunicacao,results/main_campaign_default_alpha_0_5/FedAvgM-results/test3_comunicacao/CIFAR10/FedAvgM__CIFAR10__Setup-5__Clients-5__Rounds-10__Delay-0_5__Alpha-0_5__Seed-45.txt
alpha-0_5 folder,FedAvgM,CIFAR10,0.5,0.5,46,10,5,406.58,1 x NVIDIA RTX A1000,Intel(R) Core(TM) i7-14700,test3_comunicacao,results/main_campaign_default_alpha_0_5/FedAvgM-results/test3_comunicacao/CIFAR10/FedAvgM__CIFAR10__Setup-5__Clients-5__Rounds-10__Delay-0_5__Alpha-0_5__Seed-46.txt
alpha-0_5 folder,FedAvgM,CIFAR10,0.5,0.5,47,10,5,402.74,1 x NVIDIA RTX A1000,Intel(R) Core(TM) i7-14700,test3_comunicacao,results/main_campaign_default_alpha_0_5/FedAvgM-results/test3_comunicacao/CIFAR10/FedAvgM__CIFAR10__Setup-5__Clients-5__Rounds-10__Delay-0_5__Alpha-0_5__Seed-47.txt
alpha-0_5 folder,FedAvgM,CIFAR10,0.5,0.5,48,10,5,401.45,1 x NVIDIA RTX A1000,Intel(R) Core(TM) i7-14700,test3_comunicacao,results/main_campaign_default_alpha_0_5/FedAvgM-results/test3_comunicacao/CIFAR10/FedAvgM__CIFAR10__Setup-5__Clients-5__Rounds-10__Delay-0_5__Alpha-0_5__Seed-48.txt
alpha-0_5 folder,FedAvgM,CIFAR10,0.5,0.5,49,10,5,404.03,1 x NVIDIA RTX A1000,Intel(R) Core(TM) i7-14700,test3_comunicacao,results/main_campaign_default_alpha_0_5/FedAvgM-results/test3_comunicacao/CIFAR10/FedAvgM__CIFAR10__Setup-5__Clients-5__Rounds-10__Delay-0_5__Alpha-0_5__Seed-49.txt
alpha-0_5 folder,FedAvgM,CIFAR10,0.5,0.5,50,10,5,404.39,1 x NVIDIA RTX A1000,Intel(R) Core(TM) i7-14700,test3_comunicacao,results/main_campaign_default_alpha_0_5/FedAvgM-results/test3_comunicacao/CIFAR10/FedAvgM__CIFAR10__Setup-5__Clients-5__Rounds-10__Delay-0_5__Alpha-0_5__Seed-50.txt
alpha-0_5 folder,FedAvgM,CIFAR10,0.5,0.5,51,10,5,404.54,1 x NVIDIA RTX A1000,Intel(R) Core(TM) i7-14700,test3_comunicacao,results/main_campaign_default_alpha_0_5/FedAvgM-results/test3_comunicacao/CIFAR10/FedAvgM__CIFAR10__Setup-5__Clients-5__Rounds-10__Delay-0_5__Alpha-0_5__Seed-51.txt
alpha-0_5 folder,FedAvgM,CIFAR10,0.5,0.5,52,10,5,403.50,1 x NVIDIA RTX A1000,Intel(R) Core(TM) i7-14700,test3_comunicacao,results/main_campaign_default_alpha_0_5/FedAvgM-results/test3_comunicacao/CIFAR10/FedAvgM__CIFAR10__Setup-5__Clients-5__Rounds-10__Delay-0_5__Alpha-0_5__Seed-52.txt
alpha-0_5 folder,FedAvgM,CIFAR10,0.5,0.5,53,10,5,401.04,1 x NVIDIA RTX A1000,Intel(R) Core(TM) i7-14700,test3_comunicacao,results/main_campaign_default_alpha_0_5/FedAvgM-results/test3_comunicacao/CIFAR10/FedAvgM__CIFAR10__Setup-5__Clients-5__Rounds-10__Delay-0_5__Alpha-0_5__Seed-53.txt
alpha-0_5 folder,FedAvgM,CIFAR10,0.5,0.5,54,10,5,395.03,1 x NVIDIA RTX A1000,Intel(R) Core(TM) i7-14700,test3_comunicacao,results/main_campaign_default_alpha_0_5/FedAvgM-results/test3_comunicacao/CIFAR10/FedAvgM__CIFAR10__Setup-5__Clients-5__Rounds-10__Delay-0_5__Alpha-0_5__Seed-54.txt
alpha-0_5 folder,FedAvgM,CIFAR10,0.5,0.5,55,10,5,402.68,1 x NVIDIA RTX A1000,Intel(R) Core(TM) i7-14700,test3_comunicacao,results/main_campaign_default_alpha_0_5/FedAvgM-results/test3_comunicacao/CIFAR10/FedAvgM__CIFAR10__Setup-5__Clients-5__Rounds-10__Delay-0_5__Alpha-0_5__Seed-55.txt
alpha-0_5 folder,FedAvgM,CIFAR10,0.5,0.5,56,10,5,403.48,1 x NVIDIA RTX A1000,Intel(R) Core(TM) i7-14700,test3_comunicacao,results/main_campaign_default_alpha_0_5/FedAvgM-results/test3_comunicacao/CIFAR10/FedAvgM__CIFAR10__Setup-5__Clients-5__Rounds-10__Delay-0_5__Alpha-0_5__Seed-56.txt
alpha-0_5 folder,FedAvgM,CIFAR10,0.5,0.5,57,10,5,402.85,1 x NVIDIA RTX A1000,Intel(R) Core(TM) i7-14700,test3_comunicacao,results/main_campaign_default_alpha_0_5/FedAvgM-results/test3_comunicacao/CIFAR10/FedAvgM__CIFAR10__Setup-5__Clients-5__Rounds-10__Delay-0_5__Alpha-0_5__Seed-57.txt
alpha-0_5 folder,FedAvgM,CIFAR10,0.5,0.5,58,10,5,403.10,1 x NVIDIA RTX A1000,Intel(R) Core(TM) i7-14700,test3_comunicacao,results/main_campaign_default_alpha_0_5/FedAvgM-results/test3_comunicacao/CIFAR10/FedAvgM__CIFAR10__Setup-5__Clients-5__Rounds-10__Delay-0_5__Alpha-0_5__Seed-58.txt
alpha-0_5 folder,FedAvgM,CIFAR10,0.5,0.5,59,10,5,403.94,1 x NVIDIA RTX A1000,Intel(R) Core(TM) i7-14700,test3_comunicacao,results/main_campaign_default_alpha_0_5/FedAvgM-results/test3_comunicacao/CIFAR10/FedAvgM__CIFAR10__Setup-5__Clients-5__Rounds-10__Delay-0_5__Alpha-0_5__Seed-59.txt
alpha-0_5 folder,FedAvgM,CIFAR10,0.5,0.5,60,10,5,403.73,1 x NVIDIA RTX A1000,Intel(R) Core(TM) i7-14700,test3_comunicacao,results/main_campaign_default_alpha_0_5/FedAvgM-results/test3_comunicacao/CIFAR10/FedAvgM__CIFAR10__Setup-5__Clients-5__Rounds-10__Delay-0_5__Alpha-0_5__Seed-60.txt
alpha-0_5 folder,FedAvgM,CIFAR10,0.5,0.5,61,10,5,404.94,1 x NVIDIA RTX A1000,Intel(R) Core(TM) i7-14700,test3_comunicacao,results/main_campaign_default_alpha_0_5/FedAvgM-results/test3_comunicacao/CIFAR10/FedAvgM__CIFAR10__Setup-5__Clients-5__Rounds-10__Delay-0_5__Alpha-0_5__Seed-61.txt
alpha-0_5 folder,FedAvgM,CIFAR10,0.5,0.5,62,10,5,393.80,1 x NVIDIA RTX A1000,Intel(R) Core(TM) i7-14700,test3_comunicacao,results/main_campaign_default_alpha_0_5/FedAvgM-results/test3_comunicacao/CIFAR10/FedAvgM__CIFAR10__Setup-5__Clients-5__Rounds-10__Delay-0_5__Alpha-0_5__Seed-62.txt
alpha-0_5 folder,FedAvgM,CIFAR10,0.5,0.5,63,10,5,403.09,1 x NVIDIA RTX A1000,Intel(R) Core(TM) i7-14700,test3_comunicacao,results/main_campaign_default_alpha_0_5/FedAvgM-results/test3_comunicacao/CIFAR10/FedAvgM__CIFAR10__Setup-5__Clients-5__Rounds-10__Delay-0_5__Alpha-0_5__Seed-63.txt
alpha-0_5 folder,FedAvgM,CIFAR10,0.5,0.5,64,10,5,403.34,1 x NVIDIA RTX A1000,Intel(R) Core(TM) i7-14700,test3_comunicacao,results/main_campaign_default_alpha_0_5/FedAvgM-results/test3_comunicacao/CIFAR10/FedAvgM__CIFAR10__Setup-5__Clients-5__Rounds-10__Delay-0_5__Alpha-0_5__Seed-64.txt
alpha-0_5 folder,FedAvgM,CIFAR10,0.5,0.5,65,10,5,403.99,1 x NVIDIA RTX A1000,Intel(R) Core(TM) i7-14700,test3_comunicacao,results/main_campaign_default_alpha_0_5/FedAvgM-results/test3_comunicacao/CIFAR10/FedAvgM__CIFAR10__Setup-5__Clients-5__Rounds-10__Delay-0_5__Alpha-0_5__Seed-65.txt
alpha-0_5 folder,FedAvgM,CIFAR10,0.5,0.5,66,10,5,404.67,1 x NVIDIA RTX A1000,Intel(R) Core(TM) i7-14700,test3_comunicacao,results/main_campaign_default_alpha_0_5/FedAvgM-results/test3_comunicacao/CIFAR10/FedAvgM__CIFAR10__Setup-5__Clients-5__Rounds-10__Delay-0_5__Alpha-0_5__Seed-66.txt
alpha-0_5 folder,FedAvgM,CIFAR10,0.5,0.5,67,10,5,403.10,1 x NVIDIA RTX A1000,Intel(R) Core(TM) i7-14700,test3_comunicacao,results/main_campaign_default_alpha_0_5/FedAvgM-results/test3_comunicacao/CIFAR10/FedAvgM__CIFAR10__Setup-5__Clients-5__Rounds-10__Delay-0_5__Alpha-0_5__Seed-67.txt
alpha-0_5 folder,FedAvgM,CIFAR10,0.5,0.5,68,10,5,404.55,1 x NVIDIA RTX A1000,Intel(R) Core(TM) i7-14700,test3_comunicacao,results/main_campaign_default_alpha_0_5/FedAvgM-results/test3_comunicacao/CIFAR10/FedAvgM__CIFAR10__Setup-5__Clients-5__Rounds-10__Delay-0_5__Alpha-0_5__Seed-68.txt
alpha-0_5 folder,FedAvgM,CIFAR10,0.5,0.5,69,10,5,404.93,1 x NVIDIA RTX A1000,Intel(R) Core(TM) i7-14700,test3_comunicacao,results/main_campaign_default_alpha_0_5/FedAvgM-results/test3_comunicacao/CIFAR10/FedAvgM__CIFAR10__Setup-5__Clients-5__Rounds-10__Delay-0_5__Alpha-0_5__Seed-69.txt
alpha-0_5 folder,FedAvgM,CIFAR10,0.5,0.5,70,10,5,404.09,1 x NVIDIA RTX A1000,Intel(R) Core(TM) i7-14700,test3_comunicacao,results/main_campaign_default_alpha_0_5/FedAvgM-results/test3_comunicacao/CIFAR10/FedAvgM__CIFAR10__Setup-5__Clients-5__Rounds-10__Delay-0_5__Alpha-0_5__Seed-70.txt
alpha-0_5 folder,FedAvgM,CIFAR10,0.5,0.5,71,10,5,400.24,1 x NVIDIA RTX A1000,Intel(R) Core(TM) i7-14700,test3_comunicacao,results/main_campaign_default_alpha_0_5/FedAvgM-results/test3_comunicacao/CIFAR10/FedAvgM__CIFAR10__Setup-5__Clients-5__Rounds-10__Delay-0_5__Alpha-0_5__Seed-71.txt
alpha-0_5 folder,FedAvgM,FashionMNIST,0.05,0.5,42,10,5,131.59,1 x NVIDIA RTX A1000,Intel(R) Core(TM) i7-14700,test3_comunicacao,results/main_campaign_default_alpha_0_5/FedAvgM-results/test3_comunicacao/FashionMNIST/FedAvgM__FashionMNIST__Setup-5__Clients-5__Rounds-10__Delay-0_05__Alpha-0_5__Seed-42.txt
alpha-0_5 folder,FedAvgM,FashionMNIST,0.05,0.5,43,10,5,130.58,1 x NVIDIA RTX A1000,Intel(R) Core(TM) i7-14700,test3_comunicacao,results/main_campaign_default_alpha_0_5/FedAvgM-results/test3_comunicacao/FashionMNIST/FedAvgM__FashionMNIST__Setup-5__Clients-5__Rounds-10__Delay-0_05__Alpha-0_5__Seed-43.txt
alpha-0_5 folder,FedAvgM,FashionMNIST,0.05,0.5,44,10,5,121.18,1 x NVIDIA RTX A1000,Intel(R) Core(TM) i7-14700,test3_comunicacao,results/main_campaign_default_alpha_0_5/FedAvgM-results/test3_comunicacao/FashionMNIST/FedAvgM__FashionMNIST__Setup-5__Clients-5__Rounds-10__Delay-0_05__Alpha-0_5__Seed-44.txt
alpha-0_5 folder,FedAvgM,FashionMNIST,0.05,0.5,45,10,5,114.59,1 x NVIDIA RTX A1000,Intel(R) Core(TM) i7-14700,test3_comunicacao,results/main_campaign_default_alpha_0_5/FedAvgM-results/test3_comunicacao/FashionMNIST/FedAvgM__FashionMNIST__Setup-5__Clients-5__Rounds-10__Delay-0_05__Alpha-0_5__Seed-45.txt
alpha-0_5 folder,FedAvgM,FashionMNIST,0.05,0.5,46,10,5,144.53,1 x NVIDIA RTX A1000,Intel(R) Core(TM) i7-14700,test3_comunicacao,results/main_campaign_default_alpha_0_5/FedAvgM-results/test3_comunicacao/FashionMNIST/FedAvgM__FashionMNIST__Setup-5__Clients-5__Rounds-10__Delay-0_05__Alpha-0_5__Seed-46.txt
alpha-0_5 folder,FedAvgM,FashionMNIST,0.05,0.5,47,10,5,140.15,1 x NVIDIA RTX A1000,Intel(R) Core(TM) i7-14700,test3_comunicacao,results/main_campaign_default_alpha_0_5/FedAvgM-results/test3_comunicacao/FashionMNIST/FedAvgM__FashionMNIST__Setup-5__Clients-5__Rounds-10__Delay-0_05__Alpha-0_5__Seed-47.txt
alpha-0_5 folder,FedAvgM,FashionMNIST,0.05,0.5,48,10,5,140.85,1 x NVIDIA RTX A1000,Intel(R) Core(TM) i7-14700,test3_comunicacao,results/main_campaign_default_alpha_0_5/FedAvgM-results/test3_comunicacao/FashionMNIST/FedAvgM__FashionMNIST__Setup-5__Clients-5__Rounds-10__Delay-0_05__Alpha-0_5__Seed-48.txt
alpha-0_5 folder,FedAvgM,FashionMNIST,0.05,0.5,49,10,5,117.63,1 x NVIDIA RTX A1000,Intel(R) Core(TM) i7-14700,test3_comunicacao,results/main_campaign_default_alpha_0_5/FedAvgM-results/test3_comunicacao/FashionMNIST/FedAvgM__FashionMNIST__Setup-5__Clients-5__Rounds-10__Delay-0_05__Alpha-0_5__Seed-49.txt
alpha-0_5 folder,FedAvgM,FashionMNIST,0.05,0.5,50,10,5,125.74,1 x NVIDIA RTX A1000,Intel(R) Core(TM) i7-14700,test3_comunicacao,results/main_campaign_default_alpha_0_5/FedAvgM-results/test3_comunicacao/FashionMNIST/FedAvgM__FashionMNIST__Setup-5__Clients-5__Rounds-10__Delay-0_05__Alpha-0_5__Seed-50.txt
alpha-0_5 folder,FedAvgM,FashionMNIST,0.05,0.5,51,10,5,133.23,1 x NVIDIA RTX A1000,Intel(R) Core(TM) i7-14700,test3_comunicacao,results/main_campaign_default_alpha_0_5/FedAvgM-results/test3_comunicacao/FashionMNIST/FedAvgM__FashionMNIST__Setup-5__Clients-5__Rounds-10__Delay-0_05__Alpha-0_5__Seed-51.txt
alpha-0_5 folder,FedAvgM,FashionMNIST,0.05,0.5,52,10,5,116.13,1 x NVIDIA RTX A1000,Intel(R) Core(TM) i7-14700,test3_comunicacao,results/main_campaign_default_alpha_0_5/FedAvgM-results/test3_comunicacao/FashionMNIST/FedAvgM__FashionMNIST__Setup-5__Clients-5__Rounds-10__Delay-0_05__Alpha-0_5__Seed-52.txt
alpha-0_5 folder,FedAvgM,FashionMNIST,0.05,0.5,53,10,5,143.83,1 x NVIDIA RTX A1000,Intel(R) Core(TM) i7-14700,test3_comunicacao,results/main_campaign_default_alpha_0_5/FedAvgM-results/test3_comunicacao/FashionMNIST/FedAvgM__FashionMNIST__Setup-5__Clients-5__Rounds-10__Delay-0_05__Alpha-0_5__Seed-53.txt
alpha-0_5 folder,FedAvgM,FashionMNIST,0.05,0.5,54,10,5,134.75,1 x NVIDIA RTX A1000,Intel(R) Core(TM) i7-14700,test3_comunicacao,results/main_campaign_default_alpha_0_5/FedAvgM-results/test3_comunicacao/FashionMNIST/FedAvgM__FashionMNIST__Setup-5__Clients-5__Rounds-10__Delay-0_05__Alpha-0_5__Seed-54.txt
alpha-0_5 folder,FedAvgM,FashionMNIST,0.05,0.5,55,10,5,129.35,1 x NVIDIA RTX A1000,Intel(R) Core(TM) i7-14700,test3_comunicacao,results/main_campaign_default_alpha_0_5/FedAvgM-results/test3_comunicacao/FashionMNIST/FedAvgM__FashionMNIST__Setup-5__Clients-5__Rounds-10__Delay-0_05__Alpha-0_5__Seed-55.txt
alpha-0_5 folder,FedAvgM,FashionMNIST,0.05,0.5,56,10,5,147.43,1 x NVIDIA RTX A1000,Intel(R) Core(TM) i7-14700,test3_comunicacao,results/main_campaign_default_alpha_0_5/FedAvgM-results/test3_comunicacao/FashionMNIST/FedAvgM__FashionMNIST__Setup-5__Clients-5__Rounds-10__Delay-0_05__Alpha-0_5__Seed-56.txt
alpha-0_5 folder,FedAvgM,FashionMNIST,0.05,0.5,57,10,5,141.13,1 x NVIDIA RTX A1000,Intel(R) Core(TM) i7-14700,test3_comunicacao,results/main_campaign_default_alpha_0_5/FedAvgM-results/test3_comunicacao/FashionMNIST/FedAvgM__FashionMNIST__Setup-5__Clients-5__Rounds-10__Delay-0_05__Alpha-0_5__Seed-57.txt
alpha-0_5 folder,FedAvgM,FashionMNIST,0.05,0.5,58,10,5,122.03,1 x NVIDIA RTX A1000,Intel(R) Core(TM) i7-14700,test3_comunicacao,results/main_campaign_default_alpha_0_5/FedAvgM-results/test3_comunicacao/FashionMNIST/FedAvgM__FashionMNIST__Setup-5__Clients-5__Rounds-10__Delay-0_05__Alpha-0_5__Seed-58.txt
alpha-0_5 folder,FedAvgM,FashionMNIST,0.05,0.5,59,10,5,123.81,1 x NVIDIA RTX A1000,Intel(R) Core(TM) i7-14700,test3_comunicacao,results/main_campaign_default_alpha_0_5/FedAvgM-results/test3_comunicacao/FashionMNIST/FedAvgM__FashionMNIST__Setup-5__Clients-5__Rounds-10__Delay-0_05__Alpha-0_5__Seed-59.txt
alpha-0_5 folder,FedAvgM,FashionMNIST,0.05,0.5,60,10,5,112.63,1 x NVIDIA RTX A1000,Intel(R) Core(TM) i7-14700,test3_comunicacao,results/main_campaign_default_alpha_0_5/FedAvgM-results/test3_comunicacao/FashionMNIST/FedAvgM__FashionMNIST__Setup-5__Clients-5__Rounds-10__Delay-0_05__Alpha-0_5__Seed-60.txt
alpha-0_5 folder,FedAvgM,FashionMNIST,0.05,0.5,61,10,5,120.09,1 x NVIDIA RTX A1000,Intel(R) Core(TM) i7-14700,test3_comunicacao,results/main_campaign_default_alpha_0_5/FedAvgM-results/test3_comunicacao/FashionMNIST/FedAvgM__FashionMNIST__Setup-5__Clients-5__Rounds-10__Delay-0_05__Alpha-0_5__Seed-61.txt
alpha-0_5 folder,FedAvgM,FashionMNIST,0.05,0.5,62,10,5,133.02,1 x NVIDIA RTX A1000,Intel(R) Core(TM) i7-14700,test3_comunicacao,results/main_campaign_default_alpha_0_5/FedAvgM-results/test3_comunicacao/FashionMNIST/FedAvgM__FashionMNIST__Setup-5__Clients-5__Rounds-10__Delay-0_05__Alpha-0_5__Seed-62.txt
alpha-0_5 folder,FedAvgM,FashionMNIST,0.05,0.5,63,10,5,113.93,1 x NVIDIA RTX A1000,Intel(R) Core(TM) i7-14700,test3_comunicacao,results/main_campaign_default_alpha_0_5/FedAvgM-results/test3_comunicacao/FashionMNIST/FedAvgM__FashionMNIST__Setup-5__Clients-5__Rounds-10__Delay-0_05__Alpha-0_5__Seed-63.txt
alpha-0_5 folder,FedAvgM,FashionMNIST,0.05,0.5,64,10,5,132.88,1 x NVIDIA RTX A1000,Intel(R) Core(TM) i7-14700,test3_comunicacao,results/main_campaign_default_alpha_0_5/FedAvgM-results/test3_comunicacao/FashionMNIST/FedAvgM__FashionMNIST__Setup-5__Clients-5__Rounds-10__Delay-0_05__Alpha-0_5__Seed-64.txt
alpha-0_5 folder,FedAvgM,FashionMNIST,0.05,0.5,65,10,5,113.87,1 x NVIDIA RTX A1000,Intel(R) Core(TM) i7-14700,test3_comunicacao,results/main_campaign_default_alpha_0_5/FedAvgM-results/test3_comunicacao/FashionMNIST/FedAvgM__FashionMNIST__Setup-5__Clients-5__Rounds-10__Delay-0_05__Alpha-0_5__Seed-65.txt
alpha-0_5 folder,FedAvgM,FashionMNIST,0.05,0.5,66,10,5,124.75,1 x NVIDIA RTX A1000,Intel(R) Core(TM) i7-14700,test3_comunicacao,results/main_campaign_default_alpha_0_5/FedAvgM-results/test3_comunicacao/FashionMNIST/FedAvgM__FashionMNIST__Setup-5__Clients-5__Rounds-10__Delay-0_05__Alpha-0_5__Seed-66.txt
alpha-0_5 folder,FedAvgM,FashionMNIST,0.05,0.5,67,10,5,120.82,1 x NVIDIA RTX A1000,Intel(R) Core(TM) i7-14700,test3_comunicacao,results/main_campaign_default_alpha_0_5/FedAvgM-results/test3_comunicacao/FashionMNIST/FedAvgM__FashionMNIST__Setup-5__Clients-5__Rounds-10__Delay-0_05__Alpha-0_5__Seed-67.txt
alpha-0_5 folder,FedAvgM,FashionMNIST,0.05,0.5,68,10,5,119.77,1 x NVIDIA RTX A1000,Intel(R) Core(TM) i7-14700,test3_comunicacao,results/main_campaign_default_alpha_0_5/FedAvgM-results/test3_comunicacao/FashionMNIST/FedAvgM__FashionMNIST__Setup-5__Clients-5__Rounds-10__Delay-0_05__Alpha-0_5__Seed-68.txt
alpha-0_5 folder,FedAvgM,FashionMNIST,0.05,0.5,69,10,5,123.86,1 x NVIDIA RTX A1000,Intel(R) Core(TM) i7-14700,test3_comunicacao,results/main_campaign_default_alpha_0_5/FedAvgM-results/test3_comunicacao/FashionMNIST/FedAvgM__FashionMNIST__Setup-5__Clients-5__Rounds-10__Delay-0_05__Alpha-0_5__Seed-69.txt
alpha-0_5 folder,FedAvgM,FashionMNIST,0.05,0.5,70,10,5,122.38,1 x NVIDIA RTX A1000,Intel(R) Core(TM) i7-14700,test3_comunicacao,results/main_campaign_default_alpha_0_5/FedAvgM-results/test3_comunicacao/FashionMNIST/FedAvgM__FashionMNIST__Setup-5__Clients-5__Rounds-10__Delay-0_05__Alpha-0_5__Seed-70.txt
alpha-0_5 folder,FedAvgM,FashionMNIST,0.05,0.5,71,10,5,147.63,1 x NVIDIA RTX A1000,Intel(R) Core(TM) i7-14700,test3_comunicacao,results/main_campaign_default_alpha_0_5/FedAvgM-results/test3_comunicacao/FashionMNIST/FedAvgM__FashionMNIST__Setup-5__Clients-5__Rounds-10__Delay-0_05__Alpha-0_5__Seed-71.txt
alpha-0_5 folder,FedAvgM,FashionMNIST,0.1,0.5,42,10,5,133.50,1 x NVIDIA RTX A1000,Intel(R) Core(TM) i7-14700,test3_comunicacao,results/main_campaign_default_alpha_0_5/FedAvgM-results/test3_comunicacao/FashionMNIST/FedAvgM__FashionMNIST__Setup-5__Clients-5__Rounds-10__Delay-0_1__Alpha-0_5__Seed-42.txt
alpha-0_5 folder,FedAvgM,FashionMNIST,0.1,0.5,43,10,5,131.97,1 x NVIDIA RTX A1000,Intel(R) Core(TM) i7-14700,test3_comunicacao,results/main_campaign_default_alpha_0_5/FedAvgM-results/test3_comunicacao/FashionMNIST/FedAvgM__FashionMNIST__Setup-5__Clients-5__Rounds-10__Delay-0_1__Alpha-0_5__Seed-43.txt
alpha-0_5 folder,FedAvgM,FashionMNIST,0.1,0.5,44,10,5,121.04,1 x NVIDIA RTX A1000,Intel(R) Core(TM) i7-14700,test3_comunicacao,results/main_campaign_default_alpha_0_5/FedAvgM-results/test3_comunicacao/FashionMNIST/FedAvgM__FashionMNIST__Setup-5__Clients-5__Rounds-10__Delay-0_1__Alpha-0_5__Seed-44.txt
alpha-0_5 folder,FedAvgM,FashionMNIST,0.1,0.5,45,10,5,115.84,1 x NVIDIA RTX A1000,Intel(R) Core(TM) i7-14700,test3_comunicacao,results/main_campaign_default_alpha_0_5/FedAvgM-results/test3_comunicacao/FashionMNIST/FedAvgM__FashionMNIST__Setup-5__Clients-5__Rounds-10__Delay-0_1__Alpha-0_5__Seed-45.txt
alpha-0_5 folder,FedAvgM,FashionMNIST,0.1,0.5,46,10,5,143.95,1 x NVIDIA RTX A1000,Intel(R) Core(TM) i7-14700,test3_comunicacao,results/main_campaign_default_alpha_0_5/FedAvgM-results/test3_comunicacao/FashionMNIST/FedAvgM__FashionMNIST__Setup-5__Clients-5__Rounds-10__Delay-0_1__Alpha-0_5__Seed-46.txt
alpha-0_5 folder,FedAvgM,FashionMNIST,0.1,0.5,47,10,5,144.22,1 x NVIDIA RTX A1000,Intel(R) Core(TM) i7-14700,test3_comunicacao,results/main_campaign_default_alpha_0_5/FedAvgM-results/test3_comunicacao/FashionMNIST/FedAvgM__FashionMNIST__Setup-5__Clients-5__Rounds-10__Delay-0_1__Alpha-0_5__Seed-47.txt
alpha-0_5 folder,FedAvgM,FashionMNIST,0.1,0.5,48,10,5,143.03,1 x NVIDIA RTX A1000,Intel(R) Core(TM) i7-14700,test3_comunicacao,results/main_campaign_default_alpha_0_5/FedAvgM-results/test3_comunicacao/FashionMNIST/FedAvgM__FashionMNIST__Setup-5__Clients-5__Rounds-10__Delay-0_1__Alpha-0_5__Seed-48.txt
alpha-0_5 folder,FedAvgM,FashionMNIST,0.1,0.5,49,10,5,120.19,1 x NVIDIA RTX A1000,Intel(R) Core(TM) i7-14700,test3_comunicacao,results/main_campaign_default_alpha_0_5/FedAvgM-results/test3_comunicacao/FashionMNIST/FedAvgM__FashionMNIST__Setup-5__Clients-5__Rounds-10__Delay-0_1__Alpha-0_5__Seed-49.txt
alpha-0_5 folder,FedAvgM,FashionMNIST,0.1,0.5,50,10,5,129.37,1 x NVIDIA RTX A1000,Intel(R) Core(TM) i7-14700,test3_comunicacao,results/main_campaign_default_alpha_0_5/FedAvgM-results/test3_comunicacao/FashionMNIST/FedAvgM__FashionMNIST__Setup-5__Clients-5__Rounds-10__Delay-0_1__Alpha-0_5__Seed-50.txt
alpha-0_5 folder,FedAvgM,FashionMNIST,0.1,0.5,51,10,5,132.83,1 x NVIDIA RTX A1000,Intel(R) Core(TM) i7-14700,test3_comunicacao,results/main_campaign_default_alpha_0_5/FedAvgM-results/test3_comunicacao/FashionMNIST/FedAvgM__FashionMNIST__Setup-5__Clients-5__Rounds-10__Delay-0_1__Alpha-0_5__Seed-51.txt
alpha-0_5 folder,FedAvgM,FashionMNIST,0.1,0.5,52,10,5,120.31,1 x NVIDIA RTX A1000,Intel(R) Core(TM) i7-14700,test3_comunicacao,results/main_campaign_default_alpha_0_5/FedAvgM-results/test3_comunicacao/FashionMNIST/FedAvgM__FashionMNIST__Setup-5__Clients-5__Rounds-10__Delay-0_1__Alpha-0_5__Seed-52.txt
alpha-0_5 folder,FedAvgM,FashionMNIST,0.1,0.5,53,10,5,152.32,1 x NVIDIA RTX A1000,Intel(R) Core(TM) i7-14700,test3_comunicacao,results/main_campaign_default_alpha_0_5/FedAvgM-results/test3_comunicacao/FashionMNIST/FedAvgM__FashionMNIST__Setup-5__Clients-5__Rounds-10__Delay-0_1__Alpha-0_5__Seed-53.txt
alpha-0_5 folder,FedAvgM,FashionMNIST,0.1,0.5,54,10,5,146.17,1 x NVIDIA RTX A1000,Intel(R) Core(TM) i7-14700,test3_comunicacao,results/main_campaign_default_alpha_0_5/FedAvgM-results/test3_comunicacao/FashionMNIST/FedAvgM__FashionMNIST__Setup-5__Clients-5__Rounds-10__Delay-0_1__Alpha-0_5__Seed-54.txt
alpha-0_5 folder,FedAvgM,FashionMNIST,0.1,0.5,55,10,5,130.35,1 x NVIDIA RTX A1000,Intel(R) Core(TM) i7-14700,test3_comunicacao,results/main_campaign_default_alpha_0_5/FedAvgM-results/test3_comunicacao/FashionMNIST/FedAvgM__FashionMNIST__Setup-5__Clients-5__Rounds-10__Delay-0_1__Alpha-0_5__Seed-55.txt
alpha-0_5 folder,FedAvgM,FashionMNIST,0.1,0.5,56,10,5,148.24,1 x NVIDIA RTX A1000,Intel(R) Core(TM) i7-14700,test3_comunicacao,results/main_campaign_default_alpha_0_5/FedAvgM-results/test3_comunicacao/FashionMNIST/FedAvgM__FashionMNIST__Setup-5__Clients-5__Rounds-10__Delay-0_1__Alpha-0_5__Seed-56.txt
alpha-0_5 folder,FedAvgM,FashionMNIST,0.1,0.5,57,10,5,142.58,1 x NVIDIA RTX A1000,Intel(R) Core(TM) i7-14700,test3_comunicacao,results/main_campaign_default_alpha_0_5/FedAvgM-results/test3_comunicacao/FashionMNIST/FedAvgM__FashionMNIST__Setup-5__Clients-5__Rounds-10__Delay-0_1__Alpha-0_5__Seed-57.txt
alpha-0_5 folder,FedAvgM,FashionMNIST,0.1,0.5,58,10,5,125.36,1 x NVIDIA RTX A1000,Intel(R) Core(TM) i7-14700,test3_comunicacao,results/main_campaign_default_alpha_0_5/FedAvgM-results/test3_comunicacao/FashionMNIST/FedAvgM__FashionMNIST__Setup-5__Clients-5__Rounds-10__Delay-0_1__Alpha-0_5__Seed-58.txt
alpha-0_5 folder,FedAvgM,FashionMNIST,0.1,0.5,59,10,5,124.97,1 x NVIDIA RTX A1000,Intel(R) Core(TM) i7-14700,test3_comunicacao,results/main_campaign_default_alpha_0_5/FedAvgM-results/test3_comunicacao/FashionMNIST/FedAvgM__FashionMNIST__Setup-5__Clients-5__Rounds-10__Delay-0_1__Alpha-0_5__Seed-59.txt
alpha-0_5 folder,FedAvgM,FashionMNIST,0.1,0.5,60,10,5,113.41,1 x NVIDIA RTX A1000,Intel(R) Core(TM) i7-14700,test3_comunicacao,results/main_campaign_default_alpha_0_5/FedAvgM-results/test3_comunicacao/FashionMNIST/FedAvgM__FashionMNIST__Setup-5__Clients-5__Rounds-10__Delay-0_1__Alpha-0_5__Seed-60.txt
alpha-0_5 folder,FedAvgM,FashionMNIST,0.1,0.5,61,10,5,122.30,1 x NVIDIA RTX A1000,Intel(R) Core(TM) i7-14700,test3_comunicacao,results/main_campaign_default_alpha_0_5/FedAvgM-results/test3_comunicacao/FashionMNIST/FedAvgM__FashionMNIST__Setup-5__Clients-5__Rounds-10__Delay-0_1__Alpha-0_5__Seed-61.txt
alpha-0_5 folder,FedAvgM,FashionMNIST,0.1,0.5,62,10,5,133.61,1 x NVIDIA RTX A1000,Intel(R) Core(TM) i7-14700,test3_comunicacao,results/main_campaign_default_alpha_0_5/FedAvgM-results/test3_comunicacao/FashionMNIST/FedAvgM__FashionMNIST__Setup-5__Clients-5__Rounds-10__Delay-0_1__Alpha-0_5__Seed-62.txt
alpha-0_5 folder,FedAvgM,FashionMNIST,0.1,0.5,63,10,5,116.74,1 x NVIDIA RTX A1000,Intel(R) Core(TM) i7-14700,test3_comunicacao,results/main_campaign_default_alpha_0_5/FedAvgM-results/test3_comunicacao/FashionMNIST/FedAvgM__FashionMNIST__Setup-5__Clients-5__Rounds-10__Delay-0_1__Alpha-0_5__Seed-63.txt
alpha-0_5 folder,FedAvgM,FashionMNIST,0.1,0.5,64,10,5,122.97,1 x NVIDIA RTX A1000,Intel(R) Core(TM) i7-14700,test3_comunicacao,results/main_campaign_default_alpha_0_5/FedAvgM-results/test3_comunicacao/FashionMNIST/FedAvgM__FashionMNIST__Setup-5__Clients-5__Rounds-10__Delay-0_1__Alpha-0_5__Seed-64.txt
alpha-0_5 folder,FedAvgM,FashionMNIST,0.1,0.5,65,10,5,119.23,1 x NVIDIA RTX A1000,Intel(R) Core(TM) i7-14700,test3_comunicacao,results/main_campaign_default_alpha_0_5/FedAvgM-results/test3_comunicacao/FashionMNIST/FedAvgM__FashionMNIST__Setup-5__Clients-5__Rounds-10__Delay-0_1__Alpha-0_5__Seed-65.txt
alpha-0_5 folder,FedAvgM,FashionMNIST,0.1,0.5,66,10,5,125.55,1 x NVIDIA RTX A1000,Intel(R) Core(TM) i7-14700,test3_comunicacao,results/main_campaign_default_alpha_0_5/FedAvgM-results/test3_comunicacao/FashionMNIST/FedAvgM__FashionMNIST__Setup-5__Clients-5__Rounds-10__Delay-0_1__Alpha-0_5__Seed-66.txt
alpha-0_5 folder,FedAvgM,FashionMNIST,0.1,0.5,67,10,5,126.03,1 x NVIDIA RTX A1000,Intel(R) Core(TM) i7-14700,test3_comunicacao,results/main_campaign_default_alpha_0_5/FedAvgM-results/test3_comunicacao/FashionMNIST/FedAvgM__FashionMNIST__Setup-5__Clients-5__Rounds-10__Delay-0_1__Alpha-0_5__Seed-67.txt
alpha-0_5 folder,FedAvgM,FashionMNIST,0.1,0.5,68,10,5,121.15,1 x NVIDIA RTX A1000,Intel(R) Core(TM) i7-14700,test3_comunicacao,results/main_campaign_default_alpha_0_5/FedAvgM-results/test3_comunicacao/FashionMNIST/FedAvgM__FashionMNIST__Setup-5__Clients-5__Rounds-10__Delay-0_1__Alpha-0_5__Seed-68.txt
alpha-0_5 folder,FedAvgM,FashionMNIST,0.1,0.5,69,10,5,126.41,1 x NVIDIA RTX A1000,Intel(R) Core(TM) i7-14700,test3_comunicacao,results/main_campaign_default_alpha_0_5/FedAvgM-results/test3_comunicacao/FashionMNIST/FedAvgM__FashionMNIST__Setup-5__Clients-5__Rounds-10__Delay-0_1__Alpha-0_5__Seed-69.txt
alpha-0_5 folder,FedAvgM,FashionMNIST,0.1,0.5,70,10,5,123.09,1 x NVIDIA RTX A1000,Intel(R) Core(TM) i7-14700,test3_comunicacao,results/main_campaign_default_alpha_0_5/FedAvgM-results/test3_comunicacao/FashionMNIST/FedAvgM__FashionMNIST__Setup-5__Clients-5__Rounds-10__Delay-0_1__Alpha-0_5__Seed-70.txt
alpha-0_5 folder,FedAvgM,FashionMNIST,0.1,0.5,71,10,5,150.51,1 x NVIDIA RTX A1000,Intel(R) Core(TM) i7-14700,test3_comunicacao,results/main_campaign_default_alpha_0_5/FedAvgM-results/test3_comunicacao/FashionMNIST/FedAvgM__FashionMNIST__Setup-5__Clients-5__Rounds-10__Delay-0_1__Alpha-0_5__Seed-71.txt
alpha-0_5 folder,FedAvgM,FashionMNIST,0.5,0.5,42,10,5,143.57,1 x NVIDIA RTX A1000,Intel(R) Core(TM) i7-14700,test3_comunicacao,results/main_campaign_default_alpha_0_5/FedAvgM-results/test3_comunicacao/FashionMNIST/FedAvgM__FashionMNIST__Setup-5__Clients-5__Rounds-10__Delay-0_5__Alpha-0_5__Seed-42.txt
alpha-0_5 folder,FedAvgM,FashionMNIST,0.5,0.5,43,10,5,142.75,1 x NVIDIA RTX A1000,Intel(R) Core(TM) i7-14700,test3_comunicacao,results/main_campaign_default_alpha_0_5/FedAvgM-results/test3_comunicacao/FashionMNIST/FedAvgM__FashionMNIST__Setup-5__Clients-5__Rounds-10__Delay-0_5__Alpha-0_5__Seed-43.txt
alpha-0_5 folder,FedAvgM,FashionMNIST,0.5,0.5,44,10,5,133.70,1 x NVIDIA RTX A1000,Intel(R) Core(TM) i7-14700,test3_comunicacao,results/main_campaign_default_alpha_0_5/FedAvgM-results/test3_comunicacao/FashionMNIST/FedAvgM__FashionMNIST__Setup-5__Clients-5__Rounds-10__Delay-0_5__Alpha-0_5__Seed-44.txt
alpha-0_5 folder,FedAvgM,FashionMNIST,0.5,0.5,45,10,5,128.18,1 x NVIDIA RTX A1000,Intel(R) Core(TM) i7-14700,test3_comunicacao,results/main_campaign_default_alpha_0_5/FedAvgM-results/test3_comunicacao/FashionMNIST/FedAvgM__FashionMNIST__Setup-5__Clients-5__Rounds-10__Delay-0_5__Alpha-0_5__Seed-45.txt
alpha-0_5 folder,FedAvgM,FashionMNIST,0.5,0.5,46,10,5,157.07,1 x NVIDIA RTX A1000,Intel(R) Core(TM) i7-14700,test3_comunicacao,results/main_campaign_default_alpha_0_5/FedAvgM-results/test3_comunicacao/FashionMNIST/FedAvgM__FashionMNIST__Setup-5__Clients-5__Rounds-10__Delay-0_5__Alpha-0_5__Seed-46.txt
alpha-0_5 folder,FedAvgM,FashionMNIST,0.5,0.5,47,10,5,153.80,1 x NVIDIA RTX A1000,Intel(R) Core(TM) i7-14700,test3_comunicacao,results/main_campaign_default_alpha_0_5/FedAvgM-results/test3_comunicacao/FashionMNIST/FedAvgM__FashionMNIST__Setup-5__Clients-5__Rounds-10__Delay-0_5__Alpha-0_5__Seed-47.txt
alpha-0_5 folder,FedAvgM,FashionMNIST,0.5,0.5,48,10,5,154.41,1 x NVIDIA RTX A1000,Intel(R) Core(TM) i7-14700,test3_comunicacao,results/main_campaign_default_alpha_0_5/FedAvgM-results/test3_comunicacao/FashionMNIST/FedAvgM__FashionMNIST__Setup-5__Clients-5__Rounds-10__Delay-0_5__Alpha-0_5__Seed-48.txt
alpha-0_5 folder,FedAvgM,FashionMNIST,0.5,0.5,49,10,5,131.66,1 x NVIDIA RTX A1000,Intel(R) Core(TM) i7-14700,test3_comunicacao,results/main_campaign_default_alpha_0_5/FedAvgM-results/test3_comunicacao/FashionMNIST/FedAvgM__FashionMNIST__Setup-5__Clients-5__Rounds-10__Delay-0_5__Alpha-0_5__Seed-49.txt
alpha-0_5 folder,FedAvgM,FashionMNIST,0.5,0.5,50,10,5,138.42,1 x NVIDIA RTX A1000,Intel(R) Core(TM) i7-14700,test3_comunicacao,results/main_campaign_default_alpha_0_5/FedAvgM-results/test3_comunicacao/FashionMNIST/FedAvgM__FashionMNIST__Setup-5__Clients-5__Rounds-10__Delay-0_5__Alpha-0_5__Seed-50.txt
alpha-0_5 folder,FedAvgM,FashionMNIST,0.5,0.5,51,10,5,146.00,1 x NVIDIA RTX A1000,Intel(R) Core(TM) i7-14700,test3_comunicacao,results/main_campaign_default_alpha_0_5/FedAvgM-results/test3_comunicacao/FashionMNIST/FedAvgM__FashionMNIST__Setup-5__Clients-5__Rounds-10__Delay-0_5__Alpha-0_5__Seed-51.txt
alpha-0_5 folder,FedAvgM,FashionMNIST,0.5,0.5,52,10,5,130.68,1 x NVIDIA RTX A1000,Intel(R) Core(TM) i7-14700,test3_comunicacao,results/main_campaign_default_alpha_0_5/FedAvgM-results/test3_comunicacao/FashionMNIST/FedAvgM__FashionMNIST__Setup-5__Clients-5__Rounds-10__Delay-0_5__Alpha-0_5__Seed-52.txt
alpha-0_5 folder,FedAvgM,FashionMNIST,0.5,0.5,53,10,5,160.22,1 x NVIDIA RTX A1000,Intel(R) Core(TM) i7-14700,test3_comunicacao,results/main_campaign_default_alpha_0_5/FedAvgM-results/test3_comunicacao/FashionMNIST/FedAvgM__FashionMNIST__Setup-5__Clients-5__Rounds-10__Delay-0_5__Alpha-0_5__Seed-53.txt
alpha-0_5 folder,FedAvgM,FashionMNIST,0.5,0.5,54,10,5,150.12,1 x NVIDIA RTX A1000,Intel(R) Core(TM) i7-14700,test3_comunicacao,results/main_campaign_default_alpha_0_5/FedAvgM-results/test3_comunicacao/FashionMNIST/FedAvgM__FashionMNIST__Setup-5__Clients-5__Rounds-10__Delay-0_5__Alpha-0_5__Seed-54.txt
alpha-0_5 folder,FedAvgM,FashionMNIST,0.5,0.5,55,10,5,143.92,1 x NVIDIA RTX A1000,Intel(R) Core(TM) i7-14700,test3_comunicacao,results/main_campaign_default_alpha_0_5/FedAvgM-results/test3_comunicacao/FashionMNIST/FedAvgM__FashionMNIST__Setup-5__Clients-5__Rounds-10__Delay-0_5__Alpha-0_5__Seed-55.txt
alpha-0_5 folder,FedAvgM,FashionMNIST,0.5,0.5,56,10,5,158.93,1 x NVIDIA RTX A1000,Intel(R) Core(TM) i7-14700,test3_comunicacao,results/main_campaign_default_alpha_0_5/FedAvgM-results/test3_comunicacao/FashionMNIST/FedAvgM__FashionMNIST__Setup-5__Clients-5__Rounds-10__Delay-0_5__Alpha-0_5__Seed-56.txt
alpha-0_5 folder,FedAvgM,FashionMNIST,0.5,0.5,57,10,5,171.40,1 x NVIDIA RTX A1000,Intel(R) Core(TM) i7-14700,test3_comunicacao,results/main_campaign_default_alpha_0_5/FedAvgM-results/test3_comunicacao/FashionMNIST/FedAvgM__FashionMNIST__Setup-5__Clients-5__Rounds-10__Delay-0_5__Alpha-0_5__Seed-57.txt
alpha-0_5 folder,FedAvgM,FashionMNIST,0.5,0.5,58,10,5,147.74,1 x NVIDIA RTX A1000,Intel(R) Core(TM) i7-14700,test3_comunicacao,results/main_campaign_default_alpha_0_5/FedAvgM-results/test3_comunicacao/FashionMNIST/FedAvgM__FashionMNIST__Setup-5__Clients-5__Rounds-10__Delay-0_5__Alpha-0_5__Seed-58.txt
alpha-0_5 folder,FedAvgM,FashionMNIST,0.5,0.5,59,10,5,148.82,1 x NVIDIA RTX A1000,Intel(R) Core(TM) i7-14700,test3_comunicacao,results/main_campaign_default_alpha_0_5/FedAvgM-results/test3_comunicacao/FashionMNIST/FedAvgM__FashionMNIST__Setup-5__Clients-5__Rounds-10__Delay-0_5__Alpha-0_5__Seed-59.txt
alpha-0_5 folder,FedAvgM,FashionMNIST,0.5,0.5,60,10,5,135.60,1 x NVIDIA RTX A1000,Intel(R) Core(TM) i7-14700,test3_comunicacao,results/main_campaign_default_alpha_0_5/FedAvgM-results/test3_comunicacao/FashionMNIST/FedAvgM__FashionMNIST__Setup-5__Clients-5__Rounds-10__Delay-0_5__Alpha-0_5__Seed-60.txt
alpha-0_5 folder,FedAvgM,FashionMNIST,0.5,0.5,61,10,5,141.78,1 x NVIDIA RTX A1000,Intel(R) Core(TM) i7-14700,test3_comunicacao,results/main_campaign_default_alpha_0_5/FedAvgM-results/test3_comunicacao/FashionMNIST/FedAvgM__FashionMNIST__Setup-5__Clients-5__Rounds-10__Delay-0_5__Alpha-0_5__Seed-61.txt
alpha-0_5 folder,FedAvgM,FashionMNIST,0.5,0.5,62,10,5,160.45,1 x NVIDIA RTX A1000,Intel(R) Core(TM) i7-14700,test3_comunicacao,results/main_campaign_default_alpha_0_5/FedAvgM-results/test3_comunicacao/FashionMNIST/FedAvgM__FashionMNIST__Setup-5__Clients-5__Rounds-10__Delay-0_5__Alpha-0_5__Seed-62.txt
alpha-0_5 folder,FedAvgM,FashionMNIST,0.5,0.5,63,10,5,137.90,1 x NVIDIA RTX A1000,Intel(R) Core(TM) i7-14700,test3_comunicacao,results/main_campaign_default_alpha_0_5/FedAvgM-results/test3_comunicacao/FashionMNIST/FedAvgM__FashionMNIST__Setup-5__Clients-5__Rounds-10__Delay-0_5__Alpha-0_5__Seed-63.txt
alpha-0_5 folder,FedAvgM,FashionMNIST,0.5,0.5,64,10,5,146.14,1 x NVIDIA RTX A1000,Intel(R) Core(TM) i7-14700,test3_comunicacao,results/main_campaign_default_alpha_0_5/FedAvgM-results/test3_comunicacao/FashionMNIST/FedAvgM__FashionMNIST__Setup-5__Clients-5__Rounds-10__Delay-0_5__Alpha-0_5__Seed-64.txt
alpha-0_5 folder,FedAvgM,FashionMNIST,0.5,0.5,65,10,5,122.82,1 x NVIDIA RTX A1000,Intel(R) Core(TM) i7-14700,test3_comunicacao,results/main_campaign_default_alpha_0_5/FedAvgM-results/test3_comunicacao/FashionMNIST/FedAvgM__FashionMNIST__Setup-5__Clients-5__Rounds-10__Delay-0_5__Alpha-0_5__Seed-65.txt
alpha-0_5 folder,FedAvgM,FashionMNIST,0.5,0.5,66,10,5,148.59,1 x NVIDIA RTX A1000,Intel(R) Core(TM) i7-14700,test3_comunicacao,results/main_campaign_default_alpha_0_5/FedAvgM-results/test3_comunicacao/FashionMNIST/FedAvgM__FashionMNIST__Setup-5__Clients-5__Rounds-10__Delay-0_5__Alpha-0_5__Seed-66.txt
alpha-0_5 folder,FedAvgM,FashionMNIST,0.5,0.5,67,10,5,148.38,1 x NVIDIA RTX A1000,Intel(R) Core(TM) i7-14700,test3_comunicacao,results/main_campaign_default_alpha_0_5/FedAvgM-results/test3_comunicacao/FashionMNIST/FedAvgM__FashionMNIST__Setup-5__Clients-5__Rounds-10__Delay-0_5__Alpha-0_5__Seed-67.txt
alpha-0_5 folder,FedAvgM,FashionMNIST,0.5,0.5,68,10,5,144.29,1 x NVIDIA RTX A1000,Intel(R) Core(TM) i7-14700,test3_comunicacao,results/main_campaign_default_alpha_0_5/FedAvgM-results/test3_comunicacao/FashionMNIST/FedAvgM__FashionMNIST__Setup-5__Clients-5__Rounds-10__Delay-0_5__Alpha-0_5__Seed-68.txt
alpha-0_5 folder,FedAvgM,FashionMNIST,0.5,0.5,69,10,5,150.00,1 x NVIDIA RTX A1000,Intel(R) Core(TM) i7-14700,test3_comunicacao,results/main_campaign_default_alpha_0_5/FedAvgM-results/test3_comunicacao/FashionMNIST/FedAvgM__FashionMNIST__Setup-5__Clients-5__Rounds-10__Delay-0_5__Alpha-0_5__Seed-69.txt
alpha-0_5 folder,FedAvgM,FashionMNIST,0.5,0.5,70,10,5,147.50,1 x NVIDIA RTX A1000,Intel(R) Core(TM) i7-14700,test3_comunicacao,results/main_campaign_default_alpha_0_5/FedAvgM-results/test3_comunicacao/FashionMNIST/FedAvgM__FashionMNIST__Setup-5__Clients-5__Rounds-10__Delay-0_5__Alpha-0_5__Seed-70.txt
alpha-0_5 folder,FedAvgM,FashionMNIST,0.5,0.5,71,10,5,179.90,1 x NVIDIA RTX A1000,Intel(R) Core(TM) i7-14700,test3_comunicacao,results/main_campaign_default_alpha_0_5/FedAvgM-results/test3_comunicacao/FashionMNIST/FedAvgM__FashionMNIST__Setup-5__Clients-5__Rounds-10__Delay-0_5__Alpha-0_5__Seed-71.txt
alpha-0_5 folder,FedAvgM,MNIST,0.05,0.5,42,10,5,143.50,1 x NVIDIA RTX A1000,Intel(R) Core(TM) i7-14700,test3_comunicacao,results/main_campaign_default_alpha_0_5/FedAvgM-results/test3_comunicacao/MNIST/FedAvgM__MNIST__Setup-5__Clients-5__Rounds-10__Delay-0_05__Alpha-0_5__Seed-42.txt
alpha-0_5 folder,FedAvgM,MNIST,0.05,0.5,43,10,5,139.16,1 x NVIDIA RTX A1000,Intel(R) Core(TM) i7-14700,test3_comunicacao,results/main_campaign_default_alpha_0_5/FedAvgM-results/test3_comunicacao/MNIST/FedAvgM__MNIST__Setup-5__Clients-5__Rounds-10__Delay-0_05__Alpha-0_5__Seed-43.txt
alpha-0_5 folder,FedAvgM,MNIST,0.05,0.5,44,10,5,121.90,1 x NVIDIA RTX A1000,Intel(R) Core(TM) i7-14700,test3_comunicacao,results/main_campaign_default_alpha_0_5/FedAvgM-results/test3_comunicacao/MNIST/FedAvgM__MNIST__Setup-5__Clients-5__Rounds-10__Delay-0_05__Alpha-0_5__Seed-44.txt
alpha-0_5 folder,FedAvgM,MNIST,0.05,0.5,45,10,5,117.73,1 x NVIDIA RTX A1000,Intel(R) Core(TM) i7-14700,test3_comunicacao,results/main_campaign_default_alpha_0_5/FedAvgM-results/test3_comunicacao/MNIST/FedAvgM__MNIST__Setup-5__Clients-5__Rounds-10__Delay-0_05__Alpha-0_5__Seed-45.txt
alpha-0_5 folder,FedAvgM,MNIST,0.05,0.5,46,10,5,141.67,1 x NVIDIA RTX A1000,Intel(R) Core(TM) i7-14700,test3_comunicacao,results/main_campaign_default_alpha_0_5/FedAvgM-results/test3_comunicacao/MNIST/FedAvgM__MNIST__Setup-5__Clients-5__Rounds-10__Delay-0_05__Alpha-0_5__Seed-46.txt
alpha-0_5 folder,FedAvgM,MNIST,0.05,0.5,47,10,5,144.52,1 x NVIDIA RTX A1000,Intel(R) Core(TM) i7-14700,test3_comunicacao,results/main_campaign_default_alpha_0_5/FedAvgM-results/test3_comunicacao/MNIST/FedAvgM__MNIST__Setup-5__Clients-5__Rounds-10__Delay-0_05__Alpha-0_5__Seed-47.txt
alpha-0_5 folder,FedAvgM,MNIST,0.05,0.5,48,10,5,138.80,1 x NVIDIA RTX A1000,Intel(R) Core(TM) i7-14700,test3_comunicacao,results/main_campaign_default_alpha_0_5/FedAvgM-results/test3_comunicacao/MNIST/FedAvgM__MNIST__Setup-5__Clients-5__Rounds-10__Delay-0_05__Alpha-0_5__Seed-48.txt
alpha-0_5 folder,FedAvgM,MNIST,0.05,0.5,49,10,5,122.12,1 x NVIDIA RTX A1000,Intel(R) Core(TM) i7-14700,test3_comunicacao,results/main_campaign_default_alpha_0_5/FedAvgM-results/test3_comunicacao/MNIST/FedAvgM__MNIST__Setup-5__Clients-5__Rounds-10__Delay-0_05__Alpha-0_5__Seed-49.txt
alpha-0_5 folder,FedAvgM,MNIST,0.05,0.5,50,10,5,126.74,1 x NVIDIA RTX A1000,Intel(R) Core(TM) i7-14700,test3_comunicacao,results/main_campaign_default_alpha_0_5/FedAvgM-results/test3_comunicacao/MNIST/FedAvgM__MNIST__Setup-5__Clients-5__Rounds-10__Delay-0_05__Alpha-0_5__Seed-50.txt
alpha-0_5 folder,FedAvgM,MNIST,0.05,0.5,51,10,5,133.65,1 x NVIDIA RTX A1000,Intel(R) Core(TM) i7-14700,test3_comunicacao,results/main_campaign_default_alpha_0_5/FedAvgM-results/test3_comunicacao/MNIST/FedAvgM__MNIST__Setup-5__Clients-5__Rounds-10__Delay-0_05__Alpha-0_5__Seed-51.txt
alpha-0_5 folder,FedAvgM,MNIST,0.05,0.5,52,10,5,117.57,1 x NVIDIA RTX A1000,Intel(R) Core(TM) i7-14700,test3_comunicacao,results/main_campaign_default_alpha_0_5/FedAvgM-results/test3_comunicacao/MNIST/FedAvgM__MNIST__Setup-5__Clients-5__Rounds-10__Delay-0_05__Alpha-0_5__Seed-52.txt
alpha-0_5 folder,FedAvgM,MNIST,0.05,0.5,53,10,5,147.39,1 x NVIDIA RTX A1000,Intel(R) Core(TM) i7-14700,test3_comunicacao,results/main_campaign_default_alpha_0_5/FedAvgM-results/test3_comunicacao/MNIST/FedAvgM__MNIST__Setup-5__Clients-5__Rounds-10__Delay-0_05__Alpha-0_5__Seed-53.txt
alpha-0_5 folder,FedAvgM,MNIST,0.05,0.5,54,10,5,135.68,1 x NVIDIA RTX A1000,Intel(R) Core(TM) i7-14700,test3_comunicacao,results/main_campaign_default_alpha_0_5/FedAvgM-results/test3_comunicacao/MNIST/FedAvgM__MNIST__Setup-5__Clients-5__Rounds-10__Delay-0_05__Alpha-0_5__Seed-54.txt
alpha-0_5 folder,FedAvgM,MNIST,0.05,0.5,55,10,5,133.87,1 x NVIDIA RTX A1000,Intel(R) Core(TM) i7-14700,test3_comunicacao,results/main_campaign_default_alpha_0_5/FedAvgM-results/test3_comunicacao/MNIST/FedAvgM__MNIST__Setup-5__Clients-5__Rounds-10__Delay-0_05__Alpha-0_5__Seed-55.txt
alpha-0_5 folder,FedAvgM,MNIST,0.05,0.5,56,10,5,148.10,1 x NVIDIA RTX A1000,Intel(R) Core(TM) i7-14700,test3_comunicacao,results/main_campaign_default_alpha_0_5/FedAvgM-results/test3_comunicacao/MNIST/FedAvgM__MNIST__Setup-5__Clients-5__Rounds-10__Delay-0_05__Alpha-0_5__Seed-56.txt
alpha-0_5 folder,FedAvgM,MNIST,0.05,0.5,57,10,5,140.83,1 x NVIDIA RTX A1000,Intel(R) Core(TM) i7-14700,test3_comunicacao,results/main_campaign_default_alpha_0_5/FedAvgM-results/test3_comunicacao/MNIST/FedAvgM__MNIST__Setup-5__Clients-5__Rounds-10__Delay-0_05__Alpha-0_5__Seed-57.txt
alpha-0_5 folder,FedAvgM,MNIST,0.05,0.5,58,10,5,122.06,1 x NVIDIA RTX A1000,Intel(R) Core(TM) i7-14700,test3_comunicacao,results/main_campaign_default_alpha_0_5/FedAvgM-results/test3_comunicacao/MNIST/FedAvgM__MNIST__Setup-5__Clients-5__Rounds-10__Delay-0_05__Alpha-0_5__Seed-58.txt
alpha-0_5 folder,FedAvgM,MNIST,0.05,0.5,59,10,5,124.67,1 x NVIDIA RTX A1000,Intel(R) Core(TM) i7-14700,test3_comunicacao,results/main_campaign_default_alpha_0_5/FedAvgM-results/test3_comunicacao/MNIST/FedAvgM__MNIST__Setup-5__Clients-5__Rounds-10__Delay-0_05__Alpha-0_5__Seed-59.txt
alpha-0_5 folder,FedAvgM,MNIST,0.05,0.5,60,10,5,115.25,1 x NVIDIA RTX A1000,Intel(R) Core(TM) i7-14700,test3_comunicacao,results/main_campaign_default_alpha_0_5/FedAvgM-results/test3_comunicacao/MNIST/FedAvgM__MNIST__Setup-5__Clients-5__Rounds-10__Delay-0_05__Alpha-0_5__Seed-60.txt
alpha-0_5 folder,FedAvgM,MNIST,0.05,0.5,61,10,5,116.78,1 x NVIDIA RTX A1000,Intel(R) Core(TM) i7-14700,test3_comunicacao,results/main_campaign_default_alpha_0_5/FedAvgM-results/test3_comunicacao/MNIST/FedAvgM__MNIST__Setup-5__Clients-5__Rounds-10__Delay-0_05__Alpha-0_5__Seed-61.txt
alpha-0_5 folder,FedAvgM,MNIST,0.05,0.5,62,10,5,133.48,1 x NVIDIA RTX A1000,Intel(R) Core(TM) i7-14700,test3_comunicacao,results/main_campaign_default_alpha_0_5/FedAvgM-results/test3_comunicacao/MNIST/FedAvgM__MNIST__Setup-5__Clients-5__Rounds-10__Delay-0_05__Alpha-0_5__Seed-62.txt
alpha-0_5 folder,FedAvgM,MNIST,0.05,0.5,63,10,5,115.17,1 x NVIDIA RTX A1000,Intel(R) Core(TM) i7-14700,test3_comunicacao,results/main_campaign_default_alpha_0_5/FedAvgM-results/test3_comunicacao/MNIST/FedAvgM__MNIST__Setup-5__Clients-5__Rounds-10__Delay-0_05__Alpha-0_5__Seed-63.txt
alpha-0_5 folder,FedAvgM,MNIST,0.05,0.5,64,10,5,122.44,1 x NVIDIA RTX A1000,Intel(R) Core(TM) i7-14700,test3_comunicacao,results/main_campaign_default_alpha_0_5/FedAvgM-results/test3_comunicacao/MNIST/FedAvgM__MNIST__Setup-5__Clients-5__Rounds-10__Delay-0_05__Alpha-0_5__Seed-64.txt
alpha-0_5 folder,FedAvgM,MNIST,0.05,0.5,65,10,5,114.57,1 x NVIDIA RTX A1000,Intel(R) Core(TM) i7-14700,test3_comunicacao,results/main_campaign_default_alpha_0_5/FedAvgM-results/test3_comunicacao/MNIST/FedAvgM__MNIST__Setup-5__Clients-5__Rounds-10__Delay-0_05__Alpha-0_5__Seed-65.txt
alpha-0_5 folder,FedAvgM,MNIST,0.05,0.5,66,10,5,120.75,1 x NVIDIA RTX A1000,Intel(R) Core(TM) i7-14700,test3_comunicacao,results/main_campaign_default_alpha_0_5/FedAvgM-results/test3_comunicacao/MNIST/FedAvgM__MNIST__Setup-5__Clients-5__Rounds-10__Delay-0_05__Alpha-0_5__Seed-66.txt
alpha-0_5 folder,FedAvgM,MNIST,0.05,0.5,67,10,5,123.71,1 x NVIDIA RTX A1000,Intel(R) Core(TM) i7-14700,test3_comunicacao,results/main_campaign_default_alpha_0_5/FedAvgM-results/test3_comunicacao/MNIST/FedAvgM__MNIST__Setup-5__Clients-5__Rounds-10__Delay-0_05__Alpha-0_5__Seed-67.txt
alpha-0_5 folder,FedAvgM,MNIST,0.05,0.5,68,10,5,137.43,1 x NVIDIA RTX A1000,Intel(R) Core(TM) i7-14700,test3_comunicacao,results/main_campaign_default_alpha_0_5/FedAvgM-results/test3_comunicacao/MNIST/FedAvgM__MNIST__Setup-5__Clients-5__Rounds-10__Delay-0_05__Alpha-0_5__Seed-68.txt
alpha-0_5 folder,FedAvgM,MNIST,0.05,0.5,69,10,5,125.59,1 x NVIDIA RTX A1000,Intel(R) Core(TM) i7-14700,test3_comunicacao,results/main_campaign_default_alpha_0_5/FedAvgM-results/test3_comunicacao/MNIST/FedAvgM__MNIST__Setup-5__Clients-5__Rounds-10__Delay-0_05__Alpha-0_5__Seed-69.txt
alpha-0_5 folder,FedAvgM,MNIST,0.05,0.5,70,10,5,122.86,1 x NVIDIA RTX A1000,Intel(R) Core(TM) i7-14700,test3_comunicacao,results/main_campaign_default_alpha_0_5/FedAvgM-results/test3_comunicacao/MNIST/FedAvgM__MNIST__Setup-5__Clients-5__Rounds-10__Delay-0_05__Alpha-0_5__Seed-70.txt
alpha-0_5 folder,FedAvgM,MNIST,0.05,0.5,71,10,5,152.27,1 x NVIDIA RTX A1000,Intel(R) Core(TM) i7-14700,test3_comunicacao,results/main_campaign_default_alpha_0_5/FedAvgM-results/test3_comunicacao/MNIST/FedAvgM__MNIST__Setup-5__Clients-5__Rounds-10__Delay-0_05__Alpha-0_5__Seed-71.txt
alpha-0_5 folder,FedAvgM,MNIST,0.1,0.5,42,10,5,134.29,1 x NVIDIA RTX A1000,Intel(R) Core(TM) i7-14700,test3_comunicacao,results/main_campaign_default_alpha_0_5/FedAvgM-results/test3_comunicacao/MNIST/FedAvgM__MNIST__Setup-5__Clients-5__Rounds-10__Delay-0_1__Alpha-0_5__Seed-42.txt
alpha-0_5 folder,FedAvgM,MNIST,0.1,0.5,43,10,5,135.86,1 x NVIDIA RTX A1000,Intel(R) Core(TM) i7-14700,test3_comunicacao,results/main_campaign_default_alpha_0_5/FedAvgM-results/test3_comunicacao/MNIST/FedAvgM__MNIST__Setup-5__Clients-5__Rounds-10__Delay-0_1__Alpha-0_5__Seed-43.txt
alpha-0_5 folder,FedAvgM,MNIST,0.1,0.5,44,10,5,124.46,1 x NVIDIA RTX A1000,Intel(R) Core(TM) i7-14700,test3_comunicacao,results/main_campaign_default_alpha_0_5/FedAvgM-results/test3_comunicacao/MNIST/FedAvgM__MNIST__Setup-5__Clients-5__Rounds-10__Delay-0_1__Alpha-0_5__Seed-44.txt
alpha-0_5 folder,FedAvgM,MNIST,0.1,0.5,45,10,5,117.26,1 x NVIDIA RTX A1000,Intel(R) Core(TM) i7-14700,test3_comunicacao,results/main_campaign_default_alpha_0_5/FedAvgM-results/test3_comunicacao/MNIST/FedAvgM__MNIST__Setup-5__Clients-5__Rounds-10__Delay-0_1__Alpha-0_5__Seed-45.txt
alpha-0_5 folder,FedAvgM,MNIST,0.1,0.5,46,10,5,144.18,1 x NVIDIA RTX A1000,Intel(R) Core(TM) i7-14700,test3_comunicacao,results/main_campaign_default_alpha_0_5/FedAvgM-results/test3_comunicacao/MNIST/FedAvgM__MNIST__Setup-5__Clients-5__Rounds-10__Delay-0_1__Alpha-0_5__Seed-46.txt
alpha-0_5 folder,FedAvgM,MNIST,0.1,0.5,47,10,5,144.07,1 x NVIDIA RTX A1000,Intel(R) Core(TM) i7-14700,test3_comunicacao,results/main_campaign_default_alpha_0_5/FedAvgM-results/test3_comunicacao/MNIST/FedAvgM__MNIST__Setup-5__Clients-5__Rounds-10__Delay-0_1__Alpha-0_5__Seed-47.txt
alpha-0_5 folder,FedAvgM,MNIST,0.1,0.5,48,10,5,142.75,1 x NVIDIA RTX A1000,Intel(R) Core(TM) i7-14700,test3_comunicacao,results/main_campaign_default_alpha_0_5/FedAvgM-results/test3_comunicacao/MNIST/FedAvgM__MNIST__Setup-5__Clients-5__Rounds-10__Delay-0_1__Alpha-0_5__Seed-48.txt
alpha-0_5 folder,FedAvgM,MNIST,0.1,0.5,49,10,5,124.01,1 x NVIDIA RTX A1000,Intel(R) Core(TM) i7-14700,test3_comunicacao,results/main_campaign_default_alpha_0_5/FedAvgM-results/test3_comunicacao/MNIST/FedAvgM__MNIST__Setup-5__Clients-5__Rounds-10__Delay-0_1__Alpha-0_5__Seed-49.txt
alpha-0_5 folder,FedAvgM,MNIST,0.1,0.5,50,10,5,128.11,1 x NVIDIA RTX A1000,Intel(R) Core(TM) i7-14700,test3_comunicacao,results/main_campaign_default_alpha_0_5/FedAvgM-results/test3_comunicacao/MNIST/FedAvgM__MNIST__Setup-5__Clients-5__Rounds-10__Delay-0_1__Alpha-0_5__Seed-50.txt
alpha-0_5 folder,FedAvgM,MNIST,0.1,0.5,51,10,5,135.85,1 x NVIDIA RTX A1000,Intel(R) Core(TM) i7-14700,test3_comunicacao,results/main_campaign_default_alpha_0_5/FedAvgM-results/test3_comunicacao/MNIST/FedAvgM__MNIST__Setup-5__Clients-5__Rounds-10__Delay-0_1__Alpha-0_5__Seed-51.txt
alpha-0_5 folder,FedAvgM,MNIST,0.1,0.5,52,10,5,115.33,1 x NVIDIA RTX A1000,Intel(R) Core(TM) i7-14700,test3_comunicacao,results/main_campaign_default_alpha_0_5/FedAvgM-results/test3_comunicacao/MNIST/FedAvgM__MNIST__Setup-5__Clients-5__Rounds-10__Delay-0_1__Alpha-0_5__Seed-52.txt
alpha-0_5 folder,FedAvgM,MNIST,0.1,0.5,53,10,5,150.59,1 x NVIDIA RTX A1000,Intel(R) Core(TM) i7-14700,test3_comunicacao,results/main_campaign_default_alpha_0_5/FedAvgM-results/test3_comunicacao/MNIST/FedAvgM__MNIST__Setup-5__Clients-5__Rounds-10__Delay-0_1__Alpha-0_5__Seed-53.txt
alpha-0_5 folder,FedAvgM,MNIST,0.1,0.5,54,10,5,135.31,1 x NVIDIA RTX A1000,Intel(R) Core(TM) i7-14700,test3_comunicacao,results/main_campaign_default_alpha_0_5/FedAvgM-results/test3_comunicacao/MNIST/FedAvgM__MNIST__Setup-5__Clients-5__Rounds-10__Delay-0_1__Alpha-0_5__Seed-54.txt
alpha-0_5 folder,FedAvgM,MNIST,0.1,0.5,55,10,5,133.51,1 x NVIDIA RTX A1000,Intel(R) Core(TM) i7-14700,test3_comunicacao,results/main_campaign_default_alpha_0_5/FedAvgM-results/test3_comunicacao/MNIST/FedAvgM__MNIST__Setup-5__Clients-5__Rounds-10__Delay-0_1__Alpha-0_5__Seed-55.txt
alpha-0_5 folder,FedAvgM,MNIST,0.1,0.5,56,10,5,149.59,1 x NVIDIA RTX A1000,Intel(R) Core(TM) i7-14700,test3_comunicacao,results/main_campaign_default_alpha_0_5/FedAvgM-results/test3_comunicacao/MNIST/FedAvgM__MNIST__Setup-5__Clients-5__Rounds-10__Delay-0_1__Alpha-0_5__Seed-56.txt
alpha-0_5 folder,FedAvgM,MNIST,0.1,0.5,57,10,5,158.55,1 x NVIDIA RTX A1000,Intel(R) Core(TM) i7-14700,test3_comunicacao,results/main_campaign_default_alpha_0_5/FedAvgM-results/test3_comunicacao/MNIST/FedAvgM__MNIST__Setup-5__Clients-5__Rounds-10__Delay-0_1__Alpha-0_5__Seed-57.txt
alpha-0_5 folder,FedAvgM,MNIST,0.1,0.5,58,10,5,121.77,1 x NVIDIA RTX A1000,Intel(R) Core(TM) i7-14700,test3_comunicacao,results/main_campaign_default_alpha_0_5/FedAvgM-results/test3_comunicacao/MNIST/FedAvgM__MNIST__Setup-5__Clients-5__Rounds-10__Delay-0_1__Alpha-0_5__Seed-58.txt
alpha-0_5 folder,FedAvgM,MNIST,0.1,0.5,59,10,5,125.03,1 x NVIDIA RTX A1000,Intel(R) Core(TM) i7-14700,test3_comunicacao,results/main_campaign_default_alpha_0_5/FedAvgM-results/test3_comunicacao/MNIST/FedAvgM__MNIST__Setup-5__Clients-5__Rounds-10__Delay-0_1__Alpha-0_5__Seed-59.txt
alpha-0_5 folder,FedAvgM,MNIST,0.1,0.5,60,10,5,113.24,1 x NVIDIA RTX A1000,Intel(R) Core(TM) i7-14700,test3_comunicacao,results/main_campaign_default_alpha_0_5/FedAvgM-results/test3_comunicacao/MNIST/FedAvgM__MNIST__Setup-5__Clients-5__Rounds-10__Delay-0_1__Alpha-0_5__Seed-60.txt
alpha-0_5 folder,FedAvgM,MNIST,0.1,0.5,61,10,5,122.27,1 x NVIDIA RTX A1000,Intel(R) Core(TM) i7-14700,test3_comunicacao,results/main_campaign_default_alpha_0_5/FedAvgM-results/test3_comunicacao/MNIST/FedAvgM__MNIST__Setup-5__Clients-5__Rounds-10__Delay-0_1__Alpha-0_5__Seed-61.txt
alpha-0_5 folder,FedAvgM,MNIST,0.1,0.5,62,10,5,134.80,1 x NVIDIA RTX A1000,Intel(R) Core(TM) i7-14700,test3_comunicacao,results/main_campaign_default_alpha_0_5/FedAvgM-results/test3_comunicacao/MNIST/FedAvgM__MNIST__Setup-5__Clients-5__Rounds-10__Delay-0_1__Alpha-0_5__Seed-62.txt
alpha-0_5 folder,FedAvgM,MNIST,0.1,0.5,63,10,5,112.01,1 x NVIDIA RTX A1000,Intel(R) Core(TM) i7-14700,test3_comunicacao,results/main_campaign_default_alpha_0_5/FedAvgM-results/test3_comunicacao/MNIST/FedAvgM__MNIST__Setup-5__Clients-5__Rounds-10__Delay-0_1__Alpha-0_5__Seed-63.txt
alpha-0_5 folder,FedAvgM,MNIST,0.1,0.5,64,10,5,126.41,1 x NVIDIA RTX A1000,Intel(R) Core(TM) i7-14700,test3_comunicacao,results/main_campaign_default_alpha_0_5/FedAvgM-results/test3_comunicacao/MNIST/FedAvgM__MNIST__Setup-5__Clients-5__Rounds-10__Delay-0_1__Alpha-0_5__Seed-64.txt
alpha-0_5 folder,FedAvgM,MNIST,0.1,0.5,65,10,5,116.51,1 x NVIDIA RTX A1000,Intel(R) Core(TM) i7-14700,test3_comunicacao,results/main_campaign_default_alpha_0_5/FedAvgM-results/test3_comunicacao/MNIST/FedAvgM__MNIST__Setup-5__Clients-5__Rounds-10__Delay-0_1__Alpha-0_5__Seed-65.txt
alpha-0_5 folder,FedAvgM,MNIST,0.1,0.5,66,10,5,121.22,1 x NVIDIA RTX A1000,Intel(R) Core(TM) i7-14700,test3_comunicacao,results/main_campaign_default_alpha_0_5/FedAvgM-results/test3_comunicacao/MNIST/FedAvgM__MNIST__Setup-5__Clients-5__Rounds-10__Delay-0_1__Alpha-0_5__Seed-66.txt
alpha-0_5 folder,FedAvgM,MNIST,0.1,0.5,67,10,5,125.98,1 x NVIDIA RTX A1000,Intel(R) Core(TM) i7-14700,test3_comunicacao,results/main_campaign_default_alpha_0_5/FedAvgM-results/test3_comunicacao/MNIST/FedAvgM__MNIST__Setup-5__Clients-5__Rounds-10__Delay-0_1__Alpha-0_5__Seed-67.txt
alpha-0_5 folder,FedAvgM,MNIST,0.1,0.5,68,10,5,125.35,1 x NVIDIA RTX A1000,Intel(R) Core(TM) i7-14700,test3_comunicacao,results/main_campaign_default_alpha_0_5/FedAvgM-results/test3_comunicacao/MNIST/FedAvgM__MNIST__Setup-5__Clients-5__Rounds-10__Delay-0_1__Alpha-0_5__Seed-68.txt
alpha-0_5 folder,FedAvgM,MNIST,0.1,0.5,69,10,5,130.39,1 x NVIDIA RTX A1000,Intel(R) Core(TM) i7-14700,test3_comunicacao,results/main_campaign_default_alpha_0_5/FedAvgM-results/test3_comunicacao/MNIST/FedAvgM__MNIST__Setup-5__Clients-5__Rounds-10__Delay-0_1__Alpha-0_5__Seed-69.txt
alpha-0_5 folder,FedAvgM,MNIST,0.1,0.5,70,10,5,125.77,1 x NVIDIA RTX A1000,Intel(R) Core(TM) i7-14700,test3_comunicacao,results/main_campaign_default_alpha_0_5/FedAvgM-results/test3_comunicacao/MNIST/FedAvgM__MNIST__Setup-5__Clients-5__Rounds-10__Delay-0_1__Alpha-0_5__Seed-70.txt
alpha-0_5 folder,FedAvgM,MNIST,0.1,0.5,71,10,5,150.63,1 x NVIDIA RTX A1000,Intel(R) Core(TM) i7-14700,test3_comunicacao,results/main_campaign_default_alpha_0_5/FedAvgM-results/test3_comunicacao/MNIST/FedAvgM__MNIST__Setup-5__Clients-5__Rounds-10__Delay-0_1__Alpha-0_5__Seed-71.txt
alpha-0_5 folder,FedAvgM,MNIST,0.5,0.5,42,10,5,147.65,1 x NVIDIA RTX A1000,Intel(R) Core(TM) i7-14700,test3_comunicacao,results/main_campaign_default_alpha_0_5/FedAvgM-results/test3_comunicacao/MNIST/FedAvgM__MNIST__Setup-5__Clients-5__Rounds-10__Delay-0_5__Alpha-0_5__Seed-42.txt
alpha-0_5 folder,FedAvgM,MNIST,0.5,0.5,43,10,5,146.55,1 x NVIDIA RTX A1000,Intel(R) Core(TM) i7-14700,test3_comunicacao,results/main_campaign_default_alpha_0_5/FedAvgM-results/test3_comunicacao/MNIST/FedAvgM__MNIST__Setup-5__Clients-5__Rounds-10__Delay-0_5__Alpha-0_5__Seed-43.txt
alpha-0_5 folder,FedAvgM,MNIST,0.5,0.5,44,10,5,135.91,1 x NVIDIA RTX A1000,Intel(R) Core(TM) i7-14700,test3_comunicacao,results/main_campaign_default_alpha_0_5/FedAvgM-results/test3_comunicacao/MNIST/FedAvgM__MNIST__Setup-5__Clients-5__Rounds-10__Delay-0_5__Alpha-0_5__Seed-44.txt
alpha-0_5 folder,FedAvgM,MNIST,0.5,0.5,45,10,5,130.14,1 x NVIDIA RTX A1000,Intel(R) Core(TM) i7-14700,test3_comunicacao,results/main_campaign_default_alpha_0_5/FedAvgM-results/test3_comunicacao/MNIST/FedAvgM__MNIST__Setup-5__Clients-5__Rounds-10__Delay-0_5__Alpha-0_5__Seed-45.txt
alpha-0_5 folder,FedAvgM,MNIST,0.5,0.5,46,10,5,155.51,1 x NVIDIA RTX A1000,Intel(R) Core(TM) i7-14700,test3_comunicacao,results/main_campaign_default_alpha_0_5/FedAvgM-results/test3_comunicacao/MNIST/FedAvgM__MNIST__Setup-5__Clients-5__Rounds-10__Delay-0_5__Alpha-0_5__Seed-46.txt
alpha-0_5 folder,FedAvgM,MNIST,0.5,0.5,47,10,5,153.82,1 x NVIDIA RTX A1000,Intel(R) Core(TM) i7-14700,test3_comunicacao,results/main_campaign_default_alpha_0_5/FedAvgM-results/test3_comunicacao/MNIST/FedAvgM__MNIST__Setup-5__Clients-5__Rounds-10__Delay-0_5__Alpha-0_5__Seed-47.txt
alpha-0_5 folder,FedAvgM,MNIST,0.5,0.5,48,10,5,154.21,1 x NVIDIA RTX A1000,Intel(R) Core(TM) i7-14700,test3_comunicacao,results/main_campaign_default_alpha_0_5/FedAvgM-results/test3_comunicacao/MNIST/FedAvgM__MNIST__Setup-5__Clients-5__Rounds-10__Delay-0_5__Alpha-0_5__Seed-48.txt
alpha-0_5 folder,FedAvgM,MNIST,0.5,0.5,49,10,5,133.82,1 x NVIDIA RTX A1000,Intel(R) Core(TM) i7-14700,test3_comunicacao,results/main_campaign_default_alpha_0_5/FedAvgM-results/test3_comunicacao/MNIST/FedAvgM__MNIST__Setup-5__Clients-5__Rounds-10__Delay-0_5__Alpha-0_5__Seed-49.txt
alpha-0_5 folder,FedAvgM,MNIST,0.5,0.5,50,10,5,138.51,1 x NVIDIA RTX A1000,Intel(R) Core(TM) i7-14700,test3_comunicacao,results/main_campaign_default_alpha_0_5/FedAvgM-results/test3_comunicacao/MNIST/FedAvgM__MNIST__Setup-5__Clients-5__Rounds-10__Delay-0_5__Alpha-0_5__Seed-50.txt
alpha-0_5 folder,FedAvgM,MNIST,0.5,0.5,51,10,5,146.63,1 x NVIDIA RTX A1000,Intel(R) Core(TM) i7-14700,test3_comunicacao,results/main_campaign_default_alpha_0_5/FedAvgM-results/test3_comunicacao/MNIST/FedAvgM__MNIST__Setup-5__Clients-5__Rounds-10__Delay-0_5__Alpha-0_5__Seed-51.txt
alpha-0_5 folder,FedAvgM,MNIST,0.5,0.5,52,10,5,130.27,1 x NVIDIA RTX A1000,Intel(R) Core(TM) i7-14700,test3_comunicacao,results/main_campaign_default_alpha_0_5/FedAvgM-results/test3_comunicacao/MNIST/FedAvgM__MNIST__Setup-5__Clients-5__Rounds-10__Delay-0_5__Alpha-0_5__Seed-52.txt
alpha-0_5 folder,FedAvgM,MNIST,0.5,0.5,53,10,5,160.97,1 x NVIDIA RTX A1000,Intel(R) Core(TM) i7-14700,test3_comunicacao,results/main_campaign_default_alpha_0_5/FedAvgM-results/test3_comunicacao/MNIST/FedAvgM__MNIST__Setup-5__Clients-5__Rounds-10__Delay-0_5__Alpha-0_5__Seed-53.txt
alpha-0_5 folder,FedAvgM,MNIST,0.5,0.5,54,10,5,146.89,1 x NVIDIA RTX A1000,Intel(R) Core(TM) i7-14700,test3_comunicacao,results/main_campaign_default_alpha_0_5/FedAvgM-results/test3_comunicacao/MNIST/FedAvgM__MNIST__Setup-5__Clients-5__Rounds-10__Delay-0_5__Alpha-0_5__Seed-54.txt
alpha-0_5 folder,FedAvgM,MNIST,0.5,0.5,55,10,5,145.21,1 x NVIDIA RTX A1000,Intel(R) Core(TM) i7-14700,test3_comunicacao,results/main_campaign_default_alpha_0_5/FedAvgM-results/test3_comunicacao/MNIST/FedAvgM__MNIST__Setup-5__Clients-5__Rounds-10__Delay-0_5__Alpha-0_5__Seed-55.txt
alpha-0_5 folder,FedAvgM,MNIST,0.5,0.5,56,10,5,158.31,1 x NVIDIA RTX A1000,Intel(R) Core(TM) i7-14700,test3_comunicacao,results/main_campaign_default_alpha_0_5/FedAvgM-results/test3_comunicacao/MNIST/FedAvgM__MNIST__Setup-5__Clients-5__Rounds-10__Delay-0_5__Alpha-0_5__Seed-56.txt
alpha-0_5 folder,FedAvgM,MNIST,0.5,0.5,57,10,5,153.00,1 x NVIDIA RTX A1000,Intel(R) Core(TM) i7-14700,test3_comunicacao,results/main_campaign_default_alpha_0_5/FedAvgM-results/test3_comunicacao/MNIST/FedAvgM__MNIST__Setup-5__Clients-5__Rounds-10__Delay-0_5__Alpha-0_5__Seed-57.txt
alpha-0_5 folder,FedAvgM,MNIST,0.5,0.5,58,10,5,135.37,1 x NVIDIA RTX A1000,Intel(R) Core(TM) i7-14700,test3_comunicacao,results/main_campaign_default_alpha_0_5/FedAvgM-results/test3_comunicacao/MNIST/FedAvgM__MNIST__Setup-5__Clients-5__Rounds-10__Delay-0_5__Alpha-0_5__Seed-58.txt
alpha-0_5 folder,FedAvgM,MNIST,0.5,0.5,59,10,5,136.52,1 x NVIDIA RTX A1000,Intel(R) Core(TM) i7-14700,test3_comunicacao,results/main_campaign_default_alpha_0_5/FedAvgM-results/test3_comunicacao/MNIST/FedAvgM__MNIST__Setup-5__Clients-5__Rounds-10__Delay-0_5__Alpha-0_5__Seed-59.txt
alpha-0_5 folder,FedAvgM,MNIST,0.5,0.5,60,10,5,125.06,1 x NVIDIA RTX A1000,Intel(R) Core(TM) i7-14700,test3_comunicacao,results/main_campaign_default_alpha_0_5/FedAvgM-results/test3_comunicacao/MNIST/FedAvgM__MNIST__Setup-5__Clients-5__Rounds-10__Delay-0_5__Alpha-0_5__Seed-60.txt
alpha-0_5 folder,FedAvgM,MNIST,0.5,0.5,61,10,5,130.97,1 x NVIDIA RTX A1000,Intel(R) Core(TM) i7-14700,test3_comunicacao,results/main_campaign_default_alpha_0_5/FedAvgM-results/test3_comunicacao/MNIST/FedAvgM__MNIST__Setup-5__Clients-5__Rounds-10__Delay-0_5__Alpha-0_5__Seed-61.txt
alpha-0_5 folder,FedAvgM,MNIST,0.5,0.5,62,10,5,149.02,1 x NVIDIA RTX A1000,Intel(R) Core(TM) i7-14700,test3_comunicacao,results/main_campaign_default_alpha_0_5/FedAvgM-results/test3_comunicacao/MNIST/FedAvgM__MNIST__Setup-5__Clients-5__Rounds-10__Delay-0_5__Alpha-0_5__Seed-62.txt
alpha-0_5 folder,FedAvgM,MNIST,0.5,0.5,63,10,5,125.50,1 x NVIDIA RTX A1000,Intel(R) Core(TM) i7-14700,test3_comunicacao,results/main_campaign_default_alpha_0_5/FedAvgM-results/test3_comunicacao/MNIST/FedAvgM__MNIST__Setup-5__Clients-5__Rounds-10__Delay-0_5__Alpha-0_5__Seed-63.txt
alpha-0_5 folder,FedAvgM,MNIST,0.5,0.5,64,10,5,134.57,1 x NVIDIA RTX A1000,Intel(R) Core(TM) i7-14700,test3_comunicacao,results/main_campaign_default_alpha_0_5/FedAvgM-results/test3_comunicacao/MNIST/FedAvgM__MNIST__Setup-5__Clients-5__Rounds-10__Delay-0_5__Alpha-0_5__Seed-64.txt
alpha-0_5 folder,FedAvgM,MNIST,0.5,0.5,65,10,5,132.43,1 x NVIDIA RTX A1000,Intel(R) Core(TM) i7-14700,test3_comunicacao,results/main_campaign_default_alpha_0_5/FedAvgM-results/test3_comunicacao/MNIST/FedAvgM__MNIST__Setup-5__Clients-5__Rounds-10__Delay-0_5__Alpha-0_5__Seed-65.txt
alpha-0_5 folder,FedAvgM,MNIST,0.5,0.5,66,10,5,136.05,1 x NVIDIA RTX A1000,Intel(R) Core(TM) i7-14700,test3_comunicacao,results/main_campaign_default_alpha_0_5/FedAvgM-results/test3_comunicacao/MNIST/FedAvgM__MNIST__Setup-5__Clients-5__Rounds-10__Delay-0_5__Alpha-0_5__Seed-66.txt
alpha-0_5 folder,FedAvgM,MNIST,0.5,0.5,67,10,5,137.58,1 x NVIDIA RTX A1000,Intel(R) Core(TM) i7-14700,test3_comunicacao,results/main_campaign_default_alpha_0_5/FedAvgM-results/test3_comunicacao/MNIST/FedAvgM__MNIST__Setup-5__Clients-5__Rounds-10__Delay-0_5__Alpha-0_5__Seed-67.txt
alpha-0_5 folder,FedAvgM,MNIST,0.5,0.5,68,10,5,137.13,1 x NVIDIA RTX A1000,Intel(R) Core(TM) i7-14700,test3_comunicacao,results/main_campaign_default_alpha_0_5/FedAvgM-results/test3_comunicacao/MNIST/FedAvgM__MNIST__Setup-5__Clients-5__Rounds-10__Delay-0_5__Alpha-0_5__Seed-68.txt
alpha-0_5 folder,FedAvgM,MNIST,0.5,0.5,69,10,5,138.85,1 x NVIDIA RTX A1000,Intel(R) Core(TM) i7-14700,test3_comunicacao,results/main_campaign_default_alpha_0_5/FedAvgM-results/test3_comunicacao/MNIST/FedAvgM__MNIST__Setup-5__Clients-5__Rounds-10__Delay-0_5__Alpha-0_5__Seed-69.txt
alpha-0_5 folder,FedAvgM,MNIST,0.5,0.5,70,10,5,135.84,1 x NVIDIA RTX A1000,Intel(R) Core(TM) i7-14700,test3_comunicacao,results/main_campaign_default_alpha_0_5/FedAvgM-results/test3_comunicacao/MNIST/FedAvgM__MNIST__Setup-5__Clients-5__Rounds-10__Delay-0_5__Alpha-0_5__Seed-70.txt
alpha-0_5 folder,FedAvgM,MNIST,0.5,0.5,71,10,5,163.24,1 x NVIDIA RTX A1000,Intel(R) Core(TM) i7-14700,test3_comunicacao,results/main_campaign_default_alpha_0_5/FedAvgM-results/test3_comunicacao/MNIST/FedAvgM__MNIST__Setup-5__Clients-5__Rounds-10__Delay-0_5__Alpha-0_5__Seed-71.txt
alpha-0_5 folder,FedHAD,CIFAR10,0.05,0.5,42,10,5,450.75,1 x NVIDIA RTX A1000,Intel(R) Core(TM) i7-14700,test3_comunicacao,results/main_campaign_default_alpha_0_5/FedHAD-results/test3_comunicacao/CIFAR10-Standard/FedHAD__CIFAR10__Mode-STANDARD__Cfg-E1L1F1__Setup-5__Clients-5__Rounds-10__Delay-0_05__Alpha-0_5__Seed-42.txt
alpha-0_5 folder,FedHAD,CIFAR10,0.05,0.5,43,10,5,459.75,1 x NVIDIA RTX A1000,Intel(R) Core(TM) i7-14700,test3_comunicacao,results/main_campaign_default_alpha_0_5/FedHAD-results/test3_comunicacao/CIFAR10-Standard/FedHAD__CIFAR10__Mode-STANDARD__Cfg-E1L1F1__Setup-5__Clients-5__Rounds-10__Delay-0_05__Alpha-0_5__Seed-43.txt
alpha-0_5 folder,FedHAD,CIFAR10,0.05,0.5,44,10,5,460.11,1 x NVIDIA RTX A1000,Intel(R) Core(TM) i7-14700,test3_comunicacao,results/main_campaign_default_alpha_0_5/FedHAD-results/test3_comunicacao/CIFAR10-Standard/FedHAD__CIFAR10__Mode-STANDARD__Cfg-E1L1F1__Setup-5__Clients-5__Rounds-10__Delay-0_05__Alpha-0_5__Seed-44.txt
alpha-0_5 folder,FedHAD,CIFAR10,0.05,0.5,45,10,5,444.12,1 x NVIDIA RTX A1000,Intel(R) Core(TM) i7-14700,test3_comunicacao,results/main_campaign_default_alpha_0_5/FedHAD-results/test3_comunicacao/CIFAR10-Standard/FedHAD__CIFAR10__Mode-STANDARD__Cfg-E1L1F1__Setup-5__Clients-5__Rounds-10__Delay-0_05__Alpha-0_5__Seed-45.txt
alpha-0_5 folder,FedHAD,CIFAR10,0.05,0.5,46,10,5,445.55,1 x NVIDIA RTX A1000,Intel(R) Core(TM) i7-14700,test3_comunicacao,results/main_campaign_default_alpha_0_5/FedHAD-results/test3_comunicacao/CIFAR10-Standard/FedHAD__CIFAR10__Mode-STANDARD__Cfg-E1L1F1__Setup-5__Clients-5__Rounds-10__Delay-0_05__Alpha-0_5__Seed-46.txt
alpha-0_5 folder,FedHAD,CIFAR10,0.05,0.5,47,10,5,531.11,1 x NVIDIA RTX A1000,Intel(R) Core(TM) i7-14700,test3_comunicacao,results/main_campaign_default_alpha_0_5/FedHAD-results/test3_comunicacao/CIFAR10-Standard/FedHAD__CIFAR10__Mode-STANDARD__Cfg-E1L1F1__Setup-5__Clients-5__Rounds-10__Delay-0_05__Alpha-0_5__Seed-47.txt
alpha-0_5 folder,FedHAD,CIFAR10,0.05,0.5,48,10,5,452.10,1 x NVIDIA RTX A1000,Intel(R) Core(TM) i7-14700,test3_comunicacao,results/main_campaign_default_alpha_0_5/FedHAD-results/test3_comunicacao/CIFAR10-Standard/FedHAD__CIFAR10__Mode-STANDARD__Cfg-E1L1F1__Setup-5__Clients-5__Rounds-10__Delay-0_05__Alpha-0_5__Seed-48.txt
alpha-0_5 folder,FedHAD,CIFAR10,0.05,0.5,49,10,5,459.91,1 x NVIDIA RTX A1000,Intel(R) Core(TM) i7-14700,test3_comunicacao,results/main_campaign_default_alpha_0_5/FedHAD-results/test3_comunicacao/CIFAR10-Standard/FedHAD__CIFAR10__Mode-STANDARD__Cfg-E1L1F1__Setup-5__Clients-5__Rounds-10__Delay-0_05__Alpha-0_5__Seed-49.txt
alpha-0_5 folder,FedHAD,CIFAR10,0.05,0.5,50,10,5,459.76,1 x NVIDIA RTX A1000,Intel(R) Core(TM) i7-14700,test3_comunicacao,results/main_campaign_default_alpha_0_5/FedHAD-results/test3_comunicacao/CIFAR10-Standard/FedHAD__CIFAR10__Mode-STANDARD__Cfg-E1L1F1__Setup-5__Clients-5__Rounds-10__Delay-0_05__Alpha-0_5__Seed-50.txt
alpha-0_5 folder,FedHAD,CIFAR10,0.05,0.5,51,10,5,457.72,1 x NVIDIA RTX A1000,Intel(R) Core(TM) i7-14700,test3_comunicacao,results/main_campaign_default_alpha_0_5/FedHAD-results/test3_comunicacao/CIFAR10-Standard/FedHAD__CIFAR10__Mode-STANDARD__Cfg-E1L1F1__Setup-5__Clients-5__Rounds-10__Delay-0_05__Alpha-0_5__Seed-51.txt
alpha-0_5 folder,FedHAD,CIFAR10,0.05,0.5,52,10,5,459.50,1 x NVIDIA RTX A1000,Intel(R) Core(TM) i7-14700,test3_comunicacao,results/main_campaign_default_alpha_0_5/FedHAD-results/test3_comunicacao/CIFAR10-Standard/FedHAD__CIFAR10__Mode-STANDARD__Cfg-E1L1F1__Setup-5__Clients-5__Rounds-10__Delay-0_05__Alpha-0_5__Seed-52.txt
alpha-0_5 folder,FedHAD,CIFAR10,0.05,0.5,53,10,5,446.81,1 x NVIDIA RTX A1000,Intel(R) Core(TM) i7-14700,test3_comunicacao,results/main_campaign_default_alpha_0_5/FedHAD-results/test3_comunicacao/CIFAR10-Standard/FedHAD__CIFAR10__Mode-STANDARD__Cfg-E1L1F1__Setup-5__Clients-5__Rounds-10__Delay-0_05__Alpha-0_5__Seed-53.txt
alpha-0_5 folder,FedHAD,CIFAR10,0.05,0.5,54,10,5,446.72,1 x NVIDIA RTX A1000,Intel(R) Core(TM) i7-14700,test3_comunicacao,results/main_campaign_default_alpha_0_5/FedHAD-results/test3_comunicacao/CIFAR10-Standard/FedHAD__CIFAR10__Mode-STANDARD__Cfg-E1L1F1__Setup-5__Clients-5__Rounds-10__Delay-0_05__Alpha-0_5__Seed-54.txt
alpha-0_5 folder,FedHAD,CIFAR10,0.05,0.5,55,10,5,459.22,1 x NVIDIA RTX A1000,Intel(R) Core(TM) i7-14700,test3_comunicacao,results/main_campaign_default_alpha_0_5/FedHAD-results/test3_comunicacao/CIFAR10-Standard/FedHAD__CIFAR10__Mode-STANDARD__Cfg-E1L1F1__Setup-5__Clients-5__Rounds-10__Delay-0_05__Alpha-0_5__Seed-55.txt
alpha-0_5 folder,FedHAD,CIFAR10,0.05,0.5,56,10,5,453.64,1 x NVIDIA RTX A1000,Intel(R) Core(TM) i7-14700,test3_comunicacao,results/main_campaign_default_alpha_0_5/FedHAD-results/test3_comunicacao/CIFAR10-Standard/FedHAD__CIFAR10__Mode-STANDARD__Cfg-E1L1F1__Setup-5__Clients-5__Rounds-10__Delay-0_05__Alpha-0_5__Seed-56.txt
alpha-0_5 folder,FedHAD,CIFAR10,0.05,0.5,57,10,5,448.26,1 x NVIDIA RTX A1000,Intel(R) Core(TM) i7-14700,test3_comunicacao,results/main_campaign_default_alpha_0_5/FedHAD-results/test3_comunicacao/CIFAR10-Standard/FedHAD__CIFAR10__Mode-STANDARD__Cfg-E1L1F1__Setup-5__Clients-5__Rounds-10__Delay-0_05__Alpha-0_5__Seed-57.txt
alpha-0_5 folder,FedHAD,CIFAR10,0.05,0.5,58,10,5,456.73,1 x NVIDIA RTX A1000,Intel(R) Core(TM) i7-14700,test3_comunicacao,results/main_campaign_default_alpha_0_5/FedHAD-results/test3_comunicacao/CIFAR10-Standard/FedHAD__CIFAR10__Mode-STANDARD__Cfg-E1L1F1__Setup-5__Clients-5__Rounds-10__Delay-0_05__Alpha-0_5__Seed-58.txt
alpha-0_5 folder,FedHAD,CIFAR10,0.05,0.5,59,10,5,447.58,1 x NVIDIA RTX A1000,Intel(R) Core(TM) i7-14700,test3_comunicacao,results/main_campaign_default_alpha_0_5/FedHAD-results/test3_comunicacao/CIFAR10-Standard/FedHAD__CIFAR10__Mode-STANDARD__Cfg-E1L1F1__Setup-5__Clients-5__Rounds-10__Delay-0_05__Alpha-0_5__Seed-59.txt
alpha-0_5 folder,FedHAD,CIFAR10,0.05,0.5,60,10,5,455.78,1 x NVIDIA RTX A1000,Intel(R) Core(TM) i7-14700,test3_comunicacao,results/main_campaign_default_alpha_0_5/FedHAD-results/test3_comunicacao/CIFAR10-Standard/FedHAD__CIFAR10__Mode-STANDARD__Cfg-E1L1F1__Setup-5__Clients-5__Rounds-10__Delay-0_05__Alpha-0_5__Seed-60.txt
alpha-0_5 folder,FedHAD,CIFAR10,0.05,0.5,61,10,5,455.20,1 x NVIDIA RTX A1000,Intel(R) Core(TM) i7-14700,test3_comunicacao,results/main_campaign_default_alpha_0_5/FedHAD-results/test3_comunicacao/CIFAR10-Standard/FedHAD__CIFAR10__Mode-STANDARD__Cfg-E1L1F1__Setup-5__Clients-5__Rounds-10__Delay-0_05__Alpha-0_5__Seed-61.txt
alpha-0_5 folder,FedHAD,CIFAR10,0.05,0.5,62,10,5,456.29,1 x NVIDIA RTX A1000,Intel(R) Core(TM) i7-14700,test3_comunicacao,results/main_campaign_default_alpha_0_5/FedHAD-results/test3_comunicacao/CIFAR10-Standard/FedHAD__CIFAR10__Mode-STANDARD__Cfg-E1L1F1__Setup-5__Clients-5__Rounds-10__Delay-0_05__Alpha-0_5__Seed-62.txt
alpha-0_5 folder,FedHAD,CIFAR10,0.05,0.5,63,10,5,459.00,1 x NVIDIA RTX A1000,Intel(R) Core(TM) i7-14700,test3_comunicacao,results/main_campaign_default_alpha_0_5/FedHAD-results/test3_comunicacao/CIFAR10-Standard/FedHAD__CIFAR10__Mode-STANDARD__Cfg-E1L1F1__Setup-5__Clients-5__Rounds-10__Delay-0_05__Alpha-0_5__Seed-63.txt
alpha-0_5 folder,FedHAD,CIFAR10,0.05,0.5,64,10,5,458.61,1 x NVIDIA RTX A1000,Intel(R) Core(TM) i7-14700,test3_comunicacao,results/main_campaign_default_alpha_0_5/FedHAD-results/test3_comunicacao/CIFAR10-Standard/FedHAD__CIFAR10__Mode-STANDARD__Cfg-E1L1F1__Setup-5__Clients-5__Rounds-10__Delay-0_05__Alpha-0_5__Seed-64.txt
alpha-0_5 folder,FedHAD,CIFAR10,0.05,0.5,65,10,5,459.20,1 x NVIDIA RTX A1000,Intel(R) Core(TM) i7-14700,test3_comunicacao,results/main_campaign_default_alpha_0_5/FedHAD-results/test3_comunicacao/CIFAR10-Standard/FedHAD__CIFAR10__Mode-STANDARD__Cfg-E1L1F1__Setup-5__Clients-5__Rounds-10__Delay-0_05__Alpha-0_5__Seed-65.txt
alpha-0_5 folder,FedHAD,CIFAR10,0.05,0.5,66,10,5,458.10,1 x NVIDIA RTX A1000,Intel(R) Core(TM) i7-14700,test3_comunicacao,results/main_campaign_default_alpha_0_5/FedHAD-results/test3_comunicacao/CIFAR10-Standard/FedHAD__CIFAR10__Mode-STANDARD__Cfg-E1L1F1__Setup-5__Clients-5__Rounds-10__Delay-0_05__Alpha-0_5__Seed-66.txt
alpha-0_5 folder,FedHAD,CIFAR10,0.05,0.5,67,10,5,458.44,1 x NVIDIA RTX A1000,Intel(R) Core(TM) i7-14700,test3_comunicacao,results/main_campaign_default_alpha_0_5/FedHAD-results/test3_comunicacao/CIFAR10-Standard/FedHAD__CIFAR10__Mode-STANDARD__Cfg-E1L1F1__Setup-5__Clients-5__Rounds-10__Delay-0_05__Alpha-0_5__Seed-67.txt
alpha-0_5 folder,FedHAD,CIFAR10,0.05,0.5,68,10,5,458.63,1 x NVIDIA RTX A1000,Intel(R) Core(TM) i7-14700,test3_comunicacao,results/main_campaign_default_alpha_0_5/FedHAD-results/test3_comunicacao/CIFAR10-Standard/FedHAD__CIFAR10__Mode-STANDARD__Cfg-E1L1F1__Setup-5__Clients-5__Rounds-10__Delay-0_05__Alpha-0_5__Seed-68.txt
alpha-0_5 folder,FedHAD,CIFAR10,0.05,0.5,69,10,5,488.45,1 x NVIDIA RTX A1000,Intel(R) Core(TM) i7-14700,test3_comunicacao,results/main_campaign_default_alpha_0_5/FedHAD-results/test3_comunicacao/CIFAR10-Standard/FedHAD__CIFAR10__Mode-STANDARD__Cfg-E1L1F1__Setup-5__Clients-5__Rounds-10__Delay-0_05__Alpha-0_5__Seed-69.txt
alpha-0_5 folder,FedHAD,CIFAR10,0.05,0.5,70,10,5,440.50,1 x NVIDIA RTX A1000,Intel(R) Core(TM) i7-14700,test3_comunicacao,results/main_campaign_default_alpha_0_5/FedHAD-results/test3_comunicacao/CIFAR10-Standard/FedHAD__CIFAR10__Mode-STANDARD__Cfg-E1L1F1__Setup-5__Clients-5__Rounds-10__Delay-0_05__Alpha-0_5__Seed-70.txt
alpha-0_5 folder,FedHAD,CIFAR10,0.05,0.5,71,10,5,456.79,1 x NVIDIA RTX A1000,Intel(R) Core(TM) i7-14700,test3_comunicacao,results/main_campaign_default_alpha_0_5/FedHAD-results/test3_comunicacao/CIFAR10-Standard/FedHAD__CIFAR10__Mode-STANDARD__Cfg-E1L1F1__Setup-5__Clients-5__Rounds-10__Delay-0_05__Alpha-0_5__Seed-71.txt
alpha-0_5 folder,FedHAD,CIFAR10,0.1,0.5,42,10,5,453.12,1 x NVIDIA RTX A1000,Intel(R) Core(TM) i7-14700,test3_comunicacao,results/main_campaign_default_alpha_0_5/FedHAD-results/test3_comunicacao/CIFAR10-Standard/FedHAD__CIFAR10__Mode-STANDARD__Cfg-E1L1F1__Setup-5__Clients-5__Rounds-10__Delay-0_1__Alpha-0_5__Seed-42.txt
alpha-0_5 folder,FedHAD,CIFAR10,0.1,0.5,43,10,5,460.20,1 x NVIDIA RTX A1000,Intel(R) Core(TM) i7-14700,test3_comunicacao,results/main_campaign_default_alpha_0_5/FedHAD-results/test3_comunicacao/CIFAR10-Standard/FedHAD__CIFAR10__Mode-STANDARD__Cfg-E1L1F1__Setup-5__Clients-5__Rounds-10__Delay-0_1__Alpha-0_5__Seed-43.txt
alpha-0_5 folder,FedHAD,CIFAR10,0.1,0.5,44,10,5,460.27,1 x NVIDIA RTX A1000,Intel(R) Core(TM) i7-14700,test3_comunicacao,results/main_campaign_default_alpha_0_5/FedHAD-results/test3_comunicacao/CIFAR10-Standard/FedHAD__CIFAR10__Mode-STANDARD__Cfg-E1L1F1__Setup-5__Clients-5__Rounds-10__Delay-0_1__Alpha-0_5__Seed-44.txt
alpha-0_5 folder,FedHAD,CIFAR10,0.1,0.5,45,10,5,445.35,1 x NVIDIA RTX A1000,Intel(R) Core(TM) i7-14700,test3_comunicacao,results/main_campaign_default_alpha_0_5/FedHAD-results/test3_comunicacao/CIFAR10-Standard/FedHAD__CIFAR10__Mode-STANDARD__Cfg-E1L1F1__Setup-5__Clients-5__Rounds-10__Delay-0_1__Alpha-0_5__Seed-45.txt
alpha-0_5 folder,FedHAD,CIFAR10,0.1,0.5,46,10,5,443.07,1 x NVIDIA RTX A1000,Intel(R) Core(TM) i7-14700,test3_comunicacao,results/main_campaign_default_alpha_0_5/FedHAD-results/test3_comunicacao/CIFAR10-Standard/FedHAD__CIFAR10__Mode-STANDARD__Cfg-E1L1F1__Setup-5__Clients-5__Rounds-10__Delay-0_1__Alpha-0_5__Seed-46.txt
alpha-0_5 folder,FedHAD,CIFAR10,0.1,0.5,47,10,5,531.98,1 x NVIDIA RTX A1000,Intel(R) Core(TM) i7-14700,test3_comunicacao,results/main_campaign_default_alpha_0_5/FedHAD-results/test3_comunicacao/CIFAR10-Standard/FedHAD__CIFAR10__Mode-STANDARD__Cfg-E1L1F1__Setup-5__Clients-5__Rounds-10__Delay-0_1__Alpha-0_5__Seed-47.txt
alpha-0_5 folder,FedHAD,CIFAR10,0.1,0.5,48,10,5,449.76,1 x NVIDIA RTX A1000,Intel(R) Core(TM) i7-14700,test3_comunicacao,results/main_campaign_default_alpha_0_5/FedHAD-results/test3_comunicacao/CIFAR10-Standard/FedHAD__CIFAR10__Mode-STANDARD__Cfg-E1L1F1__Setup-5__Clients-5__Rounds-10__Delay-0_1__Alpha-0_5__Seed-48.txt
alpha-0_5 folder,FedHAD,CIFAR10,0.1,0.5,49,10,5,460.44,1 x NVIDIA RTX A1000,Intel(R) Core(TM) i7-14700,test3_comunicacao,results/main_campaign_default_alpha_0_5/FedHAD-results/test3_comunicacao/CIFAR10-Standard/FedHAD__CIFAR10__Mode-STANDARD__Cfg-E1L1F1__Setup-5__Clients-5__Rounds-10__Delay-0_1__Alpha-0_5__Seed-49.txt
alpha-0_5 folder,FedHAD,CIFAR10,0.1,0.5,50,10,5,460.31,1 x NVIDIA RTX A1000,Intel(R) Core(TM) i7-14700,test3_comunicacao,results/main_campaign_default_alpha_0_5/FedHAD-results/test3_comunicacao/CIFAR10-Standard/FedHAD__CIFAR10__Mode-STANDARD__Cfg-E1L1F1__Setup-5__Clients-5__Rounds-10__Delay-0_1__Alpha-0_5__Seed-50.txt
alpha-0_5 folder,FedHAD,CIFAR10,0.1,0.5,51,10,5,459.01,1 x NVIDIA RTX A1000,Intel(R) Core(TM) i7-14700,test3_comunicacao,results/main_campaign_default_alpha_0_5/FedHAD-results/test3_comunicacao/CIFAR10-Standard/FedHAD__CIFAR10__Mode-STANDARD__Cfg-E1L1F1__Setup-5__Clients-5__Rounds-10__Delay-0_1__Alpha-0_5__Seed-51.txt
alpha-0_5 folder,FedHAD,CIFAR10,0.1,0.5,52,10,5,460.40,1 x NVIDIA RTX A1000,Intel(R) Core(TM) i7-14700,test3_comunicacao,results/main_campaign_default_alpha_0_5/FedHAD-results/test3_comunicacao/CIFAR10-Standard/FedHAD__CIFAR10__Mode-STANDARD__Cfg-E1L1F1__Setup-5__Clients-5__Rounds-10__Delay-0_1__Alpha-0_5__Seed-52.txt
alpha-0_5 folder,FedHAD,CIFAR10,0.1,0.5,53,10,5,442.17,1 x NVIDIA RTX A1000,Intel(R) Core(TM) i7-14700,test3_comunicacao,results/main_campaign_default_alpha_0_5/FedHAD-results/test3_comunicacao/CIFAR10-Standard/FedHAD__CIFAR10__Mode-STANDARD__Cfg-E1L1F1__Setup-5__Clients-5__Rounds-10__Delay-0_1__Alpha-0_5__Seed-53.txt
alpha-0_5 folder,FedHAD,CIFAR10,0.1,0.5,54,10,5,446.93,1 x NVIDIA RTX A1000,Intel(R) Core(TM) i7-14700,test3_comunicacao,results/main_campaign_default_alpha_0_5/FedHAD-results/test3_comunicacao/CIFAR10-Standard/FedHAD__CIFAR10__Mode-STANDARD__Cfg-E1L1F1__Setup-5__Clients-5__Rounds-10__Delay-0_1__Alpha-0_5__Seed-54.txt
alpha-0_5 folder,FedHAD,CIFAR10,0.1,0.5,55,10,5,460.23,1 x NVIDIA RTX A1000,Intel(R) Core(TM) i7-14700,test3_comunicacao,results/main_campaign_default_alpha_0_5/FedHAD-results/test3_comunicacao/CIFAR10-Standard/FedHAD__CIFAR10__Mode-STANDARD__Cfg-E1L1F1__Setup-5__Clients-5__Rounds-10__Delay-0_1__Alpha-0_5__Seed-55.txt
alpha-0_5 folder,FedHAD,CIFAR10,0.1,0.5,56,10,5,449.31,1 x NVIDIA RTX A1000,Intel(R) Core(TM) i7-14700,test3_comunicacao,results/main_campaign_default_alpha_0_5/FedHAD-results/test3_comunicacao/CIFAR10-Standard/FedHAD__CIFAR10__Mode-STANDARD__Cfg-E1L1F1__Setup-5__Clients-5__Rounds-10__Delay-0_1__Alpha-0_5__Seed-56.txt
alpha-0_5 folder,FedHAD,CIFAR10,0.1,0.5,57,10,5,451.38,1 x NVIDIA RTX A1000,Intel(R) Core(TM) i7-14700,test3_comunicacao,results/main_campaign_default_alpha_0_5/FedHAD-results/test3_comunicacao/CIFAR10-Standard/FedHAD__CIFAR10__Mode-STANDARD__Cfg-E1L1F1__Setup-5__Clients-5__Rounds-10__Delay-0_1__Alpha-0_5__Seed-57.txt
alpha-0_5 folder,FedHAD,CIFAR10,0.1,0.5,58,10,5,459.84,1 x NVIDIA RTX A1000,Intel(R) Core(TM) i7-14700,test3_comunicacao,results/main_campaign_default_alpha_0_5/FedHAD-results/test3_comunicacao/CIFAR10-Standard/FedHAD__CIFAR10__Mode-STANDARD__Cfg-E1L1F1__Setup-5__Clients-5__Rounds-10__Delay-0_1__Alpha-0_5__Seed-58.txt
alpha-0_5 folder,FedHAD,CIFAR10,0.1,0.5,59,10,5,451.48,1 x NVIDIA RTX A1000,Intel(R) Core(TM) i7-14700,test3_comunicacao,results/main_campaign_default_alpha_0_5/FedHAD-results/test3_comunicacao/CIFAR10-Standard/FedHAD__CIFAR10__Mode-STANDARD__Cfg-E1L1F1__Setup-5__Clients-5__Rounds-10__Delay-0_1__Alpha-0_5__Seed-59.txt
alpha-0_5 folder,FedHAD,CIFAR10,0.1,0.5,60,10,5,461.54,1 x NVIDIA RTX A1000,Intel(R) Core(TM) i7-14700,test3_comunicacao,results/main_campaign_default_alpha_0_5/FedHAD-results/test3_comunicacao/CIFAR10-Standard/FedHAD__CIFAR10__Mode-STANDARD__Cfg-E1L1F1__Setup-5__Clients-5__Rounds-10__Delay-0_1__Alpha-0_5__Seed-60.txt
alpha-0_5 folder,FedHAD,CIFAR10,0.1,0.5,61,10,5,459.69,1 x NVIDIA RTX A1000,Intel(R) Core(TM) i7-14700,test3_comunicacao,results/main_campaign_default_alpha_0_5/FedHAD-results/test3_comunicacao/CIFAR10-Standard/FedHAD__CIFAR10__Mode-STANDARD__Cfg-E1L1F1__Setup-5__Clients-5__Rounds-10__Delay-0_1__Alpha-0_5__Seed-61.txt
alpha-0_5 folder,FedHAD,CIFAR10,0.1,0.5,62,10,5,459.75,1 x NVIDIA RTX A1000,Intel(R) Core(TM) i7-14700,test3_comunicacao,results/main_campaign_default_alpha_0_5/FedHAD-results/test3_comunicacao/CIFAR10-Standard/FedHAD__CIFAR10__Mode-STANDARD__Cfg-E1L1F1__Setup-5__Clients-5__Rounds-10__Delay-0_1__Alpha-0_5__Seed-62.txt
alpha-0_5 folder,FedHAD,CIFAR10,0.1,0.5,63,10,5,459.79,1 x NVIDIA RTX A1000,Intel(R) Core(TM) i7-14700,test3_comunicacao,results/main_campaign_default_alpha_0_5/FedHAD-results/test3_comunicacao/CIFAR10-Standard/FedHAD__CIFAR10__Mode-STANDARD__Cfg-E1L1F1__Setup-5__Clients-5__Rounds-10__Delay-0_1__Alpha-0_5__Seed-63.txt
alpha-0_5 folder,FedHAD,CIFAR10,0.1,0.5,64,10,5,460.31,1 x NVIDIA RTX A1000,Intel(R) Core(TM) i7-14700,test3_comunicacao,results/main_campaign_default_alpha_0_5/FedHAD-results/test3_comunicacao/CIFAR10-Standard/FedHAD__CIFAR10__Mode-STANDARD__Cfg-E1L1F1__Setup-5__Clients-5__Rounds-10__Delay-0_1__Alpha-0_5__Seed-64.txt
alpha-0_5 folder,FedHAD,CIFAR10,0.1,0.5,65,10,5,460.34,1 x NVIDIA RTX A1000,Intel(R) Core(TM) i7-14700,test3_comunicacao,results/main_campaign_default_alpha_0_5/FedHAD-results/test3_comunicacao/CIFAR10-Standard/FedHAD__CIFAR10__Mode-STANDARD__Cfg-E1L1F1__Setup-5__Clients-5__Rounds-10__Delay-0_1__Alpha-0_5__Seed-65.txt
alpha-0_5 folder,FedHAD,CIFAR10,0.1,0.5,66,10,5,458.10,1 x NVIDIA RTX A1000,Intel(R) Core(TM) i7-14700,test3_comunicacao,results/main_campaign_default_alpha_0_5/FedHAD-results/test3_comunicacao/CIFAR10-Standard/FedHAD__CIFAR10__Mode-STANDARD__Cfg-E1L1F1__Setup-5__Clients-5__Rounds-10__Delay-0_1__Alpha-0_5__Seed-66.txt
alpha-0_5 folder,FedHAD,CIFAR10,0.1,0.5,67,10,5,459.82,1 x NVIDIA RTX A1000,Intel(R) Core(TM) i7-14700,test3_comunicacao,results/main_campaign_default_alpha_0_5/FedHAD-results/test3_comunicacao/CIFAR10-Standard/FedHAD__CIFAR10__Mode-STANDARD__Cfg-E1L1F1__Setup-5__Clients-5__Rounds-10__Delay-0_1__Alpha-0_5__Seed-67.txt
alpha-0_5 folder,FedHAD,CIFAR10,0.1,0.5,68,10,5,459.84,1 x NVIDIA RTX A1000,Intel(R) Core(TM) i7-14700,test3_comunicacao,results/main_campaign_default_alpha_0_5/FedHAD-results/test3_comunicacao/CIFAR10-Standard/FedHAD__CIFAR10__Mode-STANDARD__Cfg-E1L1F1__Setup-5__Clients-5__Rounds-10__Delay-0_1__Alpha-0_5__Seed-68.txt
alpha-0_5 folder,FedHAD,CIFAR10,0.1,0.5,69,10,5,488.60,1 x NVIDIA RTX A1000,Intel(R) Core(TM) i7-14700,test3_comunicacao,results/main_campaign_default_alpha_0_5/FedHAD-results/test3_comunicacao/CIFAR10-Standard/FedHAD__CIFAR10__Mode-STANDARD__Cfg-E1L1F1__Setup-5__Clients-5__Rounds-10__Delay-0_1__Alpha-0_5__Seed-69.txt
alpha-0_5 folder,FedHAD,CIFAR10,0.1,0.5,70,10,5,441.29,1 x NVIDIA RTX A1000,Intel(R) Core(TM) i7-14700,test3_comunicacao,results/main_campaign_default_alpha_0_5/FedHAD-results/test3_comunicacao/CIFAR10-Standard/FedHAD__CIFAR10__Mode-STANDARD__Cfg-E1L1F1__Setup-5__Clients-5__Rounds-10__Delay-0_1__Alpha-0_5__Seed-70.txt
alpha-0_5 folder,FedHAD,CIFAR10,0.1,0.5,71,10,5,459.30,1 x NVIDIA RTX A1000,Intel(R) Core(TM) i7-14700,test3_comunicacao,results/main_campaign_default_alpha_0_5/FedHAD-results/test3_comunicacao/CIFAR10-Standard/FedHAD__CIFAR10__Mode-STANDARD__Cfg-E1L1F1__Setup-5__Clients-5__Rounds-10__Delay-0_1__Alpha-0_5__Seed-71.txt
alpha-0_5 folder,FedHAD,CIFAR10,0.5,0.5,42,10,5,461.64,1 x NVIDIA RTX A1000,Intel(R) Core(TM) i7-14700,test3_comunicacao,results/main_campaign_default_alpha_0_5/FedHAD-results/test3_comunicacao/CIFAR10-Standard/FedHAD__CIFAR10__Mode-STANDARD__Cfg-E1L1F1__Setup-5__Clients-5__Rounds-10__Delay-0_5__Alpha-0_5__Seed-42.txt
alpha-0_5 folder,FedHAD,CIFAR10,0.5,0.5,43,10,5,468.49,1 x NVIDIA RTX A1000,Intel(R) Core(TM) i7-14700,test3_comunicacao,results/main_campaign_default_alpha_0_5/FedHAD-results/test3_comunicacao/CIFAR10-Standard/FedHAD__CIFAR10__Mode-STANDARD__Cfg-E1L1F1__Setup-5__Clients-5__Rounds-10__Delay-0_5__Alpha-0_5__Seed-43.txt
alpha-0_5 folder,FedHAD,CIFAR10,0.5,0.5,44,10,5,468.23,1 x NVIDIA RTX A1000,Intel(R) Core(TM) i7-14700,test3_comunicacao,results/main_campaign_default_alpha_0_5/FedHAD-results/test3_comunicacao/CIFAR10-Standard/FedHAD__CIFAR10__Mode-STANDARD__Cfg-E1L1F1__Setup-5__Clients-5__Rounds-10__Delay-0_5__Alpha-0_5__Seed-44.txt
alpha-0_5 folder,FedHAD,CIFAR10,0.5,0.5,45,10,5,453.21,1 x NVIDIA RTX A1000,Intel(R) Core(TM) i7-14700,test3_comunicacao,results/main_campaign_default_alpha_0_5/FedHAD-results/test3_comunicacao/CIFAR10-Standard/FedHAD__CIFAR10__Mode-STANDARD__Cfg-E1L1F1__Setup-5__Clients-5__Rounds-10__Delay-0_5__Alpha-0_5__Seed-45.txt
alpha-0_5 folder,FedHAD,CIFAR10,0.5,0.5,46,10,5,450.83,1 x NVIDIA RTX A1000,Intel(R) Core(TM) i7-14700,test3_comunicacao,results/main_campaign_default_alpha_0_5/FedHAD-results/test3_comunicacao/CIFAR10-Standard/FedHAD__CIFAR10__Mode-STANDARD__Cfg-E1L1F1__Setup-5__Clients-5__Rounds-10__Delay-0_5__Alpha-0_5__Seed-46.txt
alpha-0_5 folder,FedHAD,CIFAR10,0.5,0.5,47,10,5,538.82,1 x NVIDIA RTX A1000,Intel(R) Core(TM) i7-14700,test3_comunicacao,results/main_campaign_default_alpha_0_5/FedHAD-results/test3_comunicacao/CIFAR10-Standard/FedHAD__CIFAR10__Mode-STANDARD__Cfg-E1L1F1__Setup-5__Clients-5__Rounds-10__Delay-0_5__Alpha-0_5__Seed-47.txt
alpha-0_5 folder,FedHAD,CIFAR10,0.5,0.5,48,10,5,456.66,1 x NVIDIA RTX A1000,Intel(R) Core(TM) i7-14700,test3_comunicacao,results/main_campaign_default_alpha_0_5/FedHAD-results/test3_comunicacao/CIFAR10-Standard/FedHAD__CIFAR10__Mode-STANDARD__Cfg-E1L1F1__Setup-5__Clients-5__Rounds-10__Delay-0_5__Alpha-0_5__Seed-48.txt
alpha-0_5 folder,FedHAD,CIFAR10,0.5,0.5,49,10,5,469.30,1 x NVIDIA RTX A1000,Intel(R) Core(TM) i7-14700,test3_comunicacao,results/main_campaign_default_alpha_0_5/FedHAD-results/test3_comunicacao/CIFAR10-Standard/FedHAD__CIFAR10__Mode-STANDARD__Cfg-E1L1F1__Setup-5__Clients-5__Rounds-10__Delay-0_5__Alpha-0_5__Seed-49.txt
alpha-0_5 folder,FedHAD,CIFAR10,0.5,0.5,50,10,5,469.38,1 x NVIDIA RTX A1000,Intel(R) Core(TM) i7-14700,test3_comunicacao,results/main_campaign_default_alpha_0_5/FedHAD-results/test3_comunicacao/CIFAR10-Standard/FedHAD__CIFAR10__Mode-STANDARD__Cfg-E1L1F1__Setup-5__Clients-5__Rounds-10__Delay-0_5__Alpha-0_5__Seed-50.txt
alpha-0_5 folder,FedHAD,CIFAR10,0.5,0.5,51,10,5,468.24,1 x NVIDIA RTX A1000,Intel(R) Core(TM) i7-14700,test3_comunicacao,results/main_campaign_default_alpha_0_5/FedHAD-results/test3_comunicacao/CIFAR10-Standard/FedHAD__CIFAR10__Mode-STANDARD__Cfg-E1L1F1__Setup-5__Clients-5__Rounds-10__Delay-0_5__Alpha-0_5__Seed-51.txt
alpha-0_5 folder,FedHAD,CIFAR10,0.5,0.5,52,10,5,469.27,1 x NVIDIA RTX A1000,Intel(R) Core(TM) i7-14700,test3_comunicacao,results/main_campaign_default_alpha_0_5/FedHAD-results/test3_comunicacao/CIFAR10-Standard/FedHAD__CIFAR10__Mode-STANDARD__Cfg-E1L1F1__Setup-5__Clients-5__Rounds-10__Delay-0_5__Alpha-0_5__Seed-52.txt
alpha-0_5 folder,FedHAD,CIFAR10,0.5,0.5,53,10,5,448.41,1 x NVIDIA RTX A1000,Intel(R) Core(TM) i7-14700,test3_comunicacao,results/main_campaign_default_alpha_0_5/FedHAD-results/test3_comunicacao/CIFAR10-Standard/FedHAD__CIFAR10__Mode-STANDARD__Cfg-E1L1F1__Setup-5__Clients-5__Rounds-10__Delay-0_5__Alpha-0_5__Seed-53.txt
alpha-0_5 folder,FedHAD,CIFAR10,0.5,0.5,54,10,5,455.42,1 x NVIDIA RTX A1000,Intel(R) Core(TM) i7-14700,test3_comunicacao,results/main_campaign_default_alpha_0_5/FedHAD-results/test3_comunicacao/CIFAR10-Standard/FedHAD__CIFAR10__Mode-STANDARD__Cfg-E1L1F1__Setup-5__Clients-5__Rounds-10__Delay-0_5__Alpha-0_5__Seed-54.txt
alpha-0_5 folder,FedHAD,CIFAR10,0.5,0.5,55,10,5,467.63,1 x NVIDIA RTX A1000,Intel(R) Core(TM) i7-14700,test3_comunicacao,results/main_campaign_default_alpha_0_5/FedHAD-results/test3_comunicacao/CIFAR10-Standard/FedHAD__CIFAR10__Mode-STANDARD__Cfg-E1L1F1__Setup-5__Clients-5__Rounds-10__Delay-0_5__Alpha-0_5__Seed-55.txt
alpha-0_5 folder,FedHAD,CIFAR10,0.5,0.5,56,10,5,457.75,1 x NVIDIA RTX A1000,Intel(R) Core(TM) i7-14700,test3_comunicacao,results/main_campaign_default_alpha_0_5/FedHAD-results/test3_comunicacao/CIFAR10-Standard/FedHAD__CIFAR10__Mode-STANDARD__Cfg-E1L1F1__Setup-5__Clients-5__Rounds-10__Delay-0_5__Alpha-0_5__Seed-56.txt
alpha-0_5 folder,FedHAD,CIFAR10,0.5,0.5,57,10,5,458.34,1 x NVIDIA RTX A1000,Intel(R) Core(TM) i7-14700,test3_comunicacao,results/main_campaign_default_alpha_0_5/FedHAD-results/test3_comunicacao/CIFAR10-Standard/FedHAD__CIFAR10__Mode-STANDARD__Cfg-E1L1F1__Setup-5__Clients-5__Rounds-10__Delay-0_5__Alpha-0_5__Seed-57.txt
alpha-0_5 folder,FedHAD,CIFAR10,0.5,0.5,58,10,5,467.52,1 x NVIDIA RTX A1000,Intel(R) Core(TM) i7-14700,test3_comunicacao,results/main_campaign_default_alpha_0_5/FedHAD-results/test3_comunicacao/CIFAR10-Standard/FedHAD__CIFAR10__Mode-STANDARD__Cfg-E1L1F1__Setup-5__Clients-5__Rounds-10__Delay-0_5__Alpha-0_5__Seed-58.txt
alpha-0_5 folder,FedHAD,CIFAR10,0.5,0.5,59,10,5,460.15,1 x NVIDIA RTX A1000,Intel(R) Core(TM) i7-14700,test3_comunicacao,results/main_campaign_default_alpha_0_5/FedHAD-results/test3_comunicacao/CIFAR10-Standard/FedHAD__CIFAR10__Mode-STANDARD__Cfg-E1L1F1__Setup-5__Clients-5__Rounds-10__Delay-0_5__Alpha-0_5__Seed-59.txt
alpha-0_5 folder,FedHAD,CIFAR10,0.5,0.5,60,10,5,468.23,1 x NVIDIA RTX A1000,Intel(R) Core(TM) i7-14700,test3_comunicacao,results/main_campaign_default_alpha_0_5/FedHAD-results/test3_comunicacao/CIFAR10-Standard/FedHAD__CIFAR10__Mode-STANDARD__Cfg-E1L1F1__Setup-5__Clients-5__Rounds-10__Delay-0_5__Alpha-0_5__Seed-60.txt
alpha-0_5 folder,FedHAD,CIFAR10,0.5,0.5,61,10,5,467.63,1 x NVIDIA RTX A1000,Intel(R) Core(TM) i7-14700,test3_comunicacao,results/main_campaign_default_alpha_0_5/FedHAD-results/test3_comunicacao/CIFAR10-Standard/FedHAD__CIFAR10__Mode-STANDARD__Cfg-E1L1F1__Setup-5__Clients-5__Rounds-10__Delay-0_5__Alpha-0_5__Seed-61.txt
alpha-0_5 folder,FedHAD,CIFAR10,0.5,0.5,62,10,5,468.85,1 x NVIDIA RTX A1000,Intel(R) Core(TM) i7-14700,test3_comunicacao,results/main_campaign_default_alpha_0_5/FedHAD-results/test3_comunicacao/CIFAR10-Standard/FedHAD__CIFAR10__Mode-STANDARD__Cfg-E1L1F1__Setup-5__Clients-5__Rounds-10__Delay-0_5__Alpha-0_5__Seed-62.txt
alpha-0_5 folder,FedHAD,CIFAR10,0.5,0.5,63,10,5,467.68,1 x NVIDIA RTX A1000,Intel(R) Core(TM) i7-14700,test3_comunicacao,results/main_campaign_default_alpha_0_5/FedHAD-results/test3_comunicacao/CIFAR10-Standard/FedHAD__CIFAR10__Mode-STANDARD__Cfg-E1L1F1__Setup-5__Clients-5__Rounds-10__Delay-0_5__Alpha-0_5__Seed-63.txt
alpha-0_5 folder,FedHAD,CIFAR10,0.5,0.5,64,10,5,467.75,1 x NVIDIA RTX A1000,Intel(R) Core(TM) i7-14700,test3_comunicacao,results/main_campaign_default_alpha_0_5/FedHAD-results/test3_comunicacao/CIFAR10-Standard/FedHAD__CIFAR10__Mode-STANDARD__Cfg-E1L1F1__Setup-5__Clients-5__Rounds-10__Delay-0_5__Alpha-0_5__Seed-64.txt
alpha-0_5 folder,FedHAD,CIFAR10,0.5,0.5,65,10,5,468.67,1 x NVIDIA RTX A1000,Intel(R) Core(TM) i7-14700,test3_comunicacao,results/main_campaign_default_alpha_0_5/FedHAD-results/test3_comunicacao/CIFAR10-Standard/FedHAD__CIFAR10__Mode-STANDARD__Cfg-E1L1F1__Setup-5__Clients-5__Rounds-10__Delay-0_5__Alpha-0_5__Seed-65.txt
alpha-0_5 folder,FedHAD,CIFAR10,0.5,0.5,66,10,5,469.07,1 x NVIDIA RTX A1000,Intel(R) Core(TM) i7-14700,test3_comunicacao,results/main_campaign_default_alpha_0_5/FedHAD-results/test3_comunicacao/CIFAR10-Standard/FedHAD__CIFAR10__Mode-STANDARD__Cfg-E1L1F1__Setup-5__Clients-5__Rounds-10__Delay-0_5__Alpha-0_5__Seed-66.txt
alpha-0_5 folder,FedHAD,CIFAR10,0.5,0.5,67,10,5,466.86,1 x NVIDIA RTX A1000,Intel(R) Core(TM) i7-14700,test3_comunicacao,results/main_campaign_default_alpha_0_5/FedHAD-results/test3_comunicacao/CIFAR10-Standard/FedHAD__CIFAR10__Mode-STANDARD__Cfg-E1L1F1__Setup-5__Clients-5__Rounds-10__Delay-0_5__Alpha-0_5__Seed-67.txt
alpha-0_5 folder,FedHAD,CIFAR10,0.5,0.5,68,10,5,469.62,1 x NVIDIA RTX A1000,Intel(R) Core(TM) i7-14700,test3_comunicacao,results/main_campaign_default_alpha_0_5/FedHAD-results/test3_comunicacao/CIFAR10-Standard/FedHAD__CIFAR10__Mode-STANDARD__Cfg-E1L1F1__Setup-5__Clients-5__Rounds-10__Delay-0_5__Alpha-0_5__Seed-68.txt
alpha-0_5 folder,FedHAD,CIFAR10,0.5,0.5,69,10,5,498.08,1 x NVIDIA RTX A1000,Intel(R) Core(TM) i7-14700,test3_comunicacao,results/main_campaign_default_alpha_0_5/FedHAD-results/test3_comunicacao/CIFAR10-Standard/FedHAD__CIFAR10__Mode-STANDARD__Cfg-E1L1F1__Setup-5__Clients-5__Rounds-10__Delay-0_5__Alpha-0_5__Seed-69.txt
alpha-0_5 folder,FedHAD,CIFAR10,0.5,0.5,70,10,5,449.85,1 x NVIDIA RTX A1000,Intel(R) Core(TM) i7-14700,test3_comunicacao,results/main_campaign_default_alpha_0_5/FedHAD-results/test3_comunicacao/CIFAR10-Standard/FedHAD__CIFAR10__Mode-STANDARD__Cfg-E1L1F1__Setup-5__Clients-5__Rounds-10__Delay-0_5__Alpha-0_5__Seed-70.txt
alpha-0_5 folder,FedHAD,CIFAR10,0.5,0.5,71,10,5,467.51,1 x NVIDIA RTX A1000,Intel(R) Core(TM) i7-14700,test3_comunicacao,results/main_campaign_default_alpha_0_5/FedHAD-results/test3_comunicacao/CIFAR10-Standard/FedHAD__CIFAR10__Mode-STANDARD__Cfg-E1L1F1__Setup-5__Clients-5__Rounds-10__Delay-0_5__Alpha-0_5__Seed-71.txt
alpha-0_5 folder,FedHAD,FashionMNIST,0.05,0.5,42,10,5,177.99,1 x NVIDIA RTX A1000,Intel(R) Core(TM) i7-14700,test3_comunicacao,results/main_campaign_default_alpha_0_5/FedHAD-results/test3_comunicacao/FashionMNIST-Standard/FedHAD__FashionMNIST__Mode-STANDARD__Cfg-E1L1F1__Setup-5__Clients-5__Rounds-10__Delay-0_05__Alpha-0_5__Seed-42.txt
alpha-0_5 folder,FedHAD,FashionMNIST,0.05,0.5,43,10,5,190.39,1 x NVIDIA RTX A1000,Intel(R) Core(TM) i7-14700,test3_comunicacao,results/main_campaign_default_alpha_0_5/FedHAD-results/test3_comunicacao/FashionMNIST-Standard/FedHAD__FashionMNIST__Mode-STANDARD__Cfg-E1L1F1__Setup-5__Clients-5__Rounds-10__Delay-0_05__Alpha-0_5__Seed-43.txt
alpha-0_5 folder,FedHAD,FashionMNIST,0.05,0.5,44,10,5,174.39,1 x NVIDIA RTX A1000,Intel(R) Core(TM) i7-14700,test3_comunicacao,results/main_campaign_default_alpha_0_5/FedHAD-results/test3_comunicacao/FashionMNIST-Standard/FedHAD__FashionMNIST__Mode-STANDARD__Cfg-E1L1F1__Setup-5__Clients-5__Rounds-10__Delay-0_05__Alpha-0_5__Seed-44.txt
alpha-0_5 folder,FedHAD,FashionMNIST,0.05,0.5,45,10,5,163.58,1 x NVIDIA RTX A1000,Intel(R) Core(TM) i7-14700,test3_comunicacao,results/main_campaign_default_alpha_0_5/FedHAD-results/test3_comunicacao/FashionMNIST-Standard/FedHAD__FashionMNIST__Mode-STANDARD__Cfg-E1L1F1__Setup-5__Clients-5__Rounds-10__Delay-0_05__Alpha-0_5__Seed-45.txt
alpha-0_5 folder,FedHAD,FashionMNIST,0.05,0.5,46,10,5,203.92,1 x NVIDIA RTX A1000,Intel(R) Core(TM) i7-14700,test3_comunicacao,results/main_campaign_default_alpha_0_5/FedHAD-results/test3_comunicacao/FashionMNIST-Standard/FedHAD__FashionMNIST__Mode-STANDARD__Cfg-E1L1F1__Setup-5__Clients-5__Rounds-10__Delay-0_05__Alpha-0_5__Seed-46.txt
alpha-0_5 folder,FedHAD,FashionMNIST,0.05,0.5,47,10,5,225.51,1 x NVIDIA RTX A1000,Intel(R) Core(TM) i7-14700,test3_comunicacao,results/main_campaign_default_alpha_0_5/FedHAD-results/test3_comunicacao/FashionMNIST-Standard/FedHAD__FashionMNIST__Mode-STANDARD__Cfg-E1L1F1__Setup-5__Clients-5__Rounds-10__Delay-0_05__Alpha-0_5__Seed-47.txt
alpha-0_5 folder,FedHAD,FashionMNIST,0.05,0.5,48,10,5,193.79,1 x NVIDIA RTX A1000,Intel(R) Core(TM) i7-14700,test3_comunicacao,results/main_campaign_default_alpha_0_5/FedHAD-results/test3_comunicacao/FashionMNIST-Standard/FedHAD__FashionMNIST__Mode-STANDARD__Cfg-E1L1F1__Setup-5__Clients-5__Rounds-10__Delay-0_05__Alpha-0_5__Seed-48.txt
alpha-0_5 folder,FedHAD,FashionMNIST,0.05,0.5,49,10,5,169.43,1 x NVIDIA RTX A1000,Intel(R) Core(TM) i7-14700,test3_comunicacao,results/main_campaign_default_alpha_0_5/FedHAD-results/test3_comunicacao/FashionMNIST-Standard/FedHAD__FashionMNIST__Mode-STANDARD__Cfg-E1L1F1__Setup-5__Clients-5__Rounds-10__Delay-0_05__Alpha-0_5__Seed-49.txt
alpha-0_5 folder,FedHAD,FashionMNIST,0.05,0.5,50,10,5,179.71,1 x NVIDIA RTX A1000,Intel(R) Core(TM) i7-14700,test3_comunicacao,results/main_campaign_default_alpha_0_5/FedHAD-results/test3_comunicacao/FashionMNIST-Standard/FedHAD__FashionMNIST__Mode-STANDARD__Cfg-E1L1F1__Setup-5__Clients-5__Rounds-10__Delay-0_05__Alpha-0_5__Seed-50.txt
alpha-0_5 folder,FedHAD,FashionMNIST,0.05,0.5,51,10,5,179.46,1 x NVIDIA RTX A1000,Intel(R) Core(TM) i7-14700,test3_comunicacao,results/main_campaign_default_alpha_0_5/FedHAD-results/test3_comunicacao/FashionMNIST-Standard/FedHAD__FashionMNIST__Mode-STANDARD__Cfg-E1L1F1__Setup-5__Clients-5__Rounds-10__Delay-0_05__Alpha-0_5__Seed-51.txt
alpha-0_5 folder,FedHAD,FashionMNIST,0.05,0.5,52,10,5,168.33,1 x NVIDIA RTX A1000,Intel(R) Core(TM) i7-14700,test3_comunicacao,results/main_campaign_default_alpha_0_5/FedHAD-results/test3_comunicacao/FashionMNIST-Standard/FedHAD__FashionMNIST__Mode-STANDARD__Cfg-E1L1F1__Setup-5__Clients-5__Rounds-10__Delay-0_05__Alpha-0_5__Seed-52.txt
alpha-0_5 folder,FedHAD,FashionMNIST,0.05,0.5,53,10,5,207.64,1 x NVIDIA RTX A1000,Intel(R) Core(TM) i7-14700,test3_comunicacao,results/main_campaign_default_alpha_0_5/FedHAD-results/test3_comunicacao/FashionMNIST-Standard/FedHAD__FashionMNIST__Mode-STANDARD__Cfg-E1L1F1__Setup-5__Clients-5__Rounds-10__Delay-0_05__Alpha-0_5__Seed-53.txt
alpha-0_5 folder,FedHAD,FashionMNIST,0.05,0.5,54,10,5,175.97,1 x NVIDIA RTX A1000,Intel(R) Core(TM) i7-14700,test3_comunicacao,results/main_campaign_default_alpha_0_5/FedHAD-results/test3_comunicacao/FashionMNIST-Standard/FedHAD__FashionMNIST__Mode-STANDARD__Cfg-E1L1F1__Setup-5__Clients-5__Rounds-10__Delay-0_05__Alpha-0_5__Seed-54.txt
alpha-0_5 folder,FedHAD,FashionMNIST,0.05,0.5,55,10,5,175.08,1 x NVIDIA RTX A1000,Intel(R) Core(TM) i7-14700,test3_comunicacao,results/main_campaign_default_alpha_0_5/FedHAD-results/test3_comunicacao/FashionMNIST-Standard/FedHAD__FashionMNIST__Mode-STANDARD__Cfg-E1L1F1__Setup-5__Clients-5__Rounds-10__Delay-0_05__Alpha-0_5__Seed-55.txt
alpha-0_5 folder,FedHAD,FashionMNIST,0.05,0.5,56,10,5,203.99,1 x NVIDIA RTX A1000,Intel(R) Core(TM) i7-14700,test3_comunicacao,results/main_campaign_default_alpha_0_5/FedHAD-results/test3_comunicacao/FashionMNIST-Standard/FedHAD__FashionMNIST__Mode-STANDARD__Cfg-E1L1F1__Setup-5__Clients-5__Rounds-10__Delay-0_05__Alpha-0_5__Seed-56.txt
alpha-0_5 folder,FedHAD,FashionMNIST,0.05,0.5,57,10,5,189.08,1 x NVIDIA RTX A1000,Intel(R) Core(TM) i7-14700,test3_comunicacao,results/main_campaign_default_alpha_0_5/FedHAD-results/test3_comunicacao/FashionMNIST-Standard/FedHAD__FashionMNIST__Mode-STANDARD__Cfg-E1L1F1__Setup-5__Clients-5__Rounds-10__Delay-0_05__Alpha-0_5__Seed-57.txt
alpha-0_5 folder,FedHAD,FashionMNIST,0.05,0.5,58,10,5,177.89,1 x NVIDIA RTX A1000,Intel(R) Core(TM) i7-14700,test3_comunicacao,results/main_campaign_default_alpha_0_5/FedHAD-results/test3_comunicacao/FashionMNIST-Standard/FedHAD__FashionMNIST__Mode-STANDARD__Cfg-E1L1F1__Setup-5__Clients-5__Rounds-10__Delay-0_05__Alpha-0_5__Seed-58.txt
alpha-0_5 folder,FedHAD,FashionMNIST,0.05,0.5,59,10,5,169.77,1 x NVIDIA RTX A1000,Intel(R) Core(TM) i7-14700,test3_comunicacao,results/main_campaign_default_alpha_0_5/FedHAD-results/test3_comunicacao/FashionMNIST-Standard/FedHAD__FashionMNIST__Mode-STANDARD__Cfg-E1L1F1__Setup-5__Clients-5__Rounds-10__Delay-0_05__Alpha-0_5__Seed-59.txt
alpha-0_5 folder,FedHAD,FashionMNIST,0.05,0.5,60,10,5,166.21,1 x NVIDIA RTX A1000,Intel(R) Core(TM) i7-14700,test3_comunicacao,results/main_campaign_default_alpha_0_5/FedHAD-results/test3_comunicacao/FashionMNIST-Standard/FedHAD__FashionMNIST__Mode-STANDARD__Cfg-E1L1F1__Setup-5__Clients-5__Rounds-10__Delay-0_05__Alpha-0_5__Seed-60.txt
alpha-0_5 folder,FedHAD,FashionMNIST,0.05,0.5,61,10,5,170.37,1 x NVIDIA RTX A1000,Intel(R) Core(TM) i7-14700,test3_comunicacao,results/main_campaign_default_alpha_0_5/FedHAD-results/test3_comunicacao/FashionMNIST-Standard/FedHAD__FashionMNIST__Mode-STANDARD__Cfg-E1L1F1__Setup-5__Clients-5__Rounds-10__Delay-0_05__Alpha-0_5__Seed-61.txt
alpha-0_5 folder,FedHAD,FashionMNIST,0.05,0.5,62,10,5,187.89,1 x NVIDIA RTX A1000,Intel(R) Core(TM) i7-14700,test3_comunicacao,results/main_campaign_default_alpha_0_5/FedHAD-results/test3_comunicacao/FashionMNIST-Standard/FedHAD__FashionMNIST__Mode-STANDARD__Cfg-E1L1F1__Setup-5__Clients-5__Rounds-10__Delay-0_05__Alpha-0_5__Seed-62.txt
alpha-0_5 folder,FedHAD,FashionMNIST,0.05,0.5,63,10,5,168.67,1 x NVIDIA RTX A1000,Intel(R) Core(TM) i7-14700,test3_comunicacao,results/main_campaign_default_alpha_0_5/FedHAD-results/test3_comunicacao/FashionMNIST-Standard/FedHAD__FashionMNIST__Mode-STANDARD__Cfg-E1L1F1__Setup-5__Clients-5__Rounds-10__Delay-0_05__Alpha-0_5__Seed-63.txt
alpha-0_5 folder,FedHAD,FashionMNIST,0.05,0.5,64,10,5,177.23,1 x NVIDIA RTX A1000,Intel(R) Core(TM) i7-14700,test3_comunicacao,results/main_campaign_default_alpha_0_5/FedHAD-results/test3_comunicacao/FashionMNIST-Standard/FedHAD__FashionMNIST__Mode-STANDARD__Cfg-E1L1F1__Setup-5__Clients-5__Rounds-10__Delay-0_05__Alpha-0_5__Seed-64.txt
alpha-0_5 folder,FedHAD,FashionMNIST,0.05,0.5,65,10,5,173.92,1 x NVIDIA RTX A1000,Intel(R) Core(TM) i7-14700,test3_comunicacao,results/main_campaign_default_alpha_0_5/FedHAD-results/test3_comunicacao/FashionMNIST-Standard/FedHAD__FashionMNIST__Mode-STANDARD__Cfg-E1L1F1__Setup-5__Clients-5__Rounds-10__Delay-0_05__Alpha-0_5__Seed-65.txt
alpha-0_5 folder,FedHAD,FashionMNIST,0.05,0.5,66,10,5,173.92,1 x NVIDIA RTX A1000,Intel(R) Core(TM) i7-14700,test3_comunicacao,results/main_campaign_default_alpha_0_5/FedHAD-results/test3_comunicacao/FashionMNIST-Standard/FedHAD__FashionMNIST__Mode-STANDARD__Cfg-E1L1F1__Setup-5__Clients-5__Rounds-10__Delay-0_05__Alpha-0_5__Seed-66.txt
alpha-0_5 folder,FedHAD,FashionMNIST,0.05,0.5,67,10,5,177.03,1 x NVIDIA RTX A1000,Intel(R) Core(TM) i7-14700,test3_comunicacao,results/main_campaign_default_alpha_0_5/FedHAD-results/test3_comunicacao/FashionMNIST-Standard/FedHAD__FashionMNIST__Mode-STANDARD__Cfg-E1L1F1__Setup-5__Clients-5__Rounds-10__Delay-0_05__Alpha-0_5__Seed-67.txt
alpha-0_5 folder,FedHAD,FashionMNIST,0.05,0.5,68,10,5,169.68,1 x NVIDIA RTX A1000,Intel(R) Core(TM) i7-14700,test3_comunicacao,results/main_campaign_default_alpha_0_5/FedHAD-results/test3_comunicacao/FashionMNIST-Standard/FedHAD__FashionMNIST__Mode-STANDARD__Cfg-E1L1F1__Setup-5__Clients-5__Rounds-10__Delay-0_05__Alpha-0_5__Seed-68.txt
alpha-0_5 folder,FedHAD,FashionMNIST,0.05,0.5,69,10,5,206.05,1 x NVIDIA RTX A1000,Intel(R) Core(TM) i7-14700,test3_comunicacao,results/main_campaign_default_alpha_0_5/FedHAD-results/test3_comunicacao/FashionMNIST-Standard/FedHAD__FashionMNIST__Mode-STANDARD__Cfg-E1L1F1__Setup-5__Clients-5__Rounds-10__Delay-0_05__Alpha-0_5__Seed-69.txt
alpha-0_5 folder,FedHAD,FashionMNIST,0.05,0.5,70,10,5,166.65,1 x NVIDIA RTX A1000,Intel(R) Core(TM) i7-14700,test3_comunicacao,results/main_campaign_default_alpha_0_5/FedHAD-results/test3_comunicacao/FashionMNIST-Standard/FedHAD__FashionMNIST__Mode-STANDARD__Cfg-E1L1F1__Setup-5__Clients-5__Rounds-10__Delay-0_05__Alpha-0_5__Seed-70.txt
alpha-0_5 folder,FedHAD,FashionMNIST,0.05,0.5,71,10,5,202.57,1 x NVIDIA RTX A1000,Intel(R) Core(TM) i7-14700,test3_comunicacao,results/main_campaign_default_alpha_0_5/FedHAD-results/test3_comunicacao/FashionMNIST-Standard/FedHAD__FashionMNIST__Mode-STANDARD__Cfg-E1L1F1__Setup-5__Clients-5__Rounds-10__Delay-0_05__Alpha-0_5__Seed-71.txt
alpha-0_5 folder,FedHAD,FashionMNIST,0.1,0.5,42,10,5,177.54,1 x NVIDIA RTX A1000,Intel(R) Core(TM) i7-14700,test3_comunicacao,results/main_campaign_default_alpha_0_5/FedHAD-results/test3_comunicacao/FashionMNIST-Standard/FedHAD__FashionMNIST__Mode-STANDARD__Cfg-E1L1F1__Setup-5__Clients-5__Rounds-10__Delay-0_1__Alpha-0_5__Seed-42.txt
alpha-0_5 folder,FedHAD,FashionMNIST,0.1,0.5,43,10,5,189.38,1 x NVIDIA RTX A1000,Intel(R) Core(TM) i7-14700,test3_comunicacao,results/main_campaign_default_alpha_0_5/FedHAD-results/test3_comunicacao/FashionMNIST-Standard/FedHAD__FashionMNIST__Mode-STANDARD__Cfg-E1L1F1__Setup-5__Clients-5__Rounds-10__Delay-0_1__Alpha-0_5__Seed-43.txt
alpha-0_5 folder,FedHAD,FashionMNIST,0.1,0.5,44,10,5,171.15,1 x NVIDIA RTX A1000,Intel(R) Core(TM) i7-14700,test3_comunicacao,results/main_campaign_default_alpha_0_5/FedHAD-results/test3_comunicacao/FashionMNIST-Standard/FedHAD__FashionMNIST__Mode-STANDARD__Cfg-E1L1F1__Setup-5__Clients-5__Rounds-10__Delay-0_1__Alpha-0_5__Seed-44.txt
alpha-0_5 folder,FedHAD,FashionMNIST,0.1,0.5,45,10,5,165.45,1 x NVIDIA RTX A1000,Intel(R) Core(TM) i7-14700,test3_comunicacao,results/main_campaign_default_alpha_0_5/FedHAD-results/test3_comunicacao/FashionMNIST-Standard/FedHAD__FashionMNIST__Mode-STANDARD__Cfg-E1L1F1__Setup-5__Clients-5__Rounds-10__Delay-0_1__Alpha-0_5__Seed-45.txt
alpha-0_5 folder,FedHAD,FashionMNIST,0.1,0.5,46,10,5,205.12,1 x NVIDIA RTX A1000,Intel(R) Core(TM) i7-14700,test3_comunicacao,results/main_campaign_default_alpha_0_5/FedHAD-results/test3_comunicacao/FashionMNIST-Standard/FedHAD__FashionMNIST__Mode-STANDARD__Cfg-E1L1F1__Setup-5__Clients-5__Rounds-10__Delay-0_1__Alpha-0_5__Seed-46.txt
alpha-0_5 folder,FedHAD,FashionMNIST,0.1,0.5,47,10,5,225.90,1 x NVIDIA RTX A1000,Intel(R) Core(TM) i7-14700,test3_comunicacao,results/main_campaign_default_alpha_0_5/FedHAD-results/test3_comunicacao/FashionMNIST-Standard/FedHAD__FashionMNIST__Mode-STANDARD__Cfg-E1L1F1__Setup-5__Clients-5__Rounds-10__Delay-0_1__Alpha-0_5__Seed-47.txt
alpha-0_5 folder,FedHAD,FashionMNIST,0.1,0.5,48,10,5,194.97,1 x NVIDIA RTX A1000,Intel(R) Core(TM) i7-14700,test3_comunicacao,results/main_campaign_default_alpha_0_5/FedHAD-results/test3_comunicacao/FashionMNIST-Standard/FedHAD__FashionMNIST__Mode-STANDARD__Cfg-E1L1F1__Setup-5__Clients-5__Rounds-10__Delay-0_1__Alpha-0_5__Seed-48.txt
alpha-0_5 folder,FedHAD,FashionMNIST,0.1,0.5,49,10,5,172.27,1 x NVIDIA RTX A1000,Intel(R) Core(TM) i7-14700,test3_comunicacao,results/main_campaign_default_alpha_0_5/FedHAD-results/test3_comunicacao/FashionMNIST-Standard/FedHAD__FashionMNIST__Mode-STANDARD__Cfg-E1L1F1__Setup-5__Clients-5__Rounds-10__Delay-0_1__Alpha-0_5__Seed-49.txt
alpha-0_5 folder,FedHAD,FashionMNIST,0.1,0.5,50,10,5,182.69,1 x NVIDIA RTX A1000,Intel(R) Core(TM) i7-14700,test3_comunicacao,results/main_campaign_default_alpha_0_5/FedHAD-results/test3_comunicacao/FashionMNIST-Standard/FedHAD__FashionMNIST__Mode-STANDARD__Cfg-E1L1F1__Setup-5__Clients-5__Rounds-10__Delay-0_1__Alpha-0_5__Seed-50.txt
alpha-0_5 folder,FedHAD,FashionMNIST,0.1,0.5,51,10,5,178.94,1 x NVIDIA RTX A1000,Intel(R) Core(TM) i7-14700,test3_comunicacao,results/main_campaign_default_alpha_0_5/FedHAD-results/test3_comunicacao/FashionMNIST-Standard/FedHAD__FashionMNIST__Mode-STANDARD__Cfg-E1L1F1__Setup-5__Clients-5__Rounds-10__Delay-0_1__Alpha-0_5__Seed-51.txt
alpha-0_5 folder,FedHAD,FashionMNIST,0.1,0.5,52,10,5,170.13,1 x NVIDIA RTX A1000,Intel(R) Core(TM) i7-14700,test3_comunicacao,results/main_campaign_default_alpha_0_5/FedHAD-results/test3_comunicacao/FashionMNIST-Standard/FedHAD__FashionMNIST__Mode-STANDARD__Cfg-E1L1F1__Setup-5__Clients-5__Rounds-10__Delay-0_1__Alpha-0_5__Seed-52.txt
alpha-0_5 folder,FedHAD,FashionMNIST,0.1,0.5,53,10,5,208.58,1 x NVIDIA RTX A1000,Intel(R) Core(TM) i7-14700,test3_comunicacao,results/main_campaign_default_alpha_0_5/FedHAD-results/test3_comunicacao/FashionMNIST-Standard/FedHAD__FashionMNIST__Mode-STANDARD__Cfg-E1L1F1__Setup-5__Clients-5__Rounds-10__Delay-0_1__Alpha-0_5__Seed-53.txt
alpha-0_5 folder,FedHAD,FashionMNIST,0.1,0.5,54,10,5,186.25,1 x NVIDIA RTX A1000,Intel(R) Core(TM) i7-14700,test3_comunicacao,results/main_campaign_default_alpha_0_5/FedHAD-results/test3_comunicacao/FashionMNIST-Standard/FedHAD__FashionMNIST__Mode-STANDARD__Cfg-E1L1F1__Setup-5__Clients-5__Rounds-10__Delay-0_1__Alpha-0_5__Seed-54.txt
alpha-0_5 folder,FedHAD,FashionMNIST,0.1,0.5,55,10,5,177.00,1 x NVIDIA RTX A1000,Intel(R) Core(TM) i7-14700,test3_comunicacao,results/main_campaign_default_alpha_0_5/FedHAD-results/test3_comunicacao/FashionMNIST-Standard/FedHAD__FashionMNIST__Mode-STANDARD__Cfg-E1L1F1__Setup-5__Clients-5__Rounds-10__Delay-0_1__Alpha-0_5__Seed-55.txt
alpha-0_5 folder,FedHAD,FashionMNIST,0.1,0.5,56,10,5,205.98,1 x NVIDIA RTX A1000,Intel(R) Core(TM) i7-14700,test3_comunicacao,results/main_campaign_default_alpha_0_5/FedHAD-results/test3_comunicacao/FashionMNIST-Standard/FedHAD__FashionMNIST__Mode-STANDARD__Cfg-E1L1F1__Setup-5__Clients-5__Rounds-10__Delay-0_1__Alpha-0_5__Seed-56.txt
alpha-0_5 folder,FedHAD,FashionMNIST,0.1,0.5,57,10,5,182.23,1 x NVIDIA RTX A1000,Intel(R) Core(TM) i7-14700,test3_comunicacao,results/main_campaign_default_alpha_0_5/FedHAD-results/test3_comunicacao/FashionMNIST-Standard/FedHAD__FashionMNIST__Mode-STANDARD__Cfg-E1L1F1__Setup-5__Clients-5__Rounds-10__Delay-0_1__Alpha-0_5__Seed-57.txt
alpha-0_5 folder,FedHAD,FashionMNIST,0.1,0.5,58,10,5,178.47,1 x NVIDIA RTX A1000,Intel(R) Core(TM) i7-14700,test3_comunicacao,results/main_campaign_default_alpha_0_5/FedHAD-results/test3_comunicacao/FashionMNIST-Standard/FedHAD__FashionMNIST__Mode-STANDARD__Cfg-E1L1F1__Setup-5__Clients-5__Rounds-10__Delay-0_1__Alpha-0_5__Seed-58.txt
alpha-0_5 folder,FedHAD,FashionMNIST,0.1,0.5,59,10,5,172.90,1 x NVIDIA RTX A1000,Intel(R) Core(TM) i7-14700,test3_comunicacao,results/main_campaign_default_alpha_0_5/FedHAD-results/test3_comunicacao/FashionMNIST-Standard/FedHAD__FashionMNIST__Mode-STANDARD__Cfg-E1L1F1__Setup-5__Clients-5__Rounds-10__Delay-0_1__Alpha-0_5__Seed-59.txt
alpha-0_5 folder,FedHAD,FashionMNIST,0.1,0.5,60,10,5,168.49,1 x NVIDIA RTX A1000,Intel(R) Core(TM) i7-14700,test3_comunicacao,results/main_campaign_default_alpha_0_5/FedHAD-results/test3_comunicacao/FashionMNIST-Standard/FedHAD__FashionMNIST__Mode-STANDARD__Cfg-E1L1F1__Setup-5__Clients-5__Rounds-10__Delay-0_1__Alpha-0_5__Seed-60.txt
alpha-0_5 folder,FedHAD,FashionMNIST,0.1,0.5,61,10,5,172.20,1 x NVIDIA RTX A1000,Intel(R) Core(TM) i7-14700,test3_comunicacao,results/main_campaign_default_alpha_0_5/FedHAD-results/test3_comunicacao/FashionMNIST-Standard/FedHAD__FashionMNIST__Mode-STANDARD__Cfg-E1L1F1__Setup-5__Clients-5__Rounds-10__Delay-0_1__Alpha-0_5__Seed-61.txt
alpha-0_5 folder,FedHAD,FashionMNIST,0.1,0.5,62,10,5,190.36,1 x NVIDIA RTX A1000,Intel(R) Core(TM) i7-14700,test3_comunicacao,results/main_campaign_default_alpha_0_5/FedHAD-results/test3_comunicacao/FashionMNIST-Standard/FedHAD__FashionMNIST__Mode-STANDARD__Cfg-E1L1F1__Setup-5__Clients-5__Rounds-10__Delay-0_1__Alpha-0_5__Seed-62.txt
alpha-0_5 folder,FedHAD,FashionMNIST,0.1,0.5,63,10,5,170.15,1 x NVIDIA RTX A1000,Intel(R) Core(TM) i7-14700,test3_comunicacao,results/main_campaign_default_alpha_0_5/FedHAD-results/test3_comunicacao/FashionMNIST-Standard/FedHAD__FashionMNIST__Mode-STANDARD__Cfg-E1L1F1__Setup-5__Clients-5__Rounds-10__Delay-0_1__Alpha-0_5__Seed-63.txt
alpha-0_5 folder,FedHAD,FashionMNIST,0.1,0.5,64,10,5,176.88,1 x NVIDIA RTX A1000,Intel(R) Core(TM) i7-14700,test3_comunicacao,results/main_campaign_default_alpha_0_5/FedHAD-results/test3_comunicacao/FashionMNIST-Standard/FedHAD__FashionMNIST__Mode-STANDARD__Cfg-E1L1F1__Setup-5__Clients-5__Rounds-10__Delay-0_1__Alpha-0_5__Seed-64.txt
alpha-0_5 folder,FedHAD,FashionMNIST,0.1,0.5,65,10,5,173.71,1 x NVIDIA RTX A1000,Intel(R) Core(TM) i7-14700,test3_comunicacao,results/main_campaign_default_alpha_0_5/FedHAD-results/test3_comunicacao/FashionMNIST-Standard/FedHAD__FashionMNIST__Mode-STANDARD__Cfg-E1L1F1__Setup-5__Clients-5__Rounds-10__Delay-0_1__Alpha-0_5__Seed-65.txt
alpha-0_5 folder,FedHAD,FashionMNIST,0.1,0.5,66,10,5,174.17,1 x NVIDIA RTX A1000,Intel(R) Core(TM) i7-14700,test3_comunicacao,results/main_campaign_default_alpha_0_5/FedHAD-results/test3_comunicacao/FashionMNIST-Standard/FedHAD__FashionMNIST__Mode-STANDARD__Cfg-E1L1F1__Setup-5__Clients-5__Rounds-10__Delay-0_1__Alpha-0_5__Seed-66.txt
alpha-0_5 folder,FedHAD,FashionMNIST,0.1,0.5,67,10,5,178.52,1 x NVIDIA RTX A1000,Intel(R) Core(TM) i7-14700,test3_comunicacao,results/main_campaign_default_alpha_0_5/FedHAD-results/test3_comunicacao/FashionMNIST-Standard/FedHAD__FashionMNIST__Mode-STANDARD__Cfg-E1L1F1__Setup-5__Clients-5__Rounds-10__Delay-0_1__Alpha-0_5__Seed-67.txt
alpha-0_5 folder,FedHAD,FashionMNIST,0.1,0.5,68,10,5,173.10,1 x NVIDIA RTX A1000,Intel(R) Core(TM) i7-14700,test3_comunicacao,results/main_campaign_default_alpha_0_5/FedHAD-results/test3_comunicacao/FashionMNIST-Standard/FedHAD__FashionMNIST__Mode-STANDARD__Cfg-E1L1F1__Setup-5__Clients-5__Rounds-10__Delay-0_1__Alpha-0_5__Seed-68.txt
alpha-0_5 folder,FedHAD,FashionMNIST,0.1,0.5,69,10,5,206.44,1 x NVIDIA RTX A1000,Intel(R) Core(TM) i7-14700,test3_comunicacao,results/main_campaign_default_alpha_0_5/FedHAD-results/test3_comunicacao/FashionMNIST-Standard/FedHAD__FashionMNIST__Mode-STANDARD__Cfg-E1L1F1__Setup-5__Clients-5__Rounds-10__Delay-0_1__Alpha-0_5__Seed-69.txt
alpha-0_5 folder,FedHAD,FashionMNIST,0.1,0.5,70,10,5,166.11,1 x NVIDIA RTX A1000,Intel(R) Core(TM) i7-14700,test3_comunicacao,results/main_campaign_default_alpha_0_5/FedHAD-results/test3_comunicacao/FashionMNIST-Standard/FedHAD__FashionMNIST__Mode-STANDARD__Cfg-E1L1F1__Setup-5__Clients-5__Rounds-10__Delay-0_1__Alpha-0_5__Seed-70.txt
alpha-0_5 folder,FedHAD,FashionMNIST,0.1,0.5,71,10,5,204.52,1 x NVIDIA RTX A1000,Intel(R) Core(TM) i7-14700,test3_comunicacao,results/main_campaign_default_alpha_0_5/FedHAD-results/test3_comunicacao/FashionMNIST-Standard/FedHAD__FashionMNIST__Mode-STANDARD__Cfg-E1L1F1__Setup-5__Clients-5__Rounds-10__Delay-0_1__Alpha-0_5__Seed-71.txt
alpha-0_5 folder,FedHAD,FashionMNIST,0.5,0.5,42,10,5,186.24,1 x NVIDIA RTX A1000,Intel(R) Core(TM) i7-14700,test3_comunicacao,results/main_campaign_default_alpha_0_5/FedHAD-results/test3_comunicacao/FashionMNIST-Standard/FedHAD__FashionMNIST__Mode-STANDARD__Cfg-E1L1F1__Setup-5__Clients-5__Rounds-10__Delay-0_5__Alpha-0_5__Seed-42.txt
alpha-0_5 folder,FedHAD,FashionMNIST,0.5,0.5,43,10,5,200.57,1 x NVIDIA RTX A1000,Intel(R) Core(TM) i7-14700,test3_comunicacao,results/main_campaign_default_alpha_0_5/FedHAD-results/test3_comunicacao/FashionMNIST-Standard/FedHAD__FashionMNIST__Mode-STANDARD__Cfg-E1L1F1__Setup-5__Clients-5__Rounds-10__Delay-0_5__Alpha-0_5__Seed-43.txt
alpha-0_5 folder,FedHAD,FashionMNIST,0.5,0.5,44,10,5,186.15,1 x NVIDIA RTX A1000,Intel(R) Core(TM) i7-14700,test3_comunicacao,results/main_campaign_default_alpha_0_5/FedHAD-results/test3_comunicacao/FashionMNIST-Standard/FedHAD__FashionMNIST__Mode-STANDARD__Cfg-E1L1F1__Setup-5__Clients-5__Rounds-10__Delay-0_5__Alpha-0_5__Seed-44.txt
alpha-0_5 folder,FedHAD,FashionMNIST,0.5,0.5,45,10,5,168.72,1 x NVIDIA RTX A1000,Intel(R) Core(TM) i7-14700,test3_comunicacao,results/main_campaign_default_alpha_0_5/FedHAD-results/test3_comunicacao/FashionMNIST-Standard/FedHAD__FashionMNIST__Mode-STANDARD__Cfg-E1L1F1__Setup-5__Clients-5__Rounds-10__Delay-0_5__Alpha-0_5__Seed-45.txt
alpha-0_5 folder,FedHAD,FashionMNIST,0.5,0.5,46,10,5,214.44,1 x NVIDIA RTX A1000,Intel(R) Core(TM) i7-14700,test3_comunicacao,results/main_campaign_default_alpha_0_5/FedHAD-results/test3_comunicacao/FashionMNIST-Standard/FedHAD__FashionMNIST__Mode-STANDARD__Cfg-E1L1F1__Setup-5__Clients-5__Rounds-10__Delay-0_5__Alpha-0_5__Seed-46.txt
alpha-0_5 folder,FedHAD,FashionMNIST,0.5,0.5,47,10,5,236.21,1 x NVIDIA RTX A1000,Intel(R) Core(TM) i7-14700,test3_comunicacao,results/main_campaign_default_alpha_0_5/FedHAD-results/test3_comunicacao/FashionMNIST-Standard/FedHAD__FashionMNIST__Mode-STANDARD__Cfg-E1L1F1__Setup-5__Clients-5__Rounds-10__Delay-0_5__Alpha-0_5__Seed-47.txt
alpha-0_5 folder,FedHAD,FashionMNIST,0.5,0.5,48,10,5,201.62,1 x NVIDIA RTX A1000,Intel(R) Core(TM) i7-14700,test3_comunicacao,results/main_campaign_default_alpha_0_5/FedHAD-results/test3_comunicacao/FashionMNIST-Standard/FedHAD__FashionMNIST__Mode-STANDARD__Cfg-E1L1F1__Setup-5__Clients-5__Rounds-10__Delay-0_5__Alpha-0_5__Seed-48.txt
alpha-0_5 folder,FedHAD,FashionMNIST,0.5,0.5,49,10,5,179.20,1 x NVIDIA RTX A1000,Intel(R) Core(TM) i7-14700,test3_comunicacao,results/main_campaign_default_alpha_0_5/FedHAD-results/test3_comunicacao/FashionMNIST-Standard/FedHAD__FashionMNIST__Mode-STANDARD__Cfg-E1L1F1__Setup-5__Clients-5__Rounds-10__Delay-0_5__Alpha-0_5__Seed-49.txt
alpha-0_5 folder,FedHAD,FashionMNIST,0.5,0.5,50,10,5,190.66,1 x NVIDIA RTX A1000,Intel(R) Core(TM) i7-14700,test3_comunicacao,results/main_campaign_default_alpha_0_5/FedHAD-results/test3_comunicacao/FashionMNIST-Standard/FedHAD__FashionMNIST__Mode-STANDARD__Cfg-E1L1F1__Setup-5__Clients-5__Rounds-10__Delay-0_5__Alpha-0_5__Seed-50.txt
alpha-0_5 folder,FedHAD,FashionMNIST,0.5,0.5,51,10,5,187.10,1 x NVIDIA RTX A1000,Intel(R) Core(TM) i7-14700,test3_comunicacao,results/main_campaign_default_alpha_0_5/FedHAD-results/test3_comunicacao/FashionMNIST-Standard/FedHAD__FashionMNIST__Mode-STANDARD__Cfg-E1L1F1__Setup-5__Clients-5__Rounds-10__Delay-0_5__Alpha-0_5__Seed-51.txt
alpha-0_5 folder,FedHAD,FashionMNIST,0.5,0.5,52,10,5,177.73,1 x NVIDIA RTX A1000,Intel(R) Core(TM) i7-14700,test3_comunicacao,results/main_campaign_default_alpha_0_5/FedHAD-results/test3_comunicacao/FashionMNIST-Standard/FedHAD__FashionMNIST__Mode-STANDARD__Cfg-E1L1F1__Setup-5__Clients-5__Rounds-10__Delay-0_5__Alpha-0_5__Seed-52.txt
alpha-0_5 folder,FedHAD,FashionMNIST,0.5,0.5,53,10,5,219.33,1 x NVIDIA RTX A1000,Intel(R) Core(TM) i7-14700,test3_comunicacao,results/main_campaign_default_alpha_0_5/FedHAD-results/test3_comunicacao/FashionMNIST-Standard/FedHAD__FashionMNIST__Mode-STANDARD__Cfg-E1L1F1__Setup-5__Clients-5__Rounds-10__Delay-0_5__Alpha-0_5__Seed-53.txt
alpha-0_5 folder,FedHAD,FashionMNIST,0.5,0.5,54,10,5,193.48,1 x NVIDIA RTX A1000,Intel(R) Core(TM) i7-14700,test3_comunicacao,results/main_campaign_default_alpha_0_5/FedHAD-results/test3_comunicacao/FashionMNIST-Standard/FedHAD__FashionMNIST__Mode-STANDARD__Cfg-E1L1F1__Setup-5__Clients-5__Rounds-10__Delay-0_5__Alpha-0_5__Seed-54.txt
alpha-0_5 folder,FedHAD,FashionMNIST,0.5,0.5,55,10,5,188.20,1 x NVIDIA RTX A1000,Intel(R) Core(TM) i7-14700,test3_comunicacao,results/main_campaign_default_alpha_0_5/FedHAD-results/test3_comunicacao/FashionMNIST-Standard/FedHAD__FashionMNIST__Mode-STANDARD__Cfg-E1L1F1__Setup-5__Clients-5__Rounds-10__Delay-0_5__Alpha-0_5__Seed-55.txt
alpha-0_5 folder,FedHAD,FashionMNIST,0.5,0.5,56,10,5,209.83,1 x NVIDIA RTX A1000,Intel(R) Core(TM) i7-14700,test3_comunicacao,results/main_campaign_default_alpha_0_5/FedHAD-results/test3_comunicacao/FashionMNIST-Standard/FedHAD__FashionMNIST__Mode-STANDARD__Cfg-E1L1F1__Setup-5__Clients-5__Rounds-10__Delay-0_5__Alpha-0_5__Seed-56.txt
alpha-0_5 folder,FedHAD,FashionMNIST,0.5,0.5,57,10,5,201.58,1 x NVIDIA RTX A1000,Intel(R) Core(TM) i7-14700,test3_comunicacao,results/main_campaign_default_alpha_0_5/FedHAD-results/test3_comunicacao/FashionMNIST-Standard/FedHAD__FashionMNIST__Mode-STANDARD__Cfg-E1L1F1__Setup-5__Clients-5__Rounds-10__Delay-0_5__Alpha-0_5__Seed-57.txt
alpha-0_5 folder,FedHAD,FashionMNIST,0.5,0.5,58,10,5,187.51,1 x NVIDIA RTX A1000,Intel(R) Core(TM) i7-14700,test3_comunicacao,results/main_campaign_default_alpha_0_5/FedHAD-results/test3_comunicacao/FashionMNIST-Standard/FedHAD__FashionMNIST__Mode-STANDARD__Cfg-E1L1F1__Setup-5__Clients-5__Rounds-10__Delay-0_5__Alpha-0_5__Seed-58.txt
alpha-0_5 folder,FedHAD,FashionMNIST,0.5,0.5,59,10,5,180.99,1 x NVIDIA RTX A1000,Intel(R) Core(TM) i7-14700,test3_comunicacao,results/main_campaign_default_alpha_0_5/FedHAD-results/test3_comunicacao/FashionMNIST-Standard/FedHAD__FashionMNIST__Mode-STANDARD__Cfg-E1L1F1__Setup-5__Clients-5__Rounds-10__Delay-0_5__Alpha-0_5__Seed-59.txt
alpha-0_5 folder,FedHAD,FashionMNIST,0.5,0.5,60,10,5,175.57,1 x NVIDIA RTX A1000,Intel(R) Core(TM) i7-14700,test3_comunicacao,results/main_campaign_default_alpha_0_5/FedHAD-results/test3_comunicacao/FashionMNIST-Standard/FedHAD__FashionMNIST__Mode-STANDARD__Cfg-E1L1F1__Setup-5__Clients-5__Rounds-10__Delay-0_5__Alpha-0_5__Seed-60.txt
alpha-0_5 folder,FedHAD,FashionMNIST,0.5,0.5,61,10,5,179.26,1 x NVIDIA RTX A1000,Intel(R) Core(TM) i7-14700,test3_comunicacao,results/main_campaign_default_alpha_0_5/FedHAD-results/test3_comunicacao/FashionMNIST-Standard/FedHAD__FashionMNIST__Mode-STANDARD__Cfg-E1L1F1__Setup-5__Clients-5__Rounds-10__Delay-0_5__Alpha-0_5__Seed-61.txt
alpha-0_5 folder,FedHAD,FashionMNIST,0.5,0.5,62,10,5,197.71,1 x NVIDIA RTX A1000,Intel(R) Core(TM) i7-14700,test3_comunicacao,results/main_campaign_default_alpha_0_5/FedHAD-results/test3_comunicacao/FashionMNIST-Standard/FedHAD__FashionMNIST__Mode-STANDARD__Cfg-E1L1F1__Setup-5__Clients-5__Rounds-10__Delay-0_5__Alpha-0_5__Seed-62.txt
alpha-0_5 folder,FedHAD,FashionMNIST,0.5,0.5,63,10,5,177.01,1 x NVIDIA RTX A1000,Intel(R) Core(TM) i7-14700,test3_comunicacao,results/main_campaign_default_alpha_0_5/FedHAD-results/test3_comunicacao/FashionMNIST-Standard/FedHAD__FashionMNIST__Mode-STANDARD__Cfg-E1L1F1__Setup-5__Clients-5__Rounds-10__Delay-0_5__Alpha-0_5__Seed-63.txt
alpha-0_5 folder,FedHAD,FashionMNIST,0.5,0.5,64,10,5,185.74,1 x NVIDIA RTX A1000,Intel(R) Core(TM) i7-14700,test3_comunicacao,results/main_campaign_default_alpha_0_5/FedHAD-results/test3_comunicacao/FashionMNIST-Standard/FedHAD__FashionMNIST__Mode-STANDARD__Cfg-E1L1F1__Setup-5__Clients-5__Rounds-10__Delay-0_5__Alpha-0_5__Seed-64.txt
alpha-0_5 folder,FedHAD,FashionMNIST,0.5,0.5,65,10,5,181.66,1 x NVIDIA RTX A1000,Intel(R) Core(TM) i7-14700,test3_comunicacao,results/main_campaign_default_alpha_0_5/FedHAD-results/test3_comunicacao/FashionMNIST-Standard/FedHAD__FashionMNIST__Mode-STANDARD__Cfg-E1L1F1__Setup-5__Clients-5__Rounds-10__Delay-0_5__Alpha-0_5__Seed-65.txt
alpha-0_5 folder,FedHAD,FashionMNIST,0.5,0.5,66,10,5,187.04,1 x NVIDIA RTX A1000,Intel(R) Core(TM) i7-14700,test3_comunicacao,results/main_campaign_default_alpha_0_5/FedHAD-results/test3_comunicacao/FashionMNIST-Standard/FedHAD__FashionMNIST__Mode-STANDARD__Cfg-E1L1F1__Setup-5__Clients-5__Rounds-10__Delay-0_5__Alpha-0_5__Seed-66.txt
alpha-0_5 folder,FedHAD,FashionMNIST,0.5,0.5,67,10,5,183.83,1 x NVIDIA RTX A1000,Intel(R) Core(TM) i7-14700,test3_comunicacao,results/main_campaign_default_alpha_0_5/FedHAD-results/test3_comunicacao/FashionMNIST-Standard/FedHAD__FashionMNIST__Mode-STANDARD__Cfg-E1L1F1__Setup-5__Clients-5__Rounds-10__Delay-0_5__Alpha-0_5__Seed-67.txt
alpha-0_5 folder,FedHAD,FashionMNIST,0.5,0.5,68,10,5,179.55,1 x NVIDIA RTX A1000,Intel(R) Core(TM) i7-14700,test3_comunicacao,results/main_campaign_default_alpha_0_5/FedHAD-results/test3_comunicacao/FashionMNIST-Standard/FedHAD__FashionMNIST__Mode-STANDARD__Cfg-E1L1F1__Setup-5__Clients-5__Rounds-10__Delay-0_5__Alpha-0_5__Seed-68.txt
alpha-0_5 folder,FedHAD,FashionMNIST,0.5,0.5,69,10,5,217.58,1 x NVIDIA RTX A1000,Intel(R) Core(TM) i7-14700,test3_comunicacao,results/main_campaign_default_alpha_0_5/FedHAD-results/test3_comunicacao/FashionMNIST-Standard/FedHAD__FashionMNIST__Mode-STANDARD__Cfg-E1L1F1__Setup-5__Clients-5__Rounds-10__Delay-0_5__Alpha-0_5__Seed-69.txt
alpha-0_5 folder,FedHAD,FashionMNIST,0.5,0.5,70,10,5,174.76,1 x NVIDIA RTX A1000,Intel(R) Core(TM) i7-14700,test3_comunicacao,results/main_campaign_default_alpha_0_5/FedHAD-results/test3_comunicacao/FashionMNIST-Standard/FedHAD__FashionMNIST__Mode-STANDARD__Cfg-E1L1F1__Setup-5__Clients-5__Rounds-10__Delay-0_5__Alpha-0_5__Seed-70.txt
alpha-0_5 folder,FedHAD,FashionMNIST,0.5,0.5,71,10,5,212.60,1 x NVIDIA RTX A1000,Intel(R) Core(TM) i7-14700,test3_comunicacao,results/main_campaign_default_alpha_0_5/FedHAD-results/test3_comunicacao/FashionMNIST-Standard/FedHAD__FashionMNIST__Mode-STANDARD__Cfg-E1L1F1__Setup-5__Clients-5__Rounds-10__Delay-0_5__Alpha-0_5__Seed-71.txt
alpha-0_5 folder,FedHAD,MNIST,0.05,0.5,42,10,5,176.84,1 x NVIDIA RTX A1000,Intel(R) Core(TM) i7-14700,test3_comunicacao,results/main_campaign_default_alpha_0_5/FedHAD-results/test3_comunicacao/MNIST-Standard/FedHAD__MNIST__Mode-STANDARD__Cfg-E1L1F1__Setup-5__Clients-5__Rounds-10__Delay-0_05__Alpha-0_5__Seed-42.txt
alpha-0_5 folder,FedHAD,MNIST,0.05,0.5,43,10,5,191.47,1 x NVIDIA RTX A1000,Intel(R) Core(TM) i7-14700,test3_comunicacao,results/main_campaign_default_alpha_0_5/FedHAD-results/test3_comunicacao/MNIST-Standard/FedHAD__MNIST__Mode-STANDARD__Cfg-E1L1F1__Setup-5__Clients-5__Rounds-10__Delay-0_05__Alpha-0_5__Seed-43.txt
alpha-0_5 folder,FedHAD,MNIST,0.05,0.5,44,10,5,178.25,1 x NVIDIA RTX A1000,Intel(R) Core(TM) i7-14700,test3_comunicacao,results/main_campaign_default_alpha_0_5/FedHAD-results/test3_comunicacao/MNIST-Standard/FedHAD__MNIST__Mode-STANDARD__Cfg-E1L1F1__Setup-5__Clients-5__Rounds-10__Delay-0_05__Alpha-0_5__Seed-44.txt
alpha-0_5 folder,FedHAD,MNIST,0.05,0.5,45,10,5,165.96,1 x NVIDIA RTX A1000,Intel(R) Core(TM) i7-14700,test3_comunicacao,results/main_campaign_default_alpha_0_5/FedHAD-results/test3_comunicacao/MNIST-Standard/FedHAD__MNIST__Mode-STANDARD__Cfg-E1L1F1__Setup-5__Clients-5__Rounds-10__Delay-0_05__Alpha-0_5__Seed-45.txt
alpha-0_5 folder,FedHAD,MNIST,0.05,0.5,46,10,5,197.41,1 x NVIDIA RTX A1000,Intel(R) Core(TM) i7-14700,test3_comunicacao,results/main_campaign_default_alpha_0_5/FedHAD-results/test3_comunicacao/MNIST-Standard/FedHAD__MNIST__Mode-STANDARD__Cfg-E1L1F1__Setup-5__Clients-5__Rounds-10__Delay-0_05__Alpha-0_5__Seed-46.txt
alpha-0_5 folder,FedHAD,MNIST,0.05,0.5,47,10,5,226.16,1 x NVIDIA RTX A1000,Intel(R) Core(TM) i7-14700,test3_comunicacao,results/main_campaign_default_alpha_0_5/FedHAD-results/test3_comunicacao/MNIST-Standard/FedHAD__MNIST__Mode-STANDARD__Cfg-E1L1F1__Setup-5__Clients-5__Rounds-10__Delay-0_05__Alpha-0_5__Seed-47.txt
alpha-0_5 folder,FedHAD,MNIST,0.05,0.5,48,10,5,194.26,1 x NVIDIA RTX A1000,Intel(R) Core(TM) i7-14700,test3_comunicacao,results/main_campaign_default_alpha_0_5/FedHAD-results/test3_comunicacao/MNIST-Standard/FedHAD__MNIST__Mode-STANDARD__Cfg-E1L1F1__Setup-5__Clients-5__Rounds-10__Delay-0_05__Alpha-0_5__Seed-48.txt
alpha-0_5 folder,FedHAD,MNIST,0.05,0.5,49,10,5,171.21,1 x NVIDIA RTX A1000,Intel(R) Core(TM) i7-14700,test3_comunicacao,results/main_campaign_default_alpha_0_5/FedHAD-results/test3_comunicacao/MNIST-Standard/FedHAD__MNIST__Mode-STANDARD__Cfg-E1L1F1__Setup-5__Clients-5__Rounds-10__Delay-0_05__Alpha-0_5__Seed-49.txt
alpha-0_5 folder,FedHAD,MNIST,0.05,0.5,50,10,5,181.11,1 x NVIDIA RTX A1000,Intel(R) Core(TM) i7-14700,test3_comunicacao,results/main_campaign_default_alpha_0_5/FedHAD-results/test3_comunicacao/MNIST-Standard/FedHAD__MNIST__Mode-STANDARD__Cfg-E1L1F1__Setup-5__Clients-5__Rounds-10__Delay-0_05__Alpha-0_5__Seed-50.txt
alpha-0_5 folder,FedHAD,MNIST,0.05,0.5,51,10,5,180.25,1 x NVIDIA RTX A1000,Intel(R) Core(TM) i7-14700,test3_comunicacao,results/main_campaign_default_alpha_0_5/FedHAD-results/test3_comunicacao/MNIST-Standard/FedHAD__MNIST__Mode-STANDARD__Cfg-E1L1F1__Setup-5__Clients-5__Rounds-10__Delay-0_05__Alpha-0_5__Seed-51.txt
alpha-0_5 folder,FedHAD,MNIST,0.05,0.5,52,10,5,167.75,1 x NVIDIA RTX A1000,Intel(R) Core(TM) i7-14700,test3_comunicacao,results/main_campaign_default_alpha_0_5/FedHAD-results/test3_comunicacao/MNIST-Standard/FedHAD__MNIST__Mode-STANDARD__Cfg-E1L1F1__Setup-5__Clients-5__Rounds-10__Delay-0_05__Alpha-0_5__Seed-52.txt
alpha-0_5 folder,FedHAD,MNIST,0.05,0.5,53,10,5,208.79,1 x NVIDIA RTX A1000,Intel(R) Core(TM) i7-14700,test3_comunicacao,results/main_campaign_default_alpha_0_5/FedHAD-results/test3_comunicacao/MNIST-Standard/FedHAD__MNIST__Mode-STANDARD__Cfg-E1L1F1__Setup-5__Clients-5__Rounds-10__Delay-0_05__Alpha-0_5__Seed-53.txt
alpha-0_5 folder,FedHAD,MNIST,0.05,0.5,54,10,5,187.78,1 x NVIDIA RTX A1000,Intel(R) Core(TM) i7-14700,test3_comunicacao,results/main_campaign_default_alpha_0_5/FedHAD-results/test3_comunicacao/MNIST-Standard/FedHAD__MNIST__Mode-STANDARD__Cfg-E1L1F1__Setup-5__Clients-5__Rounds-10__Delay-0_05__Alpha-0_5__Seed-54.txt
alpha-0_5 folder,FedHAD,MNIST,0.05,0.5,55,10,5,180.58,1 x NVIDIA RTX A1000,Intel(R) Core(TM) i7-14700,test3_comunicacao,results/main_campaign_default_alpha_0_5/FedHAD-results/test3_comunicacao/MNIST-Standard/FedHAD__MNIST__Mode-STANDARD__Cfg-E1L1F1__Setup-5__Clients-5__Rounds-10__Delay-0_05__Alpha-0_5__Seed-55.txt
alpha-0_5 folder,FedHAD,MNIST,0.05,0.5,56,10,5,201.81,1 x NVIDIA RTX A1000,Intel(R) Core(TM) i7-14700,test3_comunicacao,results/main_campaign_default_alpha_0_5/FedHAD-results/test3_comunicacao/MNIST-Standard/FedHAD__MNIST__Mode-STANDARD__Cfg-E1L1F1__Setup-5__Clients-5__Rounds-10__Delay-0_05__Alpha-0_5__Seed-56.txt
alpha-0_5 folder,FedHAD,MNIST,0.05,0.5,57,10,5,186.97,1 x NVIDIA RTX A1000,Intel(R) Core(TM) i7-14700,test3_comunicacao,results/main_campaign_default_alpha_0_5/FedHAD-results/test3_comunicacao/MNIST-Standard/FedHAD__MNIST__Mode-STANDARD__Cfg-E1L1F1__Setup-5__Clients-5__Rounds-10__Delay-0_05__Alpha-0_5__Seed-57.txt
alpha-0_5 folder,FedHAD,MNIST,0.05,0.5,58,10,5,177.52,1 x NVIDIA RTX A1000,Intel(R) Core(TM) i7-14700,test3_comunicacao,results/main_campaign_default_alpha_0_5/FedHAD-results/test3_comunicacao/MNIST-Standard/FedHAD__MNIST__Mode-STANDARD__Cfg-E1L1F1__Setup-5__Clients-5__Rounds-10__Delay-0_05__Alpha-0_5__Seed-58.txt
alpha-0_5 folder,FedHAD,MNIST,0.05,0.5,59,10,5,168.81,1 x NVIDIA RTX A1000,Intel(R) Core(TM) i7-14700,test3_comunicacao,results/main_campaign_default_alpha_0_5/FedHAD-results/test3_comunicacao/MNIST-Standard/FedHAD__MNIST__Mode-STANDARD__Cfg-E1L1F1__Setup-5__Clients-5__Rounds-10__Delay-0_05__Alpha-0_5__Seed-59.txt
alpha-0_5 folder,FedHAD,MNIST,0.05,0.5,60,10,5,167.59,1 x NVIDIA RTX A1000,Intel(R) Core(TM) i7-14700,test3_comunicacao,results/main_campaign_default_alpha_0_5/FedHAD-results/test3_comunicacao/MNIST-Standard/FedHAD__MNIST__Mode-STANDARD__Cfg-E1L1F1__Setup-5__Clients-5__Rounds-10__Delay-0_05__Alpha-0_5__Seed-60.txt
alpha-0_5 folder,FedHAD,MNIST,0.05,0.5,61,10,5,169.65,1 x NVIDIA RTX A1000,Intel(R) Core(TM) i7-14700,test3_comunicacao,results/main_campaign_default_alpha_0_5/FedHAD-results/test3_comunicacao/MNIST-Standard/FedHAD__MNIST__Mode-STANDARD__Cfg-E1L1F1__Setup-5__Clients-5__Rounds-10__Delay-0_05__Alpha-0_5__Seed-61.txt
alpha-0_5 folder,FedHAD,MNIST,0.05,0.5,62,10,5,190.54,1 x NVIDIA RTX A1000,Intel(R) Core(TM) i7-14700,test3_comunicacao,results/main_campaign_default_alpha_0_5/FedHAD-results/test3_comunicacao/MNIST-Standard/FedHAD__MNIST__Mode-STANDARD__Cfg-E1L1F1__Setup-5__Clients-5__Rounds-10__Delay-0_05__Alpha-0_5__Seed-62.txt
alpha-0_5 folder,FedHAD,MNIST,0.05,0.5,63,10,5,167.34,1 x NVIDIA RTX A1000,Intel(R) Core(TM) i7-14700,test3_comunicacao,results/main_campaign_default_alpha_0_5/FedHAD-results/test3_comunicacao/MNIST-Standard/FedHAD__MNIST__Mode-STANDARD__Cfg-E1L1F1__Setup-5__Clients-5__Rounds-10__Delay-0_05__Alpha-0_5__Seed-63.txt
alpha-0_5 folder,FedHAD,MNIST,0.05,0.5,64,10,5,175.50,1 x NVIDIA RTX A1000,Intel(R) Core(TM) i7-14700,test3_comunicacao,results/main_campaign_default_alpha_0_5/FedHAD-results/test3_comunicacao/MNIST-Standard/FedHAD__MNIST__Mode-STANDARD__Cfg-E1L1F1__Setup-5__Clients-5__Rounds-10__Delay-0_05__Alpha-0_5__Seed-64.txt
alpha-0_5 folder,FedHAD,MNIST,0.05,0.5,65,10,5,174.74,1 x NVIDIA RTX A1000,Intel(R) Core(TM) i7-14700,test3_comunicacao,results/main_campaign_default_alpha_0_5/FedHAD-results/test3_comunicacao/MNIST-Standard/FedHAD__MNIST__Mode-STANDARD__Cfg-E1L1F1__Setup-5__Clients-5__Rounds-10__Delay-0_05__Alpha-0_5__Seed-65.txt
alpha-0_5 folder,FedHAD,MNIST,0.05,0.5,66,10,5,172.17,1 x NVIDIA RTX A1000,Intel(R) Core(TM) i7-14700,test3_comunicacao,results/main_campaign_default_alpha_0_5/FedHAD-results/test3_comunicacao/MNIST-Standard/FedHAD__MNIST__Mode-STANDARD__Cfg-E1L1F1__Setup-5__Clients-5__Rounds-10__Delay-0_05__Alpha-0_5__Seed-66.txt
alpha-0_5 folder,FedHAD,MNIST,0.05,0.5,67,10,5,180.05,1 x NVIDIA RTX A1000,Intel(R) Core(TM) i7-14700,test3_comunicacao,results/main_campaign_default_alpha_0_5/FedHAD-results/test3_comunicacao/MNIST-Standard/FedHAD__MNIST__Mode-STANDARD__Cfg-E1L1F1__Setup-5__Clients-5__Rounds-10__Delay-0_05__Alpha-0_5__Seed-67.txt
alpha-0_5 folder,FedHAD,MNIST,0.05,0.5,68,10,5,173.41,1 x NVIDIA RTX A1000,Intel(R) Core(TM) i7-14700,test3_comunicacao,results/main_campaign_default_alpha_0_5/FedHAD-results/test3_comunicacao/MNIST-Standard/FedHAD__MNIST__Mode-STANDARD__Cfg-E1L1F1__Setup-5__Clients-5__Rounds-10__Delay-0_05__Alpha-0_5__Seed-68.txt
alpha-0_5 folder,FedHAD,MNIST,0.05,0.5,69,10,5,208.70,1 x NVIDIA RTX A1000,Intel(R) Core(TM) i7-14700,test3_comunicacao,results/main_campaign_default_alpha_0_5/FedHAD-results/test3_comunicacao/MNIST-Standard/FedHAD__MNIST__Mode-STANDARD__Cfg-E1L1F1__Setup-5__Clients-5__Rounds-10__Delay-0_05__Alpha-0_5__Seed-69.txt
alpha-0_5 folder,FedHAD,MNIST,0.05,0.5,70,10,5,166.02,1 x NVIDIA RTX A1000,Intel(R) Core(TM) i7-14700,test3_comunicacao,results/main_campaign_default_alpha_0_5/FedHAD-results/test3_comunicacao/MNIST-Standard/FedHAD__MNIST__Mode-STANDARD__Cfg-E1L1F1__Setup-5__Clients-5__Rounds-10__Delay-0_05__Alpha-0_5__Seed-70.txt
alpha-0_5 folder,FedHAD,MNIST,0.05,0.5,71,10,5,202.66,1 x NVIDIA RTX A1000,Intel(R) Core(TM) i7-14700,test3_comunicacao,results/main_campaign_default_alpha_0_5/FedHAD-results/test3_comunicacao/MNIST-Standard/FedHAD__MNIST__Mode-STANDARD__Cfg-E1L1F1__Setup-5__Clients-5__Rounds-10__Delay-0_05__Alpha-0_5__Seed-71.txt
alpha-0_5 folder,FedHAD,MNIST,0.1,0.5,42,10,5,174.64,1 x NVIDIA RTX A1000,Intel(R) Core(TM) i7-14700,test3_comunicacao,results/main_campaign_default_alpha_0_5/FedHAD-results/test3_comunicacao/MNIST-Standard/FedHAD__MNIST__Mode-STANDARD__Cfg-E1L1F1__Setup-5__Clients-5__Rounds-10__Delay-0_1__Alpha-0_5__Seed-42.txt
alpha-0_5 folder,FedHAD,MNIST,0.1,0.5,43,10,5,190.75,1 x NVIDIA RTX A1000,Intel(R) Core(TM) i7-14700,test3_comunicacao,results/main_campaign_default_alpha_0_5/FedHAD-results/test3_comunicacao/MNIST-Standard/FedHAD__MNIST__Mode-STANDARD__Cfg-E1L1F1__Setup-5__Clients-5__Rounds-10__Delay-0_1__Alpha-0_5__Seed-43.txt
alpha-0_5 folder,FedHAD,MNIST,0.1,0.5,44,10,5,177.63,1 x NVIDIA RTX A1000,Intel(R) Core(TM) i7-14700,test3_comunicacao,results/main_campaign_default_alpha_0_5/FedHAD-results/test3_comunicacao/MNIST-Standard/FedHAD__MNIST__Mode-STANDARD__Cfg-E1L1F1__Setup-5__Clients-5__Rounds-10__Delay-0_1__Alpha-0_5__Seed-44.txt
alpha-0_5 folder,FedHAD,MNIST,0.1,0.5,45,10,5,166.48,1 x NVIDIA RTX A1000,Intel(R) Core(TM) i7-14700,test3_comunicacao,results/main_campaign_default_alpha_0_5/FedHAD-results/test3_comunicacao/MNIST-Standard/FedHAD__MNIST__Mode-STANDARD__Cfg-E1L1F1__Setup-5__Clients-5__Rounds-10__Delay-0_1__Alpha-0_5__Seed-45.txt
alpha-0_5 folder,FedHAD,MNIST,0.1,0.5,46,10,5,200.23,1 x NVIDIA RTX A1000,Intel(R) Core(TM) i7-14700,test3_comunicacao,results/main_campaign_default_alpha_0_5/FedHAD-results/test3_comunicacao/MNIST-Standard/FedHAD__MNIST__Mode-STANDARD__Cfg-E1L1F1__Setup-5__Clients-5__Rounds-10__Delay-0_1__Alpha-0_5__Seed-46.txt
alpha-0_5 folder,FedHAD,MNIST,0.1,0.5,47,10,5,225.21,1 x NVIDIA RTX A1000,Intel(R) Core(TM) i7-14700,test3_comunicacao,results/main_campaign_default_alpha_0_5/FedHAD-results/test3_comunicacao/MNIST-Standard/FedHAD__MNIST__Mode-STANDARD__Cfg-E1L1F1__Setup-5__Clients-5__Rounds-10__Delay-0_1__Alpha-0_5__Seed-47.txt
alpha-0_5 folder,FedHAD,MNIST,0.1,0.5,48,10,5,192.51,1 x NVIDIA RTX A1000,Intel(R) Core(TM) i7-14700,test3_comunicacao,results/main_campaign_default_alpha_0_5/FedHAD-results/test3_comunicacao/MNIST-Standard/FedHAD__MNIST__Mode-STANDARD__Cfg-E1L1F1__Setup-5__Clients-5__Rounds-10__Delay-0_1__Alpha-0_5__Seed-48.txt
alpha-0_5 folder,FedHAD,MNIST,0.1,0.5,49,10,5,173.69,1 x NVIDIA RTX A1000,Intel(R) Core(TM) i7-14700,test3_comunicacao,results/main_campaign_default_alpha_0_5/FedHAD-results/test3_comunicacao/MNIST-Standard/FedHAD__MNIST__Mode-STANDARD__Cfg-E1L1F1__Setup-5__Clients-5__Rounds-10__Delay-0_1__Alpha-0_5__Seed-49.txt
alpha-0_5 folder,FedHAD,MNIST,0.1,0.5,50,10,5,182.53,1 x NVIDIA RTX A1000,Intel(R) Core(TM) i7-14700,test3_comunicacao,results/main_campaign_default_alpha_0_5/FedHAD-results/test3_comunicacao/MNIST-Standard/FedHAD__MNIST__Mode-STANDARD__Cfg-E1L1F1__Setup-5__Clients-5__Rounds-10__Delay-0_1__Alpha-0_5__Seed-50.txt
alpha-0_5 folder,FedHAD,MNIST,0.1,0.5,51,10,5,180.69,1 x NVIDIA RTX A1000,Intel(R) Core(TM) i7-14700,test3_comunicacao,results/main_campaign_default_alpha_0_5/FedHAD-results/test3_comunicacao/MNIST-Standard/FedHAD__MNIST__Mode-STANDARD__Cfg-E1L1F1__Setup-5__Clients-5__Rounds-10__Delay-0_1__Alpha-0_5__Seed-51.txt
alpha-0_5 folder,FedHAD,MNIST,0.1,0.5,52,10,5,169.20,1 x NVIDIA RTX A1000,Intel(R) Core(TM) i7-14700,test3_comunicacao,results/main_campaign_default_alpha_0_5/FedHAD-results/test3_comunicacao/MNIST-Standard/FedHAD__MNIST__Mode-STANDARD__Cfg-E1L1F1__Setup-5__Clients-5__Rounds-10__Delay-0_1__Alpha-0_5__Seed-52.txt
alpha-0_5 folder,FedHAD,MNIST,0.1,0.5,53,10,5,212.14,1 x NVIDIA RTX A1000,Intel(R) Core(TM) i7-14700,test3_comunicacao,results/main_campaign_default_alpha_0_5/FedHAD-results/test3_comunicacao/MNIST-Standard/FedHAD__MNIST__Mode-STANDARD__Cfg-E1L1F1__Setup-5__Clients-5__Rounds-10__Delay-0_1__Alpha-0_5__Seed-53.txt
alpha-0_5 folder,FedHAD,MNIST,0.1,0.5,54,10,5,188.12,1 x NVIDIA RTX A1000,Intel(R) Core(TM) i7-14700,test3_comunicacao,results/main_campaign_default_alpha_0_5/FedHAD-results/test3_comunicacao/MNIST-Standard/FedHAD__MNIST__Mode-STANDARD__Cfg-E1L1F1__Setup-5__Clients-5__Rounds-10__Delay-0_1__Alpha-0_5__Seed-54.txt
alpha-0_5 folder,FedHAD,MNIST,0.1,0.5,55,10,5,181.11,1 x NVIDIA RTX A1000,Intel(R) Core(TM) i7-14700,test3_comunicacao,results/main_campaign_default_alpha_0_5/FedHAD-results/test3_comunicacao/MNIST-Standard/FedHAD__MNIST__Mode-STANDARD__Cfg-E1L1F1__Setup-5__Clients-5__Rounds-10__Delay-0_1__Alpha-0_5__Seed-55.txt
alpha-0_5 folder,FedHAD,MNIST,0.1,0.5,56,10,5,205.82,1 x NVIDIA RTX A1000,Intel(R) Core(TM) i7-14700,test3_comunicacao,results/main_campaign_default_alpha_0_5/FedHAD-results/test3_comunicacao/MNIST-Standard/FedHAD__MNIST__Mode-STANDARD__Cfg-E1L1F1__Setup-5__Clients-5__Rounds-10__Delay-0_1__Alpha-0_5__Seed-56.txt
alpha-0_5 folder,FedHAD,MNIST,0.1,0.5,57,10,5,189.10,1 x NVIDIA RTX A1000,Intel(R) Core(TM) i7-14700,test3_comunicacao,results/main_campaign_default_alpha_0_5/FedHAD-results/test3_comunicacao/MNIST-Standard/FedHAD__MNIST__Mode-STANDARD__Cfg-E1L1F1__Setup-5__Clients-5__Rounds-10__Delay-0_1__Alpha-0_5__Seed-57.txt
alpha-0_5 folder,FedHAD,MNIST,0.1,0.5,58,10,5,177.91,1 x NVIDIA RTX A1000,Intel(R) Core(TM) i7-14700,test3_comunicacao,results/main_campaign_default_alpha_0_5/FedHAD-results/test3_comunicacao/MNIST-Standard/FedHAD__MNIST__Mode-STANDARD__Cfg-E1L1F1__Setup-5__Clients-5__Rounds-10__Delay-0_1__Alpha-0_5__Seed-58.txt
alpha-0_5 folder,FedHAD,MNIST,0.1,0.5,59,10,5,170.91,1 x NVIDIA RTX A1000,Intel(R) Core(TM) i7-14700,test3_comunicacao,results/main_campaign_default_alpha_0_5/FedHAD-results/test3_comunicacao/MNIST-Standard/FedHAD__MNIST__Mode-STANDARD__Cfg-E1L1F1__Setup-5__Clients-5__Rounds-10__Delay-0_1__Alpha-0_5__Seed-59.txt
alpha-0_5 folder,FedHAD,MNIST,0.1,0.5,60,10,5,168.60,1 x NVIDIA RTX A1000,Intel(R) Core(TM) i7-14700,test3_comunicacao,results/main_campaign_default_alpha_0_5/FedHAD-results/test3_comunicacao/MNIST-Standard/FedHAD__MNIST__Mode-STANDARD__Cfg-E1L1F1__Setup-5__Clients-5__Rounds-10__Delay-0_1__Alpha-0_5__Seed-60.txt
alpha-0_5 folder,FedHAD,MNIST,0.1,0.5,61,10,5,170.67,1 x NVIDIA RTX A1000,Intel(R) Core(TM) i7-14700,test3_comunicacao,results/main_campaign_default_alpha_0_5/FedHAD-results/test3_comunicacao/MNIST-Standard/FedHAD__MNIST__Mode-STANDARD__Cfg-E1L1F1__Setup-5__Clients-5__Rounds-10__Delay-0_1__Alpha-0_5__Seed-61.txt
alpha-0_5 folder,FedHAD,MNIST,0.1,0.5,62,10,5,194.31,1 x NVIDIA RTX A1000,Intel(R) Core(TM) i7-14700,test3_comunicacao,results/main_campaign_default_alpha_0_5/FedHAD-results/test3_comunicacao/MNIST-Standard/FedHAD__MNIST__Mode-STANDARD__Cfg-E1L1F1__Setup-5__Clients-5__Rounds-10__Delay-0_1__Alpha-0_5__Seed-62.txt
alpha-0_5 folder,FedHAD,MNIST,0.1,0.5,63,10,5,168.28,1 x NVIDIA RTX A1000,Intel(R) Core(TM) i7-14700,test3_comunicacao,results/main_campaign_default_alpha_0_5/FedHAD-results/test3_comunicacao/MNIST-Standard/FedHAD__MNIST__Mode-STANDARD__Cfg-E1L1F1__Setup-5__Clients-5__Rounds-10__Delay-0_1__Alpha-0_5__Seed-63.txt
alpha-0_5 folder,FedHAD,MNIST,0.1,0.5,64,10,5,179.22,1 x NVIDIA RTX A1000,Intel(R) Core(TM) i7-14700,test3_comunicacao,results/main_campaign_default_alpha_0_5/FedHAD-results/test3_comunicacao/MNIST-Standard/FedHAD__MNIST__Mode-STANDARD__Cfg-E1L1F1__Setup-5__Clients-5__Rounds-10__Delay-0_1__Alpha-0_5__Seed-64.txt
alpha-0_5 folder,FedHAD,MNIST,0.1,0.5,65,10,5,176.97,1 x NVIDIA RTX A1000,Intel(R) Core(TM) i7-14700,test3_comunicacao,results/main_campaign_default_alpha_0_5/FedHAD-results/test3_comunicacao/MNIST-Standard/FedHAD__MNIST__Mode-STANDARD__Cfg-E1L1F1__Setup-5__Clients-5__Rounds-10__Delay-0_1__Alpha-0_5__Seed-65.txt
alpha-0_5 folder,FedHAD,MNIST,0.1,0.5,66,10,5,173.80,1 x NVIDIA RTX A1000,Intel(R) Core(TM) i7-14700,test3_comunicacao,results/main_campaign_default_alpha_0_5/FedHAD-results/test3_comunicacao/MNIST-Standard/FedHAD__MNIST__Mode-STANDARD__Cfg-E1L1F1__Setup-5__Clients-5__Rounds-10__Delay-0_1__Alpha-0_5__Seed-66.txt
alpha-0_5 folder,FedHAD,MNIST,0.1,0.5,67,10,5,179.86,1 x NVIDIA RTX A1000,Intel(R) Core(TM) i7-14700,test3_comunicacao,results/main_campaign_default_alpha_0_5/FedHAD-results/test3_comunicacao/MNIST-Standard/FedHAD__MNIST__Mode-STANDARD__Cfg-E1L1F1__Setup-5__Clients-5__Rounds-10__Delay-0_1__Alpha-0_5__Seed-67.txt
alpha-0_5 folder,FedHAD,MNIST,0.1,0.5,68,10,5,174.28,1 x NVIDIA RTX A1000,Intel(R) Core(TM) i7-14700,test3_comunicacao,results/main_campaign_default_alpha_0_5/FedHAD-results/test3_comunicacao/MNIST-Standard/FedHAD__MNIST__Mode-STANDARD__Cfg-E1L1F1__Setup-5__Clients-5__Rounds-10__Delay-0_1__Alpha-0_5__Seed-68.txt
alpha-0_5 folder,FedHAD,MNIST,0.1,0.5,69,10,5,209.78,1 x NVIDIA RTX A1000,Intel(R) Core(TM) i7-14700,test3_comunicacao,results/main_campaign_default_alpha_0_5/FedHAD-results/test3_comunicacao/MNIST-Standard/FedHAD__MNIST__Mode-STANDARD__Cfg-E1L1F1__Setup-5__Clients-5__Rounds-10__Delay-0_1__Alpha-0_5__Seed-69.txt
alpha-0_5 folder,FedHAD,MNIST,0.1,0.5,70,10,5,168.67,1 x NVIDIA RTX A1000,Intel(R) Core(TM) i7-14700,test3_comunicacao,results/main_campaign_default_alpha_0_5/FedHAD-results/test3_comunicacao/MNIST-Standard/FedHAD__MNIST__Mode-STANDARD__Cfg-E1L1F1__Setup-5__Clients-5__Rounds-10__Delay-0_1__Alpha-0_5__Seed-70.txt
alpha-0_5 folder,FedHAD,MNIST,0.1,0.5,71,10,5,204.15,1 x NVIDIA RTX A1000,Intel(R) Core(TM) i7-14700,test3_comunicacao,results/main_campaign_default_alpha_0_5/FedHAD-results/test3_comunicacao/MNIST-Standard/FedHAD__MNIST__Mode-STANDARD__Cfg-E1L1F1__Setup-5__Clients-5__Rounds-10__Delay-0_1__Alpha-0_5__Seed-71.txt
alpha-0_5 folder,FedHAD,MNIST,0.5,0.5,42,10,5,185.97,1 x NVIDIA RTX A1000,Intel(R) Core(TM) i7-14700,test3_comunicacao,results/main_campaign_default_alpha_0_5/FedHAD-results/test3_comunicacao/MNIST-Standard/FedHAD__MNIST__Mode-STANDARD__Cfg-E1L1F1__Setup-5__Clients-5__Rounds-10__Delay-0_5__Alpha-0_5__Seed-42.txt
alpha-0_5 folder,FedHAD,MNIST,0.5,0.5,43,10,5,201.89,1 x NVIDIA RTX A1000,Intel(R) Core(TM) i7-14700,test3_comunicacao,results/main_campaign_default_alpha_0_5/FedHAD-results/test3_comunicacao/MNIST-Standard/FedHAD__MNIST__Mode-STANDARD__Cfg-E1L1F1__Setup-5__Clients-5__Rounds-10__Delay-0_5__Alpha-0_5__Seed-43.txt
alpha-0_5 folder,FedHAD,MNIST,0.5,0.5,44,10,5,186.90,1 x NVIDIA RTX A1000,Intel(R) Core(TM) i7-14700,test3_comunicacao,results/main_campaign_default_alpha_0_5/FedHAD-results/test3_comunicacao/MNIST-Standard/FedHAD__MNIST__Mode-STANDARD__Cfg-E1L1F1__Setup-5__Clients-5__Rounds-10__Delay-0_5__Alpha-0_5__Seed-44.txt
alpha-0_5 folder,FedHAD,MNIST,0.5,0.5,45,10,5,178.10,1 x NVIDIA RTX A1000,Intel(R) Core(TM) i7-14700,test3_comunicacao,results/main_campaign_default_alpha_0_5/FedHAD-results/test3_comunicacao/MNIST-Standard/FedHAD__MNIST__Mode-STANDARD__Cfg-E1L1F1__Setup-5__Clients-5__Rounds-10__Delay-0_5__Alpha-0_5__Seed-45.txt
alpha-0_5 folder,FedHAD,MNIST,0.5,0.5,46,10,5,208.11,1 x NVIDIA RTX A1000,Intel(R) Core(TM) i7-14700,test3_comunicacao,results/main_campaign_default_alpha_0_5/FedHAD-results/test3_comunicacao/MNIST-Standard/FedHAD__MNIST__Mode-STANDARD__Cfg-E1L1F1__Setup-5__Clients-5__Rounds-10__Delay-0_5__Alpha-0_5__Seed-46.txt
alpha-0_5 folder,FedHAD,MNIST,0.5,0.5,47,10,5,237.68,1 x NVIDIA RTX A1000,Intel(R) Core(TM) i7-14700,test3_comunicacao,results/main_campaign_default_alpha_0_5/FedHAD-results/test3_comunicacao/MNIST-Standard/FedHAD__MNIST__Mode-STANDARD__Cfg-E1L1F1__Setup-5__Clients-5__Rounds-10__Delay-0_5__Alpha-0_5__Seed-47.txt
alpha-0_5 folder,FedHAD,MNIST,0.5,0.5,48,10,5,203.67,1 x NVIDIA RTX A1000,Intel(R) Core(TM) i7-14700,test3_comunicacao,results/main_campaign_default_alpha_0_5/FedHAD-results/test3_comunicacao/MNIST-Standard/FedHAD__MNIST__Mode-STANDARD__Cfg-E1L1F1__Setup-5__Clients-5__Rounds-10__Delay-0_5__Alpha-0_5__Seed-48.txt
alpha-0_5 folder,FedHAD,MNIST,0.5,0.5,49,10,5,182.42,1 x NVIDIA RTX A1000,Intel(R) Core(TM) i7-14700,test3_comunicacao,results/main_campaign_default_alpha_0_5/FedHAD-results/test3_comunicacao/MNIST-Standard/FedHAD__MNIST__Mode-STANDARD__Cfg-E1L1F1__Setup-5__Clients-5__Rounds-10__Delay-0_5__Alpha-0_5__Seed-49.txt
alpha-0_5 folder,FedHAD,MNIST,0.5,0.5,50,10,5,192.36,1 x NVIDIA RTX A1000,Intel(R) Core(TM) i7-14700,test3_comunicacao,results/main_campaign_default_alpha_0_5/FedHAD-results/test3_comunicacao/MNIST-Standard/FedHAD__MNIST__Mode-STANDARD__Cfg-E1L1F1__Setup-5__Clients-5__Rounds-10__Delay-0_5__Alpha-0_5__Seed-50.txt
alpha-0_5 folder,FedHAD,MNIST,0.5,0.5,51,10,5,188.49,1 x NVIDIA RTX A1000,Intel(R) Core(TM) i7-14700,test3_comunicacao,results/main_campaign_default_alpha_0_5/FedHAD-results/test3_comunicacao/MNIST-Standard/FedHAD__MNIST__Mode-STANDARD__Cfg-E1L1F1__Setup-5__Clients-5__Rounds-10__Delay-0_5__Alpha-0_5__Seed-51.txt
alpha-0_5 folder,FedHAD,MNIST,0.5,0.5,52,10,5,178.21,1 x NVIDIA RTX A1000,Intel(R) Core(TM) i7-14700,test3_comunicacao,results/main_campaign_default_alpha_0_5/FedHAD-results/test3_comunicacao/MNIST-Standard/FedHAD__MNIST__Mode-STANDARD__Cfg-E1L1F1__Setup-5__Clients-5__Rounds-10__Delay-0_5__Alpha-0_5__Seed-52.txt
alpha-0_5 folder,FedHAD,MNIST,0.5,0.5,53,10,5,217.00,1 x NVIDIA RTX A1000,Intel(R) Core(TM) i7-14700,test3_comunicacao,results/main_campaign_default_alpha_0_5/FedHAD-results/test3_comunicacao/MNIST-Standard/FedHAD__MNIST__Mode-STANDARD__Cfg-E1L1F1__Setup-5__Clients-5__Rounds-10__Delay-0_5__Alpha-0_5__Seed-53.txt
alpha-0_5 folder,FedHAD,MNIST,0.5,0.5,54,10,5,196.08,1 x NVIDIA RTX A1000,Intel(R) Core(TM) i7-14700,test3_comunicacao,results/main_campaign_default_alpha_0_5/FedHAD-results/test3_comunicacao/MNIST-Standard/FedHAD__MNIST__Mode-STANDARD__Cfg-E1L1F1__Setup-5__Clients-5__Rounds-10__Delay-0_5__Alpha-0_5__Seed-54.txt
alpha-0_5 folder,FedHAD,MNIST,0.5,0.5,55,10,5,191.28,1 x NVIDIA RTX A1000,Intel(R) Core(TM) i7-14700,test3_comunicacao,results/main_campaign_default_alpha_0_5/FedHAD-results/test3_comunicacao/MNIST-Standard/FedHAD__MNIST__Mode-STANDARD__Cfg-E1L1F1__Setup-5__Clients-5__Rounds-10__Delay-0_5__Alpha-0_5__Seed-55.txt
alpha-0_5 folder,FedHAD,MNIST,0.5,0.5,56,10,5,213.63,1 x NVIDIA RTX A1000,Intel(R) Core(TM) i7-14700,test3_comunicacao,results/main_campaign_default_alpha_0_5/FedHAD-results/test3_comunicacao/MNIST-Standard/FedHAD__MNIST__Mode-STANDARD__Cfg-E1L1F1__Setup-5__Clients-5__Rounds-10__Delay-0_5__Alpha-0_5__Seed-56.txt
alpha-0_5 folder,FedHAD,MNIST,0.5,0.5,57,10,5,197.33,1 x NVIDIA RTX A1000,Intel(R) Core(TM) i7-14700,test3_comunicacao,results/main_campaign_default_alpha_0_5/FedHAD-results/test3_comunicacao/MNIST-Standard/FedHAD__MNIST__Mode-STANDARD__Cfg-E1L1F1__Setup-5__Clients-5__Rounds-10__Delay-0_5__Alpha-0_5__Seed-57.txt
alpha-0_5 folder,FedHAD,MNIST,0.5,0.5,58,10,5,185.91,1 x NVIDIA RTX A1000,Intel(R) Core(TM) i7-14700,test3_comunicacao,results/main_campaign_default_alpha_0_5/FedHAD-results/test3_comunicacao/MNIST-Standard/FedHAD__MNIST__Mode-STANDARD__Cfg-E1L1F1__Setup-5__Clients-5__Rounds-10__Delay-0_5__Alpha-0_5__Seed-58.txt
alpha-0_5 folder,FedHAD,MNIST,0.5,0.5,59,10,5,177.93,1 x NVIDIA RTX A1000,Intel(R) Core(TM) i7-14700,test3_comunicacao,results/main_campaign_default_alpha_0_5/FedHAD-results/test3_comunicacao/MNIST-Standard/FedHAD__MNIST__Mode-STANDARD__Cfg-E1L1F1__Setup-5__Clients-5__Rounds-10__Delay-0_5__Alpha-0_5__Seed-59.txt
alpha-0_5 folder,FedHAD,MNIST,0.5,0.5,60,10,5,175.28,1 x NVIDIA RTX A1000,Intel(R) Core(TM) i7-14700,test3_comunicacao,results/main_campaign_default_alpha_0_5/FedHAD-results/test3_comunicacao/MNIST-Standard/FedHAD__MNIST__Mode-STANDARD__Cfg-E1L1F1__Setup-5__Clients-5__Rounds-10__Delay-0_5__Alpha-0_5__Seed-60.txt
alpha-0_5 folder,FedHAD,MNIST,0.5,0.5,61,10,5,179.54,1 x NVIDIA RTX A1000,Intel(R) Core(TM) i7-14700,test3_comunicacao,results/main_campaign_default_alpha_0_5/FedHAD-results/test3_comunicacao/MNIST-Standard/FedHAD__MNIST__Mode-STANDARD__Cfg-E1L1F1__Setup-5__Clients-5__Rounds-10__Delay-0_5__Alpha-0_5__Seed-61.txt
alpha-0_5 folder,FedHAD,MNIST,0.5,0.5,62,10,5,200.81,1 x NVIDIA RTX A1000,Intel(R) Core(TM) i7-14700,test3_comunicacao,results/main_campaign_default_alpha_0_5/FedHAD-results/test3_comunicacao/MNIST-Standard/FedHAD__MNIST__Mode-STANDARD__Cfg-E1L1F1__Setup-5__Clients-5__Rounds-10__Delay-0_5__Alpha-0_5__Seed-62.txt
alpha-0_5 folder,FedHAD,MNIST,0.5,0.5,63,10,5,177.21,1 x NVIDIA RTX A1000,Intel(R) Core(TM) i7-14700,test3_comunicacao,results/main_campaign_default_alpha_0_5/FedHAD-results/test3_comunicacao/MNIST-Standard/FedHAD__MNIST__Mode-STANDARD__Cfg-E1L1F1__Setup-5__Clients-5__Rounds-10__Delay-0_5__Alpha-0_5__Seed-63.txt
alpha-0_5 folder,FedHAD,MNIST,0.5,0.5,64,10,5,186.67,1 x NVIDIA RTX A1000,Intel(R) Core(TM) i7-14700,test3_comunicacao,results/main_campaign_default_alpha_0_5/FedHAD-results/test3_comunicacao/MNIST-Standard/FedHAD__MNIST__Mode-STANDARD__Cfg-E1L1F1__Setup-5__Clients-5__Rounds-10__Delay-0_5__Alpha-0_5__Seed-64.txt
alpha-0_5 folder,FedHAD,MNIST,0.5,0.5,65,10,5,185.05,1 x NVIDIA RTX A1000,Intel(R) Core(TM) i7-14700,test3_comunicacao,results/main_campaign_default_alpha_0_5/FedHAD-results/test3_comunicacao/MNIST-Standard/FedHAD__MNIST__Mode-STANDARD__Cfg-E1L1F1__Setup-5__Clients-5__Rounds-10__Delay-0_5__Alpha-0_5__Seed-65.txt
alpha-0_5 folder,FedHAD,MNIST,0.5,0.5,66,10,5,181.48,1 x NVIDIA RTX A1000,Intel(R) Core(TM) i7-14700,test3_comunicacao,results/main_campaign_default_alpha_0_5/FedHAD-results/test3_comunicacao/MNIST-Standard/FedHAD__MNIST__Mode-STANDARD__Cfg-E1L1F1__Setup-5__Clients-5__Rounds-10__Delay-0_5__Alpha-0_5__Seed-66.txt
alpha-0_5 folder,FedHAD,MNIST,0.5,0.5,67,10,5,187.85,1 x NVIDIA RTX A1000,Intel(R) Core(TM) i7-14700,test3_comunicacao,results/main_campaign_default_alpha_0_5/FedHAD-results/test3_comunicacao/MNIST-Standard/FedHAD__MNIST__Mode-STANDARD__Cfg-E1L1F1__Setup-5__Clients-5__Rounds-10__Delay-0_5__Alpha-0_5__Seed-67.txt
alpha-0_5 folder,FedHAD,MNIST,0.5,0.5,68,10,5,183.61,1 x NVIDIA RTX A1000,Intel(R) Core(TM) i7-14700,test3_comunicacao,results/main_campaign_default_alpha_0_5/FedHAD-results/test3_comunicacao/MNIST-Standard/FedHAD__MNIST__Mode-STANDARD__Cfg-E1L1F1__Setup-5__Clients-5__Rounds-10__Delay-0_5__Alpha-0_5__Seed-68.txt
alpha-0_5 folder,FedHAD,MNIST,0.5,0.5,69,10,5,217.89,1 x NVIDIA RTX A1000,Intel(R) Core(TM) i7-14700,test3_comunicacao,results/main_campaign_default_alpha_0_5/FedHAD-results/test3_comunicacao/MNIST-Standard/FedHAD__MNIST__Mode-STANDARD__Cfg-E1L1F1__Setup-5__Clients-5__Rounds-10__Delay-0_5__Alpha-0_5__Seed-69.txt
alpha-0_5 folder,FedHAD,MNIST,0.5,0.5,70,10,5,176.54,1 x NVIDIA RTX A1000,Intel(R) Core(TM) i7-14700,test3_comunicacao,results/main_campaign_default_alpha_0_5/FedHAD-results/test3_comunicacao/MNIST-Standard/FedHAD__MNIST__Mode-STANDARD__Cfg-E1L1F1__Setup-5__Clients-5__Rounds-10__Delay-0_5__Alpha-0_5__Seed-70.txt
alpha-0_5 folder,FedHAD,MNIST,0.5,0.5,71,10,5,211.30,1 x NVIDIA RTX A1000,Intel(R) Core(TM) i7-14700,test3_comunicacao,results/main_campaign_default_alpha_0_5/FedHAD-results/test3_comunicacao/MNIST-Standard/FedHAD__MNIST__Mode-STANDARD__Cfg-E1L1F1__Setup-5__Clients-5__Rounds-10__Delay-0_5__Alpha-0_5__Seed-71.txt
alpha-0_5 folder,FedProx,CIFAR10,0.05,0.5,42,10,5,559.85,1 x NVIDIA RTX A1000,Intel(R) Core(TM) i7-14700,test3_comunicacao,results/main_campaign_default_alpha_0_5/FedProx-results/test3_comunicacao/CIFAR10/FedProx__CIFAR10__Setup-5__Clients-5__Rounds-10__Delay-0_05__Alpha-0_5__Seed-42.txt
alpha-0_5 folder,FedProx,CIFAR10,0.05,0.5,43,10,5,563.11,1 x NVIDIA RTX A1000,Intel(R) Core(TM) i7-14700,test3_comunicacao,results/main_campaign_default_alpha_0_5/FedProx-results/test3_comunicacao/CIFAR10/FedProx__CIFAR10__Setup-5__Clients-5__Rounds-10__Delay-0_05__Alpha-0_5__Seed-43.txt
alpha-0_5 folder,FedProx,CIFAR10,0.05,0.5,44,10,5,562.40,1 x NVIDIA RTX A1000,Intel(R) Core(TM) i7-14700,test3_comunicacao,results/main_campaign_default_alpha_0_5/FedProx-results/test3_comunicacao/CIFAR10/FedProx__CIFAR10__Setup-5__Clients-5__Rounds-10__Delay-0_05__Alpha-0_5__Seed-44.txt
alpha-0_5 folder,FedProx,CIFAR10,0.05,0.5,45,10,5,561.58,1 x NVIDIA RTX A1000,Intel(R) Core(TM) i7-14700,test3_comunicacao,results/main_campaign_default_alpha_0_5/FedProx-results/test3_comunicacao/CIFAR10/FedProx__CIFAR10__Setup-5__Clients-5__Rounds-10__Delay-0_05__Alpha-0_5__Seed-45.txt
alpha-0_5 folder,FedProx,CIFAR10,0.05,0.5,46,10,5,564.37,1 x NVIDIA RTX A1000,Intel(R) Core(TM) i7-14700,test3_comunicacao,results/main_campaign_default_alpha_0_5/FedProx-results/test3_comunicacao/CIFAR10/FedProx__CIFAR10__Setup-5__Clients-5__Rounds-10__Delay-0_05__Alpha-0_5__Seed-46.txt
alpha-0_5 folder,FedProx,CIFAR10,0.05,0.5,47,10,5,560.80,1 x NVIDIA RTX A1000,Intel(R) Core(TM) i7-14700,test3_comunicacao,results/main_campaign_default_alpha_0_5/FedProx-results/test3_comunicacao/CIFAR10/FedProx__CIFAR10__Setup-5__Clients-5__Rounds-10__Delay-0_05__Alpha-0_5__Seed-47.txt
alpha-0_5 folder,FedProx,CIFAR10,0.05,0.5,48,10,5,562.43,1 x NVIDIA RTX A1000,Intel(R) Core(TM) i7-14700,test3_comunicacao,results/main_campaign_default_alpha_0_5/FedProx-results/test3_comunicacao/CIFAR10/FedProx__CIFAR10__Setup-5__Clients-5__Rounds-10__Delay-0_05__Alpha-0_5__Seed-48.txt
alpha-0_5 folder,FedProx,CIFAR10,0.05,0.5,49,10,5,563.06,1 x NVIDIA RTX A1000,Intel(R) Core(TM) i7-14700,test3_comunicacao,results/main_campaign_default_alpha_0_5/FedProx-results/test3_comunicacao/CIFAR10/FedProx__CIFAR10__Setup-5__Clients-5__Rounds-10__Delay-0_05__Alpha-0_5__Seed-49.txt
alpha-0_5 folder,FedProx,CIFAR10,0.05,0.5,50,10,5,561.80,1 x NVIDIA RTX A1000,Intel(R) Core(TM) i7-14700,test3_comunicacao,results/main_campaign_default_alpha_0_5/FedProx-results/test3_comunicacao/CIFAR10/FedProx__CIFAR10__Setup-5__Clients-5__Rounds-10__Delay-0_05__Alpha-0_5__Seed-50.txt
alpha-0_5 folder,FedProx,CIFAR10,0.05,0.5,51,10,5,560.88,1 x NVIDIA RTX A1000,Intel(R) Core(TM) i7-14700,test3_comunicacao,results/main_campaign_default_alpha_0_5/FedProx-results/test3_comunicacao/CIFAR10/FedProx__CIFAR10__Setup-5__Clients-5__Rounds-10__Delay-0_05__Alpha-0_5__Seed-51.txt
alpha-0_5 folder,FedProx,CIFAR10,0.05,0.5,52,10,5,561.65,1 x NVIDIA RTX A1000,Intel(R) Core(TM) i7-14700,test3_comunicacao,results/main_campaign_default_alpha_0_5/FedProx-results/test3_comunicacao/CIFAR10/FedProx__CIFAR10__Setup-5__Clients-5__Rounds-10__Delay-0_05__Alpha-0_5__Seed-52.txt
alpha-0_5 folder,FedProx,CIFAR10,0.05,0.5,53,10,5,565.82,1 x NVIDIA RTX A1000,Intel(R) Core(TM) i7-14700,test3_comunicacao,results/main_campaign_default_alpha_0_5/FedProx-results/test3_comunicacao/CIFAR10/FedProx__CIFAR10__Setup-5__Clients-5__Rounds-10__Delay-0_05__Alpha-0_5__Seed-53.txt
alpha-0_5 folder,FedProx,CIFAR10,0.05,0.5,54,10,5,563.15,1 x NVIDIA RTX A1000,Intel(R) Core(TM) i7-14700,test3_comunicacao,results/main_campaign_default_alpha_0_5/FedProx-results/test3_comunicacao/CIFAR10/FedProx__CIFAR10__Setup-5__Clients-5__Rounds-10__Delay-0_05__Alpha-0_5__Seed-54.txt
alpha-0_5 folder,FedProx,CIFAR10,0.05,0.5,55,10,5,563.09,1 x NVIDIA RTX A1000,Intel(R) Core(TM) i7-14700,test3_comunicacao,results/main_campaign_default_alpha_0_5/FedProx-results/test3_comunicacao/CIFAR10/FedProx__CIFAR10__Setup-5__Clients-5__Rounds-10__Delay-0_05__Alpha-0_5__Seed-55.txt
alpha-0_5 folder,FedProx,CIFAR10,0.05,0.5,56,10,5,566.65,1 x NVIDIA RTX A1000,Intel(R) Core(TM) i7-14700,test3_comunicacao,results/main_campaign_default_alpha_0_5/FedProx-results/test3_comunicacao/CIFAR10/FedProx__CIFAR10__Setup-5__Clients-5__Rounds-10__Delay-0_05__Alpha-0_5__Seed-56.txt
alpha-0_5 folder,FedProx,CIFAR10,0.05,0.5,57,10,5,563.53,1 x NVIDIA RTX A1000,Intel(R) Core(TM) i7-14700,test3_comunicacao,results/main_campaign_default_alpha_0_5/FedProx-results/test3_comunicacao/CIFAR10/FedProx__CIFAR10__Setup-5__Clients-5__Rounds-10__Delay-0_05__Alpha-0_5__Seed-57.txt
alpha-0_5 folder,FedProx,CIFAR10,0.05,0.5,58,10,5,562.85,1 x NVIDIA RTX A1000,Intel(R) Core(TM) i7-14700,test3_comunicacao,results/main_campaign_default_alpha_0_5/FedProx-results/test3_comunicacao/CIFAR10/FedProx__CIFAR10__Setup-5__Clients-5__Rounds-10__Delay-0_05__Alpha-0_5__Seed-58.txt
alpha-0_5 folder,FedProx,CIFAR10,0.05,0.5,59,10,5,563.43,1 x NVIDIA RTX A1000,Intel(R) Core(TM) i7-14700,test3_comunicacao,results/main_campaign_default_alpha_0_5/FedProx-results/test3_comunicacao/CIFAR10/FedProx__CIFAR10__Setup-5__Clients-5__Rounds-10__Delay-0_05__Alpha-0_5__Seed-59.txt
alpha-0_5 folder,FedProx,CIFAR10,0.05,0.5,60,10,5,564.85,1 x NVIDIA RTX A1000,Intel(R) Core(TM) i7-14700,test3_comunicacao,results/main_campaign_default_alpha_0_5/FedProx-results/test3_comunicacao/CIFAR10/FedProx__CIFAR10__Setup-5__Clients-5__Rounds-10__Delay-0_05__Alpha-0_5__Seed-60.txt
alpha-0_5 folder,FedProx,CIFAR10,0.05,0.5,61,10,5,563.72,1 x NVIDIA RTX A1000,Intel(R) Core(TM) i7-14700,test3_comunicacao,results/main_campaign_default_alpha_0_5/FedProx-results/test3_comunicacao/CIFAR10/FedProx__CIFAR10__Setup-5__Clients-5__Rounds-10__Delay-0_05__Alpha-0_5__Seed-61.txt
alpha-0_5 folder,FedProx,CIFAR10,0.05,0.5,62,10,5,566.27,1 x NVIDIA RTX A1000,Intel(R) Core(TM) i7-14700,test3_comunicacao,results/main_campaign_default_alpha_0_5/FedProx-results/test3_comunicacao/CIFAR10/FedProx__CIFAR10__Setup-5__Clients-5__Rounds-10__Delay-0_05__Alpha-0_5__Seed-62.txt
alpha-0_5 folder,FedProx,CIFAR10,0.05,0.5,63,10,5,565.29,1 x NVIDIA RTX A1000,Intel(R) Core(TM) i7-14700,test3_comunicacao,results/main_campaign_default_alpha_0_5/FedProx-results/test3_comunicacao/CIFAR10/FedProx__CIFAR10__Setup-5__Clients-5__Rounds-10__Delay-0_05__Alpha-0_5__Seed-63.txt
alpha-0_5 folder,FedProx,CIFAR10,0.05,0.5,64,10,5,565.44,1 x NVIDIA RTX A1000,Intel(R) Core(TM) i7-14700,test3_comunicacao,results/main_campaign_default_alpha_0_5/FedProx-results/test3_comunicacao/CIFAR10/FedProx__CIFAR10__Setup-5__Clients-5__Rounds-10__Delay-0_05__Alpha-0_5__Seed-64.txt
alpha-0_5 folder,FedProx,CIFAR10,0.05,0.5,65,10,5,564.90,1 x NVIDIA RTX A1000,Intel(R) Core(TM) i7-14700,test3_comunicacao,results/main_campaign_default_alpha_0_5/FedProx-results/test3_comunicacao/CIFAR10/FedProx__CIFAR10__Setup-5__Clients-5__Rounds-10__Delay-0_05__Alpha-0_5__Seed-65.txt
alpha-0_5 folder,FedProx,CIFAR10,0.05,0.5,66,10,5,564.78,1 x NVIDIA RTX A1000,Intel(R) Core(TM) i7-14700,test3_comunicacao,results/main_campaign_default_alpha_0_5/FedProx-results/test3_comunicacao/CIFAR10/FedProx__CIFAR10__Setup-5__Clients-5__Rounds-10__Delay-0_05__Alpha-0_5__Seed-66.txt
alpha-0_5 folder,FedProx,CIFAR10,0.05,0.5,67,10,5,565.27,1 x NVIDIA RTX A1000,Intel(R) Core(TM) i7-14700,test3_comunicacao,results/main_campaign_default_alpha_0_5/FedProx-results/test3_comunicacao/CIFAR10/FedProx__CIFAR10__Setup-5__Clients-5__Rounds-10__Delay-0_05__Alpha-0_5__Seed-67.txt
alpha-0_5 folder,FedProx,CIFAR10,0.05,0.5,68,10,5,563.73,1 x NVIDIA RTX A1000,Intel(R) Core(TM) i7-14700,test3_comunicacao,results/main_campaign_default_alpha_0_5/FedProx-results/test3_comunicacao/CIFAR10/FedProx__CIFAR10__Setup-5__Clients-5__Rounds-10__Delay-0_05__Alpha-0_5__Seed-68.txt
alpha-0_5 folder,FedProx,CIFAR10,0.05,0.5,69,10,5,565.80,1 x NVIDIA RTX A1000,Intel(R) Core(TM) i7-14700,test3_comunicacao,results/main_campaign_default_alpha_0_5/FedProx-results/test3_comunicacao/CIFAR10/FedProx__CIFAR10__Setup-5__Clients-5__Rounds-10__Delay-0_05__Alpha-0_5__Seed-69.txt
alpha-0_5 folder,FedProx,CIFAR10,0.05,0.5,70,10,5,562.09,1 x NVIDIA RTX A1000,Intel(R) Core(TM) i7-14700,test3_comunicacao,results/main_campaign_default_alpha_0_5/FedProx-results/test3_comunicacao/CIFAR10/FedProx__CIFAR10__Setup-5__Clients-5__Rounds-10__Delay-0_05__Alpha-0_5__Seed-70.txt
alpha-0_5 folder,FedProx,CIFAR10,0.05,0.5,71,10,5,567.29,1 x NVIDIA RTX A1000,Intel(R) Core(TM) i7-14700,test3_comunicacao,results/main_campaign_default_alpha_0_5/FedProx-results/test3_comunicacao/CIFAR10/FedProx__CIFAR10__Setup-5__Clients-5__Rounds-10__Delay-0_05__Alpha-0_5__Seed-71.txt
alpha-0_5 folder,FedProx,CIFAR10,0.1,0.5,42,10,5,565.19,1 x NVIDIA RTX A1000,Intel(R) Core(TM) i7-14700,test3_comunicacao,results/main_campaign_default_alpha_0_5/FedProx-results/test3_comunicacao/CIFAR10/FedProx__CIFAR10__Setup-5__Clients-5__Rounds-10__Delay-0_1__Alpha-0_5__Seed-42.txt
alpha-0_5 folder,FedProx,CIFAR10,0.1,0.5,43,10,5,567.63,1 x NVIDIA RTX A1000,Intel(R) Core(TM) i7-14700,test3_comunicacao,results/main_campaign_default_alpha_0_5/FedProx-results/test3_comunicacao/CIFAR10/FedProx__CIFAR10__Setup-5__Clients-5__Rounds-10__Delay-0_1__Alpha-0_5__Seed-43.txt
alpha-0_5 folder,FedProx,CIFAR10,0.1,0.5,44,10,5,566.52,1 x NVIDIA RTX A1000,Intel(R) Core(TM) i7-14700,test3_comunicacao,results/main_campaign_default_alpha_0_5/FedProx-results/test3_comunicacao/CIFAR10/FedProx__CIFAR10__Setup-5__Clients-5__Rounds-10__Delay-0_1__Alpha-0_5__Seed-44.txt
alpha-0_5 folder,FedProx,CIFAR10,0.1,0.5,45,10,5,566.35,1 x NVIDIA RTX A1000,Intel(R) Core(TM) i7-14700,test3_comunicacao,results/main_campaign_default_alpha_0_5/FedProx-results/test3_comunicacao/CIFAR10/FedProx__CIFAR10__Setup-5__Clients-5__Rounds-10__Delay-0_1__Alpha-0_5__Seed-45.txt
alpha-0_5 folder,FedProx,CIFAR10,0.1,0.5,46,10,5,567.39,1 x NVIDIA RTX A1000,Intel(R) Core(TM) i7-14700,test3_comunicacao,results/main_campaign_default_alpha_0_5/FedProx-results/test3_comunicacao/CIFAR10/FedProx__CIFAR10__Setup-5__Clients-5__Rounds-10__Delay-0_1__Alpha-0_5__Seed-46.txt
alpha-0_5 folder,FedProx,CIFAR10,0.1,0.5,47,10,5,565.58,1 x NVIDIA RTX A1000,Intel(R) Core(TM) i7-14700,test3_comunicacao,results/main_campaign_default_alpha_0_5/FedProx-results/test3_comunicacao/CIFAR10/FedProx__CIFAR10__Setup-5__Clients-5__Rounds-10__Delay-0_1__Alpha-0_5__Seed-47.txt
alpha-0_5 folder,FedProx,CIFAR10,0.1,0.5,48,10,5,567.47,1 x NVIDIA RTX A1000,Intel(R) Core(TM) i7-14700,test3_comunicacao,results/main_campaign_default_alpha_0_5/FedProx-results/test3_comunicacao/CIFAR10/FedProx__CIFAR10__Setup-5__Clients-5__Rounds-10__Delay-0_1__Alpha-0_5__Seed-48.txt
alpha-0_5 folder,FedProx,CIFAR10,0.1,0.5,49,10,5,565.93,1 x NVIDIA RTX A1000,Intel(R) Core(TM) i7-14700,test3_comunicacao,results/main_campaign_default_alpha_0_5/FedProx-results/test3_comunicacao/CIFAR10/FedProx__CIFAR10__Setup-5__Clients-5__Rounds-10__Delay-0_1__Alpha-0_5__Seed-49.txt
alpha-0_5 folder,FedProx,CIFAR10,0.1,0.5,50,10,5,566.16,1 x NVIDIA RTX A1000,Intel(R) Core(TM) i7-14700,test3_comunicacao,results/main_campaign_default_alpha_0_5/FedProx-results/test3_comunicacao/CIFAR10/FedProx__CIFAR10__Setup-5__Clients-5__Rounds-10__Delay-0_1__Alpha-0_5__Seed-50.txt
alpha-0_5 folder,FedProx,CIFAR10,0.1,0.5,51,10,5,564.92,1 x NVIDIA RTX A1000,Intel(R) Core(TM) i7-14700,test3_comunicacao,results/main_campaign_default_alpha_0_5/FedProx-results/test3_comunicacao/CIFAR10/FedProx__CIFAR10__Setup-5__Clients-5__Rounds-10__Delay-0_1__Alpha-0_5__Seed-51.txt
alpha-0_5 folder,FedProx,CIFAR10,0.1,0.5,52,10,5,567.42,1 x NVIDIA RTX A1000,Intel(R) Core(TM) i7-14700,test3_comunicacao,results/main_campaign_default_alpha_0_5/FedProx-results/test3_comunicacao/CIFAR10/FedProx__CIFAR10__Setup-5__Clients-5__Rounds-10__Delay-0_1__Alpha-0_5__Seed-52.txt
alpha-0_5 folder,FedProx,CIFAR10,0.1,0.5,53,10,5,570.04,1 x NVIDIA RTX A1000,Intel(R) Core(TM) i7-14700,test3_comunicacao,results/main_campaign_default_alpha_0_5/FedProx-results/test3_comunicacao/CIFAR10/FedProx__CIFAR10__Setup-5__Clients-5__Rounds-10__Delay-0_1__Alpha-0_5__Seed-53.txt
alpha-0_5 folder,FedProx,CIFAR10,0.1,0.5,54,10,5,565.71,1 x NVIDIA RTX A1000,Intel(R) Core(TM) i7-14700,test3_comunicacao,results/main_campaign_default_alpha_0_5/FedProx-results/test3_comunicacao/CIFAR10/FedProx__CIFAR10__Setup-5__Clients-5__Rounds-10__Delay-0_1__Alpha-0_5__Seed-54.txt
alpha-0_5 folder,FedProx,CIFAR10,0.1,0.5,55,10,5,565.11,1 x NVIDIA RTX A1000,Intel(R) Core(TM) i7-14700,test3_comunicacao,results/main_campaign_default_alpha_0_5/FedProx-results/test3_comunicacao/CIFAR10/FedProx__CIFAR10__Setup-5__Clients-5__Rounds-10__Delay-0_1__Alpha-0_5__Seed-55.txt
alpha-0_5 folder,FedProx,CIFAR10,0.1,0.5,56,10,5,568.08,1 x NVIDIA RTX A1000,Intel(R) Core(TM) i7-14700,test3_comunicacao,results/main_campaign_default_alpha_0_5/FedProx-results/test3_comunicacao/CIFAR10/FedProx__CIFAR10__Setup-5__Clients-5__Rounds-10__Delay-0_1__Alpha-0_5__Seed-56.txt
alpha-0_5 folder,FedProx,CIFAR10,0.1,0.5,57,10,5,565.76,1 x NVIDIA RTX A1000,Intel(R) Core(TM) i7-14700,test3_comunicacao,results/main_campaign_default_alpha_0_5/FedProx-results/test3_comunicacao/CIFAR10/FedProx__CIFAR10__Setup-5__Clients-5__Rounds-10__Delay-0_1__Alpha-0_5__Seed-57.txt
alpha-0_5 folder,FedProx,CIFAR10,0.1,0.5,58,10,5,567.02,1 x NVIDIA RTX A1000,Intel(R) Core(TM) i7-14700,test3_comunicacao,results/main_campaign_default_alpha_0_5/FedProx-results/test3_comunicacao/CIFAR10/FedProx__CIFAR10__Setup-5__Clients-5__Rounds-10__Delay-0_1__Alpha-0_5__Seed-58.txt
alpha-0_5 folder,FedProx,CIFAR10,0.1,0.5,59,10,5,565.08,1 x NVIDIA RTX A1000,Intel(R) Core(TM) i7-14700,test3_comunicacao,results/main_campaign_default_alpha_0_5/FedProx-results/test3_comunicacao/CIFAR10/FedProx__CIFAR10__Setup-5__Clients-5__Rounds-10__Delay-0_1__Alpha-0_5__Seed-59.txt
alpha-0_5 folder,FedProx,CIFAR10,0.1,0.5,60,10,5,565.45,1 x NVIDIA RTX A1000,Intel(R) Core(TM) i7-14700,test3_comunicacao,results/main_campaign_default_alpha_0_5/FedProx-results/test3_comunicacao/CIFAR10/FedProx__CIFAR10__Setup-5__Clients-5__Rounds-10__Delay-0_1__Alpha-0_5__Seed-60.txt
alpha-0_5 folder,FedProx,CIFAR10,0.1,0.5,61,10,5,565.69,1 x NVIDIA RTX A1000,Intel(R) Core(TM) i7-14700,test3_comunicacao,results/main_campaign_default_alpha_0_5/FedProx-results/test3_comunicacao/CIFAR10/FedProx__CIFAR10__Setup-5__Clients-5__Rounds-10__Delay-0_1__Alpha-0_5__Seed-61.txt
alpha-0_5 folder,FedProx,CIFAR10,0.1,0.5,62,10,5,567.98,1 x NVIDIA RTX A1000,Intel(R) Core(TM) i7-14700,test3_comunicacao,results/main_campaign_default_alpha_0_5/FedProx-results/test3_comunicacao/CIFAR10/FedProx__CIFAR10__Setup-5__Clients-5__Rounds-10__Delay-0_1__Alpha-0_5__Seed-62.txt
alpha-0_5 folder,FedProx,CIFAR10,0.1,0.5,63,10,5,565.93,1 x NVIDIA RTX A1000,Intel(R) Core(TM) i7-14700,test3_comunicacao,results/main_campaign_default_alpha_0_5/FedProx-results/test3_comunicacao/CIFAR10/FedProx__CIFAR10__Setup-5__Clients-5__Rounds-10__Delay-0_1__Alpha-0_5__Seed-63.txt
alpha-0_5 folder,FedProx,CIFAR10,0.1,0.5,64,10,5,565.67,1 x NVIDIA RTX A1000,Intel(R) Core(TM) i7-14700,test3_comunicacao,results/main_campaign_default_alpha_0_5/FedProx-results/test3_comunicacao/CIFAR10/FedProx__CIFAR10__Setup-5__Clients-5__Rounds-10__Delay-0_1__Alpha-0_5__Seed-64.txt
alpha-0_5 folder,FedProx,CIFAR10,0.1,0.5,65,10,5,562.67,1 x NVIDIA RTX A1000,Intel(R) Core(TM) i7-14700,test3_comunicacao,results/main_campaign_default_alpha_0_5/FedProx-results/test3_comunicacao/CIFAR10/FedProx__CIFAR10__Setup-5__Clients-5__Rounds-10__Delay-0_1__Alpha-0_5__Seed-65.txt
alpha-0_5 folder,FedProx,CIFAR10,0.1,0.5,66,10,5,565.54,1 x NVIDIA RTX A1000,Intel(R) Core(TM) i7-14700,test3_comunicacao,results/main_campaign_default_alpha_0_5/FedProx-results/test3_comunicacao/CIFAR10/FedProx__CIFAR10__Setup-5__Clients-5__Rounds-10__Delay-0_1__Alpha-0_5__Seed-66.txt
alpha-0_5 folder,FedProx,CIFAR10,0.1,0.5,67,10,5,564.40,1 x NVIDIA RTX A1000,Intel(R) Core(TM) i7-14700,test3_comunicacao,results/main_campaign_default_alpha_0_5/FedProx-results/test3_comunicacao/CIFAR10/FedProx__CIFAR10__Setup-5__Clients-5__Rounds-10__Delay-0_1__Alpha-0_5__Seed-67.txt
alpha-0_5 folder,FedProx,CIFAR10,0.1,0.5,68,10,5,565.93,1 x NVIDIA RTX A1000,Intel(R) Core(TM) i7-14700,test3_comunicacao,results/main_campaign_default_alpha_0_5/FedProx-results/test3_comunicacao/CIFAR10/FedProx__CIFAR10__Setup-5__Clients-5__Rounds-10__Delay-0_1__Alpha-0_5__Seed-68.txt
alpha-0_5 folder,FedProx,CIFAR10,0.1,0.5,69,10,5,565.30,1 x NVIDIA RTX A1000,Intel(R) Core(TM) i7-14700,test3_comunicacao,results/main_campaign_default_alpha_0_5/FedProx-results/test3_comunicacao/CIFAR10/FedProx__CIFAR10__Setup-5__Clients-5__Rounds-10__Delay-0_1__Alpha-0_5__Seed-69.txt
alpha-0_5 folder,FedProx,CIFAR10,0.1,0.5,70,10,5,564.37,1 x NVIDIA RTX A1000,Intel(R) Core(TM) i7-14700,test3_comunicacao,results/main_campaign_default_alpha_0_5/FedProx-results/test3_comunicacao/CIFAR10/FedProx__CIFAR10__Setup-5__Clients-5__Rounds-10__Delay-0_1__Alpha-0_5__Seed-70.txt
alpha-0_5 folder,FedProx,CIFAR10,0.1,0.5,71,10,5,570.00,1 x NVIDIA RTX A1000,Intel(R) Core(TM) i7-14700,test3_comunicacao,results/main_campaign_default_alpha_0_5/FedProx-results/test3_comunicacao/CIFAR10/FedProx__CIFAR10__Setup-5__Clients-5__Rounds-10__Delay-0_1__Alpha-0_5__Seed-71.txt
alpha-0_5 folder,FedProx,CIFAR10,0.5,0.5,42,10,5,576.78,1 x NVIDIA RTX A1000,Intel(R) Core(TM) i7-14700,test3_comunicacao,results/main_campaign_default_alpha_0_5/FedProx-results/test3_comunicacao/CIFAR10/FedProx__CIFAR10__Setup-5__Clients-5__Rounds-10__Delay-0_5__Alpha-0_5__Seed-42.txt
alpha-0_5 folder,FedProx,CIFAR10,0.5,0.5,43,10,5,581.19,1 x NVIDIA RTX A1000,Intel(R) Core(TM) i7-14700,test3_comunicacao,results/main_campaign_default_alpha_0_5/FedProx-results/test3_comunicacao/CIFAR10/FedProx__CIFAR10__Setup-5__Clients-5__Rounds-10__Delay-0_5__Alpha-0_5__Seed-43.txt
alpha-0_5 folder,FedProx,CIFAR10,0.5,0.5,44,10,5,577.29,1 x NVIDIA RTX A1000,Intel(R) Core(TM) i7-14700,test3_comunicacao,results/main_campaign_default_alpha_0_5/FedProx-results/test3_comunicacao/CIFAR10/FedProx__CIFAR10__Setup-5__Clients-5__Rounds-10__Delay-0_5__Alpha-0_5__Seed-44.txt
alpha-0_5 folder,FedProx,CIFAR10,0.5,0.5,45,10,5,579.19,1 x NVIDIA RTX A1000,Intel(R) Core(TM) i7-14700,test3_comunicacao,results/main_campaign_default_alpha_0_5/FedProx-results/test3_comunicacao/CIFAR10/FedProx__CIFAR10__Setup-5__Clients-5__Rounds-10__Delay-0_5__Alpha-0_5__Seed-45.txt
alpha-0_5 folder,FedProx,CIFAR10,0.5,0.5,46,10,5,571.94,1 x NVIDIA RTX A1000,Intel(R) Core(TM) i7-14700,test3_comunicacao,results/main_campaign_default_alpha_0_5/FedProx-results/test3_comunicacao/CIFAR10/FedProx__CIFAR10__Setup-5__Clients-5__Rounds-10__Delay-0_5__Alpha-0_5__Seed-46.txt
alpha-0_5 folder,FedProx,CIFAR10,0.5,0.5,47,10,5,576.74,1 x NVIDIA RTX A1000,Intel(R) Core(TM) i7-14700,test3_comunicacao,results/main_campaign_default_alpha_0_5/FedProx-results/test3_comunicacao/CIFAR10/FedProx__CIFAR10__Setup-5__Clients-5__Rounds-10__Delay-0_5__Alpha-0_5__Seed-47.txt
alpha-0_5 folder,FedProx,CIFAR10,0.5,0.5,48,10,5,590.07,1 x NVIDIA RTX A1000,Intel(R) Core(TM) i7-14700,test3_comunicacao,results/main_campaign_default_alpha_0_5/FedProx-results/test3_comunicacao/CIFAR10/FedProx__CIFAR10__Setup-5__Clients-5__Rounds-10__Delay-0_5__Alpha-0_5__Seed-48.txt
alpha-0_5 folder,FedProx,CIFAR10,0.5,0.5,49,10,5,579.21,1 x NVIDIA RTX A1000,Intel(R) Core(TM) i7-14700,test3_comunicacao,results/main_campaign_default_alpha_0_5/FedProx-results/test3_comunicacao/CIFAR10/FedProx__CIFAR10__Setup-5__Clients-5__Rounds-10__Delay-0_5__Alpha-0_5__Seed-49.txt
alpha-0_5 folder,FedProx,CIFAR10,0.5,0.5,50,10,5,572.77,1 x NVIDIA RTX A1000,Intel(R) Core(TM) i7-14700,test3_comunicacao,results/main_campaign_default_alpha_0_5/FedProx-results/test3_comunicacao/CIFAR10/FedProx__CIFAR10__Setup-5__Clients-5__Rounds-10__Delay-0_5__Alpha-0_5__Seed-50.txt
alpha-0_5 folder,FedProx,CIFAR10,0.5,0.5,51,10,5,576.59,1 x NVIDIA RTX A1000,Intel(R) Core(TM) i7-14700,test3_comunicacao,results/main_campaign_default_alpha_0_5/FedProx-results/test3_comunicacao/CIFAR10/FedProx__CIFAR10__Setup-5__Clients-5__Rounds-10__Delay-0_5__Alpha-0_5__Seed-51.txt
alpha-0_5 folder,FedProx,CIFAR10,0.5,0.5,52,10,5,578.32,1 x NVIDIA RTX A1000,Intel(R) Core(TM) i7-14700,test3_comunicacao,results/main_campaign_default_alpha_0_5/FedProx-results/test3_comunicacao/CIFAR10/FedProx__CIFAR10__Setup-5__Clients-5__Rounds-10__Delay-0_5__Alpha-0_5__Seed-52.txt
alpha-0_5 folder,FedProx,CIFAR10,0.5,0.5,53,10,5,584.75,1 x NVIDIA RTX A1000,Intel(R) Core(TM) i7-14700,test3_comunicacao,results/main_campaign_default_alpha_0_5/FedProx-results/test3_comunicacao/CIFAR10/FedProx__CIFAR10__Setup-5__Clients-5__Rounds-10__Delay-0_5__Alpha-0_5__Seed-53.txt
alpha-0_5 folder,FedProx,CIFAR10,0.5,0.5,54,10,5,578.78,1 x NVIDIA RTX A1000,Intel(R) Core(TM) i7-14700,test3_comunicacao,results/main_campaign_default_alpha_0_5/FedProx-results/test3_comunicacao/CIFAR10/FedProx__CIFAR10__Setup-5__Clients-5__Rounds-10__Delay-0_5__Alpha-0_5__Seed-54.txt
alpha-0_5 folder,FedProx,CIFAR10,0.5,0.5,55,10,5,578.42,1 x NVIDIA RTX A1000,Intel(R) Core(TM) i7-14700,test3_comunicacao,results/main_campaign_default_alpha_0_5/FedProx-results/test3_comunicacao/CIFAR10/FedProx__CIFAR10__Setup-5__Clients-5__Rounds-10__Delay-0_5__Alpha-0_5__Seed-55.txt
alpha-0_5 folder,FedProx,CIFAR10,0.5,0.5,56,10,5,582.15,1 x NVIDIA RTX A1000,Intel(R) Core(TM) i7-14700,test3_comunicacao,results/main_campaign_default_alpha_0_5/FedProx-results/test3_comunicacao/CIFAR10/FedProx__CIFAR10__Setup-5__Clients-5__Rounds-10__Delay-0_5__Alpha-0_5__Seed-56.txt
alpha-0_5 folder,FedProx,CIFAR10,0.5,0.5,57,10,5,579.04,1 x NVIDIA RTX A1000,Intel(R) Core(TM) i7-14700,test3_comunicacao,results/main_campaign_default_alpha_0_5/FedProx-results/test3_comunicacao/CIFAR10/FedProx__CIFAR10__Setup-5__Clients-5__Rounds-10__Delay-0_5__Alpha-0_5__Seed-57.txt
alpha-0_5 folder,FedProx,CIFAR10,0.5,0.5,58,10,5,579.86,1 x NVIDIA RTX A1000,Intel(R) Core(TM) i7-14700,test3_comunicacao,results/main_campaign_default_alpha_0_5/FedProx-results/test3_comunicacao/CIFAR10/FedProx__CIFAR10__Setup-5__Clients-5__Rounds-10__Delay-0_5__Alpha-0_5__Seed-58.txt
alpha-0_5 folder,FedProx,CIFAR10,0.5,0.5,59,10,5,575.91,1 x NVIDIA RTX A1000,Intel(R) Core(TM) i7-14700,test3_comunicacao,results/main_campaign_default_alpha_0_5/FedProx-results/test3_comunicacao/CIFAR10/FedProx__CIFAR10__Setup-5__Clients-5__Rounds-10__Delay-0_5__Alpha-0_5__Seed-59.txt
alpha-0_5 folder,FedProx,CIFAR10,0.5,0.5,60,10,5,581.82,1 x NVIDIA RTX A1000,Intel(R) Core(TM) i7-14700,test3_comunicacao,results/main_campaign_default_alpha_0_5/FedProx-results/test3_comunicacao/CIFAR10/FedProx__CIFAR10__Setup-5__Clients-5__Rounds-10__Delay-0_5__Alpha-0_5__Seed-60.txt
alpha-0_5 folder,FedProx,CIFAR10,0.5,0.5,61,10,5,577.42,1 x NVIDIA RTX A1000,Intel(R) Core(TM) i7-14700,test3_comunicacao,results/main_campaign_default_alpha_0_5/FedProx-results/test3_comunicacao/CIFAR10/FedProx__CIFAR10__Setup-5__Clients-5__Rounds-10__Delay-0_5__Alpha-0_5__Seed-61.txt
alpha-0_5 folder,FedProx,CIFAR10,0.5,0.5,62,10,5,578.60,1 x NVIDIA RTX A1000,Intel(R) Core(TM) i7-14700,test3_comunicacao,results/main_campaign_default_alpha_0_5/FedProx-results/test3_comunicacao/CIFAR10/FedProx__CIFAR10__Setup-5__Clients-5__Rounds-10__Delay-0_5__Alpha-0_5__Seed-62.txt
alpha-0_5 folder,FedProx,CIFAR10,0.5,0.5,63,10,5,578.86,1 x NVIDIA RTX A1000,Intel(R) Core(TM) i7-14700,test3_comunicacao,results/main_campaign_default_alpha_0_5/FedProx-results/test3_comunicacao/CIFAR10/FedProx__CIFAR10__Setup-5__Clients-5__Rounds-10__Delay-0_5__Alpha-0_5__Seed-63.txt
alpha-0_5 folder,FedProx,CIFAR10,0.5,0.5,64,10,5,577.72,1 x NVIDIA RTX A1000,Intel(R) Core(TM) i7-14700,test3_comunicacao,results/main_campaign_default_alpha_0_5/FedProx-results/test3_comunicacao/CIFAR10/FedProx__CIFAR10__Setup-5__Clients-5__Rounds-10__Delay-0_5__Alpha-0_5__Seed-64.txt
alpha-0_5 folder,FedProx,CIFAR10,0.5,0.5,65,10,5,577.79,1 x NVIDIA RTX A1000,Intel(R) Core(TM) i7-14700,test3_comunicacao,results/main_campaign_default_alpha_0_5/FedProx-results/test3_comunicacao/CIFAR10/FedProx__CIFAR10__Setup-5__Clients-5__Rounds-10__Delay-0_5__Alpha-0_5__Seed-65.txt
alpha-0_5 folder,FedProx,CIFAR10,0.5,0.5,66,10,5,585.92,1 x NVIDIA RTX A1000,Intel(R) Core(TM) i7-14700,test3_comunicacao,results/main_campaign_default_alpha_0_5/FedProx-results/test3_comunicacao/CIFAR10/FedProx__CIFAR10__Setup-5__Clients-5__Rounds-10__Delay-0_5__Alpha-0_5__Seed-66.txt
alpha-0_5 folder,FedProx,CIFAR10,0.5,0.5,67,10,5,578.13,1 x NVIDIA RTX A1000,Intel(R) Core(TM) i7-14700,test3_comunicacao,results/main_campaign_default_alpha_0_5/FedProx-results/test3_comunicacao/CIFAR10/FedProx__CIFAR10__Setup-5__Clients-5__Rounds-10__Delay-0_5__Alpha-0_5__Seed-67.txt
alpha-0_5 folder,FedProx,CIFAR10,0.5,0.5,68,10,5,578.29,1 x NVIDIA RTX A1000,Intel(R) Core(TM) i7-14700,test3_comunicacao,results/main_campaign_default_alpha_0_5/FedProx-results/test3_comunicacao/CIFAR10/FedProx__CIFAR10__Setup-5__Clients-5__Rounds-10__Delay-0_5__Alpha-0_5__Seed-68.txt
alpha-0_5 folder,FedProx,CIFAR10,0.5,0.5,69,10,5,577.67,1 x NVIDIA RTX A1000,Intel(R) Core(TM) i7-14700,test3_comunicacao,results/main_campaign_default_alpha_0_5/FedProx-results/test3_comunicacao/CIFAR10/FedProx__CIFAR10__Setup-5__Clients-5__Rounds-10__Delay-0_5__Alpha-0_5__Seed-69.txt
alpha-0_5 folder,FedProx,CIFAR10,0.5,0.5,70,10,5,575.57,1 x NVIDIA RTX A1000,Intel(R) Core(TM) i7-14700,test3_comunicacao,results/main_campaign_default_alpha_0_5/FedProx-results/test3_comunicacao/CIFAR10/FedProx__CIFAR10__Setup-5__Clients-5__Rounds-10__Delay-0_5__Alpha-0_5__Seed-70.txt
alpha-0_5 folder,FedProx,CIFAR10,0.5,0.5,71,10,5,581.43,1 x NVIDIA RTX A1000,Intel(R) Core(TM) i7-14700,test3_comunicacao,results/main_campaign_default_alpha_0_5/FedProx-results/test3_comunicacao/CIFAR10/FedProx__CIFAR10__Setup-5__Clients-5__Rounds-10__Delay-0_5__Alpha-0_5__Seed-71.txt
alpha-0_5 folder,FedProx,FashionMNIST,0.05,0.5,42,10,5,212.44,1 x NVIDIA RTX A1000,Intel(R) Core(TM) i7-14700,test3_comunicacao,results/main_campaign_default_alpha_0_5/FedProx-results/test3_comunicacao/FashionMNIST/FedProx__FashionMNIST__Setup-5__Clients-5__Rounds-10__Delay-0_05__Alpha-0_5__Seed-42.txt
alpha-0_5 folder,FedProx,FashionMNIST,0.05,0.5,43,10,5,228.07,1 x NVIDIA RTX A1000,Intel(R) Core(TM) i7-14700,test3_comunicacao,results/main_campaign_default_alpha_0_5/FedProx-results/test3_comunicacao/FashionMNIST/FedProx__FashionMNIST__Setup-5__Clients-5__Rounds-10__Delay-0_05__Alpha-0_5__Seed-43.txt
alpha-0_5 folder,FedProx,FashionMNIST,0.05,0.5,44,10,5,206.49,1 x NVIDIA RTX A1000,Intel(R) Core(TM) i7-14700,test3_comunicacao,results/main_campaign_default_alpha_0_5/FedProx-results/test3_comunicacao/FashionMNIST/FedProx__FashionMNIST__Setup-5__Clients-5__Rounds-10__Delay-0_05__Alpha-0_5__Seed-44.txt
alpha-0_5 folder,FedProx,FashionMNIST,0.05,0.5,45,10,5,200.95,1 x NVIDIA RTX A1000,Intel(R) Core(TM) i7-14700,test3_comunicacao,results/main_campaign_default_alpha_0_5/FedProx-results/test3_comunicacao/FashionMNIST/FedProx__FashionMNIST__Setup-5__Clients-5__Rounds-10__Delay-0_05__Alpha-0_5__Seed-45.txt
alpha-0_5 folder,FedProx,FashionMNIST,0.05,0.5,46,10,5,243.89,1 x NVIDIA RTX A1000,Intel(R) Core(TM) i7-14700,test3_comunicacao,results/main_campaign_default_alpha_0_5/FedProx-results/test3_comunicacao/FashionMNIST/FedProx__FashionMNIST__Setup-5__Clients-5__Rounds-10__Delay-0_05__Alpha-0_5__Seed-46.txt
alpha-0_5 folder,FedProx,FashionMNIST,0.05,0.5,47,10,5,228.68,1 x NVIDIA RTX A1000,Intel(R) Core(TM) i7-14700,test3_comunicacao,results/main_campaign_default_alpha_0_5/FedProx-results/test3_comunicacao/FashionMNIST/FedProx__FashionMNIST__Setup-5__Clients-5__Rounds-10__Delay-0_05__Alpha-0_5__Seed-47.txt
alpha-0_5 folder,FedProx,FashionMNIST,0.05,0.5,48,10,5,238.00,1 x NVIDIA RTX A1000,Intel(R) Core(TM) i7-14700,test3_comunicacao,results/main_campaign_default_alpha_0_5/FedProx-results/test3_comunicacao/FashionMNIST/FedProx__FashionMNIST__Setup-5__Clients-5__Rounds-10__Delay-0_05__Alpha-0_5__Seed-48.txt
alpha-0_5 folder,FedProx,FashionMNIST,0.05,0.5,49,10,5,202.81,1 x NVIDIA RTX A1000,Intel(R) Core(TM) i7-14700,test3_comunicacao,results/main_campaign_default_alpha_0_5/FedProx-results/test3_comunicacao/FashionMNIST/FedProx__FashionMNIST__Setup-5__Clients-5__Rounds-10__Delay-0_05__Alpha-0_5__Seed-49.txt
alpha-0_5 folder,FedProx,FashionMNIST,0.05,0.5,50,10,5,217.50,1 x NVIDIA RTX A1000,Intel(R) Core(TM) i7-14700,test3_comunicacao,results/main_campaign_default_alpha_0_5/FedProx-results/test3_comunicacao/FashionMNIST/FedProx__FashionMNIST__Setup-5__Clients-5__Rounds-10__Delay-0_05__Alpha-0_5__Seed-50.txt
alpha-0_5 folder,FedProx,FashionMNIST,0.05,0.5,51,10,5,209.86,1 x NVIDIA RTX A1000,Intel(R) Core(TM) i7-14700,test3_comunicacao,results/main_campaign_default_alpha_0_5/FedProx-results/test3_comunicacao/FashionMNIST/FedProx__FashionMNIST__Setup-5__Clients-5__Rounds-10__Delay-0_05__Alpha-0_5__Seed-51.txt
alpha-0_5 folder,FedProx,FashionMNIST,0.05,0.5,52,10,5,202.52,1 x NVIDIA RTX A1000,Intel(R) Core(TM) i7-14700,test3_comunicacao,results/main_campaign_default_alpha_0_5/FedProx-results/test3_comunicacao/FashionMNIST/FedProx__FashionMNIST__Setup-5__Clients-5__Rounds-10__Delay-0_05__Alpha-0_5__Seed-52.txt
alpha-0_5 folder,FedProx,FashionMNIST,0.05,0.5,53,10,5,253.96,1 x NVIDIA RTX A1000,Intel(R) Core(TM) i7-14700,test3_comunicacao,results/main_campaign_default_alpha_0_5/FedProx-results/test3_comunicacao/FashionMNIST/FedProx__FashionMNIST__Setup-5__Clients-5__Rounds-10__Delay-0_05__Alpha-0_5__Seed-53.txt
alpha-0_5 folder,FedProx,FashionMNIST,0.05,0.5,54,10,5,224.13,1 x NVIDIA RTX A1000,Intel(R) Core(TM) i7-14700,test3_comunicacao,results/main_campaign_default_alpha_0_5/FedProx-results/test3_comunicacao/FashionMNIST/FedProx__FashionMNIST__Setup-5__Clients-5__Rounds-10__Delay-0_05__Alpha-0_5__Seed-54.txt
alpha-0_5 folder,FedProx,FashionMNIST,0.05,0.5,55,10,5,211.62,1 x NVIDIA RTX A1000,Intel(R) Core(TM) i7-14700,test3_comunicacao,results/main_campaign_default_alpha_0_5/FedProx-results/test3_comunicacao/FashionMNIST/FedProx__FashionMNIST__Setup-5__Clients-5__Rounds-10__Delay-0_05__Alpha-0_5__Seed-55.txt
alpha-0_5 folder,FedProx,FashionMNIST,0.05,0.5,56,10,5,245.14,1 x NVIDIA RTX A1000,Intel(R) Core(TM) i7-14700,test3_comunicacao,results/main_campaign_default_alpha_0_5/FedProx-results/test3_comunicacao/FashionMNIST/FedProx__FashionMNIST__Setup-5__Clients-5__Rounds-10__Delay-0_05__Alpha-0_5__Seed-56.txt
alpha-0_5 folder,FedProx,FashionMNIST,0.05,0.5,57,10,5,227.82,1 x NVIDIA RTX A1000,Intel(R) Core(TM) i7-14700,test3_comunicacao,results/main_campaign_default_alpha_0_5/FedProx-results/test3_comunicacao/FashionMNIST/FedProx__FashionMNIST__Setup-5__Clients-5__Rounds-10__Delay-0_05__Alpha-0_5__Seed-57.txt
alpha-0_5 folder,FedProx,FashionMNIST,0.05,0.5,58,10,5,212.77,1 x NVIDIA RTX A1000,Intel(R) Core(TM) i7-14700,test3_comunicacao,results/main_campaign_default_alpha_0_5/FedProx-results/test3_comunicacao/FashionMNIST/FedProx__FashionMNIST__Setup-5__Clients-5__Rounds-10__Delay-0_05__Alpha-0_5__Seed-58.txt
alpha-0_5 folder,FedProx,FashionMNIST,0.05,0.5,59,10,5,206.09,1 x NVIDIA RTX A1000,Intel(R) Core(TM) i7-14700,test3_comunicacao,results/main_campaign_default_alpha_0_5/FedProx-results/test3_comunicacao/FashionMNIST/FedProx__FashionMNIST__Setup-5__Clients-5__Rounds-10__Delay-0_05__Alpha-0_5__Seed-59.txt
alpha-0_5 folder,FedProx,FashionMNIST,0.05,0.5,60,10,5,194.48,1 x NVIDIA RTX A1000,Intel(R) Core(TM) i7-14700,test3_comunicacao,results/main_campaign_default_alpha_0_5/FedProx-results/test3_comunicacao/FashionMNIST/FedProx__FashionMNIST__Setup-5__Clients-5__Rounds-10__Delay-0_05__Alpha-0_5__Seed-60.txt
alpha-0_5 folder,FedProx,FashionMNIST,0.05,0.5,61,10,5,200.53,1 x NVIDIA RTX A1000,Intel(R) Core(TM) i7-14700,test3_comunicacao,results/main_campaign_default_alpha_0_5/FedProx-results/test3_comunicacao/FashionMNIST/FedProx__FashionMNIST__Setup-5__Clients-5__Rounds-10__Delay-0_05__Alpha-0_5__Seed-61.txt
alpha-0_5 folder,FedProx,FashionMNIST,0.05,0.5,62,10,5,223.59,1 x NVIDIA RTX A1000,Intel(R) Core(TM) i7-14700,test3_comunicacao,results/main_campaign_default_alpha_0_5/FedProx-results/test3_comunicacao/FashionMNIST/FedProx__FashionMNIST__Setup-5__Clients-5__Rounds-10__Delay-0_05__Alpha-0_5__Seed-62.txt
alpha-0_5 folder,FedProx,FashionMNIST,0.05,0.5,63,10,5,201.81,1 x NVIDIA RTX A1000,Intel(R) Core(TM) i7-14700,test3_comunicacao,results/main_campaign_default_alpha_0_5/FedProx-results/test3_comunicacao/FashionMNIST/FedProx__FashionMNIST__Setup-5__Clients-5__Rounds-10__Delay-0_05__Alpha-0_5__Seed-63.txt
alpha-0_5 folder,FedProx,FashionMNIST,0.05,0.5,64,10,5,208.02,1 x NVIDIA RTX A1000,Intel(R) Core(TM) i7-14700,test3_comunicacao,results/main_campaign_default_alpha_0_5/FedProx-results/test3_comunicacao/FashionMNIST/FedProx__FashionMNIST__Setup-5__Clients-5__Rounds-10__Delay-0_05__Alpha-0_5__Seed-64.txt
alpha-0_5 folder,FedProx,FashionMNIST,0.05,0.5,65,10,5,206.69,1 x NVIDIA RTX A1000,Intel(R) Core(TM) i7-14700,test3_comunicacao,results/main_campaign_default_alpha_0_5/FedProx-results/test3_comunicacao/FashionMNIST/FedProx__FashionMNIST__Setup-5__Clients-5__Rounds-10__Delay-0_05__Alpha-0_5__Seed-65.txt
alpha-0_5 folder,FedProx,FashionMNIST,0.05,0.5,66,10,5,199.27,1 x NVIDIA RTX A1000,Intel(R) Core(TM) i7-14700,test3_comunicacao,results/main_campaign_default_alpha_0_5/FedProx-results/test3_comunicacao/FashionMNIST/FedProx__FashionMNIST__Setup-5__Clients-5__Rounds-10__Delay-0_05__Alpha-0_5__Seed-66.txt
alpha-0_5 folder,FedProx,FashionMNIST,0.05,0.5,67,10,5,209.98,1 x NVIDIA RTX A1000,Intel(R) Core(TM) i7-14700,test3_comunicacao,results/main_campaign_default_alpha_0_5/FedProx-results/test3_comunicacao/FashionMNIST/FedProx__FashionMNIST__Setup-5__Clients-5__Rounds-10__Delay-0_05__Alpha-0_5__Seed-67.txt
alpha-0_5 folder,FedProx,FashionMNIST,0.05,0.5,68,10,5,202.16,1 x NVIDIA RTX A1000,Intel(R) Core(TM) i7-14700,test3_comunicacao,results/main_campaign_default_alpha_0_5/FedProx-results/test3_comunicacao/FashionMNIST/FedProx__FashionMNIST__Setup-5__Clients-5__Rounds-10__Delay-0_05__Alpha-0_5__Seed-68.txt
alpha-0_5 folder,FedProx,FashionMNIST,0.05,0.5,69,10,5,213.20,1 x NVIDIA RTX A1000,Intel(R) Core(TM) i7-14700,test3_comunicacao,results/main_campaign_default_alpha_0_5/FedProx-results/test3_comunicacao/FashionMNIST/FedProx__FashionMNIST__Setup-5__Clients-5__Rounds-10__Delay-0_05__Alpha-0_5__Seed-69.txt
alpha-0_5 folder,FedProx,FashionMNIST,0.05,0.5,70,10,5,201.17,1 x NVIDIA RTX A1000,Intel(R) Core(TM) i7-14700,test3_comunicacao,results/main_campaign_default_alpha_0_5/FedProx-results/test3_comunicacao/FashionMNIST/FedProx__FashionMNIST__Setup-5__Clients-5__Rounds-10__Delay-0_05__Alpha-0_5__Seed-70.txt
alpha-0_5 folder,FedProx,FashionMNIST,0.05,0.5,71,10,5,244.39,1 x NVIDIA RTX A1000,Intel(R) Core(TM) i7-14700,test3_comunicacao,results/main_campaign_default_alpha_0_5/FedProx-results/test3_comunicacao/FashionMNIST/FedProx__FashionMNIST__Setup-5__Clients-5__Rounds-10__Delay-0_05__Alpha-0_5__Seed-71.txt
alpha-0_5 folder,FedProx,FashionMNIST,0.1,0.5,42,10,5,211.26,1 x NVIDIA RTX A1000,Intel(R) Core(TM) i7-14700,test3_comunicacao,results/main_campaign_default_alpha_0_5/FedProx-results/test3_comunicacao/FashionMNIST/FedProx__FashionMNIST__Setup-5__Clients-5__Rounds-10__Delay-0_1__Alpha-0_5__Seed-42.txt
alpha-0_5 folder,FedProx,FashionMNIST,0.1,0.5,43,10,5,229.37,1 x NVIDIA RTX A1000,Intel(R) Core(TM) i7-14700,test3_comunicacao,results/main_campaign_default_alpha_0_5/FedProx-results/test3_comunicacao/FashionMNIST/FedProx__FashionMNIST__Setup-5__Clients-5__Rounds-10__Delay-0_1__Alpha-0_5__Seed-43.txt
alpha-0_5 folder,FedProx,FashionMNIST,0.1,0.5,44,10,5,203.31,1 x NVIDIA RTX A1000,Intel(R) Core(TM) i7-14700,test3_comunicacao,results/main_campaign_default_alpha_0_5/FedProx-results/test3_comunicacao/FashionMNIST/FedProx__FashionMNIST__Setup-5__Clients-5__Rounds-10__Delay-0_1__Alpha-0_5__Seed-44.txt
alpha-0_5 folder,FedProx,FashionMNIST,0.1,0.5,45,10,5,202.95,1 x NVIDIA RTX A1000,Intel(R) Core(TM) i7-14700,test3_comunicacao,results/main_campaign_default_alpha_0_5/FedProx-results/test3_comunicacao/FashionMNIST/FedProx__FashionMNIST__Setup-5__Clients-5__Rounds-10__Delay-0_1__Alpha-0_5__Seed-45.txt
alpha-0_5 folder,FedProx,FashionMNIST,0.1,0.5,46,10,5,245.22,1 x NVIDIA RTX A1000,Intel(R) Core(TM) i7-14700,test3_comunicacao,results/main_campaign_default_alpha_0_5/FedProx-results/test3_comunicacao/FashionMNIST/FedProx__FashionMNIST__Setup-5__Clients-5__Rounds-10__Delay-0_1__Alpha-0_5__Seed-46.txt
alpha-0_5 folder,FedProx,FashionMNIST,0.1,0.5,47,10,5,231.07,1 x NVIDIA RTX A1000,Intel(R) Core(TM) i7-14700,test3_comunicacao,results/main_campaign_default_alpha_0_5/FedProx-results/test3_comunicacao/FashionMNIST/FedProx__FashionMNIST__Setup-5__Clients-5__Rounds-10__Delay-0_1__Alpha-0_5__Seed-47.txt
alpha-0_5 folder,FedProx,FashionMNIST,0.1,0.5,48,10,5,236.80,1 x NVIDIA RTX A1000,Intel(R) Core(TM) i7-14700,test3_comunicacao,results/main_campaign_default_alpha_0_5/FedProx-results/test3_comunicacao/FashionMNIST/FedProx__FashionMNIST__Setup-5__Clients-5__Rounds-10__Delay-0_1__Alpha-0_5__Seed-48.txt
alpha-0_5 folder,FedProx,FashionMNIST,0.1,0.5,49,10,5,198.30,1 x NVIDIA RTX A1000,Intel(R) Core(TM) i7-14700,test3_comunicacao,results/main_campaign_default_alpha_0_5/FedProx-results/test3_comunicacao/FashionMNIST/FedProx__FashionMNIST__Setup-5__Clients-5__Rounds-10__Delay-0_1__Alpha-0_5__Seed-49.txt
alpha-0_5 folder,FedProx,FashionMNIST,0.1,0.5,50,10,5,216.14,1 x NVIDIA RTX A1000,Intel(R) Core(TM) i7-14700,test3_comunicacao,results/main_campaign_default_alpha_0_5/FedProx-results/test3_comunicacao/FashionMNIST/FedProx__FashionMNIST__Setup-5__Clients-5__Rounds-10__Delay-0_1__Alpha-0_5__Seed-50.txt
alpha-0_5 folder,FedProx,FashionMNIST,0.1,0.5,51,10,5,212.23,1 x NVIDIA RTX A1000,Intel(R) Core(TM) i7-14700,test3_comunicacao,results/main_campaign_default_alpha_0_5/FedProx-results/test3_comunicacao/FashionMNIST/FedProx__FashionMNIST__Setup-5__Clients-5__Rounds-10__Delay-0_1__Alpha-0_5__Seed-51.txt
alpha-0_5 folder,FedProx,FashionMNIST,0.1,0.5,52,10,5,202.64,1 x NVIDIA RTX A1000,Intel(R) Core(TM) i7-14700,test3_comunicacao,results/main_campaign_default_alpha_0_5/FedProx-results/test3_comunicacao/FashionMNIST/FedProx__FashionMNIST__Setup-5__Clients-5__Rounds-10__Delay-0_1__Alpha-0_5__Seed-52.txt
alpha-0_5 folder,FedProx,FashionMNIST,0.1,0.5,53,10,5,252.87,1 x NVIDIA RTX A1000,Intel(R) Core(TM) i7-14700,test3_comunicacao,results/main_campaign_default_alpha_0_5/FedProx-results/test3_comunicacao/FashionMNIST/FedProx__FashionMNIST__Setup-5__Clients-5__Rounds-10__Delay-0_1__Alpha-0_5__Seed-53.txt
alpha-0_5 folder,FedProx,FashionMNIST,0.1,0.5,54,10,5,228.39,1 x NVIDIA RTX A1000,Intel(R) Core(TM) i7-14700,test3_comunicacao,results/main_campaign_default_alpha_0_5/FedProx-results/test3_comunicacao/FashionMNIST/FedProx__FashionMNIST__Setup-5__Clients-5__Rounds-10__Delay-0_1__Alpha-0_5__Seed-54.txt
alpha-0_5 folder,FedProx,FashionMNIST,0.1,0.5,55,10,5,215.49,1 x NVIDIA RTX A1000,Intel(R) Core(TM) i7-14700,test3_comunicacao,results/main_campaign_default_alpha_0_5/FedProx-results/test3_comunicacao/FashionMNIST/FedProx__FashionMNIST__Setup-5__Clients-5__Rounds-10__Delay-0_1__Alpha-0_5__Seed-55.txt
alpha-0_5 folder,FedProx,FashionMNIST,0.1,0.5,56,10,5,246.40,1 x NVIDIA RTX A1000,Intel(R) Core(TM) i7-14700,test3_comunicacao,results/main_campaign_default_alpha_0_5/FedProx-results/test3_comunicacao/FashionMNIST/FedProx__FashionMNIST__Setup-5__Clients-5__Rounds-10__Delay-0_1__Alpha-0_5__Seed-56.txt
alpha-0_5 folder,FedProx,FashionMNIST,0.1,0.5,57,10,5,230.69,1 x NVIDIA RTX A1000,Intel(R) Core(TM) i7-14700,test3_comunicacao,results/main_campaign_default_alpha_0_5/FedProx-results/test3_comunicacao/FashionMNIST/FedProx__FashionMNIST__Setup-5__Clients-5__Rounds-10__Delay-0_1__Alpha-0_5__Seed-57.txt
alpha-0_5 folder,FedProx,FashionMNIST,0.1,0.5,58,10,5,212.42,1 x NVIDIA RTX A1000,Intel(R) Core(TM) i7-14700,test3_comunicacao,results/main_campaign_default_alpha_0_5/FedProx-results/test3_comunicacao/FashionMNIST/FedProx__FashionMNIST__Setup-5__Clients-5__Rounds-10__Delay-0_1__Alpha-0_5__Seed-58.txt
alpha-0_5 folder,FedProx,FashionMNIST,0.1,0.5,59,10,5,208.49,1 x NVIDIA RTX A1000,Intel(R) Core(TM) i7-14700,test3_comunicacao,results/main_campaign_default_alpha_0_5/FedProx-results/test3_comunicacao/FashionMNIST/FedProx__FashionMNIST__Setup-5__Clients-5__Rounds-10__Delay-0_1__Alpha-0_5__Seed-59.txt
alpha-0_5 folder,FedProx,FashionMNIST,0.1,0.5,60,10,5,201.05,1 x NVIDIA RTX A1000,Intel(R) Core(TM) i7-14700,test3_comunicacao,results/main_campaign_default_alpha_0_5/FedProx-results/test3_comunicacao/FashionMNIST/FedProx__FashionMNIST__Setup-5__Clients-5__Rounds-10__Delay-0_1__Alpha-0_5__Seed-60.txt
alpha-0_5 folder,FedProx,FashionMNIST,0.1,0.5,61,10,5,203.70,1 x NVIDIA RTX A1000,Intel(R) Core(TM) i7-14700,test3_comunicacao,results/main_campaign_default_alpha_0_5/FedProx-results/test3_comunicacao/FashionMNIST/FedProx__FashionMNIST__Setup-5__Clients-5__Rounds-10__Delay-0_1__Alpha-0_5__Seed-61.txt
alpha-0_5 folder,FedProx,FashionMNIST,0.1,0.5,62,10,5,228.13,1 x NVIDIA RTX A1000,Intel(R) Core(TM) i7-14700,test3_comunicacao,results/main_campaign_default_alpha_0_5/FedProx-results/test3_comunicacao/FashionMNIST/FedProx__FashionMNIST__Setup-5__Clients-5__Rounds-10__Delay-0_1__Alpha-0_5__Seed-62.txt
alpha-0_5 folder,FedProx,FashionMNIST,0.1,0.5,63,10,5,206.06,1 x NVIDIA RTX A1000,Intel(R) Core(TM) i7-14700,test3_comunicacao,results/main_campaign_default_alpha_0_5/FedProx-results/test3_comunicacao/FashionMNIST/FedProx__FashionMNIST__Setup-5__Clients-5__Rounds-10__Delay-0_1__Alpha-0_5__Seed-63.txt
alpha-0_5 folder,FedProx,FashionMNIST,0.1,0.5,64,10,5,211.60,1 x NVIDIA RTX A1000,Intel(R) Core(TM) i7-14700,test3_comunicacao,results/main_campaign_default_alpha_0_5/FedProx-results/test3_comunicacao/FashionMNIST/FedProx__FashionMNIST__Setup-5__Clients-5__Rounds-10__Delay-0_1__Alpha-0_5__Seed-64.txt
alpha-0_5 folder,FedProx,FashionMNIST,0.1,0.5,65,10,5,209.14,1 x NVIDIA RTX A1000,Intel(R) Core(TM) i7-14700,test3_comunicacao,results/main_campaign_default_alpha_0_5/FedProx-results/test3_comunicacao/FashionMNIST/FedProx__FashionMNIST__Setup-5__Clients-5__Rounds-10__Delay-0_1__Alpha-0_5__Seed-65.txt
alpha-0_5 folder,FedProx,FashionMNIST,0.1,0.5,66,10,5,207.22,1 x NVIDIA RTX A1000,Intel(R) Core(TM) i7-14700,test3_comunicacao,results/main_campaign_default_alpha_0_5/FedProx-results/test3_comunicacao/FashionMNIST/FedProx__FashionMNIST__Setup-5__Clients-5__Rounds-10__Delay-0_1__Alpha-0_5__Seed-66.txt
alpha-0_5 folder,FedProx,FashionMNIST,0.1,0.5,67,10,5,212.38,1 x NVIDIA RTX A1000,Intel(R) Core(TM) i7-14700,test3_comunicacao,results/main_campaign_default_alpha_0_5/FedProx-results/test3_comunicacao/FashionMNIST/FedProx__FashionMNIST__Setup-5__Clients-5__Rounds-10__Delay-0_1__Alpha-0_5__Seed-67.txt
alpha-0_5 folder,FedProx,FashionMNIST,0.1,0.5,68,10,5,204.83,1 x NVIDIA RTX A1000,Intel(R) Core(TM) i7-14700,test3_comunicacao,results/main_campaign_default_alpha_0_5/FedProx-results/test3_comunicacao/FashionMNIST/FedProx__FashionMNIST__Setup-5__Clients-5__Rounds-10__Delay-0_1__Alpha-0_5__Seed-68.txt
alpha-0_5 folder,FedProx,FashionMNIST,0.1,0.5,69,10,5,212.64,1 x NVIDIA RTX A1000,Intel(R) Core(TM) i7-14700,test3_comunicacao,results/main_campaign_default_alpha_0_5/FedProx-results/test3_comunicacao/FashionMNIST/FedProx__FashionMNIST__Setup-5__Clients-5__Rounds-10__Delay-0_1__Alpha-0_5__Seed-69.txt
alpha-0_5 folder,FedProx,FashionMNIST,0.1,0.5,70,10,5,202.20,1 x NVIDIA RTX A1000,Intel(R) Core(TM) i7-14700,test3_comunicacao,results/main_campaign_default_alpha_0_5/FedProx-results/test3_comunicacao/FashionMNIST/FedProx__FashionMNIST__Setup-5__Clients-5__Rounds-10__Delay-0_1__Alpha-0_5__Seed-70.txt
alpha-0_5 folder,FedProx,FashionMNIST,0.1,0.5,71,10,5,245.97,1 x NVIDIA RTX A1000,Intel(R) Core(TM) i7-14700,test3_comunicacao,results/main_campaign_default_alpha_0_5/FedProx-results/test3_comunicacao/FashionMNIST/FedProx__FashionMNIST__Setup-5__Clients-5__Rounds-10__Delay-0_1__Alpha-0_5__Seed-71.txt
alpha-0_5 folder,FedProx,FashionMNIST,0.5,0.5,42,10,5,225.03,1 x NVIDIA RTX A1000,Intel(R) Core(TM) i7-14700,test3_comunicacao,results/main_campaign_default_alpha_0_5/FedProx-results/test3_comunicacao/FashionMNIST/FedProx__FashionMNIST__Setup-5__Clients-5__Rounds-10__Delay-0_5__Alpha-0_5__Seed-42.txt
alpha-0_5 folder,FedProx,FashionMNIST,0.5,0.5,43,10,5,240.72,1 x NVIDIA RTX A1000,Intel(R) Core(TM) i7-14700,test3_comunicacao,results/main_campaign_default_alpha_0_5/FedProx-results/test3_comunicacao/FashionMNIST/FedProx__FashionMNIST__Setup-5__Clients-5__Rounds-10__Delay-0_5__Alpha-0_5__Seed-43.txt
alpha-0_5 folder,FedProx,FashionMNIST,0.5,0.5,44,10,5,223.12,1 x NVIDIA RTX A1000,Intel(R) Core(TM) i7-14700,test3_comunicacao,results/main_campaign_default_alpha_0_5/FedProx-results/test3_comunicacao/FashionMNIST/FedProx__FashionMNIST__Setup-5__Clients-5__Rounds-10__Delay-0_5__Alpha-0_5__Seed-44.txt
alpha-0_5 folder,FedProx,FashionMNIST,0.5,0.5,45,10,5,213.31,1 x NVIDIA RTX A1000,Intel(R) Core(TM) i7-14700,test3_comunicacao,results/main_campaign_default_alpha_0_5/FedProx-results/test3_comunicacao/FashionMNIST/FedProx__FashionMNIST__Setup-5__Clients-5__Rounds-10__Delay-0_5__Alpha-0_5__Seed-45.txt
alpha-0_5 folder,FedProx,FashionMNIST,0.5,0.5,46,10,5,261.15,1 x NVIDIA RTX A1000,Intel(R) Core(TM) i7-14700,test3_comunicacao,results/main_campaign_default_alpha_0_5/FedProx-results/test3_comunicacao/FashionMNIST/FedProx__FashionMNIST__Setup-5__Clients-5__Rounds-10__Delay-0_5__Alpha-0_5__Seed-46.txt
alpha-0_5 folder,FedProx,FashionMNIST,0.5,0.5,47,10,5,243.49,1 x NVIDIA RTX A1000,Intel(R) Core(TM) i7-14700,test3_comunicacao,results/main_campaign_default_alpha_0_5/FedProx-results/test3_comunicacao/FashionMNIST/FedProx__FashionMNIST__Setup-5__Clients-5__Rounds-10__Delay-0_5__Alpha-0_5__Seed-47.txt
alpha-0_5 folder,FedProx,FashionMNIST,0.5,0.5,48,10,5,248.95,1 x NVIDIA RTX A1000,Intel(R) Core(TM) i7-14700,test3_comunicacao,results/main_campaign_default_alpha_0_5/FedProx-results/test3_comunicacao/FashionMNIST/FedProx__FashionMNIST__Setup-5__Clients-5__Rounds-10__Delay-0_5__Alpha-0_5__Seed-48.txt
alpha-0_5 folder,FedProx,FashionMNIST,0.5,0.5,49,10,5,216.60,1 x NVIDIA RTX A1000,Intel(R) Core(TM) i7-14700,test3_comunicacao,results/main_campaign_default_alpha_0_5/FedProx-results/test3_comunicacao/FashionMNIST/FedProx__FashionMNIST__Setup-5__Clients-5__Rounds-10__Delay-0_5__Alpha-0_5__Seed-49.txt
alpha-0_5 folder,FedProx,FashionMNIST,0.5,0.5,50,10,5,230.88,1 x NVIDIA RTX A1000,Intel(R) Core(TM) i7-14700,test3_comunicacao,results/main_campaign_default_alpha_0_5/FedProx-results/test3_comunicacao/FashionMNIST/FedProx__FashionMNIST__Setup-5__Clients-5__Rounds-10__Delay-0_5__Alpha-0_5__Seed-50.txt
alpha-0_5 folder,FedProx,FashionMNIST,0.5,0.5,51,10,5,225.09,1 x NVIDIA RTX A1000,Intel(R) Core(TM) i7-14700,test3_comunicacao,results/main_campaign_default_alpha_0_5/FedProx-results/test3_comunicacao/FashionMNIST/FedProx__FashionMNIST__Setup-5__Clients-5__Rounds-10__Delay-0_5__Alpha-0_5__Seed-51.txt
alpha-0_5 folder,FedProx,FashionMNIST,0.5,0.5,52,10,5,216.52,1 x NVIDIA RTX A1000,Intel(R) Core(TM) i7-14700,test3_comunicacao,results/main_campaign_default_alpha_0_5/FedProx-results/test3_comunicacao/FashionMNIST/FedProx__FashionMNIST__Setup-5__Clients-5__Rounds-10__Delay-0_5__Alpha-0_5__Seed-52.txt
alpha-0_5 folder,FedProx,FashionMNIST,0.5,0.5,53,10,5,266.67,1 x NVIDIA RTX A1000,Intel(R) Core(TM) i7-14700,test3_comunicacao,results/main_campaign_default_alpha_0_5/FedProx-results/test3_comunicacao/FashionMNIST/FedProx__FashionMNIST__Setup-5__Clients-5__Rounds-10__Delay-0_5__Alpha-0_5__Seed-53.txt
alpha-0_5 folder,FedProx,FashionMNIST,0.5,0.5,54,10,5,237.28,1 x NVIDIA RTX A1000,Intel(R) Core(TM) i7-14700,test3_comunicacao,results/main_campaign_default_alpha_0_5/FedProx-results/test3_comunicacao/FashionMNIST/FedProx__FashionMNIST__Setup-5__Clients-5__Rounds-10__Delay-0_5__Alpha-0_5__Seed-54.txt
alpha-0_5 folder,FedProx,FashionMNIST,0.5,0.5,55,10,5,220.50,1 x NVIDIA RTX A1000,Intel(R) Core(TM) i7-14700,test3_comunicacao,results/main_campaign_default_alpha_0_5/FedProx-results/test3_comunicacao/FashionMNIST/FedProx__FashionMNIST__Setup-5__Clients-5__Rounds-10__Delay-0_5__Alpha-0_5__Seed-55.txt
alpha-0_5 folder,FedProx,FashionMNIST,0.5,0.5,56,10,5,259.11,1 x NVIDIA RTX A1000,Intel(R) Core(TM) i7-14700,test3_comunicacao,results/main_campaign_default_alpha_0_5/FedProx-results/test3_comunicacao/FashionMNIST/FedProx__FashionMNIST__Setup-5__Clients-5__Rounds-10__Delay-0_5__Alpha-0_5__Seed-56.txt
alpha-0_5 folder,FedProx,FashionMNIST,0.5,0.5,57,10,5,242.75,1 x NVIDIA RTX A1000,Intel(R) Core(TM) i7-14700,test3_comunicacao,results/main_campaign_default_alpha_0_5/FedProx-results/test3_comunicacao/FashionMNIST/FedProx__FashionMNIST__Setup-5__Clients-5__Rounds-10__Delay-0_5__Alpha-0_5__Seed-57.txt
alpha-0_5 folder,FedProx,FashionMNIST,0.5,0.5,58,10,5,220.41,1 x NVIDIA RTX A1000,Intel(R) Core(TM) i7-14700,test3_comunicacao,results/main_campaign_default_alpha_0_5/FedProx-results/test3_comunicacao/FashionMNIST/FedProx__FashionMNIST__Setup-5__Clients-5__Rounds-10__Delay-0_5__Alpha-0_5__Seed-58.txt
alpha-0_5 folder,FedProx,FashionMNIST,0.5,0.5,59,10,5,219.59,1 x NVIDIA RTX A1000,Intel(R) Core(TM) i7-14700,test3_comunicacao,results/main_campaign_default_alpha_0_5/FedProx-results/test3_comunicacao/FashionMNIST/FedProx__FashionMNIST__Setup-5__Clients-5__Rounds-10__Delay-0_5__Alpha-0_5__Seed-59.txt
alpha-0_5 folder,FedProx,FashionMNIST,0.5,0.5,60,10,5,211.92,1 x NVIDIA RTX A1000,Intel(R) Core(TM) i7-14700,test3_comunicacao,results/main_campaign_default_alpha_0_5/FedProx-results/test3_comunicacao/FashionMNIST/FedProx__FashionMNIST__Setup-5__Clients-5__Rounds-10__Delay-0_5__Alpha-0_5__Seed-60.txt
alpha-0_5 folder,FedProx,FashionMNIST,0.5,0.5,61,10,5,217.47,1 x NVIDIA RTX A1000,Intel(R) Core(TM) i7-14700,test3_comunicacao,results/main_campaign_default_alpha_0_5/FedProx-results/test3_comunicacao/FashionMNIST/FedProx__FashionMNIST__Setup-5__Clients-5__Rounds-10__Delay-0_5__Alpha-0_5__Seed-61.txt
alpha-0_5 folder,FedProx,FashionMNIST,0.5,0.5,62,10,5,238.50,1 x NVIDIA RTX A1000,Intel(R) Core(TM) i7-14700,test3_comunicacao,results/main_campaign_default_alpha_0_5/FedProx-results/test3_comunicacao/FashionMNIST/FedProx__FashionMNIST__Setup-5__Clients-5__Rounds-10__Delay-0_5__Alpha-0_5__Seed-62.txt
alpha-0_5 folder,FedProx,FashionMNIST,0.5,0.5,63,10,5,215.22,1 x NVIDIA RTX A1000,Intel(R) Core(TM) i7-14700,test3_comunicacao,results/main_campaign_default_alpha_0_5/FedProx-results/test3_comunicacao/FashionMNIST/FedProx__FashionMNIST__Setup-5__Clients-5__Rounds-10__Delay-0_5__Alpha-0_5__Seed-63.txt
alpha-0_5 folder,FedProx,FashionMNIST,0.5,0.5,64,10,5,223.23,1 x NVIDIA RTX A1000,Intel(R) Core(TM) i7-14700,test3_comunicacao,results/main_campaign_default_alpha_0_5/FedProx-results/test3_comunicacao/FashionMNIST/FedProx__FashionMNIST__Setup-5__Clients-5__Rounds-10__Delay-0_5__Alpha-0_5__Seed-64.txt
alpha-0_5 folder,FedProx,FashionMNIST,0.5,0.5,65,10,5,219.89,1 x NVIDIA RTX A1000,Intel(R) Core(TM) i7-14700,test3_comunicacao,results/main_campaign_default_alpha_0_5/FedProx-results/test3_comunicacao/FashionMNIST/FedProx__FashionMNIST__Setup-5__Clients-5__Rounds-10__Delay-0_5__Alpha-0_5__Seed-65.txt
alpha-0_5 folder,FedProx,FashionMNIST,0.5,0.5,66,10,5,220.42,1 x NVIDIA RTX A1000,Intel(R) Core(TM) i7-14700,test3_comunicacao,results/main_campaign_default_alpha_0_5/FedProx-results/test3_comunicacao/FashionMNIST/FedProx__FashionMNIST__Setup-5__Clients-5__Rounds-10__Delay-0_5__Alpha-0_5__Seed-66.txt
alpha-0_5 folder,FedProx,FashionMNIST,0.5,0.5,67,10,5,223.52,1 x NVIDIA RTX A1000,Intel(R) Core(TM) i7-14700,test3_comunicacao,results/main_campaign_default_alpha_0_5/FedProx-results/test3_comunicacao/FashionMNIST/FedProx__FashionMNIST__Setup-5__Clients-5__Rounds-10__Delay-0_5__Alpha-0_5__Seed-67.txt
alpha-0_5 folder,FedProx,FashionMNIST,0.5,0.5,68,10,5,216.89,1 x NVIDIA RTX A1000,Intel(R) Core(TM) i7-14700,test3_comunicacao,results/main_campaign_default_alpha_0_5/FedProx-results/test3_comunicacao/FashionMNIST/FedProx__FashionMNIST__Setup-5__Clients-5__Rounds-10__Delay-0_5__Alpha-0_5__Seed-68.txt
alpha-0_5 folder,FedProx,FashionMNIST,0.5,0.5,69,10,5,227.53,1 x NVIDIA RTX A1000,Intel(R) Core(TM) i7-14700,test3_comunicacao,results/main_campaign_default_alpha_0_5/FedProx-results/test3_comunicacao/FashionMNIST/FedProx__FashionMNIST__Setup-5__Clients-5__Rounds-10__Delay-0_5__Alpha-0_5__Seed-69.txt
alpha-0_5 folder,FedProx,FashionMNIST,0.5,0.5,70,10,5,213.66,1 x NVIDIA RTX A1000,Intel(R) Core(TM) i7-14700,test3_comunicacao,results/main_campaign_default_alpha_0_5/FedProx-results/test3_comunicacao/FashionMNIST/FedProx__FashionMNIST__Setup-5__Clients-5__Rounds-10__Delay-0_5__Alpha-0_5__Seed-70.txt
alpha-0_5 folder,FedProx,FashionMNIST,0.5,0.5,71,10,5,257.39,1 x NVIDIA RTX A1000,Intel(R) Core(TM) i7-14700,test3_comunicacao,results/main_campaign_default_alpha_0_5/FedProx-results/test3_comunicacao/FashionMNIST/FedProx__FashionMNIST__Setup-5__Clients-5__Rounds-10__Delay-0_5__Alpha-0_5__Seed-71.txt
alpha-0_5 folder,FedProx,MNIST,0.05,0.5,42,10,5,209.93,1 x NVIDIA RTX A1000,Intel(R) Core(TM) i7-14700,test3_comunicacao,results/main_campaign_default_alpha_0_5/FedProx-results/test3_comunicacao/MNIST/FedProx__MNIST__Setup-5__Clients-5__Rounds-10__Delay-0_05__Alpha-0_5__Seed-42.txt
alpha-0_5 folder,FedProx,MNIST,0.05,0.5,43,10,5,229.71,1 x NVIDIA RTX A1000,Intel(R) Core(TM) i7-14700,test3_comunicacao,results/main_campaign_default_alpha_0_5/FedProx-results/test3_comunicacao/MNIST/FedProx__MNIST__Setup-5__Clients-5__Rounds-10__Delay-0_05__Alpha-0_5__Seed-43.txt
alpha-0_5 folder,FedProx,MNIST,0.05,0.5,44,10,5,206.18,1 x NVIDIA RTX A1000,Intel(R) Core(TM) i7-14700,test3_comunicacao,results/main_campaign_default_alpha_0_5/FedProx-results/test3_comunicacao/MNIST/FedProx__MNIST__Setup-5__Clients-5__Rounds-10__Delay-0_05__Alpha-0_5__Seed-44.txt
alpha-0_5 folder,FedProx,MNIST,0.05,0.5,45,10,5,203.63,1 x NVIDIA RTX A1000,Intel(R) Core(TM) i7-14700,test3_comunicacao,results/main_campaign_default_alpha_0_5/FedProx-results/test3_comunicacao/MNIST/FedProx__MNIST__Setup-5__Clients-5__Rounds-10__Delay-0_05__Alpha-0_5__Seed-45.txt
alpha-0_5 folder,FedProx,MNIST,0.05,0.5,46,10,5,239.65,1 x NVIDIA RTX A1000,Intel(R) Core(TM) i7-14700,test3_comunicacao,results/main_campaign_default_alpha_0_5/FedProx-results/test3_comunicacao/MNIST/FedProx__MNIST__Setup-5__Clients-5__Rounds-10__Delay-0_05__Alpha-0_5__Seed-46.txt
alpha-0_5 folder,FedProx,MNIST,0.05,0.5,47,10,5,230.80,1 x NVIDIA RTX A1000,Intel(R) Core(TM) i7-14700,test3_comunicacao,results/main_campaign_default_alpha_0_5/FedProx-results/test3_comunicacao/MNIST/FedProx__MNIST__Setup-5__Clients-5__Rounds-10__Delay-0_05__Alpha-0_5__Seed-47.txt
alpha-0_5 folder,FedProx,MNIST,0.05,0.5,48,10,5,233.90,1 x NVIDIA RTX A1000,Intel(R) Core(TM) i7-14700,test3_comunicacao,results/main_campaign_default_alpha_0_5/FedProx-results/test3_comunicacao/MNIST/FedProx__MNIST__Setup-5__Clients-5__Rounds-10__Delay-0_05__Alpha-0_5__Seed-48.txt
alpha-0_5 folder,FedProx,MNIST,0.05,0.5,49,10,5,205.72,1 x NVIDIA RTX A1000,Intel(R) Core(TM) i7-14700,test3_comunicacao,results/main_campaign_default_alpha_0_5/FedProx-results/test3_comunicacao/MNIST/FedProx__MNIST__Setup-5__Clients-5__Rounds-10__Delay-0_05__Alpha-0_5__Seed-49.txt
alpha-0_5 folder,FedProx,MNIST,0.05,0.5,50,10,5,216.40,1 x NVIDIA RTX A1000,Intel(R) Core(TM) i7-14700,test3_comunicacao,results/main_campaign_default_alpha_0_5/FedProx-results/test3_comunicacao/MNIST/FedProx__MNIST__Setup-5__Clients-5__Rounds-10__Delay-0_05__Alpha-0_5__Seed-50.txt
alpha-0_5 folder,FedProx,MNIST,0.05,0.5,51,10,5,212.29,1 x NVIDIA RTX A1000,Intel(R) Core(TM) i7-14700,test3_comunicacao,results/main_campaign_default_alpha_0_5/FedProx-results/test3_comunicacao/MNIST/FedProx__MNIST__Setup-5__Clients-5__Rounds-10__Delay-0_05__Alpha-0_5__Seed-51.txt
alpha-0_5 folder,FedProx,MNIST,0.05,0.5,52,10,5,199.89,1 x NVIDIA RTX A1000,Intel(R) Core(TM) i7-14700,test3_comunicacao,results/main_campaign_default_alpha_0_5/FedProx-results/test3_comunicacao/MNIST/FedProx__MNIST__Setup-5__Clients-5__Rounds-10__Delay-0_05__Alpha-0_5__Seed-52.txt
alpha-0_5 folder,FedProx,MNIST,0.05,0.5,53,10,5,253.93,1 x NVIDIA RTX A1000,Intel(R) Core(TM) i7-14700,test3_comunicacao,results/main_campaign_default_alpha_0_5/FedProx-results/test3_comunicacao/MNIST/FedProx__MNIST__Setup-5__Clients-5__Rounds-10__Delay-0_05__Alpha-0_5__Seed-53.txt
alpha-0_5 folder,FedProx,MNIST,0.05,0.5,54,10,5,225.09,1 x NVIDIA RTX A1000,Intel(R) Core(TM) i7-14700,test3_comunicacao,results/main_campaign_default_alpha_0_5/FedProx-results/test3_comunicacao/MNIST/FedProx__MNIST__Setup-5__Clients-5__Rounds-10__Delay-0_05__Alpha-0_5__Seed-54.txt
alpha-0_5 folder,FedProx,MNIST,0.05,0.5,55,10,5,215.79,1 x NVIDIA RTX A1000,Intel(R) Core(TM) i7-14700,test3_comunicacao,results/main_campaign_default_alpha_0_5/FedProx-results/test3_comunicacao/MNIST/FedProx__MNIST__Setup-5__Clients-5__Rounds-10__Delay-0_05__Alpha-0_5__Seed-55.txt
alpha-0_5 folder,FedProx,MNIST,0.05,0.5,56,10,5,244.87,1 x NVIDIA RTX A1000,Intel(R) Core(TM) i7-14700,test3_comunicacao,results/main_campaign_default_alpha_0_5/FedProx-results/test3_comunicacao/MNIST/FedProx__MNIST__Setup-5__Clients-5__Rounds-10__Delay-0_05__Alpha-0_5__Seed-56.txt
alpha-0_5 folder,FedProx,MNIST,0.05,0.5,57,10,5,227.00,1 x NVIDIA RTX A1000,Intel(R) Core(TM) i7-14700,test3_comunicacao,results/main_campaign_default_alpha_0_5/FedProx-results/test3_comunicacao/MNIST/FedProx__MNIST__Setup-5__Clients-5__Rounds-10__Delay-0_05__Alpha-0_5__Seed-57.txt
alpha-0_5 folder,FedProx,MNIST,0.05,0.5,58,10,5,211.37,1 x NVIDIA RTX A1000,Intel(R) Core(TM) i7-14700,test3_comunicacao,results/main_campaign_default_alpha_0_5/FedProx-results/test3_comunicacao/MNIST/FedProx__MNIST__Setup-5__Clients-5__Rounds-10__Delay-0_05__Alpha-0_5__Seed-58.txt
alpha-0_5 folder,FedProx,MNIST,0.05,0.5,59,10,5,203.30,1 x NVIDIA RTX A1000,Intel(R) Core(TM) i7-14700,test3_comunicacao,results/main_campaign_default_alpha_0_5/FedProx-results/test3_comunicacao/MNIST/FedProx__MNIST__Setup-5__Clients-5__Rounds-10__Delay-0_05__Alpha-0_5__Seed-59.txt
alpha-0_5 folder,FedProx,MNIST,0.05,0.5,60,10,5,199.43,1 x NVIDIA RTX A1000,Intel(R) Core(TM) i7-14700,test3_comunicacao,results/main_campaign_default_alpha_0_5/FedProx-results/test3_comunicacao/MNIST/FedProx__MNIST__Setup-5__Clients-5__Rounds-10__Delay-0_05__Alpha-0_5__Seed-60.txt
alpha-0_5 folder,FedProx,MNIST,0.05,0.5,61,10,5,200.63,1 x NVIDIA RTX A1000,Intel(R) Core(TM) i7-14700,test3_comunicacao,results/main_campaign_default_alpha_0_5/FedProx-results/test3_comunicacao/MNIST/FedProx__MNIST__Setup-5__Clients-5__Rounds-10__Delay-0_05__Alpha-0_5__Seed-61.txt
alpha-0_5 folder,FedProx,MNIST,0.05,0.5,62,10,5,229.34,1 x NVIDIA RTX A1000,Intel(R) Core(TM) i7-14700,test3_comunicacao,results/main_campaign_default_alpha_0_5/FedProx-results/test3_comunicacao/MNIST/FedProx__MNIST__Setup-5__Clients-5__Rounds-10__Delay-0_05__Alpha-0_5__Seed-62.txt
alpha-0_5 folder,FedProx,MNIST,0.05,0.5,63,10,5,199.13,1 x NVIDIA RTX A1000,Intel(R) Core(TM) i7-14700,test3_comunicacao,results/main_campaign_default_alpha_0_5/FedProx-results/test3_comunicacao/MNIST/FedProx__MNIST__Setup-5__Clients-5__Rounds-10__Delay-0_05__Alpha-0_5__Seed-63.txt
alpha-0_5 folder,FedProx,MNIST,0.05,0.5,64,10,5,212.19,1 x NVIDIA RTX A1000,Intel(R) Core(TM) i7-14700,test3_comunicacao,results/main_campaign_default_alpha_0_5/FedProx-results/test3_comunicacao/MNIST/FedProx__MNIST__Setup-5__Clients-5__Rounds-10__Delay-0_05__Alpha-0_5__Seed-64.txt
alpha-0_5 folder,FedProx,MNIST,0.05,0.5,65,10,5,210.60,1 x NVIDIA RTX A1000,Intel(R) Core(TM) i7-14700,test3_comunicacao,results/main_campaign_default_alpha_0_5/FedProx-results/test3_comunicacao/MNIST/FedProx__MNIST__Setup-5__Clients-5__Rounds-10__Delay-0_05__Alpha-0_5__Seed-65.txt
alpha-0_5 folder,FedProx,MNIST,0.05,0.5,66,10,5,204.84,1 x NVIDIA RTX A1000,Intel(R) Core(TM) i7-14700,test3_comunicacao,results/main_campaign_default_alpha_0_5/FedProx-results/test3_comunicacao/MNIST/FedProx__MNIST__Setup-5__Clients-5__Rounds-10__Delay-0_05__Alpha-0_5__Seed-66.txt
alpha-0_5 folder,FedProx,MNIST,0.05,0.5,67,10,5,213.72,1 x NVIDIA RTX A1000,Intel(R) Core(TM) i7-14700,test3_comunicacao,results/main_campaign_default_alpha_0_5/FedProx-results/test3_comunicacao/MNIST/FedProx__MNIST__Setup-5__Clients-5__Rounds-10__Delay-0_05__Alpha-0_5__Seed-67.txt
alpha-0_5 folder,FedProx,MNIST,0.05,0.5,68,10,5,207.89,1 x NVIDIA RTX A1000,Intel(R) Core(TM) i7-14700,test3_comunicacao,results/main_campaign_default_alpha_0_5/FedProx-results/test3_comunicacao/MNIST/FedProx__MNIST__Setup-5__Clients-5__Rounds-10__Delay-0_05__Alpha-0_5__Seed-68.txt
alpha-0_5 folder,FedProx,MNIST,0.05,0.5,69,10,5,216.07,1 x NVIDIA RTX A1000,Intel(R) Core(TM) i7-14700,test3_comunicacao,results/main_campaign_default_alpha_0_5/FedProx-results/test3_comunicacao/MNIST/FedProx__MNIST__Setup-5__Clients-5__Rounds-10__Delay-0_05__Alpha-0_5__Seed-69.txt
alpha-0_5 folder,FedProx,MNIST,0.05,0.5,70,10,5,202.55,1 x NVIDIA RTX A1000,Intel(R) Core(TM) i7-14700,test3_comunicacao,results/main_campaign_default_alpha_0_5/FedProx-results/test3_comunicacao/MNIST/FedProx__MNIST__Setup-5__Clients-5__Rounds-10__Delay-0_05__Alpha-0_5__Seed-70.txt
alpha-0_5 folder,FedProx,MNIST,0.05,0.5,71,10,5,245.21,1 x NVIDIA RTX A1000,Intel(R) Core(TM) i7-14700,test3_comunicacao,results/main_campaign_default_alpha_0_5/FedProx-results/test3_comunicacao/MNIST/FedProx__MNIST__Setup-5__Clients-5__Rounds-10__Delay-0_05__Alpha-0_5__Seed-71.txt
alpha-0_5 folder,FedProx,MNIST,0.1,0.5,42,10,5,211.20,1 x NVIDIA RTX A1000,Intel(R) Core(TM) i7-14700,test3_comunicacao,results/main_campaign_default_alpha_0_5/FedProx-results/test3_comunicacao/MNIST/FedProx__MNIST__Setup-5__Clients-5__Rounds-10__Delay-0_1__Alpha-0_5__Seed-42.txt
alpha-0_5 folder,FedProx,MNIST,0.1,0.5,43,10,5,230.38,1 x NVIDIA RTX A1000,Intel(R) Core(TM) i7-14700,test3_comunicacao,results/main_campaign_default_alpha_0_5/FedProx-results/test3_comunicacao/MNIST/FedProx__MNIST__Setup-5__Clients-5__Rounds-10__Delay-0_1__Alpha-0_5__Seed-43.txt
alpha-0_5 folder,FedProx,MNIST,0.1,0.5,44,10,5,215.34,1 x NVIDIA RTX A1000,Intel(R) Core(TM) i7-14700,test3_comunicacao,results/main_campaign_default_alpha_0_5/FedProx-results/test3_comunicacao/MNIST/FedProx__MNIST__Setup-5__Clients-5__Rounds-10__Delay-0_1__Alpha-0_5__Seed-44.txt
alpha-0_5 folder,FedProx,MNIST,0.1,0.5,45,10,5,205.05,1 x NVIDIA RTX A1000,Intel(R) Core(TM) i7-14700,test3_comunicacao,results/main_campaign_default_alpha_0_5/FedProx-results/test3_comunicacao/MNIST/FedProx__MNIST__Setup-5__Clients-5__Rounds-10__Delay-0_1__Alpha-0_5__Seed-45.txt
alpha-0_5 folder,FedProx,MNIST,0.1,0.5,46,10,5,241.86,1 x NVIDIA RTX A1000,Intel(R) Core(TM) i7-14700,test3_comunicacao,results/main_campaign_default_alpha_0_5/FedProx-results/test3_comunicacao/MNIST/FedProx__MNIST__Setup-5__Clients-5__Rounds-10__Delay-0_1__Alpha-0_5__Seed-46.txt
alpha-0_5 folder,FedProx,MNIST,0.1,0.5,47,10,5,232.31,1 x NVIDIA RTX A1000,Intel(R) Core(TM) i7-14700,test3_comunicacao,results/main_campaign_default_alpha_0_5/FedProx-results/test3_comunicacao/MNIST/FedProx__MNIST__Setup-5__Clients-5__Rounds-10__Delay-0_1__Alpha-0_5__Seed-47.txt
alpha-0_5 folder,FedProx,MNIST,0.1,0.5,48,10,5,235.27,1 x NVIDIA RTX A1000,Intel(R) Core(TM) i7-14700,test3_comunicacao,results/main_campaign_default_alpha_0_5/FedProx-results/test3_comunicacao/MNIST/FedProx__MNIST__Setup-5__Clients-5__Rounds-10__Delay-0_1__Alpha-0_5__Seed-48.txt
alpha-0_5 folder,FedProx,MNIST,0.1,0.5,49,10,5,207.45,1 x NVIDIA RTX A1000,Intel(R) Core(TM) i7-14700,test3_comunicacao,results/main_campaign_default_alpha_0_5/FedProx-results/test3_comunicacao/MNIST/FedProx__MNIST__Setup-5__Clients-5__Rounds-10__Delay-0_1__Alpha-0_5__Seed-49.txt
alpha-0_5 folder,FedProx,MNIST,0.1,0.5,50,10,5,218.25,1 x NVIDIA RTX A1000,Intel(R) Core(TM) i7-14700,test3_comunicacao,results/main_campaign_default_alpha_0_5/FedProx-results/test3_comunicacao/MNIST/FedProx__MNIST__Setup-5__Clients-5__Rounds-10__Delay-0_1__Alpha-0_5__Seed-50.txt
alpha-0_5 folder,FedProx,MNIST,0.1,0.5,51,10,5,213.31,1 x NVIDIA RTX A1000,Intel(R) Core(TM) i7-14700,test3_comunicacao,results/main_campaign_default_alpha_0_5/FedProx-results/test3_comunicacao/MNIST/FedProx__MNIST__Setup-5__Clients-5__Rounds-10__Delay-0_1__Alpha-0_5__Seed-51.txt
alpha-0_5 folder,FedProx,MNIST,0.1,0.5,52,10,5,202.52,1 x NVIDIA RTX A1000,Intel(R) Core(TM) i7-14700,test3_comunicacao,results/main_campaign_default_alpha_0_5/FedProx-results/test3_comunicacao/MNIST/FedProx__MNIST__Setup-5__Clients-5__Rounds-10__Delay-0_1__Alpha-0_5__Seed-52.txt
alpha-0_5 folder,FedProx,MNIST,0.1,0.5,53,10,5,257.14,1 x NVIDIA RTX A1000,Intel(R) Core(TM) i7-14700,test3_comunicacao,results/main_campaign_default_alpha_0_5/FedProx-results/test3_comunicacao/MNIST/FedProx__MNIST__Setup-5__Clients-5__Rounds-10__Delay-0_1__Alpha-0_5__Seed-53.txt
alpha-0_5 folder,FedProx,MNIST,0.1,0.5,54,10,5,225.70,1 x NVIDIA RTX A1000,Intel(R) Core(TM) i7-14700,test3_comunicacao,results/main_campaign_default_alpha_0_5/FedProx-results/test3_comunicacao/MNIST/FedProx__MNIST__Setup-5__Clients-5__Rounds-10__Delay-0_1__Alpha-0_5__Seed-54.txt
alpha-0_5 folder,FedProx,MNIST,0.1,0.5,55,10,5,214.47,1 x NVIDIA RTX A1000,Intel(R) Core(TM) i7-14700,test3_comunicacao,results/main_campaign_default_alpha_0_5/FedProx-results/test3_comunicacao/MNIST/FedProx__MNIST__Setup-5__Clients-5__Rounds-10__Delay-0_1__Alpha-0_5__Seed-55.txt
alpha-0_5 folder,FedProx,MNIST,0.1,0.5,56,10,5,243.93,1 x NVIDIA RTX A1000,Intel(R) Core(TM) i7-14700,test3_comunicacao,results/main_campaign_default_alpha_0_5/FedProx-results/test3_comunicacao/MNIST/FedProx__MNIST__Setup-5__Clients-5__Rounds-10__Delay-0_1__Alpha-0_5__Seed-56.txt
alpha-0_5 folder,FedProx,MNIST,0.1,0.5,57,10,5,227.65,1 x NVIDIA RTX A1000,Intel(R) Core(TM) i7-14700,test3_comunicacao,results/main_campaign_default_alpha_0_5/FedProx-results/test3_comunicacao/MNIST/FedProx__MNIST__Setup-5__Clients-5__Rounds-10__Delay-0_1__Alpha-0_5__Seed-57.txt
alpha-0_5 folder,FedProx,MNIST,0.1,0.5,58,10,5,213.01,1 x NVIDIA RTX A1000,Intel(R) Core(TM) i7-14700,test3_comunicacao,results/main_campaign_default_alpha_0_5/FedProx-results/test3_comunicacao/MNIST/FedProx__MNIST__Setup-5__Clients-5__Rounds-10__Delay-0_1__Alpha-0_5__Seed-58.txt
alpha-0_5 folder,FedProx,MNIST,0.1,0.5,59,10,5,205.76,1 x NVIDIA RTX A1000,Intel(R) Core(TM) i7-14700,test3_comunicacao,results/main_campaign_default_alpha_0_5/FedProx-results/test3_comunicacao/MNIST/FedProx__MNIST__Setup-5__Clients-5__Rounds-10__Delay-0_1__Alpha-0_5__Seed-59.txt
alpha-0_5 folder,FedProx,MNIST,0.1,0.5,60,10,5,199.25,1 x NVIDIA RTX A1000,Intel(R) Core(TM) i7-14700,test3_comunicacao,results/main_campaign_default_alpha_0_5/FedProx-results/test3_comunicacao/MNIST/FedProx__MNIST__Setup-5__Clients-5__Rounds-10__Delay-0_1__Alpha-0_5__Seed-60.txt
alpha-0_5 folder,FedProx,MNIST,0.1,0.5,61,10,5,203.05,1 x NVIDIA RTX A1000,Intel(R) Core(TM) i7-14700,test3_comunicacao,results/main_campaign_default_alpha_0_5/FedProx-results/test3_comunicacao/MNIST/FedProx__MNIST__Setup-5__Clients-5__Rounds-10__Delay-0_1__Alpha-0_5__Seed-61.txt
alpha-0_5 folder,FedProx,MNIST,0.1,0.5,62,10,5,229.54,1 x NVIDIA RTX A1000,Intel(R) Core(TM) i7-14700,test3_comunicacao,results/main_campaign_default_alpha_0_5/FedProx-results/test3_comunicacao/MNIST/FedProx__MNIST__Setup-5__Clients-5__Rounds-10__Delay-0_1__Alpha-0_5__Seed-62.txt
alpha-0_5 folder,FedProx,MNIST,0.1,0.5,63,10,5,201.16,1 x NVIDIA RTX A1000,Intel(R) Core(TM) i7-14700,test3_comunicacao,results/main_campaign_default_alpha_0_5/FedProx-results/test3_comunicacao/MNIST/FedProx__MNIST__Setup-5__Clients-5__Rounds-10__Delay-0_1__Alpha-0_5__Seed-63.txt
alpha-0_5 folder,FedProx,MNIST,0.1,0.5,64,10,5,213.96,1 x NVIDIA RTX A1000,Intel(R) Core(TM) i7-14700,test3_comunicacao,results/main_campaign_default_alpha_0_5/FedProx-results/test3_comunicacao/MNIST/FedProx__MNIST__Setup-5__Clients-5__Rounds-10__Delay-0_1__Alpha-0_5__Seed-64.txt
alpha-0_5 folder,FedProx,MNIST,0.1,0.5,65,10,5,211.20,1 x NVIDIA RTX A1000,Intel(R) Core(TM) i7-14700,test3_comunicacao,results/main_campaign_default_alpha_0_5/FedProx-results/test3_comunicacao/MNIST/FedProx__MNIST__Setup-5__Clients-5__Rounds-10__Delay-0_1__Alpha-0_5__Seed-65.txt
alpha-0_5 folder,FedProx,MNIST,0.1,0.5,66,10,5,207.79,1 x NVIDIA RTX A1000,Intel(R) Core(TM) i7-14700,test3_comunicacao,results/main_campaign_default_alpha_0_5/FedProx-results/test3_comunicacao/MNIST/FedProx__MNIST__Setup-5__Clients-5__Rounds-10__Delay-0_1__Alpha-0_5__Seed-66.txt
alpha-0_5 folder,FedProx,MNIST,0.1,0.5,67,10,5,215.95,1 x NVIDIA RTX A1000,Intel(R) Core(TM) i7-14700,test3_comunicacao,results/main_campaign_default_alpha_0_5/FedProx-results/test3_comunicacao/MNIST/FedProx__MNIST__Setup-5__Clients-5__Rounds-10__Delay-0_1__Alpha-0_5__Seed-67.txt
alpha-0_5 folder,FedProx,MNIST,0.1,0.5,68,10,5,207.30,1 x NVIDIA RTX A1000,Intel(R) Core(TM) i7-14700,test3_comunicacao,results/main_campaign_default_alpha_0_5/FedProx-results/test3_comunicacao/MNIST/FedProx__MNIST__Setup-5__Clients-5__Rounds-10__Delay-0_1__Alpha-0_5__Seed-68.txt
alpha-0_5 folder,FedProx,MNIST,0.1,0.5,69,10,5,217.45,1 x NVIDIA RTX A1000,Intel(R) Core(TM) i7-14700,test3_comunicacao,results/main_campaign_default_alpha_0_5/FedProx-results/test3_comunicacao/MNIST/FedProx__MNIST__Setup-5__Clients-5__Rounds-10__Delay-0_1__Alpha-0_5__Seed-69.txt
alpha-0_5 folder,FedProx,MNIST,0.1,0.5,70,10,5,204.61,1 x NVIDIA RTX A1000,Intel(R) Core(TM) i7-14700,test3_comunicacao,results/main_campaign_default_alpha_0_5/FedProx-results/test3_comunicacao/MNIST/FedProx__MNIST__Setup-5__Clients-5__Rounds-10__Delay-0_1__Alpha-0_5__Seed-70.txt
alpha-0_5 folder,FedProx,MNIST,0.1,0.5,71,10,5,246.37,1 x NVIDIA RTX A1000,Intel(R) Core(TM) i7-14700,test3_comunicacao,results/main_campaign_default_alpha_0_5/FedProx-results/test3_comunicacao/MNIST/FedProx__MNIST__Setup-5__Clients-5__Rounds-10__Delay-0_1__Alpha-0_5__Seed-71.txt
alpha-0_5 folder,FedProx,MNIST,0.5,0.5,42,10,5,223.92,1 x NVIDIA RTX A1000,Intel(R) Core(TM) i7-14700,test3_comunicacao,results/main_campaign_default_alpha_0_5/FedProx-results/test3_comunicacao/MNIST/FedProx__MNIST__Setup-5__Clients-5__Rounds-10__Delay-0_5__Alpha-0_5__Seed-42.txt
alpha-0_5 folder,FedProx,MNIST,0.5,0.5,43,10,5,243.38,1 x NVIDIA RTX A1000,Intel(R) Core(TM) i7-14700,test3_comunicacao,results/main_campaign_default_alpha_0_5/FedProx-results/test3_comunicacao/MNIST/FedProx__MNIST__Setup-5__Clients-5__Rounds-10__Delay-0_5__Alpha-0_5__Seed-43.txt
alpha-0_5 folder,FedProx,MNIST,0.5,0.5,44,10,5,225.17,1 x NVIDIA RTX A1000,Intel(R) Core(TM) i7-14700,test3_comunicacao,results/main_campaign_default_alpha_0_5/FedProx-results/test3_comunicacao/MNIST/FedProx__MNIST__Setup-5__Clients-5__Rounds-10__Delay-0_5__Alpha-0_5__Seed-44.txt
alpha-0_5 folder,FedProx,MNIST,0.5,0.5,45,10,5,219.23,1 x NVIDIA RTX A1000,Intel(R) Core(TM) i7-14700,test3_comunicacao,results/main_campaign_default_alpha_0_5/FedProx-results/test3_comunicacao/MNIST/FedProx__MNIST__Setup-5__Clients-5__Rounds-10__Delay-0_5__Alpha-0_5__Seed-45.txt
alpha-0_5 folder,FedProx,MNIST,0.5,0.5,46,10,5,254.34,1 x NVIDIA RTX A1000,Intel(R) Core(TM) i7-14700,test3_comunicacao,results/main_campaign_default_alpha_0_5/FedProx-results/test3_comunicacao/MNIST/FedProx__MNIST__Setup-5__Clients-5__Rounds-10__Delay-0_5__Alpha-0_5__Seed-46.txt
alpha-0_5 folder,FedProx,MNIST,0.5,0.5,47,10,5,244.37,1 x NVIDIA RTX A1000,Intel(R) Core(TM) i7-14700,test3_comunicacao,results/main_campaign_default_alpha_0_5/FedProx-results/test3_comunicacao/MNIST/FedProx__MNIST__Setup-5__Clients-5__Rounds-10__Delay-0_5__Alpha-0_5__Seed-47.txt
alpha-0_5 folder,FedProx,MNIST,0.5,0.5,48,10,5,248.08,1 x NVIDIA RTX A1000,Intel(R) Core(TM) i7-14700,test3_comunicacao,results/main_campaign_default_alpha_0_5/FedProx-results/test3_comunicacao/MNIST/FedProx__MNIST__Setup-5__Clients-5__Rounds-10__Delay-0_5__Alpha-0_5__Seed-48.txt
alpha-0_5 folder,FedProx,MNIST,0.5,0.5,49,10,5,220.21,1 x NVIDIA RTX A1000,Intel(R) Core(TM) i7-14700,test3_comunicacao,results/main_campaign_default_alpha_0_5/FedProx-results/test3_comunicacao/MNIST/FedProx__MNIST__Setup-5__Clients-5__Rounds-10__Delay-0_5__Alpha-0_5__Seed-49.txt
alpha-0_5 folder,FedProx,MNIST,0.5,0.5,50,10,5,228.14,1 x NVIDIA RTX A1000,Intel(R) Core(TM) i7-14700,test3_comunicacao,results/main_campaign_default_alpha_0_5/FedProx-results/test3_comunicacao/MNIST/FedProx__MNIST__Setup-5__Clients-5__Rounds-10__Delay-0_5__Alpha-0_5__Seed-50.txt
alpha-0_5 folder,FedProx,MNIST,0.5,0.5,51,10,5,226.64,1 x NVIDIA RTX A1000,Intel(R) Core(TM) i7-14700,test3_comunicacao,results/main_campaign_default_alpha_0_5/FedProx-results/test3_comunicacao/MNIST/FedProx__MNIST__Setup-5__Clients-5__Rounds-10__Delay-0_5__Alpha-0_5__Seed-51.txt
alpha-0_5 folder,FedProx,MNIST,0.5,0.5,52,10,5,214.15,1 x NVIDIA RTX A1000,Intel(R) Core(TM) i7-14700,test3_comunicacao,results/main_campaign_default_alpha_0_5/FedProx-results/test3_comunicacao/MNIST/FedProx__MNIST__Setup-5__Clients-5__Rounds-10__Delay-0_5__Alpha-0_5__Seed-52.txt
alpha-0_5 folder,FedProx,MNIST,0.5,0.5,53,10,5,268.46,1 x NVIDIA RTX A1000,Intel(R) Core(TM) i7-14700,test3_comunicacao,results/main_campaign_default_alpha_0_5/FedProx-results/test3_comunicacao/MNIST/FedProx__MNIST__Setup-5__Clients-5__Rounds-10__Delay-0_5__Alpha-0_5__Seed-53.txt
alpha-0_5 folder,FedProx,MNIST,0.5,0.5,54,10,5,237.84,1 x NVIDIA RTX A1000,Intel(R) Core(TM) i7-14700,test3_comunicacao,results/main_campaign_default_alpha_0_5/FedProx-results/test3_comunicacao/MNIST/FedProx__MNIST__Setup-5__Clients-5__Rounds-10__Delay-0_5__Alpha-0_5__Seed-54.txt
alpha-0_5 folder,FedProx,MNIST,0.5,0.5,55,10,5,228.23,1 x NVIDIA RTX A1000,Intel(R) Core(TM) i7-14700,test3_comunicacao,results/main_campaign_default_alpha_0_5/FedProx-results/test3_comunicacao/MNIST/FedProx__MNIST__Setup-5__Clients-5__Rounds-10__Delay-0_5__Alpha-0_5__Seed-55.txt
alpha-0_5 folder,FedProx,MNIST,0.5,0.5,56,10,5,258.84,1 x NVIDIA RTX A1000,Intel(R) Core(TM) i7-14700,test3_comunicacao,results/main_campaign_default_alpha_0_5/FedProx-results/test3_comunicacao/MNIST/FedProx__MNIST__Setup-5__Clients-5__Rounds-10__Delay-0_5__Alpha-0_5__Seed-56.txt
alpha-0_5 folder,FedProx,MNIST,0.5,0.5,57,10,5,238.85,1 x NVIDIA RTX A1000,Intel(R) Core(TM) i7-14700,test3_comunicacao,results/main_campaign_default_alpha_0_5/FedProx-results/test3_comunicacao/MNIST/FedProx__MNIST__Setup-5__Clients-5__Rounds-10__Delay-0_5__Alpha-0_5__Seed-57.txt
alpha-0_5 folder,FedProx,MNIST,0.5,0.5,58,10,5,225.65,1 x NVIDIA RTX A1000,Intel(R) Core(TM) i7-14700,test3_comunicacao,results/main_campaign_default_alpha_0_5/FedProx-results/test3_comunicacao/MNIST/FedProx__MNIST__Setup-5__Clients-5__Rounds-10__Delay-0_5__Alpha-0_5__Seed-58.txt
alpha-0_5 folder,FedProx,MNIST,0.5,0.5,59,10,5,218.05,1 x NVIDIA RTX A1000,Intel(R) Core(TM) i7-14700,test3_comunicacao,results/main_campaign_default_alpha_0_5/FedProx-results/test3_comunicacao/MNIST/FedProx__MNIST__Setup-5__Clients-5__Rounds-10__Delay-0_5__Alpha-0_5__Seed-59.txt
alpha-0_5 folder,FedProx,MNIST,0.5,0.5,60,10,5,212.64,1 x NVIDIA RTX A1000,Intel(R) Core(TM) i7-14700,test3_comunicacao,results/main_campaign_default_alpha_0_5/FedProx-results/test3_comunicacao/MNIST/FedProx__MNIST__Setup-5__Clients-5__Rounds-10__Delay-0_5__Alpha-0_5__Seed-60.txt
alpha-0_5 folder,FedProx,MNIST,0.5,0.5,61,10,5,214.77,1 x NVIDIA RTX A1000,Intel(R) Core(TM) i7-14700,test3_comunicacao,results/main_campaign_default_alpha_0_5/FedProx-results/test3_comunicacao/MNIST/FedProx__MNIST__Setup-5__Clients-5__Rounds-10__Delay-0_5__Alpha-0_5__Seed-61.txt
alpha-0_5 folder,FedProx,MNIST,0.5,0.5,62,10,5,242.85,1 x NVIDIA RTX A1000,Intel(R) Core(TM) i7-14700,test3_comunicacao,results/main_campaign_default_alpha_0_5/FedProx-results/test3_comunicacao/MNIST/FedProx__MNIST__Setup-5__Clients-5__Rounds-10__Delay-0_5__Alpha-0_5__Seed-62.txt
alpha-0_5 folder,FedProx,MNIST,0.5,0.5,63,10,5,214.17,1 x NVIDIA RTX A1000,Intel(R) Core(TM) i7-14700,test3_comunicacao,results/main_campaign_default_alpha_0_5/FedProx-results/test3_comunicacao/MNIST/FedProx__MNIST__Setup-5__Clients-5__Rounds-10__Delay-0_5__Alpha-0_5__Seed-63.txt
alpha-0_5 folder,FedProx,MNIST,0.5,0.5,64,10,5,226.41,1 x NVIDIA RTX A1000,Intel(R) Core(TM) i7-14700,test3_comunicacao,results/main_campaign_default_alpha_0_5/FedProx-results/test3_comunicacao/MNIST/FedProx__MNIST__Setup-5__Clients-5__Rounds-10__Delay-0_5__Alpha-0_5__Seed-64.txt
alpha-0_5 folder,FedProx,MNIST,0.5,0.5,65,10,5,225.48,1 x NVIDIA RTX A1000,Intel(R) Core(TM) i7-14700,test3_comunicacao,results/main_campaign_default_alpha_0_5/FedProx-results/test3_comunicacao/MNIST/FedProx__MNIST__Setup-5__Clients-5__Rounds-10__Delay-0_5__Alpha-0_5__Seed-65.txt
alpha-0_5 folder,FedProx,MNIST,0.5,0.5,66,10,5,218.50,1 x NVIDIA RTX A1000,Intel(R) Core(TM) i7-14700,test3_comunicacao,results/main_campaign_default_alpha_0_5/FedProx-results/test3_comunicacao/MNIST/FedProx__MNIST__Setup-5__Clients-5__Rounds-10__Delay-0_5__Alpha-0_5__Seed-66.txt
alpha-0_5 folder,FedProx,MNIST,0.5,0.5,67,10,5,225.68,1 x NVIDIA RTX A1000,Intel(R) Core(TM) i7-14700,test3_comunicacao,results/main_campaign_default_alpha_0_5/FedProx-results/test3_comunicacao/MNIST/FedProx__MNIST__Setup-5__Clients-5__Rounds-10__Delay-0_5__Alpha-0_5__Seed-67.txt
alpha-0_5 folder,FedProx,MNIST,0.5,0.5,68,10,5,221.32,1 x NVIDIA RTX A1000,Intel(R) Core(TM) i7-14700,test3_comunicacao,results/main_campaign_default_alpha_0_5/FedProx-results/test3_comunicacao/MNIST/FedProx__MNIST__Setup-5__Clients-5__Rounds-10__Delay-0_5__Alpha-0_5__Seed-68.txt
alpha-0_5 folder,FedProx,MNIST,0.5,0.5,69,10,5,230.27,1 x NVIDIA RTX A1000,Intel(R) Core(TM) i7-14700,test3_comunicacao,results/main_campaign_default_alpha_0_5/FedProx-results/test3_comunicacao/MNIST/FedProx__MNIST__Setup-5__Clients-5__Rounds-10__Delay-0_5__Alpha-0_5__Seed-69.txt
alpha-0_5 folder,FedProx,MNIST,0.5,0.5,70,10,5,216.74,1 x NVIDIA RTX A1000,Intel(R) Core(TM) i7-14700,test3_comunicacao,results/main_campaign_default_alpha_0_5/FedProx-results/test3_comunicacao/MNIST/FedProx__MNIST__Setup-5__Clients-5__Rounds-10__Delay-0_5__Alpha-0_5__Seed-70.txt
alpha-0_5 folder,FedProx,MNIST,0.5,0.5,71,10,5,256.22,1 x NVIDIA RTX A1000,Intel(R) Core(TM) i7-14700,test3_comunicacao,results/main_campaign_default_alpha_0_5/FedProx-results/test3_comunicacao/MNIST/FedProx__MNIST__Setup-5__Clients-5__Rounds-10__Delay-0_5__Alpha-0_5__Seed-71.txt
alpha-0_01 folder,FedAVG,CIFAR10,0.05,0.01,42,10,5,151.74,1 x NVIDIA A40,AMD EPYC 9354P 32-Core Processor,test3_comunicacao,results/main_campaign_default_alpha_0_01/FedAVG-results/test3_comunicacao/CIFAR10/FedAVG__CIFAR10__Setup-5__Clients-5__Rounds-10__Delay-0_05__Alpha-0_01__Seed-42.txt
alpha-0_01 folder,FedAVG,CIFAR10,0.05,0.01,43,10,5,165.95,1 x NVIDIA A40,AMD EPYC 9354P 32-Core Processor,test3_comunicacao,results/main_campaign_default_alpha_0_01/FedAVG-results/test3_comunicacao/CIFAR10/FedAVG__CIFAR10__Setup-5__Clients-5__Rounds-10__Delay-0_05__Alpha-0_01__Seed-43.txt
alpha-0_01 folder,FedAVG,CIFAR10,0.05,0.01,44,10,5,156.17,1 x NVIDIA A40,AMD EPYC 9354P 32-Core Processor,test3_comunicacao,results/main_campaign_default_alpha_0_01/FedAVG-results/test3_comunicacao/CIFAR10/FedAVG__CIFAR10__Setup-5__Clients-5__Rounds-10__Delay-0_05__Alpha-0_01__Seed-44.txt
alpha-0_01 folder,FedAVG,CIFAR10,0.05,0.01,45,10,5,149.44,1 x NVIDIA A40,AMD EPYC 9354P 32-Core Processor,test3_comunicacao,results/main_campaign_default_alpha_0_01/FedAVG-results/test3_comunicacao/CIFAR10/FedAVG__CIFAR10__Setup-5__Clients-5__Rounds-10__Delay-0_05__Alpha-0_01__Seed-45.txt
alpha-0_01 folder,FedAVG,CIFAR10,0.05,0.01,46,10,5,196.98,1 x NVIDIA A40,AMD EPYC 9354P 32-Core Processor,test3_comunicacao,results/main_campaign_default_alpha_0_01/FedAVG-results/test3_comunicacao/CIFAR10/FedAVG__CIFAR10__Setup-5__Clients-5__Rounds-10__Delay-0_05__Alpha-0_01__Seed-46.txt
alpha-0_01 folder,FedAVG,CIFAR10,0.05,0.01,47,10,5,177.32,1 x NVIDIA A40,AMD EPYC 9354P 32-Core Processor,test3_comunicacao,results/main_campaign_default_alpha_0_01/FedAVG-results/test3_comunicacao/CIFAR10/FedAVG__CIFAR10__Setup-5__Clients-5__Rounds-10__Delay-0_05__Alpha-0_01__Seed-47.txt
alpha-0_01 folder,FedAVG,CIFAR10,0.05,0.01,48,10,5,144.54,1 x NVIDIA A40,AMD EPYC 9354P 32-Core Processor,test3_comunicacao,results/main_campaign_default_alpha_0_01/FedAVG-results/test3_comunicacao/CIFAR10/FedAVG__CIFAR10__Setup-5__Clients-5__Rounds-10__Delay-0_05__Alpha-0_01__Seed-48.txt
alpha-0_01 folder,FedAVG,CIFAR10,0.05,0.01,49,10,5,152.36,1 x NVIDIA A40,AMD EPYC 9354P 32-Core Processor,test3_comunicacao,results/main_campaign_default_alpha_0_01/FedAVG-results/test3_comunicacao/CIFAR10/FedAVG__CIFAR10__Setup-5__Clients-5__Rounds-10__Delay-0_05__Alpha-0_01__Seed-49.txt
alpha-0_01 folder,FedAVG,CIFAR10,0.05,0.01,50,10,5,198.79,1 x NVIDIA A40,AMD EPYC 9354P 32-Core Processor,test3_comunicacao,results/main_campaign_default_alpha_0_01/FedAVG-results/test3_comunicacao/CIFAR10/FedAVG__CIFAR10__Setup-5__Clients-5__Rounds-10__Delay-0_05__Alpha-0_01__Seed-50.txt
alpha-0_01 folder,FedAVG,CIFAR10,0.05,0.01,51,10,5,168.13,1 x NVIDIA A40,AMD EPYC 9354P 32-Core Processor,test3_comunicacao,results/main_campaign_default_alpha_0_01/FedAVG-results/test3_comunicacao/CIFAR10/FedAVG__CIFAR10__Setup-5__Clients-5__Rounds-10__Delay-0_05__Alpha-0_01__Seed-51.txt
alpha-0_01 folder,FedAVG,CIFAR10,0.05,0.01,52,10,5,168.10,1 x NVIDIA A40,AMD EPYC 9354P 32-Core Processor,test3_comunicacao,results/main_campaign_default_alpha_0_01/FedAVG-results/test3_comunicacao/CIFAR10/FedAVG__CIFAR10__Setup-5__Clients-5__Rounds-10__Delay-0_05__Alpha-0_01__Seed-52.txt
alpha-0_01 folder,FedAVG,CIFAR10,0.05,0.01,53,10,5,141.24,1 x NVIDIA A40,AMD EPYC 9354P 32-Core Processor,test3_comunicacao,results/main_campaign_default_alpha_0_01/FedAVG-results/test3_comunicacao/CIFAR10/FedAVG__CIFAR10__Setup-5__Clients-5__Rounds-10__Delay-0_05__Alpha-0_01__Seed-53.txt
alpha-0_01 folder,FedAVG,CIFAR10,0.05,0.01,54,10,5,150.97,1 x NVIDIA A40,AMD EPYC 9354P 32-Core Processor,test3_comunicacao,results/main_campaign_default_alpha_0_01/FedAVG-results/test3_comunicacao/CIFAR10/FedAVG__CIFAR10__Setup-5__Clients-5__Rounds-10__Delay-0_05__Alpha-0_01__Seed-54.txt
alpha-0_01 folder,FedAVG,CIFAR10,0.05,0.01,55,10,5,174.02,1 x NVIDIA A40,AMD EPYC 9354P 32-Core Processor,test3_comunicacao,results/main_campaign_default_alpha_0_01/FedAVG-results/test3_comunicacao/CIFAR10/FedAVG__CIFAR10__Setup-5__Clients-5__Rounds-10__Delay-0_05__Alpha-0_01__Seed-55.txt
alpha-0_01 folder,FedAVG,CIFAR10,0.05,0.01,56,10,5,147.98,1 x NVIDIA A40,AMD EPYC 9354P 32-Core Processor,test3_comunicacao,results/main_campaign_default_alpha_0_01/FedAVG-results/test3_comunicacao/CIFAR10/FedAVG__CIFAR10__Setup-5__Clients-5__Rounds-10__Delay-0_05__Alpha-0_01__Seed-56.txt
alpha-0_01 folder,FedAVG,CIFAR10,0.05,0.01,57,10,5,172.98,1 x NVIDIA A40,AMD EPYC 9354P 32-Core Processor,test3_comunicacao,results/main_campaign_default_alpha_0_01/FedAVG-results/test3_comunicacao/CIFAR10/FedAVG__CIFAR10__Setup-5__Clients-5__Rounds-10__Delay-0_05__Alpha-0_01__Seed-57.txt
alpha-0_01 folder,FedAVG,CIFAR10,0.05,0.01,58,10,5,147.18,1 x NVIDIA A40,AMD EPYC 9354P 32-Core Processor,test3_comunicacao,results/main_campaign_default_alpha_0_01/FedAVG-results/test3_comunicacao/CIFAR10/FedAVG__CIFAR10__Setup-5__Clients-5__Rounds-10__Delay-0_05__Alpha-0_01__Seed-58.txt
alpha-0_01 folder,FedAVG,CIFAR10,0.05,0.01,59,10,5,167.21,1 x NVIDIA A40,AMD EPYC 9354P 32-Core Processor,test3_comunicacao,results/main_campaign_default_alpha_0_01/FedAVG-results/test3_comunicacao/CIFAR10/FedAVG__CIFAR10__Setup-5__Clients-5__Rounds-10__Delay-0_05__Alpha-0_01__Seed-59.txt
alpha-0_01 folder,FedAVG,CIFAR10,0.05,0.01,60,10,5,169.94,1 x NVIDIA A40,AMD EPYC 9354P 32-Core Processor,test3_comunicacao,results/main_campaign_default_alpha_0_01/FedAVG-results/test3_comunicacao/CIFAR10/FedAVG__CIFAR10__Setup-5__Clients-5__Rounds-10__Delay-0_05__Alpha-0_01__Seed-60.txt
alpha-0_01 folder,FedAVG,CIFAR10,0.05,0.01,61,10,5,170.58,1 x NVIDIA A40,AMD EPYC 9354P 32-Core Processor,test3_comunicacao,results/main_campaign_default_alpha_0_01/FedAVG-results/test3_comunicacao/CIFAR10/FedAVG__CIFAR10__Setup-5__Clients-5__Rounds-10__Delay-0_05__Alpha-0_01__Seed-61.txt
alpha-0_01 folder,FedAVG,CIFAR10,0.05,0.01,62,10,5,171.13,1 x NVIDIA A40,AMD EPYC 9354P 32-Core Processor,test3_comunicacao,results/main_campaign_default_alpha_0_01/FedAVG-results/test3_comunicacao/CIFAR10/FedAVG__CIFAR10__Setup-5__Clients-5__Rounds-10__Delay-0_05__Alpha-0_01__Seed-62.txt
alpha-0_01 folder,FedAVG,CIFAR10,0.05,0.01,63,10,5,148.37,1 x NVIDIA A40,AMD EPYC 9354P 32-Core Processor,test3_comunicacao,results/main_campaign_default_alpha_0_01/FedAVG-results/test3_comunicacao/CIFAR10/FedAVG__CIFAR10__Setup-5__Clients-5__Rounds-10__Delay-0_05__Alpha-0_01__Seed-63.txt
alpha-0_01 folder,FedAVG,CIFAR10,0.05,0.01,64,10,5,146.70,1 x NVIDIA A40,AMD EPYC 9354P 32-Core Processor,test3_comunicacao,results/main_campaign_default_alpha_0_01/FedAVG-results/test3_comunicacao/CIFAR10/FedAVG__CIFAR10__Setup-5__Clients-5__Rounds-10__Delay-0_05__Alpha-0_01__Seed-64.txt
alpha-0_01 folder,FedAVG,CIFAR10,0.05,0.01,65,10,5,167.26,1 x NVIDIA A40,AMD EPYC 9354P 32-Core Processor,test3_comunicacao,results/main_campaign_default_alpha_0_01/FedAVG-results/test3_comunicacao/CIFAR10/FedAVG__CIFAR10__Setup-5__Clients-5__Rounds-10__Delay-0_05__Alpha-0_01__Seed-65.txt
alpha-0_01 folder,FedAVG,CIFAR10,0.05,0.01,66,10,5,171.12,1 x NVIDIA A40,AMD EPYC 9354P 32-Core Processor,test3_comunicacao,results/main_campaign_default_alpha_0_01/FedAVG-results/test3_comunicacao/CIFAR10/FedAVG__CIFAR10__Setup-5__Clients-5__Rounds-10__Delay-0_05__Alpha-0_01__Seed-66.txt
alpha-0_01 folder,FedAVG,CIFAR10,0.05,0.01,67,10,5,204.88,1 x NVIDIA A40,AMD EPYC 9354P 32-Core Processor,test3_comunicacao,results/main_campaign_default_alpha_0_01/FedAVG-results/test3_comunicacao/CIFAR10/FedAVG__CIFAR10__Setup-5__Clients-5__Rounds-10__Delay-0_05__Alpha-0_01__Seed-67.txt
alpha-0_01 folder,FedAVG,CIFAR10,0.05,0.01,68,10,5,147.77,1 x NVIDIA A40,AMD EPYC 9354P 32-Core Processor,test3_comunicacao,results/main_campaign_default_alpha_0_01/FedAVG-results/test3_comunicacao/CIFAR10/FedAVG__CIFAR10__Setup-5__Clients-5__Rounds-10__Delay-0_05__Alpha-0_01__Seed-68.txt
alpha-0_01 folder,FedAVG,CIFAR10,0.05,0.01,69,10,5,176.45,1 x NVIDIA A40,AMD EPYC 9354P 32-Core Processor,test3_comunicacao,results/main_campaign_default_alpha_0_01/FedAVG-results/test3_comunicacao/CIFAR10/FedAVG__CIFAR10__Setup-5__Clients-5__Rounds-10__Delay-0_05__Alpha-0_01__Seed-69.txt
alpha-0_01 folder,FedAVG,CIFAR10,0.05,0.01,70,10,5,148.77,1 x NVIDIA A40,AMD EPYC 9354P 32-Core Processor,test3_comunicacao,results/main_campaign_default_alpha_0_01/FedAVG-results/test3_comunicacao/CIFAR10/FedAVG__CIFAR10__Setup-5__Clients-5__Rounds-10__Delay-0_05__Alpha-0_01__Seed-70.txt
alpha-0_01 folder,FedAVG,CIFAR10,0.05,0.01,71,10,5,174.38,1 x NVIDIA A40,AMD EPYC 9354P 32-Core Processor,test3_comunicacao,results/main_campaign_default_alpha_0_01/FedAVG-results/test3_comunicacao/CIFAR10/FedAVG__CIFAR10__Setup-5__Clients-5__Rounds-10__Delay-0_05__Alpha-0_01__Seed-71.txt
alpha-0_01 folder,FedAVG,CIFAR10,0.1,0.01,42,10,5,153.10,1 x NVIDIA A40,AMD EPYC 9354P 32-Core Processor,test3_comunicacao,results/main_campaign_default_alpha_0_01/FedAVG-results/test3_comunicacao/CIFAR10/FedAVG__CIFAR10__Setup-5__Clients-5__Rounds-10__Delay-0_1__Alpha-0_01__Seed-42.txt
alpha-0_01 folder,FedAVG,CIFAR10,0.1,0.01,43,10,5,166.62,1 x NVIDIA A40,AMD EPYC 9354P 32-Core Processor,test3_comunicacao,results/main_campaign_default_alpha_0_01/FedAVG-results/test3_comunicacao/CIFAR10/FedAVG__CIFAR10__Setup-5__Clients-5__Rounds-10__Delay-0_1__Alpha-0_01__Seed-43.txt
alpha-0_01 folder,FedAVG,CIFAR10,0.1,0.01,44,10,5,156.80,1 x NVIDIA A40,AMD EPYC 9354P 32-Core Processor,test3_comunicacao,results/main_campaign_default_alpha_0_01/FedAVG-results/test3_comunicacao/CIFAR10/FedAVG__CIFAR10__Setup-5__Clients-5__Rounds-10__Delay-0_1__Alpha-0_01__Seed-44.txt
alpha-0_01 folder,FedAVG,CIFAR10,0.1,0.01,45,10,5,150.72,1 x NVIDIA A40,AMD EPYC 9354P 32-Core Processor,test3_comunicacao,results/main_campaign_default_alpha_0_01/FedAVG-results/test3_comunicacao/CIFAR10/FedAVG__CIFAR10__Setup-5__Clients-5__Rounds-10__Delay-0_1__Alpha-0_01__Seed-45.txt
alpha-0_01 folder,FedAVG,CIFAR10,0.1,0.01,46,10,5,199.36,1 x NVIDIA A40,AMD EPYC 9354P 32-Core Processor,test3_comunicacao,results/main_campaign_default_alpha_0_01/FedAVG-results/test3_comunicacao/CIFAR10/FedAVG__CIFAR10__Setup-5__Clients-5__Rounds-10__Delay-0_1__Alpha-0_01__Seed-46.txt
alpha-0_01 folder,FedAVG,CIFAR10,0.1,0.01,47,10,5,178.31,1 x NVIDIA A40,AMD EPYC 9354P 32-Core Processor,test3_comunicacao,results/main_campaign_default_alpha_0_01/FedAVG-results/test3_comunicacao/CIFAR10/FedAVG__CIFAR10__Setup-5__Clients-5__Rounds-10__Delay-0_1__Alpha-0_01__Seed-47.txt
alpha-0_01 folder,FedAVG,CIFAR10,0.1,0.01,48,10,5,145.91,1 x NVIDIA A40,AMD EPYC 9354P 32-Core Processor,test3_comunicacao,results/main_campaign_default_alpha_0_01/FedAVG-results/test3_comunicacao/CIFAR10/FedAVG__CIFAR10__Setup-5__Clients-5__Rounds-10__Delay-0_1__Alpha-0_01__Seed-48.txt
alpha-0_01 folder,FedAVG,CIFAR10,0.1,0.01,49,10,5,153.56,1 x NVIDIA A40,AMD EPYC 9354P 32-Core Processor,test3_comunicacao,results/main_campaign_default_alpha_0_01/FedAVG-results/test3_comunicacao/CIFAR10/FedAVG__CIFAR10__Setup-5__Clients-5__Rounds-10__Delay-0_1__Alpha-0_01__Seed-49.txt
alpha-0_01 folder,FedAVG,CIFAR10,0.1,0.01,50,10,5,199.00,1 x NVIDIA A40,AMD EPYC 9354P 32-Core Processor,test3_comunicacao,results/main_campaign_default_alpha_0_01/FedAVG-results/test3_comunicacao/CIFAR10/FedAVG__CIFAR10__Setup-5__Clients-5__Rounds-10__Delay-0_1__Alpha-0_01__Seed-50.txt
alpha-0_01 folder,FedAVG,CIFAR10,0.1,0.01,51,10,5,169.59,1 x NVIDIA A40,AMD EPYC 9354P 32-Core Processor,test3_comunicacao,results/main_campaign_default_alpha_0_01/FedAVG-results/test3_comunicacao/CIFAR10/FedAVG__CIFAR10__Setup-5__Clients-5__Rounds-10__Delay-0_1__Alpha-0_01__Seed-51.txt
alpha-0_01 folder,FedAVG,CIFAR10,0.1,0.01,52,10,5,169.50,1 x NVIDIA A40,AMD EPYC 9354P 32-Core Processor,test3_comunicacao,results/main_campaign_default_alpha_0_01/FedAVG-results/test3_comunicacao/CIFAR10/FedAVG__CIFAR10__Setup-5__Clients-5__Rounds-10__Delay-0_1__Alpha-0_01__Seed-52.txt
alpha-0_01 folder,FedAVG,CIFAR10,0.1,0.01,53,10,5,142.65,1 x NVIDIA A40,AMD EPYC 9354P 32-Core Processor,test3_comunicacao,results/main_campaign_default_alpha_0_01/FedAVG-results/test3_comunicacao/CIFAR10/FedAVG__CIFAR10__Setup-5__Clients-5__Rounds-10__Delay-0_1__Alpha-0_01__Seed-53.txt
alpha-0_01 folder,FedAVG,CIFAR10,0.1,0.01,54,10,5,153.10,1 x NVIDIA A40,AMD EPYC 9354P 32-Core Processor,test3_comunicacao,results/main_campaign_default_alpha_0_01/FedAVG-results/test3_comunicacao/CIFAR10/FedAVG__CIFAR10__Setup-5__Clients-5__Rounds-10__Delay-0_1__Alpha-0_01__Seed-54.txt
alpha-0_01 folder,FedAVG,CIFAR10,0.1,0.01,55,10,5,173.81,1 x NVIDIA A40,AMD EPYC 9354P 32-Core Processor,test3_comunicacao,results/main_campaign_default_alpha_0_01/FedAVG-results/test3_comunicacao/CIFAR10/FedAVG__CIFAR10__Setup-5__Clients-5__Rounds-10__Delay-0_1__Alpha-0_01__Seed-55.txt
alpha-0_01 folder,FedAVG,CIFAR10,0.1,0.01,56,10,5,149.57,1 x NVIDIA A40,AMD EPYC 9354P 32-Core Processor,test3_comunicacao,results/main_campaign_default_alpha_0_01/FedAVG-results/test3_comunicacao/CIFAR10/FedAVG__CIFAR10__Setup-5__Clients-5__Rounds-10__Delay-0_1__Alpha-0_01__Seed-56.txt
alpha-0_01 folder,FedAVG,CIFAR10,0.1,0.01,57,10,5,172.90,1 x NVIDIA A40,AMD EPYC 9354P 32-Core Processor,test3_comunicacao,results/main_campaign_default_alpha_0_01/FedAVG-results/test3_comunicacao/CIFAR10/FedAVG__CIFAR10__Setup-5__Clients-5__Rounds-10__Delay-0_1__Alpha-0_01__Seed-57.txt
alpha-0_01 folder,FedAVG,CIFAR10,0.1,0.01,58,10,5,148.65,1 x NVIDIA A40,AMD EPYC 9354P 32-Core Processor,test3_comunicacao,results/main_campaign_default_alpha_0_01/FedAVG-results/test3_comunicacao/CIFAR10/FedAVG__CIFAR10__Setup-5__Clients-5__Rounds-10__Delay-0_1__Alpha-0_01__Seed-58.txt
alpha-0_01 folder,FedAVG,CIFAR10,0.1,0.01,59,10,5,168.98,1 x NVIDIA A40,AMD EPYC 9354P 32-Core Processor,test3_comunicacao,results/main_campaign_default_alpha_0_01/FedAVG-results/test3_comunicacao/CIFAR10/FedAVG__CIFAR10__Setup-5__Clients-5__Rounds-10__Delay-0_1__Alpha-0_01__Seed-59.txt
alpha-0_01 folder,FedAVG,CIFAR10,0.1,0.01,60,10,5,171.27,1 x NVIDIA A40,AMD EPYC 9354P 32-Core Processor,test3_comunicacao,results/main_campaign_default_alpha_0_01/FedAVG-results/test3_comunicacao/CIFAR10/FedAVG__CIFAR10__Setup-5__Clients-5__Rounds-10__Delay-0_1__Alpha-0_01__Seed-60.txt
alpha-0_01 folder,FedAVG,CIFAR10,0.1,0.01,61,10,5,172.50,1 x NVIDIA A40,AMD EPYC 9354P 32-Core Processor,test3_comunicacao,results/main_campaign_default_alpha_0_01/FedAVG-results/test3_comunicacao/CIFAR10/FedAVG__CIFAR10__Setup-5__Clients-5__Rounds-10__Delay-0_1__Alpha-0_01__Seed-61.txt
alpha-0_01 folder,FedAVG,CIFAR10,0.1,0.01,62,10,5,172.89,1 x NVIDIA A40,AMD EPYC 9354P 32-Core Processor,test3_comunicacao,results/main_campaign_default_alpha_0_01/FedAVG-results/test3_comunicacao/CIFAR10/FedAVG__CIFAR10__Setup-5__Clients-5__Rounds-10__Delay-0_1__Alpha-0_01__Seed-62.txt
alpha-0_01 folder,FedAVG,CIFAR10,0.1,0.01,63,10,5,149.77,1 x NVIDIA A40,AMD EPYC 9354P 32-Core Processor,test3_comunicacao,results/main_campaign_default_alpha_0_01/FedAVG-results/test3_comunicacao/CIFAR10/FedAVG__CIFAR10__Setup-5__Clients-5__Rounds-10__Delay-0_1__Alpha-0_01__Seed-63.txt
alpha-0_01 folder,FedAVG,CIFAR10,0.1,0.01,64,10,5,148.26,1 x NVIDIA A40,AMD EPYC 9354P 32-Core Processor,test3_comunicacao,results/main_campaign_default_alpha_0_01/FedAVG-results/test3_comunicacao/CIFAR10/FedAVG__CIFAR10__Setup-5__Clients-5__Rounds-10__Delay-0_1__Alpha-0_01__Seed-64.txt
alpha-0_01 folder,FedAVG,CIFAR10,0.1,0.01,65,10,5,168.64,1 x NVIDIA A40,AMD EPYC 9354P 32-Core Processor,test3_comunicacao,results/main_campaign_default_alpha_0_01/FedAVG-results/test3_comunicacao/CIFAR10/FedAVG__CIFAR10__Setup-5__Clients-5__Rounds-10__Delay-0_1__Alpha-0_01__Seed-65.txt
alpha-0_01 folder,FedAVG,CIFAR10,0.1,0.01,66,10,5,173.05,1 x NVIDIA A40,AMD EPYC 9354P 32-Core Processor,test3_comunicacao,results/main_campaign_default_alpha_0_01/FedAVG-results/test3_comunicacao/CIFAR10/FedAVG__CIFAR10__Setup-5__Clients-5__Rounds-10__Delay-0_1__Alpha-0_01__Seed-66.txt
alpha-0_01 folder,FedAVG,CIFAR10,0.1,0.01,67,10,5,206.23,1 x NVIDIA A40,AMD EPYC 9354P 32-Core Processor,test3_comunicacao,results/main_campaign_default_alpha_0_01/FedAVG-results/test3_comunicacao/CIFAR10/FedAVG__CIFAR10__Setup-5__Clients-5__Rounds-10__Delay-0_1__Alpha-0_01__Seed-67.txt
alpha-0_01 folder,FedAVG,CIFAR10,0.1,0.01,68,10,5,149.79,1 x NVIDIA A40,AMD EPYC 9354P 32-Core Processor,test3_comunicacao,results/main_campaign_default_alpha_0_01/FedAVG-results/test3_comunicacao/CIFAR10/FedAVG__CIFAR10__Setup-5__Clients-5__Rounds-10__Delay-0_1__Alpha-0_01__Seed-68.txt
alpha-0_01 folder,FedAVG,CIFAR10,0.1,0.01,69,10,5,178.27,1 x NVIDIA A40,AMD EPYC 9354P 32-Core Processor,test3_comunicacao,results/main_campaign_default_alpha_0_01/FedAVG-results/test3_comunicacao/CIFAR10/FedAVG__CIFAR10__Setup-5__Clients-5__Rounds-10__Delay-0_1__Alpha-0_01__Seed-69.txt
alpha-0_01 folder,FedAVG,CIFAR10,0.1,0.01,70,10,5,150.21,1 x NVIDIA A40,AMD EPYC 9354P 32-Core Processor,test3_comunicacao,results/main_campaign_default_alpha_0_01/FedAVG-results/test3_comunicacao/CIFAR10/FedAVG__CIFAR10__Setup-5__Clients-5__Rounds-10__Delay-0_1__Alpha-0_01__Seed-70.txt
alpha-0_01 folder,FedAVG,CIFAR10,0.1,0.01,71,10,5,176.60,1 x NVIDIA A40,AMD EPYC 9354P 32-Core Processor,test3_comunicacao,results/main_campaign_default_alpha_0_01/FedAVG-results/test3_comunicacao/CIFAR10/FedAVG__CIFAR10__Setup-5__Clients-5__Rounds-10__Delay-0_1__Alpha-0_01__Seed-71.txt
alpha-0_01 folder,FedAVG,CIFAR10,0.5,0.01,42,10,5,165.71,1 x NVIDIA A40,AMD EPYC 9354P 32-Core Processor,test3_comunicacao,results/main_campaign_default_alpha_0_01/FedAVG-results/test3_comunicacao/CIFAR10/FedAVG__CIFAR10__Setup-5__Clients-5__Rounds-10__Delay-0_5__Alpha-0_01__Seed-42.txt
alpha-0_01 folder,FedAVG,CIFAR10,0.5,0.01,43,10,5,179.19,1 x NVIDIA A40,AMD EPYC 9354P 32-Core Processor,test3_comunicacao,results/main_campaign_default_alpha_0_01/FedAVG-results/test3_comunicacao/CIFAR10/FedAVG__CIFAR10__Setup-5__Clients-5__Rounds-10__Delay-0_5__Alpha-0_01__Seed-43.txt
alpha-0_01 folder,FedAVG,CIFAR10,0.5,0.01,44,10,5,169.60,1 x NVIDIA A40,AMD EPYC 9354P 32-Core Processor,test3_comunicacao,results/main_campaign_default_alpha_0_01/FedAVG-results/test3_comunicacao/CIFAR10/FedAVG__CIFAR10__Setup-5__Clients-5__Rounds-10__Delay-0_5__Alpha-0_01__Seed-44.txt
alpha-0_01 folder,FedAVG,CIFAR10,0.5,0.01,45,10,5,163.63,1 x NVIDIA A40,AMD EPYC 9354P 32-Core Processor,test3_comunicacao,results/main_campaign_default_alpha_0_01/FedAVG-results/test3_comunicacao/CIFAR10/FedAVG__CIFAR10__Setup-5__Clients-5__Rounds-10__Delay-0_5__Alpha-0_01__Seed-45.txt
alpha-0_01 folder,FedAVG,CIFAR10,0.5,0.01,46,10,5,210.69,1 x NVIDIA A40,AMD EPYC 9354P 32-Core Processor,test3_comunicacao,results/main_campaign_default_alpha_0_01/FedAVG-results/test3_comunicacao/CIFAR10/FedAVG__CIFAR10__Setup-5__Clients-5__Rounds-10__Delay-0_5__Alpha-0_01__Seed-46.txt
alpha-0_01 folder,FedAVG,CIFAR10,0.5,0.01,47,10,5,191.50,1 x NVIDIA A40,AMD EPYC 9354P 32-Core Processor,test3_comunicacao,results/main_campaign_default_alpha_0_01/FedAVG-results/test3_comunicacao/CIFAR10/FedAVG__CIFAR10__Setup-5__Clients-5__Rounds-10__Delay-0_5__Alpha-0_01__Seed-47.txt
alpha-0_01 folder,FedAVG,CIFAR10,0.5,0.01,48,10,5,158.98,1 x NVIDIA A40,AMD EPYC 9354P 32-Core Processor,test3_comunicacao,results/main_campaign_default_alpha_0_01/FedAVG-results/test3_comunicacao/CIFAR10/FedAVG__CIFAR10__Setup-5__Clients-5__Rounds-10__Delay-0_5__Alpha-0_01__Seed-48.txt
alpha-0_01 folder,FedAVG,CIFAR10,0.5,0.01,49,10,5,166.04,1 x NVIDIA A40,AMD EPYC 9354P 32-Core Processor,test3_comunicacao,results/main_campaign_default_alpha_0_01/FedAVG-results/test3_comunicacao/CIFAR10/FedAVG__CIFAR10__Setup-5__Clients-5__Rounds-10__Delay-0_5__Alpha-0_01__Seed-49.txt
alpha-0_01 folder,FedAVG,CIFAR10,0.5,0.01,50,10,5,212.29,1 x NVIDIA A40,AMD EPYC 9354P 32-Core Processor,test3_comunicacao,results/main_campaign_default_alpha_0_01/FedAVG-results/test3_comunicacao/CIFAR10/FedAVG__CIFAR10__Setup-5__Clients-5__Rounds-10__Delay-0_5__Alpha-0_01__Seed-50.txt
alpha-0_01 folder,FedAVG,CIFAR10,0.5,0.01,51,10,5,182.51,1 x NVIDIA A40,AMD EPYC 9354P 32-Core Processor,test3_comunicacao,results/main_campaign_default_alpha_0_01/FedAVG-results/test3_comunicacao/CIFAR10/FedAVG__CIFAR10__Setup-5__Clients-5__Rounds-10__Delay-0_5__Alpha-0_01__Seed-51.txt
alpha-0_01 folder,FedAVG,CIFAR10,0.5,0.01,52,10,5,183.35,1 x NVIDIA A40,AMD EPYC 9354P 32-Core Processor,test3_comunicacao,results/main_campaign_default_alpha_0_01/FedAVG-results/test3_comunicacao/CIFAR10/FedAVG__CIFAR10__Setup-5__Clients-5__Rounds-10__Delay-0_5__Alpha-0_01__Seed-52.txt
alpha-0_01 folder,FedAVG,CIFAR10,0.5,0.01,53,10,5,155.24,1 x NVIDIA A40,AMD EPYC 9354P 32-Core Processor,test3_comunicacao,results/main_campaign_default_alpha_0_01/FedAVG-results/test3_comunicacao/CIFAR10/FedAVG__CIFAR10__Setup-5__Clients-5__Rounds-10__Delay-0_5__Alpha-0_01__Seed-53.txt
alpha-0_01 folder,FedAVG,CIFAR10,0.5,0.01,54,10,5,164.74,1 x NVIDIA A40,AMD EPYC 9354P 32-Core Processor,test3_comunicacao,results/main_campaign_default_alpha_0_01/FedAVG-results/test3_comunicacao/CIFAR10/FedAVG__CIFAR10__Setup-5__Clients-5__Rounds-10__Delay-0_5__Alpha-0_01__Seed-54.txt
alpha-0_01 folder,FedAVG,CIFAR10,0.5,0.01,55,10,5,187.33,1 x NVIDIA A40,AMD EPYC 9354P 32-Core Processor,test3_comunicacao,results/main_campaign_default_alpha_0_01/FedAVG-results/test3_comunicacao/CIFAR10/FedAVG__CIFAR10__Setup-5__Clients-5__Rounds-10__Delay-0_5__Alpha-0_01__Seed-55.txt
alpha-0_01 folder,FedAVG,CIFAR10,0.5,0.01,56,10,5,161.84,1 x NVIDIA A40,AMD EPYC 9354P 32-Core Processor,test3_comunicacao,results/main_campaign_default_alpha_0_01/FedAVG-results/test3_comunicacao/CIFAR10/FedAVG__CIFAR10__Setup-5__Clients-5__Rounds-10__Delay-0_5__Alpha-0_01__Seed-56.txt
alpha-0_01 folder,FedAVG,CIFAR10,0.5,0.01,57,10,5,186.18,1 x NVIDIA A40,AMD EPYC 9354P 32-Core Processor,test3_comunicacao,results/main_campaign_default_alpha_0_01/FedAVG-results/test3_comunicacao/CIFAR10/FedAVG__CIFAR10__Setup-5__Clients-5__Rounds-10__Delay-0_5__Alpha-0_01__Seed-57.txt
alpha-0_01 folder,FedAVG,CIFAR10,0.5,0.01,58,10,5,161.09,1 x NVIDIA A40,AMD EPYC 9354P 32-Core Processor,test3_comunicacao,results/main_campaign_default_alpha_0_01/FedAVG-results/test3_comunicacao/CIFAR10/FedAVG__CIFAR10__Setup-5__Clients-5__Rounds-10__Delay-0_5__Alpha-0_01__Seed-58.txt
alpha-0_01 folder,FedAVG,CIFAR10,0.5,0.01,59,10,5,181.20,1 x NVIDIA A40,AMD EPYC 9354P 32-Core Processor,test3_comunicacao,results/main_campaign_default_alpha_0_01/FedAVG-results/test3_comunicacao/CIFAR10/FedAVG__CIFAR10__Setup-5__Clients-5__Rounds-10__Delay-0_5__Alpha-0_01__Seed-59.txt
alpha-0_01 folder,FedAVG,CIFAR10,0.5,0.01,60,10,5,183.62,1 x NVIDIA A40,AMD EPYC 9354P 32-Core Processor,test3_comunicacao,results/main_campaign_default_alpha_0_01/FedAVG-results/test3_comunicacao/CIFAR10/FedAVG__CIFAR10__Setup-5__Clients-5__Rounds-10__Delay-0_5__Alpha-0_01__Seed-60.txt
alpha-0_01 folder,FedAVG,CIFAR10,0.5,0.01,61,10,5,184.63,1 x NVIDIA A40,AMD EPYC 9354P 32-Core Processor,test3_comunicacao,results/main_campaign_default_alpha_0_01/FedAVG-results/test3_comunicacao/CIFAR10/FedAVG__CIFAR10__Setup-5__Clients-5__Rounds-10__Delay-0_5__Alpha-0_01__Seed-61.txt
alpha-0_01 folder,FedAVG,CIFAR10,0.5,0.01,62,10,5,184.19,1 x NVIDIA A40,AMD EPYC 9354P 32-Core Processor,test3_comunicacao,results/main_campaign_default_alpha_0_01/FedAVG-results/test3_comunicacao/CIFAR10/FedAVG__CIFAR10__Setup-5__Clients-5__Rounds-10__Delay-0_5__Alpha-0_01__Seed-62.txt
alpha-0_01 folder,FedAVG,CIFAR10,0.5,0.01,63,10,5,161.58,1 x NVIDIA A40,AMD EPYC 9354P 32-Core Processor,test3_comunicacao,results/main_campaign_default_alpha_0_01/FedAVG-results/test3_comunicacao/CIFAR10/FedAVG__CIFAR10__Setup-5__Clients-5__Rounds-10__Delay-0_5__Alpha-0_01__Seed-63.txt
alpha-0_01 folder,FedAVG,CIFAR10,0.5,0.01,64,10,5,160.76,1 x NVIDIA A40,AMD EPYC 9354P 32-Core Processor,test3_comunicacao,results/main_campaign_default_alpha_0_01/FedAVG-results/test3_comunicacao/CIFAR10/FedAVG__CIFAR10__Setup-5__Clients-5__Rounds-10__Delay-0_5__Alpha-0_01__Seed-64.txt
alpha-0_01 folder,FedAVG,CIFAR10,0.5,0.01,65,10,5,181.76,1 x NVIDIA A40,AMD EPYC 9354P 32-Core Processor,test3_comunicacao,results/main_campaign_default_alpha_0_01/FedAVG-results/test3_comunicacao/CIFAR10/FedAVG__CIFAR10__Setup-5__Clients-5__Rounds-10__Delay-0_5__Alpha-0_01__Seed-65.txt
alpha-0_01 folder,FedAVG,CIFAR10,0.5,0.01,66,10,5,185.37,1 x NVIDIA A40,AMD EPYC 9354P 32-Core Processor,test3_comunicacao,results/main_campaign_default_alpha_0_01/FedAVG-results/test3_comunicacao/CIFAR10/FedAVG__CIFAR10__Setup-5__Clients-5__Rounds-10__Delay-0_5__Alpha-0_01__Seed-66.txt
alpha-0_01 folder,FedAVG,CIFAR10,0.5,0.01,67,10,5,218.06,1 x NVIDIA A40,AMD EPYC 9354P 32-Core Processor,test3_comunicacao,results/main_campaign_default_alpha_0_01/FedAVG-results/test3_comunicacao/CIFAR10/FedAVG__CIFAR10__Setup-5__Clients-5__Rounds-10__Delay-0_5__Alpha-0_01__Seed-67.txt
alpha-0_01 folder,FedAVG,CIFAR10,0.5,0.01,68,10,5,161.76,1 x NVIDIA A40,AMD EPYC 9354P 32-Core Processor,test3_comunicacao,results/main_campaign_default_alpha_0_01/FedAVG-results/test3_comunicacao/CIFAR10/FedAVG__CIFAR10__Setup-5__Clients-5__Rounds-10__Delay-0_5__Alpha-0_01__Seed-68.txt
alpha-0_01 folder,FedAVG,CIFAR10,0.5,0.01,69,10,5,191.01,1 x NVIDIA A40,AMD EPYC 9354P 32-Core Processor,test3_comunicacao,results/main_campaign_default_alpha_0_01/FedAVG-results/test3_comunicacao/CIFAR10/FedAVG__CIFAR10__Setup-5__Clients-5__Rounds-10__Delay-0_5__Alpha-0_01__Seed-69.txt
alpha-0_01 folder,FedAVG,CIFAR10,0.5,0.01,70,10,5,162.26,1 x NVIDIA A40,AMD EPYC 9354P 32-Core Processor,test3_comunicacao,results/main_campaign_default_alpha_0_01/FedAVG-results/test3_comunicacao/CIFAR10/FedAVG__CIFAR10__Setup-5__Clients-5__Rounds-10__Delay-0_5__Alpha-0_01__Seed-70.txt
alpha-0_01 folder,FedAVG,CIFAR10,0.5,0.01,71,10,5,189.11,1 x NVIDIA A40,AMD EPYC 9354P 32-Core Processor,test3_comunicacao,results/main_campaign_default_alpha_0_01/FedAVG-results/test3_comunicacao/CIFAR10/FedAVG__CIFAR10__Setup-5__Clients-5__Rounds-10__Delay-0_5__Alpha-0_01__Seed-71.txt
alpha-0_01 folder,FedAVG,FashionMNIST,0.05,0.01,42,10,5,133.84,1 x NVIDIA A40,AMD EPYC 9354P 32-Core Processor,test3_comunicacao,results/main_campaign_default_alpha_0_01/FedAVG-results/test3_comunicacao/FashionMNIST/FedAVG__FashionMNIST__Setup-5__Clients-5__Rounds-10__Delay-0_05__Alpha-0_01__Seed-42.txt
alpha-0_01 folder,FedAVG,FashionMNIST,0.05,0.01,43,10,5,146.32,1 x NVIDIA A40,AMD EPYC 9354P 32-Core Processor,test3_comunicacao,results/main_campaign_default_alpha_0_01/FedAVG-results/test3_comunicacao/FashionMNIST/FedAVG__FashionMNIST__Setup-5__Clients-5__Rounds-10__Delay-0_05__Alpha-0_01__Seed-43.txt
alpha-0_01 folder,FedAVG,FashionMNIST,0.05,0.01,44,10,5,140.07,1 x NVIDIA A40,AMD EPYC 9354P 32-Core Processor,test3_comunicacao,results/main_campaign_default_alpha_0_01/FedAVG-results/test3_comunicacao/FashionMNIST/FedAVG__FashionMNIST__Setup-5__Clients-5__Rounds-10__Delay-0_05__Alpha-0_01__Seed-44.txt
alpha-0_01 folder,FedAVG,FashionMNIST,0.05,0.01,45,10,5,132.55,1 x NVIDIA A40,AMD EPYC 9354P 32-Core Processor,test3_comunicacao,results/main_campaign_default_alpha_0_01/FedAVG-results/test3_comunicacao/FashionMNIST/FedAVG__FashionMNIST__Setup-5__Clients-5__Rounds-10__Delay-0_05__Alpha-0_01__Seed-45.txt
alpha-0_01 folder,FedAVG,FashionMNIST,0.05,0.01,46,10,5,182.13,1 x NVIDIA A40,AMD EPYC 9354P 32-Core Processor,test3_comunicacao,results/main_campaign_default_alpha_0_01/FedAVG-results/test3_comunicacao/FashionMNIST/FedAVG__FashionMNIST__Setup-5__Clients-5__Rounds-10__Delay-0_05__Alpha-0_01__Seed-46.txt
alpha-0_01 folder,FedAVG,FashionMNIST,0.05,0.01,47,10,5,156.22,1 x NVIDIA A40,AMD EPYC 9354P 32-Core Processor,test3_comunicacao,results/main_campaign_default_alpha_0_01/FedAVG-results/test3_comunicacao/FashionMNIST/FedAVG__FashionMNIST__Setup-5__Clients-5__Rounds-10__Delay-0_05__Alpha-0_01__Seed-47.txt
alpha-0_01 folder,FedAVG,FashionMNIST,0.05,0.01,48,10,5,129.60,1 x NVIDIA A40,AMD EPYC 9354P 32-Core Processor,test3_comunicacao,results/main_campaign_default_alpha_0_01/FedAVG-results/test3_comunicacao/FashionMNIST/FedAVG__FashionMNIST__Setup-5__Clients-5__Rounds-10__Delay-0_05__Alpha-0_01__Seed-48.txt
alpha-0_01 folder,FedAVG,FashionMNIST,0.05,0.01,49,10,5,135.68,1 x NVIDIA A40,AMD EPYC 9354P 32-Core Processor,test3_comunicacao,results/main_campaign_default_alpha_0_01/FedAVG-results/test3_comunicacao/FashionMNIST/FedAVG__FashionMNIST__Setup-5__Clients-5__Rounds-10__Delay-0_05__Alpha-0_01__Seed-49.txt
alpha-0_01 folder,FedAVG,FashionMNIST,0.05,0.01,50,10,5,179.85,1 x NVIDIA A40,AMD EPYC 9354P 32-Core Processor,test3_comunicacao,results/main_campaign_default_alpha_0_01/FedAVG-results/test3_comunicacao/FashionMNIST/FedAVG__FashionMNIST__Setup-5__Clients-5__Rounds-10__Delay-0_05__Alpha-0_01__Seed-50.txt
alpha-0_01 folder,FedAVG,FashionMNIST,0.05,0.01,51,10,5,155.18,1 x NVIDIA A40,AMD EPYC 9354P 32-Core Processor,test3_comunicacao,results/main_campaign_default_alpha_0_01/FedAVG-results/test3_comunicacao/FashionMNIST/FedAVG__FashionMNIST__Setup-5__Clients-5__Rounds-10__Delay-0_05__Alpha-0_01__Seed-51.txt
alpha-0_01 folder,FedAVG,FashionMNIST,0.05,0.01,52,10,5,156.15,1 x NVIDIA A40,AMD EPYC 9354P 32-Core Processor,test3_comunicacao,results/main_campaign_default_alpha_0_01/FedAVG-results/test3_comunicacao/FashionMNIST/FedAVG__FashionMNIST__Setup-5__Clients-5__Rounds-10__Delay-0_05__Alpha-0_01__Seed-52.txt
alpha-0_01 folder,FedAVG,FashionMNIST,0.05,0.01,53,10,5,129.40,1 x NVIDIA A40,AMD EPYC 9354P 32-Core Processor,test3_comunicacao,results/main_campaign_default_alpha_0_01/FedAVG-results/test3_comunicacao/FashionMNIST/FedAVG__FashionMNIST__Setup-5__Clients-5__Rounds-10__Delay-0_05__Alpha-0_01__Seed-53.txt
alpha-0_01 folder,FedAVG,FashionMNIST,0.05,0.01,54,10,5,136.92,1 x NVIDIA A40,AMD EPYC 9354P 32-Core Processor,test3_comunicacao,results/main_campaign_default_alpha_0_01/FedAVG-results/test3_comunicacao/FashionMNIST/FedAVG__FashionMNIST__Setup-5__Clients-5__Rounds-10__Delay-0_05__Alpha-0_01__Seed-54.txt
alpha-0_01 folder,FedAVG,FashionMNIST,0.05,0.01,55,10,5,162.49,1 x NVIDIA A40,AMD EPYC 9354P 32-Core Processor,test3_comunicacao,results/main_campaign_default_alpha_0_01/FedAVG-results/test3_comunicacao/FashionMNIST/FedAVG__FashionMNIST__Setup-5__Clients-5__Rounds-10__Delay-0_05__Alpha-0_01__Seed-55.txt
alpha-0_01 folder,FedAVG,FashionMNIST,0.05,0.01,56,10,5,126.14,1 x NVIDIA A40,AMD EPYC 9354P 32-Core Processor,test3_comunicacao,results/main_campaign_default_alpha_0_01/FedAVG-results/test3_comunicacao/FashionMNIST/FedAVG__FashionMNIST__Setup-5__Clients-5__Rounds-10__Delay-0_05__Alpha-0_01__Seed-56.txt
alpha-0_01 folder,FedAVG,FashionMNIST,0.05,0.01,57,10,5,155.46,1 x NVIDIA A40,AMD EPYC 9354P 32-Core Processor,test3_comunicacao,results/main_campaign_default_alpha_0_01/FedAVG-results/test3_comunicacao/FashionMNIST/FedAVG__FashionMNIST__Setup-5__Clients-5__Rounds-10__Delay-0_05__Alpha-0_01__Seed-57.txt
alpha-0_01 folder,FedAVG,FashionMNIST,0.05,0.01,58,10,5,126.14,1 x NVIDIA A40,AMD EPYC 9354P 32-Core Processor,test3_comunicacao,results/main_campaign_default_alpha_0_01/FedAVG-results/test3_comunicacao/FashionMNIST/FedAVG__FashionMNIST__Setup-5__Clients-5__Rounds-10__Delay-0_05__Alpha-0_01__Seed-58.txt
alpha-0_01 folder,FedAVG,FashionMNIST,0.05,0.01,59,10,5,154.14,1 x NVIDIA A40,AMD EPYC 9354P 32-Core Processor,test3_comunicacao,results/main_campaign_default_alpha_0_01/FedAVG-results/test3_comunicacao/FashionMNIST/FedAVG__FashionMNIST__Setup-5__Clients-5__Rounds-10__Delay-0_05__Alpha-0_01__Seed-59.txt
alpha-0_01 folder,FedAVG,FashionMNIST,0.05,0.01,60,10,5,150.13,1 x NVIDIA A40,AMD EPYC 9354P 32-Core Processor,test3_comunicacao,results/main_campaign_default_alpha_0_01/FedAVG-results/test3_comunicacao/FashionMNIST/FedAVG__FashionMNIST__Setup-5__Clients-5__Rounds-10__Delay-0_05__Alpha-0_01__Seed-60.txt
alpha-0_01 folder,FedAVG,FashionMNIST,0.05,0.01,61,10,5,153.53,1 x NVIDIA A40,AMD EPYC 9354P 32-Core Processor,test3_comunicacao,results/main_campaign_default_alpha_0_01/FedAVG-results/test3_comunicacao/FashionMNIST/FedAVG__FashionMNIST__Setup-5__Clients-5__Rounds-10__Delay-0_05__Alpha-0_01__Seed-61.txt
alpha-0_01 folder,FedAVG,FashionMNIST,0.05,0.01,62,10,5,158.18,1 x NVIDIA A40,AMD EPYC 9354P 32-Core Processor,test3_comunicacao,results/main_campaign_default_alpha_0_01/FedAVG-results/test3_comunicacao/FashionMNIST/FedAVG__FashionMNIST__Setup-5__Clients-5__Rounds-10__Delay-0_05__Alpha-0_01__Seed-62.txt
alpha-0_01 folder,FedAVG,FashionMNIST,0.05,0.01,63,10,5,129.73,1 x NVIDIA A40,AMD EPYC 9354P 32-Core Processor,test3_comunicacao,results/main_campaign_default_alpha_0_01/FedAVG-results/test3_comunicacao/FashionMNIST/FedAVG__FashionMNIST__Setup-5__Clients-5__Rounds-10__Delay-0_05__Alpha-0_01__Seed-63.txt
alpha-0_01 folder,FedAVG,FashionMNIST,0.05,0.01,64,10,5,125.08,1 x NVIDIA A40,AMD EPYC 9354P 32-Core Processor,test3_comunicacao,results/main_campaign_default_alpha_0_01/FedAVG-results/test3_comunicacao/FashionMNIST/FedAVG__FashionMNIST__Setup-5__Clients-5__Rounds-10__Delay-0_05__Alpha-0_01__Seed-64.txt
alpha-0_01 folder,FedAVG,FashionMNIST,0.05,0.01,65,10,5,148.22,1 x NVIDIA A40,AMD EPYC 9354P 32-Core Processor,test3_comunicacao,results/main_campaign_default_alpha_0_01/FedAVG-results/test3_comunicacao/FashionMNIST/FedAVG__FashionMNIST__Setup-5__Clients-5__Rounds-10__Delay-0_05__Alpha-0_01__Seed-65.txt
alpha-0_01 folder,FedAVG,FashionMNIST,0.05,0.01,66,10,5,153.88,1 x NVIDIA A40,AMD EPYC 9354P 32-Core Processor,test3_comunicacao,results/main_campaign_default_alpha_0_01/FedAVG-results/test3_comunicacao/FashionMNIST/FedAVG__FashionMNIST__Setup-5__Clients-5__Rounds-10__Delay-0_05__Alpha-0_01__Seed-66.txt
alpha-0_01 folder,FedAVG,FashionMNIST,0.05,0.01,67,10,5,184.64,1 x NVIDIA A40,AMD EPYC 9354P 32-Core Processor,test3_comunicacao,results/main_campaign_default_alpha_0_01/FedAVG-results/test3_comunicacao/FashionMNIST/FedAVG__FashionMNIST__Setup-5__Clients-5__Rounds-10__Delay-0_05__Alpha-0_01__Seed-67.txt
alpha-0_01 folder,FedAVG,FashionMNIST,0.05,0.01,68,10,5,125.93,1 x NVIDIA A40,AMD EPYC 9354P 32-Core Processor,test3_comunicacao,results/main_campaign_default_alpha_0_01/FedAVG-results/test3_comunicacao/FashionMNIST/FedAVG__FashionMNIST__Setup-5__Clients-5__Rounds-10__Delay-0_05__Alpha-0_01__Seed-68.txt
alpha-0_01 folder,FedAVG,FashionMNIST,0.05,0.01,69,10,5,162.10,1 x NVIDIA A40,AMD EPYC 9354P 32-Core Processor,test3_comunicacao,results/main_campaign_default_alpha_0_01/FedAVG-results/test3_comunicacao/FashionMNIST/FedAVG__FashionMNIST__Setup-5__Clients-5__Rounds-10__Delay-0_05__Alpha-0_01__Seed-69.txt
alpha-0_01 folder,FedAVG,FashionMNIST,0.05,0.01,70,10,5,125.29,1 x NVIDIA A40,AMD EPYC 9354P 32-Core Processor,test3_comunicacao,results/main_campaign_default_alpha_0_01/FedAVG-results/test3_comunicacao/FashionMNIST/FedAVG__FashionMNIST__Setup-5__Clients-5__Rounds-10__Delay-0_05__Alpha-0_01__Seed-70.txt
alpha-0_01 folder,FedAVG,FashionMNIST,0.05,0.01,71,10,5,155.24,1 x NVIDIA A40,AMD EPYC 9354P 32-Core Processor,test3_comunicacao,results/main_campaign_default_alpha_0_01/FedAVG-results/test3_comunicacao/FashionMNIST/FedAVG__FashionMNIST__Setup-5__Clients-5__Rounds-10__Delay-0_05__Alpha-0_01__Seed-71.txt
alpha-0_01 folder,FedAVG,FashionMNIST,0.1,0.01,42,10,5,136.15,1 x NVIDIA A40,AMD EPYC 9354P 32-Core Processor,test3_comunicacao,results/main_campaign_default_alpha_0_01/FedAVG-results/test3_comunicacao/FashionMNIST/FedAVG__FashionMNIST__Setup-5__Clients-5__Rounds-10__Delay-0_1__Alpha-0_01__Seed-42.txt
alpha-0_01 folder,FedAVG,FashionMNIST,0.1,0.01,43,10,5,148.03,1 x NVIDIA A40,AMD EPYC 9354P 32-Core Processor,test3_comunicacao,results/main_campaign_default_alpha_0_01/FedAVG-results/test3_comunicacao/FashionMNIST/FedAVG__FashionMNIST__Setup-5__Clients-5__Rounds-10__Delay-0_1__Alpha-0_01__Seed-43.txt
alpha-0_01 folder,FedAVG,FashionMNIST,0.1,0.01,44,10,5,141.77,1 x NVIDIA A40,AMD EPYC 9354P 32-Core Processor,test3_comunicacao,results/main_campaign_default_alpha_0_01/FedAVG-results/test3_comunicacao/FashionMNIST/FedAVG__FashionMNIST__Setup-5__Clients-5__Rounds-10__Delay-0_1__Alpha-0_01__Seed-44.txt
alpha-0_01 folder,FedAVG,FashionMNIST,0.1,0.01,45,10,5,133.97,1 x NVIDIA A40,AMD EPYC 9354P 32-Core Processor,test3_comunicacao,results/main_campaign_default_alpha_0_01/FedAVG-results/test3_comunicacao/FashionMNIST/FedAVG__FashionMNIST__Setup-5__Clients-5__Rounds-10__Delay-0_1__Alpha-0_01__Seed-45.txt
alpha-0_01 folder,FedAVG,FashionMNIST,0.1,0.01,46,10,5,184.76,1 x NVIDIA A40,AMD EPYC 9354P 32-Core Processor,test3_comunicacao,results/main_campaign_default_alpha_0_01/FedAVG-results/test3_comunicacao/FashionMNIST/FedAVG__FashionMNIST__Setup-5__Clients-5__Rounds-10__Delay-0_1__Alpha-0_01__Seed-46.txt
alpha-0_01 folder,FedAVG,FashionMNIST,0.1,0.01,47,10,5,157.26,1 x NVIDIA A40,AMD EPYC 9354P 32-Core Processor,test3_comunicacao,results/main_campaign_default_alpha_0_01/FedAVG-results/test3_comunicacao/FashionMNIST/FedAVG__FashionMNIST__Setup-5__Clients-5__Rounds-10__Delay-0_1__Alpha-0_01__Seed-47.txt
alpha-0_01 folder,FedAVG,FashionMNIST,0.1,0.01,48,10,5,132.49,1 x NVIDIA A40,AMD EPYC 9354P 32-Core Processor,test3_comunicacao,results/main_campaign_default_alpha_0_01/FedAVG-results/test3_comunicacao/FashionMNIST/FedAVG__FashionMNIST__Setup-5__Clients-5__Rounds-10__Delay-0_1__Alpha-0_01__Seed-48.txt
alpha-0_01 folder,FedAVG,FashionMNIST,0.1,0.01,49,10,5,137.87,1 x NVIDIA A40,AMD EPYC 9354P 32-Core Processor,test3_comunicacao,results/main_campaign_default_alpha_0_01/FedAVG-results/test3_comunicacao/FashionMNIST/FedAVG__FashionMNIST__Setup-5__Clients-5__Rounds-10__Delay-0_1__Alpha-0_01__Seed-49.txt
alpha-0_01 folder,FedAVG,FashionMNIST,0.1,0.01,50,10,5,182.12,1 x NVIDIA A40,AMD EPYC 9354P 32-Core Processor,test3_comunicacao,results/main_campaign_default_alpha_0_01/FedAVG-results/test3_comunicacao/FashionMNIST/FedAVG__FashionMNIST__Setup-5__Clients-5__Rounds-10__Delay-0_1__Alpha-0_01__Seed-50.txt
alpha-0_01 folder,FedAVG,FashionMNIST,0.1,0.01,51,10,5,157.21,1 x NVIDIA A40,AMD EPYC 9354P 32-Core Processor,test3_comunicacao,results/main_campaign_default_alpha_0_01/FedAVG-results/test3_comunicacao/FashionMNIST/FedAVG__FashionMNIST__Setup-5__Clients-5__Rounds-10__Delay-0_1__Alpha-0_01__Seed-51.txt
alpha-0_01 folder,FedAVG,FashionMNIST,0.1,0.01,52,10,5,157.09,1 x NVIDIA A40,AMD EPYC 9354P 32-Core Processor,test3_comunicacao,results/main_campaign_default_alpha_0_01/FedAVG-results/test3_comunicacao/FashionMNIST/FedAVG__FashionMNIST__Setup-5__Clients-5__Rounds-10__Delay-0_1__Alpha-0_01__Seed-52.txt
alpha-0_01 folder,FedAVG,FashionMNIST,0.1,0.01,53,10,5,131.00,1 x NVIDIA A40,AMD EPYC 9354P 32-Core Processor,test3_comunicacao,results/main_campaign_default_alpha_0_01/FedAVG-results/test3_comunicacao/FashionMNIST/FedAVG__FashionMNIST__Setup-5__Clients-5__Rounds-10__Delay-0_1__Alpha-0_01__Seed-53.txt
alpha-0_01 folder,FedAVG,FashionMNIST,0.1,0.01,54,10,5,138.37,1 x NVIDIA A40,AMD EPYC 9354P 32-Core Processor,test3_comunicacao,results/main_campaign_default_alpha_0_01/FedAVG-results/test3_comunicacao/FashionMNIST/FedAVG__FashionMNIST__Setup-5__Clients-5__Rounds-10__Delay-0_1__Alpha-0_01__Seed-54.txt
alpha-0_01 folder,FedAVG,FashionMNIST,0.1,0.01,55,10,5,164.18,1 x NVIDIA A40,AMD EPYC 9354P 32-Core Processor,test3_comunicacao,results/main_campaign_default_alpha_0_01/FedAVG-results/test3_comunicacao/FashionMNIST/FedAVG__FashionMNIST__Setup-5__Clients-5__Rounds-10__Delay-0_1__Alpha-0_01__Seed-55.txt
alpha-0_01 folder,FedAVG,FashionMNIST,0.1,0.01,56,10,5,128.08,1 x NVIDIA A40,AMD EPYC 9354P 32-Core Processor,test3_comunicacao,results/main_campaign_default_alpha_0_01/FedAVG-results/test3_comunicacao/FashionMNIST/FedAVG__FashionMNIST__Setup-5__Clients-5__Rounds-10__Delay-0_1__Alpha-0_01__Seed-56.txt
alpha-0_01 folder,FedAVG,FashionMNIST,0.1,0.01,57,10,5,157.60,1 x NVIDIA A40,AMD EPYC 9354P 32-Core Processor,test3_comunicacao,results/main_campaign_default_alpha_0_01/FedAVG-results/test3_comunicacao/FashionMNIST/FedAVG__FashionMNIST__Setup-5__Clients-5__Rounds-10__Delay-0_1__Alpha-0_01__Seed-57.txt
alpha-0_01 folder,FedAVG,FashionMNIST,0.1,0.01,58,10,5,127.27,1 x NVIDIA A40,AMD EPYC 9354P 32-Core Processor,test3_comunicacao,results/main_campaign_default_alpha_0_01/FedAVG-results/test3_comunicacao/FashionMNIST/FedAVG__FashionMNIST__Setup-5__Clients-5__Rounds-10__Delay-0_1__Alpha-0_01__Seed-58.txt
alpha-0_01 folder,FedAVG,FashionMNIST,0.1,0.01,59,10,5,155.51,1 x NVIDIA A40,AMD EPYC 9354P 32-Core Processor,test3_comunicacao,results/main_campaign_default_alpha_0_01/FedAVG-results/test3_comunicacao/FashionMNIST/FedAVG__FashionMNIST__Setup-5__Clients-5__Rounds-10__Delay-0_1__Alpha-0_01__Seed-59.txt
alpha-0_01 folder,FedAVG,FashionMNIST,0.1,0.01,60,10,5,151.07,1 x NVIDIA A40,AMD EPYC 9354P 32-Core Processor,test3_comunicacao,results/main_campaign_default_alpha_0_01/FedAVG-results/test3_comunicacao/FashionMNIST/FedAVG__FashionMNIST__Setup-5__Clients-5__Rounds-10__Delay-0_1__Alpha-0_01__Seed-60.txt
alpha-0_01 folder,FedAVG,FashionMNIST,0.1,0.01,61,10,5,155.97,1 x NVIDIA A40,AMD EPYC 9354P 32-Core Processor,test3_comunicacao,results/main_campaign_default_alpha_0_01/FedAVG-results/test3_comunicacao/FashionMNIST/FedAVG__FashionMNIST__Setup-5__Clients-5__Rounds-10__Delay-0_1__Alpha-0_01__Seed-61.txt
alpha-0_01 folder,FedAVG,FashionMNIST,0.1,0.01,62,10,5,160.64,1 x NVIDIA A40,AMD EPYC 9354P 32-Core Processor,test3_comunicacao,results/main_campaign_default_alpha_0_01/FedAVG-results/test3_comunicacao/FashionMNIST/FedAVG__FashionMNIST__Setup-5__Clients-5__Rounds-10__Delay-0_1__Alpha-0_01__Seed-62.txt
alpha-0_01 folder,FedAVG,FashionMNIST,0.1,0.01,63,10,5,130.26,1 x NVIDIA A40,AMD EPYC 9354P 32-Core Processor,test3_comunicacao,results/main_campaign_default_alpha_0_01/FedAVG-results/test3_comunicacao/FashionMNIST/FedAVG__FashionMNIST__Setup-5__Clients-5__Rounds-10__Delay-0_1__Alpha-0_01__Seed-63.txt
alpha-0_01 folder,FedAVG,FashionMNIST,0.1,0.01,64,10,5,126.20,1 x NVIDIA A40,AMD EPYC 9354P 32-Core Processor,test3_comunicacao,results/main_campaign_default_alpha_0_01/FedAVG-results/test3_comunicacao/FashionMNIST/FedAVG__FashionMNIST__Setup-5__Clients-5__Rounds-10__Delay-0_1__Alpha-0_01__Seed-64.txt
alpha-0_01 folder,FedAVG,FashionMNIST,0.1,0.01,65,10,5,149.64,1 x NVIDIA A40,AMD EPYC 9354P 32-Core Processor,test3_comunicacao,results/main_campaign_default_alpha_0_01/FedAVG-results/test3_comunicacao/FashionMNIST/FedAVG__FashionMNIST__Setup-5__Clients-5__Rounds-10__Delay-0_1__Alpha-0_01__Seed-65.txt
alpha-0_01 folder,FedAVG,FashionMNIST,0.1,0.01,66,10,5,154.75,1 x NVIDIA A40,AMD EPYC 9354P 32-Core Processor,test3_comunicacao,results/main_campaign_default_alpha_0_01/FedAVG-results/test3_comunicacao/FashionMNIST/FedAVG__FashionMNIST__Setup-5__Clients-5__Rounds-10__Delay-0_1__Alpha-0_01__Seed-66.txt
alpha-0_01 folder,FedAVG,FashionMNIST,0.1,0.01,67,10,5,185.72,1 x NVIDIA A40,AMD EPYC 9354P 32-Core Processor,test3_comunicacao,results/main_campaign_default_alpha_0_01/FedAVG-results/test3_comunicacao/FashionMNIST/FedAVG__FashionMNIST__Setup-5__Clients-5__Rounds-10__Delay-0_1__Alpha-0_01__Seed-67.txt
alpha-0_01 folder,FedAVG,FashionMNIST,0.1,0.01,68,10,5,127.52,1 x NVIDIA A40,AMD EPYC 9354P 32-Core Processor,test3_comunicacao,results/main_campaign_default_alpha_0_01/FedAVG-results/test3_comunicacao/FashionMNIST/FedAVG__FashionMNIST__Setup-5__Clients-5__Rounds-10__Delay-0_1__Alpha-0_01__Seed-68.txt
alpha-0_01 folder,FedAVG,FashionMNIST,0.1,0.01,69,10,5,163.97,1 x NVIDIA A40,AMD EPYC 9354P 32-Core Processor,test3_comunicacao,results/main_campaign_default_alpha_0_01/FedAVG-results/test3_comunicacao/FashionMNIST/FedAVG__FashionMNIST__Setup-5__Clients-5__Rounds-10__Delay-0_1__Alpha-0_01__Seed-69.txt
alpha-0_01 folder,FedAVG,FashionMNIST,0.1,0.01,70,10,5,126.91,1 x NVIDIA A40,AMD EPYC 9354P 32-Core Processor,test3_comunicacao,results/main_campaign_default_alpha_0_01/FedAVG-results/test3_comunicacao/FashionMNIST/FedAVG__FashionMNIST__Setup-5__Clients-5__Rounds-10__Delay-0_1__Alpha-0_01__Seed-70.txt
alpha-0_01 folder,FedAVG,FashionMNIST,0.1,0.01,71,10,5,157.76,1 x NVIDIA A40,AMD EPYC 9354P 32-Core Processor,test3_comunicacao,results/main_campaign_default_alpha_0_01/FedAVG-results/test3_comunicacao/FashionMNIST/FedAVG__FashionMNIST__Setup-5__Clients-5__Rounds-10__Delay-0_1__Alpha-0_01__Seed-71.txt
alpha-0_01 folder,FedAVG,FashionMNIST,0.5,0.01,42,10,5,147.58,1 x NVIDIA A40,AMD EPYC 9354P 32-Core Processor,test3_comunicacao,results/main_campaign_default_alpha_0_01/FedAVG-results/test3_comunicacao/FashionMNIST/FedAVG__FashionMNIST__Setup-5__Clients-5__Rounds-10__Delay-0_5__Alpha-0_01__Seed-42.txt
alpha-0_01 folder,FedAVG,FashionMNIST,0.5,0.01,43,10,5,159.83,1 x NVIDIA A40,AMD EPYC 9354P 32-Core Processor,test3_comunicacao,results/main_campaign_default_alpha_0_01/FedAVG-results/test3_comunicacao/FashionMNIST/FedAVG__FashionMNIST__Setup-5__Clients-5__Rounds-10__Delay-0_5__Alpha-0_01__Seed-43.txt
alpha-0_01 folder,FedAVG,FashionMNIST,0.5,0.01,44,10,5,153.52,1 x NVIDIA A40,AMD EPYC 9354P 32-Core Processor,test3_comunicacao,results/main_campaign_default_alpha_0_01/FedAVG-results/test3_comunicacao/FashionMNIST/FedAVG__FashionMNIST__Setup-5__Clients-5__Rounds-10__Delay-0_5__Alpha-0_01__Seed-44.txt
alpha-0_01 folder,FedAVG,FashionMNIST,0.5,0.01,45,10,5,145.72,1 x NVIDIA A40,AMD EPYC 9354P 32-Core Processor,test3_comunicacao,results/main_campaign_default_alpha_0_01/FedAVG-results/test3_comunicacao/FashionMNIST/FedAVG__FashionMNIST__Setup-5__Clients-5__Rounds-10__Delay-0_5__Alpha-0_01__Seed-45.txt
alpha-0_01 folder,FedAVG,FashionMNIST,0.5,0.01,46,10,5,197.27,1 x NVIDIA A40,AMD EPYC 9354P 32-Core Processor,test3_comunicacao,results/main_campaign_default_alpha_0_01/FedAVG-results/test3_comunicacao/FashionMNIST/FedAVG__FashionMNIST__Setup-5__Clients-5__Rounds-10__Delay-0_5__Alpha-0_01__Seed-46.txt
alpha-0_01 folder,FedAVG,FashionMNIST,0.5,0.01,47,10,5,169.78,1 x NVIDIA A40,AMD EPYC 9354P 32-Core Processor,test3_comunicacao,results/main_campaign_default_alpha_0_01/FedAVG-results/test3_comunicacao/FashionMNIST/FedAVG__FashionMNIST__Setup-5__Clients-5__Rounds-10__Delay-0_5__Alpha-0_01__Seed-47.txt
alpha-0_01 folder,FedAVG,FashionMNIST,0.5,0.01,48,10,5,145.04,1 x NVIDIA A40,AMD EPYC 9354P 32-Core Processor,test3_comunicacao,results/main_campaign_default_alpha_0_01/FedAVG-results/test3_comunicacao/FashionMNIST/FedAVG__FashionMNIST__Setup-5__Clients-5__Rounds-10__Delay-0_5__Alpha-0_01__Seed-48.txt
alpha-0_01 folder,FedAVG,FashionMNIST,0.5,0.01,49,10,5,149.91,1 x NVIDIA A40,AMD EPYC 9354P 32-Core Processor,test3_comunicacao,results/main_campaign_default_alpha_0_01/FedAVG-results/test3_comunicacao/FashionMNIST/FedAVG__FashionMNIST__Setup-5__Clients-5__Rounds-10__Delay-0_5__Alpha-0_01__Seed-49.txt
alpha-0_01 folder,FedAVG,FashionMNIST,0.5,0.01,50,10,5,194.80,1 x NVIDIA A40,AMD EPYC 9354P 32-Core Processor,test3_comunicacao,results/main_campaign_default_alpha_0_01/FedAVG-results/test3_comunicacao/FashionMNIST/FedAVG__FashionMNIST__Setup-5__Clients-5__Rounds-10__Delay-0_5__Alpha-0_01__Seed-50.txt
alpha-0_01 folder,FedAVG,FashionMNIST,0.5,0.01,51,10,5,168.71,1 x NVIDIA A40,AMD EPYC 9354P 32-Core Processor,test3_comunicacao,results/main_campaign_default_alpha_0_01/FedAVG-results/test3_comunicacao/FashionMNIST/FedAVG__FashionMNIST__Setup-5__Clients-5__Rounds-10__Delay-0_5__Alpha-0_01__Seed-51.txt
alpha-0_01 folder,FedAVG,FashionMNIST,0.5,0.01,52,10,5,169.69,1 x NVIDIA A40,AMD EPYC 9354P 32-Core Processor,test3_comunicacao,results/main_campaign_default_alpha_0_01/FedAVG-results/test3_comunicacao/FashionMNIST/FedAVG__FashionMNIST__Setup-5__Clients-5__Rounds-10__Delay-0_5__Alpha-0_01__Seed-52.txt
alpha-0_01 folder,FedAVG,FashionMNIST,0.5,0.01,53,10,5,144.46,1 x NVIDIA A40,AMD EPYC 9354P 32-Core Processor,test3_comunicacao,results/main_campaign_default_alpha_0_01/FedAVG-results/test3_comunicacao/FashionMNIST/FedAVG__FashionMNIST__Setup-5__Clients-5__Rounds-10__Delay-0_5__Alpha-0_01__Seed-53.txt
alpha-0_01 folder,FedAVG,FashionMNIST,0.5,0.01,54,10,5,149.86,1 x NVIDIA A40,AMD EPYC 9354P 32-Core Processor,test3_comunicacao,results/main_campaign_default_alpha_0_01/FedAVG-results/test3_comunicacao/FashionMNIST/FedAVG__FashionMNIST__Setup-5__Clients-5__Rounds-10__Delay-0_5__Alpha-0_01__Seed-54.txt
alpha-0_01 folder,FedAVG,FashionMNIST,0.5,0.01,55,10,5,175.54,1 x NVIDIA A40,AMD EPYC 9354P 32-Core Processor,test3_comunicacao,results/main_campaign_default_alpha_0_01/FedAVG-results/test3_comunicacao/FashionMNIST/FedAVG__FashionMNIST__Setup-5__Clients-5__Rounds-10__Delay-0_5__Alpha-0_01__Seed-55.txt
alpha-0_01 folder,FedAVG,FashionMNIST,0.5,0.01,56,10,5,139.56,1 x NVIDIA A40,AMD EPYC 9354P 32-Core Processor,test3_comunicacao,results/main_campaign_default_alpha_0_01/FedAVG-results/test3_comunicacao/FashionMNIST/FedAVG__FashionMNIST__Setup-5__Clients-5__Rounds-10__Delay-0_5__Alpha-0_01__Seed-56.txt
alpha-0_01 folder,FedAVG,FashionMNIST,0.5,0.01,57,10,5,170.62,1 x NVIDIA A40,AMD EPYC 9354P 32-Core Processor,test3_comunicacao,results/main_campaign_default_alpha_0_01/FedAVG-results/test3_comunicacao/FashionMNIST/FedAVG__FashionMNIST__Setup-5__Clients-5__Rounds-10__Delay-0_5__Alpha-0_01__Seed-57.txt
alpha-0_01 folder,FedAVG,FashionMNIST,0.5,0.01,58,10,5,140.42,1 x NVIDIA A40,AMD EPYC 9354P 32-Core Processor,test3_comunicacao,results/main_campaign_default_alpha_0_01/FedAVG-results/test3_comunicacao/FashionMNIST/FedAVG__FashionMNIST__Setup-5__Clients-5__Rounds-10__Delay-0_5__Alpha-0_01__Seed-58.txt
alpha-0_01 folder,FedAVG,FashionMNIST,0.5,0.01,59,10,5,168.19,1 x NVIDIA A40,AMD EPYC 9354P 32-Core Processor,test3_comunicacao,results/main_campaign_default_alpha_0_01/FedAVG-results/test3_comunicacao/FashionMNIST/FedAVG__FashionMNIST__Setup-5__Clients-5__Rounds-10__Delay-0_5__Alpha-0_01__Seed-59.txt
alpha-0_01 folder,FedAVG,FashionMNIST,0.5,0.01,60,10,5,163.86,1 x NVIDIA A40,AMD EPYC 9354P 32-Core Processor,test3_comunicacao,results/main_campaign_default_alpha_0_01/FedAVG-results/test3_comunicacao/FashionMNIST/FedAVG__FashionMNIST__Setup-5__Clients-5__Rounds-10__Delay-0_5__Alpha-0_01__Seed-60.txt
alpha-0_01 folder,FedAVG,FashionMNIST,0.5,0.01,61,10,5,167.52,1 x NVIDIA A40,AMD EPYC 9354P 32-Core Processor,test3_comunicacao,results/main_campaign_default_alpha_0_01/FedAVG-results/test3_comunicacao/FashionMNIST/FedAVG__FashionMNIST__Setup-5__Clients-5__Rounds-10__Delay-0_5__Alpha-0_01__Seed-61.txt
alpha-0_01 folder,FedAVG,FashionMNIST,0.5,0.01,62,10,5,172.17,1 x NVIDIA A40,AMD EPYC 9354P 32-Core Processor,test3_comunicacao,results/main_campaign_default_alpha_0_01/FedAVG-results/test3_comunicacao/FashionMNIST/FedAVG__FashionMNIST__Setup-5__Clients-5__Rounds-10__Delay-0_5__Alpha-0_01__Seed-62.txt
alpha-0_01 folder,FedAVG,FashionMNIST,0.5,0.01,63,10,5,142.06,1 x NVIDIA A40,AMD EPYC 9354P 32-Core Processor,test3_comunicacao,results/main_campaign_default_alpha_0_01/FedAVG-results/test3_comunicacao/FashionMNIST/FedAVG__FashionMNIST__Setup-5__Clients-5__Rounds-10__Delay-0_5__Alpha-0_01__Seed-63.txt
alpha-0_01 folder,FedAVG,FashionMNIST,0.5,0.01,64,10,5,139.25,1 x NVIDIA A40,AMD EPYC 9354P 32-Core Processor,test3_comunicacao,results/main_campaign_default_alpha_0_01/FedAVG-results/test3_comunicacao/FashionMNIST/FedAVG__FashionMNIST__Setup-5__Clients-5__Rounds-10__Delay-0_5__Alpha-0_01__Seed-64.txt
alpha-0_01 folder,FedAVG,FashionMNIST,0.5,0.01,65,10,5,162.41,1 x NVIDIA A40,AMD EPYC 9354P 32-Core Processor,test3_comunicacao,results/main_campaign_default_alpha_0_01/FedAVG-results/test3_comunicacao/FashionMNIST/FedAVG__FashionMNIST__Setup-5__Clients-5__Rounds-10__Delay-0_5__Alpha-0_01__Seed-65.txt
alpha-0_01 folder,FedAVG,FashionMNIST,0.5,0.01,66,10,5,167.79,1 x NVIDIA A40,AMD EPYC 9354P 32-Core Processor,test3_comunicacao,results/main_campaign_default_alpha_0_01/FedAVG-results/test3_comunicacao/FashionMNIST/FedAVG__FashionMNIST__Setup-5__Clients-5__Rounds-10__Delay-0_5__Alpha-0_01__Seed-66.txt
alpha-0_01 folder,FedAVG,FashionMNIST,0.5,0.01,67,10,5,198.59,1 x NVIDIA A40,AMD EPYC 9354P 32-Core Processor,test3_comunicacao,results/main_campaign_default_alpha_0_01/FedAVG-results/test3_comunicacao/FashionMNIST/FedAVG__FashionMNIST__Setup-5__Clients-5__Rounds-10__Delay-0_5__Alpha-0_01__Seed-67.txt
alpha-0_01 folder,FedAVG,FashionMNIST,0.5,0.01,68,10,5,139.59,1 x NVIDIA A40,AMD EPYC 9354P 32-Core Processor,test3_comunicacao,results/main_campaign_default_alpha_0_01/FedAVG-results/test3_comunicacao/FashionMNIST/FedAVG__FashionMNIST__Setup-5__Clients-5__Rounds-10__Delay-0_5__Alpha-0_01__Seed-68.txt
alpha-0_01 folder,FedAVG,FashionMNIST,0.5,0.01,69,10,5,176.02,1 x NVIDIA A40,AMD EPYC 9354P 32-Core Processor,test3_comunicacao,results/main_campaign_default_alpha_0_01/FedAVG-results/test3_comunicacao/FashionMNIST/FedAVG__FashionMNIST__Setup-5__Clients-5__Rounds-10__Delay-0_5__Alpha-0_01__Seed-69.txt
alpha-0_01 folder,FedAVG,FashionMNIST,0.5,0.01,70,10,5,138.98,1 x NVIDIA A40,AMD EPYC 9354P 32-Core Processor,test3_comunicacao,results/main_campaign_default_alpha_0_01/FedAVG-results/test3_comunicacao/FashionMNIST/FedAVG__FashionMNIST__Setup-5__Clients-5__Rounds-10__Delay-0_5__Alpha-0_01__Seed-70.txt
alpha-0_01 folder,FedAVG,FashionMNIST,0.5,0.01,71,10,5,171.26,1 x NVIDIA A40,AMD EPYC 9354P 32-Core Processor,test3_comunicacao,results/main_campaign_default_alpha_0_01/FedAVG-results/test3_comunicacao/FashionMNIST/FedAVG__FashionMNIST__Setup-5__Clients-5__Rounds-10__Delay-0_5__Alpha-0_01__Seed-71.txt
alpha-0_01 folder,FedAVG,MNIST,0.05,0.01,42,10,5,136.18,1 x NVIDIA A40,AMD EPYC 9354P 32-Core Processor,test3_comunicacao,results/main_campaign_default_alpha_0_01/FedAVG-results/test3_comunicacao/MNIST/FedAVG__MNIST__Setup-5__Clients-5__Rounds-10__Delay-0_05__Alpha-0_01__Seed-42.txt
alpha-0_01 folder,FedAVG,MNIST,0.05,0.01,43,10,5,143.27,1 x NVIDIA A40,AMD EPYC 9354P 32-Core Processor,test3_comunicacao,results/main_campaign_default_alpha_0_01/FedAVG-results/test3_comunicacao/MNIST/FedAVG__MNIST__Setup-5__Clients-5__Rounds-10__Delay-0_05__Alpha-0_01__Seed-43.txt
alpha-0_01 folder,FedAVG,MNIST,0.05,0.01,44,10,5,139.36,1 x NVIDIA A40,AMD EPYC 9354P 32-Core Processor,test3_comunicacao,results/main_campaign_default_alpha_0_01/FedAVG-results/test3_comunicacao/MNIST/FedAVG__MNIST__Setup-5__Clients-5__Rounds-10__Delay-0_05__Alpha-0_01__Seed-44.txt
alpha-0_01 folder,FedAVG,MNIST,0.05,0.01,45,10,5,131.78,1 x NVIDIA A40,AMD EPYC 9354P 32-Core Processor,test3_comunicacao,results/main_campaign_default_alpha_0_01/FedAVG-results/test3_comunicacao/MNIST/FedAVG__MNIST__Setup-5__Clients-5__Rounds-10__Delay-0_05__Alpha-0_01__Seed-45.txt
alpha-0_01 folder,FedAVG,MNIST,0.05,0.01,46,10,5,179.01,1 x NVIDIA A40,AMD EPYC 9354P 32-Core Processor,test3_comunicacao,results/main_campaign_default_alpha_0_01/FedAVG-results/test3_comunicacao/MNIST/FedAVG__MNIST__Setup-5__Clients-5__Rounds-10__Delay-0_05__Alpha-0_01__Seed-46.txt
alpha-0_01 folder,FedAVG,MNIST,0.05,0.01,47,10,5,155.02,1 x NVIDIA A40,AMD EPYC 9354P 32-Core Processor,test3_comunicacao,results/main_campaign_default_alpha_0_01/FedAVG-results/test3_comunicacao/MNIST/FedAVG__MNIST__Setup-5__Clients-5__Rounds-10__Delay-0_05__Alpha-0_01__Seed-47.txt
alpha-0_01 folder,FedAVG,MNIST,0.05,0.01,48,10,5,129.89,1 x NVIDIA A40,AMD EPYC 9354P 32-Core Processor,test3_comunicacao,results/main_campaign_default_alpha_0_01/FedAVG-results/test3_comunicacao/MNIST/FedAVG__MNIST__Setup-5__Clients-5__Rounds-10__Delay-0_05__Alpha-0_01__Seed-48.txt
alpha-0_01 folder,FedAVG,MNIST,0.05,0.01,49,10,5,134.40,1 x NVIDIA A40,AMD EPYC 9354P 32-Core Processor,test3_comunicacao,results/main_campaign_default_alpha_0_01/FedAVG-results/test3_comunicacao/MNIST/FedAVG__MNIST__Setup-5__Clients-5__Rounds-10__Delay-0_05__Alpha-0_01__Seed-49.txt
alpha-0_01 folder,FedAVG,MNIST,0.05,0.01,50,10,5,179.97,1 x NVIDIA A40,AMD EPYC 9354P 32-Core Processor,test3_comunicacao,results/main_campaign_default_alpha_0_01/FedAVG-results/test3_comunicacao/MNIST/FedAVG__MNIST__Setup-5__Clients-5__Rounds-10__Delay-0_05__Alpha-0_01__Seed-50.txt
alpha-0_01 folder,FedAVG,MNIST,0.05,0.01,51,10,5,156.28,1 x NVIDIA A40,AMD EPYC 9354P 32-Core Processor,test3_comunicacao,results/main_campaign_default_alpha_0_01/FedAVG-results/test3_comunicacao/MNIST/FedAVG__MNIST__Setup-5__Clients-5__Rounds-10__Delay-0_05__Alpha-0_01__Seed-51.txt
alpha-0_01 folder,FedAVG,MNIST,0.05,0.01,52,10,5,155.65,1 x NVIDIA A40,AMD EPYC 9354P 32-Core Processor,test3_comunicacao,results/main_campaign_default_alpha_0_01/FedAVG-results/test3_comunicacao/MNIST/FedAVG__MNIST__Setup-5__Clients-5__Rounds-10__Delay-0_05__Alpha-0_01__Seed-52.txt
alpha-0_01 folder,FedAVG,MNIST,0.05,0.01,53,10,5,129.28,1 x NVIDIA A40,AMD EPYC 9354P 32-Core Processor,test3_comunicacao,results/main_campaign_default_alpha_0_01/FedAVG-results/test3_comunicacao/MNIST/FedAVG__MNIST__Setup-5__Clients-5__Rounds-10__Delay-0_05__Alpha-0_01__Seed-53.txt
alpha-0_01 folder,FedAVG,MNIST,0.05,0.01,54,10,5,141.66,1 x NVIDIA A40,AMD EPYC 9354P 32-Core Processor,test3_comunicacao,results/main_campaign_default_alpha_0_01/FedAVG-results/test3_comunicacao/MNIST/FedAVG__MNIST__Setup-5__Clients-5__Rounds-10__Delay-0_05__Alpha-0_01__Seed-54.txt
alpha-0_01 folder,FedAVG,MNIST,0.05,0.01,55,10,5,162.92,1 x NVIDIA A40,AMD EPYC 9354P 32-Core Processor,test3_comunicacao,results/main_campaign_default_alpha_0_01/FedAVG-results/test3_comunicacao/MNIST/FedAVG__MNIST__Setup-5__Clients-5__Rounds-10__Delay-0_05__Alpha-0_01__Seed-55.txt
alpha-0_01 folder,FedAVG,MNIST,0.05,0.01,56,10,5,123.00,1 x NVIDIA A40,AMD EPYC 9354P 32-Core Processor,test3_comunicacao,results/main_campaign_default_alpha_0_01/FedAVG-results/test3_comunicacao/MNIST/FedAVG__MNIST__Setup-5__Clients-5__Rounds-10__Delay-0_05__Alpha-0_01__Seed-56.txt
alpha-0_01 folder,FedAVG,MNIST,0.05,0.01,57,10,5,160.42,1 x NVIDIA A40,AMD EPYC 9354P 32-Core Processor,test3_comunicacao,results/main_campaign_default_alpha_0_01/FedAVG-results/test3_comunicacao/MNIST/FedAVG__MNIST__Setup-5__Clients-5__Rounds-10__Delay-0_05__Alpha-0_01__Seed-57.txt
alpha-0_01 folder,FedAVG,MNIST,0.05,0.01,58,10,5,128.73,1 x NVIDIA A40,AMD EPYC 9354P 32-Core Processor,test3_comunicacao,results/main_campaign_default_alpha_0_01/FedAVG-results/test3_comunicacao/MNIST/FedAVG__MNIST__Setup-5__Clients-5__Rounds-10__Delay-0_05__Alpha-0_01__Seed-58.txt
alpha-0_01 folder,FedAVG,MNIST,0.05,0.01,59,10,5,156.70,1 x NVIDIA A40,AMD EPYC 9354P 32-Core Processor,test3_comunicacao,results/main_campaign_default_alpha_0_01/FedAVG-results/test3_comunicacao/MNIST/FedAVG__MNIST__Setup-5__Clients-5__Rounds-10__Delay-0_05__Alpha-0_01__Seed-59.txt
alpha-0_01 folder,FedAVG,MNIST,0.05,0.01,60,10,5,148.86,1 x NVIDIA A40,AMD EPYC 9354P 32-Core Processor,test3_comunicacao,results/main_campaign_default_alpha_0_01/FedAVG-results/test3_comunicacao/MNIST/FedAVG__MNIST__Setup-5__Clients-5__Rounds-10__Delay-0_05__Alpha-0_01__Seed-60.txt
alpha-0_01 folder,FedAVG,MNIST,0.05,0.01,61,10,5,156.74,1 x NVIDIA A40,AMD EPYC 9354P 32-Core Processor,test3_comunicacao,results/main_campaign_default_alpha_0_01/FedAVG-results/test3_comunicacao/MNIST/FedAVG__MNIST__Setup-5__Clients-5__Rounds-10__Delay-0_05__Alpha-0_01__Seed-61.txt
alpha-0_01 folder,FedAVG,MNIST,0.05,0.01,62,10,5,160.42,1 x NVIDIA A40,AMD EPYC 9354P 32-Core Processor,test3_comunicacao,results/main_campaign_default_alpha_0_01/FedAVG-results/test3_comunicacao/MNIST/FedAVG__MNIST__Setup-5__Clients-5__Rounds-10__Delay-0_05__Alpha-0_01__Seed-62.txt
alpha-0_01 folder,FedAVG,MNIST,0.05,0.01,63,10,5,129.91,1 x NVIDIA A40,AMD EPYC 9354P 32-Core Processor,test3_comunicacao,results/main_campaign_default_alpha_0_01/FedAVG-results/test3_comunicacao/MNIST/FedAVG__MNIST__Setup-5__Clients-5__Rounds-10__Delay-0_05__Alpha-0_01__Seed-63.txt
alpha-0_01 folder,FedAVG,MNIST,0.05,0.01,64,10,5,125.39,1 x NVIDIA A40,AMD EPYC 9354P 32-Core Processor,test3_comunicacao,results/main_campaign_default_alpha_0_01/FedAVG-results/test3_comunicacao/MNIST/FedAVG__MNIST__Setup-5__Clients-5__Rounds-10__Delay-0_05__Alpha-0_01__Seed-64.txt
alpha-0_01 folder,FedAVG,MNIST,0.05,0.01,65,10,5,149.20,1 x NVIDIA A40,AMD EPYC 9354P 32-Core Processor,test3_comunicacao,results/main_campaign_default_alpha_0_01/FedAVG-results/test3_comunicacao/MNIST/FedAVG__MNIST__Setup-5__Clients-5__Rounds-10__Delay-0_05__Alpha-0_01__Seed-65.txt
alpha-0_01 folder,FedAVG,MNIST,0.05,0.01,66,10,5,153.84,1 x NVIDIA A40,AMD EPYC 9354P 32-Core Processor,test3_comunicacao,results/main_campaign_default_alpha_0_01/FedAVG-results/test3_comunicacao/MNIST/FedAVG__MNIST__Setup-5__Clients-5__Rounds-10__Delay-0_05__Alpha-0_01__Seed-66.txt
alpha-0_01 folder,FedAVG,MNIST,0.05,0.01,67,10,5,181.76,1 x NVIDIA A40,AMD EPYC 9354P 32-Core Processor,test3_comunicacao,results/main_campaign_default_alpha_0_01/FedAVG-results/test3_comunicacao/MNIST/FedAVG__MNIST__Setup-5__Clients-5__Rounds-10__Delay-0_05__Alpha-0_01__Seed-67.txt
alpha-0_01 folder,FedAVG,MNIST,0.05,0.01,68,10,5,124.80,1 x NVIDIA A40,AMD EPYC 9354P 32-Core Processor,test3_comunicacao,results/main_campaign_default_alpha_0_01/FedAVG-results/test3_comunicacao/MNIST/FedAVG__MNIST__Setup-5__Clients-5__Rounds-10__Delay-0_05__Alpha-0_01__Seed-68.txt
alpha-0_01 folder,FedAVG,MNIST,0.05,0.01,69,10,5,163.26,1 x NVIDIA A40,AMD EPYC 9354P 32-Core Processor,test3_comunicacao,results/main_campaign_default_alpha_0_01/FedAVG-results/test3_comunicacao/MNIST/FedAVG__MNIST__Setup-5__Clients-5__Rounds-10__Delay-0_05__Alpha-0_01__Seed-69.txt
alpha-0_01 folder,FedAVG,MNIST,0.05,0.01,70,10,5,125.65,1 x NVIDIA A40,AMD EPYC 9354P 32-Core Processor,test3_comunicacao,results/main_campaign_default_alpha_0_01/FedAVG-results/test3_comunicacao/MNIST/FedAVG__MNIST__Setup-5__Clients-5__Rounds-10__Delay-0_05__Alpha-0_01__Seed-70.txt
alpha-0_01 folder,FedAVG,MNIST,0.05,0.01,71,10,5,152.05,1 x NVIDIA A40,AMD EPYC 9354P 32-Core Processor,test3_comunicacao,results/main_campaign_default_alpha_0_01/FedAVG-results/test3_comunicacao/MNIST/FedAVG__MNIST__Setup-5__Clients-5__Rounds-10__Delay-0_05__Alpha-0_01__Seed-71.txt
alpha-0_01 folder,FedAVG,MNIST,0.1,0.01,42,10,5,137.98,1 x NVIDIA A40,AMD EPYC 9354P 32-Core Processor,test3_comunicacao,results/main_campaign_default_alpha_0_01/FedAVG-results/test3_comunicacao/MNIST/FedAVG__MNIST__Setup-5__Clients-5__Rounds-10__Delay-0_1__Alpha-0_01__Seed-42.txt
alpha-0_01 folder,FedAVG,MNIST,0.1,0.01,43,10,5,145.39,1 x NVIDIA A40,AMD EPYC 9354P 32-Core Processor,test3_comunicacao,results/main_campaign_default_alpha_0_01/FedAVG-results/test3_comunicacao/MNIST/FedAVG__MNIST__Setup-5__Clients-5__Rounds-10__Delay-0_1__Alpha-0_01__Seed-43.txt
alpha-0_01 folder,FedAVG,MNIST,0.1,0.01,44,10,5,141.73,1 x NVIDIA A40,AMD EPYC 9354P 32-Core Processor,test3_comunicacao,results/main_campaign_default_alpha_0_01/FedAVG-results/test3_comunicacao/MNIST/FedAVG__MNIST__Setup-5__Clients-5__Rounds-10__Delay-0_1__Alpha-0_01__Seed-44.txt
alpha-0_01 folder,FedAVG,MNIST,0.1,0.01,45,10,5,132.45,1 x NVIDIA A40,AMD EPYC 9354P 32-Core Processor,test3_comunicacao,results/main_campaign_default_alpha_0_01/FedAVG-results/test3_comunicacao/MNIST/FedAVG__MNIST__Setup-5__Clients-5__Rounds-10__Delay-0_1__Alpha-0_01__Seed-45.txt
alpha-0_01 folder,FedAVG,MNIST,0.1,0.01,46,10,5,180.03,1 x NVIDIA A40,AMD EPYC 9354P 32-Core Processor,test3_comunicacao,results/main_campaign_default_alpha_0_01/FedAVG-results/test3_comunicacao/MNIST/FedAVG__MNIST__Setup-5__Clients-5__Rounds-10__Delay-0_1__Alpha-0_01__Seed-46.txt
alpha-0_01 folder,FedAVG,MNIST,0.1,0.01,47,10,5,156.85,1 x NVIDIA A40,AMD EPYC 9354P 32-Core Processor,test3_comunicacao,results/main_campaign_default_alpha_0_01/FedAVG-results/test3_comunicacao/MNIST/FedAVG__MNIST__Setup-5__Clients-5__Rounds-10__Delay-0_1__Alpha-0_01__Seed-47.txt
alpha-0_01 folder,FedAVG,MNIST,0.1,0.01,48,10,5,131.27,1 x NVIDIA A40,AMD EPYC 9354P 32-Core Processor,test3_comunicacao,results/main_campaign_default_alpha_0_01/FedAVG-results/test3_comunicacao/MNIST/FedAVG__MNIST__Setup-5__Clients-5__Rounds-10__Delay-0_1__Alpha-0_01__Seed-48.txt
alpha-0_01 folder,FedAVG,MNIST,0.1,0.01,49,10,5,136.00,1 x NVIDIA A40,AMD EPYC 9354P 32-Core Processor,test3_comunicacao,results/main_campaign_default_alpha_0_01/FedAVG-results/test3_comunicacao/MNIST/FedAVG__MNIST__Setup-5__Clients-5__Rounds-10__Delay-0_1__Alpha-0_01__Seed-49.txt
alpha-0_01 folder,FedAVG,MNIST,0.1,0.01,50,10,5,180.67,1 x NVIDIA A40,AMD EPYC 9354P 32-Core Processor,test3_comunicacao,results/main_campaign_default_alpha_0_01/FedAVG-results/test3_comunicacao/MNIST/FedAVG__MNIST__Setup-5__Clients-5__Rounds-10__Delay-0_1__Alpha-0_01__Seed-50.txt
alpha-0_01 folder,FedAVG,MNIST,0.1,0.01,51,10,5,157.44,1 x NVIDIA A40,AMD EPYC 9354P 32-Core Processor,test3_comunicacao,results/main_campaign_default_alpha_0_01/FedAVG-results/test3_comunicacao/MNIST/FedAVG__MNIST__Setup-5__Clients-5__Rounds-10__Delay-0_1__Alpha-0_01__Seed-51.txt
alpha-0_01 folder,FedAVG,MNIST,0.1,0.01,52,10,5,157.68,1 x NVIDIA A40,AMD EPYC 9354P 32-Core Processor,test3_comunicacao,results/main_campaign_default_alpha_0_01/FedAVG-results/test3_comunicacao/MNIST/FedAVG__MNIST__Setup-5__Clients-5__Rounds-10__Delay-0_1__Alpha-0_01__Seed-52.txt
alpha-0_01 folder,FedAVG,MNIST,0.1,0.01,53,10,5,129.92,1 x NVIDIA A40,AMD EPYC 9354P 32-Core Processor,test3_comunicacao,results/main_campaign_default_alpha_0_01/FedAVG-results/test3_comunicacao/MNIST/FedAVG__MNIST__Setup-5__Clients-5__Rounds-10__Delay-0_1__Alpha-0_01__Seed-53.txt
alpha-0_01 folder,FedAVG,MNIST,0.1,0.01,54,10,5,142.12,1 x NVIDIA A40,AMD EPYC 9354P 32-Core Processor,test3_comunicacao,results/main_campaign_default_alpha_0_01/FedAVG-results/test3_comunicacao/MNIST/FedAVG__MNIST__Setup-5__Clients-5__Rounds-10__Delay-0_1__Alpha-0_01__Seed-54.txt
alpha-0_01 folder,FedAVG,MNIST,0.1,0.01,55,10,5,165.30,1 x NVIDIA A40,AMD EPYC 9354P 32-Core Processor,test3_comunicacao,results/main_campaign_default_alpha_0_01/FedAVG-results/test3_comunicacao/MNIST/FedAVG__MNIST__Setup-5__Clients-5__Rounds-10__Delay-0_1__Alpha-0_01__Seed-55.txt
alpha-0_01 folder,FedAVG,MNIST,0.1,0.01,56,10,5,124.08,1 x NVIDIA A40,AMD EPYC 9354P 32-Core Processor,test3_comunicacao,results/main_campaign_default_alpha_0_01/FedAVG-results/test3_comunicacao/MNIST/FedAVG__MNIST__Setup-5__Clients-5__Rounds-10__Delay-0_1__Alpha-0_01__Seed-56.txt
alpha-0_01 folder,FedAVG,MNIST,0.1,0.01,57,10,5,162.53,1 x NVIDIA A40,AMD EPYC 9354P 32-Core Processor,test3_comunicacao,results/main_campaign_default_alpha_0_01/FedAVG-results/test3_comunicacao/MNIST/FedAVG__MNIST__Setup-5__Clients-5__Rounds-10__Delay-0_1__Alpha-0_01__Seed-57.txt
alpha-0_01 folder,FedAVG,MNIST,0.1,0.01,58,10,5,129.14,1 x NVIDIA A40,AMD EPYC 9354P 32-Core Processor,test3_comunicacao,results/main_campaign_default_alpha_0_01/FedAVG-results/test3_comunicacao/MNIST/FedAVG__MNIST__Setup-5__Clients-5__Rounds-10__Delay-0_1__Alpha-0_01__Seed-58.txt
alpha-0_01 folder,FedAVG,MNIST,0.1,0.01,59,10,5,158.00,1 x NVIDIA A40,AMD EPYC 9354P 32-Core Processor,test3_comunicacao,results/main_campaign_default_alpha_0_01/FedAVG-results/test3_comunicacao/MNIST/FedAVG__MNIST__Setup-5__Clients-5__Rounds-10__Delay-0_1__Alpha-0_01__Seed-59.txt
alpha-0_01 folder,FedAVG,MNIST,0.1,0.01,60,10,5,150.80,1 x NVIDIA A40,AMD EPYC 9354P 32-Core Processor,test3_comunicacao,results/main_campaign_default_alpha_0_01/FedAVG-results/test3_comunicacao/MNIST/FedAVG__MNIST__Setup-5__Clients-5__Rounds-10__Delay-0_1__Alpha-0_01__Seed-60.txt
alpha-0_01 folder,FedAVG,MNIST,0.1,0.01,61,10,5,157.44,1 x NVIDIA A40,AMD EPYC 9354P 32-Core Processor,test3_comunicacao,results/main_campaign_default_alpha_0_01/FedAVG-results/test3_comunicacao/MNIST/FedAVG__MNIST__Setup-5__Clients-5__Rounds-10__Delay-0_1__Alpha-0_01__Seed-61.txt
alpha-0_01 folder,FedAVG,MNIST,0.1,0.01,62,10,5,160.69,1 x NVIDIA A40,AMD EPYC 9354P 32-Core Processor,test3_comunicacao,results/main_campaign_default_alpha_0_01/FedAVG-results/test3_comunicacao/MNIST/FedAVG__MNIST__Setup-5__Clients-5__Rounds-10__Delay-0_1__Alpha-0_01__Seed-62.txt
alpha-0_01 folder,FedAVG,MNIST,0.1,0.01,63,10,5,131.53,1 x NVIDIA A40,AMD EPYC 9354P 32-Core Processor,test3_comunicacao,results/main_campaign_default_alpha_0_01/FedAVG-results/test3_comunicacao/MNIST/FedAVG__MNIST__Setup-5__Clients-5__Rounds-10__Delay-0_1__Alpha-0_01__Seed-63.txt
alpha-0_01 folder,FedAVG,MNIST,0.1,0.01,64,10,5,125.90,1 x NVIDIA A40,AMD EPYC 9354P 32-Core Processor,test3_comunicacao,results/main_campaign_default_alpha_0_01/FedAVG-results/test3_comunicacao/MNIST/FedAVG__MNIST__Setup-5__Clients-5__Rounds-10__Delay-0_1__Alpha-0_01__Seed-64.txt
alpha-0_01 folder,FedAVG,MNIST,0.1,0.01,65,10,5,151.15,1 x NVIDIA A40,AMD EPYC 9354P 32-Core Processor,test3_comunicacao,results/main_campaign_default_alpha_0_01/FedAVG-results/test3_comunicacao/MNIST/FedAVG__MNIST__Setup-5__Clients-5__Rounds-10__Delay-0_1__Alpha-0_01__Seed-65.txt
alpha-0_01 folder,FedAVG,MNIST,0.1,0.01,66,10,5,156.13,1 x NVIDIA A40,AMD EPYC 9354P 32-Core Processor,test3_comunicacao,results/main_campaign_default_alpha_0_01/FedAVG-results/test3_comunicacao/MNIST/FedAVG__MNIST__Setup-5__Clients-5__Rounds-10__Delay-0_1__Alpha-0_01__Seed-66.txt
alpha-0_01 folder,FedAVG,MNIST,0.1,0.01,67,10,5,182.72,1 x NVIDIA A40,AMD EPYC 9354P 32-Core Processor,test3_comunicacao,results/main_campaign_default_alpha_0_01/FedAVG-results/test3_comunicacao/MNIST/FedAVG__MNIST__Setup-5__Clients-5__Rounds-10__Delay-0_1__Alpha-0_01__Seed-67.txt
alpha-0_01 folder,FedAVG,MNIST,0.1,0.01,68,10,5,126.81,1 x NVIDIA A40,AMD EPYC 9354P 32-Core Processor,test3_comunicacao,results/main_campaign_default_alpha_0_01/FedAVG-results/test3_comunicacao/MNIST/FedAVG__MNIST__Setup-5__Clients-5__Rounds-10__Delay-0_1__Alpha-0_01__Seed-68.txt
alpha-0_01 folder,FedAVG,MNIST,0.1,0.01,69,10,5,165.07,1 x NVIDIA A40,AMD EPYC 9354P 32-Core Processor,test3_comunicacao,results/main_campaign_default_alpha_0_01/FedAVG-results/test3_comunicacao/MNIST/FedAVG__MNIST__Setup-5__Clients-5__Rounds-10__Delay-0_1__Alpha-0_01__Seed-69.txt
alpha-0_01 folder,FedAVG,MNIST,0.1,0.01,70,10,5,126.14,1 x NVIDIA A40,AMD EPYC 9354P 32-Core Processor,test3_comunicacao,results/main_campaign_default_alpha_0_01/FedAVG-results/test3_comunicacao/MNIST/FedAVG__MNIST__Setup-5__Clients-5__Rounds-10__Delay-0_1__Alpha-0_01__Seed-70.txt
alpha-0_01 folder,FedAVG,MNIST,0.1,0.01,71,10,5,153.28,1 x NVIDIA A40,AMD EPYC 9354P 32-Core Processor,test3_comunicacao,results/main_campaign_default_alpha_0_01/FedAVG-results/test3_comunicacao/MNIST/FedAVG__MNIST__Setup-5__Clients-5__Rounds-10__Delay-0_1__Alpha-0_01__Seed-71.txt
alpha-0_01 folder,FedAVG,MNIST,0.5,0.01,42,10,5,150.67,1 x NVIDIA A40,AMD EPYC 9354P 32-Core Processor,test3_comunicacao,results/main_campaign_default_alpha_0_01/FedAVG-results/test3_comunicacao/MNIST/FedAVG__MNIST__Setup-5__Clients-5__Rounds-10__Delay-0_5__Alpha-0_01__Seed-42.txt
alpha-0_01 folder,FedAVG,MNIST,0.5,0.01,43,10,5,156.92,1 x NVIDIA A40,AMD EPYC 9354P 32-Core Processor,test3_comunicacao,results/main_campaign_default_alpha_0_01/FedAVG-results/test3_comunicacao/MNIST/FedAVG__MNIST__Setup-5__Clients-5__Rounds-10__Delay-0_5__Alpha-0_01__Seed-43.txt
alpha-0_01 folder,FedAVG,MNIST,0.5,0.01,44,10,5,154.39,1 x NVIDIA A40,AMD EPYC 9354P 32-Core Processor,test3_comunicacao,results/main_campaign_default_alpha_0_01/FedAVG-results/test3_comunicacao/MNIST/FedAVG__MNIST__Setup-5__Clients-5__Rounds-10__Delay-0_5__Alpha-0_01__Seed-44.txt
alpha-0_01 folder,FedAVG,MNIST,0.5,0.01,45,10,5,145.92,1 x NVIDIA A40,AMD EPYC 9354P 32-Core Processor,test3_comunicacao,results/main_campaign_default_alpha_0_01/FedAVG-results/test3_comunicacao/MNIST/FedAVG__MNIST__Setup-5__Clients-5__Rounds-10__Delay-0_5__Alpha-0_01__Seed-45.txt
alpha-0_01 folder,FedAVG,MNIST,0.5,0.01,46,10,5,192.61,1 x NVIDIA A40,AMD EPYC 9354P 32-Core Processor,test3_comunicacao,results/main_campaign_default_alpha_0_01/FedAVG-results/test3_comunicacao/MNIST/FedAVG__MNIST__Setup-5__Clients-5__Rounds-10__Delay-0_5__Alpha-0_01__Seed-46.txt
alpha-0_01 folder,FedAVG,MNIST,0.5,0.01,47,10,5,169.21,1 x NVIDIA A40,AMD EPYC 9354P 32-Core Processor,test3_comunicacao,results/main_campaign_default_alpha_0_01/FedAVG-results/test3_comunicacao/MNIST/FedAVG__MNIST__Setup-5__Clients-5__Rounds-10__Delay-0_5__Alpha-0_01__Seed-47.txt
alpha-0_01 folder,FedAVG,MNIST,0.5,0.01,48,10,5,143.83,1 x NVIDIA A40,AMD EPYC 9354P 32-Core Processor,test3_comunicacao,results/main_campaign_default_alpha_0_01/FedAVG-results/test3_comunicacao/MNIST/FedAVG__MNIST__Setup-5__Clients-5__Rounds-10__Delay-0_5__Alpha-0_01__Seed-48.txt
alpha-0_01 folder,FedAVG,MNIST,0.5,0.01,49,10,5,147.67,1 x NVIDIA A40,AMD EPYC 9354P 32-Core Processor,test3_comunicacao,results/main_campaign_default_alpha_0_01/FedAVG-results/test3_comunicacao/MNIST/FedAVG__MNIST__Setup-5__Clients-5__Rounds-10__Delay-0_5__Alpha-0_01__Seed-49.txt
alpha-0_01 folder,FedAVG,MNIST,0.5,0.01,50,10,5,193.78,1 x NVIDIA A40,AMD EPYC 9354P 32-Core Processor,test3_comunicacao,results/main_campaign_default_alpha_0_01/FedAVG-results/test3_comunicacao/MNIST/FedAVG__MNIST__Setup-5__Clients-5__Rounds-10__Delay-0_5__Alpha-0_01__Seed-50.txt
alpha-0_01 folder,FedAVG,MNIST,0.5,0.01,51,10,5,170.65,1 x NVIDIA A40,AMD EPYC 9354P 32-Core Processor,test3_comunicacao,results/main_campaign_default_alpha_0_01/FedAVG-results/test3_comunicacao/MNIST/FedAVG__MNIST__Setup-5__Clients-5__Rounds-10__Delay-0_5__Alpha-0_01__Seed-51.txt
alpha-0_01 folder,FedAVG,MNIST,0.5,0.01,52,10,5,170.08,1 x NVIDIA A40,AMD EPYC 9354P 32-Core Processor,test3_comunicacao,results/main_campaign_default_alpha_0_01/FedAVG-results/test3_comunicacao/MNIST/FedAVG__MNIST__Setup-5__Clients-5__Rounds-10__Delay-0_5__Alpha-0_01__Seed-52.txt
alpha-0_01 folder,FedAVG,MNIST,0.5,0.01,53,10,5,143.31,1 x NVIDIA A40,AMD EPYC 9354P 32-Core Processor,test3_comunicacao,results/main_campaign_default_alpha_0_01/FedAVG-results/test3_comunicacao/MNIST/FedAVG__MNIST__Setup-5__Clients-5__Rounds-10__Delay-0_5__Alpha-0_01__Seed-53.txt
alpha-0_01 folder,FedAVG,MNIST,0.5,0.01,54,10,5,155.57,1 x NVIDIA A40,AMD EPYC 9354P 32-Core Processor,test3_comunicacao,results/main_campaign_default_alpha_0_01/FedAVG-results/test3_comunicacao/MNIST/FedAVG__MNIST__Setup-5__Clients-5__Rounds-10__Delay-0_5__Alpha-0_01__Seed-54.txt
alpha-0_01 folder,FedAVG,MNIST,0.5,0.01,55,10,5,178.23,1 x NVIDIA A40,AMD EPYC 9354P 32-Core Processor,test3_comunicacao,results/main_campaign_default_alpha_0_01/FedAVG-results/test3_comunicacao/MNIST/FedAVG__MNIST__Setup-5__Clients-5__Rounds-10__Delay-0_5__Alpha-0_01__Seed-55.txt
alpha-0_01 folder,FedAVG,MNIST,0.5,0.01,56,10,5,136.36,1 x NVIDIA A40,AMD EPYC 9354P 32-Core Processor,test3_comunicacao,results/main_campaign_default_alpha_0_01/FedAVG-results/test3_comunicacao/MNIST/FedAVG__MNIST__Setup-5__Clients-5__Rounds-10__Delay-0_5__Alpha-0_01__Seed-56.txt
alpha-0_01 folder,FedAVG,MNIST,0.5,0.01,57,10,5,174.15,1 x NVIDIA A40,AMD EPYC 9354P 32-Core Processor,test3_comunicacao,results/main_campaign_default_alpha_0_01/FedAVG-results/test3_comunicacao/MNIST/FedAVG__MNIST__Setup-5__Clients-5__Rounds-10__Delay-0_5__Alpha-0_01__Seed-57.txt
alpha-0_01 folder,FedAVG,MNIST,0.5,0.01,58,10,5,141.30,1 x NVIDIA A40,AMD EPYC 9354P 32-Core Processor,test3_comunicacao,results/main_campaign_default_alpha_0_01/FedAVG-results/test3_comunicacao/MNIST/FedAVG__MNIST__Setup-5__Clients-5__Rounds-10__Delay-0_5__Alpha-0_01__Seed-58.txt
alpha-0_01 folder,FedAVG,MNIST,0.5,0.01,59,10,5,170.96,1 x NVIDIA A40,AMD EPYC 9354P 32-Core Processor,test3_comunicacao,results/main_campaign_default_alpha_0_01/FedAVG-results/test3_comunicacao/MNIST/FedAVG__MNIST__Setup-5__Clients-5__Rounds-10__Delay-0_5__Alpha-0_01__Seed-59.txt
alpha-0_01 folder,FedAVG,MNIST,0.5,0.01,60,10,5,162.84,1 x NVIDIA A40,AMD EPYC 9354P 32-Core Processor,test3_comunicacao,results/main_campaign_default_alpha_0_01/FedAVG-results/test3_comunicacao/MNIST/FedAVG__MNIST__Setup-5__Clients-5__Rounds-10__Delay-0_5__Alpha-0_01__Seed-60.txt
alpha-0_01 folder,FedAVG,MNIST,0.5,0.01,61,10,5,171.77,1 x NVIDIA A40,AMD EPYC 9354P 32-Core Processor,test3_comunicacao,results/main_campaign_default_alpha_0_01/FedAVG-results/test3_comunicacao/MNIST/FedAVG__MNIST__Setup-5__Clients-5__Rounds-10__Delay-0_5__Alpha-0_01__Seed-61.txt
alpha-0_01 folder,FedAVG,MNIST,0.5,0.01,62,10,5,173.86,1 x NVIDIA A40,AMD EPYC 9354P 32-Core Processor,test3_comunicacao,results/main_campaign_default_alpha_0_01/FedAVG-results/test3_comunicacao/MNIST/FedAVG__MNIST__Setup-5__Clients-5__Rounds-10__Delay-0_5__Alpha-0_01__Seed-62.txt
alpha-0_01 folder,FedAVG,MNIST,0.5,0.01,63,10,5,143.95,1 x NVIDIA A40,AMD EPYC 9354P 32-Core Processor,test3_comunicacao,results/main_campaign_default_alpha_0_01/FedAVG-results/test3_comunicacao/MNIST/FedAVG__MNIST__Setup-5__Clients-5__Rounds-10__Delay-0_5__Alpha-0_01__Seed-63.txt
alpha-0_01 folder,FedAVG,MNIST,0.5,0.01,64,10,5,138.84,1 x NVIDIA A40,AMD EPYC 9354P 32-Core Processor,test3_comunicacao,results/main_campaign_default_alpha_0_01/FedAVG-results/test3_comunicacao/MNIST/FedAVG__MNIST__Setup-5__Clients-5__Rounds-10__Delay-0_5__Alpha-0_01__Seed-64.txt
alpha-0_01 folder,FedAVG,MNIST,0.5,0.01,65,10,5,163.51,1 x NVIDIA A40,AMD EPYC 9354P 32-Core Processor,test3_comunicacao,results/main_campaign_default_alpha_0_01/FedAVG-results/test3_comunicacao/MNIST/FedAVG__MNIST__Setup-5__Clients-5__Rounds-10__Delay-0_5__Alpha-0_01__Seed-65.txt
alpha-0_01 folder,FedAVG,MNIST,0.5,0.01,66,10,5,167.13,1 x NVIDIA A40,AMD EPYC 9354P 32-Core Processor,test3_comunicacao,results/main_campaign_default_alpha_0_01/FedAVG-results/test3_comunicacao/MNIST/FedAVG__MNIST__Setup-5__Clients-5__Rounds-10__Delay-0_5__Alpha-0_01__Seed-66.txt
alpha-0_01 folder,FedAVG,MNIST,0.5,0.01,67,10,5,195.40,1 x NVIDIA A40,AMD EPYC 9354P 32-Core Processor,test3_comunicacao,results/main_campaign_default_alpha_0_01/FedAVG-results/test3_comunicacao/MNIST/FedAVG__MNIST__Setup-5__Clients-5__Rounds-10__Delay-0_5__Alpha-0_01__Seed-67.txt
alpha-0_01 folder,FedAVG,MNIST,0.5,0.01,68,10,5,138.36,1 x NVIDIA A40,AMD EPYC 9354P 32-Core Processor,test3_comunicacao,results/main_campaign_default_alpha_0_01/FedAVG-results/test3_comunicacao/MNIST/FedAVG__MNIST__Setup-5__Clients-5__Rounds-10__Delay-0_5__Alpha-0_01__Seed-68.txt
alpha-0_01 folder,FedAVG,MNIST,0.5,0.01,69,10,5,178.06,1 x NVIDIA A40,AMD EPYC 9354P 32-Core Processor,test3_comunicacao,results/main_campaign_default_alpha_0_01/FedAVG-results/test3_comunicacao/MNIST/FedAVG__MNIST__Setup-5__Clients-5__Rounds-10__Delay-0_5__Alpha-0_01__Seed-69.txt
alpha-0_01 folder,FedAVG,MNIST,0.5,0.01,70,10,5,139.48,1 x NVIDIA A40,AMD EPYC 9354P 32-Core Processor,test3_comunicacao,results/main_campaign_default_alpha_0_01/FedAVG-results/test3_comunicacao/MNIST/FedAVG__MNIST__Setup-5__Clients-5__Rounds-10__Delay-0_5__Alpha-0_01__Seed-70.txt
alpha-0_01 folder,FedAVG,MNIST,0.5,0.01,71,10,5,165.82,1 x NVIDIA A40,AMD EPYC 9354P 32-Core Processor,test3_comunicacao,results/main_campaign_default_alpha_0_01/FedAVG-results/test3_comunicacao/MNIST/FedAVG__MNIST__Setup-5__Clients-5__Rounds-10__Delay-0_5__Alpha-0_01__Seed-71.txt
alpha-0_01 folder,FedAvgM,CIFAR10,0.05,0.01,42,10,5,148.19,1 x NVIDIA A40,AMD EPYC 9354P 32-Core Processor,test3_comunicacao,results/main_campaign_default_alpha_0_01/FedAvgM-results/test3_comunicacao/CIFAR10/FedAvgM__CIFAR10__Setup-5__Clients-5__Rounds-10__Delay-0_05__Alpha-0_01__Seed-42.txt
alpha-0_01 folder,FedAvgM,CIFAR10,0.05,0.01,43,10,5,164.19,1 x NVIDIA A40,AMD EPYC 9354P 32-Core Processor,test3_comunicacao,results/main_campaign_default_alpha_0_01/FedAvgM-results/test3_comunicacao/CIFAR10/FedAvgM__CIFAR10__Setup-5__Clients-5__Rounds-10__Delay-0_05__Alpha-0_01__Seed-43.txt
alpha-0_01 folder,FedAvgM,CIFAR10,0.05,0.01,44,10,5,153.32,1 x NVIDIA A40,AMD EPYC 9354P 32-Core Processor,test3_comunicacao,results/main_campaign_default_alpha_0_01/FedAvgM-results/test3_comunicacao/CIFAR10/FedAvgM__CIFAR10__Setup-5__Clients-5__Rounds-10__Delay-0_05__Alpha-0_01__Seed-44.txt
alpha-0_01 folder,FedAvgM,CIFAR10,0.05,0.01,45,10,5,147.03,1 x NVIDIA A40,AMD EPYC 9354P 32-Core Processor,test3_comunicacao,results/main_campaign_default_alpha_0_01/FedAvgM-results/test3_comunicacao/CIFAR10/FedAvgM__CIFAR10__Setup-5__Clients-5__Rounds-10__Delay-0_05__Alpha-0_01__Seed-45.txt
alpha-0_01 folder,FedAvgM,CIFAR10,0.05,0.01,46,10,5,194.14,1 x NVIDIA A40,AMD EPYC 9354P 32-Core Processor,test3_comunicacao,results/main_campaign_default_alpha_0_01/FedAvgM-results/test3_comunicacao/CIFAR10/FedAvgM__CIFAR10__Setup-5__Clients-5__Rounds-10__Delay-0_05__Alpha-0_01__Seed-46.txt
alpha-0_01 folder,FedAvgM,CIFAR10,0.05,0.01,47,10,5,174.56,1 x NVIDIA A40,AMD EPYC 9354P 32-Core Processor,test3_comunicacao,results/main_campaign_default_alpha_0_01/FedAvgM-results/test3_comunicacao/CIFAR10/FedAvgM__CIFAR10__Setup-5__Clients-5__Rounds-10__Delay-0_05__Alpha-0_01__Seed-47.txt
alpha-0_01 folder,FedAvgM,CIFAR10,0.05,0.01,48,10,5,141.42,1 x NVIDIA A40,AMD EPYC 9354P 32-Core Processor,test3_comunicacao,results/main_campaign_default_alpha_0_01/FedAvgM-results/test3_comunicacao/CIFAR10/FedAvgM__CIFAR10__Setup-5__Clients-5__Rounds-10__Delay-0_05__Alpha-0_01__Seed-48.txt
alpha-0_01 folder,FedAvgM,CIFAR10,0.05,0.01,49,10,5,150.03,1 x NVIDIA A40,AMD EPYC 9354P 32-Core Processor,test3_comunicacao,results/main_campaign_default_alpha_0_01/FedAvgM-results/test3_comunicacao/CIFAR10/FedAvgM__CIFAR10__Setup-5__Clients-5__Rounds-10__Delay-0_05__Alpha-0_01__Seed-49.txt
alpha-0_01 folder,FedAvgM,CIFAR10,0.05,0.01,50,10,5,197.66,1 x NVIDIA A40,AMD EPYC 9354P 32-Core Processor,test3_comunicacao,results/main_campaign_default_alpha_0_01/FedAvgM-results/test3_comunicacao/CIFAR10/FedAvgM__CIFAR10__Setup-5__Clients-5__Rounds-10__Delay-0_05__Alpha-0_01__Seed-50.txt
alpha-0_01 folder,FedAvgM,CIFAR10,0.05,0.01,51,10,5,166.45,1 x NVIDIA A40,AMD EPYC 9354P 32-Core Processor,test3_comunicacao,results/main_campaign_default_alpha_0_01/FedAvgM-results/test3_comunicacao/CIFAR10/FedAvgM__CIFAR10__Setup-5__Clients-5__Rounds-10__Delay-0_05__Alpha-0_01__Seed-51.txt
alpha-0_01 folder,FedAvgM,CIFAR10,0.05,0.01,52,10,5,166.34,1 x NVIDIA A40,AMD EPYC 9354P 32-Core Processor,test3_comunicacao,results/main_campaign_default_alpha_0_01/FedAvgM-results/test3_comunicacao/CIFAR10/FedAvgM__CIFAR10__Setup-5__Clients-5__Rounds-10__Delay-0_05__Alpha-0_01__Seed-52.txt
alpha-0_01 folder,FedAvgM,CIFAR10,0.05,0.01,53,10,5,139.20,1 x NVIDIA A40,AMD EPYC 9354P 32-Core Processor,test3_comunicacao,results/main_campaign_default_alpha_0_01/FedAvgM-results/test3_comunicacao/CIFAR10/FedAvgM__CIFAR10__Setup-5__Clients-5__Rounds-10__Delay-0_05__Alpha-0_01__Seed-53.txt
alpha-0_01 folder,FedAvgM,CIFAR10,0.05,0.01,54,10,5,149.38,1 x NVIDIA A40,AMD EPYC 9354P 32-Core Processor,test3_comunicacao,results/main_campaign_default_alpha_0_01/FedAvgM-results/test3_comunicacao/CIFAR10/FedAvgM__CIFAR10__Setup-5__Clients-5__Rounds-10__Delay-0_05__Alpha-0_01__Seed-54.txt
alpha-0_01 folder,FedAvgM,CIFAR10,0.05,0.01,55,10,5,171.92,1 x NVIDIA A40,AMD EPYC 9354P 32-Core Processor,test3_comunicacao,results/main_campaign_default_alpha_0_01/FedAvgM-results/test3_comunicacao/CIFAR10/FedAvgM__CIFAR10__Setup-5__Clients-5__Rounds-10__Delay-0_05__Alpha-0_01__Seed-55.txt
alpha-0_01 folder,FedAvgM,CIFAR10,0.05,0.01,56,10,5,145.20,1 x NVIDIA A40,AMD EPYC 9354P 32-Core Processor,test3_comunicacao,results/main_campaign_default_alpha_0_01/FedAvgM-results/test3_comunicacao/CIFAR10/FedAvgM__CIFAR10__Setup-5__Clients-5__Rounds-10__Delay-0_05__Alpha-0_01__Seed-56.txt
alpha-0_01 folder,FedAvgM,CIFAR10,0.05,0.01,57,10,5,168.84,1 x NVIDIA A40,AMD EPYC 9354P 32-Core Processor,test3_comunicacao,results/main_campaign_default_alpha_0_01/FedAvgM-results/test3_comunicacao/CIFAR10/FedAvgM__CIFAR10__Setup-5__Clients-5__Rounds-10__Delay-0_05__Alpha-0_01__Seed-57.txt
alpha-0_01 folder,FedAvgM,CIFAR10,0.05,0.01,58,10,5,145.80,1 x NVIDIA A40,AMD EPYC 9354P 32-Core Processor,test3_comunicacao,results/main_campaign_default_alpha_0_01/FedAvgM-results/test3_comunicacao/CIFAR10/FedAvgM__CIFAR10__Setup-5__Clients-5__Rounds-10__Delay-0_05__Alpha-0_01__Seed-58.txt
alpha-0_01 folder,FedAvgM,CIFAR10,0.05,0.01,59,10,5,165.22,1 x NVIDIA A40,AMD EPYC 9354P 32-Core Processor,test3_comunicacao,results/main_campaign_default_alpha_0_01/FedAvgM-results/test3_comunicacao/CIFAR10/FedAvgM__CIFAR10__Setup-5__Clients-5__Rounds-10__Delay-0_05__Alpha-0_01__Seed-59.txt
alpha-0_01 folder,FedAvgM,CIFAR10,0.05,0.01,60,10,5,169.80,1 x NVIDIA A40,AMD EPYC 9354P 32-Core Processor,test3_comunicacao,results/main_campaign_default_alpha_0_01/FedAvgM-results/test3_comunicacao/CIFAR10/FedAvgM__CIFAR10__Setup-5__Clients-5__Rounds-10__Delay-0_05__Alpha-0_01__Seed-60.txt
alpha-0_01 folder,FedAvgM,CIFAR10,0.05,0.01,61,10,5,168.02,1 x NVIDIA A40,AMD EPYC 9354P 32-Core Processor,test3_comunicacao,results/main_campaign_default_alpha_0_01/FedAvgM-results/test3_comunicacao/CIFAR10/FedAvgM__CIFAR10__Setup-5__Clients-5__Rounds-10__Delay-0_05__Alpha-0_01__Seed-61.txt
alpha-0_01 folder,FedAvgM,CIFAR10,0.05,0.01,62,10,5,169.19,1 x NVIDIA A40,AMD EPYC 9354P 32-Core Processor,test3_comunicacao,results/main_campaign_default_alpha_0_01/FedAvgM-results/test3_comunicacao/CIFAR10/FedAvgM__CIFAR10__Setup-5__Clients-5__Rounds-10__Delay-0_05__Alpha-0_01__Seed-62.txt
alpha-0_01 folder,FedAvgM,CIFAR10,0.05,0.01,63,10,5,144.65,1 x NVIDIA A40,AMD EPYC 9354P 32-Core Processor,test3_comunicacao,results/main_campaign_default_alpha_0_01/FedAvgM-results/test3_comunicacao/CIFAR10/FedAvgM__CIFAR10__Setup-5__Clients-5__Rounds-10__Delay-0_05__Alpha-0_01__Seed-63.txt
alpha-0_01 folder,FedAvgM,CIFAR10,0.05,0.01,64,10,5,145.81,1 x NVIDIA A40,AMD EPYC 9354P 32-Core Processor,test3_comunicacao,results/main_campaign_default_alpha_0_01/FedAvgM-results/test3_comunicacao/CIFAR10/FedAvgM__CIFAR10__Setup-5__Clients-5__Rounds-10__Delay-0_05__Alpha-0_01__Seed-64.txt
alpha-0_01 folder,FedAvgM,CIFAR10,0.05,0.01,65,10,5,165.11,1 x NVIDIA A40,AMD EPYC 9354P 32-Core Processor,test3_comunicacao,results/main_campaign_default_alpha_0_01/FedAvgM-results/test3_comunicacao/CIFAR10/FedAvgM__CIFAR10__Setup-5__Clients-5__Rounds-10__Delay-0_05__Alpha-0_01__Seed-65.txt
alpha-0_01 folder,FedAvgM,CIFAR10,0.05,0.01,66,10,5,168.52,1 x NVIDIA A40,AMD EPYC 9354P 32-Core Processor,test3_comunicacao,results/main_campaign_default_alpha_0_01/FedAvgM-results/test3_comunicacao/CIFAR10/FedAvgM__CIFAR10__Setup-5__Clients-5__Rounds-10__Delay-0_05__Alpha-0_01__Seed-66.txt
alpha-0_01 folder,FedAvgM,CIFAR10,0.05,0.01,67,10,5,202.35,1 x NVIDIA A40,AMD EPYC 9354P 32-Core Processor,test3_comunicacao,results/main_campaign_default_alpha_0_01/FedAvgM-results/test3_comunicacao/CIFAR10/FedAvgM__CIFAR10__Setup-5__Clients-5__Rounds-10__Delay-0_05__Alpha-0_01__Seed-67.txt
alpha-0_01 folder,FedAvgM,CIFAR10,0.05,0.01,68,10,5,146.01,1 x NVIDIA A40,AMD EPYC 9354P 32-Core Processor,test3_comunicacao,results/main_campaign_default_alpha_0_01/FedAvgM-results/test3_comunicacao/CIFAR10/FedAvgM__CIFAR10__Setup-5__Clients-5__Rounds-10__Delay-0_05__Alpha-0_01__Seed-68.txt
alpha-0_01 folder,FedAvgM,CIFAR10,0.05,0.01,69,10,5,174.28,1 x NVIDIA A40,AMD EPYC 9354P 32-Core Processor,test3_comunicacao,results/main_campaign_default_alpha_0_01/FedAvgM-results/test3_comunicacao/CIFAR10/FedAvgM__CIFAR10__Setup-5__Clients-5__Rounds-10__Delay-0_05__Alpha-0_01__Seed-69.txt
alpha-0_01 folder,FedAvgM,CIFAR10,0.05,0.01,70,10,5,147.79,1 x NVIDIA A40,AMD EPYC 9354P 32-Core Processor,test3_comunicacao,results/main_campaign_default_alpha_0_01/FedAvgM-results/test3_comunicacao/CIFAR10/FedAvgM__CIFAR10__Setup-5__Clients-5__Rounds-10__Delay-0_05__Alpha-0_01__Seed-70.txt
alpha-0_01 folder,FedAvgM,CIFAR10,0.05,0.01,71,10,5,171.13,1 x NVIDIA A40,AMD EPYC 9354P 32-Core Processor,test3_comunicacao,results/main_campaign_default_alpha_0_01/FedAvgM-results/test3_comunicacao/CIFAR10/FedAvgM__CIFAR10__Setup-5__Clients-5__Rounds-10__Delay-0_05__Alpha-0_01__Seed-71.txt
alpha-0_01 folder,FedAvgM,CIFAR10,0.1,0.01,42,10,5,150.85,1 x NVIDIA A40,AMD EPYC 9354P 32-Core Processor,test3_comunicacao,results/main_campaign_default_alpha_0_01/FedAvgM-results/test3_comunicacao/CIFAR10/FedAvgM__CIFAR10__Setup-5__Clients-5__Rounds-10__Delay-0_1__Alpha-0_01__Seed-42.txt
alpha-0_01 folder,FedAvgM,CIFAR10,0.1,0.01,43,10,5,165.73,1 x NVIDIA A40,AMD EPYC 9354P 32-Core Processor,test3_comunicacao,results/main_campaign_default_alpha_0_01/FedAvgM-results/test3_comunicacao/CIFAR10/FedAvgM__CIFAR10__Setup-5__Clients-5__Rounds-10__Delay-0_1__Alpha-0_01__Seed-43.txt
alpha-0_01 folder,FedAvgM,CIFAR10,0.1,0.01,44,10,5,155.11,1 x NVIDIA A40,AMD EPYC 9354P 32-Core Processor,test3_comunicacao,results/main_campaign_default_alpha_0_01/FedAvgM-results/test3_comunicacao/CIFAR10/FedAvgM__CIFAR10__Setup-5__Clients-5__Rounds-10__Delay-0_1__Alpha-0_01__Seed-44.txt
alpha-0_01 folder,FedAvgM,CIFAR10,0.1,0.01,45,10,5,148.98,1 x NVIDIA A40,AMD EPYC 9354P 32-Core Processor,test3_comunicacao,results/main_campaign_default_alpha_0_01/FedAvgM-results/test3_comunicacao/CIFAR10/FedAvgM__CIFAR10__Setup-5__Clients-5__Rounds-10__Delay-0_1__Alpha-0_01__Seed-45.txt
alpha-0_01 folder,FedAvgM,CIFAR10,0.1,0.01,46,10,5,196.88,1 x NVIDIA A40,AMD EPYC 9354P 32-Core Processor,test3_comunicacao,results/main_campaign_default_alpha_0_01/FedAvgM-results/test3_comunicacao/CIFAR10/FedAvgM__CIFAR10__Setup-5__Clients-5__Rounds-10__Delay-0_1__Alpha-0_01__Seed-46.txt
alpha-0_01 folder,FedAvgM,CIFAR10,0.1,0.01,47,10,5,175.80,1 x NVIDIA A40,AMD EPYC 9354P 32-Core Processor,test3_comunicacao,results/main_campaign_default_alpha_0_01/FedAvgM-results/test3_comunicacao/CIFAR10/FedAvgM__CIFAR10__Setup-5__Clients-5__Rounds-10__Delay-0_1__Alpha-0_01__Seed-47.txt
alpha-0_01 folder,FedAvgM,CIFAR10,0.1,0.01,48,10,5,143.13,1 x NVIDIA A40,AMD EPYC 9354P 32-Core Processor,test3_comunicacao,results/main_campaign_default_alpha_0_01/FedAvgM-results/test3_comunicacao/CIFAR10/FedAvgM__CIFAR10__Setup-5__Clients-5__Rounds-10__Delay-0_1__Alpha-0_01__Seed-48.txt
alpha-0_01 folder,FedAvgM,CIFAR10,0.1,0.01,49,10,5,151.80,1 x NVIDIA A40,AMD EPYC 9354P 32-Core Processor,test3_comunicacao,results/main_campaign_default_alpha_0_01/FedAvgM-results/test3_comunicacao/CIFAR10/FedAvgM__CIFAR10__Setup-5__Clients-5__Rounds-10__Delay-0_1__Alpha-0_01__Seed-49.txt
alpha-0_01 folder,FedAvgM,CIFAR10,0.1,0.01,50,10,5,198.25,1 x NVIDIA A40,AMD EPYC 9354P 32-Core Processor,test3_comunicacao,results/main_campaign_default_alpha_0_01/FedAvgM-results/test3_comunicacao/CIFAR10/FedAvgM__CIFAR10__Setup-5__Clients-5__Rounds-10__Delay-0_1__Alpha-0_01__Seed-50.txt
alpha-0_01 folder,FedAvgM,CIFAR10,0.1,0.01,51,10,5,168.36,1 x NVIDIA A40,AMD EPYC 9354P 32-Core Processor,test3_comunicacao,results/main_campaign_default_alpha_0_01/FedAvgM-results/test3_comunicacao/CIFAR10/FedAvgM__CIFAR10__Setup-5__Clients-5__Rounds-10__Delay-0_1__Alpha-0_01__Seed-51.txt
alpha-0_01 folder,FedAvgM,CIFAR10,0.1,0.01,52,10,5,167.19,1 x NVIDIA A40,AMD EPYC 9354P 32-Core Processor,test3_comunicacao,results/main_campaign_default_alpha_0_01/FedAvgM-results/test3_comunicacao/CIFAR10/FedAvgM__CIFAR10__Setup-5__Clients-5__Rounds-10__Delay-0_1__Alpha-0_01__Seed-52.txt
alpha-0_01 folder,FedAvgM,CIFAR10,0.1,0.01,53,10,5,141.04,1 x NVIDIA A40,AMD EPYC 9354P 32-Core Processor,test3_comunicacao,results/main_campaign_default_alpha_0_01/FedAvgM-results/test3_comunicacao/CIFAR10/FedAvgM__CIFAR10__Setup-5__Clients-5__Rounds-10__Delay-0_1__Alpha-0_01__Seed-53.txt
alpha-0_01 folder,FedAvgM,CIFAR10,0.1,0.01,54,10,5,150.27,1 x NVIDIA A40,AMD EPYC 9354P 32-Core Processor,test3_comunicacao,results/main_campaign_default_alpha_0_01/FedAvgM-results/test3_comunicacao/CIFAR10/FedAvgM__CIFAR10__Setup-5__Clients-5__Rounds-10__Delay-0_1__Alpha-0_01__Seed-54.txt
alpha-0_01 folder,FedAvgM,CIFAR10,0.1,0.01,55,10,5,172.63,1 x NVIDIA A40,AMD EPYC 9354P 32-Core Processor,test3_comunicacao,results/main_campaign_default_alpha_0_01/FedAvgM-results/test3_comunicacao/CIFAR10/FedAvgM__CIFAR10__Setup-5__Clients-5__Rounds-10__Delay-0_1__Alpha-0_01__Seed-55.txt
alpha-0_01 folder,FedAvgM,CIFAR10,0.1,0.01,56,10,5,147.69,1 x NVIDIA A40,AMD EPYC 9354P 32-Core Processor,test3_comunicacao,results/main_campaign_default_alpha_0_01/FedAvgM-results/test3_comunicacao/CIFAR10/FedAvgM__CIFAR10__Setup-5__Clients-5__Rounds-10__Delay-0_1__Alpha-0_01__Seed-56.txt
alpha-0_01 folder,FedAvgM,CIFAR10,0.1,0.01,57,10,5,170.24,1 x NVIDIA A40,AMD EPYC 9354P 32-Core Processor,test3_comunicacao,results/main_campaign_default_alpha_0_01/FedAvgM-results/test3_comunicacao/CIFAR10/FedAvgM__CIFAR10__Setup-5__Clients-5__Rounds-10__Delay-0_1__Alpha-0_01__Seed-57.txt
alpha-0_01 folder,FedAvgM,CIFAR10,0.1,0.01,58,10,5,146.95,1 x NVIDIA A40,AMD EPYC 9354P 32-Core Processor,test3_comunicacao,results/main_campaign_default_alpha_0_01/FedAvgM-results/test3_comunicacao/CIFAR10/FedAvgM__CIFAR10__Setup-5__Clients-5__Rounds-10__Delay-0_1__Alpha-0_01__Seed-58.txt
alpha-0_01 folder,FedAvgM,CIFAR10,0.1,0.01,59,10,5,165.58,1 x NVIDIA A40,AMD EPYC 9354P 32-Core Processor,test3_comunicacao,results/main_campaign_default_alpha_0_01/FedAvgM-results/test3_comunicacao/CIFAR10/FedAvgM__CIFAR10__Setup-5__Clients-5__Rounds-10__Delay-0_1__Alpha-0_01__Seed-59.txt
alpha-0_01 folder,FedAvgM,CIFAR10,0.1,0.01,60,10,5,171.97,1 x NVIDIA A40,AMD EPYC 9354P 32-Core Processor,test3_comunicacao,results/main_campaign_default_alpha_0_01/FedAvgM-results/test3_comunicacao/CIFAR10/FedAvgM__CIFAR10__Setup-5__Clients-5__Rounds-10__Delay-0_1__Alpha-0_01__Seed-60.txt
alpha-0_01 folder,FedAvgM,CIFAR10,0.1,0.01,61,10,5,169.61,1 x NVIDIA A40,AMD EPYC 9354P 32-Core Processor,test3_comunicacao,results/main_campaign_default_alpha_0_01/FedAvgM-results/test3_comunicacao/CIFAR10/FedAvgM__CIFAR10__Setup-5__Clients-5__Rounds-10__Delay-0_1__Alpha-0_01__Seed-61.txt
alpha-0_01 folder,FedAvgM,CIFAR10,0.1,0.01,62,10,5,170.13,1 x NVIDIA A40,AMD EPYC 9354P 32-Core Processor,test3_comunicacao,results/main_campaign_default_alpha_0_01/FedAvgM-results/test3_comunicacao/CIFAR10/FedAvgM__CIFAR10__Setup-5__Clients-5__Rounds-10__Delay-0_1__Alpha-0_01__Seed-62.txt
alpha-0_01 folder,FedAvgM,CIFAR10,0.1,0.01,63,10,5,146.44,1 x NVIDIA A40,AMD EPYC 9354P 32-Core Processor,test3_comunicacao,results/main_campaign_default_alpha_0_01/FedAvgM-results/test3_comunicacao/CIFAR10/FedAvgM__CIFAR10__Setup-5__Clients-5__Rounds-10__Delay-0_1__Alpha-0_01__Seed-63.txt
alpha-0_01 folder,FedAvgM,CIFAR10,0.1,0.01,64,10,5,147.28,1 x NVIDIA A40,AMD EPYC 9354P 32-Core Processor,test3_comunicacao,results/main_campaign_default_alpha_0_01/FedAvgM-results/test3_comunicacao/CIFAR10/FedAvgM__CIFAR10__Setup-5__Clients-5__Rounds-10__Delay-0_1__Alpha-0_01__Seed-64.txt
alpha-0_01 folder,FedAvgM,CIFAR10,0.1,0.01,65,10,5,166.36,1 x NVIDIA A40,AMD EPYC 9354P 32-Core Processor,test3_comunicacao,results/main_campaign_default_alpha_0_01/FedAvgM-results/test3_comunicacao/CIFAR10/FedAvgM__CIFAR10__Setup-5__Clients-5__Rounds-10__Delay-0_1__Alpha-0_01__Seed-65.txt
alpha-0_01 folder,FedAvgM,CIFAR10,0.1,0.01,66,10,5,169.48,1 x NVIDIA A40,AMD EPYC 9354P 32-Core Processor,test3_comunicacao,results/main_campaign_default_alpha_0_01/FedAvgM-results/test3_comunicacao/CIFAR10/FedAvgM__CIFAR10__Setup-5__Clients-5__Rounds-10__Delay-0_1__Alpha-0_01__Seed-66.txt
alpha-0_01 folder,FedAvgM,CIFAR10,0.1,0.01,67,10,5,203.50,1 x NVIDIA A40,AMD EPYC 9354P 32-Core Processor,test3_comunicacao,results/main_campaign_default_alpha_0_01/FedAvgM-results/test3_comunicacao/CIFAR10/FedAvgM__CIFAR10__Setup-5__Clients-5__Rounds-10__Delay-0_1__Alpha-0_01__Seed-67.txt
alpha-0_01 folder,FedAvgM,CIFAR10,0.1,0.01,68,10,5,147.20,1 x NVIDIA A40,AMD EPYC 9354P 32-Core Processor,test3_comunicacao,results/main_campaign_default_alpha_0_01/FedAvgM-results/test3_comunicacao/CIFAR10/FedAvgM__CIFAR10__Setup-5__Clients-5__Rounds-10__Delay-0_1__Alpha-0_01__Seed-68.txt
alpha-0_01 folder,FedAvgM,CIFAR10,0.1,0.01,69,10,5,174.81,1 x NVIDIA A40,AMD EPYC 9354P 32-Core Processor,test3_comunicacao,results/main_campaign_default_alpha_0_01/FedAvgM-results/test3_comunicacao/CIFAR10/FedAvgM__CIFAR10__Setup-5__Clients-5__Rounds-10__Delay-0_1__Alpha-0_01__Seed-69.txt
alpha-0_01 folder,FedAvgM,CIFAR10,0.1,0.01,70,10,5,150.15,1 x NVIDIA A40,AMD EPYC 9354P 32-Core Processor,test3_comunicacao,results/main_campaign_default_alpha_0_01/FedAvgM-results/test3_comunicacao/CIFAR10/FedAvgM__CIFAR10__Setup-5__Clients-5__Rounds-10__Delay-0_1__Alpha-0_01__Seed-70.txt
alpha-0_01 folder,FedAvgM,CIFAR10,0.1,0.01,71,10,5,172.66,1 x NVIDIA A40,AMD EPYC 9354P 32-Core Processor,test3_comunicacao,results/main_campaign_default_alpha_0_01/FedAvgM-results/test3_comunicacao/CIFAR10/FedAvgM__CIFAR10__Setup-5__Clients-5__Rounds-10__Delay-0_1__Alpha-0_01__Seed-71.txt
alpha-0_01 folder,FedAvgM,CIFAR10,0.5,0.01,42,10,5,163.06,1 x NVIDIA A40,AMD EPYC 9354P 32-Core Processor,test3_comunicacao,results/main_campaign_default_alpha_0_01/FedAvgM-results/test3_comunicacao/CIFAR10/FedAvgM__CIFAR10__Setup-5__Clients-5__Rounds-10__Delay-0_5__Alpha-0_01__Seed-42.txt
alpha-0_01 folder,FedAvgM,CIFAR10,0.5,0.01,43,10,5,178.71,1 x NVIDIA A40,AMD EPYC 9354P 32-Core Processor,test3_comunicacao,results/main_campaign_default_alpha_0_01/FedAvgM-results/test3_comunicacao/CIFAR10/FedAvgM__CIFAR10__Setup-5__Clients-5__Rounds-10__Delay-0_5__Alpha-0_01__Seed-43.txt
alpha-0_01 folder,FedAvgM,CIFAR10,0.5,0.01,44,10,5,166.82,1 x NVIDIA A40,AMD EPYC 9354P 32-Core Processor,test3_comunicacao,results/main_campaign_default_alpha_0_01/FedAvgM-results/test3_comunicacao/CIFAR10/FedAvgM__CIFAR10__Setup-5__Clients-5__Rounds-10__Delay-0_5__Alpha-0_01__Seed-44.txt
alpha-0_01 folder,FedAvgM,CIFAR10,0.5,0.01,45,10,5,160.89,1 x NVIDIA A40,AMD EPYC 9354P 32-Core Processor,test3_comunicacao,results/main_campaign_default_alpha_0_01/FedAvgM-results/test3_comunicacao/CIFAR10/FedAvgM__CIFAR10__Setup-5__Clients-5__Rounds-10__Delay-0_5__Alpha-0_01__Seed-45.txt
alpha-0_01 folder,FedAvgM,CIFAR10,0.5,0.01,46,10,5,207.17,1 x NVIDIA A40,AMD EPYC 9354P 32-Core Processor,test3_comunicacao,results/main_campaign_default_alpha_0_01/FedAvgM-results/test3_comunicacao/CIFAR10/FedAvgM__CIFAR10__Setup-5__Clients-5__Rounds-10__Delay-0_5__Alpha-0_01__Seed-46.txt
alpha-0_01 folder,FedAvgM,CIFAR10,0.5,0.01,47,10,5,187.17,1 x NVIDIA A40,AMD EPYC 9354P 32-Core Processor,test3_comunicacao,results/main_campaign_default_alpha_0_01/FedAvgM-results/test3_comunicacao/CIFAR10/FedAvgM__CIFAR10__Setup-5__Clients-5__Rounds-10__Delay-0_5__Alpha-0_01__Seed-47.txt
alpha-0_01 folder,FedAvgM,CIFAR10,0.5,0.01,48,10,5,155.57,1 x NVIDIA A40,AMD EPYC 9354P 32-Core Processor,test3_comunicacao,results/main_campaign_default_alpha_0_01/FedAvgM-results/test3_comunicacao/CIFAR10/FedAvgM__CIFAR10__Setup-5__Clients-5__Rounds-10__Delay-0_5__Alpha-0_01__Seed-48.txt
alpha-0_01 folder,FedAvgM,CIFAR10,0.5,0.01,49,10,5,163.78,1 x NVIDIA A40,AMD EPYC 9354P 32-Core Processor,test3_comunicacao,results/main_campaign_default_alpha_0_01/FedAvgM-results/test3_comunicacao/CIFAR10/FedAvgM__CIFAR10__Setup-5__Clients-5__Rounds-10__Delay-0_5__Alpha-0_01__Seed-49.txt
alpha-0_01 folder,FedAvgM,CIFAR10,0.5,0.01,50,10,5,208.58,1 x NVIDIA A40,AMD EPYC 9354P 32-Core Processor,test3_comunicacao,results/main_campaign_default_alpha_0_01/FedAvgM-results/test3_comunicacao/CIFAR10/FedAvgM__CIFAR10__Setup-5__Clients-5__Rounds-10__Delay-0_5__Alpha-0_01__Seed-50.txt
alpha-0_01 folder,FedAvgM,CIFAR10,0.5,0.01,51,10,5,179.86,1 x NVIDIA A40,AMD EPYC 9354P 32-Core Processor,test3_comunicacao,results/main_campaign_default_alpha_0_01/FedAvgM-results/test3_comunicacao/CIFAR10/FedAvgM__CIFAR10__Setup-5__Clients-5__Rounds-10__Delay-0_5__Alpha-0_01__Seed-51.txt
alpha-0_01 folder,FedAvgM,CIFAR10,0.5,0.01,52,10,5,179.84,1 x NVIDIA A40,AMD EPYC 9354P 32-Core Processor,test3_comunicacao,results/main_campaign_default_alpha_0_01/FedAvgM-results/test3_comunicacao/CIFAR10/FedAvgM__CIFAR10__Setup-5__Clients-5__Rounds-10__Delay-0_5__Alpha-0_01__Seed-52.txt
alpha-0_01 folder,FedAvgM,CIFAR10,0.5,0.01,53,10,5,152.84,1 x NVIDIA A40,AMD EPYC 9354P 32-Core Processor,test3_comunicacao,results/main_campaign_default_alpha_0_01/FedAvgM-results/test3_comunicacao/CIFAR10/FedAvgM__CIFAR10__Setup-5__Clients-5__Rounds-10__Delay-0_5__Alpha-0_01__Seed-53.txt
alpha-0_01 folder,FedAvgM,CIFAR10,0.5,0.01,54,10,5,163.11,1 x NVIDIA A40,AMD EPYC 9354P 32-Core Processor,test3_comunicacao,results/main_campaign_default_alpha_0_01/FedAvgM-results/test3_comunicacao/CIFAR10/FedAvgM__CIFAR10__Setup-5__Clients-5__Rounds-10__Delay-0_5__Alpha-0_01__Seed-54.txt
alpha-0_01 folder,FedAvgM,CIFAR10,0.5,0.01,55,10,5,184.93,1 x NVIDIA A40,AMD EPYC 9354P 32-Core Processor,test3_comunicacao,results/main_campaign_default_alpha_0_01/FedAvgM-results/test3_comunicacao/CIFAR10/FedAvgM__CIFAR10__Setup-5__Clients-5__Rounds-10__Delay-0_5__Alpha-0_01__Seed-55.txt
alpha-0_01 folder,FedAvgM,CIFAR10,0.5,0.01,56,10,5,159.05,1 x NVIDIA A40,AMD EPYC 9354P 32-Core Processor,test3_comunicacao,results/main_campaign_default_alpha_0_01/FedAvgM-results/test3_comunicacao/CIFAR10/FedAvgM__CIFAR10__Setup-5__Clients-5__Rounds-10__Delay-0_5__Alpha-0_01__Seed-56.txt
alpha-0_01 folder,FedAvgM,CIFAR10,0.5,0.01,57,10,5,182.75,1 x NVIDIA A40,AMD EPYC 9354P 32-Core Processor,test3_comunicacao,results/main_campaign_default_alpha_0_01/FedAvgM-results/test3_comunicacao/CIFAR10/FedAvgM__CIFAR10__Setup-5__Clients-5__Rounds-10__Delay-0_5__Alpha-0_01__Seed-57.txt
alpha-0_01 folder,FedAvgM,CIFAR10,0.5,0.01,58,10,5,159.15,1 x NVIDIA A40,AMD EPYC 9354P 32-Core Processor,test3_comunicacao,results/main_campaign_default_alpha_0_01/FedAvgM-results/test3_comunicacao/CIFAR10/FedAvgM__CIFAR10__Setup-5__Clients-5__Rounds-10__Delay-0_5__Alpha-0_01__Seed-58.txt
alpha-0_01 folder,FedAvgM,CIFAR10,0.5,0.01,59,10,5,177.53,1 x NVIDIA A40,AMD EPYC 9354P 32-Core Processor,test3_comunicacao,results/main_campaign_default_alpha_0_01/FedAvgM-results/test3_comunicacao/CIFAR10/FedAvgM__CIFAR10__Setup-5__Clients-5__Rounds-10__Delay-0_5__Alpha-0_01__Seed-59.txt
alpha-0_01 folder,FedAvgM,CIFAR10,0.5,0.01,60,10,5,183.45,1 x NVIDIA A40,AMD EPYC 9354P 32-Core Processor,test3_comunicacao,results/main_campaign_default_alpha_0_01/FedAvgM-results/test3_comunicacao/CIFAR10/FedAvgM__CIFAR10__Setup-5__Clients-5__Rounds-10__Delay-0_5__Alpha-0_01__Seed-60.txt
alpha-0_01 folder,FedAvgM,CIFAR10,0.5,0.01,61,10,5,181.29,1 x NVIDIA A40,AMD EPYC 9354P 32-Core Processor,test3_comunicacao,results/main_campaign_default_alpha_0_01/FedAvgM-results/test3_comunicacao/CIFAR10/FedAvgM__CIFAR10__Setup-5__Clients-5__Rounds-10__Delay-0_5__Alpha-0_01__Seed-61.txt
alpha-0_01 folder,FedAvgM,CIFAR10,0.5,0.01,62,10,5,181.52,1 x NVIDIA A40,AMD EPYC 9354P 32-Core Processor,test3_comunicacao,results/main_campaign_default_alpha_0_01/FedAvgM-results/test3_comunicacao/CIFAR10/FedAvgM__CIFAR10__Setup-5__Clients-5__Rounds-10__Delay-0_5__Alpha-0_01__Seed-62.txt
alpha-0_01 folder,FedAvgM,CIFAR10,0.5,0.01,63,10,5,157.80,1 x NVIDIA A40,AMD EPYC 9354P 32-Core Processor,test3_comunicacao,results/main_campaign_default_alpha_0_01/FedAvgM-results/test3_comunicacao/CIFAR10/FedAvgM__CIFAR10__Setup-5__Clients-5__Rounds-10__Delay-0_5__Alpha-0_01__Seed-63.txt
alpha-0_01 folder,FedAvgM,CIFAR10,0.5,0.01,64,10,5,159.15,1 x NVIDIA A40,AMD EPYC 9354P 32-Core Processor,test3_comunicacao,results/main_campaign_default_alpha_0_01/FedAvgM-results/test3_comunicacao/CIFAR10/FedAvgM__CIFAR10__Setup-5__Clients-5__Rounds-10__Delay-0_5__Alpha-0_01__Seed-64.txt
alpha-0_01 folder,FedAvgM,CIFAR10,0.5,0.01,65,10,5,178.20,1 x NVIDIA A40,AMD EPYC 9354P 32-Core Processor,test3_comunicacao,results/main_campaign_default_alpha_0_01/FedAvgM-results/test3_comunicacao/CIFAR10/FedAvgM__CIFAR10__Setup-5__Clients-5__Rounds-10__Delay-0_5__Alpha-0_01__Seed-65.txt
alpha-0_01 folder,FedAvgM,CIFAR10,0.5,0.01,66,10,5,181.93,1 x NVIDIA A40,AMD EPYC 9354P 32-Core Processor,test3_comunicacao,results/main_campaign_default_alpha_0_01/FedAvgM-results/test3_comunicacao/CIFAR10/FedAvgM__CIFAR10__Setup-5__Clients-5__Rounds-10__Delay-0_5__Alpha-0_01__Seed-66.txt
alpha-0_01 folder,FedAvgM,CIFAR10,0.5,0.01,67,10,5,215.85,1 x NVIDIA A40,AMD EPYC 9354P 32-Core Processor,test3_comunicacao,results/main_campaign_default_alpha_0_01/FedAvgM-results/test3_comunicacao/CIFAR10/FedAvgM__CIFAR10__Setup-5__Clients-5__Rounds-10__Delay-0_5__Alpha-0_01__Seed-67.txt
alpha-0_01 folder,FedAvgM,CIFAR10,0.5,0.01,68,10,5,158.94,1 x NVIDIA A40,AMD EPYC 9354P 32-Core Processor,test3_comunicacao,results/main_campaign_default_alpha_0_01/FedAvgM-results/test3_comunicacao/CIFAR10/FedAvgM__CIFAR10__Setup-5__Clients-5__Rounds-10__Delay-0_5__Alpha-0_01__Seed-68.txt
alpha-0_01 folder,FedAvgM,CIFAR10,0.5,0.01,69,10,5,188.47,1 x NVIDIA A40,AMD EPYC 9354P 32-Core Processor,test3_comunicacao,results/main_campaign_default_alpha_0_01/FedAvgM-results/test3_comunicacao/CIFAR10/FedAvgM__CIFAR10__Setup-5__Clients-5__Rounds-10__Delay-0_5__Alpha-0_01__Seed-69.txt
alpha-0_01 folder,FedAvgM,CIFAR10,0.5,0.01,70,10,5,161.52,1 x NVIDIA A40,AMD EPYC 9354P 32-Core Processor,test3_comunicacao,results/main_campaign_default_alpha_0_01/FedAvgM-results/test3_comunicacao/CIFAR10/FedAvgM__CIFAR10__Setup-5__Clients-5__Rounds-10__Delay-0_5__Alpha-0_01__Seed-70.txt
alpha-0_01 folder,FedAvgM,CIFAR10,0.5,0.01,71,10,5,185.56,1 x NVIDIA A40,AMD EPYC 9354P 32-Core Processor,test3_comunicacao,results/main_campaign_default_alpha_0_01/FedAvgM-results/test3_comunicacao/CIFAR10/FedAvgM__CIFAR10__Setup-5__Clients-5__Rounds-10__Delay-0_5__Alpha-0_01__Seed-71.txt
alpha-0_01 folder,FedAvgM,FashionMNIST,0.05,0.01,42,10,5,131.40,1 x NVIDIA A40,AMD EPYC 9354P 32-Core Processor,test3_comunicacao,results/main_campaign_default_alpha_0_01/FedAvgM-results/test3_comunicacao/FashionMNIST/FedAvgM__FashionMNIST__Setup-5__Clients-5__Rounds-10__Delay-0_05__Alpha-0_01__Seed-42.txt
alpha-0_01 folder,FedAvgM,FashionMNIST,0.05,0.01,43,10,5,144.12,1 x NVIDIA A40,AMD EPYC 9354P 32-Core Processor,test3_comunicacao,results/main_campaign_default_alpha_0_01/FedAvgM-results/test3_comunicacao/FashionMNIST/FedAvgM__FashionMNIST__Setup-5__Clients-5__Rounds-10__Delay-0_05__Alpha-0_01__Seed-43.txt
alpha-0_01 folder,FedAvgM,FashionMNIST,0.05,0.01,44,10,5,137.46,1 x NVIDIA A40,AMD EPYC 9354P 32-Core Processor,test3_comunicacao,results/main_campaign_default_alpha_0_01/FedAvgM-results/test3_comunicacao/FashionMNIST/FedAvgM__FashionMNIST__Setup-5__Clients-5__Rounds-10__Delay-0_05__Alpha-0_01__Seed-44.txt
alpha-0_01 folder,FedAvgM,FashionMNIST,0.05,0.01,45,10,5,130.02,1 x NVIDIA A40,AMD EPYC 9354P 32-Core Processor,test3_comunicacao,results/main_campaign_default_alpha_0_01/FedAvgM-results/test3_comunicacao/FashionMNIST/FedAvgM__FashionMNIST__Setup-5__Clients-5__Rounds-10__Delay-0_05__Alpha-0_01__Seed-45.txt
alpha-0_01 folder,FedAvgM,FashionMNIST,0.05,0.01,46,10,5,180.58,1 x NVIDIA A40,AMD EPYC 9354P 32-Core Processor,test3_comunicacao,results/main_campaign_default_alpha_0_01/FedAvgM-results/test3_comunicacao/FashionMNIST/FedAvgM__FashionMNIST__Setup-5__Clients-5__Rounds-10__Delay-0_05__Alpha-0_01__Seed-46.txt
alpha-0_01 folder,FedAvgM,FashionMNIST,0.05,0.01,47,10,5,152.70,1 x NVIDIA A40,AMD EPYC 9354P 32-Core Processor,test3_comunicacao,results/main_campaign_default_alpha_0_01/FedAvgM-results/test3_comunicacao/FashionMNIST/FedAvgM__FashionMNIST__Setup-5__Clients-5__Rounds-10__Delay-0_05__Alpha-0_01__Seed-47.txt
alpha-0_01 folder,FedAvgM,FashionMNIST,0.05,0.01,48,10,5,127.28,1 x NVIDIA A40,AMD EPYC 9354P 32-Core Processor,test3_comunicacao,results/main_campaign_default_alpha_0_01/FedAvgM-results/test3_comunicacao/FashionMNIST/FedAvgM__FashionMNIST__Setup-5__Clients-5__Rounds-10__Delay-0_05__Alpha-0_01__Seed-48.txt
alpha-0_01 folder,FedAvgM,FashionMNIST,0.05,0.01,49,10,5,133.00,1 x NVIDIA A40,AMD EPYC 9354P 32-Core Processor,test3_comunicacao,results/main_campaign_default_alpha_0_01/FedAvgM-results/test3_comunicacao/FashionMNIST/FedAvgM__FashionMNIST__Setup-5__Clients-5__Rounds-10__Delay-0_05__Alpha-0_01__Seed-49.txt
alpha-0_01 folder,FedAvgM,FashionMNIST,0.05,0.01,50,10,5,178.17,1 x NVIDIA A40,AMD EPYC 9354P 32-Core Processor,test3_comunicacao,results/main_campaign_default_alpha_0_01/FedAvgM-results/test3_comunicacao/FashionMNIST/FedAvgM__FashionMNIST__Setup-5__Clients-5__Rounds-10__Delay-0_05__Alpha-0_01__Seed-50.txt
alpha-0_01 folder,FedAvgM,FashionMNIST,0.05,0.01,51,10,5,153.75,1 x NVIDIA A40,AMD EPYC 9354P 32-Core Processor,test3_comunicacao,results/main_campaign_default_alpha_0_01/FedAvgM-results/test3_comunicacao/FashionMNIST/FedAvgM__FashionMNIST__Setup-5__Clients-5__Rounds-10__Delay-0_05__Alpha-0_01__Seed-51.txt
alpha-0_01 folder,FedAvgM,FashionMNIST,0.05,0.01,52,10,5,154.01,1 x NVIDIA A40,AMD EPYC 9354P 32-Core Processor,test3_comunicacao,results/main_campaign_default_alpha_0_01/FedAvgM-results/test3_comunicacao/FashionMNIST/FedAvgM__FashionMNIST__Setup-5__Clients-5__Rounds-10__Delay-0_05__Alpha-0_01__Seed-52.txt
alpha-0_01 folder,FedAvgM,FashionMNIST,0.05,0.01,53,10,5,128.86,1 x NVIDIA A40,AMD EPYC 9354P 32-Core Processor,test3_comunicacao,results/main_campaign_default_alpha_0_01/FedAvgM-results/test3_comunicacao/FashionMNIST/FedAvgM__FashionMNIST__Setup-5__Clients-5__Rounds-10__Delay-0_05__Alpha-0_01__Seed-53.txt
alpha-0_01 folder,FedAvgM,FashionMNIST,0.05,0.01,54,10,5,135.13,1 x NVIDIA A40,AMD EPYC 9354P 32-Core Processor,test3_comunicacao,results/main_campaign_default_alpha_0_01/FedAvgM-results/test3_comunicacao/FashionMNIST/FedAvgM__FashionMNIST__Setup-5__Clients-5__Rounds-10__Delay-0_05__Alpha-0_01__Seed-54.txt
alpha-0_01 folder,FedAvgM,FashionMNIST,0.05,0.01,55,10,5,160.54,1 x NVIDIA A40,AMD EPYC 9354P 32-Core Processor,test3_comunicacao,results/main_campaign_default_alpha_0_01/FedAvgM-results/test3_comunicacao/FashionMNIST/FedAvgM__FashionMNIST__Setup-5__Clients-5__Rounds-10__Delay-0_05__Alpha-0_01__Seed-55.txt
alpha-0_01 folder,FedAvgM,FashionMNIST,0.05,0.01,56,10,5,123.11,1 x NVIDIA A40,AMD EPYC 9354P 32-Core Processor,test3_comunicacao,results/main_campaign_default_alpha_0_01/FedAvgM-results/test3_comunicacao/FashionMNIST/FedAvgM__FashionMNIST__Setup-5__Clients-5__Rounds-10__Delay-0_05__Alpha-0_01__Seed-56.txt
alpha-0_01 folder,FedAvgM,FashionMNIST,0.05,0.01,57,10,5,152.01,1 x NVIDIA A40,AMD EPYC 9354P 32-Core Processor,test3_comunicacao,results/main_campaign_default_alpha_0_01/FedAvgM-results/test3_comunicacao/FashionMNIST/FedAvgM__FashionMNIST__Setup-5__Clients-5__Rounds-10__Delay-0_05__Alpha-0_01__Seed-57.txt
alpha-0_01 folder,FedAvgM,FashionMNIST,0.05,0.01,58,10,5,124.19,1 x NVIDIA A40,AMD EPYC 9354P 32-Core Processor,test3_comunicacao,results/main_campaign_default_alpha_0_01/FedAvgM-results/test3_comunicacao/FashionMNIST/FedAvgM__FashionMNIST__Setup-5__Clients-5__Rounds-10__Delay-0_05__Alpha-0_01__Seed-58.txt
alpha-0_01 folder,FedAvgM,FashionMNIST,0.05,0.01,59,10,5,152.33,1 x NVIDIA A40,AMD EPYC 9354P 32-Core Processor,test3_comunicacao,results/main_campaign_default_alpha_0_01/FedAvgM-results/test3_comunicacao/FashionMNIST/FedAvgM__FashionMNIST__Setup-5__Clients-5__Rounds-10__Delay-0_05__Alpha-0_01__Seed-59.txt
alpha-0_01 folder,FedAvgM,FashionMNIST,0.05,0.01,60,10,5,151.20,1 x NVIDIA A40,AMD EPYC 9354P 32-Core Processor,test3_comunicacao,results/main_campaign_default_alpha_0_01/FedAvgM-results/test3_comunicacao/FashionMNIST/FedAvgM__FashionMNIST__Setup-5__Clients-5__Rounds-10__Delay-0_05__Alpha-0_01__Seed-60.txt
alpha-0_01 folder,FedAvgM,FashionMNIST,0.05,0.01,61,10,5,151.31,1 x NVIDIA A40,AMD EPYC 9354P 32-Core Processor,test3_comunicacao,results/main_campaign_default_alpha_0_01/FedAvgM-results/test3_comunicacao/FashionMNIST/FedAvgM__FashionMNIST__Setup-5__Clients-5__Rounds-10__Delay-0_05__Alpha-0_01__Seed-61.txt
alpha-0_01 folder,FedAvgM,FashionMNIST,0.05,0.01,62,10,5,155.93,1 x NVIDIA A40,AMD EPYC 9354P 32-Core Processor,test3_comunicacao,results/main_campaign_default_alpha_0_01/FedAvgM-results/test3_comunicacao/FashionMNIST/FedAvgM__FashionMNIST__Setup-5__Clients-5__Rounds-10__Delay-0_05__Alpha-0_01__Seed-62.txt
alpha-0_01 folder,FedAvgM,FashionMNIST,0.05,0.01,63,10,5,124.54,1 x NVIDIA A40,AMD EPYC 9354P 32-Core Processor,test3_comunicacao,results/main_campaign_default_alpha_0_01/FedAvgM-results/test3_comunicacao/FashionMNIST/FedAvgM__FashionMNIST__Setup-5__Clients-5__Rounds-10__Delay-0_05__Alpha-0_01__Seed-63.txt
alpha-0_01 folder,FedAvgM,FashionMNIST,0.05,0.01,64,10,5,123.53,1 x NVIDIA A40,AMD EPYC 9354P 32-Core Processor,test3_comunicacao,results/main_campaign_default_alpha_0_01/FedAvgM-results/test3_comunicacao/FashionMNIST/FedAvgM__FashionMNIST__Setup-5__Clients-5__Rounds-10__Delay-0_05__Alpha-0_01__Seed-64.txt
alpha-0_01 folder,FedAvgM,FashionMNIST,0.05,0.01,65,10,5,145.43,1 x NVIDIA A40,AMD EPYC 9354P 32-Core Processor,test3_comunicacao,results/main_campaign_default_alpha_0_01/FedAvgM-results/test3_comunicacao/FashionMNIST/FedAvgM__FashionMNIST__Setup-5__Clients-5__Rounds-10__Delay-0_05__Alpha-0_01__Seed-65.txt
alpha-0_01 folder,FedAvgM,FashionMNIST,0.05,0.01,66,10,5,150.56,1 x NVIDIA A40,AMD EPYC 9354P 32-Core Processor,test3_comunicacao,results/main_campaign_default_alpha_0_01/FedAvgM-results/test3_comunicacao/FashionMNIST/FedAvgM__FashionMNIST__Setup-5__Clients-5__Rounds-10__Delay-0_05__Alpha-0_01__Seed-66.txt
alpha-0_01 folder,FedAvgM,FashionMNIST,0.05,0.01,67,10,5,181.84,1 x NVIDIA A40,AMD EPYC 9354P 32-Core Processor,test3_comunicacao,results/main_campaign_default_alpha_0_01/FedAvgM-results/test3_comunicacao/FashionMNIST/FedAvgM__FashionMNIST__Setup-5__Clients-5__Rounds-10__Delay-0_05__Alpha-0_01__Seed-67.txt
alpha-0_01 folder,FedAvgM,FashionMNIST,0.05,0.01,68,10,5,123.54,1 x NVIDIA A40,AMD EPYC 9354P 32-Core Processor,test3_comunicacao,results/main_campaign_default_alpha_0_01/FedAvgM-results/test3_comunicacao/FashionMNIST/FedAvgM__FashionMNIST__Setup-5__Clients-5__Rounds-10__Delay-0_05__Alpha-0_01__Seed-68.txt
alpha-0_01 folder,FedAvgM,FashionMNIST,0.05,0.01,69,10,5,158.88,1 x NVIDIA A40,AMD EPYC 9354P 32-Core Processor,test3_comunicacao,results/main_campaign_default_alpha_0_01/FedAvgM-results/test3_comunicacao/FashionMNIST/FedAvgM__FashionMNIST__Setup-5__Clients-5__Rounds-10__Delay-0_05__Alpha-0_01__Seed-69.txt
alpha-0_01 folder,FedAvgM,FashionMNIST,0.05,0.01,70,10,5,125.11,1 x NVIDIA A40,AMD EPYC 9354P 32-Core Processor,test3_comunicacao,results/main_campaign_default_alpha_0_01/FedAvgM-results/test3_comunicacao/FashionMNIST/FedAvgM__FashionMNIST__Setup-5__Clients-5__Rounds-10__Delay-0_05__Alpha-0_01__Seed-70.txt
alpha-0_01 folder,FedAvgM,FashionMNIST,0.05,0.01,71,10,5,152.08,1 x NVIDIA A40,AMD EPYC 9354P 32-Core Processor,test3_comunicacao,results/main_campaign_default_alpha_0_01/FedAvgM-results/test3_comunicacao/FashionMNIST/FedAvgM__FashionMNIST__Setup-5__Clients-5__Rounds-10__Delay-0_05__Alpha-0_01__Seed-71.txt
alpha-0_01 folder,FedAvgM,FashionMNIST,0.1,0.01,42,10,5,132.98,1 x NVIDIA A40,AMD EPYC 9354P 32-Core Processor,test3_comunicacao,results/main_campaign_default_alpha_0_01/FedAvgM-results/test3_comunicacao/FashionMNIST/FedAvgM__FashionMNIST__Setup-5__Clients-5__Rounds-10__Delay-0_1__Alpha-0_01__Seed-42.txt
alpha-0_01 folder,FedAvgM,FashionMNIST,0.1,0.01,43,10,5,147.20,1 x NVIDIA A40,AMD EPYC 9354P 32-Core Processor,test3_comunicacao,results/main_campaign_default_alpha_0_01/FedAvgM-results/test3_comunicacao/FashionMNIST/FedAvgM__FashionMNIST__Setup-5__Clients-5__Rounds-10__Delay-0_1__Alpha-0_01__Seed-43.txt
alpha-0_01 folder,FedAvgM,FashionMNIST,0.1,0.01,44,10,5,139.48,1 x NVIDIA A40,AMD EPYC 9354P 32-Core Processor,test3_comunicacao,results/main_campaign_default_alpha_0_01/FedAvgM-results/test3_comunicacao/FashionMNIST/FedAvgM__FashionMNIST__Setup-5__Clients-5__Rounds-10__Delay-0_1__Alpha-0_01__Seed-44.txt
alpha-0_01 folder,FedAvgM,FashionMNIST,0.1,0.01,45,10,5,131.02,1 x NVIDIA A40,AMD EPYC 9354P 32-Core Processor,test3_comunicacao,results/main_campaign_default_alpha_0_01/FedAvgM-results/test3_comunicacao/FashionMNIST/FedAvgM__FashionMNIST__Setup-5__Clients-5__Rounds-10__Delay-0_1__Alpha-0_01__Seed-45.txt
alpha-0_01 folder,FedAvgM,FashionMNIST,0.1,0.01,46,10,5,181.87,1 x NVIDIA A40,AMD EPYC 9354P 32-Core Processor,test3_comunicacao,results/main_campaign_default_alpha_0_01/FedAvgM-results/test3_comunicacao/FashionMNIST/FedAvgM__FashionMNIST__Setup-5__Clients-5__Rounds-10__Delay-0_1__Alpha-0_01__Seed-46.txt
alpha-0_01 folder,FedAvgM,FashionMNIST,0.1,0.01,47,10,5,153.51,1 x NVIDIA A40,AMD EPYC 9354P 32-Core Processor,test3_comunicacao,results/main_campaign_default_alpha_0_01/FedAvgM-results/test3_comunicacao/FashionMNIST/FedAvgM__FashionMNIST__Setup-5__Clients-5__Rounds-10__Delay-0_1__Alpha-0_01__Seed-47.txt
alpha-0_01 folder,FedAvgM,FashionMNIST,0.1,0.01,48,10,5,128.35,1 x NVIDIA A40,AMD EPYC 9354P 32-Core Processor,test3_comunicacao,results/main_campaign_default_alpha_0_01/FedAvgM-results/test3_comunicacao/FashionMNIST/FedAvgM__FashionMNIST__Setup-5__Clients-5__Rounds-10__Delay-0_1__Alpha-0_01__Seed-48.txt
alpha-0_01 folder,FedAvgM,FashionMNIST,0.1,0.01,49,10,5,134.93,1 x NVIDIA A40,AMD EPYC 9354P 32-Core Processor,test3_comunicacao,results/main_campaign_default_alpha_0_01/FedAvgM-results/test3_comunicacao/FashionMNIST/FedAvgM__FashionMNIST__Setup-5__Clients-5__Rounds-10__Delay-0_1__Alpha-0_01__Seed-49.txt
alpha-0_01 folder,FedAvgM,FashionMNIST,0.1,0.01,50,10,5,180.98,1 x NVIDIA A40,AMD EPYC 9354P 32-Core Processor,test3_comunicacao,results/main_campaign_default_alpha_0_01/FedAvgM-results/test3_comunicacao/FashionMNIST/FedAvgM__FashionMNIST__Setup-5__Clients-5__Rounds-10__Delay-0_1__Alpha-0_01__Seed-50.txt
alpha-0_01 folder,FedAvgM,FashionMNIST,0.1,0.01,51,10,5,155.48,1 x NVIDIA A40,AMD EPYC 9354P 32-Core Processor,test3_comunicacao,results/main_campaign_default_alpha_0_01/FedAvgM-results/test3_comunicacao/FashionMNIST/FedAvgM__FashionMNIST__Setup-5__Clients-5__Rounds-10__Delay-0_1__Alpha-0_01__Seed-51.txt
alpha-0_01 folder,FedAvgM,FashionMNIST,0.1,0.01,52,10,5,155.87,1 x NVIDIA A40,AMD EPYC 9354P 32-Core Processor,test3_comunicacao,results/main_campaign_default_alpha_0_01/FedAvgM-results/test3_comunicacao/FashionMNIST/FedAvgM__FashionMNIST__Setup-5__Clients-5__Rounds-10__Delay-0_1__Alpha-0_01__Seed-52.txt
alpha-0_01 folder,FedAvgM,FashionMNIST,0.1,0.01,53,10,5,129.41,1 x NVIDIA A40,AMD EPYC 9354P 32-Core Processor,test3_comunicacao,results/main_campaign_default_alpha_0_01/FedAvgM-results/test3_comunicacao/FashionMNIST/FedAvgM__FashionMNIST__Setup-5__Clients-5__Rounds-10__Delay-0_1__Alpha-0_01__Seed-53.txt
alpha-0_01 folder,FedAvgM,FashionMNIST,0.1,0.01,54,10,5,136.58,1 x NVIDIA A40,AMD EPYC 9354P 32-Core Processor,test3_comunicacao,results/main_campaign_default_alpha_0_01/FedAvgM-results/test3_comunicacao/FashionMNIST/FedAvgM__FashionMNIST__Setup-5__Clients-5__Rounds-10__Delay-0_1__Alpha-0_01__Seed-54.txt
alpha-0_01 folder,FedAvgM,FashionMNIST,0.1,0.01,55,10,5,160.95,1 x NVIDIA A40,AMD EPYC 9354P 32-Core Processor,test3_comunicacao,results/main_campaign_default_alpha_0_01/FedAvgM-results/test3_comunicacao/FashionMNIST/FedAvgM__FashionMNIST__Setup-5__Clients-5__Rounds-10__Delay-0_1__Alpha-0_01__Seed-55.txt
alpha-0_01 folder,FedAvgM,FashionMNIST,0.1,0.01,56,10,5,124.74,1 x NVIDIA A40,AMD EPYC 9354P 32-Core Processor,test3_comunicacao,results/main_campaign_default_alpha_0_01/FedAvgM-results/test3_comunicacao/FashionMNIST/FedAvgM__FashionMNIST__Setup-5__Clients-5__Rounds-10__Delay-0_1__Alpha-0_01__Seed-56.txt
alpha-0_01 folder,FedAvgM,FashionMNIST,0.1,0.01,57,10,5,153.47,1 x NVIDIA A40,AMD EPYC 9354P 32-Core Processor,test3_comunicacao,results/main_campaign_default_alpha_0_01/FedAvgM-results/test3_comunicacao/FashionMNIST/FedAvgM__FashionMNIST__Setup-5__Clients-5__Rounds-10__Delay-0_1__Alpha-0_01__Seed-57.txt
alpha-0_01 folder,FedAvgM,FashionMNIST,0.1,0.01,58,10,5,125.40,1 x NVIDIA A40,AMD EPYC 9354P 32-Core Processor,test3_comunicacao,results/main_campaign_default_alpha_0_01/FedAvgM-results/test3_comunicacao/FashionMNIST/FedAvgM__FashionMNIST__Setup-5__Clients-5__Rounds-10__Delay-0_1__Alpha-0_01__Seed-58.txt
alpha-0_01 folder,FedAvgM,FashionMNIST,0.1,0.01,59,10,5,153.20,1 x NVIDIA A40,AMD EPYC 9354P 32-Core Processor,test3_comunicacao,results/main_campaign_default_alpha_0_01/FedAvgM-results/test3_comunicacao/FashionMNIST/FedAvgM__FashionMNIST__Setup-5__Clients-5__Rounds-10__Delay-0_1__Alpha-0_01__Seed-59.txt
alpha-0_01 folder,FedAvgM,FashionMNIST,0.1,0.01,60,10,5,151.72,1 x NVIDIA A40,AMD EPYC 9354P 32-Core Processor,test3_comunicacao,results/main_campaign_default_alpha_0_01/FedAvgM-results/test3_comunicacao/FashionMNIST/FedAvgM__FashionMNIST__Setup-5__Clients-5__Rounds-10__Delay-0_1__Alpha-0_01__Seed-60.txt
alpha-0_01 folder,FedAvgM,FashionMNIST,0.1,0.01,61,10,5,153.90,1 x NVIDIA A40,AMD EPYC 9354P 32-Core Processor,test3_comunicacao,results/main_campaign_default_alpha_0_01/FedAvgM-results/test3_comunicacao/FashionMNIST/FedAvgM__FashionMNIST__Setup-5__Clients-5__Rounds-10__Delay-0_1__Alpha-0_01__Seed-61.txt
alpha-0_01 folder,FedAvgM,FashionMNIST,0.1,0.01,62,10,5,157.40,1 x NVIDIA A40,AMD EPYC 9354P 32-Core Processor,test3_comunicacao,results/main_campaign_default_alpha_0_01/FedAvgM-results/test3_comunicacao/FashionMNIST/FedAvgM__FashionMNIST__Setup-5__Clients-5__Rounds-10__Delay-0_1__Alpha-0_01__Seed-62.txt
alpha-0_01 folder,FedAvgM,FashionMNIST,0.1,0.01,63,10,5,126.45,1 x NVIDIA A40,AMD EPYC 9354P 32-Core Processor,test3_comunicacao,results/main_campaign_default_alpha_0_01/FedAvgM-results/test3_comunicacao/FashionMNIST/FedAvgM__FashionMNIST__Setup-5__Clients-5__Rounds-10__Delay-0_1__Alpha-0_01__Seed-63.txt
alpha-0_01 folder,FedAvgM,FashionMNIST,0.1,0.01,64,10,5,125.12,1 x NVIDIA A40,AMD EPYC 9354P 32-Core Processor,test3_comunicacao,results/main_campaign_default_alpha_0_01/FedAvgM-results/test3_comunicacao/FashionMNIST/FedAvgM__FashionMNIST__Setup-5__Clients-5__Rounds-10__Delay-0_1__Alpha-0_01__Seed-64.txt
alpha-0_01 folder,FedAvgM,FashionMNIST,0.1,0.01,65,10,5,147.48,1 x NVIDIA A40,AMD EPYC 9354P 32-Core Processor,test3_comunicacao,results/main_campaign_default_alpha_0_01/FedAvgM-results/test3_comunicacao/FashionMNIST/FedAvgM__FashionMNIST__Setup-5__Clients-5__Rounds-10__Delay-0_1__Alpha-0_01__Seed-65.txt
alpha-0_01 folder,FedAvgM,FashionMNIST,0.1,0.01,66,10,5,151.75,1 x NVIDIA A40,AMD EPYC 9354P 32-Core Processor,test3_comunicacao,results/main_campaign_default_alpha_0_01/FedAvgM-results/test3_comunicacao/FashionMNIST/FedAvgM__FashionMNIST__Setup-5__Clients-5__Rounds-10__Delay-0_1__Alpha-0_01__Seed-66.txt
alpha-0_01 folder,FedAvgM,FashionMNIST,0.1,0.01,67,10,5,183.08,1 x NVIDIA A40,AMD EPYC 9354P 32-Core Processor,test3_comunicacao,results/main_campaign_default_alpha_0_01/FedAvgM-results/test3_comunicacao/FashionMNIST/FedAvgM__FashionMNIST__Setup-5__Clients-5__Rounds-10__Delay-0_1__Alpha-0_01__Seed-67.txt
alpha-0_01 folder,FedAvgM,FashionMNIST,0.1,0.01,68,10,5,124.67,1 x NVIDIA A40,AMD EPYC 9354P 32-Core Processor,test3_comunicacao,results/main_campaign_default_alpha_0_01/FedAvgM-results/test3_comunicacao/FashionMNIST/FedAvgM__FashionMNIST__Setup-5__Clients-5__Rounds-10__Delay-0_1__Alpha-0_01__Seed-68.txt
alpha-0_01 folder,FedAvgM,FashionMNIST,0.1,0.01,69,10,5,160.58,1 x NVIDIA A40,AMD EPYC 9354P 32-Core Processor,test3_comunicacao,results/main_campaign_default_alpha_0_01/FedAvgM-results/test3_comunicacao/FashionMNIST/FedAvgM__FashionMNIST__Setup-5__Clients-5__Rounds-10__Delay-0_1__Alpha-0_01__Seed-69.txt
alpha-0_01 folder,FedAvgM,FashionMNIST,0.1,0.01,70,10,5,126.56,1 x NVIDIA A40,AMD EPYC 9354P 32-Core Processor,test3_comunicacao,results/main_campaign_default_alpha_0_01/FedAvgM-results/test3_comunicacao/FashionMNIST/FedAvgM__FashionMNIST__Setup-5__Clients-5__Rounds-10__Delay-0_1__Alpha-0_01__Seed-70.txt
alpha-0_01 folder,FedAvgM,FashionMNIST,0.1,0.01,71,10,5,153.82,1 x NVIDIA A40,AMD EPYC 9354P 32-Core Processor,test3_comunicacao,results/main_campaign_default_alpha_0_01/FedAvgM-results/test3_comunicacao/FashionMNIST/FedAvgM__FashionMNIST__Setup-5__Clients-5__Rounds-10__Delay-0_1__Alpha-0_01__Seed-71.txt
alpha-0_01 folder,FedAvgM,FashionMNIST,0.5,0.01,42,10,5,143.83,1 x NVIDIA A40,AMD EPYC 9354P 32-Core Processor,test3_comunicacao,results/main_campaign_default_alpha_0_01/FedAvgM-results/test3_comunicacao/FashionMNIST/FedAvgM__FashionMNIST__Setup-5__Clients-5__Rounds-10__Delay-0_5__Alpha-0_01__Seed-42.txt
alpha-0_01 folder,FedAvgM,FashionMNIST,0.5,0.01,43,10,5,159.08,1 x NVIDIA A40,AMD EPYC 9354P 32-Core Processor,test3_comunicacao,results/main_campaign_default_alpha_0_01/FedAvgM-results/test3_comunicacao/FashionMNIST/FedAvgM__FashionMNIST__Setup-5__Clients-5__Rounds-10__Delay-0_5__Alpha-0_01__Seed-43.txt
alpha-0_01 folder,FedAvgM,FashionMNIST,0.5,0.01,44,10,5,150.93,1 x NVIDIA A40,AMD EPYC 9354P 32-Core Processor,test3_comunicacao,results/main_campaign_default_alpha_0_01/FedAvgM-results/test3_comunicacao/FashionMNIST/FedAvgM__FashionMNIST__Setup-5__Clients-5__Rounds-10__Delay-0_5__Alpha-0_01__Seed-44.txt
alpha-0_01 folder,FedAvgM,FashionMNIST,0.5,0.01,45,10,5,143.72,1 x NVIDIA A40,AMD EPYC 9354P 32-Core Processor,test3_comunicacao,results/main_campaign_default_alpha_0_01/FedAvgM-results/test3_comunicacao/FashionMNIST/FedAvgM__FashionMNIST__Setup-5__Clients-5__Rounds-10__Delay-0_5__Alpha-0_01__Seed-45.txt
alpha-0_01 folder,FedAvgM,FashionMNIST,0.5,0.01,46,10,5,193.70,1 x NVIDIA A40,AMD EPYC 9354P 32-Core Processor,test3_comunicacao,results/main_campaign_default_alpha_0_01/FedAvgM-results/test3_comunicacao/FashionMNIST/FedAvgM__FashionMNIST__Setup-5__Clients-5__Rounds-10__Delay-0_5__Alpha-0_01__Seed-46.txt
alpha-0_01 folder,FedAvgM,FashionMNIST,0.5,0.01,47,10,5,164.97,1 x NVIDIA A40,AMD EPYC 9354P 32-Core Processor,test3_comunicacao,results/main_campaign_default_alpha_0_01/FedAvgM-results/test3_comunicacao/FashionMNIST/FedAvgM__FashionMNIST__Setup-5__Clients-5__Rounds-10__Delay-0_5__Alpha-0_01__Seed-47.txt
alpha-0_01 folder,FedAvgM,FashionMNIST,0.5,0.01,48,10,5,138.82,1 x NVIDIA A40,AMD EPYC 9354P 32-Core Processor,test3_comunicacao,results/main_campaign_default_alpha_0_01/FedAvgM-results/test3_comunicacao/FashionMNIST/FedAvgM__FashionMNIST__Setup-5__Clients-5__Rounds-10__Delay-0_5__Alpha-0_01__Seed-48.txt
alpha-0_01 folder,FedAvgM,FashionMNIST,0.5,0.01,49,10,5,146.62,1 x NVIDIA A40,AMD EPYC 9354P 32-Core Processor,test3_comunicacao,results/main_campaign_default_alpha_0_01/FedAvgM-results/test3_comunicacao/FashionMNIST/FedAvgM__FashionMNIST__Setup-5__Clients-5__Rounds-10__Delay-0_5__Alpha-0_01__Seed-49.txt
alpha-0_01 folder,FedAvgM,FashionMNIST,0.5,0.01,50,10,5,192.54,1 x NVIDIA A40,AMD EPYC 9354P 32-Core Processor,test3_comunicacao,results/main_campaign_default_alpha_0_01/FedAvgM-results/test3_comunicacao/FashionMNIST/FedAvgM__FashionMNIST__Setup-5__Clients-5__Rounds-10__Delay-0_5__Alpha-0_01__Seed-50.txt
alpha-0_01 folder,FedAvgM,FashionMNIST,0.5,0.01,51,10,5,167.93,1 x NVIDIA A40,AMD EPYC 9354P 32-Core Processor,test3_comunicacao,results/main_campaign_default_alpha_0_01/FedAvgM-results/test3_comunicacao/FashionMNIST/FedAvgM__FashionMNIST__Setup-5__Clients-5__Rounds-10__Delay-0_5__Alpha-0_01__Seed-51.txt
alpha-0_01 folder,FedAvgM,FashionMNIST,0.5,0.01,52,10,5,167.80,1 x NVIDIA A40,AMD EPYC 9354P 32-Core Processor,test3_comunicacao,results/main_campaign_default_alpha_0_01/FedAvgM-results/test3_comunicacao/FashionMNIST/FedAvgM__FashionMNIST__Setup-5__Clients-5__Rounds-10__Delay-0_5__Alpha-0_01__Seed-52.txt
alpha-0_01 folder,FedAvgM,FashionMNIST,0.5,0.01,53,10,5,142.41,1 x NVIDIA A40,AMD EPYC 9354P 32-Core Processor,test3_comunicacao,results/main_campaign_default_alpha_0_01/FedAvgM-results/test3_comunicacao/FashionMNIST/FedAvgM__FashionMNIST__Setup-5__Clients-5__Rounds-10__Delay-0_5__Alpha-0_01__Seed-53.txt
alpha-0_01 folder,FedAvgM,FashionMNIST,0.5,0.01,54,10,5,147.86,1 x NVIDIA A40,AMD EPYC 9354P 32-Core Processor,test3_comunicacao,results/main_campaign_default_alpha_0_01/FedAvgM-results/test3_comunicacao/FashionMNIST/FedAvgM__FashionMNIST__Setup-5__Clients-5__Rounds-10__Delay-0_5__Alpha-0_01__Seed-54.txt
alpha-0_01 folder,FedAvgM,FashionMNIST,0.5,0.01,55,10,5,172.39,1 x NVIDIA A40,AMD EPYC 9354P 32-Core Processor,test3_comunicacao,results/main_campaign_default_alpha_0_01/FedAvgM-results/test3_comunicacao/FashionMNIST/FedAvgM__FashionMNIST__Setup-5__Clients-5__Rounds-10__Delay-0_5__Alpha-0_01__Seed-55.txt
alpha-0_01 folder,FedAvgM,FashionMNIST,0.5,0.01,56,10,5,136.08,1 x NVIDIA A40,AMD EPYC 9354P 32-Core Processor,test3_comunicacao,results/main_campaign_default_alpha_0_01/FedAvgM-results/test3_comunicacao/FashionMNIST/FedAvgM__FashionMNIST__Setup-5__Clients-5__Rounds-10__Delay-0_5__Alpha-0_01__Seed-56.txt
alpha-0_01 folder,FedAvgM,FashionMNIST,0.5,0.01,57,10,5,166.02,1 x NVIDIA A40,AMD EPYC 9354P 32-Core Processor,test3_comunicacao,results/main_campaign_default_alpha_0_01/FedAvgM-results/test3_comunicacao/FashionMNIST/FedAvgM__FashionMNIST__Setup-5__Clients-5__Rounds-10__Delay-0_5__Alpha-0_01__Seed-57.txt
alpha-0_01 folder,FedAvgM,FashionMNIST,0.5,0.01,58,10,5,138.09,1 x NVIDIA A40,AMD EPYC 9354P 32-Core Processor,test3_comunicacao,results/main_campaign_default_alpha_0_01/FedAvgM-results/test3_comunicacao/FashionMNIST/FedAvgM__FashionMNIST__Setup-5__Clients-5__Rounds-10__Delay-0_5__Alpha-0_01__Seed-58.txt
alpha-0_01 folder,FedAvgM,FashionMNIST,0.5,0.01,59,10,5,165.15,1 x NVIDIA A40,AMD EPYC 9354P 32-Core Processor,test3_comunicacao,results/main_campaign_default_alpha_0_01/FedAvgM-results/test3_comunicacao/FashionMNIST/FedAvgM__FashionMNIST__Setup-5__Clients-5__Rounds-10__Delay-0_5__Alpha-0_01__Seed-59.txt
alpha-0_01 folder,FedAvgM,FashionMNIST,0.5,0.01,60,10,5,164.68,1 x NVIDIA A40,AMD EPYC 9354P 32-Core Processor,test3_comunicacao,results/main_campaign_default_alpha_0_01/FedAvgM-results/test3_comunicacao/FashionMNIST/FedAvgM__FashionMNIST__Setup-5__Clients-5__Rounds-10__Delay-0_5__Alpha-0_01__Seed-60.txt
alpha-0_01 folder,FedAvgM,FashionMNIST,0.5,0.01,61,10,5,163.93,1 x NVIDIA A40,AMD EPYC 9354P 32-Core Processor,test3_comunicacao,results/main_campaign_default_alpha_0_01/FedAvgM-results/test3_comunicacao/FashionMNIST/FedAvgM__FashionMNIST__Setup-5__Clients-5__Rounds-10__Delay-0_5__Alpha-0_01__Seed-61.txt
alpha-0_01 folder,FedAvgM,FashionMNIST,0.5,0.01,62,10,5,167.93,1 x NVIDIA A40,AMD EPYC 9354P 32-Core Processor,test3_comunicacao,results/main_campaign_default_alpha_0_01/FedAvgM-results/test3_comunicacao/FashionMNIST/FedAvgM__FashionMNIST__Setup-5__Clients-5__Rounds-10__Delay-0_5__Alpha-0_01__Seed-62.txt
alpha-0_01 folder,FedAvgM,FashionMNIST,0.5,0.01,63,10,5,138.56,1 x NVIDIA A40,AMD EPYC 9354P 32-Core Processor,test3_comunicacao,results/main_campaign_default_alpha_0_01/FedAvgM-results/test3_comunicacao/FashionMNIST/FedAvgM__FashionMNIST__Setup-5__Clients-5__Rounds-10__Delay-0_5__Alpha-0_01__Seed-63.txt
alpha-0_01 folder,FedAvgM,FashionMNIST,0.5,0.01,64,10,5,137.11,1 x NVIDIA A40,AMD EPYC 9354P 32-Core Processor,test3_comunicacao,results/main_campaign_default_alpha_0_01/FedAvgM-results/test3_comunicacao/FashionMNIST/FedAvgM__FashionMNIST__Setup-5__Clients-5__Rounds-10__Delay-0_5__Alpha-0_01__Seed-64.txt
alpha-0_01 folder,FedAvgM,FashionMNIST,0.5,0.01,65,10,5,158.37,1 x NVIDIA A40,AMD EPYC 9354P 32-Core Processor,test3_comunicacao,results/main_campaign_default_alpha_0_01/FedAvgM-results/test3_comunicacao/FashionMNIST/FedAvgM__FashionMNIST__Setup-5__Clients-5__Rounds-10__Delay-0_5__Alpha-0_01__Seed-65.txt
alpha-0_01 folder,FedAvgM,FashionMNIST,0.5,0.01,66,10,5,164.30,1 x NVIDIA A40,AMD EPYC 9354P 32-Core Processor,test3_comunicacao,results/main_campaign_default_alpha_0_01/FedAvgM-results/test3_comunicacao/FashionMNIST/FedAvgM__FashionMNIST__Setup-5__Clients-5__Rounds-10__Delay-0_5__Alpha-0_01__Seed-66.txt
alpha-0_01 folder,FedAvgM,FashionMNIST,0.5,0.01,67,10,5,194.29,1 x NVIDIA A40,AMD EPYC 9354P 32-Core Processor,test3_comunicacao,results/main_campaign_default_alpha_0_01/FedAvgM-results/test3_comunicacao/FashionMNIST/FedAvgM__FashionMNIST__Setup-5__Clients-5__Rounds-10__Delay-0_5__Alpha-0_01__Seed-67.txt
alpha-0_01 folder,FedAvgM,FashionMNIST,0.5,0.01,68,10,5,136.79,1 x NVIDIA A40,AMD EPYC 9354P 32-Core Processor,test3_comunicacao,results/main_campaign_default_alpha_0_01/FedAvgM-results/test3_comunicacao/FashionMNIST/FedAvgM__FashionMNIST__Setup-5__Clients-5__Rounds-10__Delay-0_5__Alpha-0_01__Seed-68.txt
alpha-0_01 folder,FedAvgM,FashionMNIST,0.5,0.01,69,10,5,173.78,1 x NVIDIA A40,AMD EPYC 9354P 32-Core Processor,test3_comunicacao,results/main_campaign_default_alpha_0_01/FedAvgM-results/test3_comunicacao/FashionMNIST/FedAvgM__FashionMNIST__Setup-5__Clients-5__Rounds-10__Delay-0_5__Alpha-0_01__Seed-69.txt
alpha-0_01 folder,FedAvgM,FashionMNIST,0.5,0.01,70,10,5,139.11,1 x NVIDIA A40,AMD EPYC 9354P 32-Core Processor,test3_comunicacao,results/main_campaign_default_alpha_0_01/FedAvgM-results/test3_comunicacao/FashionMNIST/FedAvgM__FashionMNIST__Setup-5__Clients-5__Rounds-10__Delay-0_5__Alpha-0_01__Seed-70.txt
alpha-0_01 folder,FedAvgM,FashionMNIST,0.5,0.01,71,10,5,164.97,1 x NVIDIA A40,AMD EPYC 9354P 32-Core Processor,test3_comunicacao,results/main_campaign_default_alpha_0_01/FedAvgM-results/test3_comunicacao/FashionMNIST/FedAvgM__FashionMNIST__Setup-5__Clients-5__Rounds-10__Delay-0_5__Alpha-0_01__Seed-71.txt
alpha-0_01 folder,FedAvgM,MNIST,0.05,0.01,42,10,5,133.74,1 x NVIDIA A40,AMD EPYC 9354P 32-Core Processor,test3_comunicacao,results/main_campaign_default_alpha_0_01/FedAvgM-results/test3_comunicacao/MNIST/FedAvgM__MNIST__Setup-5__Clients-5__Rounds-10__Delay-0_05__Alpha-0_01__Seed-42.txt
alpha-0_01 folder,FedAvgM,MNIST,0.05,0.01,43,10,5,142.74,1 x NVIDIA A40,AMD EPYC 9354P 32-Core Processor,test3_comunicacao,results/main_campaign_default_alpha_0_01/FedAvgM-results/test3_comunicacao/MNIST/FedAvgM__MNIST__Setup-5__Clients-5__Rounds-10__Delay-0_05__Alpha-0_01__Seed-43.txt
alpha-0_01 folder,FedAvgM,MNIST,0.05,0.01,44,10,5,138.33,1 x NVIDIA A40,AMD EPYC 9354P 32-Core Processor,test3_comunicacao,results/main_campaign_default_alpha_0_01/FedAvgM-results/test3_comunicacao/MNIST/FedAvgM__MNIST__Setup-5__Clients-5__Rounds-10__Delay-0_05__Alpha-0_01__Seed-44.txt
alpha-0_01 folder,FedAvgM,MNIST,0.05,0.01,45,10,5,129.06,1 x NVIDIA A40,AMD EPYC 9354P 32-Core Processor,test3_comunicacao,results/main_campaign_default_alpha_0_01/FedAvgM-results/test3_comunicacao/MNIST/FedAvgM__MNIST__Setup-5__Clients-5__Rounds-10__Delay-0_05__Alpha-0_01__Seed-45.txt
alpha-0_01 folder,FedAvgM,MNIST,0.05,0.01,46,10,5,175.49,1 x NVIDIA A40,AMD EPYC 9354P 32-Core Processor,test3_comunicacao,results/main_campaign_default_alpha_0_01/FedAvgM-results/test3_comunicacao/MNIST/FedAvgM__MNIST__Setup-5__Clients-5__Rounds-10__Delay-0_05__Alpha-0_01__Seed-46.txt
alpha-0_01 folder,FedAvgM,MNIST,0.05,0.01,47,10,5,151.26,1 x NVIDIA A40,AMD EPYC 9354P 32-Core Processor,test3_comunicacao,results/main_campaign_default_alpha_0_01/FedAvgM-results/test3_comunicacao/MNIST/FedAvgM__MNIST__Setup-5__Clients-5__Rounds-10__Delay-0_05__Alpha-0_01__Seed-47.txt
alpha-0_01 folder,FedAvgM,MNIST,0.05,0.01,48,10,5,126.09,1 x NVIDIA A40,AMD EPYC 9354P 32-Core Processor,test3_comunicacao,results/main_campaign_default_alpha_0_01/FedAvgM-results/test3_comunicacao/MNIST/FedAvgM__MNIST__Setup-5__Clients-5__Rounds-10__Delay-0_05__Alpha-0_01__Seed-48.txt
alpha-0_01 folder,FedAvgM,MNIST,0.05,0.01,49,10,5,131.38,1 x NVIDIA A40,AMD EPYC 9354P 32-Core Processor,test3_comunicacao,results/main_campaign_default_alpha_0_01/FedAvgM-results/test3_comunicacao/MNIST/FedAvgM__MNIST__Setup-5__Clients-5__Rounds-10__Delay-0_05__Alpha-0_01__Seed-49.txt
alpha-0_01 folder,FedAvgM,MNIST,0.05,0.01,50,10,5,178.27,1 x NVIDIA A40,AMD EPYC 9354P 32-Core Processor,test3_comunicacao,results/main_campaign_default_alpha_0_01/FedAvgM-results/test3_comunicacao/MNIST/FedAvgM__MNIST__Setup-5__Clients-5__Rounds-10__Delay-0_05__Alpha-0_01__Seed-50.txt
alpha-0_01 folder,FedAvgM,MNIST,0.05,0.01,51,10,5,154.27,1 x NVIDIA A40,AMD EPYC 9354P 32-Core Processor,test3_comunicacao,results/main_campaign_default_alpha_0_01/FedAvgM-results/test3_comunicacao/MNIST/FedAvgM__MNIST__Setup-5__Clients-5__Rounds-10__Delay-0_05__Alpha-0_01__Seed-51.txt
alpha-0_01 folder,FedAvgM,MNIST,0.05,0.01,52,10,5,153.40,1 x NVIDIA A40,AMD EPYC 9354P 32-Core Processor,test3_comunicacao,results/main_campaign_default_alpha_0_01/FedAvgM-results/test3_comunicacao/MNIST/FedAvgM__MNIST__Setup-5__Clients-5__Rounds-10__Delay-0_05__Alpha-0_01__Seed-52.txt
alpha-0_01 folder,FedAvgM,MNIST,0.05,0.01,53,10,5,127.50,1 x NVIDIA A40,AMD EPYC 9354P 32-Core Processor,test3_comunicacao,results/main_campaign_default_alpha_0_01/FedAvgM-results/test3_comunicacao/MNIST/FedAvgM__MNIST__Setup-5__Clients-5__Rounds-10__Delay-0_05__Alpha-0_01__Seed-53.txt
alpha-0_01 folder,FedAvgM,MNIST,0.05,0.01,54,10,5,139.01,1 x NVIDIA A40,AMD EPYC 9354P 32-Core Processor,test3_comunicacao,results/main_campaign_default_alpha_0_01/FedAvgM-results/test3_comunicacao/MNIST/FedAvgM__MNIST__Setup-5__Clients-5__Rounds-10__Delay-0_05__Alpha-0_01__Seed-54.txt
alpha-0_01 folder,FedAvgM,MNIST,0.05,0.01,55,10,5,160.56,1 x NVIDIA A40,AMD EPYC 9354P 32-Core Processor,test3_comunicacao,results/main_campaign_default_alpha_0_01/FedAvgM-results/test3_comunicacao/MNIST/FedAvgM__MNIST__Setup-5__Clients-5__Rounds-10__Delay-0_05__Alpha-0_01__Seed-55.txt
alpha-0_01 folder,FedAvgM,MNIST,0.05,0.01,56,10,5,120.26,1 x NVIDIA A40,AMD EPYC 9354P 32-Core Processor,test3_comunicacao,results/main_campaign_default_alpha_0_01/FedAvgM-results/test3_comunicacao/MNIST/FedAvgM__MNIST__Setup-5__Clients-5__Rounds-10__Delay-0_05__Alpha-0_01__Seed-56.txt
alpha-0_01 folder,FedAvgM,MNIST,0.05,0.01,57,10,5,156.05,1 x NVIDIA A40,AMD EPYC 9354P 32-Core Processor,test3_comunicacao,results/main_campaign_default_alpha_0_01/FedAvgM-results/test3_comunicacao/MNIST/FedAvgM__MNIST__Setup-5__Clients-5__Rounds-10__Delay-0_05__Alpha-0_01__Seed-57.txt
alpha-0_01 folder,FedAvgM,MNIST,0.05,0.01,58,10,5,126.53,1 x NVIDIA A40,AMD EPYC 9354P 32-Core Processor,test3_comunicacao,results/main_campaign_default_alpha_0_01/FedAvgM-results/test3_comunicacao/MNIST/FedAvgM__MNIST__Setup-5__Clients-5__Rounds-10__Delay-0_05__Alpha-0_01__Seed-58.txt
alpha-0_01 folder,FedAvgM,MNIST,0.05,0.01,59,10,5,153.43,1 x NVIDIA A40,AMD EPYC 9354P 32-Core Processor,test3_comunicacao,results/main_campaign_default_alpha_0_01/FedAvgM-results/test3_comunicacao/MNIST/FedAvgM__MNIST__Setup-5__Clients-5__Rounds-10__Delay-0_05__Alpha-0_01__Seed-59.txt
alpha-0_01 folder,FedAvgM,MNIST,0.05,0.01,60,10,5,148.68,1 x NVIDIA A40,AMD EPYC 9354P 32-Core Processor,test3_comunicacao,results/main_campaign_default_alpha_0_01/FedAvgM-results/test3_comunicacao/MNIST/FedAvgM__MNIST__Setup-5__Clients-5__Rounds-10__Delay-0_05__Alpha-0_01__Seed-60.txt
alpha-0_01 folder,FedAvgM,MNIST,0.05,0.01,61,10,5,154.70,1 x NVIDIA A40,AMD EPYC 9354P 32-Core Processor,test3_comunicacao,results/main_campaign_default_alpha_0_01/FedAvgM-results/test3_comunicacao/MNIST/FedAvgM__MNIST__Setup-5__Clients-5__Rounds-10__Delay-0_05__Alpha-0_01__Seed-61.txt
alpha-0_01 folder,FedAvgM,MNIST,0.05,0.01,62,10,5,156.08,1 x NVIDIA A40,AMD EPYC 9354P 32-Core Processor,test3_comunicacao,results/main_campaign_default_alpha_0_01/FedAvgM-results/test3_comunicacao/MNIST/FedAvgM__MNIST__Setup-5__Clients-5__Rounds-10__Delay-0_05__Alpha-0_01__Seed-62.txt
alpha-0_01 folder,FedAvgM,MNIST,0.05,0.01,63,10,5,127.05,1 x NVIDIA A40,AMD EPYC 9354P 32-Core Processor,test3_comunicacao,results/main_campaign_default_alpha_0_01/FedAvgM-results/test3_comunicacao/MNIST/FedAvgM__MNIST__Setup-5__Clients-5__Rounds-10__Delay-0_05__Alpha-0_01__Seed-63.txt
alpha-0_01 folder,FedAvgM,MNIST,0.05,0.01,64,10,5,123.22,1 x NVIDIA A40,AMD EPYC 9354P 32-Core Processor,test3_comunicacao,results/main_campaign_default_alpha_0_01/FedAvgM-results/test3_comunicacao/MNIST/FedAvgM__MNIST__Setup-5__Clients-5__Rounds-10__Delay-0_05__Alpha-0_01__Seed-64.txt
alpha-0_01 folder,FedAvgM,MNIST,0.05,0.01,65,10,5,146.23,1 x NVIDIA A40,AMD EPYC 9354P 32-Core Processor,test3_comunicacao,results/main_campaign_default_alpha_0_01/FedAvgM-results/test3_comunicacao/MNIST/FedAvgM__MNIST__Setup-5__Clients-5__Rounds-10__Delay-0_05__Alpha-0_01__Seed-65.txt
alpha-0_01 folder,FedAvgM,MNIST,0.05,0.01,66,10,5,151.21,1 x NVIDIA A40,AMD EPYC 9354P 32-Core Processor,test3_comunicacao,results/main_campaign_default_alpha_0_01/FedAvgM-results/test3_comunicacao/MNIST/FedAvgM__MNIST__Setup-5__Clients-5__Rounds-10__Delay-0_05__Alpha-0_01__Seed-66.txt
alpha-0_01 folder,FedAvgM,MNIST,0.05,0.01,67,10,5,178.74,1 x NVIDIA A40,AMD EPYC 9354P 32-Core Processor,test3_comunicacao,results/main_campaign_default_alpha_0_01/FedAvgM-results/test3_comunicacao/MNIST/FedAvgM__MNIST__Setup-5__Clients-5__Rounds-10__Delay-0_05__Alpha-0_01__Seed-67.txt
alpha-0_01 folder,FedAvgM,MNIST,0.05,0.01,68,10,5,122.49,1 x NVIDIA A40,AMD EPYC 9354P 32-Core Processor,test3_comunicacao,results/main_campaign_default_alpha_0_01/FedAvgM-results/test3_comunicacao/MNIST/FedAvgM__MNIST__Setup-5__Clients-5__Rounds-10__Delay-0_05__Alpha-0_01__Seed-68.txt
alpha-0_01 folder,FedAvgM,MNIST,0.05,0.01,69,10,5,160.29,1 x NVIDIA A40,AMD EPYC 9354P 32-Core Processor,test3_comunicacao,results/main_campaign_default_alpha_0_01/FedAvgM-results/test3_comunicacao/MNIST/FedAvgM__MNIST__Setup-5__Clients-5__Rounds-10__Delay-0_05__Alpha-0_01__Seed-69.txt
alpha-0_01 folder,FedAvgM,MNIST,0.05,0.01,70,10,5,125.24,1 x NVIDIA A40,AMD EPYC 9354P 32-Core Processor,test3_comunicacao,results/main_campaign_default_alpha_0_01/FedAvgM-results/test3_comunicacao/MNIST/FedAvgM__MNIST__Setup-5__Clients-5__Rounds-10__Delay-0_05__Alpha-0_01__Seed-70.txt
alpha-0_01 folder,FedAvgM,MNIST,0.05,0.01,71,10,5,148.02,1 x NVIDIA A40,AMD EPYC 9354P 32-Core Processor,test3_comunicacao,results/main_campaign_default_alpha_0_01/FedAvgM-results/test3_comunicacao/MNIST/FedAvgM__MNIST__Setup-5__Clients-5__Rounds-10__Delay-0_05__Alpha-0_01__Seed-71.txt
alpha-0_01 folder,FedAvgM,MNIST,0.1,0.01,42,10,5,135.05,1 x NVIDIA A40,AMD EPYC 9354P 32-Core Processor,test3_comunicacao,results/main_campaign_default_alpha_0_01/FedAvgM-results/test3_comunicacao/MNIST/FedAvgM__MNIST__Setup-5__Clients-5__Rounds-10__Delay-0_1__Alpha-0_01__Seed-42.txt
alpha-0_01 folder,FedAvgM,MNIST,0.1,0.01,43,10,5,142.86,1 x NVIDIA A40,AMD EPYC 9354P 32-Core Processor,test3_comunicacao,results/main_campaign_default_alpha_0_01/FedAvgM-results/test3_comunicacao/MNIST/FedAvgM__MNIST__Setup-5__Clients-5__Rounds-10__Delay-0_1__Alpha-0_01__Seed-43.txt
alpha-0_01 folder,FedAvgM,MNIST,0.1,0.01,44,10,5,139.71,1 x NVIDIA A40,AMD EPYC 9354P 32-Core Processor,test3_comunicacao,results/main_campaign_default_alpha_0_01/FedAvgM-results/test3_comunicacao/MNIST/FedAvgM__MNIST__Setup-5__Clients-5__Rounds-10__Delay-0_1__Alpha-0_01__Seed-44.txt
alpha-0_01 folder,FedAvgM,MNIST,0.1,0.01,45,10,5,130.77,1 x NVIDIA A40,AMD EPYC 9354P 32-Core Processor,test3_comunicacao,results/main_campaign_default_alpha_0_01/FedAvgM-results/test3_comunicacao/MNIST/FedAvgM__MNIST__Setup-5__Clients-5__Rounds-10__Delay-0_1__Alpha-0_01__Seed-45.txt
alpha-0_01 folder,FedAvgM,MNIST,0.1,0.01,46,10,5,177.93,1 x NVIDIA A40,AMD EPYC 9354P 32-Core Processor,test3_comunicacao,results/main_campaign_default_alpha_0_01/FedAvgM-results/test3_comunicacao/MNIST/FedAvgM__MNIST__Setup-5__Clients-5__Rounds-10__Delay-0_1__Alpha-0_01__Seed-46.txt
alpha-0_01 folder,FedAvgM,MNIST,0.1,0.01,47,10,5,154.25,1 x NVIDIA A40,AMD EPYC 9354P 32-Core Processor,test3_comunicacao,results/main_campaign_default_alpha_0_01/FedAvgM-results/test3_comunicacao/MNIST/FedAvgM__MNIST__Setup-5__Clients-5__Rounds-10__Delay-0_1__Alpha-0_01__Seed-47.txt
alpha-0_01 folder,FedAvgM,MNIST,0.1,0.01,48,10,5,127.94,1 x NVIDIA A40,AMD EPYC 9354P 32-Core Processor,test3_comunicacao,results/main_campaign_default_alpha_0_01/FedAvgM-results/test3_comunicacao/MNIST/FedAvgM__MNIST__Setup-5__Clients-5__Rounds-10__Delay-0_1__Alpha-0_01__Seed-48.txt
alpha-0_01 folder,FedAvgM,MNIST,0.1,0.01,49,10,5,132.79,1 x NVIDIA A40,AMD EPYC 9354P 32-Core Processor,test3_comunicacao,results/main_campaign_default_alpha_0_01/FedAvgM-results/test3_comunicacao/MNIST/FedAvgM__MNIST__Setup-5__Clients-5__Rounds-10__Delay-0_1__Alpha-0_01__Seed-49.txt
alpha-0_01 folder,FedAvgM,MNIST,0.1,0.01,50,10,5,179.94,1 x NVIDIA A40,AMD EPYC 9354P 32-Core Processor,test3_comunicacao,results/main_campaign_default_alpha_0_01/FedAvgM-results/test3_comunicacao/MNIST/FedAvgM__MNIST__Setup-5__Clients-5__Rounds-10__Delay-0_1__Alpha-0_01__Seed-50.txt
alpha-0_01 folder,FedAvgM,MNIST,0.1,0.01,51,10,5,155.55,1 x NVIDIA A40,AMD EPYC 9354P 32-Core Processor,test3_comunicacao,results/main_campaign_default_alpha_0_01/FedAvgM-results/test3_comunicacao/MNIST/FedAvgM__MNIST__Setup-5__Clients-5__Rounds-10__Delay-0_1__Alpha-0_01__Seed-51.txt
alpha-0_01 folder,FedAvgM,MNIST,0.1,0.01,52,10,5,155.01,1 x NVIDIA A40,AMD EPYC 9354P 32-Core Processor,test3_comunicacao,results/main_campaign_default_alpha_0_01/FedAvgM-results/test3_comunicacao/MNIST/FedAvgM__MNIST__Setup-5__Clients-5__Rounds-10__Delay-0_1__Alpha-0_01__Seed-52.txt
alpha-0_01 folder,FedAvgM,MNIST,0.1,0.01,53,10,5,128.96,1 x NVIDIA A40,AMD EPYC 9354P 32-Core Processor,test3_comunicacao,results/main_campaign_default_alpha_0_01/FedAvgM-results/test3_comunicacao/MNIST/FedAvgM__MNIST__Setup-5__Clients-5__Rounds-10__Delay-0_1__Alpha-0_01__Seed-53.txt
alpha-0_01 folder,FedAvgM,MNIST,0.1,0.01,54,10,5,140.09,1 x NVIDIA A40,AMD EPYC 9354P 32-Core Processor,test3_comunicacao,results/main_campaign_default_alpha_0_01/FedAvgM-results/test3_comunicacao/MNIST/FedAvgM__MNIST__Setup-5__Clients-5__Rounds-10__Delay-0_1__Alpha-0_01__Seed-54.txt
alpha-0_01 folder,FedAvgM,MNIST,0.1,0.01,55,10,5,162.06,1 x NVIDIA A40,AMD EPYC 9354P 32-Core Processor,test3_comunicacao,results/main_campaign_default_alpha_0_01/FedAvgM-results/test3_comunicacao/MNIST/FedAvgM__MNIST__Setup-5__Clients-5__Rounds-10__Delay-0_1__Alpha-0_01__Seed-55.txt
alpha-0_01 folder,FedAvgM,MNIST,0.1,0.01,56,10,5,121.36,1 x NVIDIA A40,AMD EPYC 9354P 32-Core Processor,test3_comunicacao,results/main_campaign_default_alpha_0_01/FedAvgM-results/test3_comunicacao/MNIST/FedAvgM__MNIST__Setup-5__Clients-5__Rounds-10__Delay-0_1__Alpha-0_01__Seed-56.txt
alpha-0_01 folder,FedAvgM,MNIST,0.1,0.01,57,10,5,157.74,1 x NVIDIA A40,AMD EPYC 9354P 32-Core Processor,test3_comunicacao,results/main_campaign_default_alpha_0_01/FedAvgM-results/test3_comunicacao/MNIST/FedAvgM__MNIST__Setup-5__Clients-5__Rounds-10__Delay-0_1__Alpha-0_01__Seed-57.txt
alpha-0_01 folder,FedAvgM,MNIST,0.1,0.01,58,10,5,127.76,1 x NVIDIA A40,AMD EPYC 9354P 32-Core Processor,test3_comunicacao,results/main_campaign_default_alpha_0_01/FedAvgM-results/test3_comunicacao/MNIST/FedAvgM__MNIST__Setup-5__Clients-5__Rounds-10__Delay-0_1__Alpha-0_01__Seed-58.txt
alpha-0_01 folder,FedAvgM,MNIST,0.1,0.01,59,10,5,155.77,1 x NVIDIA A40,AMD EPYC 9354P 32-Core Processor,test3_comunicacao,results/main_campaign_default_alpha_0_01/FedAvgM-results/test3_comunicacao/MNIST/FedAvgM__MNIST__Setup-5__Clients-5__Rounds-10__Delay-0_1__Alpha-0_01__Seed-59.txt
alpha-0_01 folder,FedAvgM,MNIST,0.1,0.01,60,10,5,150.01,1 x NVIDIA A40,AMD EPYC 9354P 32-Core Processor,test3_comunicacao,results/main_campaign_default_alpha_0_01/FedAvgM-results/test3_comunicacao/MNIST/FedAvgM__MNIST__Setup-5__Clients-5__Rounds-10__Delay-0_1__Alpha-0_01__Seed-60.txt
alpha-0_01 folder,FedAvgM,MNIST,0.1,0.01,61,10,5,155.21,1 x NVIDIA A40,AMD EPYC 9354P 32-Core Processor,test3_comunicacao,results/main_campaign_default_alpha_0_01/FedAvgM-results/test3_comunicacao/MNIST/FedAvgM__MNIST__Setup-5__Clients-5__Rounds-10__Delay-0_1__Alpha-0_01__Seed-61.txt
alpha-0_01 folder,FedAvgM,MNIST,0.1,0.01,62,10,5,158.24,1 x NVIDIA A40,AMD EPYC 9354P 32-Core Processor,test3_comunicacao,results/main_campaign_default_alpha_0_01/FedAvgM-results/test3_comunicacao/MNIST/FedAvgM__MNIST__Setup-5__Clients-5__Rounds-10__Delay-0_1__Alpha-0_01__Seed-62.txt
alpha-0_01 folder,FedAvgM,MNIST,0.1,0.01,63,10,5,127.32,1 x NVIDIA A40,AMD EPYC 9354P 32-Core Processor,test3_comunicacao,results/main_campaign_default_alpha_0_01/FedAvgM-results/test3_comunicacao/MNIST/FedAvgM__MNIST__Setup-5__Clients-5__Rounds-10__Delay-0_1__Alpha-0_01__Seed-63.txt
alpha-0_01 folder,FedAvgM,MNIST,0.1,0.01,64,10,5,125.05,1 x NVIDIA A40,AMD EPYC 9354P 32-Core Processor,test3_comunicacao,results/main_campaign_default_alpha_0_01/FedAvgM-results/test3_comunicacao/MNIST/FedAvgM__MNIST__Setup-5__Clients-5__Rounds-10__Delay-0_1__Alpha-0_01__Seed-64.txt
alpha-0_01 folder,FedAvgM,MNIST,0.1,0.01,65,10,5,148.04,1 x NVIDIA A40,AMD EPYC 9354P 32-Core Processor,test3_comunicacao,results/main_campaign_default_alpha_0_01/FedAvgM-results/test3_comunicacao/MNIST/FedAvgM__MNIST__Setup-5__Clients-5__Rounds-10__Delay-0_1__Alpha-0_01__Seed-65.txt
alpha-0_01 folder,FedAvgM,MNIST,0.1,0.01,66,10,5,151.91,1 x NVIDIA A40,AMD EPYC 9354P 32-Core Processor,test3_comunicacao,results/main_campaign_default_alpha_0_01/FedAvgM-results/test3_comunicacao/MNIST/FedAvgM__MNIST__Setup-5__Clients-5__Rounds-10__Delay-0_1__Alpha-0_01__Seed-66.txt
alpha-0_01 folder,FedAvgM,MNIST,0.1,0.01,67,10,5,180.26,1 x NVIDIA A40,AMD EPYC 9354P 32-Core Processor,test3_comunicacao,results/main_campaign_default_alpha_0_01/FedAvgM-results/test3_comunicacao/MNIST/FedAvgM__MNIST__Setup-5__Clients-5__Rounds-10__Delay-0_1__Alpha-0_01__Seed-67.txt
alpha-0_01 folder,FedAvgM,MNIST,0.1,0.01,68,10,5,123.31,1 x NVIDIA A40,AMD EPYC 9354P 32-Core Processor,test3_comunicacao,results/main_campaign_default_alpha_0_01/FedAvgM-results/test3_comunicacao/MNIST/FedAvgM__MNIST__Setup-5__Clients-5__Rounds-10__Delay-0_1__Alpha-0_01__Seed-68.txt
alpha-0_01 folder,FedAvgM,MNIST,0.1,0.01,69,10,5,162.50,1 x NVIDIA A40,AMD EPYC 9354P 32-Core Processor,test3_comunicacao,results/main_campaign_default_alpha_0_01/FedAvgM-results/test3_comunicacao/MNIST/FedAvgM__MNIST__Setup-5__Clients-5__Rounds-10__Delay-0_1__Alpha-0_01__Seed-69.txt
alpha-0_01 folder,FedAvgM,MNIST,0.1,0.01,70,10,5,126.23,1 x NVIDIA A40,AMD EPYC 9354P 32-Core Processor,test3_comunicacao,results/main_campaign_default_alpha_0_01/FedAvgM-results/test3_comunicacao/MNIST/FedAvgM__MNIST__Setup-5__Clients-5__Rounds-10__Delay-0_1__Alpha-0_01__Seed-70.txt
alpha-0_01 folder,FedAvgM,MNIST,0.1,0.01,71,10,5,149.58,1 x NVIDIA A40,AMD EPYC 9354P 32-Core Processor,test3_comunicacao,results/main_campaign_default_alpha_0_01/FedAvgM-results/test3_comunicacao/MNIST/FedAvgM__MNIST__Setup-5__Clients-5__Rounds-10__Delay-0_1__Alpha-0_01__Seed-71.txt
alpha-0_01 folder,FedAvgM,MNIST,0.5,0.01,42,10,5,146.90,1 x NVIDIA A40,AMD EPYC 9354P 32-Core Processor,test3_comunicacao,results/main_campaign_default_alpha_0_01/FedAvgM-results/test3_comunicacao/MNIST/FedAvgM__MNIST__Setup-5__Clients-5__Rounds-10__Delay-0_5__Alpha-0_01__Seed-42.txt
alpha-0_01 folder,FedAvgM,MNIST,0.5,0.01,43,10,5,155.64,1 x NVIDIA A40,AMD EPYC 9354P 32-Core Processor,test3_comunicacao,results/main_campaign_default_alpha_0_01/FedAvgM-results/test3_comunicacao/MNIST/FedAvgM__MNIST__Setup-5__Clients-5__Rounds-10__Delay-0_5__Alpha-0_01__Seed-43.txt
alpha-0_01 folder,FedAvgM,MNIST,0.5,0.01,44,10,5,152.00,1 x NVIDIA A40,AMD EPYC 9354P 32-Core Processor,test3_comunicacao,results/main_campaign_default_alpha_0_01/FedAvgM-results/test3_comunicacao/MNIST/FedAvgM__MNIST__Setup-5__Clients-5__Rounds-10__Delay-0_5__Alpha-0_01__Seed-44.txt
alpha-0_01 folder,FedAvgM,MNIST,0.5,0.01,45,10,5,142.41,1 x NVIDIA A40,AMD EPYC 9354P 32-Core Processor,test3_comunicacao,results/main_campaign_default_alpha_0_01/FedAvgM-results/test3_comunicacao/MNIST/FedAvgM__MNIST__Setup-5__Clients-5__Rounds-10__Delay-0_5__Alpha-0_01__Seed-45.txt
alpha-0_01 folder,FedAvgM,MNIST,0.5,0.01,46,10,5,188.63,1 x NVIDIA A40,AMD EPYC 9354P 32-Core Processor,test3_comunicacao,results/main_campaign_default_alpha_0_01/FedAvgM-results/test3_comunicacao/MNIST/FedAvgM__MNIST__Setup-5__Clients-5__Rounds-10__Delay-0_5__Alpha-0_01__Seed-46.txt
alpha-0_01 folder,FedAvgM,MNIST,0.5,0.01,47,10,5,165.88,1 x NVIDIA A40,AMD EPYC 9354P 32-Core Processor,test3_comunicacao,results/main_campaign_default_alpha_0_01/FedAvgM-results/test3_comunicacao/MNIST/FedAvgM__MNIST__Setup-5__Clients-5__Rounds-10__Delay-0_5__Alpha-0_01__Seed-47.txt
alpha-0_01 folder,FedAvgM,MNIST,0.5,0.01,48,10,5,139.66,1 x NVIDIA A40,AMD EPYC 9354P 32-Core Processor,test3_comunicacao,results/main_campaign_default_alpha_0_01/FedAvgM-results/test3_comunicacao/MNIST/FedAvgM__MNIST__Setup-5__Clients-5__Rounds-10__Delay-0_5__Alpha-0_01__Seed-48.txt
alpha-0_01 folder,FedAvgM,MNIST,0.5,0.01,49,10,5,145.18,1 x NVIDIA A40,AMD EPYC 9354P 32-Core Processor,test3_comunicacao,results/main_campaign_default_alpha_0_01/FedAvgM-results/test3_comunicacao/MNIST/FedAvgM__MNIST__Setup-5__Clients-5__Rounds-10__Delay-0_5__Alpha-0_01__Seed-49.txt
alpha-0_01 folder,FedAvgM,MNIST,0.5,0.01,50,10,5,191.94,1 x NVIDIA A40,AMD EPYC 9354P 32-Core Processor,test3_comunicacao,results/main_campaign_default_alpha_0_01/FedAvgM-results/test3_comunicacao/MNIST/FedAvgM__MNIST__Setup-5__Clients-5__Rounds-10__Delay-0_5__Alpha-0_01__Seed-50.txt
alpha-0_01 folder,FedAvgM,MNIST,0.5,0.01,51,10,5,168.27,1 x NVIDIA A40,AMD EPYC 9354P 32-Core Processor,test3_comunicacao,results/main_campaign_default_alpha_0_01/FedAvgM-results/test3_comunicacao/MNIST/FedAvgM__MNIST__Setup-5__Clients-5__Rounds-10__Delay-0_5__Alpha-0_01__Seed-51.txt
alpha-0_01 folder,FedAvgM,MNIST,0.5,0.01,52,10,5,167.02,1 x NVIDIA A40,AMD EPYC 9354P 32-Core Processor,test3_comunicacao,results/main_campaign_default_alpha_0_01/FedAvgM-results/test3_comunicacao/MNIST/FedAvgM__MNIST__Setup-5__Clients-5__Rounds-10__Delay-0_5__Alpha-0_01__Seed-52.txt
alpha-0_01 folder,FedAvgM,MNIST,0.5,0.01,53,10,5,141.02,1 x NVIDIA A40,AMD EPYC 9354P 32-Core Processor,test3_comunicacao,results/main_campaign_default_alpha_0_01/FedAvgM-results/test3_comunicacao/MNIST/FedAvgM__MNIST__Setup-5__Clients-5__Rounds-10__Delay-0_5__Alpha-0_01__Seed-53.txt
alpha-0_01 folder,FedAvgM,MNIST,0.5,0.01,54,10,5,153.35,1 x NVIDIA A40,AMD EPYC 9354P 32-Core Processor,test3_comunicacao,results/main_campaign_default_alpha_0_01/FedAvgM-results/test3_comunicacao/MNIST/FedAvgM__MNIST__Setup-5__Clients-5__Rounds-10__Delay-0_5__Alpha-0_01__Seed-54.txt
alpha-0_01 folder,FedAvgM,MNIST,0.5,0.01,55,10,5,174.13,1 x NVIDIA A40,AMD EPYC 9354P 32-Core Processor,test3_comunicacao,results/main_campaign_default_alpha_0_01/FedAvgM-results/test3_comunicacao/MNIST/FedAvgM__MNIST__Setup-5__Clients-5__Rounds-10__Delay-0_5__Alpha-0_01__Seed-55.txt
alpha-0_01 folder,FedAvgM,MNIST,0.5,0.01,56,10,5,133.20,1 x NVIDIA A40,AMD EPYC 9354P 32-Core Processor,test3_comunicacao,results/main_campaign_default_alpha_0_01/FedAvgM-results/test3_comunicacao/MNIST/FedAvgM__MNIST__Setup-5__Clients-5__Rounds-10__Delay-0_5__Alpha-0_01__Seed-56.txt
alpha-0_01 folder,FedAvgM,MNIST,0.5,0.01,57,10,5,170.08,1 x NVIDIA A40,AMD EPYC 9354P 32-Core Processor,test3_comunicacao,results/main_campaign_default_alpha_0_01/FedAvgM-results/test3_comunicacao/MNIST/FedAvgM__MNIST__Setup-5__Clients-5__Rounds-10__Delay-0_5__Alpha-0_01__Seed-57.txt
alpha-0_01 folder,FedAvgM,MNIST,0.5,0.01,58,10,5,139.72,1 x NVIDIA A40,AMD EPYC 9354P 32-Core Processor,test3_comunicacao,results/main_campaign_default_alpha_0_01/FedAvgM-results/test3_comunicacao/MNIST/FedAvgM__MNIST__Setup-5__Clients-5__Rounds-10__Delay-0_5__Alpha-0_01__Seed-58.txt
alpha-0_01 folder,FedAvgM,MNIST,0.5,0.01,59,10,5,167.68,1 x NVIDIA A40,AMD EPYC 9354P 32-Core Processor,test3_comunicacao,results/main_campaign_default_alpha_0_01/FedAvgM-results/test3_comunicacao/MNIST/FedAvgM__MNIST__Setup-5__Clients-5__Rounds-10__Delay-0_5__Alpha-0_01__Seed-59.txt
alpha-0_01 folder,FedAvgM,MNIST,0.5,0.01,60,10,5,162.32,1 x NVIDIA A40,AMD EPYC 9354P 32-Core Processor,test3_comunicacao,results/main_campaign_default_alpha_0_01/FedAvgM-results/test3_comunicacao/MNIST/FedAvgM__MNIST__Setup-5__Clients-5__Rounds-10__Delay-0_5__Alpha-0_01__Seed-60.txt
alpha-0_01 folder,FedAvgM,MNIST,0.5,0.01,61,10,5,167.51,1 x NVIDIA A40,AMD EPYC 9354P 32-Core Processor,test3_comunicacao,results/main_campaign_default_alpha_0_01/FedAvgM-results/test3_comunicacao/MNIST/FedAvgM__MNIST__Setup-5__Clients-5__Rounds-10__Delay-0_5__Alpha-0_01__Seed-61.txt
alpha-0_01 folder,FedAvgM,MNIST,0.5,0.01,62,10,5,169.98,1 x NVIDIA A40,AMD EPYC 9354P 32-Core Processor,test3_comunicacao,results/main_campaign_default_alpha_0_01/FedAvgM-results/test3_comunicacao/MNIST/FedAvgM__MNIST__Setup-5__Clients-5__Rounds-10__Delay-0_5__Alpha-0_01__Seed-62.txt
alpha-0_01 folder,FedAvgM,MNIST,0.5,0.01,63,10,5,139.81,1 x NVIDIA A40,AMD EPYC 9354P 32-Core Processor,test3_comunicacao,results/main_campaign_default_alpha_0_01/FedAvgM-results/test3_comunicacao/MNIST/FedAvgM__MNIST__Setup-5__Clients-5__Rounds-10__Delay-0_5__Alpha-0_01__Seed-63.txt
alpha-0_01 folder,FedAvgM,MNIST,0.5,0.01,64,10,5,136.82,1 x NVIDIA A40,AMD EPYC 9354P 32-Core Processor,test3_comunicacao,results/main_campaign_default_alpha_0_01/FedAvgM-results/test3_comunicacao/MNIST/FedAvgM__MNIST__Setup-5__Clients-5__Rounds-10__Delay-0_5__Alpha-0_01__Seed-64.txt
alpha-0_01 folder,FedAvgM,MNIST,0.5,0.01,65,10,5,158.96,1 x NVIDIA A40,AMD EPYC 9354P 32-Core Processor,test3_comunicacao,results/main_campaign_default_alpha_0_01/FedAvgM-results/test3_comunicacao/MNIST/FedAvgM__MNIST__Setup-5__Clients-5__Rounds-10__Delay-0_5__Alpha-0_01__Seed-65.txt
alpha-0_01 folder,FedAvgM,MNIST,0.5,0.01,66,10,5,163.95,1 x NVIDIA A40,AMD EPYC 9354P 32-Core Processor,test3_comunicacao,results/main_campaign_default_alpha_0_01/FedAvgM-results/test3_comunicacao/MNIST/FedAvgM__MNIST__Setup-5__Clients-5__Rounds-10__Delay-0_5__Alpha-0_01__Seed-66.txt
alpha-0_01 folder,FedAvgM,MNIST,0.5,0.01,67,10,5,192.29,1 x NVIDIA A40,AMD EPYC 9354P 32-Core Processor,test3_comunicacao,results/main_campaign_default_alpha_0_01/FedAvgM-results/test3_comunicacao/MNIST/FedAvgM__MNIST__Setup-5__Clients-5__Rounds-10__Delay-0_5__Alpha-0_01__Seed-67.txt
alpha-0_01 folder,FedAvgM,MNIST,0.5,0.01,68,10,5,136.21,1 x NVIDIA A40,AMD EPYC 9354P 32-Core Processor,test3_comunicacao,results/main_campaign_default_alpha_0_01/FedAvgM-results/test3_comunicacao/MNIST/FedAvgM__MNIST__Setup-5__Clients-5__Rounds-10__Delay-0_5__Alpha-0_01__Seed-68.txt
alpha-0_01 folder,FedAvgM,MNIST,0.5,0.01,69,10,5,174.08,1 x NVIDIA A40,AMD EPYC 9354P 32-Core Processor,test3_comunicacao,results/main_campaign_default_alpha_0_01/FedAvgM-results/test3_comunicacao/MNIST/FedAvgM__MNIST__Setup-5__Clients-5__Rounds-10__Delay-0_5__Alpha-0_01__Seed-69.txt
alpha-0_01 folder,FedAvgM,MNIST,0.5,0.01,70,10,5,138.85,1 x NVIDIA A40,AMD EPYC 9354P 32-Core Processor,test3_comunicacao,results/main_campaign_default_alpha_0_01/FedAvgM-results/test3_comunicacao/MNIST/FedAvgM__MNIST__Setup-5__Clients-5__Rounds-10__Delay-0_5__Alpha-0_01__Seed-70.txt
alpha-0_01 folder,FedAvgM,MNIST,0.5,0.01,71,10,5,161.33,1 x NVIDIA A40,AMD EPYC 9354P 32-Core Processor,test3_comunicacao,results/main_campaign_default_alpha_0_01/FedAvgM-results/test3_comunicacao/MNIST/FedAvgM__MNIST__Setup-5__Clients-5__Rounds-10__Delay-0_5__Alpha-0_01__Seed-71.txt
alpha-0_01 folder,FedHAD,CIFAR10,0.05,0.01,42,10,5,168.85,1 x NVIDIA A40,AMD EPYC 9354P 32-Core Processor,test3_comunicacao,results/main_campaign_default_alpha_0_01/FedHAD-results/test3_comunicacao/CIFAR10-Standard/FedHAD__CIFAR10__Mode-STANDARD__Cfg-E1L1F1__Setup-5__Clients-5__Rounds-10__Delay-0_05__Alpha-0_01__Seed-42.txt
alpha-0_01 folder,FedHAD,CIFAR10,0.05,0.01,43,10,5,179.15,1 x NVIDIA A40,AMD EPYC 9354P 32-Core Processor,test3_comunicacao,results/main_campaign_default_alpha_0_01/FedHAD-results/test3_comunicacao/CIFAR10-Standard/FedHAD__CIFAR10__Mode-STANDARD__Cfg-E1L1F1__Setup-5__Clients-5__Rounds-10__Delay-0_05__Alpha-0_01__Seed-43.txt
alpha-0_01 folder,FedHAD,CIFAR10,0.05,0.01,44,10,5,172.93,1 x NVIDIA A40,AMD EPYC 9354P 32-Core Processor,test3_comunicacao,results/main_campaign_default_alpha_0_01/FedHAD-results/test3_comunicacao/CIFAR10-Standard/FedHAD__CIFAR10__Mode-STANDARD__Cfg-E1L1F1__Setup-5__Clients-5__Rounds-10__Delay-0_05__Alpha-0_01__Seed-44.txt
alpha-0_01 folder,FedHAD,CIFAR10,0.05,0.01,45,10,5,160.43,1 x NVIDIA A40,AMD EPYC 9354P 32-Core Processor,test3_comunicacao,results/main_campaign_default_alpha_0_01/FedHAD-results/test3_comunicacao/CIFAR10-Standard/FedHAD__CIFAR10__Mode-STANDARD__Cfg-E1L1F1__Setup-5__Clients-5__Rounds-10__Delay-0_05__Alpha-0_01__Seed-45.txt
alpha-0_01 folder,FedHAD,CIFAR10,0.05,0.01,46,10,5,221.15,1 x NVIDIA A40,AMD EPYC 9354P 32-Core Processor,test3_comunicacao,results/main_campaign_default_alpha_0_01/FedHAD-results/test3_comunicacao/CIFAR10-Standard/FedHAD__CIFAR10__Mode-STANDARD__Cfg-E1L1F1__Setup-5__Clients-5__Rounds-10__Delay-0_05__Alpha-0_01__Seed-46.txt
alpha-0_01 folder,FedHAD,CIFAR10,0.05,0.01,47,10,5,197.02,1 x NVIDIA A40,AMD EPYC 9354P 32-Core Processor,test3_comunicacao,results/main_campaign_default_alpha_0_01/FedHAD-results/test3_comunicacao/CIFAR10-Standard/FedHAD__CIFAR10__Mode-STANDARD__Cfg-E1L1F1__Setup-5__Clients-5__Rounds-10__Delay-0_05__Alpha-0_01__Seed-47.txt
alpha-0_01 folder,FedHAD,CIFAR10,0.05,0.01,48,10,5,134.16,1 x NVIDIA A40,AMD EPYC 9354P 32-Core Processor,test3_comunicacao,results/main_campaign_default_alpha_0_01/FedHAD-results/test3_comunicacao/CIFAR10-Standard/FedHAD__CIFAR10__Mode-STANDARD__Cfg-E1L1F1__Setup-5__Clients-5__Rounds-10__Delay-0_05__Alpha-0_01__Seed-48.txt
alpha-0_01 folder,FedHAD,CIFAR10,0.05,0.01,49,10,5,164.80,1 x NVIDIA A40,AMD EPYC 9354P 32-Core Processor,test3_comunicacao,results/main_campaign_default_alpha_0_01/FedHAD-results/test3_comunicacao/CIFAR10-Standard/FedHAD__CIFAR10__Mode-STANDARD__Cfg-E1L1F1__Setup-5__Clients-5__Rounds-10__Delay-0_05__Alpha-0_01__Seed-49.txt
alpha-0_01 folder,FedHAD,CIFAR10,0.05,0.01,50,10,5,221.39,1 x NVIDIA A40,AMD EPYC 9354P 32-Core Processor,test3_comunicacao,results/main_campaign_default_alpha_0_01/FedHAD-results/test3_comunicacao/CIFAR10-Standard/FedHAD__CIFAR10__Mode-STANDARD__Cfg-E1L1F1__Setup-5__Clients-5__Rounds-10__Delay-0_05__Alpha-0_01__Seed-50.txt
alpha-0_01 folder,FedHAD,CIFAR10,0.05,0.01,51,10,5,188.23,1 x NVIDIA A40,AMD EPYC 9354P 32-Core Processor,test3_comunicacao,results/main_campaign_default_alpha_0_01/FedHAD-results/test3_comunicacao/CIFAR10-Standard/FedHAD__CIFAR10__Mode-STANDARD__Cfg-E1L1F1__Setup-5__Clients-5__Rounds-10__Delay-0_05__Alpha-0_01__Seed-51.txt
alpha-0_01 folder,FedHAD,CIFAR10,0.05,0.01,52,10,5,189.13,1 x NVIDIA A40,AMD EPYC 9354P 32-Core Processor,test3_comunicacao,results/main_campaign_default_alpha_0_01/FedHAD-results/test3_comunicacao/CIFAR10-Standard/FedHAD__CIFAR10__Mode-STANDARD__Cfg-E1L1F1__Setup-5__Clients-5__Rounds-10__Delay-0_05__Alpha-0_01__Seed-52.txt
alpha-0_01 folder,FedHAD,CIFAR10,0.05,0.01,53,10,5,153.77,1 x NVIDIA A40,AMD EPYC 9354P 32-Core Processor,test3_comunicacao,results/main_campaign_default_alpha_0_01/FedHAD-results/test3_comunicacao/CIFAR10-Standard/FedHAD__CIFAR10__Mode-STANDARD__Cfg-E1L1F1__Setup-5__Clients-5__Rounds-10__Delay-0_05__Alpha-0_01__Seed-53.txt
alpha-0_01 folder,FedHAD,CIFAR10,0.05,0.01,54,10,5,165.51,1 x NVIDIA A40,AMD EPYC 9354P 32-Core Processor,test3_comunicacao,results/main_campaign_default_alpha_0_01/FedHAD-results/test3_comunicacao/CIFAR10-Standard/FedHAD__CIFAR10__Mode-STANDARD__Cfg-E1L1F1__Setup-5__Clients-5__Rounds-10__Delay-0_05__Alpha-0_01__Seed-54.txt
alpha-0_01 folder,FedHAD,CIFAR10,0.05,0.01,55,10,5,193.26,1 x NVIDIA A40,AMD EPYC 9354P 32-Core Processor,test3_comunicacao,results/main_campaign_default_alpha_0_01/FedHAD-results/test3_comunicacao/CIFAR10-Standard/FedHAD__CIFAR10__Mode-STANDARD__Cfg-E1L1F1__Setup-5__Clients-5__Rounds-10__Delay-0_05__Alpha-0_01__Seed-55.txt
alpha-0_01 folder,FedHAD,CIFAR10,0.05,0.01,56,10,5,135.68,1 x NVIDIA A40,AMD EPYC 9354P 32-Core Processor,test3_comunicacao,results/main_campaign_default_alpha_0_01/FedHAD-results/test3_comunicacao/CIFAR10-Standard/FedHAD__CIFAR10__Mode-STANDARD__Cfg-E1L1F1__Setup-5__Clients-5__Rounds-10__Delay-0_05__Alpha-0_01__Seed-56.txt
alpha-0_01 folder,FedHAD,CIFAR10,0.05,0.01,57,10,5,193.95,1 x NVIDIA A40,AMD EPYC 9354P 32-Core Processor,test3_comunicacao,results/main_campaign_default_alpha_0_01/FedHAD-results/test3_comunicacao/CIFAR10-Standard/FedHAD__CIFAR10__Mode-STANDARD__Cfg-E1L1F1__Setup-5__Clients-5__Rounds-10__Delay-0_05__Alpha-0_01__Seed-57.txt
alpha-0_01 folder,FedHAD,CIFAR10,0.05,0.01,58,10,5,133.84,1 x NVIDIA A40,AMD EPYC 9354P 32-Core Processor,test3_comunicacao,results/main_campaign_default_alpha_0_01/FedHAD-results/test3_comunicacao/CIFAR10-Standard/FedHAD__CIFAR10__Mode-STANDARD__Cfg-E1L1F1__Setup-5__Clients-5__Rounds-10__Delay-0_05__Alpha-0_01__Seed-58.txt
alpha-0_01 folder,FedHAD,CIFAR10,0.05,0.01,59,10,5,186.42,1 x NVIDIA A40,AMD EPYC 9354P 32-Core Processor,test3_comunicacao,results/main_campaign_default_alpha_0_01/FedHAD-results/test3_comunicacao/CIFAR10-Standard/FedHAD__CIFAR10__Mode-STANDARD__Cfg-E1L1F1__Setup-5__Clients-5__Rounds-10__Delay-0_05__Alpha-0_01__Seed-59.txt
alpha-0_01 folder,FedHAD,CIFAR10,0.05,0.01,60,10,5,185.66,1 x NVIDIA A40,AMD EPYC 9354P 32-Core Processor,test3_comunicacao,results/main_campaign_default_alpha_0_01/FedHAD-results/test3_comunicacao/CIFAR10-Standard/FedHAD__CIFAR10__Mode-STANDARD__Cfg-E1L1F1__Setup-5__Clients-5__Rounds-10__Delay-0_05__Alpha-0_01__Seed-60.txt
alpha-0_01 folder,FedHAD,CIFAR10,0.05,0.01,61,10,5,192.51,1 x NVIDIA A40,AMD EPYC 9354P 32-Core Processor,test3_comunicacao,results/main_campaign_default_alpha_0_01/FedHAD-results/test3_comunicacao/CIFAR10-Standard/FedHAD__CIFAR10__Mode-STANDARD__Cfg-E1L1F1__Setup-5__Clients-5__Rounds-10__Delay-0_05__Alpha-0_01__Seed-61.txt
alpha-0_01 folder,FedHAD,CIFAR10,0.05,0.01,62,10,5,190.03,1 x NVIDIA A40,AMD EPYC 9354P 32-Core Processor,test3_comunicacao,results/main_campaign_default_alpha_0_01/FedHAD-results/test3_comunicacao/CIFAR10-Standard/FedHAD__CIFAR10__Mode-STANDARD__Cfg-E1L1F1__Setup-5__Clients-5__Rounds-10__Delay-0_05__Alpha-0_01__Seed-62.txt
alpha-0_01 folder,FedHAD,CIFAR10,0.05,0.01,63,10,5,160.24,1 x NVIDIA A40,AMD EPYC 9354P 32-Core Processor,test3_comunicacao,results/main_campaign_default_alpha_0_01/FedHAD-results/test3_comunicacao/CIFAR10-Standard/FedHAD__CIFAR10__Mode-STANDARD__Cfg-E1L1F1__Setup-5__Clients-5__Rounds-10__Delay-0_05__Alpha-0_01__Seed-63.txt
alpha-0_01 folder,FedHAD,CIFAR10,0.05,0.01,64,10,5,134.07,1 x NVIDIA A40,AMD EPYC 9354P 32-Core Processor,test3_comunicacao,results/main_campaign_default_alpha_0_01/FedHAD-results/test3_comunicacao/CIFAR10-Standard/FedHAD__CIFAR10__Mode-STANDARD__Cfg-E1L1F1__Setup-5__Clients-5__Rounds-10__Delay-0_05__Alpha-0_01__Seed-64.txt
alpha-0_01 folder,FedHAD,CIFAR10,0.05,0.01,65,10,5,181.85,1 x NVIDIA A40,AMD EPYC 9354P 32-Core Processor,test3_comunicacao,results/main_campaign_default_alpha_0_01/FedHAD-results/test3_comunicacao/CIFAR10-Standard/FedHAD__CIFAR10__Mode-STANDARD__Cfg-E1L1F1__Setup-5__Clients-5__Rounds-10__Delay-0_05__Alpha-0_01__Seed-65.txt
alpha-0_01 folder,FedHAD,CIFAR10,0.05,0.01,66,10,5,189.56,1 x NVIDIA A40,AMD EPYC 9354P 32-Core Processor,test3_comunicacao,results/main_campaign_default_alpha_0_01/FedHAD-results/test3_comunicacao/CIFAR10-Standard/FedHAD__CIFAR10__Mode-STANDARD__Cfg-E1L1F1__Setup-5__Clients-5__Rounds-10__Delay-0_05__Alpha-0_01__Seed-66.txt
alpha-0_01 folder,FedHAD,CIFAR10,0.05,0.01,67,10,5,225.84,1 x NVIDIA A40,AMD EPYC 9354P 32-Core Processor,test3_comunicacao,results/main_campaign_default_alpha_0_01/FedHAD-results/test3_comunicacao/CIFAR10-Standard/FedHAD__CIFAR10__Mode-STANDARD__Cfg-E1L1F1__Setup-5__Clients-5__Rounds-10__Delay-0_05__Alpha-0_01__Seed-67.txt
alpha-0_01 folder,FedHAD,CIFAR10,0.05,0.01,68,10,5,134.31,1 x NVIDIA A40,AMD EPYC 9354P 32-Core Processor,test3_comunicacao,results/main_campaign_default_alpha_0_01/FedHAD-results/test3_comunicacao/CIFAR10-Standard/FedHAD__CIFAR10__Mode-STANDARD__Cfg-E1L1F1__Setup-5__Clients-5__Rounds-10__Delay-0_05__Alpha-0_01__Seed-68.txt
alpha-0_01 folder,FedHAD,CIFAR10,0.05,0.01,69,10,5,197.99,1 x NVIDIA A40,AMD EPYC 9354P 32-Core Processor,test3_comunicacao,results/main_campaign_default_alpha_0_01/FedHAD-results/test3_comunicacao/CIFAR10-Standard/FedHAD__CIFAR10__Mode-STANDARD__Cfg-E1L1F1__Setup-5__Clients-5__Rounds-10__Delay-0_05__Alpha-0_01__Seed-69.txt
alpha-0_01 folder,FedHAD,CIFAR10,0.05,0.01,70,10,5,162.54,1 x NVIDIA A40,AMD EPYC 9354P 32-Core Processor,test3_comunicacao,results/main_campaign_default_alpha_0_01/FedHAD-results/test3_comunicacao/CIFAR10-Standard/FedHAD__CIFAR10__Mode-STANDARD__Cfg-E1L1F1__Setup-5__Clients-5__Rounds-10__Delay-0_05__Alpha-0_01__Seed-70.txt
alpha-0_01 folder,FedHAD,CIFAR10,0.05,0.01,71,10,5,190.94,1 x NVIDIA A40,AMD EPYC 9354P 32-Core Processor,test3_comunicacao,results/main_campaign_default_alpha_0_01/FedHAD-results/test3_comunicacao/CIFAR10-Standard/FedHAD__CIFAR10__Mode-STANDARD__Cfg-E1L1F1__Setup-5__Clients-5__Rounds-10__Delay-0_05__Alpha-0_01__Seed-71.txt
alpha-0_01 folder,FedHAD,CIFAR10,0.1,0.01,42,10,5,169.71,1 x NVIDIA A40,AMD EPYC 9354P 32-Core Processor,test3_comunicacao,results/main_campaign_default_alpha_0_01/FedHAD-results/test3_comunicacao/CIFAR10-Standard/FedHAD__CIFAR10__Mode-STANDARD__Cfg-E1L1F1__Setup-5__Clients-5__Rounds-10__Delay-0_1__Alpha-0_01__Seed-42.txt
alpha-0_01 folder,FedHAD,CIFAR10,0.1,0.01,43,10,5,181.94,1 x NVIDIA A40,AMD EPYC 9354P 32-Core Processor,test3_comunicacao,results/main_campaign_default_alpha_0_01/FedHAD-results/test3_comunicacao/CIFAR10-Standard/FedHAD__CIFAR10__Mode-STANDARD__Cfg-E1L1F1__Setup-5__Clients-5__Rounds-10__Delay-0_1__Alpha-0_01__Seed-43.txt
alpha-0_01 folder,FedHAD,CIFAR10,0.1,0.01,44,10,5,172.37,1 x NVIDIA A40,AMD EPYC 9354P 32-Core Processor,test3_comunicacao,results/main_campaign_default_alpha_0_01/FedHAD-results/test3_comunicacao/CIFAR10-Standard/FedHAD__CIFAR10__Mode-STANDARD__Cfg-E1L1F1__Setup-5__Clients-5__Rounds-10__Delay-0_1__Alpha-0_01__Seed-44.txt
alpha-0_01 folder,FedHAD,CIFAR10,0.1,0.01,45,10,5,162.41,1 x NVIDIA A40,AMD EPYC 9354P 32-Core Processor,test3_comunicacao,results/main_campaign_default_alpha_0_01/FedHAD-results/test3_comunicacao/CIFAR10-Standard/FedHAD__CIFAR10__Mode-STANDARD__Cfg-E1L1F1__Setup-5__Clients-5__Rounds-10__Delay-0_1__Alpha-0_01__Seed-45.txt
alpha-0_01 folder,FedHAD,CIFAR10,0.1,0.01,46,10,5,223.43,1 x NVIDIA A40,AMD EPYC 9354P 32-Core Processor,test3_comunicacao,results/main_campaign_default_alpha_0_01/FedHAD-results/test3_comunicacao/CIFAR10-Standard/FedHAD__CIFAR10__Mode-STANDARD__Cfg-E1L1F1__Setup-5__Clients-5__Rounds-10__Delay-0_1__Alpha-0_01__Seed-46.txt
alpha-0_01 folder,FedHAD,CIFAR10,0.1,0.01,47,10,5,198.75,1 x NVIDIA A40,AMD EPYC 9354P 32-Core Processor,test3_comunicacao,results/main_campaign_default_alpha_0_01/FedHAD-results/test3_comunicacao/CIFAR10-Standard/FedHAD__CIFAR10__Mode-STANDARD__Cfg-E1L1F1__Setup-5__Clients-5__Rounds-10__Delay-0_1__Alpha-0_01__Seed-47.txt
alpha-0_01 folder,FedHAD,CIFAR10,0.1,0.01,48,10,5,134.96,1 x NVIDIA A40,AMD EPYC 9354P 32-Core Processor,test3_comunicacao,results/main_campaign_default_alpha_0_01/FedHAD-results/test3_comunicacao/CIFAR10-Standard/FedHAD__CIFAR10__Mode-STANDARD__Cfg-E1L1F1__Setup-5__Clients-5__Rounds-10__Delay-0_1__Alpha-0_01__Seed-48.txt
alpha-0_01 folder,FedHAD,CIFAR10,0.1,0.01,49,10,5,165.16,1 x NVIDIA A40,AMD EPYC 9354P 32-Core Processor,test3_comunicacao,results/main_campaign_default_alpha_0_01/FedHAD-results/test3_comunicacao/CIFAR10-Standard/FedHAD__CIFAR10__Mode-STANDARD__Cfg-E1L1F1__Setup-5__Clients-5__Rounds-10__Delay-0_1__Alpha-0_01__Seed-49.txt
alpha-0_01 folder,FedHAD,CIFAR10,0.1,0.01,50,10,5,221.93,1 x NVIDIA A40,AMD EPYC 9354P 32-Core Processor,test3_comunicacao,results/main_campaign_default_alpha_0_01/FedHAD-results/test3_comunicacao/CIFAR10-Standard/FedHAD__CIFAR10__Mode-STANDARD__Cfg-E1L1F1__Setup-5__Clients-5__Rounds-10__Delay-0_1__Alpha-0_01__Seed-50.txt
alpha-0_01 folder,FedHAD,CIFAR10,0.1,0.01,51,10,5,187.46,1 x NVIDIA A40,AMD EPYC 9354P 32-Core Processor,test3_comunicacao,results/main_campaign_default_alpha_0_01/FedHAD-results/test3_comunicacao/CIFAR10-Standard/FedHAD__CIFAR10__Mode-STANDARD__Cfg-E1L1F1__Setup-5__Clients-5__Rounds-10__Delay-0_1__Alpha-0_01__Seed-51.txt
alpha-0_01 folder,FedHAD,CIFAR10,0.1,0.01,52,10,5,189.59,1 x NVIDIA A40,AMD EPYC 9354P 32-Core Processor,test3_comunicacao,results/main_campaign_default_alpha_0_01/FedHAD-results/test3_comunicacao/CIFAR10-Standard/FedHAD__CIFAR10__Mode-STANDARD__Cfg-E1L1F1__Setup-5__Clients-5__Rounds-10__Delay-0_1__Alpha-0_01__Seed-52.txt
alpha-0_01 folder,FedHAD,CIFAR10,0.1,0.01,53,10,5,155.44,1 x NVIDIA A40,AMD EPYC 9354P 32-Core Processor,test3_comunicacao,results/main_campaign_default_alpha_0_01/FedHAD-results/test3_comunicacao/CIFAR10-Standard/FedHAD__CIFAR10__Mode-STANDARD__Cfg-E1L1F1__Setup-5__Clients-5__Rounds-10__Delay-0_1__Alpha-0_01__Seed-53.txt
alpha-0_01 folder,FedHAD,CIFAR10,0.1,0.01,54,10,5,166.99,1 x NVIDIA A40,AMD EPYC 9354P 32-Core Processor,test3_comunicacao,results/main_campaign_default_alpha_0_01/FedHAD-results/test3_comunicacao/CIFAR10-Standard/FedHAD__CIFAR10__Mode-STANDARD__Cfg-E1L1F1__Setup-5__Clients-5__Rounds-10__Delay-0_1__Alpha-0_01__Seed-54.txt
alpha-0_01 folder,FedHAD,CIFAR10,0.1,0.01,55,10,5,194.89,1 x NVIDIA A40,AMD EPYC 9354P 32-Core Processor,test3_comunicacao,results/main_campaign_default_alpha_0_01/FedHAD-results/test3_comunicacao/CIFAR10-Standard/FedHAD__CIFAR10__Mode-STANDARD__Cfg-E1L1F1__Setup-5__Clients-5__Rounds-10__Delay-0_1__Alpha-0_01__Seed-55.txt
alpha-0_01 folder,FedHAD,CIFAR10,0.1,0.01,56,10,5,136.40,1 x NVIDIA A40,AMD EPYC 9354P 32-Core Processor,test3_comunicacao,results/main_campaign_default_alpha_0_01/FedHAD-results/test3_comunicacao/CIFAR10-Standard/FedHAD__CIFAR10__Mode-STANDARD__Cfg-E1L1F1__Setup-5__Clients-5__Rounds-10__Delay-0_1__Alpha-0_01__Seed-56.txt
alpha-0_01 folder,FedHAD,CIFAR10,0.1,0.01,57,10,5,197.23,1 x NVIDIA A40,AMD EPYC 9354P 32-Core Processor,test3_comunicacao,results/main_campaign_default_alpha_0_01/FedHAD-results/test3_comunicacao/CIFAR10-Standard/FedHAD__CIFAR10__Mode-STANDARD__Cfg-E1L1F1__Setup-5__Clients-5__Rounds-10__Delay-0_1__Alpha-0_01__Seed-57.txt
alpha-0_01 folder,FedHAD,CIFAR10,0.1,0.01,58,10,5,134.12,1 x NVIDIA A40,AMD EPYC 9354P 32-Core Processor,test3_comunicacao,results/main_campaign_default_alpha_0_01/FedHAD-results/test3_comunicacao/CIFAR10-Standard/FedHAD__CIFAR10__Mode-STANDARD__Cfg-E1L1F1__Setup-5__Clients-5__Rounds-10__Delay-0_1__Alpha-0_01__Seed-58.txt
alpha-0_01 folder,FedHAD,CIFAR10,0.1,0.01,59,10,5,187.45,1 x NVIDIA A40,AMD EPYC 9354P 32-Core Processor,test3_comunicacao,results/main_campaign_default_alpha_0_01/FedHAD-results/test3_comunicacao/CIFAR10-Standard/FedHAD__CIFAR10__Mode-STANDARD__Cfg-E1L1F1__Setup-5__Clients-5__Rounds-10__Delay-0_1__Alpha-0_01__Seed-59.txt
alpha-0_01 folder,FedHAD,CIFAR10,0.1,0.01,60,10,5,186.57,1 x NVIDIA A40,AMD EPYC 9354P 32-Core Processor,test3_comunicacao,results/main_campaign_default_alpha_0_01/FedHAD-results/test3_comunicacao/CIFAR10-Standard/FedHAD__CIFAR10__Mode-STANDARD__Cfg-E1L1F1__Setup-5__Clients-5__Rounds-10__Delay-0_1__Alpha-0_01__Seed-60.txt
alpha-0_01 folder,FedHAD,CIFAR10,0.1,0.01,61,10,5,194.38,1 x NVIDIA A40,AMD EPYC 9354P 32-Core Processor,test3_comunicacao,results/main_campaign_default_alpha_0_01/FedHAD-results/test3_comunicacao/CIFAR10-Standard/FedHAD__CIFAR10__Mode-STANDARD__Cfg-E1L1F1__Setup-5__Clients-5__Rounds-10__Delay-0_1__Alpha-0_01__Seed-61.txt
alpha-0_01 folder,FedHAD,CIFAR10,0.1,0.01,62,10,5,190.73,1 x NVIDIA A40,AMD EPYC 9354P 32-Core Processor,test3_comunicacao,results/main_campaign_default_alpha_0_01/FedHAD-results/test3_comunicacao/CIFAR10-Standard/FedHAD__CIFAR10__Mode-STANDARD__Cfg-E1L1F1__Setup-5__Clients-5__Rounds-10__Delay-0_1__Alpha-0_01__Seed-62.txt
alpha-0_01 folder,FedHAD,CIFAR10,0.1,0.01,63,10,5,162.36,1 x NVIDIA A40,AMD EPYC 9354P 32-Core Processor,test3_comunicacao,results/main_campaign_default_alpha_0_01/FedHAD-results/test3_comunicacao/CIFAR10-Standard/FedHAD__CIFAR10__Mode-STANDARD__Cfg-E1L1F1__Setup-5__Clients-5__Rounds-10__Delay-0_1__Alpha-0_01__Seed-63.txt
alpha-0_01 folder,FedHAD,CIFAR10,0.1,0.01,64,10,5,135.43,1 x NVIDIA A40,AMD EPYC 9354P 32-Core Processor,test3_comunicacao,results/main_campaign_default_alpha_0_01/FedHAD-results/test3_comunicacao/CIFAR10-Standard/FedHAD__CIFAR10__Mode-STANDARD__Cfg-E1L1F1__Setup-5__Clients-5__Rounds-10__Delay-0_1__Alpha-0_01__Seed-64.txt
alpha-0_01 folder,FedHAD,CIFAR10,0.1,0.01,65,10,5,182.12,1 x NVIDIA A40,AMD EPYC 9354P 32-Core Processor,test3_comunicacao,results/main_campaign_default_alpha_0_01/FedHAD-results/test3_comunicacao/CIFAR10-Standard/FedHAD__CIFAR10__Mode-STANDARD__Cfg-E1L1F1__Setup-5__Clients-5__Rounds-10__Delay-0_1__Alpha-0_01__Seed-65.txt
alpha-0_01 folder,FedHAD,CIFAR10,0.1,0.01,66,10,5,192.18,1 x NVIDIA A40,AMD EPYC 9354P 32-Core Processor,test3_comunicacao,results/main_campaign_default_alpha_0_01/FedHAD-results/test3_comunicacao/CIFAR10-Standard/FedHAD__CIFAR10__Mode-STANDARD__Cfg-E1L1F1__Setup-5__Clients-5__Rounds-10__Delay-0_1__Alpha-0_01__Seed-66.txt
alpha-0_01 folder,FedHAD,CIFAR10,0.1,0.01,67,10,5,227.61,1 x NVIDIA A40,AMD EPYC 9354P 32-Core Processor,test3_comunicacao,results/main_campaign_default_alpha_0_01/FedHAD-results/test3_comunicacao/CIFAR10-Standard/FedHAD__CIFAR10__Mode-STANDARD__Cfg-E1L1F1__Setup-5__Clients-5__Rounds-10__Delay-0_1__Alpha-0_01__Seed-67.txt
alpha-0_01 folder,FedHAD,CIFAR10,0.1,0.01,68,10,5,135.86,1 x NVIDIA A40,AMD EPYC 9354P 32-Core Processor,test3_comunicacao,results/main_campaign_default_alpha_0_01/FedHAD-results/test3_comunicacao/CIFAR10-Standard/FedHAD__CIFAR10__Mode-STANDARD__Cfg-E1L1F1__Setup-5__Clients-5__Rounds-10__Delay-0_1__Alpha-0_01__Seed-68.txt
alpha-0_01 folder,FedHAD,CIFAR10,0.1,0.01,69,10,5,200.12,1 x NVIDIA A40,AMD EPYC 9354P 32-Core Processor,test3_comunicacao,results/main_campaign_default_alpha_0_01/FedHAD-results/test3_comunicacao/CIFAR10-Standard/FedHAD__CIFAR10__Mode-STANDARD__Cfg-E1L1F1__Setup-5__Clients-5__Rounds-10__Delay-0_1__Alpha-0_01__Seed-69.txt
alpha-0_01 folder,FedHAD,CIFAR10,0.1,0.01,70,10,5,163.22,1 x NVIDIA A40,AMD EPYC 9354P 32-Core Processor,test3_comunicacao,results/main_campaign_default_alpha_0_01/FedHAD-results/test3_comunicacao/CIFAR10-Standard/FedHAD__CIFAR10__Mode-STANDARD__Cfg-E1L1F1__Setup-5__Clients-5__Rounds-10__Delay-0_1__Alpha-0_01__Seed-70.txt
alpha-0_01 folder,FedHAD,CIFAR10,0.1,0.01,71,10,5,191.41,1 x NVIDIA A40,AMD EPYC 9354P 32-Core Processor,test3_comunicacao,results/main_campaign_default_alpha_0_01/FedHAD-results/test3_comunicacao/CIFAR10-Standard/FedHAD__CIFAR10__Mode-STANDARD__Cfg-E1L1F1__Setup-5__Clients-5__Rounds-10__Delay-0_1__Alpha-0_01__Seed-71.txt
alpha-0_01 folder,FedHAD,CIFAR10,0.5,0.01,42,10,5,178.26,1 x NVIDIA A40,AMD EPYC 9354P 32-Core Processor,test3_comunicacao,results/main_campaign_default_alpha_0_01/FedHAD-results/test3_comunicacao/CIFAR10-Standard/FedHAD__CIFAR10__Mode-STANDARD__Cfg-E1L1F1__Setup-5__Clients-5__Rounds-10__Delay-0_5__Alpha-0_01__Seed-42.txt
alpha-0_01 folder,FedHAD,CIFAR10,0.5,0.01,43,10,5,190.91,1 x NVIDIA A40,AMD EPYC 9354P 32-Core Processor,test3_comunicacao,results/main_campaign_default_alpha_0_01/FedHAD-results/test3_comunicacao/CIFAR10-Standard/FedHAD__CIFAR10__Mode-STANDARD__Cfg-E1L1F1__Setup-5__Clients-5__Rounds-10__Delay-0_5__Alpha-0_01__Seed-43.txt
alpha-0_01 folder,FedHAD,CIFAR10,0.5,0.01,44,10,5,182.62,1 x NVIDIA A40,AMD EPYC 9354P 32-Core Processor,test3_comunicacao,results/main_campaign_default_alpha_0_01/FedHAD-results/test3_comunicacao/CIFAR10-Standard/FedHAD__CIFAR10__Mode-STANDARD__Cfg-E1L1F1__Setup-5__Clients-5__Rounds-10__Delay-0_5__Alpha-0_01__Seed-44.txt
alpha-0_01 folder,FedHAD,CIFAR10,0.5,0.01,45,10,5,172.15,1 x NVIDIA A40,AMD EPYC 9354P 32-Core Processor,test3_comunicacao,results/main_campaign_default_alpha_0_01/FedHAD-results/test3_comunicacao/CIFAR10-Standard/FedHAD__CIFAR10__Mode-STANDARD__Cfg-E1L1F1__Setup-5__Clients-5__Rounds-10__Delay-0_5__Alpha-0_01__Seed-45.txt
alpha-0_01 folder,FedHAD,CIFAR10,0.5,0.01,46,10,5,230.61,1 x NVIDIA A40,AMD EPYC 9354P 32-Core Processor,test3_comunicacao,results/main_campaign_default_alpha_0_01/FedHAD-results/test3_comunicacao/CIFAR10-Standard/FedHAD__CIFAR10__Mode-STANDARD__Cfg-E1L1F1__Setup-5__Clients-5__Rounds-10__Delay-0_5__Alpha-0_01__Seed-46.txt
alpha-0_01 folder,FedHAD,CIFAR10,0.5,0.01,47,10,5,205.11,1 x NVIDIA A40,AMD EPYC 9354P 32-Core Processor,test3_comunicacao,results/main_campaign_default_alpha_0_01/FedHAD-results/test3_comunicacao/CIFAR10-Standard/FedHAD__CIFAR10__Mode-STANDARD__Cfg-E1L1F1__Setup-5__Clients-5__Rounds-10__Delay-0_5__Alpha-0_01__Seed-47.txt
alpha-0_01 folder,FedHAD,CIFAR10,0.5,0.01,48,10,5,143.43,1 x NVIDIA A40,AMD EPYC 9354P 32-Core Processor,test3_comunicacao,results/main_campaign_default_alpha_0_01/FedHAD-results/test3_comunicacao/CIFAR10-Standard/FedHAD__CIFAR10__Mode-STANDARD__Cfg-E1L1F1__Setup-5__Clients-5__Rounds-10__Delay-0_5__Alpha-0_01__Seed-48.txt
alpha-0_01 folder,FedHAD,CIFAR10,0.5,0.01,49,10,5,173.40,1 x NVIDIA A40,AMD EPYC 9354P 32-Core Processor,test3_comunicacao,results/main_campaign_default_alpha_0_01/FedHAD-results/test3_comunicacao/CIFAR10-Standard/FedHAD__CIFAR10__Mode-STANDARD__Cfg-E1L1F1__Setup-5__Clients-5__Rounds-10__Delay-0_5__Alpha-0_01__Seed-49.txt
alpha-0_01 folder,FedHAD,CIFAR10,0.5,0.01,50,10,5,228.37,1 x NVIDIA A40,AMD EPYC 9354P 32-Core Processor,test3_comunicacao,results/main_campaign_default_alpha_0_01/FedHAD-results/test3_comunicacao/CIFAR10-Standard/FedHAD__CIFAR10__Mode-STANDARD__Cfg-E1L1F1__Setup-5__Clients-5__Rounds-10__Delay-0_5__Alpha-0_01__Seed-50.txt
alpha-0_01 folder,FedHAD,CIFAR10,0.5,0.01,51,10,5,196.31,1 x NVIDIA A40,AMD EPYC 9354P 32-Core Processor,test3_comunicacao,results/main_campaign_default_alpha_0_01/FedHAD-results/test3_comunicacao/CIFAR10-Standard/FedHAD__CIFAR10__Mode-STANDARD__Cfg-E1L1F1__Setup-5__Clients-5__Rounds-10__Delay-0_5__Alpha-0_01__Seed-51.txt
alpha-0_01 folder,FedHAD,CIFAR10,0.5,0.01,52,10,5,198.31,1 x NVIDIA A40,AMD EPYC 9354P 32-Core Processor,test3_comunicacao,results/main_campaign_default_alpha_0_01/FedHAD-results/test3_comunicacao/CIFAR10-Standard/FedHAD__CIFAR10__Mode-STANDARD__Cfg-E1L1F1__Setup-5__Clients-5__Rounds-10__Delay-0_5__Alpha-0_01__Seed-52.txt
alpha-0_01 folder,FedHAD,CIFAR10,0.5,0.01,53,10,5,162.84,1 x NVIDIA A40,AMD EPYC 9354P 32-Core Processor,test3_comunicacao,results/main_campaign_default_alpha_0_01/FedHAD-results/test3_comunicacao/CIFAR10-Standard/FedHAD__CIFAR10__Mode-STANDARD__Cfg-E1L1F1__Setup-5__Clients-5__Rounds-10__Delay-0_5__Alpha-0_01__Seed-53.txt
alpha-0_01 folder,FedHAD,CIFAR10,0.5,0.01,54,10,5,174.53,1 x NVIDIA A40,AMD EPYC 9354P 32-Core Processor,test3_comunicacao,results/main_campaign_default_alpha_0_01/FedHAD-results/test3_comunicacao/CIFAR10-Standard/FedHAD__CIFAR10__Mode-STANDARD__Cfg-E1L1F1__Setup-5__Clients-5__Rounds-10__Delay-0_5__Alpha-0_01__Seed-54.txt
alpha-0_01 folder,FedHAD,CIFAR10,0.5,0.01,55,10,5,204.14,1 x NVIDIA A40,AMD EPYC 9354P 32-Core Processor,test3_comunicacao,results/main_campaign_default_alpha_0_01/FedHAD-results/test3_comunicacao/CIFAR10-Standard/FedHAD__CIFAR10__Mode-STANDARD__Cfg-E1L1F1__Setup-5__Clients-5__Rounds-10__Delay-0_5__Alpha-0_01__Seed-55.txt
alpha-0_01 folder,FedHAD,CIFAR10,0.5,0.01,56,10,5,144.51,1 x NVIDIA A40,AMD EPYC 9354P 32-Core Processor,test3_comunicacao,results/main_campaign_default_alpha_0_01/FedHAD-results/test3_comunicacao/CIFAR10-Standard/FedHAD__CIFAR10__Mode-STANDARD__Cfg-E1L1F1__Setup-5__Clients-5__Rounds-10__Delay-0_5__Alpha-0_01__Seed-56.txt
alpha-0_01 folder,FedHAD,CIFAR10,0.5,0.01,57,10,5,204.70,1 x NVIDIA A40,AMD EPYC 9354P 32-Core Processor,test3_comunicacao,results/main_campaign_default_alpha_0_01/FedHAD-results/test3_comunicacao/CIFAR10-Standard/FedHAD__CIFAR10__Mode-STANDARD__Cfg-E1L1F1__Setup-5__Clients-5__Rounds-10__Delay-0_5__Alpha-0_01__Seed-57.txt
alpha-0_01 folder,FedHAD,CIFAR10,0.5,0.01,58,10,5,143.19,1 x NVIDIA A40,AMD EPYC 9354P 32-Core Processor,test3_comunicacao,results/main_campaign_default_alpha_0_01/FedHAD-results/test3_comunicacao/CIFAR10-Standard/FedHAD__CIFAR10__Mode-STANDARD__Cfg-E1L1F1__Setup-5__Clients-5__Rounds-10__Delay-0_5__Alpha-0_01__Seed-58.txt
alpha-0_01 folder,FedHAD,CIFAR10,0.5,0.01,59,10,5,195.06,1 x NVIDIA A40,AMD EPYC 9354P 32-Core Processor,test3_comunicacao,results/main_campaign_default_alpha_0_01/FedHAD-results/test3_comunicacao/CIFAR10-Standard/FedHAD__CIFAR10__Mode-STANDARD__Cfg-E1L1F1__Setup-5__Clients-5__Rounds-10__Delay-0_5__Alpha-0_01__Seed-59.txt
alpha-0_01 folder,FedHAD,CIFAR10,0.5,0.01,60,10,5,195.07,1 x NVIDIA A40,AMD EPYC 9354P 32-Core Processor,test3_comunicacao,results/main_campaign_default_alpha_0_01/FedHAD-results/test3_comunicacao/CIFAR10-Standard/FedHAD__CIFAR10__Mode-STANDARD__Cfg-E1L1F1__Setup-5__Clients-5__Rounds-10__Delay-0_5__Alpha-0_01__Seed-60.txt
alpha-0_01 folder,FedHAD,CIFAR10,0.5,0.01,61,10,5,201.33,1 x NVIDIA A40,AMD EPYC 9354P 32-Core Processor,test3_comunicacao,results/main_campaign_default_alpha_0_01/FedHAD-results/test3_comunicacao/CIFAR10-Standard/FedHAD__CIFAR10__Mode-STANDARD__Cfg-E1L1F1__Setup-5__Clients-5__Rounds-10__Delay-0_5__Alpha-0_01__Seed-61.txt
alpha-0_01 folder,FedHAD,CIFAR10,0.5,0.01,62,10,5,200.06,1 x NVIDIA A40,AMD EPYC 9354P 32-Core Processor,test3_comunicacao,results/main_campaign_default_alpha_0_01/FedHAD-results/test3_comunicacao/CIFAR10-Standard/FedHAD__CIFAR10__Mode-STANDARD__Cfg-E1L1F1__Setup-5__Clients-5__Rounds-10__Delay-0_5__Alpha-0_01__Seed-62.txt
alpha-0_01 folder,FedHAD,CIFAR10,0.5,0.01,63,10,5,169.97,1 x NVIDIA A40,AMD EPYC 9354P 32-Core Processor,test3_comunicacao,results/main_campaign_default_alpha_0_01/FedHAD-results/test3_comunicacao/CIFAR10-Standard/FedHAD__CIFAR10__Mode-STANDARD__Cfg-E1L1F1__Setup-5__Clients-5__Rounds-10__Delay-0_5__Alpha-0_01__Seed-63.txt
alpha-0_01 folder,FedHAD,CIFAR10,0.5,0.01,64,10,5,142.92,1 x NVIDIA A40,AMD EPYC 9354P 32-Core Processor,test3_comunicacao,results/main_campaign_default_alpha_0_01/FedHAD-results/test3_comunicacao/CIFAR10-Standard/FedHAD__CIFAR10__Mode-STANDARD__Cfg-E1L1F1__Setup-5__Clients-5__Rounds-10__Delay-0_5__Alpha-0_01__Seed-64.txt
alpha-0_01 folder,FedHAD,CIFAR10,0.5,0.01,65,10,5,191.36,1 x NVIDIA A40,AMD EPYC 9354P 32-Core Processor,test3_comunicacao,results/main_campaign_default_alpha_0_01/FedHAD-results/test3_comunicacao/CIFAR10-Standard/FedHAD__CIFAR10__Mode-STANDARD__Cfg-E1L1F1__Setup-5__Clients-5__Rounds-10__Delay-0_5__Alpha-0_01__Seed-65.txt
alpha-0_01 folder,FedHAD,CIFAR10,0.5,0.01,66,10,5,199.83,1 x NVIDIA A40,AMD EPYC 9354P 32-Core Processor,test3_comunicacao,results/main_campaign_default_alpha_0_01/FedHAD-results/test3_comunicacao/CIFAR10-Standard/FedHAD__CIFAR10__Mode-STANDARD__Cfg-E1L1F1__Setup-5__Clients-5__Rounds-10__Delay-0_5__Alpha-0_01__Seed-66.txt
alpha-0_01 folder,FedHAD,CIFAR10,0.5,0.01,67,10,5,236.31,1 x NVIDIA A40,AMD EPYC 9354P 32-Core Processor,test3_comunicacao,results/main_campaign_default_alpha_0_01/FedHAD-results/test3_comunicacao/CIFAR10-Standard/FedHAD__CIFAR10__Mode-STANDARD__Cfg-E1L1F1__Setup-5__Clients-5__Rounds-10__Delay-0_5__Alpha-0_01__Seed-67.txt
alpha-0_01 folder,FedHAD,CIFAR10,0.5,0.01,68,10,5,144.64,1 x NVIDIA A40,AMD EPYC 9354P 32-Core Processor,test3_comunicacao,results/main_campaign_default_alpha_0_01/FedHAD-results/test3_comunicacao/CIFAR10-Standard/FedHAD__CIFAR10__Mode-STANDARD__Cfg-E1L1F1__Setup-5__Clients-5__Rounds-10__Delay-0_5__Alpha-0_01__Seed-68.txt
alpha-0_01 folder,FedHAD,CIFAR10,0.5,0.01,69,10,5,209.51,1 x NVIDIA A40,AMD EPYC 9354P 32-Core Processor,test3_comunicacao,results/main_campaign_default_alpha_0_01/FedHAD-results/test3_comunicacao/CIFAR10-Standard/FedHAD__CIFAR10__Mode-STANDARD__Cfg-E1L1F1__Setup-5__Clients-5__Rounds-10__Delay-0_5__Alpha-0_01__Seed-69.txt
alpha-0_01 folder,FedHAD,CIFAR10,0.5,0.01,70,10,5,172.38,1 x NVIDIA A40,AMD EPYC 9354P 32-Core Processor,test3_comunicacao,results/main_campaign_default_alpha_0_01/FedHAD-results/test3_comunicacao/CIFAR10-Standard/FedHAD__CIFAR10__Mode-STANDARD__Cfg-E1L1F1__Setup-5__Clients-5__Rounds-10__Delay-0_5__Alpha-0_01__Seed-70.txt
alpha-0_01 folder,FedHAD,CIFAR10,0.5,0.01,71,10,5,200.55,1 x NVIDIA A40,AMD EPYC 9354P 32-Core Processor,test3_comunicacao,results/main_campaign_default_alpha_0_01/FedHAD-results/test3_comunicacao/CIFAR10-Standard/FedHAD__CIFAR10__Mode-STANDARD__Cfg-E1L1F1__Setup-5__Clients-5__Rounds-10__Delay-0_5__Alpha-0_01__Seed-71.txt
alpha-0_01 folder,FedHAD,FashionMNIST,0.05,0.01,42,10,5,137.71,1 x NVIDIA A40,AMD EPYC 9354P 32-Core Processor,test3_comunicacao,results/main_campaign_default_alpha_0_01/FedHAD-results/test3_comunicacao/FashionMNIST-Standard/FedHAD__FashionMNIST__Mode-STANDARD__Cfg-E1L1F1__Setup-5__Clients-5__Rounds-10__Delay-0_05__Alpha-0_01__Seed-42.txt
alpha-0_01 folder,FedHAD,FashionMNIST,0.05,0.01,43,10,5,149.71,1 x NVIDIA A40,AMD EPYC 9354P 32-Core Processor,test3_comunicacao,results/main_campaign_default_alpha_0_01/FedHAD-results/test3_comunicacao/FashionMNIST-Standard/FedHAD__FashionMNIST__Mode-STANDARD__Cfg-E1L1F1__Setup-5__Clients-5__Rounds-10__Delay-0_05__Alpha-0_01__Seed-43.txt
alpha-0_01 folder,FedHAD,FashionMNIST,0.05,0.01,44,10,5,143.85,1 x NVIDIA A40,AMD EPYC 9354P 32-Core Processor,test3_comunicacao,results/main_campaign_default_alpha_0_01/FedHAD-results/test3_comunicacao/FashionMNIST-Standard/FedHAD__FashionMNIST__Mode-STANDARD__Cfg-E1L1F1__Setup-5__Clients-5__Rounds-10__Delay-0_05__Alpha-0_01__Seed-44.txt
alpha-0_01 folder,FedHAD,FashionMNIST,0.05,0.01,45,10,5,134.46,1 x NVIDIA A40,AMD EPYC 9354P 32-Core Processor,test3_comunicacao,results/main_campaign_default_alpha_0_01/FedHAD-results/test3_comunicacao/FashionMNIST-Standard/FedHAD__FashionMNIST__Mode-STANDARD__Cfg-E1L1F1__Setup-5__Clients-5__Rounds-10__Delay-0_05__Alpha-0_01__Seed-45.txt
alpha-0_01 folder,FedHAD,FashionMNIST,0.05,0.01,46,10,5,187.80,1 x NVIDIA A40,AMD EPYC 9354P 32-Core Processor,test3_comunicacao,results/main_campaign_default_alpha_0_01/FedHAD-results/test3_comunicacao/FashionMNIST-Standard/FedHAD__FashionMNIST__Mode-STANDARD__Cfg-E1L1F1__Setup-5__Clients-5__Rounds-10__Delay-0_05__Alpha-0_01__Seed-46.txt
alpha-0_01 folder,FedHAD,FashionMNIST,0.05,0.01,47,10,5,159.82,1 x NVIDIA A40,AMD EPYC 9354P 32-Core Processor,test3_comunicacao,results/main_campaign_default_alpha_0_01/FedHAD-results/test3_comunicacao/FashionMNIST-Standard/FedHAD__FashionMNIST__Mode-STANDARD__Cfg-E1L1F1__Setup-5__Clients-5__Rounds-10__Delay-0_05__Alpha-0_01__Seed-47.txt
alpha-0_01 folder,FedHAD,FashionMNIST,0.05,0.01,48,10,5,110.28,1 x NVIDIA A40,AMD EPYC 9354P 32-Core Processor,test3_comunicacao,results/main_campaign_default_alpha_0_01/FedHAD-results/test3_comunicacao/FashionMNIST-Standard/FedHAD__FashionMNIST__Mode-STANDARD__Cfg-E1L1F1__Setup-5__Clients-5__Rounds-10__Delay-0_05__Alpha-0_01__Seed-48.txt
alpha-0_01 folder,FedHAD,FashionMNIST,0.05,0.01,49,10,5,137.96,1 x NVIDIA A40,AMD EPYC 9354P 32-Core Processor,test3_comunicacao,results/main_campaign_default_alpha_0_01/FedHAD-results/test3_comunicacao/FashionMNIST-Standard/FedHAD__FashionMNIST__Mode-STANDARD__Cfg-E1L1F1__Setup-5__Clients-5__Rounds-10__Delay-0_05__Alpha-0_01__Seed-49.txt
alpha-0_01 folder,FedHAD,FashionMNIST,0.05,0.01,50,10,5,184.31,1 x NVIDIA A40,AMD EPYC 9354P 32-Core Processor,test3_comunicacao,results/main_campaign_default_alpha_0_01/FedHAD-results/test3_comunicacao/FashionMNIST-Standard/FedHAD__FashionMNIST__Mode-STANDARD__Cfg-E1L1F1__Setup-5__Clients-5__Rounds-10__Delay-0_05__Alpha-0_01__Seed-50.txt
alpha-0_01 folder,FedHAD,FashionMNIST,0.05,0.01,51,10,5,159.41,1 x NVIDIA A40,AMD EPYC 9354P 32-Core Processor,test3_comunicacao,results/main_campaign_default_alpha_0_01/FedHAD-results/test3_comunicacao/FashionMNIST-Standard/FedHAD__FashionMNIST__Mode-STANDARD__Cfg-E1L1F1__Setup-5__Clients-5__Rounds-10__Delay-0_05__Alpha-0_01__Seed-51.txt
alpha-0_01 folder,FedHAD,FashionMNIST,0.05,0.01,52,10,5,159.46,1 x NVIDIA A40,AMD EPYC 9354P 32-Core Processor,test3_comunicacao,results/main_campaign_default_alpha_0_01/FedHAD-results/test3_comunicacao/FashionMNIST-Standard/FedHAD__FashionMNIST__Mode-STANDARD__Cfg-E1L1F1__Setup-5__Clients-5__Rounds-10__Delay-0_05__Alpha-0_01__Seed-52.txt
alpha-0_01 folder,FedHAD,FashionMNIST,0.05,0.01,53,10,5,130.95,1 x NVIDIA A40,AMD EPYC 9354P 32-Core Processor,test3_comunicacao,results/main_campaign_default_alpha_0_01/FedHAD-results/test3_comunicacao/FashionMNIST-Standard/FedHAD__FashionMNIST__Mode-STANDARD__Cfg-E1L1F1__Setup-5__Clients-5__Rounds-10__Delay-0_05__Alpha-0_01__Seed-53.txt
alpha-0_01 folder,FedHAD,FashionMNIST,0.05,0.01,54,10,5,139.74,1 x NVIDIA A40,AMD EPYC 9354P 32-Core Processor,test3_comunicacao,results/main_campaign_default_alpha_0_01/FedHAD-results/test3_comunicacao/FashionMNIST-Standard/FedHAD__FashionMNIST__Mode-STANDARD__Cfg-E1L1F1__Setup-5__Clients-5__Rounds-10__Delay-0_05__Alpha-0_01__Seed-54.txt
alpha-0_01 folder,FedHAD,FashionMNIST,0.05,0.01,55,10,5,166.01,1 x NVIDIA A40,AMD EPYC 9354P 32-Core Processor,test3_comunicacao,results/main_campaign_default_alpha_0_01/FedHAD-results/test3_comunicacao/FashionMNIST-Standard/FedHAD__FashionMNIST__Mode-STANDARD__Cfg-E1L1F1__Setup-5__Clients-5__Rounds-10__Delay-0_05__Alpha-0_01__Seed-55.txt
alpha-0_01 folder,FedHAD,FashionMNIST,0.05,0.01,56,10,5,106.96,1 x NVIDIA A40,AMD EPYC 9354P 32-Core Processor,test3_comunicacao,results/main_campaign_default_alpha_0_01/FedHAD-results/test3_comunicacao/FashionMNIST-Standard/FedHAD__FashionMNIST__Mode-STANDARD__Cfg-E1L1F1__Setup-5__Clients-5__Rounds-10__Delay-0_05__Alpha-0_01__Seed-56.txt
alpha-0_01 folder,FedHAD,FashionMNIST,0.05,0.01,57,10,5,160.58,1 x NVIDIA A40,AMD EPYC 9354P 32-Core Processor,test3_comunicacao,results/main_campaign_default_alpha_0_01/FedHAD-results/test3_comunicacao/FashionMNIST-Standard/FedHAD__FashionMNIST__Mode-STANDARD__Cfg-E1L1F1__Setup-5__Clients-5__Rounds-10__Delay-0_05__Alpha-0_01__Seed-57.txt
alpha-0_01 folder,FedHAD,FashionMNIST,0.05,0.01,58,10,5,106.82,1 x NVIDIA A40,AMD EPYC 9354P 32-Core Processor,test3_comunicacao,results/main_campaign_default_alpha_0_01/FedHAD-results/test3_comunicacao/FashionMNIST-Standard/FedHAD__FashionMNIST__Mode-STANDARD__Cfg-E1L1F1__Setup-5__Clients-5__Rounds-10__Delay-0_05__Alpha-0_01__Seed-58.txt
alpha-0_01 folder,FedHAD,FashionMNIST,0.05,0.01,59,10,5,159.18,1 x NVIDIA A40,AMD EPYC 9354P 32-Core Processor,test3_comunicacao,results/main_campaign_default_alpha_0_01/FedHAD-results/test3_comunicacao/FashionMNIST-Standard/FedHAD__FashionMNIST__Mode-STANDARD__Cfg-E1L1F1__Setup-5__Clients-5__Rounds-10__Delay-0_05__Alpha-0_01__Seed-59.txt
alpha-0_01 folder,FedHAD,FashionMNIST,0.05,0.01,60,10,5,154.25,1 x NVIDIA A40,AMD EPYC 9354P 32-Core Processor,test3_comunicacao,results/main_campaign_default_alpha_0_01/FedHAD-results/test3_comunicacao/FashionMNIST-Standard/FedHAD__FashionMNIST__Mode-STANDARD__Cfg-E1L1F1__Setup-5__Clients-5__Rounds-10__Delay-0_05__Alpha-0_01__Seed-60.txt
alpha-0_01 folder,FedHAD,FashionMNIST,0.05,0.01,61,10,5,156.02,1 x NVIDIA A40,AMD EPYC 9354P 32-Core Processor,test3_comunicacao,results/main_campaign_default_alpha_0_01/FedHAD-results/test3_comunicacao/FashionMNIST-Standard/FedHAD__FashionMNIST__Mode-STANDARD__Cfg-E1L1F1__Setup-5__Clients-5__Rounds-10__Delay-0_05__Alpha-0_01__Seed-61.txt
alpha-0_01 folder,FedHAD,FashionMNIST,0.05,0.01,62,10,5,162.07,1 x NVIDIA A40,AMD EPYC 9354P 32-Core Processor,test3_comunicacao,results/main_campaign_default_alpha_0_01/FedHAD-results/test3_comunicacao/FashionMNIST-Standard/FedHAD__FashionMNIST__Mode-STANDARD__Cfg-E1L1F1__Setup-5__Clients-5__Rounds-10__Delay-0_05__Alpha-0_01__Seed-62.txt
alpha-0_01 folder,FedHAD,FashionMNIST,0.05,0.01,63,10,5,130.77,1 x NVIDIA A40,AMD EPYC 9354P 32-Core Processor,test3_comunicacao,results/main_campaign_default_alpha_0_01/FedHAD-results/test3_comunicacao/FashionMNIST-Standard/FedHAD__FashionMNIST__Mode-STANDARD__Cfg-E1L1F1__Setup-5__Clients-5__Rounds-10__Delay-0_05__Alpha-0_01__Seed-63.txt
alpha-0_01 folder,FedHAD,FashionMNIST,0.05,0.01,64,10,5,106.45,1 x NVIDIA A40,AMD EPYC 9354P 32-Core Processor,test3_comunicacao,results/main_campaign_default_alpha_0_01/FedHAD-results/test3_comunicacao/FashionMNIST-Standard/FedHAD__FashionMNIST__Mode-STANDARD__Cfg-E1L1F1__Setup-5__Clients-5__Rounds-10__Delay-0_05__Alpha-0_01__Seed-64.txt
alpha-0_01 folder,FedHAD,FashionMNIST,0.05,0.01,65,10,5,151.69,1 x NVIDIA A40,AMD EPYC 9354P 32-Core Processor,test3_comunicacao,results/main_campaign_default_alpha_0_01/FedHAD-results/test3_comunicacao/FashionMNIST-Standard/FedHAD__FashionMNIST__Mode-STANDARD__Cfg-E1L1F1__Setup-5__Clients-5__Rounds-10__Delay-0_05__Alpha-0_01__Seed-65.txt
alpha-0_01 folder,FedHAD,FashionMNIST,0.05,0.01,66,10,5,156.85,1 x NVIDIA A40,AMD EPYC 9354P 32-Core Processor,test3_comunicacao,results/main_campaign_default_alpha_0_01/FedHAD-results/test3_comunicacao/FashionMNIST-Standard/FedHAD__FashionMNIST__Mode-STANDARD__Cfg-E1L1F1__Setup-5__Clients-5__Rounds-10__Delay-0_05__Alpha-0_01__Seed-66.txt
alpha-0_01 folder,FedHAD,FashionMNIST,0.05,0.01,67,10,5,188.86,1 x NVIDIA A40,AMD EPYC 9354P 32-Core Processor,test3_comunicacao,results/main_campaign_default_alpha_0_01/FedHAD-results/test3_comunicacao/FashionMNIST-Standard/FedHAD__FashionMNIST__Mode-STANDARD__Cfg-E1L1F1__Setup-5__Clients-5__Rounds-10__Delay-0_05__Alpha-0_01__Seed-67.txt
alpha-0_01 folder,FedHAD,FashionMNIST,0.05,0.01,68,10,5,106.70,1 x NVIDIA A40,AMD EPYC 9354P 32-Core Processor,test3_comunicacao,results/main_campaign_default_alpha_0_01/FedHAD-results/test3_comunicacao/FashionMNIST-Standard/FedHAD__FashionMNIST__Mode-STANDARD__Cfg-E1L1F1__Setup-5__Clients-5__Rounds-10__Delay-0_05__Alpha-0_01__Seed-68.txt
alpha-0_01 folder,FedHAD,FashionMNIST,0.05,0.01,69,10,5,165.94,1 x NVIDIA A40,AMD EPYC 9354P 32-Core Processor,test3_comunicacao,results/main_campaign_default_alpha_0_01/FedHAD-results/test3_comunicacao/FashionMNIST-Standard/FedHAD__FashionMNIST__Mode-STANDARD__Cfg-E1L1F1__Setup-5__Clients-5__Rounds-10__Delay-0_05__Alpha-0_01__Seed-69.txt
alpha-0_01 folder,FedHAD,FashionMNIST,0.05,0.01,70,10,5,128.04,1 x NVIDIA A40,AMD EPYC 9354P 32-Core Processor,test3_comunicacao,results/main_campaign_default_alpha_0_01/FedHAD-results/test3_comunicacao/FashionMNIST-Standard/FedHAD__FashionMNIST__Mode-STANDARD__Cfg-E1L1F1__Setup-5__Clients-5__Rounds-10__Delay-0_05__Alpha-0_01__Seed-70.txt
alpha-0_01 folder,FedHAD,FashionMNIST,0.05,0.01,71,10,5,159.78,1 x NVIDIA A40,AMD EPYC 9354P 32-Core Processor,test3_comunicacao,results/main_campaign_default_alpha_0_01/FedHAD-results/test3_comunicacao/FashionMNIST-Standard/FedHAD__FashionMNIST__Mode-STANDARD__Cfg-E1L1F1__Setup-5__Clients-5__Rounds-10__Delay-0_05__Alpha-0_01__Seed-71.txt
alpha-0_01 folder,FedHAD,FashionMNIST,0.1,0.01,42,10,5,138.32,1 x NVIDIA A40,AMD EPYC 9354P 32-Core Processor,test3_comunicacao,results/main_campaign_default_alpha_0_01/FedHAD-results/test3_comunicacao/FashionMNIST-Standard/FedHAD__FashionMNIST__Mode-STANDARD__Cfg-E1L1F1__Setup-5__Clients-5__Rounds-10__Delay-0_1__Alpha-0_01__Seed-42.txt
alpha-0_01 folder,FedHAD,FashionMNIST,0.1,0.01,43,10,5,150.06,1 x NVIDIA A40,AMD EPYC 9354P 32-Core Processor,test3_comunicacao,results/main_campaign_default_alpha_0_01/FedHAD-results/test3_comunicacao/FashionMNIST-Standard/FedHAD__FashionMNIST__Mode-STANDARD__Cfg-E1L1F1__Setup-5__Clients-5__Rounds-10__Delay-0_1__Alpha-0_01__Seed-43.txt
alpha-0_01 folder,FedHAD,FashionMNIST,0.1,0.01,44,10,5,144.94,1 x NVIDIA A40,AMD EPYC 9354P 32-Core Processor,test3_comunicacao,results/main_campaign_default_alpha_0_01/FedHAD-results/test3_comunicacao/FashionMNIST-Standard/FedHAD__FashionMNIST__Mode-STANDARD__Cfg-E1L1F1__Setup-5__Clients-5__Rounds-10__Delay-0_1__Alpha-0_01__Seed-44.txt
alpha-0_01 folder,FedHAD,FashionMNIST,0.1,0.01,45,10,5,135.99,1 x NVIDIA A40,AMD EPYC 9354P 32-Core Processor,test3_comunicacao,results/main_campaign_default_alpha_0_01/FedHAD-results/test3_comunicacao/FashionMNIST-Standard/FedHAD__FashionMNIST__Mode-STANDARD__Cfg-E1L1F1__Setup-5__Clients-5__Rounds-10__Delay-0_1__Alpha-0_01__Seed-45.txt
alpha-0_01 folder,FedHAD,FashionMNIST,0.1,0.01,46,10,5,189.11,1 x NVIDIA A40,AMD EPYC 9354P 32-Core Processor,test3_comunicacao,results/main_campaign_default_alpha_0_01/FedHAD-results/test3_comunicacao/FashionMNIST-Standard/FedHAD__FashionMNIST__Mode-STANDARD__Cfg-E1L1F1__Setup-5__Clients-5__Rounds-10__Delay-0_1__Alpha-0_01__Seed-46.txt
alpha-0_01 folder,FedHAD,FashionMNIST,0.1,0.01,47,10,5,161.18,1 x NVIDIA A40,AMD EPYC 9354P 32-Core Processor,test3_comunicacao,results/main_campaign_default_alpha_0_01/FedHAD-results/test3_comunicacao/FashionMNIST-Standard/FedHAD__FashionMNIST__Mode-STANDARD__Cfg-E1L1F1__Setup-5__Clients-5__Rounds-10__Delay-0_1__Alpha-0_01__Seed-47.txt
alpha-0_01 folder,FedHAD,FashionMNIST,0.1,0.01,48,10,5,111.88,1 x NVIDIA A40,AMD EPYC 9354P 32-Core Processor,test3_comunicacao,results/main_campaign_default_alpha_0_01/FedHAD-results/test3_comunicacao/FashionMNIST-Standard/FedHAD__FashionMNIST__Mode-STANDARD__Cfg-E1L1F1__Setup-5__Clients-5__Rounds-10__Delay-0_1__Alpha-0_01__Seed-48.txt
alpha-0_01 folder,FedHAD,FashionMNIST,0.1,0.01,49,10,5,139.47,1 x NVIDIA A40,AMD EPYC 9354P 32-Core Processor,test3_comunicacao,results/main_campaign_default_alpha_0_01/FedHAD-results/test3_comunicacao/FashionMNIST-Standard/FedHAD__FashionMNIST__Mode-STANDARD__Cfg-E1L1F1__Setup-5__Clients-5__Rounds-10__Delay-0_1__Alpha-0_01__Seed-49.txt
alpha-0_01 folder,FedHAD,FashionMNIST,0.1,0.01,50,10,5,185.14,1 x NVIDIA A40,AMD EPYC 9354P 32-Core Processor,test3_comunicacao,results/main_campaign_default_alpha_0_01/FedHAD-results/test3_comunicacao/FashionMNIST-Standard/FedHAD__FashionMNIST__Mode-STANDARD__Cfg-E1L1F1__Setup-5__Clients-5__Rounds-10__Delay-0_1__Alpha-0_01__Seed-50.txt
alpha-0_01 folder,FedHAD,FashionMNIST,0.1,0.01,51,10,5,159.59,1 x NVIDIA A40,AMD EPYC 9354P 32-Core Processor,test3_comunicacao,results/main_campaign_default_alpha_0_01/FedHAD-results/test3_comunicacao/FashionMNIST-Standard/FedHAD__FashionMNIST__Mode-STANDARD__Cfg-E1L1F1__Setup-5__Clients-5__Rounds-10__Delay-0_1__Alpha-0_01__Seed-51.txt
alpha-0_01 folder,FedHAD,FashionMNIST,0.1,0.01,52,10,5,161.86,1 x NVIDIA A40,AMD EPYC 9354P 32-Core Processor,test3_comunicacao,results/main_campaign_default_alpha_0_01/FedHAD-results/test3_comunicacao/FashionMNIST-Standard/FedHAD__FashionMNIST__Mode-STANDARD__Cfg-E1L1F1__Setup-5__Clients-5__Rounds-10__Delay-0_1__Alpha-0_01__Seed-52.txt
alpha-0_01 folder,FedHAD,FashionMNIST,0.1,0.01,53,10,5,132.34,1 x NVIDIA A40,AMD EPYC 9354P 32-Core Processor,test3_comunicacao,results/main_campaign_default_alpha_0_01/FedHAD-results/test3_comunicacao/FashionMNIST-Standard/FedHAD__FashionMNIST__Mode-STANDARD__Cfg-E1L1F1__Setup-5__Clients-5__Rounds-10__Delay-0_1__Alpha-0_01__Seed-53.txt
alpha-0_01 folder,FedHAD,FashionMNIST,0.1,0.01,54,10,5,141.56,1 x NVIDIA A40,AMD EPYC 9354P 32-Core Processor,test3_comunicacao,results/main_campaign_default_alpha_0_01/FedHAD-results/test3_comunicacao/FashionMNIST-Standard/FedHAD__FashionMNIST__Mode-STANDARD__Cfg-E1L1F1__Setup-5__Clients-5__Rounds-10__Delay-0_1__Alpha-0_01__Seed-54.txt
alpha-0_01 folder,FedHAD,FashionMNIST,0.1,0.01,55,10,5,165.70,1 x NVIDIA A40,AMD EPYC 9354P 32-Core Processor,test3_comunicacao,results/main_campaign_default_alpha_0_01/FedHAD-results/test3_comunicacao/FashionMNIST-Standard/FedHAD__FashionMNIST__Mode-STANDARD__Cfg-E1L1F1__Setup-5__Clients-5__Rounds-10__Delay-0_1__Alpha-0_01__Seed-55.txt
alpha-0_01 folder,FedHAD,FashionMNIST,0.1,0.01,56,10,5,108.06,1 x NVIDIA A40,AMD EPYC 9354P 32-Core Processor,test3_comunicacao,results/main_campaign_default_alpha_0_01/FedHAD-results/test3_comunicacao/FashionMNIST-Standard/FedHAD__FashionMNIST__Mode-STANDARD__Cfg-E1L1F1__Setup-5__Clients-5__Rounds-10__Delay-0_1__Alpha-0_01__Seed-56.txt
alpha-0_01 folder,FedHAD,FashionMNIST,0.1,0.01,57,10,5,160.01,1 x NVIDIA A40,AMD EPYC 9354P 32-Core Processor,test3_comunicacao,results/main_campaign_default_alpha_0_01/FedHAD-results/test3_comunicacao/FashionMNIST-Standard/FedHAD__FashionMNIST__Mode-STANDARD__Cfg-E1L1F1__Setup-5__Clients-5__Rounds-10__Delay-0_1__Alpha-0_01__Seed-57.txt
alpha-0_01 folder,FedHAD,FashionMNIST,0.1,0.01,58,10,5,107.50,1 x NVIDIA A40,AMD EPYC 9354P 32-Core Processor,test3_comunicacao,results/main_campaign_default_alpha_0_01/FedHAD-results/test3_comunicacao/FashionMNIST-Standard/FedHAD__FashionMNIST__Mode-STANDARD__Cfg-E1L1F1__Setup-5__Clients-5__Rounds-10__Delay-0_1__Alpha-0_01__Seed-58.txt
alpha-0_01 folder,FedHAD,FashionMNIST,0.1,0.01,59,10,5,158.31,1 x NVIDIA A40,AMD EPYC 9354P 32-Core Processor,test3_comunicacao,results/main_campaign_default_alpha_0_01/FedHAD-results/test3_comunicacao/FashionMNIST-Standard/FedHAD__FashionMNIST__Mode-STANDARD__Cfg-E1L1F1__Setup-5__Clients-5__Rounds-10__Delay-0_1__Alpha-0_01__Seed-59.txt
alpha-0_01 folder,FedHAD,FashionMNIST,0.1,0.01,60,10,5,155.13,1 x NVIDIA A40,AMD EPYC 9354P 32-Core Processor,test3_comunicacao,results/main_campaign_default_alpha_0_01/FedHAD-results/test3_comunicacao/FashionMNIST-Standard/FedHAD__FashionMNIST__Mode-STANDARD__Cfg-E1L1F1__Setup-5__Clients-5__Rounds-10__Delay-0_1__Alpha-0_01__Seed-60.txt
alpha-0_01 folder,FedHAD,FashionMNIST,0.1,0.01,61,10,5,158.03,1 x NVIDIA A40,AMD EPYC 9354P 32-Core Processor,test3_comunicacao,results/main_campaign_default_alpha_0_01/FedHAD-results/test3_comunicacao/FashionMNIST-Standard/FedHAD__FashionMNIST__Mode-STANDARD__Cfg-E1L1F1__Setup-5__Clients-5__Rounds-10__Delay-0_1__Alpha-0_01__Seed-61.txt
alpha-0_01 folder,FedHAD,FashionMNIST,0.1,0.01,62,10,5,162.89,1 x NVIDIA A40,AMD EPYC 9354P 32-Core Processor,test3_comunicacao,results/main_campaign_default_alpha_0_01/FedHAD-results/test3_comunicacao/FashionMNIST-Standard/FedHAD__FashionMNIST__Mode-STANDARD__Cfg-E1L1F1__Setup-5__Clients-5__Rounds-10__Delay-0_1__Alpha-0_01__Seed-62.txt
alpha-0_01 folder,FedHAD,FashionMNIST,0.1,0.01,63,10,5,132.93,1 x NVIDIA A40,AMD EPYC 9354P 32-Core Processor,test3_comunicacao,results/main_campaign_default_alpha_0_01/FedHAD-results/test3_comunicacao/FashionMNIST-Standard/FedHAD__FashionMNIST__Mode-STANDARD__Cfg-E1L1F1__Setup-5__Clients-5__Rounds-10__Delay-0_1__Alpha-0_01__Seed-63.txt
alpha-0_01 folder,FedHAD,FashionMNIST,0.1,0.01,64,10,5,107.68,1 x NVIDIA A40,AMD EPYC 9354P 32-Core Processor,test3_comunicacao,results/main_campaign_default_alpha_0_01/FedHAD-results/test3_comunicacao/FashionMNIST-Standard/FedHAD__FashionMNIST__Mode-STANDARD__Cfg-E1L1F1__Setup-5__Clients-5__Rounds-10__Delay-0_1__Alpha-0_01__Seed-64.txt
alpha-0_01 folder,FedHAD,FashionMNIST,0.1,0.01,65,10,5,151.96,1 x NVIDIA A40,AMD EPYC 9354P 32-Core Processor,test3_comunicacao,results/main_campaign_default_alpha_0_01/FedHAD-results/test3_comunicacao/FashionMNIST-Standard/FedHAD__FashionMNIST__Mode-STANDARD__Cfg-E1L1F1__Setup-5__Clients-5__Rounds-10__Delay-0_1__Alpha-0_01__Seed-65.txt
alpha-0_01 folder,FedHAD,FashionMNIST,0.1,0.01,66,10,5,157.81,1 x NVIDIA A40,AMD EPYC 9354P 32-Core Processor,test3_comunicacao,results/main_campaign_default_alpha_0_01/FedHAD-results/test3_comunicacao/FashionMNIST-Standard/FedHAD__FashionMNIST__Mode-STANDARD__Cfg-E1L1F1__Setup-5__Clients-5__Rounds-10__Delay-0_1__Alpha-0_01__Seed-66.txt
alpha-0_01 folder,FedHAD,FashionMNIST,0.1,0.01,67,10,5,188.89,1 x NVIDIA A40,AMD EPYC 9354P 32-Core Processor,test3_comunicacao,results/main_campaign_default_alpha_0_01/FedHAD-results/test3_comunicacao/FashionMNIST-Standard/FedHAD__FashionMNIST__Mode-STANDARD__Cfg-E1L1F1__Setup-5__Clients-5__Rounds-10__Delay-0_1__Alpha-0_01__Seed-67.txt
alpha-0_01 folder,FedHAD,FashionMNIST,0.1,0.01,68,10,5,107.69,1 x NVIDIA A40,AMD EPYC 9354P 32-Core Processor,test3_comunicacao,results/main_campaign_default_alpha_0_01/FedHAD-results/test3_comunicacao/FashionMNIST-Standard/FedHAD__FashionMNIST__Mode-STANDARD__Cfg-E1L1F1__Setup-5__Clients-5__Rounds-10__Delay-0_1__Alpha-0_01__Seed-68.txt
alpha-0_01 folder,FedHAD,FashionMNIST,0.1,0.01,69,10,5,166.31,1 x NVIDIA A40,AMD EPYC 9354P 32-Core Processor,test3_comunicacao,results/main_campaign_default_alpha_0_01/FedHAD-results/test3_comunicacao/FashionMNIST-Standard/FedHAD__FashionMNIST__Mode-STANDARD__Cfg-E1L1F1__Setup-5__Clients-5__Rounds-10__Delay-0_1__Alpha-0_01__Seed-69.txt
alpha-0_01 folder,FedHAD,FashionMNIST,0.1,0.01,70,10,5,129.41,1 x NVIDIA A40,AMD EPYC 9354P 32-Core Processor,test3_comunicacao,results/main_campaign_default_alpha_0_01/FedHAD-results/test3_comunicacao/FashionMNIST-Standard/FedHAD__FashionMNIST__Mode-STANDARD__Cfg-E1L1F1__Setup-5__Clients-5__Rounds-10__Delay-0_1__Alpha-0_01__Seed-70.txt
alpha-0_01 folder,FedHAD,FashionMNIST,0.1,0.01,71,10,5,160.20,1 x NVIDIA A40,AMD EPYC 9354P 32-Core Processor,test3_comunicacao,results/main_campaign_default_alpha_0_01/FedHAD-results/test3_comunicacao/FashionMNIST-Standard/FedHAD__FashionMNIST__Mode-STANDARD__Cfg-E1L1F1__Setup-5__Clients-5__Rounds-10__Delay-0_1__Alpha-0_01__Seed-71.txt
alpha-0_01 folder,FedHAD,FashionMNIST,0.5,0.01,42,10,5,145.34,1 x NVIDIA A40,AMD EPYC 9354P 32-Core Processor,test3_comunicacao,results/main_campaign_default_alpha_0_01/FedHAD-results/test3_comunicacao/FashionMNIST-Standard/FedHAD__FashionMNIST__Mode-STANDARD__Cfg-E1L1F1__Setup-5__Clients-5__Rounds-10__Delay-0_5__Alpha-0_01__Seed-42.txt
alpha-0_01 folder,FedHAD,FashionMNIST,0.5,0.01,43,10,5,159.48,1 x NVIDIA A40,AMD EPYC 9354P 32-Core Processor,test3_comunicacao,results/main_campaign_default_alpha_0_01/FedHAD-results/test3_comunicacao/FashionMNIST-Standard/FedHAD__FashionMNIST__Mode-STANDARD__Cfg-E1L1F1__Setup-5__Clients-5__Rounds-10__Delay-0_5__Alpha-0_01__Seed-43.txt
alpha-0_01 folder,FedHAD,FashionMNIST,0.5,0.01,44,10,5,152.28,1 x NVIDIA A40,AMD EPYC 9354P 32-Core Processor,test3_comunicacao,results/main_campaign_default_alpha_0_01/FedHAD-results/test3_comunicacao/FashionMNIST-Standard/FedHAD__FashionMNIST__Mode-STANDARD__Cfg-E1L1F1__Setup-5__Clients-5__Rounds-10__Delay-0_5__Alpha-0_01__Seed-44.txt
alpha-0_01 folder,FedHAD,FashionMNIST,0.5,0.01,45,10,5,144.45,1 x NVIDIA A40,AMD EPYC 9354P 32-Core Processor,test3_comunicacao,results/main_campaign_default_alpha_0_01/FedHAD-results/test3_comunicacao/FashionMNIST-Standard/FedHAD__FashionMNIST__Mode-STANDARD__Cfg-E1L1F1__Setup-5__Clients-5__Rounds-10__Delay-0_5__Alpha-0_01__Seed-45.txt
alpha-0_01 folder,FedHAD,FashionMNIST,0.5,0.01,46,10,5,197.84,1 x NVIDIA A40,AMD EPYC 9354P 32-Core Processor,test3_comunicacao,results/main_campaign_default_alpha_0_01/FedHAD-results/test3_comunicacao/FashionMNIST-Standard/FedHAD__FashionMNIST__Mode-STANDARD__Cfg-E1L1F1__Setup-5__Clients-5__Rounds-10__Delay-0_5__Alpha-0_01__Seed-46.txt
alpha-0_01 folder,FedHAD,FashionMNIST,0.5,0.01,47,10,5,169.96,1 x NVIDIA A40,AMD EPYC 9354P 32-Core Processor,test3_comunicacao,results/main_campaign_default_alpha_0_01/FedHAD-results/test3_comunicacao/FashionMNIST-Standard/FedHAD__FashionMNIST__Mode-STANDARD__Cfg-E1L1F1__Setup-5__Clients-5__Rounds-10__Delay-0_5__Alpha-0_01__Seed-47.txt
alpha-0_01 folder,FedHAD,FashionMNIST,0.5,0.01,48,10,5,120.02,1 x NVIDIA A40,AMD EPYC 9354P 32-Core Processor,test3_comunicacao,results/main_campaign_default_alpha_0_01/FedHAD-results/test3_comunicacao/FashionMNIST-Standard/FedHAD__FashionMNIST__Mode-STANDARD__Cfg-E1L1F1__Setup-5__Clients-5__Rounds-10__Delay-0_5__Alpha-0_01__Seed-48.txt
alpha-0_01 folder,FedHAD,FashionMNIST,0.5,0.01,49,10,5,147.47,1 x NVIDIA A40,AMD EPYC 9354P 32-Core Processor,test3_comunicacao,results/main_campaign_default_alpha_0_01/FedHAD-results/test3_comunicacao/FashionMNIST-Standard/FedHAD__FashionMNIST__Mode-STANDARD__Cfg-E1L1F1__Setup-5__Clients-5__Rounds-10__Delay-0_5__Alpha-0_01__Seed-49.txt
alpha-0_01 folder,FedHAD,FashionMNIST,0.5,0.01,50,10,5,194.81,1 x NVIDIA A40,AMD EPYC 9354P 32-Core Processor,test3_comunicacao,results/main_campaign_default_alpha_0_01/FedHAD-results/test3_comunicacao/FashionMNIST-Standard/FedHAD__FashionMNIST__Mode-STANDARD__Cfg-E1L1F1__Setup-5__Clients-5__Rounds-10__Delay-0_5__Alpha-0_01__Seed-50.txt
alpha-0_01 folder,FedHAD,FashionMNIST,0.5,0.01,51,10,5,168.07,1 x NVIDIA A40,AMD EPYC 9354P 32-Core Processor,test3_comunicacao,results/main_campaign_default_alpha_0_01/FedHAD-results/test3_comunicacao/FashionMNIST-Standard/FedHAD__FashionMNIST__Mode-STANDARD__Cfg-E1L1F1__Setup-5__Clients-5__Rounds-10__Delay-0_5__Alpha-0_01__Seed-51.txt
alpha-0_01 folder,FedHAD,FashionMNIST,0.5,0.01,52,10,5,169.91,1 x NVIDIA A40,AMD EPYC 9354P 32-Core Processor,test3_comunicacao,results/main_campaign_default_alpha_0_01/FedHAD-results/test3_comunicacao/FashionMNIST-Standard/FedHAD__FashionMNIST__Mode-STANDARD__Cfg-E1L1F1__Setup-5__Clients-5__Rounds-10__Delay-0_5__Alpha-0_01__Seed-52.txt
alpha-0_01 folder,FedHAD,FashionMNIST,0.5,0.01,53,10,5,141.07,1 x NVIDIA A40,AMD EPYC 9354P 32-Core Processor,test3_comunicacao,results/main_campaign_default_alpha_0_01/FedHAD-results/test3_comunicacao/FashionMNIST-Standard/FedHAD__FashionMNIST__Mode-STANDARD__Cfg-E1L1F1__Setup-5__Clients-5__Rounds-10__Delay-0_5__Alpha-0_01__Seed-53.txt
alpha-0_01 folder,FedHAD,FashionMNIST,0.5,0.01,54,10,5,149.68,1 x NVIDIA A40,AMD EPYC 9354P 32-Core Processor,test3_comunicacao,results/main_campaign_default_alpha_0_01/FedHAD-results/test3_comunicacao/FashionMNIST-Standard/FedHAD__FashionMNIST__Mode-STANDARD__Cfg-E1L1F1__Setup-5__Clients-5__Rounds-10__Delay-0_5__Alpha-0_01__Seed-54.txt
alpha-0_01 folder,FedHAD,FashionMNIST,0.5,0.01,55,10,5,175.70,1 x NVIDIA A40,AMD EPYC 9354P 32-Core Processor,test3_comunicacao,results/main_campaign_default_alpha_0_01/FedHAD-results/test3_comunicacao/FashionMNIST-Standard/FedHAD__FashionMNIST__Mode-STANDARD__Cfg-E1L1F1__Setup-5__Clients-5__Rounds-10__Delay-0_5__Alpha-0_01__Seed-55.txt
alpha-0_01 folder,FedHAD,FashionMNIST,0.5,0.01,56,10,5,117.03,1 x NVIDIA A40,AMD EPYC 9354P 32-Core Processor,test3_comunicacao,results/main_campaign_default_alpha_0_01/FedHAD-results/test3_comunicacao/FashionMNIST-Standard/FedHAD__FashionMNIST__Mode-STANDARD__Cfg-E1L1F1__Setup-5__Clients-5__Rounds-10__Delay-0_5__Alpha-0_01__Seed-56.txt
alpha-0_01 folder,FedHAD,FashionMNIST,0.5,0.01,57,10,5,168.97,1 x NVIDIA A40,AMD EPYC 9354P 32-Core Processor,test3_comunicacao,results/main_campaign_default_alpha_0_01/FedHAD-results/test3_comunicacao/FashionMNIST-Standard/FedHAD__FashionMNIST__Mode-STANDARD__Cfg-E1L1F1__Setup-5__Clients-5__Rounds-10__Delay-0_5__Alpha-0_01__Seed-57.txt
alpha-0_01 folder,FedHAD,FashionMNIST,0.5,0.01,58,10,5,116.32,1 x NVIDIA A40,AMD EPYC 9354P 32-Core Processor,test3_comunicacao,results/main_campaign_default_alpha_0_01/FedHAD-results/test3_comunicacao/FashionMNIST-Standard/FedHAD__FashionMNIST__Mode-STANDARD__Cfg-E1L1F1__Setup-5__Clients-5__Rounds-10__Delay-0_5__Alpha-0_01__Seed-58.txt
alpha-0_01 folder,FedHAD,FashionMNIST,0.5,0.01,59,10,5,166.95,1 x NVIDIA A40,AMD EPYC 9354P 32-Core Processor,test3_comunicacao,results/main_campaign_default_alpha_0_01/FedHAD-results/test3_comunicacao/FashionMNIST-Standard/FedHAD__FashionMNIST__Mode-STANDARD__Cfg-E1L1F1__Setup-5__Clients-5__Rounds-10__Delay-0_5__Alpha-0_01__Seed-59.txt
alpha-0_01 folder,FedHAD,FashionMNIST,0.5,0.01,60,10,5,163.72,1 x NVIDIA A40,AMD EPYC 9354P 32-Core Processor,test3_comunicacao,results/main_campaign_default_alpha_0_01/FedHAD-results/test3_comunicacao/FashionMNIST-Standard/FedHAD__FashionMNIST__Mode-STANDARD__Cfg-E1L1F1__Setup-5__Clients-5__Rounds-10__Delay-0_5__Alpha-0_01__Seed-60.txt
alpha-0_01 folder,FedHAD,FashionMNIST,0.5,0.01,61,10,5,166.28,1 x NVIDIA A40,AMD EPYC 9354P 32-Core Processor,test3_comunicacao,results/main_campaign_default_alpha_0_01/FedHAD-results/test3_comunicacao/FashionMNIST-Standard/FedHAD__FashionMNIST__Mode-STANDARD__Cfg-E1L1F1__Setup-5__Clients-5__Rounds-10__Delay-0_5__Alpha-0_01__Seed-61.txt
alpha-0_01 folder,FedHAD,FashionMNIST,0.5,0.01,62,10,5,171.01,1 x NVIDIA A40,AMD EPYC 9354P 32-Core Processor,test3_comunicacao,results/main_campaign_default_alpha_0_01/FedHAD-results/test3_comunicacao/FashionMNIST-Standard/FedHAD__FashionMNIST__Mode-STANDARD__Cfg-E1L1F1__Setup-5__Clients-5__Rounds-10__Delay-0_5__Alpha-0_01__Seed-62.txt
alpha-0_01 folder,FedHAD,FashionMNIST,0.5,0.01,63,10,5,140.96,1 x NVIDIA A40,AMD EPYC 9354P 32-Core Processor,test3_comunicacao,results/main_campaign_default_alpha_0_01/FedHAD-results/test3_comunicacao/FashionMNIST-Standard/FedHAD__FashionMNIST__Mode-STANDARD__Cfg-E1L1F1__Setup-5__Clients-5__Rounds-10__Delay-0_5__Alpha-0_01__Seed-63.txt
alpha-0_01 folder,FedHAD,FashionMNIST,0.5,0.01,64,10,5,115.59,1 x NVIDIA A40,AMD EPYC 9354P 32-Core Processor,test3_comunicacao,results/main_campaign_default_alpha_0_01/FedHAD-results/test3_comunicacao/FashionMNIST-Standard/FedHAD__FashionMNIST__Mode-STANDARD__Cfg-E1L1F1__Setup-5__Clients-5__Rounds-10__Delay-0_5__Alpha-0_01__Seed-64.txt
alpha-0_01 folder,FedHAD,FashionMNIST,0.5,0.01,65,10,5,160.40,1 x NVIDIA A40,AMD EPYC 9354P 32-Core Processor,test3_comunicacao,results/main_campaign_default_alpha_0_01/FedHAD-results/test3_comunicacao/FashionMNIST-Standard/FedHAD__FashionMNIST__Mode-STANDARD__Cfg-E1L1F1__Setup-5__Clients-5__Rounds-10__Delay-0_5__Alpha-0_01__Seed-65.txt
alpha-0_01 folder,FedHAD,FashionMNIST,0.5,0.01,66,10,5,166.49,1 x NVIDIA A40,AMD EPYC 9354P 32-Core Processor,test3_comunicacao,results/main_campaign_default_alpha_0_01/FedHAD-results/test3_comunicacao/FashionMNIST-Standard/FedHAD__FashionMNIST__Mode-STANDARD__Cfg-E1L1F1__Setup-5__Clients-5__Rounds-10__Delay-0_5__Alpha-0_01__Seed-66.txt
alpha-0_01 folder,FedHAD,FashionMNIST,0.5,0.01,67,10,5,197.99,1 x NVIDIA A40,AMD EPYC 9354P 32-Core Processor,test3_comunicacao,results/main_campaign_default_alpha_0_01/FedHAD-results/test3_comunicacao/FashionMNIST-Standard/FedHAD__FashionMNIST__Mode-STANDARD__Cfg-E1L1F1__Setup-5__Clients-5__Rounds-10__Delay-0_5__Alpha-0_01__Seed-67.txt
alpha-0_01 folder,FedHAD,FashionMNIST,0.5,0.01,68,10,5,116.01,1 x NVIDIA A40,AMD EPYC 9354P 32-Core Processor,test3_comunicacao,results/main_campaign_default_alpha_0_01/FedHAD-results/test3_comunicacao/FashionMNIST-Standard/FedHAD__FashionMNIST__Mode-STANDARD__Cfg-E1L1F1__Setup-5__Clients-5__Rounds-10__Delay-0_5__Alpha-0_01__Seed-68.txt
alpha-0_01 folder,FedHAD,FashionMNIST,0.5,0.01,69,10,5,174.97,1 x NVIDIA A40,AMD EPYC 9354P 32-Core Processor,test3_comunicacao,results/main_campaign_default_alpha_0_01/FedHAD-results/test3_comunicacao/FashionMNIST-Standard/FedHAD__FashionMNIST__Mode-STANDARD__Cfg-E1L1F1__Setup-5__Clients-5__Rounds-10__Delay-0_5__Alpha-0_01__Seed-69.txt
alpha-0_01 folder,FedHAD,FashionMNIST,0.5,0.01,70,10,5,137.40,1 x NVIDIA A40,AMD EPYC 9354P 32-Core Processor,test3_comunicacao,results/main_campaign_default_alpha_0_01/FedHAD-results/test3_comunicacao/FashionMNIST-Standard/FedHAD__FashionMNIST__Mode-STANDARD__Cfg-E1L1F1__Setup-5__Clients-5__Rounds-10__Delay-0_5__Alpha-0_01__Seed-70.txt
alpha-0_01 folder,FedHAD,FashionMNIST,0.5,0.01,71,10,5,169.57,1 x NVIDIA A40,AMD EPYC 9354P 32-Core Processor,test3_comunicacao,results/main_campaign_default_alpha_0_01/FedHAD-results/test3_comunicacao/FashionMNIST-Standard/FedHAD__FashionMNIST__Mode-STANDARD__Cfg-E1L1F1__Setup-5__Clients-5__Rounds-10__Delay-0_5__Alpha-0_01__Seed-71.txt
alpha-0_01 folder,FedHAD,MNIST,0.05,0.01,42,10,5,139.53,1 x NVIDIA A40,AMD EPYC 9354P 32-Core Processor,test3_comunicacao,results/main_campaign_default_alpha_0_01/FedHAD-results/test3_comunicacao/MNIST-Standard/FedHAD__MNIST__Mode-STANDARD__Cfg-E1L1F1__Setup-5__Clients-5__Rounds-10__Delay-0_05__Alpha-0_01__Seed-42.txt
alpha-0_01 folder,FedHAD,MNIST,0.05,0.01,43,10,5,146.82,1 x NVIDIA A40,AMD EPYC 9354P 32-Core Processor,test3_comunicacao,results/main_campaign_default_alpha_0_01/FedHAD-results/test3_comunicacao/MNIST-Standard/FedHAD__MNIST__Mode-STANDARD__Cfg-E1L1F1__Setup-5__Clients-5__Rounds-10__Delay-0_05__Alpha-0_01__Seed-43.txt
alpha-0_01 folder,FedHAD,MNIST,0.05,0.01,44,10,5,142.63,1 x NVIDIA A40,AMD EPYC 9354P 32-Core Processor,test3_comunicacao,results/main_campaign_default_alpha_0_01/FedHAD-results/test3_comunicacao/MNIST-Standard/FedHAD__MNIST__Mode-STANDARD__Cfg-E1L1F1__Setup-5__Clients-5__Rounds-10__Delay-0_05__Alpha-0_01__Seed-44.txt
alpha-0_01 folder,FedHAD,MNIST,0.05,0.01,45,10,5,134.72,1 x NVIDIA A40,AMD EPYC 9354P 32-Core Processor,test3_comunicacao,results/main_campaign_default_alpha_0_01/FedHAD-results/test3_comunicacao/MNIST-Standard/FedHAD__MNIST__Mode-STANDARD__Cfg-E1L1F1__Setup-5__Clients-5__Rounds-10__Delay-0_05__Alpha-0_01__Seed-45.txt
alpha-0_01 folder,FedHAD,MNIST,0.05,0.01,46,10,5,183.26,1 x NVIDIA A40,AMD EPYC 9354P 32-Core Processor,test3_comunicacao,results/main_campaign_default_alpha_0_01/FedHAD-results/test3_comunicacao/MNIST-Standard/FedHAD__MNIST__Mode-STANDARD__Cfg-E1L1F1__Setup-5__Clients-5__Rounds-10__Delay-0_05__Alpha-0_01__Seed-46.txt
alpha-0_01 folder,FedHAD,MNIST,0.05,0.01,47,10,5,159.34,1 x NVIDIA A40,AMD EPYC 9354P 32-Core Processor,test3_comunicacao,results/main_campaign_default_alpha_0_01/FedHAD-results/test3_comunicacao/MNIST-Standard/FedHAD__MNIST__Mode-STANDARD__Cfg-E1L1F1__Setup-5__Clients-5__Rounds-10__Delay-0_05__Alpha-0_01__Seed-47.txt
alpha-0_01 folder,FedHAD,MNIST,0.05,0.01,48,10,5,110.58,1 x NVIDIA A40,AMD EPYC 9354P 32-Core Processor,test3_comunicacao,results/main_campaign_default_alpha_0_01/FedHAD-results/test3_comunicacao/MNIST-Standard/FedHAD__MNIST__Mode-STANDARD__Cfg-E1L1F1__Setup-5__Clients-5__Rounds-10__Delay-0_05__Alpha-0_01__Seed-48.txt
alpha-0_01 folder,FedHAD,MNIST,0.05,0.01,49,10,5,138.03,1 x NVIDIA A40,AMD EPYC 9354P 32-Core Processor,test3_comunicacao,results/main_campaign_default_alpha_0_01/FedHAD-results/test3_comunicacao/MNIST-Standard/FedHAD__MNIST__Mode-STANDARD__Cfg-E1L1F1__Setup-5__Clients-5__Rounds-10__Delay-0_05__Alpha-0_01__Seed-49.txt
alpha-0_01 folder,FedHAD,MNIST,0.05,0.01,50,10,5,183.24,1 x NVIDIA A40,AMD EPYC 9354P 32-Core Processor,test3_comunicacao,results/main_campaign_default_alpha_0_01/FedHAD-results/test3_comunicacao/MNIST-Standard/FedHAD__MNIST__Mode-STANDARD__Cfg-E1L1F1__Setup-5__Clients-5__Rounds-10__Delay-0_05__Alpha-0_01__Seed-50.txt
alpha-0_01 folder,FedHAD,MNIST,0.05,0.01,51,10,5,159.41,1 x NVIDIA A40,AMD EPYC 9354P 32-Core Processor,test3_comunicacao,results/main_campaign_default_alpha_0_01/FedHAD-results/test3_comunicacao/MNIST-Standard/FedHAD__MNIST__Mode-STANDARD__Cfg-E1L1F1__Setup-5__Clients-5__Rounds-10__Delay-0_05__Alpha-0_01__Seed-51.txt
alpha-0_01 folder,FedHAD,MNIST,0.05,0.01,52,10,5,159.81,1 x NVIDIA A40,AMD EPYC 9354P 32-Core Processor,test3_comunicacao,results/main_campaign_default_alpha_0_01/FedHAD-results/test3_comunicacao/MNIST-Standard/FedHAD__MNIST__Mode-STANDARD__Cfg-E1L1F1__Setup-5__Clients-5__Rounds-10__Delay-0_05__Alpha-0_01__Seed-52.txt
alpha-0_01 folder,FedHAD,MNIST,0.05,0.01,53,10,5,131.19,1 x NVIDIA A40,AMD EPYC 9354P 32-Core Processor,test3_comunicacao,results/main_campaign_default_alpha_0_01/FedHAD-results/test3_comunicacao/MNIST-Standard/FedHAD__MNIST__Mode-STANDARD__Cfg-E1L1F1__Setup-5__Clients-5__Rounds-10__Delay-0_05__Alpha-0_01__Seed-53.txt
alpha-0_01 folder,FedHAD,MNIST,0.05,0.01,54,10,5,144.04,1 x NVIDIA A40,AMD EPYC 9354P 32-Core Processor,test3_comunicacao,results/main_campaign_default_alpha_0_01/FedHAD-results/test3_comunicacao/MNIST-Standard/FedHAD__MNIST__Mode-STANDARD__Cfg-E1L1F1__Setup-5__Clients-5__Rounds-10__Delay-0_05__Alpha-0_01__Seed-54.txt
alpha-0_01 folder,FedHAD,MNIST,0.05,0.01,55,10,5,166.38,1 x NVIDIA A40,AMD EPYC 9354P 32-Core Processor,test3_comunicacao,results/main_campaign_default_alpha_0_01/FedHAD-results/test3_comunicacao/MNIST-Standard/FedHAD__MNIST__Mode-STANDARD__Cfg-E1L1F1__Setup-5__Clients-5__Rounds-10__Delay-0_05__Alpha-0_01__Seed-55.txt
alpha-0_01 folder,FedHAD,MNIST,0.05,0.01,56,10,5,104.13,1 x NVIDIA A40,AMD EPYC 9354P 32-Core Processor,test3_comunicacao,results/main_campaign_default_alpha_0_01/FedHAD-results/test3_comunicacao/MNIST-Standard/FedHAD__MNIST__Mode-STANDARD__Cfg-E1L1F1__Setup-5__Clients-5__Rounds-10__Delay-0_05__Alpha-0_01__Seed-56.txt
alpha-0_01 folder,FedHAD,MNIST,0.05,0.01,57,10,5,163.49,1 x NVIDIA A40,AMD EPYC 9354P 32-Core Processor,test3_comunicacao,results/main_campaign_default_alpha_0_01/FedHAD-results/test3_comunicacao/MNIST-Standard/FedHAD__MNIST__Mode-STANDARD__Cfg-E1L1F1__Setup-5__Clients-5__Rounds-10__Delay-0_05__Alpha-0_01__Seed-57.txt
alpha-0_01 folder,FedHAD,MNIST,0.05,0.01,58,10,5,108.44,1 x NVIDIA A40,AMD EPYC 9354P 32-Core Processor,test3_comunicacao,results/main_campaign_default_alpha_0_01/FedHAD-results/test3_comunicacao/MNIST-Standard/FedHAD__MNIST__Mode-STANDARD__Cfg-E1L1F1__Setup-5__Clients-5__Rounds-10__Delay-0_05__Alpha-0_01__Seed-58.txt
alpha-0_01 folder,FedHAD,MNIST,0.05,0.01,59,10,5,161.00,1 x NVIDIA A40,AMD EPYC 9354P 32-Core Processor,test3_comunicacao,results/main_campaign_default_alpha_0_01/FedHAD-results/test3_comunicacao/MNIST-Standard/FedHAD__MNIST__Mode-STANDARD__Cfg-E1L1F1__Setup-5__Clients-5__Rounds-10__Delay-0_05__Alpha-0_01__Seed-59.txt
alpha-0_01 folder,FedHAD,MNIST,0.05,0.01,60,10,5,151.72,1 x NVIDIA A40,AMD EPYC 9354P 32-Core Processor,test3_comunicacao,results/main_campaign_default_alpha_0_01/FedHAD-results/test3_comunicacao/MNIST-Standard/FedHAD__MNIST__Mode-STANDARD__Cfg-E1L1F1__Setup-5__Clients-5__Rounds-10__Delay-0_05__Alpha-0_01__Seed-60.txt
alpha-0_01 folder,FedHAD,MNIST,0.05,0.01,61,10,5,160.34,1 x NVIDIA A40,AMD EPYC 9354P 32-Core Processor,test3_comunicacao,results/main_campaign_default_alpha_0_01/FedHAD-results/test3_comunicacao/MNIST-Standard/FedHAD__MNIST__Mode-STANDARD__Cfg-E1L1F1__Setup-5__Clients-5__Rounds-10__Delay-0_05__Alpha-0_01__Seed-61.txt
alpha-0_01 folder,FedHAD,MNIST,0.05,0.01,62,10,5,162.80,1 x NVIDIA A40,AMD EPYC 9354P 32-Core Processor,test3_comunicacao,results/main_campaign_default_alpha_0_01/FedHAD-results/test3_comunicacao/MNIST-Standard/FedHAD__MNIST__Mode-STANDARD__Cfg-E1L1F1__Setup-5__Clients-5__Rounds-10__Delay-0_05__Alpha-0_01__Seed-62.txt
alpha-0_01 folder,FedHAD,MNIST,0.05,0.01,63,10,5,132.21,1 x NVIDIA A40,AMD EPYC 9354P 32-Core Processor,test3_comunicacao,results/main_campaign_default_alpha_0_01/FedHAD-results/test3_comunicacao/MNIST-Standard/FedHAD__MNIST__Mode-STANDARD__Cfg-E1L1F1__Setup-5__Clients-5__Rounds-10__Delay-0_05__Alpha-0_01__Seed-63.txt
alpha-0_01 folder,FedHAD,MNIST,0.05,0.01,64,10,5,106.46,1 x NVIDIA A40,AMD EPYC 9354P 32-Core Processor,test3_comunicacao,results/main_campaign_default_alpha_0_01/FedHAD-results/test3_comunicacao/MNIST-Standard/FedHAD__MNIST__Mode-STANDARD__Cfg-E1L1F1__Setup-5__Clients-5__Rounds-10__Delay-0_05__Alpha-0_01__Seed-64.txt
alpha-0_01 folder,FedHAD,MNIST,0.05,0.01,65,10,5,153.77,1 x NVIDIA A40,AMD EPYC 9354P 32-Core Processor,test3_comunicacao,results/main_campaign_default_alpha_0_01/FedHAD-results/test3_comunicacao/MNIST-Standard/FedHAD__MNIST__Mode-STANDARD__Cfg-E1L1F1__Setup-5__Clients-5__Rounds-10__Delay-0_05__Alpha-0_01__Seed-65.txt
alpha-0_01 folder,FedHAD,MNIST,0.05,0.01,66,10,5,158.24,1 x NVIDIA A40,AMD EPYC 9354P 32-Core Processor,test3_comunicacao,results/main_campaign_default_alpha_0_01/FedHAD-results/test3_comunicacao/MNIST-Standard/FedHAD__MNIST__Mode-STANDARD__Cfg-E1L1F1__Setup-5__Clients-5__Rounds-10__Delay-0_05__Alpha-0_01__Seed-66.txt
alpha-0_01 folder,FedHAD,MNIST,0.05,0.01,67,10,5,186.15,1 x NVIDIA A40,AMD EPYC 9354P 32-Core Processor,test3_comunicacao,results/main_campaign_default_alpha_0_01/FedHAD-results/test3_comunicacao/MNIST-Standard/FedHAD__MNIST__Mode-STANDARD__Cfg-E1L1F1__Setup-5__Clients-5__Rounds-10__Delay-0_05__Alpha-0_01__Seed-67.txt
alpha-0_01 folder,FedHAD,MNIST,0.05,0.01,68,10,5,105.64,1 x NVIDIA A40,AMD EPYC 9354P 32-Core Processor,test3_comunicacao,results/main_campaign_default_alpha_0_01/FedHAD-results/test3_comunicacao/MNIST-Standard/FedHAD__MNIST__Mode-STANDARD__Cfg-E1L1F1__Setup-5__Clients-5__Rounds-10__Delay-0_05__Alpha-0_01__Seed-68.txt
alpha-0_01 folder,FedHAD,MNIST,0.05,0.01,69,10,5,167.44,1 x NVIDIA A40,AMD EPYC 9354P 32-Core Processor,test3_comunicacao,results/main_campaign_default_alpha_0_01/FedHAD-results/test3_comunicacao/MNIST-Standard/FedHAD__MNIST__Mode-STANDARD__Cfg-E1L1F1__Setup-5__Clients-5__Rounds-10__Delay-0_05__Alpha-0_01__Seed-69.txt
alpha-0_01 folder,FedHAD,MNIST,0.05,0.01,70,10,5,127.46,1 x NVIDIA A40,AMD EPYC 9354P 32-Core Processor,test3_comunicacao,results/main_campaign_default_alpha_0_01/FedHAD-results/test3_comunicacao/MNIST-Standard/FedHAD__MNIST__Mode-STANDARD__Cfg-E1L1F1__Setup-5__Clients-5__Rounds-10__Delay-0_05__Alpha-0_01__Seed-70.txt
alpha-0_01 folder,FedHAD,MNIST,0.05,0.01,71,10,5,154.64,1 x NVIDIA A40,AMD EPYC 9354P 32-Core Processor,test3_comunicacao,results/main_campaign_default_alpha_0_01/FedHAD-results/test3_comunicacao/MNIST-Standard/FedHAD__MNIST__Mode-STANDARD__Cfg-E1L1F1__Setup-5__Clients-5__Rounds-10__Delay-0_05__Alpha-0_01__Seed-71.txt
alpha-0_01 folder,FedHAD,MNIST,0.1,0.01,42,10,5,139.54,1 x NVIDIA A40,AMD EPYC 9354P 32-Core Processor,test3_comunicacao,results/main_campaign_default_alpha_0_01/FedHAD-results/test3_comunicacao/MNIST-Standard/FedHAD__MNIST__Mode-STANDARD__Cfg-E1L1F1__Setup-5__Clients-5__Rounds-10__Delay-0_1__Alpha-0_01__Seed-42.txt
alpha-0_01 folder,FedHAD,MNIST,0.1,0.01,43,10,5,147.51,1 x NVIDIA A40,AMD EPYC 9354P 32-Core Processor,test3_comunicacao,results/main_campaign_default_alpha_0_01/FedHAD-results/test3_comunicacao/MNIST-Standard/FedHAD__MNIST__Mode-STANDARD__Cfg-E1L1F1__Setup-5__Clients-5__Rounds-10__Delay-0_1__Alpha-0_01__Seed-43.txt
alpha-0_01 folder,FedHAD,MNIST,0.1,0.01,44,10,5,143.18,1 x NVIDIA A40,AMD EPYC 9354P 32-Core Processor,test3_comunicacao,results/main_campaign_default_alpha_0_01/FedHAD-results/test3_comunicacao/MNIST-Standard/FedHAD__MNIST__Mode-STANDARD__Cfg-E1L1F1__Setup-5__Clients-5__Rounds-10__Delay-0_1__Alpha-0_01__Seed-44.txt
alpha-0_01 folder,FedHAD,MNIST,0.1,0.01,45,10,5,135.15,1 x NVIDIA A40,AMD EPYC 9354P 32-Core Processor,test3_comunicacao,results/main_campaign_default_alpha_0_01/FedHAD-results/test3_comunicacao/MNIST-Standard/FedHAD__MNIST__Mode-STANDARD__Cfg-E1L1F1__Setup-5__Clients-5__Rounds-10__Delay-0_1__Alpha-0_01__Seed-45.txt
alpha-0_01 folder,FedHAD,MNIST,0.1,0.01,46,10,5,183.09,1 x NVIDIA A40,AMD EPYC 9354P 32-Core Processor,test3_comunicacao,results/main_campaign_default_alpha_0_01/FedHAD-results/test3_comunicacao/MNIST-Standard/FedHAD__MNIST__Mode-STANDARD__Cfg-E1L1F1__Setup-5__Clients-5__Rounds-10__Delay-0_1__Alpha-0_01__Seed-46.txt
alpha-0_01 folder,FedHAD,MNIST,0.1,0.01,47,10,5,159.38,1 x NVIDIA A40,AMD EPYC 9354P 32-Core Processor,test3_comunicacao,results/main_campaign_default_alpha_0_01/FedHAD-results/test3_comunicacao/MNIST-Standard/FedHAD__MNIST__Mode-STANDARD__Cfg-E1L1F1__Setup-5__Clients-5__Rounds-10__Delay-0_1__Alpha-0_01__Seed-47.txt
alpha-0_01 folder,FedHAD,MNIST,0.1,0.01,48,10,5,111.54,1 x NVIDIA A40,AMD EPYC 9354P 32-Core Processor,test3_comunicacao,results/main_campaign_default_alpha_0_01/FedHAD-results/test3_comunicacao/MNIST-Standard/FedHAD__MNIST__Mode-STANDARD__Cfg-E1L1F1__Setup-5__Clients-5__Rounds-10__Delay-0_1__Alpha-0_01__Seed-48.txt
alpha-0_01 folder,FedHAD,MNIST,0.1,0.01,49,10,5,137.85,1 x NVIDIA A40,AMD EPYC 9354P 32-Core Processor,test3_comunicacao,results/main_campaign_default_alpha_0_01/FedHAD-results/test3_comunicacao/MNIST-Standard/FedHAD__MNIST__Mode-STANDARD__Cfg-E1L1F1__Setup-5__Clients-5__Rounds-10__Delay-0_1__Alpha-0_01__Seed-49.txt
alpha-0_01 folder,FedHAD,MNIST,0.1,0.01,50,10,5,185.47,1 x NVIDIA A40,AMD EPYC 9354P 32-Core Processor,test3_comunicacao,results/main_campaign_default_alpha_0_01/FedHAD-results/test3_comunicacao/MNIST-Standard/FedHAD__MNIST__Mode-STANDARD__Cfg-E1L1F1__Setup-5__Clients-5__Rounds-10__Delay-0_1__Alpha-0_01__Seed-50.txt
alpha-0_01 folder,FedHAD,MNIST,0.1,0.01,51,10,5,160.22,1 x NVIDIA A40,AMD EPYC 9354P 32-Core Processor,test3_comunicacao,results/main_campaign_default_alpha_0_01/FedHAD-results/test3_comunicacao/MNIST-Standard/FedHAD__MNIST__Mode-STANDARD__Cfg-E1L1F1__Setup-5__Clients-5__Rounds-10__Delay-0_1__Alpha-0_01__Seed-51.txt
alpha-0_01 folder,FedHAD,MNIST,0.1,0.01,52,10,5,160.75,1 x NVIDIA A40,AMD EPYC 9354P 32-Core Processor,test3_comunicacao,results/main_campaign_default_alpha_0_01/FedHAD-results/test3_comunicacao/MNIST-Standard/FedHAD__MNIST__Mode-STANDARD__Cfg-E1L1F1__Setup-5__Clients-5__Rounds-10__Delay-0_1__Alpha-0_01__Seed-52.txt
alpha-0_01 folder,FedHAD,MNIST,0.1,0.01,53,10,5,131.05,1 x NVIDIA A40,AMD EPYC 9354P 32-Core Processor,test3_comunicacao,results/main_campaign_default_alpha_0_01/FedHAD-results/test3_comunicacao/MNIST-Standard/FedHAD__MNIST__Mode-STANDARD__Cfg-E1L1F1__Setup-5__Clients-5__Rounds-10__Delay-0_1__Alpha-0_01__Seed-53.txt
alpha-0_01 folder,FedHAD,MNIST,0.1,0.01,54,10,5,144.93,1 x NVIDIA A40,AMD EPYC 9354P 32-Core Processor,test3_comunicacao,results/main_campaign_default_alpha_0_01/FedHAD-results/test3_comunicacao/MNIST-Standard/FedHAD__MNIST__Mode-STANDARD__Cfg-E1L1F1__Setup-5__Clients-5__Rounds-10__Delay-0_1__Alpha-0_01__Seed-54.txt
alpha-0_01 folder,FedHAD,MNIST,0.1,0.01,55,10,5,168.92,1 x NVIDIA A40,AMD EPYC 9354P 32-Core Processor,test3_comunicacao,results/main_campaign_default_alpha_0_01/FedHAD-results/test3_comunicacao/MNIST-Standard/FedHAD__MNIST__Mode-STANDARD__Cfg-E1L1F1__Setup-5__Clients-5__Rounds-10__Delay-0_1__Alpha-0_01__Seed-55.txt
alpha-0_01 folder,FedHAD,MNIST,0.1,0.01,56,10,5,105.41,1 x NVIDIA A40,AMD EPYC 9354P 32-Core Processor,test3_comunicacao,results/main_campaign_default_alpha_0_01/FedHAD-results/test3_comunicacao/MNIST-Standard/FedHAD__MNIST__Mode-STANDARD__Cfg-E1L1F1__Setup-5__Clients-5__Rounds-10__Delay-0_1__Alpha-0_01__Seed-56.txt
alpha-0_01 folder,FedHAD,MNIST,0.1,0.01,57,10,5,164.33,1 x NVIDIA A40,AMD EPYC 9354P 32-Core Processor,test3_comunicacao,results/main_campaign_default_alpha_0_01/FedHAD-results/test3_comunicacao/MNIST-Standard/FedHAD__MNIST__Mode-STANDARD__Cfg-E1L1F1__Setup-5__Clients-5__Rounds-10__Delay-0_1__Alpha-0_01__Seed-57.txt
alpha-0_01 folder,FedHAD,MNIST,0.1,0.01,58,10,5,109.65,1 x NVIDIA A40,AMD EPYC 9354P 32-Core Processor,test3_comunicacao,results/main_campaign_default_alpha_0_01/FedHAD-results/test3_comunicacao/MNIST-Standard/FedHAD__MNIST__Mode-STANDARD__Cfg-E1L1F1__Setup-5__Clients-5__Rounds-10__Delay-0_1__Alpha-0_01__Seed-58.txt
alpha-0_01 folder,FedHAD,MNIST,0.1,0.01,59,10,5,161.66,1 x NVIDIA A40,AMD EPYC 9354P 32-Core Processor,test3_comunicacao,results/main_campaign_default_alpha_0_01/FedHAD-results/test3_comunicacao/MNIST-Standard/FedHAD__MNIST__Mode-STANDARD__Cfg-E1L1F1__Setup-5__Clients-5__Rounds-10__Delay-0_1__Alpha-0_01__Seed-59.txt
alpha-0_01 folder,FedHAD,MNIST,0.1,0.01,60,10,5,151.49,1 x NVIDIA A40,AMD EPYC 9354P 32-Core Processor,test3_comunicacao,results/main_campaign_default_alpha_0_01/FedHAD-results/test3_comunicacao/MNIST-Standard/FedHAD__MNIST__Mode-STANDARD__Cfg-E1L1F1__Setup-5__Clients-5__Rounds-10__Delay-0_1__Alpha-0_01__Seed-60.txt
alpha-0_01 folder,FedHAD,MNIST,0.1,0.01,61,10,5,160.84,1 x NVIDIA A40,AMD EPYC 9354P 32-Core Processor,test3_comunicacao,results/main_campaign_default_alpha_0_01/FedHAD-results/test3_comunicacao/MNIST-Standard/FedHAD__MNIST__Mode-STANDARD__Cfg-E1L1F1__Setup-5__Clients-5__Rounds-10__Delay-0_1__Alpha-0_01__Seed-61.txt
alpha-0_01 folder,FedHAD,MNIST,0.1,0.01,62,10,5,164.45,1 x NVIDIA A40,AMD EPYC 9354P 32-Core Processor,test3_comunicacao,results/main_campaign_default_alpha_0_01/FedHAD-results/test3_comunicacao/MNIST-Standard/FedHAD__MNIST__Mode-STANDARD__Cfg-E1L1F1__Setup-5__Clients-5__Rounds-10__Delay-0_1__Alpha-0_01__Seed-62.txt
alpha-0_01 folder,FedHAD,MNIST,0.1,0.01,63,10,5,134.02,1 x NVIDIA A40,AMD EPYC 9354P 32-Core Processor,test3_comunicacao,results/main_campaign_default_alpha_0_01/FedHAD-results/test3_comunicacao/MNIST-Standard/FedHAD__MNIST__Mode-STANDARD__Cfg-E1L1F1__Setup-5__Clients-5__Rounds-10__Delay-0_1__Alpha-0_01__Seed-63.txt
alpha-0_01 folder,FedHAD,MNIST,0.1,0.01,64,10,5,107.32,1 x NVIDIA A40,AMD EPYC 9354P 32-Core Processor,test3_comunicacao,results/main_campaign_default_alpha_0_01/FedHAD-results/test3_comunicacao/MNIST-Standard/FedHAD__MNIST__Mode-STANDARD__Cfg-E1L1F1__Setup-5__Clients-5__Rounds-10__Delay-0_1__Alpha-0_01__Seed-64.txt
alpha-0_01 folder,FedHAD,MNIST,0.1,0.01,65,10,5,153.69,1 x NVIDIA A40,AMD EPYC 9354P 32-Core Processor,test3_comunicacao,results/main_campaign_default_alpha_0_01/FedHAD-results/test3_comunicacao/MNIST-Standard/FedHAD__MNIST__Mode-STANDARD__Cfg-E1L1F1__Setup-5__Clients-5__Rounds-10__Delay-0_1__Alpha-0_01__Seed-65.txt
alpha-0_01 folder,FedHAD,MNIST,0.1,0.01,66,10,5,158.14,1 x NVIDIA A40,AMD EPYC 9354P 32-Core Processor,test3_comunicacao,results/main_campaign_default_alpha_0_01/FedHAD-results/test3_comunicacao/MNIST-Standard/FedHAD__MNIST__Mode-STANDARD__Cfg-E1L1F1__Setup-5__Clients-5__Rounds-10__Delay-0_1__Alpha-0_01__Seed-66.txt
alpha-0_01 folder,FedHAD,MNIST,0.1,0.01,67,10,5,187.35,1 x NVIDIA A40,AMD EPYC 9354P 32-Core Processor,test3_comunicacao,results/main_campaign_default_alpha_0_01/FedHAD-results/test3_comunicacao/MNIST-Standard/FedHAD__MNIST__Mode-STANDARD__Cfg-E1L1F1__Setup-5__Clients-5__Rounds-10__Delay-0_1__Alpha-0_01__Seed-67.txt
alpha-0_01 folder,FedHAD,MNIST,0.1,0.01,68,10,5,106.47,1 x NVIDIA A40,AMD EPYC 9354P 32-Core Processor,test3_comunicacao,results/main_campaign_default_alpha_0_01/FedHAD-results/test3_comunicacao/MNIST-Standard/FedHAD__MNIST__Mode-STANDARD__Cfg-E1L1F1__Setup-5__Clients-5__Rounds-10__Delay-0_1__Alpha-0_01__Seed-68.txt
alpha-0_01 folder,FedHAD,MNIST,0.1,0.01,69,10,5,168.41,1 x NVIDIA A40,AMD EPYC 9354P 32-Core Processor,test3_comunicacao,results/main_campaign_default_alpha_0_01/FedHAD-results/test3_comunicacao/MNIST-Standard/FedHAD__MNIST__Mode-STANDARD__Cfg-E1L1F1__Setup-5__Clients-5__Rounds-10__Delay-0_1__Alpha-0_01__Seed-69.txt
alpha-0_01 folder,FedHAD,MNIST,0.1,0.01,70,10,5,129.68,1 x NVIDIA A40,AMD EPYC 9354P 32-Core Processor,test3_comunicacao,results/main_campaign_default_alpha_0_01/FedHAD-results/test3_comunicacao/MNIST-Standard/FedHAD__MNIST__Mode-STANDARD__Cfg-E1L1F1__Setup-5__Clients-5__Rounds-10__Delay-0_1__Alpha-0_01__Seed-70.txt
alpha-0_01 folder,FedHAD,MNIST,0.1,0.01,71,10,5,157.28,1 x NVIDIA A40,AMD EPYC 9354P 32-Core Processor,test3_comunicacao,results/main_campaign_default_alpha_0_01/FedHAD-results/test3_comunicacao/MNIST-Standard/FedHAD__MNIST__Mode-STANDARD__Cfg-E1L1F1__Setup-5__Clients-5__Rounds-10__Delay-0_1__Alpha-0_01__Seed-71.txt
alpha-0_01 folder,FedHAD,MNIST,0.5,0.01,42,10,5,149.15,1 x NVIDIA A40,AMD EPYC 9354P 32-Core Processor,test3_comunicacao,results/main_campaign_default_alpha_0_01/FedHAD-results/test3_comunicacao/MNIST-Standard/FedHAD__MNIST__Mode-STANDARD__Cfg-E1L1F1__Setup-5__Clients-5__Rounds-10__Delay-0_5__Alpha-0_01__Seed-42.txt
alpha-0_01 folder,FedHAD,MNIST,0.5,0.01,43,10,5,155.02,1 x NVIDIA A40,AMD EPYC 9354P 32-Core Processor,test3_comunicacao,results/main_campaign_default_alpha_0_01/FedHAD-results/test3_comunicacao/MNIST-Standard/FedHAD__MNIST__Mode-STANDARD__Cfg-E1L1F1__Setup-5__Clients-5__Rounds-10__Delay-0_5__Alpha-0_01__Seed-43.txt
alpha-0_01 folder,FedHAD,MNIST,0.5,0.01,44,10,5,152.23,1 x NVIDIA A40,AMD EPYC 9354P 32-Core Processor,test3_comunicacao,results/main_campaign_default_alpha_0_01/FedHAD-results/test3_comunicacao/MNIST-Standard/FedHAD__MNIST__Mode-STANDARD__Cfg-E1L1F1__Setup-5__Clients-5__Rounds-10__Delay-0_5__Alpha-0_01__Seed-44.txt
alpha-0_01 folder,FedHAD,MNIST,0.5,0.01,45,10,5,143.83,1 x NVIDIA A40,AMD EPYC 9354P 32-Core Processor,test3_comunicacao,results/main_campaign_default_alpha_0_01/FedHAD-results/test3_comunicacao/MNIST-Standard/FedHAD__MNIST__Mode-STANDARD__Cfg-E1L1F1__Setup-5__Clients-5__Rounds-10__Delay-0_5__Alpha-0_01__Seed-45.txt
alpha-0_01 folder,FedHAD,MNIST,0.5,0.01,46,10,5,193.70,1 x NVIDIA A40,AMD EPYC 9354P 32-Core Processor,test3_comunicacao,results/main_campaign_default_alpha_0_01/FedHAD-results/test3_comunicacao/MNIST-Standard/FedHAD__MNIST__Mode-STANDARD__Cfg-E1L1F1__Setup-5__Clients-5__Rounds-10__Delay-0_5__Alpha-0_01__Seed-46.txt
alpha-0_01 folder,FedHAD,MNIST,0.5,0.01,47,10,5,167.81,1 x NVIDIA A40,AMD EPYC 9354P 32-Core Processor,test3_comunicacao,results/main_campaign_default_alpha_0_01/FedHAD-results/test3_comunicacao/MNIST-Standard/FedHAD__MNIST__Mode-STANDARD__Cfg-E1L1F1__Setup-5__Clients-5__Rounds-10__Delay-0_5__Alpha-0_01__Seed-47.txt
alpha-0_01 folder,FedHAD,MNIST,0.5,0.01,48,10,5,119.57,1 x NVIDIA A40,AMD EPYC 9354P 32-Core Processor,test3_comunicacao,results/main_campaign_default_alpha_0_01/FedHAD-results/test3_comunicacao/MNIST-Standard/FedHAD__MNIST__Mode-STANDARD__Cfg-E1L1F1__Setup-5__Clients-5__Rounds-10__Delay-0_5__Alpha-0_01__Seed-48.txt
alpha-0_01 folder,FedHAD,MNIST,0.5,0.01,49,10,5,146.64,1 x NVIDIA A40,AMD EPYC 9354P 32-Core Processor,test3_comunicacao,results/main_campaign_default_alpha_0_01/FedHAD-results/test3_comunicacao/MNIST-Standard/FedHAD__MNIST__Mode-STANDARD__Cfg-E1L1F1__Setup-5__Clients-5__Rounds-10__Delay-0_5__Alpha-0_01__Seed-49.txt
alpha-0_01 folder,FedHAD,MNIST,0.5,0.01,50,10,5,194.93,1 x NVIDIA A40,AMD EPYC 9354P 32-Core Processor,test3_comunicacao,results/main_campaign_default_alpha_0_01/FedHAD-results/test3_comunicacao/MNIST-Standard/FedHAD__MNIST__Mode-STANDARD__Cfg-E1L1F1__Setup-5__Clients-5__Rounds-10__Delay-0_5__Alpha-0_01__Seed-50.txt
alpha-0_01 folder,FedHAD,MNIST,0.5,0.01,51,10,5,168.01,1 x NVIDIA A40,AMD EPYC 9354P 32-Core Processor,test3_comunicacao,results/main_campaign_default_alpha_0_01/FedHAD-results/test3_comunicacao/MNIST-Standard/FedHAD__MNIST__Mode-STANDARD__Cfg-E1L1F1__Setup-5__Clients-5__Rounds-10__Delay-0_5__Alpha-0_01__Seed-51.txt
alpha-0_01 folder,FedHAD,MNIST,0.5,0.01,52,10,5,167.92,1 x NVIDIA A40,AMD EPYC 9354P 32-Core Processor,test3_comunicacao,results/main_campaign_default_alpha_0_01/FedHAD-results/test3_comunicacao/MNIST-Standard/FedHAD__MNIST__Mode-STANDARD__Cfg-E1L1F1__Setup-5__Clients-5__Rounds-10__Delay-0_5__Alpha-0_01__Seed-52.txt
alpha-0_01 folder,FedHAD,MNIST,0.5,0.01,53,10,5,141.12,1 x NVIDIA A40,AMD EPYC 9354P 32-Core Processor,test3_comunicacao,results/main_campaign_default_alpha_0_01/FedHAD-results/test3_comunicacao/MNIST-Standard/FedHAD__MNIST__Mode-STANDARD__Cfg-E1L1F1__Setup-5__Clients-5__Rounds-10__Delay-0_5__Alpha-0_01__Seed-53.txt
alpha-0_01 folder,FedHAD,MNIST,0.5,0.01,54,10,5,154.21,1 x NVIDIA A40,AMD EPYC 9354P 32-Core Processor,test3_comunicacao,results/main_campaign_default_alpha_0_01/FedHAD-results/test3_comunicacao/MNIST-Standard/FedHAD__MNIST__Mode-STANDARD__Cfg-E1L1F1__Setup-5__Clients-5__Rounds-10__Delay-0_5__Alpha-0_01__Seed-54.txt
alpha-0_01 folder,FedHAD,MNIST,0.5,0.01,55,10,5,176.13,1 x NVIDIA A40,AMD EPYC 9354P 32-Core Processor,test3_comunicacao,results/main_campaign_default_alpha_0_01/FedHAD-results/test3_comunicacao/MNIST-Standard/FedHAD__MNIST__Mode-STANDARD__Cfg-E1L1F1__Setup-5__Clients-5__Rounds-10__Delay-0_5__Alpha-0_01__Seed-55.txt
alpha-0_01 folder,FedHAD,MNIST,0.5,0.01,56,10,5,113.92,1 x NVIDIA A40,AMD EPYC 9354P 32-Core Processor,test3_comunicacao,results/main_campaign_default_alpha_0_01/FedHAD-results/test3_comunicacao/MNIST-Standard/FedHAD__MNIST__Mode-STANDARD__Cfg-E1L1F1__Setup-5__Clients-5__Rounds-10__Delay-0_5__Alpha-0_01__Seed-56.txt
alpha-0_01 folder,FedHAD,MNIST,0.5,0.01,57,10,5,173.35,1 x NVIDIA A40,AMD EPYC 9354P 32-Core Processor,test3_comunicacao,results/main_campaign_default_alpha_0_01/FedHAD-results/test3_comunicacao/MNIST-Standard/FedHAD__MNIST__Mode-STANDARD__Cfg-E1L1F1__Setup-5__Clients-5__Rounds-10__Delay-0_5__Alpha-0_01__Seed-57.txt
alpha-0_01 folder,FedHAD,MNIST,0.5,0.01,58,10,5,117.78,1 x NVIDIA A40,AMD EPYC 9354P 32-Core Processor,test3_comunicacao,results/main_campaign_default_alpha_0_01/FedHAD-results/test3_comunicacao/MNIST-Standard/FedHAD__MNIST__Mode-STANDARD__Cfg-E1L1F1__Setup-5__Clients-5__Rounds-10__Delay-0_5__Alpha-0_01__Seed-58.txt
alpha-0_01 folder,FedHAD,MNIST,0.5,0.01,59,10,5,170.31,1 x NVIDIA A40,AMD EPYC 9354P 32-Core Processor,test3_comunicacao,results/main_campaign_default_alpha_0_01/FedHAD-results/test3_comunicacao/MNIST-Standard/FedHAD__MNIST__Mode-STANDARD__Cfg-E1L1F1__Setup-5__Clients-5__Rounds-10__Delay-0_5__Alpha-0_01__Seed-59.txt
alpha-0_01 folder,FedHAD,MNIST,0.5,0.01,60,10,5,161.38,1 x NVIDIA A40,AMD EPYC 9354P 32-Core Processor,test3_comunicacao,results/main_campaign_default_alpha_0_01/FedHAD-results/test3_comunicacao/MNIST-Standard/FedHAD__MNIST__Mode-STANDARD__Cfg-E1L1F1__Setup-5__Clients-5__Rounds-10__Delay-0_5__Alpha-0_01__Seed-60.txt
alpha-0_01 folder,FedHAD,MNIST,0.5,0.01,61,10,5,169.28,1 x NVIDIA A40,AMD EPYC 9354P 32-Core Processor,test3_comunicacao,results/main_campaign_default_alpha_0_01/FedHAD-results/test3_comunicacao/MNIST-Standard/FedHAD__MNIST__Mode-STANDARD__Cfg-E1L1F1__Setup-5__Clients-5__Rounds-10__Delay-0_5__Alpha-0_01__Seed-61.txt
alpha-0_01 folder,FedHAD,MNIST,0.5,0.01,62,10,5,173.32,1 x NVIDIA A40,AMD EPYC 9354P 32-Core Processor,test3_comunicacao,results/main_campaign_default_alpha_0_01/FedHAD-results/test3_comunicacao/MNIST-Standard/FedHAD__MNIST__Mode-STANDARD__Cfg-E1L1F1__Setup-5__Clients-5__Rounds-10__Delay-0_5__Alpha-0_01__Seed-62.txt
alpha-0_01 folder,FedHAD,MNIST,0.5,0.01,63,10,5,142.26,1 x NVIDIA A40,AMD EPYC 9354P 32-Core Processor,test3_comunicacao,results/main_campaign_default_alpha_0_01/FedHAD-results/test3_comunicacao/MNIST-Standard/FedHAD__MNIST__Mode-STANDARD__Cfg-E1L1F1__Setup-5__Clients-5__Rounds-10__Delay-0_5__Alpha-0_01__Seed-63.txt
alpha-0_01 folder,FedHAD,MNIST,0.5,0.01,64,10,5,115.60,1 x NVIDIA A40,AMD EPYC 9354P 32-Core Processor,test3_comunicacao,results/main_campaign_default_alpha_0_01/FedHAD-results/test3_comunicacao/MNIST-Standard/FedHAD__MNIST__Mode-STANDARD__Cfg-E1L1F1__Setup-5__Clients-5__Rounds-10__Delay-0_5__Alpha-0_01__Seed-64.txt
alpha-0_01 folder,FedHAD,MNIST,0.5,0.01,65,10,5,162.67,1 x NVIDIA A40,AMD EPYC 9354P 32-Core Processor,test3_comunicacao,results/main_campaign_default_alpha_0_01/FedHAD-results/test3_comunicacao/MNIST-Standard/FedHAD__MNIST__Mode-STANDARD__Cfg-E1L1F1__Setup-5__Clients-5__Rounds-10__Delay-0_5__Alpha-0_01__Seed-65.txt
alpha-0_01 folder,FedHAD,MNIST,0.5,0.01,66,10,5,166.78,1 x NVIDIA A40,AMD EPYC 9354P 32-Core Processor,test3_comunicacao,results/main_campaign_default_alpha_0_01/FedHAD-results/test3_comunicacao/MNIST-Standard/FedHAD__MNIST__Mode-STANDARD__Cfg-E1L1F1__Setup-5__Clients-5__Rounds-10__Delay-0_5__Alpha-0_01__Seed-66.txt
alpha-0_01 folder,FedHAD,MNIST,0.5,0.01,67,10,5,196.14,1 x NVIDIA A40,AMD EPYC 9354P 32-Core Processor,test3_comunicacao,results/main_campaign_default_alpha_0_01/FedHAD-results/test3_comunicacao/MNIST-Standard/FedHAD__MNIST__Mode-STANDARD__Cfg-E1L1F1__Setup-5__Clients-5__Rounds-10__Delay-0_5__Alpha-0_01__Seed-67.txt
alpha-0_01 folder,FedHAD,MNIST,0.5,0.01,68,10,5,115.47,1 x NVIDIA A40,AMD EPYC 9354P 32-Core Processor,test3_comunicacao,results/main_campaign_default_alpha_0_01/FedHAD-results/test3_comunicacao/MNIST-Standard/FedHAD__MNIST__Mode-STANDARD__Cfg-E1L1F1__Setup-5__Clients-5__Rounds-10__Delay-0_5__Alpha-0_01__Seed-68.txt
alpha-0_01 folder,FedHAD,MNIST,0.5,0.01,69,10,5,176.74,1 x NVIDIA A40,AMD EPYC 9354P 32-Core Processor,test3_comunicacao,results/main_campaign_default_alpha_0_01/FedHAD-results/test3_comunicacao/MNIST-Standard/FedHAD__MNIST__Mode-STANDARD__Cfg-E1L1F1__Setup-5__Clients-5__Rounds-10__Delay-0_5__Alpha-0_01__Seed-69.txt
alpha-0_01 folder,FedHAD,MNIST,0.5,0.01,70,10,5,137.68,1 x NVIDIA A40,AMD EPYC 9354P 32-Core Processor,test3_comunicacao,results/main_campaign_default_alpha_0_01/FedHAD-results/test3_comunicacao/MNIST-Standard/FedHAD__MNIST__Mode-STANDARD__Cfg-E1L1F1__Setup-5__Clients-5__Rounds-10__Delay-0_5__Alpha-0_01__Seed-70.txt
alpha-0_01 folder,FedHAD,MNIST,0.5,0.01,71,10,5,164.08,1 x NVIDIA A40,AMD EPYC 9354P 32-Core Processor,test3_comunicacao,results/main_campaign_default_alpha_0_01/FedHAD-results/test3_comunicacao/MNIST-Standard/FedHAD__MNIST__Mode-STANDARD__Cfg-E1L1F1__Setup-5__Clients-5__Rounds-10__Delay-0_5__Alpha-0_01__Seed-71.txt
alpha-0_01 folder,FedProx,CIFAR10,0.05,0.01,42,10,5,209.12,1 x NVIDIA A40,AMD EPYC 9354P 32-Core Processor,test3_comunicacao,results/main_campaign_default_alpha_0_01/FedProx-results/test3_comunicacao/CIFAR10/FedProx__CIFAR10__Setup-5__Clients-5__Rounds-10__Delay-0_05__Alpha-0_01__Seed-42.txt
alpha-0_01 folder,FedProx,CIFAR10,0.05,0.01,43,10,5,230.35,1 x NVIDIA A40,AMD EPYC 9354P 32-Core Processor,test3_comunicacao,results/main_campaign_default_alpha_0_01/FedProx-results/test3_comunicacao/CIFAR10/FedProx__CIFAR10__Setup-5__Clients-5__Rounds-10__Delay-0_05__Alpha-0_01__Seed-43.txt
alpha-0_01 folder,FedProx,CIFAR10,0.05,0.01,44,10,5,212.81,1 x NVIDIA A40,AMD EPYC 9354P 32-Core Processor,test3_comunicacao,results/main_campaign_default_alpha_0_01/FedProx-results/test3_comunicacao/CIFAR10/FedProx__CIFAR10__Setup-5__Clients-5__Rounds-10__Delay-0_05__Alpha-0_01__Seed-44.txt
alpha-0_01 folder,FedProx,CIFAR10,0.05,0.01,45,10,5,203.74,1 x NVIDIA A40,AMD EPYC 9354P 32-Core Processor,test3_comunicacao,results/main_campaign_default_alpha_0_01/FedProx-results/test3_comunicacao/CIFAR10/FedProx__CIFAR10__Setup-5__Clients-5__Rounds-10__Delay-0_05__Alpha-0_01__Seed-45.txt
alpha-0_01 folder,FedProx,CIFAR10,0.05,0.01,46,10,5,271.54,1 x NVIDIA A40,AMD EPYC 9354P 32-Core Processor,test3_comunicacao,results/main_campaign_default_alpha_0_01/FedProx-results/test3_comunicacao/CIFAR10/FedProx__CIFAR10__Setup-5__Clients-5__Rounds-10__Delay-0_05__Alpha-0_01__Seed-46.txt
alpha-0_01 folder,FedProx,CIFAR10,0.05,0.01,47,10,5,246.08,1 x NVIDIA A40,AMD EPYC 9354P 32-Core Processor,test3_comunicacao,results/main_campaign_default_alpha_0_01/FedProx-results/test3_comunicacao/CIFAR10/FedProx__CIFAR10__Setup-5__Clients-5__Rounds-10__Delay-0_05__Alpha-0_01__Seed-47.txt
alpha-0_01 folder,FedProx,CIFAR10,0.05,0.01,48,10,5,196.93,1 x NVIDIA A40,AMD EPYC 9354P 32-Core Processor,test3_comunicacao,results/main_campaign_default_alpha_0_01/FedProx-results/test3_comunicacao/CIFAR10/FedProx__CIFAR10__Setup-5__Clients-5__Rounds-10__Delay-0_05__Alpha-0_01__Seed-48.txt
alpha-0_01 folder,FedProx,CIFAR10,0.05,0.01,49,10,5,208.09,1 x NVIDIA A40,AMD EPYC 9354P 32-Core Processor,test3_comunicacao,results/main_campaign_default_alpha_0_01/FedProx-results/test3_comunicacao/CIFAR10/FedProx__CIFAR10__Setup-5__Clients-5__Rounds-10__Delay-0_05__Alpha-0_01__Seed-49.txt
alpha-0_01 folder,FedProx,CIFAR10,0.05,0.01,50,10,5,273.82,1 x NVIDIA A40,AMD EPYC 9354P 32-Core Processor,test3_comunicacao,results/main_campaign_default_alpha_0_01/FedProx-results/test3_comunicacao/CIFAR10/FedProx__CIFAR10__Setup-5__Clients-5__Rounds-10__Delay-0_05__Alpha-0_01__Seed-50.txt
alpha-0_01 folder,FedProx,CIFAR10,0.05,0.01,51,10,5,229.46,1 x NVIDIA A40,AMD EPYC 9354P 32-Core Processor,test3_comunicacao,results/main_campaign_default_alpha_0_01/FedProx-results/test3_comunicacao/CIFAR10/FedProx__CIFAR10__Setup-5__Clients-5__Rounds-10__Delay-0_05__Alpha-0_01__Seed-51.txt
alpha-0_01 folder,FedProx,CIFAR10,0.05,0.01,52,10,5,228.58,1 x NVIDIA A40,AMD EPYC 9354P 32-Core Processor,test3_comunicacao,results/main_campaign_default_alpha_0_01/FedProx-results/test3_comunicacao/CIFAR10/FedProx__CIFAR10__Setup-5__Clients-5__Rounds-10__Delay-0_05__Alpha-0_01__Seed-52.txt
alpha-0_01 folder,FedProx,CIFAR10,0.05,0.01,53,10,5,189.88,1 x NVIDIA A40,AMD EPYC 9354P 32-Core Processor,test3_comunicacao,results/main_campaign_default_alpha_0_01/FedProx-results/test3_comunicacao/CIFAR10/FedProx__CIFAR10__Setup-5__Clients-5__Rounds-10__Delay-0_05__Alpha-0_01__Seed-53.txt
alpha-0_01 folder,FedProx,CIFAR10,0.05,0.01,54,10,5,205.99,1 x NVIDIA A40,AMD EPYC 9354P 32-Core Processor,test3_comunicacao,results/main_campaign_default_alpha_0_01/FedProx-results/test3_comunicacao/CIFAR10/FedProx__CIFAR10__Setup-5__Clients-5__Rounds-10__Delay-0_05__Alpha-0_01__Seed-54.txt
alpha-0_01 folder,FedProx,CIFAR10,0.05,0.01,55,10,5,240.19,1 x NVIDIA A40,AMD EPYC 9354P 32-Core Processor,test3_comunicacao,results/main_campaign_default_alpha_0_01/FedProx-results/test3_comunicacao/CIFAR10/FedProx__CIFAR10__Setup-5__Clients-5__Rounds-10__Delay-0_05__Alpha-0_01__Seed-55.txt
alpha-0_01 folder,FedProx,CIFAR10,0.05,0.01,56,10,5,205.51,1 x NVIDIA A40,AMD EPYC 9354P 32-Core Processor,test3_comunicacao,results/main_campaign_default_alpha_0_01/FedProx-results/test3_comunicacao/CIFAR10/FedProx__CIFAR10__Setup-5__Clients-5__Rounds-10__Delay-0_05__Alpha-0_01__Seed-56.txt
alpha-0_01 folder,FedProx,CIFAR10,0.05,0.01,57,10,5,239.11,1 x NVIDIA A40,AMD EPYC 9354P 32-Core Processor,test3_comunicacao,results/main_campaign_default_alpha_0_01/FedProx-results/test3_comunicacao/CIFAR10/FedProx__CIFAR10__Setup-5__Clients-5__Rounds-10__Delay-0_05__Alpha-0_01__Seed-57.txt
alpha-0_01 folder,FedProx,CIFAR10,0.05,0.01,58,10,5,203.59,1 x NVIDIA A40,AMD EPYC 9354P 32-Core Processor,test3_comunicacao,results/main_campaign_default_alpha_0_01/FedProx-results/test3_comunicacao/CIFAR10/FedProx__CIFAR10__Setup-5__Clients-5__Rounds-10__Delay-0_05__Alpha-0_01__Seed-58.txt
alpha-0_01 folder,FedProx,CIFAR10,0.05,0.01,59,10,5,228.19,1 x NVIDIA A40,AMD EPYC 9354P 32-Core Processor,test3_comunicacao,results/main_campaign_default_alpha_0_01/FedProx-results/test3_comunicacao/CIFAR10/FedProx__CIFAR10__Setup-5__Clients-5__Rounds-10__Delay-0_05__Alpha-0_01__Seed-59.txt
alpha-0_01 folder,FedProx,CIFAR10,0.05,0.01,60,10,5,236.19,1 x NVIDIA A40,AMD EPYC 9354P 32-Core Processor,test3_comunicacao,results/main_campaign_default_alpha_0_01/FedProx-results/test3_comunicacao/CIFAR10/FedProx__CIFAR10__Setup-5__Clients-5__Rounds-10__Delay-0_05__Alpha-0_01__Seed-60.txt
alpha-0_01 folder,FedProx,CIFAR10,0.05,0.01,61,10,5,236.07,1 x NVIDIA A40,AMD EPYC 9354P 32-Core Processor,test3_comunicacao,results/main_campaign_default_alpha_0_01/FedProx-results/test3_comunicacao/CIFAR10/FedProx__CIFAR10__Setup-5__Clients-5__Rounds-10__Delay-0_05__Alpha-0_01__Seed-61.txt
alpha-0_01 folder,FedProx,CIFAR10,0.05,0.01,62,10,5,232.12,1 x NVIDIA A40,AMD EPYC 9354P 32-Core Processor,test3_comunicacao,results/main_campaign_default_alpha_0_01/FedProx-results/test3_comunicacao/CIFAR10/FedProx__CIFAR10__Setup-5__Clients-5__Rounds-10__Delay-0_05__Alpha-0_01__Seed-62.txt
alpha-0_01 folder,FedProx,CIFAR10,0.05,0.01,63,10,5,202.05,1 x NVIDIA A40,AMD EPYC 9354P 32-Core Processor,test3_comunicacao,results/main_campaign_default_alpha_0_01/FedProx-results/test3_comunicacao/CIFAR10/FedProx__CIFAR10__Setup-5__Clients-5__Rounds-10__Delay-0_05__Alpha-0_01__Seed-63.txt
alpha-0_01 folder,FedProx,CIFAR10,0.05,0.01,64,10,5,204.93,1 x NVIDIA A40,AMD EPYC 9354P 32-Core Processor,test3_comunicacao,results/main_campaign_default_alpha_0_01/FedProx-results/test3_comunicacao/CIFAR10/FedProx__CIFAR10__Setup-5__Clients-5__Rounds-10__Delay-0_05__Alpha-0_01__Seed-64.txt
alpha-0_01 folder,FedProx,CIFAR10,0.05,0.01,65,10,5,230.04,1 x NVIDIA A40,AMD EPYC 9354P 32-Core Processor,test3_comunicacao,results/main_campaign_default_alpha_0_01/FedProx-results/test3_comunicacao/CIFAR10/FedProx__CIFAR10__Setup-5__Clients-5__Rounds-10__Delay-0_05__Alpha-0_01__Seed-65.txt
alpha-0_01 folder,FedProx,CIFAR10,0.05,0.01,66,10,5,236.02,1 x NVIDIA A40,AMD EPYC 9354P 32-Core Processor,test3_comunicacao,results/main_campaign_default_alpha_0_01/FedProx-results/test3_comunicacao/CIFAR10/FedProx__CIFAR10__Setup-5__Clients-5__Rounds-10__Delay-0_05__Alpha-0_01__Seed-66.txt
alpha-0_01 folder,FedProx,CIFAR10,0.05,0.01,67,10,5,285.13,1 x NVIDIA A40,AMD EPYC 9354P 32-Core Processor,test3_comunicacao,results/main_campaign_default_alpha_0_01/FedProx-results/test3_comunicacao/CIFAR10/FedProx__CIFAR10__Setup-5__Clients-5__Rounds-10__Delay-0_05__Alpha-0_01__Seed-67.txt
alpha-0_01 folder,FedProx,CIFAR10,0.05,0.01,68,10,5,206.12,1 x NVIDIA A40,AMD EPYC 9354P 32-Core Processor,test3_comunicacao,results/main_campaign_default_alpha_0_01/FedProx-results/test3_comunicacao/CIFAR10/FedProx__CIFAR10__Setup-5__Clients-5__Rounds-10__Delay-0_05__Alpha-0_01__Seed-68.txt
alpha-0_01 folder,FedProx,CIFAR10,0.05,0.01,69,10,5,244.26,1 x NVIDIA A40,AMD EPYC 9354P 32-Core Processor,test3_comunicacao,results/main_campaign_default_alpha_0_01/FedProx-results/test3_comunicacao/CIFAR10/FedProx__CIFAR10__Setup-5__Clients-5__Rounds-10__Delay-0_05__Alpha-0_01__Seed-69.txt
alpha-0_01 folder,FedProx,CIFAR10,0.05,0.01,70,10,5,207.52,1 x NVIDIA A40,AMD EPYC 9354P 32-Core Processor,test3_comunicacao,results/main_campaign_default_alpha_0_01/FedProx-results/test3_comunicacao/CIFAR10/FedProx__CIFAR10__Setup-5__Clients-5__Rounds-10__Delay-0_05__Alpha-0_01__Seed-70.txt
alpha-0_01 folder,FedProx,CIFAR10,0.05,0.01,71,10,5,240.83,1 x NVIDIA A40,AMD EPYC 9354P 32-Core Processor,test3_comunicacao,results/main_campaign_default_alpha_0_01/FedProx-results/test3_comunicacao/CIFAR10/FedProx__CIFAR10__Setup-5__Clients-5__Rounds-10__Delay-0_05__Alpha-0_01__Seed-71.txt
alpha-0_01 folder,FedProx,CIFAR10,0.1,0.01,42,10,5,210.72,1 x NVIDIA A40,AMD EPYC 9354P 32-Core Processor,test3_comunicacao,results/main_campaign_default_alpha_0_01/FedProx-results/test3_comunicacao/CIFAR10/FedProx__CIFAR10__Setup-5__Clients-5__Rounds-10__Delay-0_1__Alpha-0_01__Seed-42.txt
alpha-0_01 folder,FedProx,CIFAR10,0.1,0.01,43,10,5,230.12,1 x NVIDIA A40,AMD EPYC 9354P 32-Core Processor,test3_comunicacao,results/main_campaign_default_alpha_0_01/FedProx-results/test3_comunicacao/CIFAR10/FedProx__CIFAR10__Setup-5__Clients-5__Rounds-10__Delay-0_1__Alpha-0_01__Seed-43.txt
alpha-0_01 folder,FedProx,CIFAR10,0.1,0.01,44,10,5,213.86,1 x NVIDIA A40,AMD EPYC 9354P 32-Core Processor,test3_comunicacao,results/main_campaign_default_alpha_0_01/FedProx-results/test3_comunicacao/CIFAR10/FedProx__CIFAR10__Setup-5__Clients-5__Rounds-10__Delay-0_1__Alpha-0_01__Seed-44.txt
alpha-0_01 folder,FedProx,CIFAR10,0.1,0.01,45,10,5,204.31,1 x NVIDIA A40,AMD EPYC 9354P 32-Core Processor,test3_comunicacao,results/main_campaign_default_alpha_0_01/FedProx-results/test3_comunicacao/CIFAR10/FedProx__CIFAR10__Setup-5__Clients-5__Rounds-10__Delay-0_1__Alpha-0_01__Seed-45.txt
alpha-0_01 folder,FedProx,CIFAR10,0.1,0.01,46,10,5,277.10,1 x NVIDIA A40,AMD EPYC 9354P 32-Core Processor,test3_comunicacao,results/main_campaign_default_alpha_0_01/FedProx-results/test3_comunicacao/CIFAR10/FedProx__CIFAR10__Setup-5__Clients-5__Rounds-10__Delay-0_1__Alpha-0_01__Seed-46.txt
alpha-0_01 folder,FedProx,CIFAR10,0.1,0.01,47,10,5,247.52,1 x NVIDIA A40,AMD EPYC 9354P 32-Core Processor,test3_comunicacao,results/main_campaign_default_alpha_0_01/FedProx-results/test3_comunicacao/CIFAR10/FedProx__CIFAR10__Setup-5__Clients-5__Rounds-10__Delay-0_1__Alpha-0_01__Seed-47.txt
alpha-0_01 folder,FedProx,CIFAR10,0.1,0.01,48,10,5,198.67,1 x NVIDIA A40,AMD EPYC 9354P 32-Core Processor,test3_comunicacao,results/main_campaign_default_alpha_0_01/FedProx-results/test3_comunicacao/CIFAR10/FedProx__CIFAR10__Setup-5__Clients-5__Rounds-10__Delay-0_1__Alpha-0_01__Seed-48.txt
alpha-0_01 folder,FedProx,CIFAR10,0.1,0.01,49,10,5,209.22,1 x NVIDIA A40,AMD EPYC 9354P 32-Core Processor,test3_comunicacao,results/main_campaign_default_alpha_0_01/FedProx-results/test3_comunicacao/CIFAR10/FedProx__CIFAR10__Setup-5__Clients-5__Rounds-10__Delay-0_1__Alpha-0_01__Seed-49.txt
alpha-0_01 folder,FedProx,CIFAR10,0.1,0.01,50,10,5,275.42,1 x NVIDIA A40,AMD EPYC 9354P 32-Core Processor,test3_comunicacao,results/main_campaign_default_alpha_0_01/FedProx-results/test3_comunicacao/CIFAR10/FedProx__CIFAR10__Setup-5__Clients-5__Rounds-10__Delay-0_1__Alpha-0_01__Seed-50.txt
alpha-0_01 folder,FedProx,CIFAR10,0.1,0.01,51,10,5,231.12,1 x NVIDIA A40,AMD EPYC 9354P 32-Core Processor,test3_comunicacao,results/main_campaign_default_alpha_0_01/FedProx-results/test3_comunicacao/CIFAR10/FedProx__CIFAR10__Setup-5__Clients-5__Rounds-10__Delay-0_1__Alpha-0_01__Seed-51.txt
alpha-0_01 folder,FedProx,CIFAR10,0.1,0.01,52,10,5,230.31,1 x NVIDIA A40,AMD EPYC 9354P 32-Core Processor,test3_comunicacao,results/main_campaign_default_alpha_0_01/FedProx-results/test3_comunicacao/CIFAR10/FedProx__CIFAR10__Setup-5__Clients-5__Rounds-10__Delay-0_1__Alpha-0_01__Seed-52.txt
alpha-0_01 folder,FedProx,CIFAR10,0.1,0.01,53,10,5,192.35,1 x NVIDIA A40,AMD EPYC 9354P 32-Core Processor,test3_comunicacao,results/main_campaign_default_alpha_0_01/FedProx-results/test3_comunicacao/CIFAR10/FedProx__CIFAR10__Setup-5__Clients-5__Rounds-10__Delay-0_1__Alpha-0_01__Seed-53.txt
alpha-0_01 folder,FedProx,CIFAR10,0.1,0.01,54,10,5,207.79,1 x NVIDIA A40,AMD EPYC 9354P 32-Core Processor,test3_comunicacao,results/main_campaign_default_alpha_0_01/FedProx-results/test3_comunicacao/CIFAR10/FedProx__CIFAR10__Setup-5__Clients-5__Rounds-10__Delay-0_1__Alpha-0_01__Seed-54.txt
alpha-0_01 folder,FedProx,CIFAR10,0.1,0.01,55,10,5,236.87,1 x NVIDIA A40,AMD EPYC 9354P 32-Core Processor,test3_comunicacao,results/main_campaign_default_alpha_0_01/FedProx-results/test3_comunicacao/CIFAR10/FedProx__CIFAR10__Setup-5__Clients-5__Rounds-10__Delay-0_1__Alpha-0_01__Seed-55.txt
alpha-0_01 folder,FedProx,CIFAR10,0.1,0.01,56,10,5,208.25,1 x NVIDIA A40,AMD EPYC 9354P 32-Core Processor,test3_comunicacao,results/main_campaign_default_alpha_0_01/FedProx-results/test3_comunicacao/CIFAR10/FedProx__CIFAR10__Setup-5__Clients-5__Rounds-10__Delay-0_1__Alpha-0_01__Seed-56.txt
alpha-0_01 folder,FedProx,CIFAR10,0.1,0.01,57,10,5,240.58,1 x NVIDIA A40,AMD EPYC 9354P 32-Core Processor,test3_comunicacao,results/main_campaign_default_alpha_0_01/FedProx-results/test3_comunicacao/CIFAR10/FedProx__CIFAR10__Setup-5__Clients-5__Rounds-10__Delay-0_1__Alpha-0_01__Seed-57.txt
alpha-0_01 folder,FedProx,CIFAR10,0.1,0.01,58,10,5,204.97,1 x NVIDIA A40,AMD EPYC 9354P 32-Core Processor,test3_comunicacao,results/main_campaign_default_alpha_0_01/FedProx-results/test3_comunicacao/CIFAR10/FedProx__CIFAR10__Setup-5__Clients-5__Rounds-10__Delay-0_1__Alpha-0_01__Seed-58.txt
alpha-0_01 folder,FedProx,CIFAR10,0.1,0.01,59,10,5,229.16,1 x NVIDIA A40,AMD EPYC 9354P 32-Core Processor,test3_comunicacao,results/main_campaign_default_alpha_0_01/FedProx-results/test3_comunicacao/CIFAR10/FedProx__CIFAR10__Setup-5__Clients-5__Rounds-10__Delay-0_1__Alpha-0_01__Seed-59.txt
alpha-0_01 folder,FedProx,CIFAR10,0.1,0.01,60,10,5,237.98,1 x NVIDIA A40,AMD EPYC 9354P 32-Core Processor,test3_comunicacao,results/main_campaign_default_alpha_0_01/FedProx-results/test3_comunicacao/CIFAR10/FedProx__CIFAR10__Setup-5__Clients-5__Rounds-10__Delay-0_1__Alpha-0_01__Seed-60.txt
alpha-0_01 folder,FedProx,CIFAR10,0.1,0.01,61,10,5,237.87,1 x NVIDIA A40,AMD EPYC 9354P 32-Core Processor,test3_comunicacao,results/main_campaign_default_alpha_0_01/FedProx-results/test3_comunicacao/CIFAR10/FedProx__CIFAR10__Setup-5__Clients-5__Rounds-10__Delay-0_1__Alpha-0_01__Seed-61.txt
alpha-0_01 folder,FedProx,CIFAR10,0.1,0.01,62,10,5,235.86,1 x NVIDIA A40,AMD EPYC 9354P 32-Core Processor,test3_comunicacao,results/main_campaign_default_alpha_0_01/FedProx-results/test3_comunicacao/CIFAR10/FedProx__CIFAR10__Setup-5__Clients-5__Rounds-10__Delay-0_1__Alpha-0_01__Seed-62.txt
alpha-0_01 folder,FedProx,CIFAR10,0.1,0.01,63,10,5,203.34,1 x NVIDIA A40,AMD EPYC 9354P 32-Core Processor,test3_comunicacao,results/main_campaign_default_alpha_0_01/FedProx-results/test3_comunicacao/CIFAR10/FedProx__CIFAR10__Setup-5__Clients-5__Rounds-10__Delay-0_1__Alpha-0_01__Seed-63.txt
alpha-0_01 folder,FedProx,CIFAR10,0.1,0.01,64,10,5,205.75,1 x NVIDIA A40,AMD EPYC 9354P 32-Core Processor,test3_comunicacao,results/main_campaign_default_alpha_0_01/FedProx-results/test3_comunicacao/CIFAR10/FedProx__CIFAR10__Setup-5__Clients-5__Rounds-10__Delay-0_1__Alpha-0_01__Seed-64.txt
alpha-0_01 folder,FedProx,CIFAR10,0.1,0.01,65,10,5,231.85,1 x NVIDIA A40,AMD EPYC 9354P 32-Core Processor,test3_comunicacao,results/main_campaign_default_alpha_0_01/FedProx-results/test3_comunicacao/CIFAR10/FedProx__CIFAR10__Setup-5__Clients-5__Rounds-10__Delay-0_1__Alpha-0_01__Seed-65.txt
alpha-0_01 folder,FedProx,CIFAR10,0.1,0.01,66,10,5,238.07,1 x NVIDIA A40,AMD EPYC 9354P 32-Core Processor,test3_comunicacao,results/main_campaign_default_alpha_0_01/FedProx-results/test3_comunicacao/CIFAR10/FedProx__CIFAR10__Setup-5__Clients-5__Rounds-10__Delay-0_1__Alpha-0_01__Seed-66.txt
alpha-0_01 folder,FedProx,CIFAR10,0.1,0.01,67,10,5,286.23,1 x NVIDIA A40,AMD EPYC 9354P 32-Core Processor,test3_comunicacao,results/main_campaign_default_alpha_0_01/FedProx-results/test3_comunicacao/CIFAR10/FedProx__CIFAR10__Setup-5__Clients-5__Rounds-10__Delay-0_1__Alpha-0_01__Seed-67.txt
alpha-0_01 folder,FedProx,CIFAR10,0.1,0.01,68,10,5,206.26,1 x NVIDIA A40,AMD EPYC 9354P 32-Core Processor,test3_comunicacao,results/main_campaign_default_alpha_0_01/FedProx-results/test3_comunicacao/CIFAR10/FedProx__CIFAR10__Setup-5__Clients-5__Rounds-10__Delay-0_1__Alpha-0_01__Seed-68.txt
alpha-0_01 folder,FedProx,CIFAR10,0.1,0.01,69,10,5,244.36,1 x NVIDIA A40,AMD EPYC 9354P 32-Core Processor,test3_comunicacao,results/main_campaign_default_alpha_0_01/FedProx-results/test3_comunicacao/CIFAR10/FedProx__CIFAR10__Setup-5__Clients-5__Rounds-10__Delay-0_1__Alpha-0_01__Seed-69.txt
alpha-0_01 folder,FedProx,CIFAR10,0.1,0.01,70,10,5,209.23,1 x NVIDIA A40,AMD EPYC 9354P 32-Core Processor,test3_comunicacao,results/main_campaign_default_alpha_0_01/FedProx-results/test3_comunicacao/CIFAR10/FedProx__CIFAR10__Setup-5__Clients-5__Rounds-10__Delay-0_1__Alpha-0_01__Seed-70.txt
alpha-0_01 folder,FedProx,CIFAR10,0.1,0.01,71,10,5,243.71,1 x NVIDIA A40,AMD EPYC 9354P 32-Core Processor,test3_comunicacao,results/main_campaign_default_alpha_0_01/FedProx-results/test3_comunicacao/CIFAR10/FedProx__CIFAR10__Setup-5__Clients-5__Rounds-10__Delay-0_1__Alpha-0_01__Seed-71.txt
alpha-0_01 folder,FedProx,CIFAR10,0.5,0.01,42,10,5,223.08,1 x NVIDIA A40,AMD EPYC 9354P 32-Core Processor,test3_comunicacao,results/main_campaign_default_alpha_0_01/FedProx-results/test3_comunicacao/CIFAR10/FedProx__CIFAR10__Setup-5__Clients-5__Rounds-10__Delay-0_5__Alpha-0_01__Seed-42.txt
alpha-0_01 folder,FedProx,CIFAR10,0.5,0.01,43,10,5,241.83,1 x NVIDIA A40,AMD EPYC 9354P 32-Core Processor,test3_comunicacao,results/main_campaign_default_alpha_0_01/FedProx-results/test3_comunicacao/CIFAR10/FedProx__CIFAR10__Setup-5__Clients-5__Rounds-10__Delay-0_5__Alpha-0_01__Seed-43.txt
alpha-0_01 folder,FedProx,CIFAR10,0.5,0.01,44,10,5,226.62,1 x NVIDIA A40,AMD EPYC 9354P 32-Core Processor,test3_comunicacao,results/main_campaign_default_alpha_0_01/FedProx-results/test3_comunicacao/CIFAR10/FedProx__CIFAR10__Setup-5__Clients-5__Rounds-10__Delay-0_5__Alpha-0_01__Seed-44.txt
alpha-0_01 folder,FedProx,CIFAR10,0.5,0.01,45,10,5,217.50,1 x NVIDIA A40,AMD EPYC 9354P 32-Core Processor,test3_comunicacao,results/main_campaign_default_alpha_0_01/FedProx-results/test3_comunicacao/CIFAR10/FedProx__CIFAR10__Setup-5__Clients-5__Rounds-10__Delay-0_5__Alpha-0_01__Seed-45.txt
alpha-0_01 folder,FedProx,CIFAR10,0.5,0.01,46,10,5,285.54,1 x NVIDIA A40,AMD EPYC 9354P 32-Core Processor,test3_comunicacao,results/main_campaign_default_alpha_0_01/FedProx-results/test3_comunicacao/CIFAR10/FedProx__CIFAR10__Setup-5__Clients-5__Rounds-10__Delay-0_5__Alpha-0_01__Seed-46.txt
alpha-0_01 folder,FedProx,CIFAR10,0.5,0.01,47,10,5,259.63,1 x NVIDIA A40,AMD EPYC 9354P 32-Core Processor,test3_comunicacao,results/main_campaign_default_alpha_0_01/FedProx-results/test3_comunicacao/CIFAR10/FedProx__CIFAR10__Setup-5__Clients-5__Rounds-10__Delay-0_5__Alpha-0_01__Seed-47.txt
alpha-0_01 folder,FedProx,CIFAR10,0.5,0.01,48,10,5,211.39,1 x NVIDIA A40,AMD EPYC 9354P 32-Core Processor,test3_comunicacao,results/main_campaign_default_alpha_0_01/FedProx-results/test3_comunicacao/CIFAR10/FedProx__CIFAR10__Setup-5__Clients-5__Rounds-10__Delay-0_5__Alpha-0_01__Seed-48.txt
alpha-0_01 folder,FedProx,CIFAR10,0.5,0.01,49,10,5,221.42,1 x NVIDIA A40,AMD EPYC 9354P 32-Core Processor,test3_comunicacao,results/main_campaign_default_alpha_0_01/FedProx-results/test3_comunicacao/CIFAR10/FedProx__CIFAR10__Setup-5__Clients-5__Rounds-10__Delay-0_5__Alpha-0_01__Seed-49.txt
alpha-0_01 folder,FedProx,CIFAR10,0.5,0.01,50,10,5,290.10,1 x NVIDIA A40,AMD EPYC 9354P 32-Core Processor,test3_comunicacao,results/main_campaign_default_alpha_0_01/FedProx-results/test3_comunicacao/CIFAR10/FedProx__CIFAR10__Setup-5__Clients-5__Rounds-10__Delay-0_5__Alpha-0_01__Seed-50.txt
alpha-0_01 folder,FedProx,CIFAR10,0.5,0.01,51,10,5,244.56,1 x NVIDIA A40,AMD EPYC 9354P 32-Core Processor,test3_comunicacao,results/main_campaign_default_alpha_0_01/FedProx-results/test3_comunicacao/CIFAR10/FedProx__CIFAR10__Setup-5__Clients-5__Rounds-10__Delay-0_5__Alpha-0_01__Seed-51.txt
alpha-0_01 folder,FedProx,CIFAR10,0.5,0.01,52,10,5,244.86,1 x NVIDIA A40,AMD EPYC 9354P 32-Core Processor,test3_comunicacao,results/main_campaign_default_alpha_0_01/FedProx-results/test3_comunicacao/CIFAR10/FedProx__CIFAR10__Setup-5__Clients-5__Rounds-10__Delay-0_5__Alpha-0_01__Seed-52.txt
alpha-0_01 folder,FedProx,CIFAR10,0.5,0.01,53,10,5,204.06,1 x NVIDIA A40,AMD EPYC 9354P 32-Core Processor,test3_comunicacao,results/main_campaign_default_alpha_0_01/FedProx-results/test3_comunicacao/CIFAR10/FedProx__CIFAR10__Setup-5__Clients-5__Rounds-10__Delay-0_5__Alpha-0_01__Seed-53.txt
alpha-0_01 folder,FedProx,CIFAR10,0.5,0.01,54,10,5,219.50,1 x NVIDIA A40,AMD EPYC 9354P 32-Core Processor,test3_comunicacao,results/main_campaign_default_alpha_0_01/FedProx-results/test3_comunicacao/CIFAR10/FedProx__CIFAR10__Setup-5__Clients-5__Rounds-10__Delay-0_5__Alpha-0_01__Seed-54.txt
alpha-0_01 folder,FedProx,CIFAR10,0.5,0.01,55,10,5,251.21,1 x NVIDIA A40,AMD EPYC 9354P 32-Core Processor,test3_comunicacao,results/main_campaign_default_alpha_0_01/FedProx-results/test3_comunicacao/CIFAR10/FedProx__CIFAR10__Setup-5__Clients-5__Rounds-10__Delay-0_5__Alpha-0_01__Seed-55.txt
alpha-0_01 folder,FedProx,CIFAR10,0.5,0.01,56,10,5,218.99,1 x NVIDIA A40,AMD EPYC 9354P 32-Core Processor,test3_comunicacao,results/main_campaign_default_alpha_0_01/FedProx-results/test3_comunicacao/CIFAR10/FedProx__CIFAR10__Setup-5__Clients-5__Rounds-10__Delay-0_5__Alpha-0_01__Seed-56.txt
alpha-0_01 folder,FedProx,CIFAR10,0.5,0.01,57,10,5,252.57,1 x NVIDIA A40,AMD EPYC 9354P 32-Core Processor,test3_comunicacao,results/main_campaign_default_alpha_0_01/FedProx-results/test3_comunicacao/CIFAR10/FedProx__CIFAR10__Setup-5__Clients-5__Rounds-10__Delay-0_5__Alpha-0_01__Seed-57.txt
alpha-0_01 folder,FedProx,CIFAR10,0.5,0.01,58,10,5,217.12,1 x NVIDIA A40,AMD EPYC 9354P 32-Core Processor,test3_comunicacao,results/main_campaign_default_alpha_0_01/FedProx-results/test3_comunicacao/CIFAR10/FedProx__CIFAR10__Setup-5__Clients-5__Rounds-10__Delay-0_5__Alpha-0_01__Seed-58.txt
alpha-0_01 folder,FedProx,CIFAR10,0.5,0.01,59,10,5,242.70,1 x NVIDIA A40,AMD EPYC 9354P 32-Core Processor,test3_comunicacao,results/main_campaign_default_alpha_0_01/FedProx-results/test3_comunicacao/CIFAR10/FedProx__CIFAR10__Setup-5__Clients-5__Rounds-10__Delay-0_5__Alpha-0_01__Seed-59.txt
alpha-0_01 folder,FedProx,CIFAR10,0.5,0.01,60,10,5,249.73,1 x NVIDIA A40,AMD EPYC 9354P 32-Core Processor,test3_comunicacao,results/main_campaign_default_alpha_0_01/FedProx-results/test3_comunicacao/CIFAR10/FedProx__CIFAR10__Setup-5__Clients-5__Rounds-10__Delay-0_5__Alpha-0_01__Seed-60.txt
alpha-0_01 folder,FedProx,CIFAR10,0.5,0.01,61,10,5,250.56,1 x NVIDIA A40,AMD EPYC 9354P 32-Core Processor,test3_comunicacao,results/main_campaign_default_alpha_0_01/FedProx-results/test3_comunicacao/CIFAR10/FedProx__CIFAR10__Setup-5__Clients-5__Rounds-10__Delay-0_5__Alpha-0_01__Seed-61.txt
alpha-0_01 folder,FedProx,CIFAR10,0.5,0.01,62,10,5,246.93,1 x NVIDIA A40,AMD EPYC 9354P 32-Core Processor,test3_comunicacao,results/main_campaign_default_alpha_0_01/FedProx-results/test3_comunicacao/CIFAR10/FedProx__CIFAR10__Setup-5__Clients-5__Rounds-10__Delay-0_5__Alpha-0_01__Seed-62.txt
alpha-0_01 folder,FedProx,CIFAR10,0.5,0.01,63,10,5,215.65,1 x NVIDIA A40,AMD EPYC 9354P 32-Core Processor,test3_comunicacao,results/main_campaign_default_alpha_0_01/FedProx-results/test3_comunicacao/CIFAR10/FedProx__CIFAR10__Setup-5__Clients-5__Rounds-10__Delay-0_5__Alpha-0_01__Seed-63.txt
alpha-0_01 folder,FedProx,CIFAR10,0.5,0.01,64,10,5,219.34,1 x NVIDIA A40,AMD EPYC 9354P 32-Core Processor,test3_comunicacao,results/main_campaign_default_alpha_0_01/FedProx-results/test3_comunicacao/CIFAR10/FedProx__CIFAR10__Setup-5__Clients-5__Rounds-10__Delay-0_5__Alpha-0_01__Seed-64.txt
alpha-0_01 folder,FedProx,CIFAR10,0.5,0.01,65,10,5,245.39,1 x NVIDIA A40,AMD EPYC 9354P 32-Core Processor,test3_comunicacao,results/main_campaign_default_alpha_0_01/FedProx-results/test3_comunicacao/CIFAR10/FedProx__CIFAR10__Setup-5__Clients-5__Rounds-10__Delay-0_5__Alpha-0_01__Seed-65.txt
alpha-0_01 folder,FedProx,CIFAR10,0.5,0.01,66,10,5,248.10,1 x NVIDIA A40,AMD EPYC 9354P 32-Core Processor,test3_comunicacao,results/main_campaign_default_alpha_0_01/FedProx-results/test3_comunicacao/CIFAR10/FedProx__CIFAR10__Setup-5__Clients-5__Rounds-10__Delay-0_5__Alpha-0_01__Seed-66.txt
alpha-0_01 folder,FedProx,CIFAR10,0.5,0.01,67,10,5,299.09,1 x NVIDIA A40,AMD EPYC 9354P 32-Core Processor,test3_comunicacao,results/main_campaign_default_alpha_0_01/FedProx-results/test3_comunicacao/CIFAR10/FedProx__CIFAR10__Setup-5__Clients-5__Rounds-10__Delay-0_5__Alpha-0_01__Seed-67.txt
alpha-0_01 folder,FedProx,CIFAR10,0.5,0.01,68,10,5,218.98,1 x NVIDIA A40,AMD EPYC 9354P 32-Core Processor,test3_comunicacao,results/main_campaign_default_alpha_0_01/FedProx-results/test3_comunicacao/CIFAR10/FedProx__CIFAR10__Setup-5__Clients-5__Rounds-10__Delay-0_5__Alpha-0_01__Seed-68.txt
alpha-0_01 folder,FedProx,CIFAR10,0.5,0.01,69,10,5,257.39,1 x NVIDIA A40,AMD EPYC 9354P 32-Core Processor,test3_comunicacao,results/main_campaign_default_alpha_0_01/FedProx-results/test3_comunicacao/CIFAR10/FedProx__CIFAR10__Setup-5__Clients-5__Rounds-10__Delay-0_5__Alpha-0_01__Seed-69.txt
alpha-0_01 folder,FedProx,CIFAR10,0.5,0.01,70,10,5,220.88,1 x NVIDIA A40,AMD EPYC 9354P 32-Core Processor,test3_comunicacao,results/main_campaign_default_alpha_0_01/FedProx-results/test3_comunicacao/CIFAR10/FedProx__CIFAR10__Setup-5__Clients-5__Rounds-10__Delay-0_5__Alpha-0_01__Seed-70.txt
alpha-0_01 folder,FedProx,CIFAR10,0.5,0.01,71,10,5,255.91,1 x NVIDIA A40,AMD EPYC 9354P 32-Core Processor,test3_comunicacao,results/main_campaign_default_alpha_0_01/FedProx-results/test3_comunicacao/CIFAR10/FedProx__CIFAR10__Setup-5__Clients-5__Rounds-10__Delay-0_5__Alpha-0_01__Seed-71.txt
alpha-0_01 folder,FedProx,FashionMNIST,0.05,0.01,42,10,5,160.35,1 x NVIDIA A40,AMD EPYC 9354P 32-Core Processor,test3_comunicacao,results/main_campaign_default_alpha_0_01/FedProx-results/test3_comunicacao/FashionMNIST/FedProx__FashionMNIST__Setup-5__Clients-5__Rounds-10__Delay-0_05__Alpha-0_01__Seed-42.txt
alpha-0_01 folder,FedProx,FashionMNIST,0.05,0.01,43,10,5,177.50,1 x NVIDIA A40,AMD EPYC 9354P 32-Core Processor,test3_comunicacao,results/main_campaign_default_alpha_0_01/FedProx-results/test3_comunicacao/FashionMNIST/FedProx__FashionMNIST__Setup-5__Clients-5__Rounds-10__Delay-0_05__Alpha-0_01__Seed-43.txt
alpha-0_01 folder,FedProx,FashionMNIST,0.05,0.01,44,10,5,166.74,1 x NVIDIA A40,AMD EPYC 9354P 32-Core Processor,test3_comunicacao,results/main_campaign_default_alpha_0_01/FedProx-results/test3_comunicacao/FashionMNIST/FedProx__FashionMNIST__Setup-5__Clients-5__Rounds-10__Delay-0_05__Alpha-0_01__Seed-44.txt
alpha-0_01 folder,FedProx,FashionMNIST,0.05,0.01,45,10,5,158.80,1 x NVIDIA A40,AMD EPYC 9354P 32-Core Processor,test3_comunicacao,results/main_campaign_default_alpha_0_01/FedProx-results/test3_comunicacao/FashionMNIST/FedProx__FashionMNIST__Setup-5__Clients-5__Rounds-10__Delay-0_05__Alpha-0_01__Seed-45.txt
alpha-0_01 folder,FedProx,FashionMNIST,0.05,0.01,46,10,5,221.84,1 x NVIDIA A40,AMD EPYC 9354P 32-Core Processor,test3_comunicacao,results/main_campaign_default_alpha_0_01/FedProx-results/test3_comunicacao/FashionMNIST/FedProx__FashionMNIST__Setup-5__Clients-5__Rounds-10__Delay-0_05__Alpha-0_01__Seed-46.txt
alpha-0_01 folder,FedProx,FashionMNIST,0.05,0.01,47,10,5,187.46,1 x NVIDIA A40,AMD EPYC 9354P 32-Core Processor,test3_comunicacao,results/main_campaign_default_alpha_0_01/FedProx-results/test3_comunicacao/FashionMNIST/FedProx__FashionMNIST__Setup-5__Clients-5__Rounds-10__Delay-0_05__Alpha-0_01__Seed-47.txt
alpha-0_01 folder,FedProx,FashionMNIST,0.05,0.01,48,10,5,153.73,1 x NVIDIA A40,AMD EPYC 9354P 32-Core Processor,test3_comunicacao,results/main_campaign_default_alpha_0_01/FedProx-results/test3_comunicacao/FashionMNIST/FedProx__FashionMNIST__Setup-5__Clients-5__Rounds-10__Delay-0_05__Alpha-0_01__Seed-48.txt
alpha-0_01 folder,FedProx,FashionMNIST,0.05,0.01,49,10,5,162.61,1 x NVIDIA A40,AMD EPYC 9354P 32-Core Processor,test3_comunicacao,results/main_campaign_default_alpha_0_01/FedProx-results/test3_comunicacao/FashionMNIST/FedProx__FashionMNIST__Setup-5__Clients-5__Rounds-10__Delay-0_05__Alpha-0_01__Seed-49.txt
alpha-0_01 folder,FedProx,FashionMNIST,0.05,0.01,50,10,5,218.64,1 x NVIDIA A40,AMD EPYC 9354P 32-Core Processor,test3_comunicacao,results/main_campaign_default_alpha_0_01/FedProx-results/test3_comunicacao/FashionMNIST/FedProx__FashionMNIST__Setup-5__Clients-5__Rounds-10__Delay-0_05__Alpha-0_01__Seed-50.txt
alpha-0_01 folder,FedProx,FashionMNIST,0.05,0.01,51,10,5,187.77,1 x NVIDIA A40,AMD EPYC 9354P 32-Core Processor,test3_comunicacao,results/main_campaign_default_alpha_0_01/FedProx-results/test3_comunicacao/FashionMNIST/FedProx__FashionMNIST__Setup-5__Clients-5__Rounds-10__Delay-0_05__Alpha-0_01__Seed-51.txt
alpha-0_01 folder,FedProx,FashionMNIST,0.05,0.01,52,10,5,187.55,1 x NVIDIA A40,AMD EPYC 9354P 32-Core Processor,test3_comunicacao,results/main_campaign_default_alpha_0_01/FedProx-results/test3_comunicacao/FashionMNIST/FedProx__FashionMNIST__Setup-5__Clients-5__Rounds-10__Delay-0_05__Alpha-0_01__Seed-52.txt
alpha-0_01 folder,FedProx,FashionMNIST,0.05,0.01,53,10,5,153.49,1 x NVIDIA A40,AMD EPYC 9354P 32-Core Processor,test3_comunicacao,results/main_campaign_default_alpha_0_01/FedProx-results/test3_comunicacao/FashionMNIST/FedProx__FashionMNIST__Setup-5__Clients-5__Rounds-10__Delay-0_05__Alpha-0_01__Seed-53.txt
alpha-0_01 folder,FedProx,FashionMNIST,0.05,0.01,54,10,5,163.77,1 x NVIDIA A40,AMD EPYC 9354P 32-Core Processor,test3_comunicacao,results/main_campaign_default_alpha_0_01/FedProx-results/test3_comunicacao/FashionMNIST/FedProx__FashionMNIST__Setup-5__Clients-5__Rounds-10__Delay-0_05__Alpha-0_01__Seed-54.txt
alpha-0_01 folder,FedProx,FashionMNIST,0.05,0.01,55,10,5,194.46,1 x NVIDIA A40,AMD EPYC 9354P 32-Core Processor,test3_comunicacao,results/main_campaign_default_alpha_0_01/FedProx-results/test3_comunicacao/FashionMNIST/FedProx__FashionMNIST__Setup-5__Clients-5__Rounds-10__Delay-0_05__Alpha-0_01__Seed-55.txt
alpha-0_01 folder,FedProx,FashionMNIST,0.05,0.01,56,10,5,150.44,1 x NVIDIA A40,AMD EPYC 9354P 32-Core Processor,test3_comunicacao,results/main_campaign_default_alpha_0_01/FedProx-results/test3_comunicacao/FashionMNIST/FedProx__FashionMNIST__Setup-5__Clients-5__Rounds-10__Delay-0_05__Alpha-0_01__Seed-56.txt
alpha-0_01 folder,FedProx,FashionMNIST,0.05,0.01,57,10,5,187.21,1 x NVIDIA A40,AMD EPYC 9354P 32-Core Processor,test3_comunicacao,results/main_campaign_default_alpha_0_01/FedProx-results/test3_comunicacao/FashionMNIST/FedProx__FashionMNIST__Setup-5__Clients-5__Rounds-10__Delay-0_05__Alpha-0_01__Seed-57.txt
alpha-0_01 folder,FedProx,FashionMNIST,0.05,0.01,58,10,5,150.93,1 x NVIDIA A40,AMD EPYC 9354P 32-Core Processor,test3_comunicacao,results/main_campaign_default_alpha_0_01/FedProx-results/test3_comunicacao/FashionMNIST/FedProx__FashionMNIST__Setup-5__Clients-5__Rounds-10__Delay-0_05__Alpha-0_01__Seed-58.txt
alpha-0_01 folder,FedProx,FashionMNIST,0.05,0.01,59,10,5,186.86,1 x NVIDIA A40,AMD EPYC 9354P 32-Core Processor,test3_comunicacao,results/main_campaign_default_alpha_0_01/FedProx-results/test3_comunicacao/FashionMNIST/FedProx__FashionMNIST__Setup-5__Clients-5__Rounds-10__Delay-0_05__Alpha-0_01__Seed-59.txt
alpha-0_01 folder,FedProx,FashionMNIST,0.05,0.01,60,10,5,182.02,1 x NVIDIA A40,AMD EPYC 9354P 32-Core Processor,test3_comunicacao,results/main_campaign_default_alpha_0_01/FedProx-results/test3_comunicacao/FashionMNIST/FedProx__FashionMNIST__Setup-5__Clients-5__Rounds-10__Delay-0_05__Alpha-0_01__Seed-60.txt
alpha-0_01 folder,FedProx,FashionMNIST,0.05,0.01,61,10,5,184.21,1 x NVIDIA A40,AMD EPYC 9354P 32-Core Processor,test3_comunicacao,results/main_campaign_default_alpha_0_01/FedProx-results/test3_comunicacao/FashionMNIST/FedProx__FashionMNIST__Setup-5__Clients-5__Rounds-10__Delay-0_05__Alpha-0_01__Seed-61.txt
alpha-0_01 folder,FedProx,FashionMNIST,0.05,0.01,62,10,5,191.15,1 x NVIDIA A40,AMD EPYC 9354P 32-Core Processor,test3_comunicacao,results/main_campaign_default_alpha_0_01/FedProx-results/test3_comunicacao/FashionMNIST/FedProx__FashionMNIST__Setup-5__Clients-5__Rounds-10__Delay-0_05__Alpha-0_01__Seed-62.txt
alpha-0_01 folder,FedProx,FashionMNIST,0.05,0.01,63,10,5,154.48,1 x NVIDIA A40,AMD EPYC 9354P 32-Core Processor,test3_comunicacao,results/main_campaign_default_alpha_0_01/FedProx-results/test3_comunicacao/FashionMNIST/FedProx__FashionMNIST__Setup-5__Clients-5__Rounds-10__Delay-0_05__Alpha-0_01__Seed-63.txt
alpha-0_01 folder,FedProx,FashionMNIST,0.05,0.01,64,10,5,149.82,1 x NVIDIA A40,AMD EPYC 9354P 32-Core Processor,test3_comunicacao,results/main_campaign_default_alpha_0_01/FedProx-results/test3_comunicacao/FashionMNIST/FedProx__FashionMNIST__Setup-5__Clients-5__Rounds-10__Delay-0_05__Alpha-0_01__Seed-64.txt
alpha-0_01 folder,FedProx,FashionMNIST,0.05,0.01,65,10,5,177.79,1 x NVIDIA A40,AMD EPYC 9354P 32-Core Processor,test3_comunicacao,results/main_campaign_default_alpha_0_01/FedProx-results/test3_comunicacao/FashionMNIST/FedProx__FashionMNIST__Setup-5__Clients-5__Rounds-10__Delay-0_05__Alpha-0_01__Seed-65.txt
alpha-0_01 folder,FedProx,FashionMNIST,0.05,0.01,66,10,5,186.56,1 x NVIDIA A40,AMD EPYC 9354P 32-Core Processor,test3_comunicacao,results/main_campaign_default_alpha_0_01/FedProx-results/test3_comunicacao/FashionMNIST/FedProx__FashionMNIST__Setup-5__Clients-5__Rounds-10__Delay-0_05__Alpha-0_01__Seed-66.txt
alpha-0_01 folder,FedProx,FashionMNIST,0.05,0.01,67,10,5,222.49,1 x NVIDIA A40,AMD EPYC 9354P 32-Core Processor,test3_comunicacao,results/main_campaign_default_alpha_0_01/FedProx-results/test3_comunicacao/FashionMNIST/FedProx__FashionMNIST__Setup-5__Clients-5__Rounds-10__Delay-0_05__Alpha-0_01__Seed-67.txt
alpha-0_01 folder,FedProx,FashionMNIST,0.05,0.01,68,10,5,151.24,1 x NVIDIA A40,AMD EPYC 9354P 32-Core Processor,test3_comunicacao,results/main_campaign_default_alpha_0_01/FedProx-results/test3_comunicacao/FashionMNIST/FedProx__FashionMNIST__Setup-5__Clients-5__Rounds-10__Delay-0_05__Alpha-0_01__Seed-68.txt
alpha-0_01 folder,FedProx,FashionMNIST,0.05,0.01,69,10,5,195.27,1 x NVIDIA A40,AMD EPYC 9354P 32-Core Processor,test3_comunicacao,results/main_campaign_default_alpha_0_01/FedProx-results/test3_comunicacao/FashionMNIST/FedProx__FashionMNIST__Setup-5__Clients-5__Rounds-10__Delay-0_05__Alpha-0_01__Seed-69.txt
alpha-0_01 folder,FedProx,FashionMNIST,0.05,0.01,70,10,5,150.36,1 x NVIDIA A40,AMD EPYC 9354P 32-Core Processor,test3_comunicacao,results/main_campaign_default_alpha_0_01/FedProx-results/test3_comunicacao/FashionMNIST/FedProx__FashionMNIST__Setup-5__Clients-5__Rounds-10__Delay-0_05__Alpha-0_01__Seed-70.txt
alpha-0_01 folder,FedProx,FashionMNIST,0.05,0.01,71,10,5,189.10,1 x NVIDIA A40,AMD EPYC 9354P 32-Core Processor,test3_comunicacao,results/main_campaign_default_alpha_0_01/FedProx-results/test3_comunicacao/FashionMNIST/FedProx__FashionMNIST__Setup-5__Clients-5__Rounds-10__Delay-0_05__Alpha-0_01__Seed-71.txt
alpha-0_01 folder,FedProx,FashionMNIST,0.1,0.01,42,10,5,160.77,1 x NVIDIA A40,AMD EPYC 9354P 32-Core Processor,test3_comunicacao,results/main_campaign_default_alpha_0_01/FedProx-results/test3_comunicacao/FashionMNIST/FedProx__FashionMNIST__Setup-5__Clients-5__Rounds-10__Delay-0_1__Alpha-0_01__Seed-42.txt
alpha-0_01 folder,FedProx,FashionMNIST,0.1,0.01,43,10,5,177.38,1 x NVIDIA A40,AMD EPYC 9354P 32-Core Processor,test3_comunicacao,results/main_campaign_default_alpha_0_01/FedProx-results/test3_comunicacao/FashionMNIST/FedProx__FashionMNIST__Setup-5__Clients-5__Rounds-10__Delay-0_1__Alpha-0_01__Seed-43.txt
alpha-0_01 folder,FedProx,FashionMNIST,0.1,0.01,44,10,5,169.46,1 x NVIDIA A40,AMD EPYC 9354P 32-Core Processor,test3_comunicacao,results/main_campaign_default_alpha_0_01/FedProx-results/test3_comunicacao/FashionMNIST/FedProx__FashionMNIST__Setup-5__Clients-5__Rounds-10__Delay-0_1__Alpha-0_01__Seed-44.txt
alpha-0_01 folder,FedProx,FashionMNIST,0.1,0.01,45,10,5,160.59,1 x NVIDIA A40,AMD EPYC 9354P 32-Core Processor,test3_comunicacao,results/main_campaign_default_alpha_0_01/FedProx-results/test3_comunicacao/FashionMNIST/FedProx__FashionMNIST__Setup-5__Clients-5__Rounds-10__Delay-0_1__Alpha-0_01__Seed-45.txt
alpha-0_01 folder,FedProx,FashionMNIST,0.1,0.01,46,10,5,225.18,1 x NVIDIA A40,AMD EPYC 9354P 32-Core Processor,test3_comunicacao,results/main_campaign_default_alpha_0_01/FedProx-results/test3_comunicacao/FashionMNIST/FedProx__FashionMNIST__Setup-5__Clients-5__Rounds-10__Delay-0_1__Alpha-0_01__Seed-46.txt
alpha-0_01 folder,FedProx,FashionMNIST,0.1,0.01,47,10,5,190.16,1 x NVIDIA A40,AMD EPYC 9354P 32-Core Processor,test3_comunicacao,results/main_campaign_default_alpha_0_01/FedProx-results/test3_comunicacao/FashionMNIST/FedProx__FashionMNIST__Setup-5__Clients-5__Rounds-10__Delay-0_1__Alpha-0_01__Seed-47.txt
alpha-0_01 folder,FedProx,FashionMNIST,0.1,0.01,48,10,5,154.58,1 x NVIDIA A40,AMD EPYC 9354P 32-Core Processor,test3_comunicacao,results/main_campaign_default_alpha_0_01/FedProx-results/test3_comunicacao/FashionMNIST/FedProx__FashionMNIST__Setup-5__Clients-5__Rounds-10__Delay-0_1__Alpha-0_01__Seed-48.txt
alpha-0_01 folder,FedProx,FashionMNIST,0.1,0.01,49,10,5,163.97,1 x NVIDIA A40,AMD EPYC 9354P 32-Core Processor,test3_comunicacao,results/main_campaign_default_alpha_0_01/FedProx-results/test3_comunicacao/FashionMNIST/FedProx__FashionMNIST__Setup-5__Clients-5__Rounds-10__Delay-0_1__Alpha-0_01__Seed-49.txt
alpha-0_01 folder,FedProx,FashionMNIST,0.1,0.01,50,10,5,220.13,1 x NVIDIA A40,AMD EPYC 9354P 32-Core Processor,test3_comunicacao,results/main_campaign_default_alpha_0_01/FedProx-results/test3_comunicacao/FashionMNIST/FedProx__FashionMNIST__Setup-5__Clients-5__Rounds-10__Delay-0_1__Alpha-0_01__Seed-50.txt
alpha-0_01 folder,FedProx,FashionMNIST,0.1,0.01,51,10,5,188.37,1 x NVIDIA A40,AMD EPYC 9354P 32-Core Processor,test3_comunicacao,results/main_campaign_default_alpha_0_01/FedProx-results/test3_comunicacao/FashionMNIST/FedProx__FashionMNIST__Setup-5__Clients-5__Rounds-10__Delay-0_1__Alpha-0_01__Seed-51.txt
alpha-0_01 folder,FedProx,FashionMNIST,0.1,0.01,52,10,5,188.68,1 x NVIDIA A40,AMD EPYC 9354P 32-Core Processor,test3_comunicacao,results/main_campaign_default_alpha_0_01/FedProx-results/test3_comunicacao/FashionMNIST/FedProx__FashionMNIST__Setup-5__Clients-5__Rounds-10__Delay-0_1__Alpha-0_01__Seed-52.txt
alpha-0_01 folder,FedProx,FashionMNIST,0.1,0.01,53,10,5,156.39,1 x NVIDIA A40,AMD EPYC 9354P 32-Core Processor,test3_comunicacao,results/main_campaign_default_alpha_0_01/FedProx-results/test3_comunicacao/FashionMNIST/FedProx__FashionMNIST__Setup-5__Clients-5__Rounds-10__Delay-0_1__Alpha-0_01__Seed-53.txt
alpha-0_01 folder,FedProx,FashionMNIST,0.1,0.01,54,10,5,166.30,1 x NVIDIA A40,AMD EPYC 9354P 32-Core Processor,test3_comunicacao,results/main_campaign_default_alpha_0_01/FedProx-results/test3_comunicacao/FashionMNIST/FedProx__FashionMNIST__Setup-5__Clients-5__Rounds-10__Delay-0_1__Alpha-0_01__Seed-54.txt
alpha-0_01 folder,FedProx,FashionMNIST,0.1,0.01,55,10,5,196.64,1 x NVIDIA A40,AMD EPYC 9354P 32-Core Processor,test3_comunicacao,results/main_campaign_default_alpha_0_01/FedProx-results/test3_comunicacao/FashionMNIST/FedProx__FashionMNIST__Setup-5__Clients-5__Rounds-10__Delay-0_1__Alpha-0_01__Seed-55.txt
alpha-0_01 folder,FedProx,FashionMNIST,0.1,0.01,56,10,5,153.42,1 x NVIDIA A40,AMD EPYC 9354P 32-Core Processor,test3_comunicacao,results/main_campaign_default_alpha_0_01/FedProx-results/test3_comunicacao/FashionMNIST/FedProx__FashionMNIST__Setup-5__Clients-5__Rounds-10__Delay-0_1__Alpha-0_01__Seed-56.txt
alpha-0_01 folder,FedProx,FashionMNIST,0.1,0.01,57,10,5,187.99,1 x NVIDIA A40,AMD EPYC 9354P 32-Core Processor,test3_comunicacao,results/main_campaign_default_alpha_0_01/FedProx-results/test3_comunicacao/FashionMNIST/FedProx__FashionMNIST__Setup-5__Clients-5__Rounds-10__Delay-0_1__Alpha-0_01__Seed-57.txt
alpha-0_01 folder,FedProx,FashionMNIST,0.1,0.01,58,10,5,152.58,1 x NVIDIA A40,AMD EPYC 9354P 32-Core Processor,test3_comunicacao,results/main_campaign_default_alpha_0_01/FedProx-results/test3_comunicacao/FashionMNIST/FedProx__FashionMNIST__Setup-5__Clients-5__Rounds-10__Delay-0_1__Alpha-0_01__Seed-58.txt
alpha-0_01 folder,FedProx,FashionMNIST,0.1,0.01,59,10,5,187.49,1 x NVIDIA A40,AMD EPYC 9354P 32-Core Processor,test3_comunicacao,results/main_campaign_default_alpha_0_01/FedProx-results/test3_comunicacao/FashionMNIST/FedProx__FashionMNIST__Setup-5__Clients-5__Rounds-10__Delay-0_1__Alpha-0_01__Seed-59.txt
alpha-0_01 folder,FedProx,FashionMNIST,0.1,0.01,60,10,5,184.74,1 x NVIDIA A40,AMD EPYC 9354P 32-Core Processor,test3_comunicacao,results/main_campaign_default_alpha_0_01/FedProx-results/test3_comunicacao/FashionMNIST/FedProx__FashionMNIST__Setup-5__Clients-5__Rounds-10__Delay-0_1__Alpha-0_01__Seed-60.txt
alpha-0_01 folder,FedProx,FashionMNIST,0.1,0.01,61,10,5,186.23,1 x NVIDIA A40,AMD EPYC 9354P 32-Core Processor,test3_comunicacao,results/main_campaign_default_alpha_0_01/FedProx-results/test3_comunicacao/FashionMNIST/FedProx__FashionMNIST__Setup-5__Clients-5__Rounds-10__Delay-0_1__Alpha-0_01__Seed-61.txt
alpha-0_01 folder,FedProx,FashionMNIST,0.1,0.01,62,10,5,193.12,1 x NVIDIA A40,AMD EPYC 9354P 32-Core Processor,test3_comunicacao,results/main_campaign_default_alpha_0_01/FedProx-results/test3_comunicacao/FashionMNIST/FedProx__FashionMNIST__Setup-5__Clients-5__Rounds-10__Delay-0_1__Alpha-0_01__Seed-62.txt
alpha-0_01 folder,FedProx,FashionMNIST,0.1,0.01,63,10,5,156.15,1 x NVIDIA A40,AMD EPYC 9354P 32-Core Processor,test3_comunicacao,results/main_campaign_default_alpha_0_01/FedProx-results/test3_comunicacao/FashionMNIST/FedProx__FashionMNIST__Setup-5__Clients-5__Rounds-10__Delay-0_1__Alpha-0_01__Seed-63.txt
alpha-0_01 folder,FedProx,FashionMNIST,0.1,0.01,64,10,5,151.15,1 x NVIDIA A40,AMD EPYC 9354P 32-Core Processor,test3_comunicacao,results/main_campaign_default_alpha_0_01/FedProx-results/test3_comunicacao/FashionMNIST/FedProx__FashionMNIST__Setup-5__Clients-5__Rounds-10__Delay-0_1__Alpha-0_01__Seed-64.txt
alpha-0_01 folder,FedProx,FashionMNIST,0.1,0.01,65,10,5,179.71,1 x NVIDIA A40,AMD EPYC 9354P 32-Core Processor,test3_comunicacao,results/main_campaign_default_alpha_0_01/FedProx-results/test3_comunicacao/FashionMNIST/FedProx__FashionMNIST__Setup-5__Clients-5__Rounds-10__Delay-0_1__Alpha-0_01__Seed-65.txt
alpha-0_01 folder,FedProx,FashionMNIST,0.1,0.01,66,10,5,187.10,1 x NVIDIA A40,AMD EPYC 9354P 32-Core Processor,test3_comunicacao,results/main_campaign_default_alpha_0_01/FedProx-results/test3_comunicacao/FashionMNIST/FedProx__FashionMNIST__Setup-5__Clients-5__Rounds-10__Delay-0_1__Alpha-0_01__Seed-66.txt
alpha-0_01 folder,FedProx,FashionMNIST,0.1,0.01,67,10,5,226.76,1 x NVIDIA A40,AMD EPYC 9354P 32-Core Processor,test3_comunicacao,results/main_campaign_default_alpha_0_01/FedProx-results/test3_comunicacao/FashionMNIST/FedProx__FashionMNIST__Setup-5__Clients-5__Rounds-10__Delay-0_1__Alpha-0_01__Seed-67.txt
alpha-0_01 folder,FedProx,FashionMNIST,0.1,0.01,68,10,5,152.70,1 x NVIDIA A40,AMD EPYC 9354P 32-Core Processor,test3_comunicacao,results/main_campaign_default_alpha_0_01/FedProx-results/test3_comunicacao/FashionMNIST/FedProx__FashionMNIST__Setup-5__Clients-5__Rounds-10__Delay-0_1__Alpha-0_01__Seed-68.txt
alpha-0_01 folder,FedProx,FashionMNIST,0.1,0.01,69,10,5,196.13,1 x NVIDIA A40,AMD EPYC 9354P 32-Core Processor,test3_comunicacao,results/main_campaign_default_alpha_0_01/FedProx-results/test3_comunicacao/FashionMNIST/FedProx__FashionMNIST__Setup-5__Clients-5__Rounds-10__Delay-0_1__Alpha-0_01__Seed-69.txt
alpha-0_01 folder,FedProx,FashionMNIST,0.1,0.01,70,10,5,151.84,1 x NVIDIA A40,AMD EPYC 9354P 32-Core Processor,test3_comunicacao,results/main_campaign_default_alpha_0_01/FedProx-results/test3_comunicacao/FashionMNIST/FedProx__FashionMNIST__Setup-5__Clients-5__Rounds-10__Delay-0_1__Alpha-0_01__Seed-70.txt
alpha-0_01 folder,FedProx,FashionMNIST,0.1,0.01,71,10,5,191.21,1 x NVIDIA A40,AMD EPYC 9354P 32-Core Processor,test3_comunicacao,results/main_campaign_default_alpha_0_01/FedProx-results/test3_comunicacao/FashionMNIST/FedProx__FashionMNIST__Setup-5__Clients-5__Rounds-10__Delay-0_1__Alpha-0_01__Seed-71.txt
alpha-0_01 folder,FedProx,FashionMNIST,0.5,0.01,42,10,5,174.55,1 x NVIDIA A40,AMD EPYC 9354P 32-Core Processor,test3_comunicacao,results/main_campaign_default_alpha_0_01/FedProx-results/test3_comunicacao/FashionMNIST/FedProx__FashionMNIST__Setup-5__Clients-5__Rounds-10__Delay-0_5__Alpha-0_01__Seed-42.txt
alpha-0_01 folder,FedProx,FashionMNIST,0.5,0.01,43,10,5,191.62,1 x NVIDIA A40,AMD EPYC 9354P 32-Core Processor,test3_comunicacao,results/main_campaign_default_alpha_0_01/FedProx-results/test3_comunicacao/FashionMNIST/FedProx__FashionMNIST__Setup-5__Clients-5__Rounds-10__Delay-0_5__Alpha-0_01__Seed-43.txt
alpha-0_01 folder,FedProx,FashionMNIST,0.5,0.01,44,10,5,181.77,1 x NVIDIA A40,AMD EPYC 9354P 32-Core Processor,test3_comunicacao,results/main_campaign_default_alpha_0_01/FedProx-results/test3_comunicacao/FashionMNIST/FedProx__FashionMNIST__Setup-5__Clients-5__Rounds-10__Delay-0_5__Alpha-0_01__Seed-44.txt
alpha-0_01 folder,FedProx,FashionMNIST,0.5,0.01,45,10,5,172.44,1 x NVIDIA A40,AMD EPYC 9354P 32-Core Processor,test3_comunicacao,results/main_campaign_default_alpha_0_01/FedProx-results/test3_comunicacao/FashionMNIST/FedProx__FashionMNIST__Setup-5__Clients-5__Rounds-10__Delay-0_5__Alpha-0_01__Seed-45.txt
alpha-0_01 folder,FedProx,FashionMNIST,0.5,0.01,46,10,5,236.52,1 x NVIDIA A40,AMD EPYC 9354P 32-Core Processor,test3_comunicacao,results/main_campaign_default_alpha_0_01/FedProx-results/test3_comunicacao/FashionMNIST/FedProx__FashionMNIST__Setup-5__Clients-5__Rounds-10__Delay-0_5__Alpha-0_01__Seed-46.txt
alpha-0_01 folder,FedProx,FashionMNIST,0.5,0.01,47,10,5,202.91,1 x NVIDIA A40,AMD EPYC 9354P 32-Core Processor,test3_comunicacao,results/main_campaign_default_alpha_0_01/FedProx-results/test3_comunicacao/FashionMNIST/FedProx__FashionMNIST__Setup-5__Clients-5__Rounds-10__Delay-0_5__Alpha-0_01__Seed-47.txt
alpha-0_01 folder,FedProx,FashionMNIST,0.5,0.01,48,10,5,167.88,1 x NVIDIA A40,AMD EPYC 9354P 32-Core Processor,test3_comunicacao,results/main_campaign_default_alpha_0_01/FedProx-results/test3_comunicacao/FashionMNIST/FedProx__FashionMNIST__Setup-5__Clients-5__Rounds-10__Delay-0_5__Alpha-0_01__Seed-48.txt
alpha-0_01 folder,FedProx,FashionMNIST,0.5,0.01,49,10,5,175.82,1 x NVIDIA A40,AMD EPYC 9354P 32-Core Processor,test3_comunicacao,results/main_campaign_default_alpha_0_01/FedProx-results/test3_comunicacao/FashionMNIST/FedProx__FashionMNIST__Setup-5__Clients-5__Rounds-10__Delay-0_5__Alpha-0_01__Seed-49.txt
alpha-0_01 folder,FedProx,FashionMNIST,0.5,0.01,50,10,5,232.84,1 x NVIDIA A40,AMD EPYC 9354P 32-Core Processor,test3_comunicacao,results/main_campaign_default_alpha_0_01/FedProx-results/test3_comunicacao/FashionMNIST/FedProx__FashionMNIST__Setup-5__Clients-5__Rounds-10__Delay-0_5__Alpha-0_01__Seed-50.txt
alpha-0_01 folder,FedProx,FashionMNIST,0.5,0.01,51,10,5,201.74,1 x NVIDIA A40,AMD EPYC 9354P 32-Core Processor,test3_comunicacao,results/main_campaign_default_alpha_0_01/FedProx-results/test3_comunicacao/FashionMNIST/FedProx__FashionMNIST__Setup-5__Clients-5__Rounds-10__Delay-0_5__Alpha-0_01__Seed-51.txt
alpha-0_01 folder,FedProx,FashionMNIST,0.5,0.01,52,10,5,202.05,1 x NVIDIA A40,AMD EPYC 9354P 32-Core Processor,test3_comunicacao,results/main_campaign_default_alpha_0_01/FedProx-results/test3_comunicacao/FashionMNIST/FedProx__FashionMNIST__Setup-5__Clients-5__Rounds-10__Delay-0_5__Alpha-0_01__Seed-52.txt
alpha-0_01 folder,FedProx,FashionMNIST,0.5,0.01,53,10,5,166.71,1 x NVIDIA A40,AMD EPYC 9354P 32-Core Processor,test3_comunicacao,results/main_campaign_default_alpha_0_01/FedProx-results/test3_comunicacao/FashionMNIST/FedProx__FashionMNIST__Setup-5__Clients-5__Rounds-10__Delay-0_5__Alpha-0_01__Seed-53.txt
alpha-0_01 folder,FedProx,FashionMNIST,0.5,0.01,54,10,5,177.97,1 x NVIDIA A40,AMD EPYC 9354P 32-Core Processor,test3_comunicacao,results/main_campaign_default_alpha_0_01/FedProx-results/test3_comunicacao/FashionMNIST/FedProx__FashionMNIST__Setup-5__Clients-5__Rounds-10__Delay-0_5__Alpha-0_01__Seed-54.txt
alpha-0_01 folder,FedProx,FashionMNIST,0.5,0.01,55,10,5,209.13,1 x NVIDIA A40,AMD EPYC 9354P 32-Core Processor,test3_comunicacao,results/main_campaign_default_alpha_0_01/FedProx-results/test3_comunicacao/FashionMNIST/FedProx__FashionMNIST__Setup-5__Clients-5__Rounds-10__Delay-0_5__Alpha-0_01__Seed-55.txt
alpha-0_01 folder,FedProx,FashionMNIST,0.5,0.01,56,10,5,165.49,1 x NVIDIA A40,AMD EPYC 9354P 32-Core Processor,test3_comunicacao,results/main_campaign_default_alpha_0_01/FedProx-results/test3_comunicacao/FashionMNIST/FedProx__FashionMNIST__Setup-5__Clients-5__Rounds-10__Delay-0_5__Alpha-0_01__Seed-56.txt
alpha-0_01 folder,FedProx,FashionMNIST,0.5,0.01,57,10,5,201.35,1 x NVIDIA A40,AMD EPYC 9354P 32-Core Processor,test3_comunicacao,results/main_campaign_default_alpha_0_01/FedProx-results/test3_comunicacao/FashionMNIST/FedProx__FashionMNIST__Setup-5__Clients-5__Rounds-10__Delay-0_5__Alpha-0_01__Seed-57.txt
alpha-0_01 folder,FedProx,FashionMNIST,0.5,0.01,58,10,5,164.70,1 x NVIDIA A40,AMD EPYC 9354P 32-Core Processor,test3_comunicacao,results/main_campaign_default_alpha_0_01/FedProx-results/test3_comunicacao/FashionMNIST/FedProx__FashionMNIST__Setup-5__Clients-5__Rounds-10__Delay-0_5__Alpha-0_01__Seed-58.txt
alpha-0_01 folder,FedProx,FashionMNIST,0.5,0.01,59,10,5,199.37,1 x NVIDIA A40,AMD EPYC 9354P 32-Core Processor,test3_comunicacao,results/main_campaign_default_alpha_0_01/FedProx-results/test3_comunicacao/FashionMNIST/FedProx__FashionMNIST__Setup-5__Clients-5__Rounds-10__Delay-0_5__Alpha-0_01__Seed-59.txt
alpha-0_01 folder,FedProx,FashionMNIST,0.5,0.01,60,10,5,196.59,1 x NVIDIA A40,AMD EPYC 9354P 32-Core Processor,test3_comunicacao,results/main_campaign_default_alpha_0_01/FedProx-results/test3_comunicacao/FashionMNIST/FedProx__FashionMNIST__Setup-5__Clients-5__Rounds-10__Delay-0_5__Alpha-0_01__Seed-60.txt
alpha-0_01 folder,FedProx,FashionMNIST,0.5,0.01,61,10,5,198.10,1 x NVIDIA A40,AMD EPYC 9354P 32-Core Processor,test3_comunicacao,results/main_campaign_default_alpha_0_01/FedProx-results/test3_comunicacao/FashionMNIST/FedProx__FashionMNIST__Setup-5__Clients-5__Rounds-10__Delay-0_5__Alpha-0_01__Seed-61.txt
alpha-0_01 folder,FedProx,FashionMNIST,0.5,0.01,62,10,5,205.03,1 x NVIDIA A40,AMD EPYC 9354P 32-Core Processor,test3_comunicacao,results/main_campaign_default_alpha_0_01/FedProx-results/test3_comunicacao/FashionMNIST/FedProx__FashionMNIST__Setup-5__Clients-5__Rounds-10__Delay-0_5__Alpha-0_01__Seed-62.txt
alpha-0_01 folder,FedProx,FashionMNIST,0.5,0.01,63,10,5,168.44,1 x NVIDIA A40,AMD EPYC 9354P 32-Core Processor,test3_comunicacao,results/main_campaign_default_alpha_0_01/FedProx-results/test3_comunicacao/FashionMNIST/FedProx__FashionMNIST__Setup-5__Clients-5__Rounds-10__Delay-0_5__Alpha-0_01__Seed-63.txt
alpha-0_01 folder,FedProx,FashionMNIST,0.5,0.01,64,10,5,163.83,1 x NVIDIA A40,AMD EPYC 9354P 32-Core Processor,test3_comunicacao,results/main_campaign_default_alpha_0_01/FedProx-results/test3_comunicacao/FashionMNIST/FedProx__FashionMNIST__Setup-5__Clients-5__Rounds-10__Delay-0_5__Alpha-0_01__Seed-64.txt
alpha-0_01 folder,FedProx,FashionMNIST,0.5,0.01,65,10,5,191.96,1 x NVIDIA A40,AMD EPYC 9354P 32-Core Processor,test3_comunicacao,results/main_campaign_default_alpha_0_01/FedProx-results/test3_comunicacao/FashionMNIST/FedProx__FashionMNIST__Setup-5__Clients-5__Rounds-10__Delay-0_5__Alpha-0_01__Seed-65.txt
alpha-0_01 folder,FedProx,FashionMNIST,0.5,0.01,66,10,5,199.97,1 x NVIDIA A40,AMD EPYC 9354P 32-Core Processor,test3_comunicacao,results/main_campaign_default_alpha_0_01/FedProx-results/test3_comunicacao/FashionMNIST/FedProx__FashionMNIST__Setup-5__Clients-5__Rounds-10__Delay-0_5__Alpha-0_01__Seed-66.txt
alpha-0_01 folder,FedProx,FashionMNIST,0.5,0.01,67,10,5,237.87,1 x NVIDIA A40,AMD EPYC 9354P 32-Core Processor,test3_comunicacao,results/main_campaign_default_alpha_0_01/FedProx-results/test3_comunicacao/FashionMNIST/FedProx__FashionMNIST__Setup-5__Clients-5__Rounds-10__Delay-0_5__Alpha-0_01__Seed-67.txt
alpha-0_01 folder,FedProx,FashionMNIST,0.5,0.01,68,10,5,164.10,1 x NVIDIA A40,AMD EPYC 9354P 32-Core Processor,test3_comunicacao,results/main_campaign_default_alpha_0_01/FedProx-results/test3_comunicacao/FashionMNIST/FedProx__FashionMNIST__Setup-5__Clients-5__Rounds-10__Delay-0_5__Alpha-0_01__Seed-68.txt
alpha-0_01 folder,FedProx,FashionMNIST,0.5,0.01,69,10,5,208.80,1 x NVIDIA A40,AMD EPYC 9354P 32-Core Processor,test3_comunicacao,results/main_campaign_default_alpha_0_01/FedProx-results/test3_comunicacao/FashionMNIST/FedProx__FashionMNIST__Setup-5__Clients-5__Rounds-10__Delay-0_5__Alpha-0_01__Seed-69.txt
alpha-0_01 folder,FedProx,FashionMNIST,0.5,0.01,70,10,5,164.35,1 x NVIDIA A40,AMD EPYC 9354P 32-Core Processor,test3_comunicacao,results/main_campaign_default_alpha_0_01/FedProx-results/test3_comunicacao/FashionMNIST/FedProx__FashionMNIST__Setup-5__Clients-5__Rounds-10__Delay-0_5__Alpha-0_01__Seed-70.txt
alpha-0_01 folder,FedProx,FashionMNIST,0.5,0.01,71,10,5,202.45,1 x NVIDIA A40,AMD EPYC 9354P 32-Core Processor,test3_comunicacao,results/main_campaign_default_alpha_0_01/FedProx-results/test3_comunicacao/FashionMNIST/FedProx__FashionMNIST__Setup-5__Clients-5__Rounds-10__Delay-0_5__Alpha-0_01__Seed-71.txt
alpha-0_01 folder,FedProx,MNIST,0.05,0.01,42,10,5,164.04,1 x NVIDIA A40,AMD EPYC 9354P 32-Core Processor,test3_comunicacao,results/main_campaign_default_alpha_0_01/FedProx-results/test3_comunicacao/MNIST/FedProx__MNIST__Setup-5__Clients-5__Rounds-10__Delay-0_05__Alpha-0_01__Seed-42.txt
alpha-0_01 folder,FedProx,MNIST,0.05,0.01,43,10,5,172.63,1 x NVIDIA A40,AMD EPYC 9354P 32-Core Processor,test3_comunicacao,results/main_campaign_default_alpha_0_01/FedProx-results/test3_comunicacao/MNIST/FedProx__MNIST__Setup-5__Clients-5__Rounds-10__Delay-0_05__Alpha-0_01__Seed-43.txt
alpha-0_01 folder,FedProx,MNIST,0.05,0.01,44,10,5,167.63,1 x NVIDIA A40,AMD EPYC 9354P 32-Core Processor,test3_comunicacao,results/main_campaign_default_alpha_0_01/FedProx-results/test3_comunicacao/MNIST/FedProx__MNIST__Setup-5__Clients-5__Rounds-10__Delay-0_05__Alpha-0_01__Seed-44.txt
alpha-0_01 folder,FedProx,MNIST,0.05,0.01,45,10,5,157.62,1 x NVIDIA A40,AMD EPYC 9354P 32-Core Processor,test3_comunicacao,results/main_campaign_default_alpha_0_01/FedProx-results/test3_comunicacao/MNIST/FedProx__MNIST__Setup-5__Clients-5__Rounds-10__Delay-0_05__Alpha-0_01__Seed-45.txt
alpha-0_01 folder,FedProx,MNIST,0.05,0.01,46,10,5,215.83,1 x NVIDIA A40,AMD EPYC 9354P 32-Core Processor,test3_comunicacao,results/main_campaign_default_alpha_0_01/FedProx-results/test3_comunicacao/MNIST/FedProx__MNIST__Setup-5__Clients-5__Rounds-10__Delay-0_05__Alpha-0_01__Seed-46.txt
alpha-0_01 folder,FedProx,MNIST,0.05,0.01,47,10,5,188.01,1 x NVIDIA A40,AMD EPYC 9354P 32-Core Processor,test3_comunicacao,results/main_campaign_default_alpha_0_01/FedProx-results/test3_comunicacao/MNIST/FedProx__MNIST__Setup-5__Clients-5__Rounds-10__Delay-0_05__Alpha-0_01__Seed-47.txt
alpha-0_01 folder,FedProx,MNIST,0.05,0.01,48,10,5,153.87,1 x NVIDIA A40,AMD EPYC 9354P 32-Core Processor,test3_comunicacao,results/main_campaign_default_alpha_0_01/FedProx-results/test3_comunicacao/MNIST/FedProx__MNIST__Setup-5__Clients-5__Rounds-10__Delay-0_05__Alpha-0_01__Seed-48.txt
alpha-0_01 folder,FedProx,MNIST,0.05,0.01,49,10,5,160.08,1 x NVIDIA A40,AMD EPYC 9354P 32-Core Processor,test3_comunicacao,results/main_campaign_default_alpha_0_01/FedProx-results/test3_comunicacao/MNIST/FedProx__MNIST__Setup-5__Clients-5__Rounds-10__Delay-0_05__Alpha-0_01__Seed-49.txt
alpha-0_01 folder,FedProx,MNIST,0.05,0.01,50,10,5,219.79,1 x NVIDIA A40,AMD EPYC 9354P 32-Core Processor,test3_comunicacao,results/main_campaign_default_alpha_0_01/FedProx-results/test3_comunicacao/MNIST/FedProx__MNIST__Setup-5__Clients-5__Rounds-10__Delay-0_05__Alpha-0_01__Seed-50.txt
alpha-0_01 folder,FedProx,MNIST,0.05,0.01,51,10,5,188.75,1 x NVIDIA A40,AMD EPYC 9354P 32-Core Processor,test3_comunicacao,results/main_campaign_default_alpha_0_01/FedProx-results/test3_comunicacao/MNIST/FedProx__MNIST__Setup-5__Clients-5__Rounds-10__Delay-0_05__Alpha-0_01__Seed-51.txt
alpha-0_01 folder,FedProx,MNIST,0.05,0.01,52,10,5,187.22,1 x NVIDIA A40,AMD EPYC 9354P 32-Core Processor,test3_comunicacao,results/main_campaign_default_alpha_0_01/FedProx-results/test3_comunicacao/MNIST/FedProx__MNIST__Setup-5__Clients-5__Rounds-10__Delay-0_05__Alpha-0_01__Seed-52.txt
alpha-0_01 folder,FedProx,MNIST,0.05,0.01,53,10,5,152.51,1 x NVIDIA A40,AMD EPYC 9354P 32-Core Processor,test3_comunicacao,results/main_campaign_default_alpha_0_01/FedProx-results/test3_comunicacao/MNIST/FedProx__MNIST__Setup-5__Clients-5__Rounds-10__Delay-0_05__Alpha-0_01__Seed-53.txt
alpha-0_01 folder,FedProx,MNIST,0.05,0.01,54,10,5,170.69,1 x NVIDIA A40,AMD EPYC 9354P 32-Core Processor,test3_comunicacao,results/main_campaign_default_alpha_0_01/FedProx-results/test3_comunicacao/MNIST/FedProx__MNIST__Setup-5__Clients-5__Rounds-10__Delay-0_05__Alpha-0_01__Seed-54.txt
alpha-0_01 folder,FedProx,MNIST,0.05,0.01,55,10,5,197.51,1 x NVIDIA A40,AMD EPYC 9354P 32-Core Processor,test3_comunicacao,results/main_campaign_default_alpha_0_01/FedProx-results/test3_comunicacao/MNIST/FedProx__MNIST__Setup-5__Clients-5__Rounds-10__Delay-0_05__Alpha-0_01__Seed-55.txt
alpha-0_01 folder,FedProx,MNIST,0.05,0.01,56,10,5,147.29,1 x NVIDIA A40,AMD EPYC 9354P 32-Core Processor,test3_comunicacao,results/main_campaign_default_alpha_0_01/FedProx-results/test3_comunicacao/MNIST/FedProx__MNIST__Setup-5__Clients-5__Rounds-10__Delay-0_05__Alpha-0_01__Seed-56.txt
alpha-0_01 folder,FedProx,MNIST,0.05,0.01,57,10,5,192.42,1 x NVIDIA A40,AMD EPYC 9354P 32-Core Processor,test3_comunicacao,results/main_campaign_default_alpha_0_01/FedProx-results/test3_comunicacao/MNIST/FedProx__MNIST__Setup-5__Clients-5__Rounds-10__Delay-0_05__Alpha-0_01__Seed-57.txt
alpha-0_01 folder,FedProx,MNIST,0.05,0.01,58,10,5,152.77,1 x NVIDIA A40,AMD EPYC 9354P 32-Core Processor,test3_comunicacao,results/main_campaign_default_alpha_0_01/FedProx-results/test3_comunicacao/MNIST/FedProx__MNIST__Setup-5__Clients-5__Rounds-10__Delay-0_05__Alpha-0_01__Seed-58.txt
alpha-0_01 folder,FedProx,MNIST,0.05,0.01,59,10,5,188.59,1 x NVIDIA A40,AMD EPYC 9354P 32-Core Processor,test3_comunicacao,results/main_campaign_default_alpha_0_01/FedProx-results/test3_comunicacao/MNIST/FedProx__MNIST__Setup-5__Clients-5__Rounds-10__Delay-0_05__Alpha-0_01__Seed-59.txt
alpha-0_01 folder,FedProx,MNIST,0.05,0.01,60,10,5,180.29,1 x NVIDIA A40,AMD EPYC 9354P 32-Core Processor,test3_comunicacao,results/main_campaign_default_alpha_0_01/FedProx-results/test3_comunicacao/MNIST/FedProx__MNIST__Setup-5__Clients-5__Rounds-10__Delay-0_05__Alpha-0_01__Seed-60.txt
alpha-0_01 folder,FedProx,MNIST,0.05,0.01,61,10,5,189.02,1 x NVIDIA A40,AMD EPYC 9354P 32-Core Processor,test3_comunicacao,results/main_campaign_default_alpha_0_01/FedProx-results/test3_comunicacao/MNIST/FedProx__MNIST__Setup-5__Clients-5__Rounds-10__Delay-0_05__Alpha-0_01__Seed-61.txt
alpha-0_01 folder,FedProx,MNIST,0.05,0.01,62,10,5,191.85,1 x NVIDIA A40,AMD EPYC 9354P 32-Core Processor,test3_comunicacao,results/main_campaign_default_alpha_0_01/FedProx-results/test3_comunicacao/MNIST/FedProx__MNIST__Setup-5__Clients-5__Rounds-10__Delay-0_05__Alpha-0_01__Seed-62.txt
alpha-0_01 folder,FedProx,MNIST,0.05,0.01,63,10,5,155.34,1 x NVIDIA A40,AMD EPYC 9354P 32-Core Processor,test3_comunicacao,results/main_campaign_default_alpha_0_01/FedProx-results/test3_comunicacao/MNIST/FedProx__MNIST__Setup-5__Clients-5__Rounds-10__Delay-0_05__Alpha-0_01__Seed-63.txt
alpha-0_01 folder,FedProx,MNIST,0.05,0.01,64,10,5,149.62,1 x NVIDIA A40,AMD EPYC 9354P 32-Core Processor,test3_comunicacao,results/main_campaign_default_alpha_0_01/FedProx-results/test3_comunicacao/MNIST/FedProx__MNIST__Setup-5__Clients-5__Rounds-10__Delay-0_05__Alpha-0_01__Seed-64.txt
alpha-0_01 folder,FedProx,MNIST,0.05,0.01,65,10,5,180.62,1 x NVIDIA A40,AMD EPYC 9354P 32-Core Processor,test3_comunicacao,results/main_campaign_default_alpha_0_01/FedProx-results/test3_comunicacao/MNIST/FedProx__MNIST__Setup-5__Clients-5__Rounds-10__Delay-0_05__Alpha-0_01__Seed-65.txt
alpha-0_01 folder,FedProx,MNIST,0.05,0.01,66,10,5,185.84,1 x NVIDIA A40,AMD EPYC 9354P 32-Core Processor,test3_comunicacao,results/main_campaign_default_alpha_0_01/FedProx-results/test3_comunicacao/MNIST/FedProx__MNIST__Setup-5__Clients-5__Rounds-10__Delay-0_05__Alpha-0_01__Seed-66.txt
alpha-0_01 folder,FedProx,MNIST,0.05,0.01,67,10,5,223.01,1 x NVIDIA A40,AMD EPYC 9354P 32-Core Processor,test3_comunicacao,results/main_campaign_default_alpha_0_01/FedProx-results/test3_comunicacao/MNIST/FedProx__MNIST__Setup-5__Clients-5__Rounds-10__Delay-0_05__Alpha-0_01__Seed-67.txt
alpha-0_01 folder,FedProx,MNIST,0.05,0.01,68,10,5,149.22,1 x NVIDIA A40,AMD EPYC 9354P 32-Core Processor,test3_comunicacao,results/main_campaign_default_alpha_0_01/FedProx-results/test3_comunicacao/MNIST/FedProx__MNIST__Setup-5__Clients-5__Rounds-10__Delay-0_05__Alpha-0_01__Seed-68.txt
alpha-0_01 folder,FedProx,MNIST,0.05,0.01,69,10,5,197.83,1 x NVIDIA A40,AMD EPYC 9354P 32-Core Processor,test3_comunicacao,results/main_campaign_default_alpha_0_01/FedProx-results/test3_comunicacao/MNIST/FedProx__MNIST__Setup-5__Clients-5__Rounds-10__Delay-0_05__Alpha-0_01__Seed-69.txt
alpha-0_01 folder,FedProx,MNIST,0.05,0.01,70,10,5,150.32,1 x NVIDIA A40,AMD EPYC 9354P 32-Core Processor,test3_comunicacao,results/main_campaign_default_alpha_0_01/FedProx-results/test3_comunicacao/MNIST/FedProx__MNIST__Setup-5__Clients-5__Rounds-10__Delay-0_05__Alpha-0_01__Seed-70.txt
alpha-0_01 folder,FedProx,MNIST,0.05,0.01,71,10,5,184.11,1 x NVIDIA A40,AMD EPYC 9354P 32-Core Processor,test3_comunicacao,results/main_campaign_default_alpha_0_01/FedProx-results/test3_comunicacao/MNIST/FedProx__MNIST__Setup-5__Clients-5__Rounds-10__Delay-0_05__Alpha-0_01__Seed-71.txt
alpha-0_01 folder,FedProx,MNIST,0.1,0.01,42,10,5,164.07,1 x NVIDIA A40,AMD EPYC 9354P 32-Core Processor,test3_comunicacao,results/main_campaign_default_alpha_0_01/FedProx-results/test3_comunicacao/MNIST/FedProx__MNIST__Setup-5__Clients-5__Rounds-10__Delay-0_1__Alpha-0_01__Seed-42.txt
alpha-0_01 folder,FedProx,MNIST,0.1,0.01,43,10,5,173.53,1 x NVIDIA A40,AMD EPYC 9354P 32-Core Processor,test3_comunicacao,results/main_campaign_default_alpha_0_01/FedProx-results/test3_comunicacao/MNIST/FedProx__MNIST__Setup-5__Clients-5__Rounds-10__Delay-0_1__Alpha-0_01__Seed-43.txt
alpha-0_01 folder,FedProx,MNIST,0.1,0.01,44,10,5,168.95,1 x NVIDIA A40,AMD EPYC 9354P 32-Core Processor,test3_comunicacao,results/main_campaign_default_alpha_0_01/FedProx-results/test3_comunicacao/MNIST/FedProx__MNIST__Setup-5__Clients-5__Rounds-10__Delay-0_1__Alpha-0_01__Seed-44.txt
alpha-0_01 folder,FedProx,MNIST,0.1,0.01,45,10,5,158.19,1 x NVIDIA A40,AMD EPYC 9354P 32-Core Processor,test3_comunicacao,results/main_campaign_default_alpha_0_01/FedProx-results/test3_comunicacao/MNIST/FedProx__MNIST__Setup-5__Clients-5__Rounds-10__Delay-0_1__Alpha-0_01__Seed-45.txt
alpha-0_01 folder,FedProx,MNIST,0.1,0.01,46,10,5,216.91,1 x NVIDIA A40,AMD EPYC 9354P 32-Core Processor,test3_comunicacao,results/main_campaign_default_alpha_0_01/FedProx-results/test3_comunicacao/MNIST/FedProx__MNIST__Setup-5__Clients-5__Rounds-10__Delay-0_1__Alpha-0_01__Seed-46.txt
alpha-0_01 folder,FedProx,MNIST,0.1,0.01,47,10,5,188.99,1 x NVIDIA A40,AMD EPYC 9354P 32-Core Processor,test3_comunicacao,results/main_campaign_default_alpha_0_01/FedProx-results/test3_comunicacao/MNIST/FedProx__MNIST__Setup-5__Clients-5__Rounds-10__Delay-0_1__Alpha-0_01__Seed-47.txt
alpha-0_01 folder,FedProx,MNIST,0.1,0.01,48,10,5,154.84,1 x NVIDIA A40,AMD EPYC 9354P 32-Core Processor,test3_comunicacao,results/main_campaign_default_alpha_0_01/FedProx-results/test3_comunicacao/MNIST/FedProx__MNIST__Setup-5__Clients-5__Rounds-10__Delay-0_1__Alpha-0_01__Seed-48.txt
alpha-0_01 folder,FedProx,MNIST,0.1,0.01,49,10,5,162.04,1 x NVIDIA A40,AMD EPYC 9354P 32-Core Processor,test3_comunicacao,results/main_campaign_default_alpha_0_01/FedProx-results/test3_comunicacao/MNIST/FedProx__MNIST__Setup-5__Clients-5__Rounds-10__Delay-0_1__Alpha-0_01__Seed-49.txt
alpha-0_01 folder,FedProx,MNIST,0.1,0.01,50,10,5,219.80,1 x NVIDIA A40,AMD EPYC 9354P 32-Core Processor,test3_comunicacao,results/main_campaign_default_alpha_0_01/FedProx-results/test3_comunicacao/MNIST/FedProx__MNIST__Setup-5__Clients-5__Rounds-10__Delay-0_1__Alpha-0_01__Seed-50.txt
alpha-0_01 folder,FedProx,MNIST,0.1,0.01,51,10,5,189.73,1 x NVIDIA A40,AMD EPYC 9354P 32-Core Processor,test3_comunicacao,results/main_campaign_default_alpha_0_01/FedProx-results/test3_comunicacao/MNIST/FedProx__MNIST__Setup-5__Clients-5__Rounds-10__Delay-0_1__Alpha-0_01__Seed-51.txt
alpha-0_01 folder,FedProx,MNIST,0.1,0.01,52,10,5,187.86,1 x NVIDIA A40,AMD EPYC 9354P 32-Core Processor,test3_comunicacao,results/main_campaign_default_alpha_0_01/FedProx-results/test3_comunicacao/MNIST/FedProx__MNIST__Setup-5__Clients-5__Rounds-10__Delay-0_1__Alpha-0_01__Seed-52.txt
alpha-0_01 folder,FedProx,MNIST,0.1,0.01,53,10,5,154.98,1 x NVIDIA A40,AMD EPYC 9354P 32-Core Processor,test3_comunicacao,results/main_campaign_default_alpha_0_01/FedProx-results/test3_comunicacao/MNIST/FedProx__MNIST__Setup-5__Clients-5__Rounds-10__Delay-0_1__Alpha-0_01__Seed-53.txt
alpha-0_01 folder,FedProx,MNIST,0.1,0.01,54,10,5,170.98,1 x NVIDIA A40,AMD EPYC 9354P 32-Core Processor,test3_comunicacao,results/main_campaign_default_alpha_0_01/FedProx-results/test3_comunicacao/MNIST/FedProx__MNIST__Setup-5__Clients-5__Rounds-10__Delay-0_1__Alpha-0_01__Seed-54.txt
alpha-0_01 folder,FedProx,MNIST,0.1,0.01,55,10,5,197.37,1 x NVIDIA A40,AMD EPYC 9354P 32-Core Processor,test3_comunicacao,results/main_campaign_default_alpha_0_01/FedProx-results/test3_comunicacao/MNIST/FedProx__MNIST__Setup-5__Clients-5__Rounds-10__Delay-0_1__Alpha-0_01__Seed-55.txt
alpha-0_01 folder,FedProx,MNIST,0.1,0.01,56,10,5,148.37,1 x NVIDIA A40,AMD EPYC 9354P 32-Core Processor,test3_comunicacao,results/main_campaign_default_alpha_0_01/FedProx-results/test3_comunicacao/MNIST/FedProx__MNIST__Setup-5__Clients-5__Rounds-10__Delay-0_1__Alpha-0_01__Seed-56.txt
alpha-0_01 folder,FedProx,MNIST,0.1,0.01,57,10,5,195.48,1 x NVIDIA A40,AMD EPYC 9354P 32-Core Processor,test3_comunicacao,results/main_campaign_default_alpha_0_01/FedProx-results/test3_comunicacao/MNIST/FedProx__MNIST__Setup-5__Clients-5__Rounds-10__Delay-0_1__Alpha-0_01__Seed-57.txt
alpha-0_01 folder,FedProx,MNIST,0.1,0.01,58,10,5,153.88,1 x NVIDIA A40,AMD EPYC 9354P 32-Core Processor,test3_comunicacao,results/main_campaign_default_alpha_0_01/FedProx-results/test3_comunicacao/MNIST/FedProx__MNIST__Setup-5__Clients-5__Rounds-10__Delay-0_1__Alpha-0_01__Seed-58.txt
alpha-0_01 folder,FedProx,MNIST,0.1,0.01,59,10,5,189.13,1 x NVIDIA A40,AMD EPYC 9354P 32-Core Processor,test3_comunicacao,results/main_campaign_default_alpha_0_01/FedProx-results/test3_comunicacao/MNIST/FedProx__MNIST__Setup-5__Clients-5__Rounds-10__Delay-0_1__Alpha-0_01__Seed-59.txt
alpha-0_01 folder,FedProx,MNIST,0.1,0.01,60,10,5,181.66,1 x NVIDIA A40,AMD EPYC 9354P 32-Core Processor,test3_comunicacao,results/main_campaign_default_alpha_0_01/FedProx-results/test3_comunicacao/MNIST/FedProx__MNIST__Setup-5__Clients-5__Rounds-10__Delay-0_1__Alpha-0_01__Seed-60.txt
alpha-0_01 folder,FedProx,MNIST,0.1,0.01,61,10,5,190.61,1 x NVIDIA A40,AMD EPYC 9354P 32-Core Processor,test3_comunicacao,results/main_campaign_default_alpha_0_01/FedProx-results/test3_comunicacao/MNIST/FedProx__MNIST__Setup-5__Clients-5__Rounds-10__Delay-0_1__Alpha-0_01__Seed-61.txt
alpha-0_01 folder,FedProx,MNIST,0.1,0.01,62,10,5,193.10,1 x NVIDIA A40,AMD EPYC 9354P 32-Core Processor,test3_comunicacao,results/main_campaign_default_alpha_0_01/FedProx-results/test3_comunicacao/MNIST/FedProx__MNIST__Setup-5__Clients-5__Rounds-10__Delay-0_1__Alpha-0_01__Seed-62.txt
alpha-0_01 folder,FedProx,MNIST,0.1,0.01,63,10,5,156.22,1 x NVIDIA A40,AMD EPYC 9354P 32-Core Processor,test3_comunicacao,results/main_campaign_default_alpha_0_01/FedProx-results/test3_comunicacao/MNIST/FedProx__MNIST__Setup-5__Clients-5__Rounds-10__Delay-0_1__Alpha-0_01__Seed-63.txt
alpha-0_01 folder,FedProx,MNIST,0.1,0.01,64,10,5,150.71,1 x NVIDIA A40,AMD EPYC 9354P 32-Core Processor,test3_comunicacao,results/main_campaign_default_alpha_0_01/FedProx-results/test3_comunicacao/MNIST/FedProx__MNIST__Setup-5__Clients-5__Rounds-10__Delay-0_1__Alpha-0_01__Seed-64.txt
alpha-0_01 folder,FedProx,MNIST,0.1,0.01,65,10,5,180.48,1 x NVIDIA A40,AMD EPYC 9354P 32-Core Processor,test3_comunicacao,results/main_campaign_default_alpha_0_01/FedProx-results/test3_comunicacao/MNIST/FedProx__MNIST__Setup-5__Clients-5__Rounds-10__Delay-0_1__Alpha-0_01__Seed-65.txt
alpha-0_01 folder,FedProx,MNIST,0.1,0.01,66,10,5,187.75,1 x NVIDIA A40,AMD EPYC 9354P 32-Core Processor,test3_comunicacao,results/main_campaign_default_alpha_0_01/FedProx-results/test3_comunicacao/MNIST/FedProx__MNIST__Setup-5__Clients-5__Rounds-10__Delay-0_1__Alpha-0_01__Seed-66.txt
alpha-0_01 folder,FedProx,MNIST,0.1,0.01,67,10,5,223.84,1 x NVIDIA A40,AMD EPYC 9354P 32-Core Processor,test3_comunicacao,results/main_campaign_default_alpha_0_01/FedProx-results/test3_comunicacao/MNIST/FedProx__MNIST__Setup-5__Clients-5__Rounds-10__Delay-0_1__Alpha-0_01__Seed-67.txt
alpha-0_01 folder,FedProx,MNIST,0.1,0.01,68,10,5,151.02,1 x NVIDIA A40,AMD EPYC 9354P 32-Core Processor,test3_comunicacao,results/main_campaign_default_alpha_0_01/FedProx-results/test3_comunicacao/MNIST/FedProx__MNIST__Setup-5__Clients-5__Rounds-10__Delay-0_1__Alpha-0_01__Seed-68.txt
alpha-0_01 folder,FedProx,MNIST,0.1,0.01,69,10,5,199.51,1 x NVIDIA A40,AMD EPYC 9354P 32-Core Processor,test3_comunicacao,results/main_campaign_default_alpha_0_01/FedProx-results/test3_comunicacao/MNIST/FedProx__MNIST__Setup-5__Clients-5__Rounds-10__Delay-0_1__Alpha-0_01__Seed-69.txt
alpha-0_01 folder,FedProx,MNIST,0.1,0.01,70,10,5,151.78,1 x NVIDIA A40,AMD EPYC 9354P 32-Core Processor,test3_comunicacao,results/main_campaign_default_alpha_0_01/FedProx-results/test3_comunicacao/MNIST/FedProx__MNIST__Setup-5__Clients-5__Rounds-10__Delay-0_1__Alpha-0_01__Seed-70.txt
alpha-0_01 folder,FedProx,MNIST,0.1,0.01,71,10,5,184.96,1 x NVIDIA A40,AMD EPYC 9354P 32-Core Processor,test3_comunicacao,results/main_campaign_default_alpha_0_01/FedProx-results/test3_comunicacao/MNIST/FedProx__MNIST__Setup-5__Clients-5__Rounds-10__Delay-0_1__Alpha-0_01__Seed-71.txt
alpha-0_01 folder,FedProx,MNIST,0.5,0.01,42,10,5,176.72,1 x NVIDIA A40,AMD EPYC 9354P 32-Core Processor,test3_comunicacao,results/main_campaign_default_alpha_0_01/FedProx-results/test3_comunicacao/MNIST/FedProx__MNIST__Setup-5__Clients-5__Rounds-10__Delay-0_5__Alpha-0_01__Seed-42.txt
alpha-0_01 folder,FedProx,MNIST,0.5,0.01,43,10,5,187.03,1 x NVIDIA A40,AMD EPYC 9354P 32-Core Processor,test3_comunicacao,results/main_campaign_default_alpha_0_01/FedProx-results/test3_comunicacao/MNIST/FedProx__MNIST__Setup-5__Clients-5__Rounds-10__Delay-0_5__Alpha-0_01__Seed-43.txt
alpha-0_01 folder,FedProx,MNIST,0.5,0.01,44,10,5,181.99,1 x NVIDIA A40,AMD EPYC 9354P 32-Core Processor,test3_comunicacao,results/main_campaign_default_alpha_0_01/FedProx-results/test3_comunicacao/MNIST/FedProx__MNIST__Setup-5__Clients-5__Rounds-10__Delay-0_5__Alpha-0_01__Seed-44.txt
alpha-0_01 folder,FedProx,MNIST,0.5,0.01,45,10,5,171.34,1 x NVIDIA A40,AMD EPYC 9354P 32-Core Processor,test3_comunicacao,results/main_campaign_default_alpha_0_01/FedProx-results/test3_comunicacao/MNIST/FedProx__MNIST__Setup-5__Clients-5__Rounds-10__Delay-0_5__Alpha-0_01__Seed-45.txt
alpha-0_01 folder,FedProx,MNIST,0.5,0.01,46,10,5,229.30,1 x NVIDIA A40,AMD EPYC 9354P 32-Core Processor,test3_comunicacao,results/main_campaign_default_alpha_0_01/FedProx-results/test3_comunicacao/MNIST/FedProx__MNIST__Setup-5__Clients-5__Rounds-10__Delay-0_5__Alpha-0_01__Seed-46.txt
alpha-0_01 folder,FedProx,MNIST,0.5,0.01,47,10,5,201.77,1 x NVIDIA A40,AMD EPYC 9354P 32-Core Processor,test3_comunicacao,results/main_campaign_default_alpha_0_01/FedProx-results/test3_comunicacao/MNIST/FedProx__MNIST__Setup-5__Clients-5__Rounds-10__Delay-0_5__Alpha-0_01__Seed-47.txt
alpha-0_01 folder,FedProx,MNIST,0.5,0.01,48,10,5,167.52,1 x NVIDIA A40,AMD EPYC 9354P 32-Core Processor,test3_comunicacao,results/main_campaign_default_alpha_0_01/FedProx-results/test3_comunicacao/MNIST/FedProx__MNIST__Setup-5__Clients-5__Rounds-10__Delay-0_5__Alpha-0_01__Seed-48.txt
alpha-0_01 folder,FedProx,MNIST,0.5,0.01,49,10,5,174.63,1 x NVIDIA A40,AMD EPYC 9354P 32-Core Processor,test3_comunicacao,results/main_campaign_default_alpha_0_01/FedProx-results/test3_comunicacao/MNIST/FedProx__MNIST__Setup-5__Clients-5__Rounds-10__Delay-0_5__Alpha-0_01__Seed-49.txt
alpha-0_01 folder,FedProx,MNIST,0.5,0.01,50,10,5,232.76,1 x NVIDIA A40,AMD EPYC 9354P 32-Core Processor,test3_comunicacao,results/main_campaign_default_alpha_0_01/FedProx-results/test3_comunicacao/MNIST/FedProx__MNIST__Setup-5__Clients-5__Rounds-10__Delay-0_5__Alpha-0_01__Seed-50.txt
alpha-0_01 folder,FedProx,MNIST,0.5,0.01,51,10,5,201.91,1 x NVIDIA A40,AMD EPYC 9354P 32-Core Processor,test3_comunicacao,results/main_campaign_default_alpha_0_01/FedProx-results/test3_comunicacao/MNIST/FedProx__MNIST__Setup-5__Clients-5__Rounds-10__Delay-0_5__Alpha-0_01__Seed-51.txt
alpha-0_01 folder,FedProx,MNIST,0.5,0.01,52,10,5,200.18,1 x NVIDIA A40,AMD EPYC 9354P 32-Core Processor,test3_comunicacao,results/main_campaign_default_alpha_0_01/FedProx-results/test3_comunicacao/MNIST/FedProx__MNIST__Setup-5__Clients-5__Rounds-10__Delay-0_5__Alpha-0_01__Seed-52.txt
alpha-0_01 folder,FedProx,MNIST,0.5,0.01,53,10,5,165.77,1 x NVIDIA A40,AMD EPYC 9354P 32-Core Processor,test3_comunicacao,results/main_campaign_default_alpha_0_01/FedProx-results/test3_comunicacao/MNIST/FedProx__MNIST__Setup-5__Clients-5__Rounds-10__Delay-0_5__Alpha-0_01__Seed-53.txt
alpha-0_01 folder,FedProx,MNIST,0.5,0.01,54,10,5,182.62,1 x NVIDIA A40,AMD EPYC 9354P 32-Core Processor,test3_comunicacao,results/main_campaign_default_alpha_0_01/FedProx-results/test3_comunicacao/MNIST/FedProx__MNIST__Setup-5__Clients-5__Rounds-10__Delay-0_5__Alpha-0_01__Seed-54.txt
alpha-0_01 folder,FedProx,MNIST,0.5,0.01,55,10,5,211.17,1 x NVIDIA A40,AMD EPYC 9354P 32-Core Processor,test3_comunicacao,results/main_campaign_default_alpha_0_01/FedProx-results/test3_comunicacao/MNIST/FedProx__MNIST__Setup-5__Clients-5__Rounds-10__Delay-0_5__Alpha-0_01__Seed-55.txt
alpha-0_01 folder,FedProx,MNIST,0.5,0.01,56,10,5,161.42,1 x NVIDIA A40,AMD EPYC 9354P 32-Core Processor,test3_comunicacao,results/main_campaign_default_alpha_0_01/FedProx-results/test3_comunicacao/MNIST/FedProx__MNIST__Setup-5__Clients-5__Rounds-10__Delay-0_5__Alpha-0_01__Seed-56.txt
alpha-0_01 folder,FedProx,MNIST,0.5,0.01,57,10,5,207.14,1 x NVIDIA A40,AMD EPYC 9354P 32-Core Processor,test3_comunicacao,results/main_campaign_default_alpha_0_01/FedProx-results/test3_comunicacao/MNIST/FedProx__MNIST__Setup-5__Clients-5__Rounds-10__Delay-0_5__Alpha-0_01__Seed-57.txt
alpha-0_01 folder,FedProx,MNIST,0.5,0.01,58,10,5,166.46,1 x NVIDIA A40,AMD EPYC 9354P 32-Core Processor,test3_comunicacao,results/main_campaign_default_alpha_0_01/FedProx-results/test3_comunicacao/MNIST/FedProx__MNIST__Setup-5__Clients-5__Rounds-10__Delay-0_5__Alpha-0_01__Seed-58.txt
alpha-0_01 folder,FedProx,MNIST,0.5,0.01,59,10,5,202.92,1 x NVIDIA A40,AMD EPYC 9354P 32-Core Processor,test3_comunicacao,results/main_campaign_default_alpha_0_01/FedProx-results/test3_comunicacao/MNIST/FedProx__MNIST__Setup-5__Clients-5__Rounds-10__Delay-0_5__Alpha-0_01__Seed-59.txt
alpha-0_01 folder,FedProx,MNIST,0.5,0.01,60,10,5,195.06,1 x NVIDIA A40,AMD EPYC 9354P 32-Core Processor,test3_comunicacao,results/main_campaign_default_alpha_0_01/FedProx-results/test3_comunicacao/MNIST/FedProx__MNIST__Setup-5__Clients-5__Rounds-10__Delay-0_5__Alpha-0_01__Seed-60.txt
alpha-0_01 folder,FedProx,MNIST,0.5,0.01,61,10,5,201.75,1 x NVIDIA A40,AMD EPYC 9354P 32-Core Processor,test3_comunicacao,results/main_campaign_default_alpha_0_01/FedProx-results/test3_comunicacao/MNIST/FedProx__MNIST__Setup-5__Clients-5__Rounds-10__Delay-0_5__Alpha-0_01__Seed-61.txt
alpha-0_01 folder,FedProx,MNIST,0.5,0.01,62,10,5,204.67,1 x NVIDIA A40,AMD EPYC 9354P 32-Core Processor,test3_comunicacao,results/main_campaign_default_alpha_0_01/FedProx-results/test3_comunicacao/MNIST/FedProx__MNIST__Setup-5__Clients-5__Rounds-10__Delay-0_5__Alpha-0_01__Seed-62.txt
alpha-0_01 folder,FedProx,MNIST,0.5,0.01,63,10,5,169.07,1 x NVIDIA A40,AMD EPYC 9354P 32-Core Processor,test3_comunicacao,results/main_campaign_default_alpha_0_01/FedProx-results/test3_comunicacao/MNIST/FedProx__MNIST__Setup-5__Clients-5__Rounds-10__Delay-0_5__Alpha-0_01__Seed-63.txt
alpha-0_01 folder,FedProx,MNIST,0.5,0.01,64,10,5,163.26,1 x NVIDIA A40,AMD EPYC 9354P 32-Core Processor,test3_comunicacao,results/main_campaign_default_alpha_0_01/FedProx-results/test3_comunicacao/MNIST/FedProx__MNIST__Setup-5__Clients-5__Rounds-10__Delay-0_5__Alpha-0_01__Seed-64.txt
alpha-0_01 folder,FedProx,MNIST,0.5,0.01,65,10,5,193.67,1 x NVIDIA A40,AMD EPYC 9354P 32-Core Processor,test3_comunicacao,results/main_campaign_default_alpha_0_01/FedProx-results/test3_comunicacao/MNIST/FedProx__MNIST__Setup-5__Clients-5__Rounds-10__Delay-0_5__Alpha-0_01__Seed-65.txt
alpha-0_01 folder,FedProx,MNIST,0.5,0.01,66,10,5,199.97,1 x NVIDIA A40,AMD EPYC 9354P 32-Core Processor,test3_comunicacao,results/main_campaign_default_alpha_0_01/FedProx-results/test3_comunicacao/MNIST/FedProx__MNIST__Setup-5__Clients-5__Rounds-10__Delay-0_5__Alpha-0_01__Seed-66.txt
alpha-0_01 folder,FedProx,MNIST,0.5,0.01,67,10,5,237.29,1 x NVIDIA A40,AMD EPYC 9354P 32-Core Processor,test3_comunicacao,results/main_campaign_default_alpha_0_01/FedProx-results/test3_comunicacao/MNIST/FedProx__MNIST__Setup-5__Clients-5__Rounds-10__Delay-0_5__Alpha-0_01__Seed-67.txt
alpha-0_01 folder,FedProx,MNIST,0.5,0.01,68,10,5,163.16,1 x NVIDIA A40,AMD EPYC 9354P 32-Core Processor,test3_comunicacao,results/main_campaign_default_alpha_0_01/FedProx-results/test3_comunicacao/MNIST/FedProx__MNIST__Setup-5__Clients-5__Rounds-10__Delay-0_5__Alpha-0_01__Seed-68.txt
alpha-0_01 folder,FedProx,MNIST,0.5,0.01,69,10,5,211.61,1 x NVIDIA A40,AMD EPYC 9354P 32-Core Processor,test3_comunicacao,results/main_campaign_default_alpha_0_01/FedProx-results/test3_comunicacao/MNIST/FedProx__MNIST__Setup-5__Clients-5__Rounds-10__Delay-0_5__Alpha-0_01__Seed-69.txt
alpha-0_01 folder,FedProx,MNIST,0.5,0.01,70,10,5,164.64,1 x NVIDIA A40,AMD EPYC 9354P 32-Core Processor,test3_comunicacao,results/main_campaign_default_alpha_0_01/FedProx-results/test3_comunicacao/MNIST/FedProx__MNIST__Setup-5__Clients-5__Rounds-10__Delay-0_5__Alpha-0_01__Seed-70.txt
alpha-0_01 folder,FedProx,MNIST,0.5,0.01,71,10,5,197.42,1 x NVIDIA A40,AMD EPYC 9354P 32-Core Processor,test3_comunicacao,results/main_campaign_default_alpha_0_01/FedProx-results/test3_comunicacao/MNIST/FedProx__MNIST__Setup-5__Clients-5__Rounds-10__Delay-0_5__Alpha-0_01__Seed-71.txt
